# Created by FreeCAD <http://www.freecad.org>
v 7.500000 -0.000000 0.500000
v 7.500000 0.000000 -1.500000
v 7.497177 0.205755 0.500000
v 7.497177 0.205755 -1.500000
v 7.488710 0.411356 0.500000
v 7.488710 0.411356 -1.500000
v 7.474607 0.616647 0.500000
v 7.474607 0.616647 -1.500000
v 7.454876 0.821473 0.500000
v 7.454876 0.821473 -1.500000
v 7.429534 1.025681 0.500000
v 7.429534 1.025681 -1.500000
v 7.398599 1.229118 0.500000
v 7.398599 1.229118 -1.500000
v 7.362095 1.431629 0.500000
v 7.362095 1.431629 -1.500000
v 7.320048 1.633062 0.500000
v 7.320048 1.633062 -1.500000
v 7.272492 1.833266 0.500000
v 7.272492 1.833266 -1.500000
v 7.219460 2.032089 0.500000
v 7.219460 2.032089 -1.500000
v 7.160995 2.229384 0.500000
v 7.160995 2.229384 -1.500000
v 7.097138 2.425000 0.500000
v 7.097138 2.425000 -1.500000
v 7.027940 2.618790 0.500000
v 7.027940 2.618790 -1.500000
v 6.953451 2.810609 0.500000
v 6.953451 2.810609 -1.500000
v 6.873727 3.000313 0.500000
v 6.873727 3.000313 -1.500000
v 6.788829 3.187758 0.500000
v 6.788829 3.187758 -1.500000
v 6.698821 3.372803 0.500000
v 6.698821 3.372803 -1.500000
v 6.603770 3.555309 0.500000
v 6.603770 3.555309 -1.500000
v 6.503748 3.735139 0.500000
v 6.503748 3.735139 -1.500000
v 6.398830 3.912158 0.500000
v 6.398830 3.912158 -1.500000
v 6.289095 4.086231 0.500000
v 6.289095 4.086231 -1.500000
v 6.174626 4.257228 0.500000
v 6.174626 4.257228 -1.500000
v 6.055509 4.425021 0.500000
v 6.055509 4.425021 -1.500000
v 5.931834 4.589482 0.500000
v 5.931834 4.589482 -1.500000
v 5.803693 4.750489 0.500000
v 5.803693 4.750489 -1.500000
v 5.671184 4.907920 0.500000
v 5.671184 4.907920 -1.500000
v 5.534405 5.061656 0.500000
v 5.534405 5.061656 -1.500000
v 5.393460 5.211582 0.500000
v 5.393460 5.211582 -1.500000
v 5.248455 5.357585 0.500000
v 5.248455 5.357585 -1.500000
v 5.099499 5.499555 0.500000
v 5.099499 5.499555 -1.500000
v 4.946705 5.637385 0.500000
v 4.946705 5.637385 -1.500000
v 4.790187 5.770971 0.500000
v 4.790187 5.770971 -1.500000
v 4.630063 5.900213 0.500000
v 4.630063 5.900213 -1.500000
v 4.466454 6.025014 0.500000
v 4.466454 6.025014 -1.500000
v 4.299482 6.145279 0.500000
v 4.299482 6.145279 -1.500000
v 4.129273 6.260919 0.500000
v 4.129273 6.260919 -1.500000
v 3.955957 6.371845 0.500000
v 3.955957 6.371845 -1.500000
v 3.779663 6.477974 0.500000
v 3.779663 6.477974 -1.500000
v 3.600523 6.579227 0.500000
v 3.600523 6.579227 -1.500000
v 3.418673 6.675528 0.500000
v 3.418673 6.675528 -1.500000
v 3.234249 6.766804 0.500000
v 3.234249 6.766804 -1.500000
v 3.047391 6.852985 0.500000
v 3.047391 6.852985 -1.500000
v 2.858239 6.934008 0.500000
v 2.858239 6.934008 -1.500000
v 2.666935 7.009811 0.500000
v 2.666935 7.009811 -1.500000
v 2.473624 7.080338 0.500000
v 2.473624 7.080338 -1.500000
v 2.278451 7.145535 0.500000
v 2.278451 7.145535 -1.500000
v 2.081562 7.205352 0.500000
v 2.081562 7.205352 -1.500000
v 1.883107 7.259746 0.500000
v 1.883107 7.259746 -1.500000
v 1.683234 7.308674 0.500000
v 1.683234 7.308674 -1.500000
v 1.482094 7.352102 0.500000
v 1.482094 7.352102 -1.500000
v 1.279838 7.389994 0.500000
v 1.279838 7.389994 -1.500000
v 1.076619 7.422324 0.500000
v 1.076619 7.422324 -1.500000
v 0.872589 7.449066 0.500000
v 0.872589 7.449066 -1.500000
v 0.667903 7.470201 0.500000
v 0.667903 7.470201 -1.500000
v 0.462714 7.485713 0.500000
v 0.462714 7.485713 -1.500000
v 0.257176 7.495589 0.500000
v 0.257176 7.495589 -1.500000
v 0.051445 7.499824 0.500000
v 0.051445 7.499824 -1.500000
v -0.154325 7.498412 0.500000
v -0.154325 7.498412 -1.500000
v -0.359979 7.491356 0.500000
v -0.359979 7.491356 -1.500000
v -0.565361 7.478661 0.500000
v -0.565361 7.478661 -1.500000
v -0.770319 7.460336 0.500000
v -0.770319 7.460336 -1.500000
v -0.974696 7.436395 0.500000
v -0.974696 7.436395 -1.500000
v -1.178339 7.406856 0.500000
v -1.178339 7.406856 -1.500000
v -1.381096 7.371742 -1.500000
v -1.381096 7.371742 0.500000
v -1.582813 7.331078 0.500000
v -1.582813 7.331078 -1.500000
v -1.783338 7.284896 -1.500000
v -1.783338 7.284896 0.500000
v -1.982521 7.233230 0.500000
v -1.982521 7.233230 -1.500000
v -2.180212 7.176118 -1.500000
v -2.180212 7.176118 0.500000
v -2.376261 7.113605 0.500000
v -2.376261 7.113605 -1.500000
v -2.570522 7.045738 0.500000
v -2.570522 7.045738 -1.500000
v -2.762847 6.972566 0.500000
v -2.762847 6.972566 -1.500000
v -2.953093 6.894145 0.500000
v -2.953093 6.894145 -1.500000
v -3.141116 6.810535 0.500000
v -3.141116 6.810535 -1.500000
v -3.326774 6.721798 -1.500000
v -3.326774 6.721798 0.500000
v -3.509928 6.628002 0.500000
v -3.509928 6.628002 -1.500000
v -3.690440 6.529215 -1.500000
v -3.690440 6.529215 0.500000
v -3.868174 6.425514 0.500000
v -3.868174 6.425514 -1.500000
v -4.042996 6.316976 0.500000
v -4.042996 6.316976 -1.500000
v -4.214774 6.203682 0.500000
v -4.214774 6.203682 -1.500000
v -4.383380 6.085719 -1.500000
v -4.383380 6.085719 0.500000
v -4.548686 5.963175 -1.500000
v -4.548686 5.963175 0.500000
v -4.710568 5.836142 -1.500000
v -4.710568 5.836142 0.500000
v -4.868904 5.704715 0.500000
v -4.868904 5.704715 -1.500000
v -5.023575 5.568994 0.500000
v -5.023575 5.568994 -1.500000
v -5.174464 5.429081 0.500000
v -5.174464 5.429081 -1.500000
v -5.321458 5.285081 0.500000
v -5.321458 5.285081 -1.500000
v -5.464447 5.137103 0.500000
v -5.464447 5.137103 -1.500000
v -5.603322 4.985257 -1.500000
v -5.603322 4.985257 0.500000
v -5.737978 4.829659 0.500000
v -5.737978 4.829659 -1.500000
v -5.868316 4.670425 -1.500000
v -5.868316 4.670425 0.500000
v -5.994236 4.507676 -1.500000
v -5.994236 4.507676 0.500000
v -6.115643 4.341533 -1.500000
v -6.115643 4.341533 0.500000
v -6.232447 4.172122 0.500000
v -6.232447 4.172122 -1.500000
v -6.344560 3.999571 -1.500000
v -6.344560 3.999571 0.500000
v -6.451896 3.824008 -1.500000
v -6.451896 3.824008 0.500000
v -6.554376 3.645567 0.500000
v -6.554376 3.645567 -1.500000
v -6.651921 3.464382 0.500000
v -6.651921 3.464382 -1.500000
v -6.744460 3.280589 -1.500000
v -6.744460 3.280589 0.500000
v -6.831921 3.094326 0.500000
v -6.831921 3.094326 -1.500000
v -6.914239 2.905735 0.500000
v -6.914239 2.905735 -1.500000
v -6.991353 2.714955 0.500000
v -6.991353 2.714955 -1.500000
v -7.063204 2.522132 -1.500000
v -7.063204 2.522132 0.500000
v -7.129738 2.327411 0.500000
v -7.129738 2.327411 -1.500000
v -7.190905 2.130937 0.500000
v -7.190905 2.130937 -1.500000
v -7.246658 1.932860 0.500000
v -7.246658 1.932860 -1.500000
v -7.296957 1.733327 0.500000
v -7.296957 1.733327 -1.500000
v -7.341763 1.532489 0.500000
v -7.341763 1.532489 -1.500000
v -7.381042 1.330498 -1.500000
v -7.381042 1.330498 0.500000
v -7.414764 1.127506 -1.500000
v -7.414764 1.127506 0.500000
v -7.442905 0.923664 0.500000
v -7.442905 0.923664 -1.500000
v -7.465444 0.719128 0.500000
v -7.465444 0.719128 -1.500000
v -7.482363 0.514050 0.500000
v -7.482363 0.514050 -1.500000
v -7.493649 0.308585 0.500000
v -7.493649 0.308585 -1.500000
v -7.499294 0.102887 0.500000
v -7.499294 0.102887 -1.500000
v -7.499294 -0.102887 -1.500000
v -7.499294 -0.102887 0.500000
v -7.493649 -0.308585 0.500000
v -7.493649 -0.308585 -1.500000
v -7.482363 -0.514050 0.500000
v -7.482363 -0.514050 -1.500000
v -7.465444 -0.719128 0.500000
v -7.465444 -0.719128 -1.500000
v -7.442905 -0.923664 -1.500000
v -7.442905 -0.923664 0.500000
v -7.414764 -1.127506 0.500000
v -7.414764 -1.127506 -1.500000
v -7.381042 -1.330498 0.500000
v -7.381042 -1.330498 -1.500000
v -7.341763 -1.532489 0.500000
v -7.341763 -1.532489 -1.500000
v -7.296957 -1.733327 0.500000
v -7.296957 -1.733327 -1.500000
v -7.246658 -1.932860 0.500000
v -7.246658 -1.932860 -1.500000
v -7.190905 -2.130937 0.500000
v -7.190905 -2.130937 -1.500000
v -7.129738 -2.327411 0.500000
v -7.129738 -2.327411 -1.500000
v -7.063204 -2.522132 -1.500000
v -7.063204 -2.522132 0.500000
v -6.991353 -2.714955 -1.500000
v -6.991353 -2.714955 0.500000
v -6.914239 -2.905735 -1.500000
v -6.914239 -2.905735 0.500000
v -6.831921 -3.094326 -1.500000
v -6.831921 -3.094326 0.500000
v -6.744460 -3.280589 -1.500000
v -6.744460 -3.280589 0.500000
v -6.651921 -3.464382 -1.500000
v -6.651921 -3.464382 0.500000
v -6.554376 -3.645567 0.500000
v -6.554376 -3.645567 -1.500000
v -6.451896 -3.824008 0.500000
v -6.451896 -3.824008 -1.500000
v -6.344560 -3.999571 0.500000
v -6.344560 -3.999571 -1.500000
v -6.232447 -4.172122 0.500000
v -6.232447 -4.172122 -1.500000
v -6.115643 -4.341533 0.500000
v -6.115643 -4.341533 -1.500000
v -5.994236 -4.507676 -1.500000
v -5.994236 -4.507676 0.500000
v -5.868316 -4.670425 0.500000
v -5.868316 -4.670425 -1.500000
v -5.737978 -4.829659 -1.500000
v -5.737978 -4.829659 0.500000
v -5.603322 -4.985257 -1.500000
v -5.603322 -4.985257 0.500000
v -5.464447 -5.137103 -1.500000
v -5.464447 -5.137103 0.500000
v -5.321458 -5.285081 0.500000
v -5.321458 -5.285081 -1.500000
v -5.174464 -5.429081 0.500000
v -5.174464 -5.429081 -1.500000
v -5.023575 -5.568994 -1.500000
v -5.023575 -5.568994 0.500000
v -4.868904 -5.704715 0.500000
v -4.868904 -5.704715 -1.500000
v -4.710568 -5.836142 0.500000
v -4.710568 -5.836142 -1.500000
v -4.548686 -5.963175 0.500000
v -4.548686 -5.963175 -1.500000
v -4.383380 -6.085719 0.500000
v -4.383380 -6.085719 -1.500000
v -4.214774 -6.203682 0.500000
v -4.214774 -6.203682 -1.500000
v -4.042996 -6.316976 0.500000
v -4.042996 -6.316976 -1.500000
v -3.868174 -6.425514 0.500000
v -3.868174 -6.425514 -1.500000
v -3.690440 -6.529215 0.500000
v -3.690440 -6.529215 -1.500000
v -3.509928 -6.628002 0.500000
v -3.509928 -6.628002 -1.500000
v -3.326774 -6.721798 0.500000
v -3.326774 -6.721798 -1.500000
v -3.141116 -6.810535 -1.500000
v -3.141116 -6.810535 0.500000
v -2.953093 -6.894145 -1.500000
v -2.953093 -6.894145 0.500000
v -2.762847 -6.972566 -1.500000
v -2.762847 -6.972566 0.500000
v -2.570522 -7.045738 -1.500000
v -2.570522 -7.045738 0.500000
v -2.376261 -7.113605 0.500000
v -2.376261 -7.113605 -1.500000
v -2.180212 -7.176118 -1.500000
v -2.180212 -7.176118 0.500000
v -1.982521 -7.233230 0.500000
v -1.982521 -7.233230 -1.500000
v -1.783338 -7.284896 -1.500000
v -1.783338 -7.284896 0.500000
v -1.582813 -7.331078 0.500000
v -1.582813 -7.331078 -1.500000
v -1.381096 -7.371742 -1.500000
v -1.381096 -7.371742 0.500000
v -1.178339 -7.406856 -1.500000
v -1.178339 -7.406856 0.500000
v -0.974696 -7.436395 -1.500000
v -0.974696 -7.436395 0.500000
v -0.770319 -7.460336 0.500000
v -0.770319 -7.460336 -1.500000
v -0.565361 -7.478661 -1.500000
v -0.565361 -7.478661 0.500000
v -0.359979 -7.491356 0.500000
v -0.359979 -7.491356 -1.500000
v -0.154325 -7.498412 0.500000
v -0.154325 -7.498412 -1.500000
v 0.051445 -7.499824 -1.500000
v 0.051445 -7.499824 0.500000
v 0.257176 -7.495589 0.500000
v 0.257176 -7.495589 -1.500000
v 0.462714 -7.485713 0.500000
v 0.462714 -7.485713 -1.500000
v 0.667903 -7.470201 -1.500000
v 0.667903 -7.470201 0.500000
v 0.872589 -7.449066 -1.500000
v 0.872589 -7.449066 0.500000
v 1.076619 -7.422324 0.500000
v 1.076619 -7.422324 -1.500000
v 1.279838 -7.389994 -1.500000
v 1.279838 -7.389994 0.500000
v 1.482094 -7.352102 0.500000
v 1.482094 -7.352102 -1.500000
v 1.683234 -7.308674 0.500000
v 1.683234 -7.308674 -1.500000
v 1.883107 -7.259746 -1.500000
v 1.883107 -7.259746 0.500000
v 2.081562 -7.205352 0.500000
v 2.081562 -7.205352 -1.500000
v 2.278451 -7.145535 0.500000
v 2.278451 -7.145535 -1.500000
v 2.473624 -7.080338 -1.500000
v 2.473624 -7.080338 0.500000
v 2.666935 -7.009811 0.500000
v 2.666935 -7.009811 -1.500000
v 2.858239 -6.934008 0.500000
v 2.858239 -6.934008 -1.500000
v 3.047391 -6.852985 0.500000
v 3.047391 -6.852985 -1.500000
v 3.234249 -6.766804 0.500000
v 3.234249 -6.766804 -1.500000
v 3.418673 -6.675528 -1.500000
v 3.418673 -6.675528 0.500000
v 3.600523 -6.579227 -1.500000
v 3.600523 -6.579227 0.500000
v 3.779663 -6.477974 0.500000
v 3.779663 -6.477974 -1.500000
v 3.955957 -6.371845 -1.500000
v 3.955957 -6.371845 0.500000
v 4.129273 -6.260919 -1.500000
v 4.129273 -6.260919 0.500000
v 4.299482 -6.145279 -1.500000
v 4.299482 -6.145279 0.500000
v 4.466454 -6.025014 -1.500000
v 4.466454 -6.025014 0.500000
v 4.630063 -5.900213 -1.500000
v 4.630063 -5.900213 0.500000
v 4.790187 -5.770971 -1.500000
v 4.790187 -5.770971 0.500000
v 4.946705 -5.637385 -1.500000
v 4.946705 -5.637385 0.500000
v 5.099499 -5.499555 -1.500000
v 5.099499 -5.499555 0.500000
v 5.248455 -5.357585 0.500000
v 5.248455 -5.357585 -1.500000
v 5.393460 -5.211582 -1.500000
v 5.393460 -5.211582 0.500000
v 5.534405 -5.061656 -1.500000
v 5.534405 -5.061656 0.500000
v 5.671184 -4.907920 -1.500000
v 5.671184 -4.907920 0.500000
v 5.803693 -4.750489 0.500000
v 5.803693 -4.750489 -1.500000
v 5.931834 -4.589482 0.500000
v 5.931834 -4.589482 -1.500000
v 6.055509 -4.425021 -1.500000
v 6.055509 -4.425021 0.500000
v 6.174626 -4.257228 -1.500000
v 6.174626 -4.257228 0.500000
v 6.289095 -4.086231 -1.500000
v 6.289095 -4.086231 0.500000
v 6.398830 -3.912158 -1.500000
v 6.398830 -3.912158 0.500000
v 6.503748 -3.735139 -1.500000
v 6.503748 -3.735139 0.500000
v 6.603770 -3.555309 0.500000
v 6.603770 -3.555309 -1.500000
v 6.698821 -3.372803 0.500000
v 6.698821 -3.372803 -1.500000
v 6.788829 -3.187758 -1.500000
v 6.788829 -3.187758 0.500000
v 6.873727 -3.000313 -1.500000
v 6.873727 -3.000313 0.500000
v 6.953451 -2.810609 0.500000
v 6.953451 -2.810609 -1.500000
v 7.027940 -2.618790 -1.500000
v 7.027940 -2.618790 0.500000
v 7.097138 -2.425000 0.500000
v 7.097138 -2.425000 -1.500000
v 7.160995 -2.229384 -1.500000
v 7.160995 -2.229384 0.500000
v 7.219460 -2.032089 0.500000
v 7.219460 -2.032089 -1.500000
v 7.272492 -1.833266 -1.500000
v 7.272492 -1.833266 0.500000
v 7.320048 -1.633062 -1.500000
v 7.320048 -1.633062 0.500000
v 7.362095 -1.431629 -1.500000
v 7.362095 -1.431629 0.500000
v 7.398599 -1.229118 0.500000
v 7.398599 -1.229118 -1.500000
v 7.429534 -1.025681 -1.500000
v 7.429534 -1.025681 0.500000
v 7.454876 -0.821473 -1.500000
v 7.454876 -0.821473 0.500000
v 7.474607 -0.616647 -1.500000
v 7.474607 -0.616647 0.500000
v 7.488710 -0.411356 -1.500000
v 7.488710 -0.411356 0.500000
v 7.497177 -0.205755 -1.500000
v 7.497177 -0.205755 0.500000
v -5.355446 -4.507682 -2.000000
v -5.365656 -4.875678 -1.750000
v -5.623907 -4.575387 -1.750000
v -5.091393 -5.161416 -1.750000
v -5.100150 -4.794629 -2.000000
v -4.966694 -4.932742 -2.000000
v -4.829500 -5.067142 -2.000000
v -4.801935 -5.431751 -1.750000
v -4.688670 -5.197728 -2.000000
v -4.544311 -5.324400 -2.000000
v -4.498146 -5.685876 -1.750000
v -4.396530 -5.447065 -2.000000
v -4.245440 -5.565630 -2.000000
v -4.180933 -5.923032 -1.750000
v 7.250000 0.000000 -1.750000
v -4.091155 -5.680005 -2.000000
v -3.933789 -5.790104 -2.000000
v -3.851241 -6.142511 -1.750000
v -3.773463 -5.895844 -2.000000
v -3.610296 -5.997147 -2.000000
v -3.510057 -6.343658 -1.750000
v -3.444411 -6.093934 -2.000000
v -3.275933 -6.186135 -2.000000
v -3.158397 -6.525874 -1.750000
v -3.104989 -6.273678 -2.000000
v -2.931708 -6.356500 -2.000000
v 7.000000 0.000000 -2.000000
v 6.997365 0.192038 -2.000000
v -2.797311 -6.688613 -1.750000
v -2.756220 -6.434536 -2.000000
v -2.578658 -6.507728 -2.000000
v -2.427877 -6.831392 -1.750000
v -2.399154 -6.576022 -2.000000
v -2.217844 -6.639365 -2.000000
v -2.051197 -6.953783 -1.750000
v -2.034864 -6.697711 -2.000000
v -1.850353 -6.751014 -2.000000
v -1.668396 -7.055420 -1.750000
v -1.664449 -6.799236 -2.000000
v -1.477292 -6.842340 -2.000000
v -1.280615 -7.136002 -1.750000
v -1.289023 -6.880292 -2.000000
v -1.099783 -6.913065 -2.000000
v -0.889013 -7.195287 -1.750000
v -0.909716 -6.940635 -2.000000
v -0.718964 -6.962980 -2.000000
v -0.494758 -7.233099 -1.750000
v -0.527671 -6.980083 -2.000000
v -0.335980 -6.991932 -2.000000
v -0.144037 -6.998518 -2.000000
v -0.099025 -7.249324 -1.750000
v 0.048015 -6.999835 -2.000000
v 0.240031 -6.995883 -2.000000
v 0.297002 -7.243914 -1.750000
v 0.431866 -6.986665 -2.000000
v 0.623376 -6.972188 -2.000000
v 0.692143 -7.216886 -1.750000
v 0.814417 -6.952462 -2.000000
v 1.004844 -6.927502 -2.000000
v 1.085219 -7.168319 -1.750000
v 1.194516 -6.897328 -2.000000
v 1.383288 -6.861961 -2.000000
v 1.475056 -7.098360 -1.750000
v 1.571018 -6.821430 -2.000000
v 1.860491 -7.007216 -1.750000
v 1.757566 -6.775763 -2.000000
v 1.942792 -6.724995 -2.000000
v 2.126554 -6.669166 -2.000000
v 2.240373 -6.895160 -1.750000
v 2.308716 -6.608315 -2.000000
v 2.489140 -6.542490 -2.000000
v 2.613569 -6.762526 -1.750000
v 2.667690 -6.471741 -2.000000
v 2.844232 -6.396120 -2.000000
v 2.978966 -6.609710 -1.750000
v 3.018633 -6.315683 -2.000000
v 3.190761 -6.230493 -2.000000
v 3.335472 -6.437168 -1.750000
v 3.360488 -6.140612 -2.000000
v 3.682023 -6.245415 -1.750000
v 3.527685 -6.046109 -2.000000
v 3.692227 -5.947055 -2.000000
v 3.853989 -5.843524 -2.000000
v 4.017586 -6.035023 -1.750000
v 4.012850 -5.735594 -2.000000
v 4.168690 -5.623346 -2.000000
v 4.341159 -5.806621 -1.750000
v 4.321392 -5.506866 -2.000000
v 4.651776 -5.560888 -1.750000
v 4.470841 -5.386240 -2.000000
v 4.616925 -5.261559 -2.000000
v 4.948510 -5.298561 -1.750000
v 4.759533 -5.132918 -2.000000
v 4.898558 -5.000413 -2.000000
v 5.230476 -5.020420 -1.750000
v 5.033896 -4.864143 -2.000000
v 5.165444 -4.724213 -2.000000
v 5.496833 -4.727296 -1.750000
v 5.293105 -4.580725 -2.000000
v 5.416780 -4.433790 -2.000000
v 5.746784 -4.420064 -1.750000
v 5.536378 -4.283517 -2.000000
v 5.651809 -4.130020 -2.000000
v 5.979585 -4.099642 -1.750000
v 5.762984 -3.973413 -2.000000
v 5.869822 -3.813815 -2.000000
v 6.194541 -3.766984 -1.750000
v 5.972241 -3.651347 -2.000000
v 6.070165 -3.486130 -2.000000
v 6.391009 -3.423084 -1.750000
v 6.163518 -3.318289 -2.000000
v 6.252233 -3.147949 -2.000000
v 6.568405 -3.068968 -1.750000
v 6.336240 -2.975240 -2.000000
v 6.415479 -2.800292 -2.000000
v 6.726197 -2.705693 -1.750000
v 6.489887 -2.623235 -2.000000
v 6.559411 -2.444204 -2.000000
v 6.863916 -2.334343 -1.750000
v 6.623996 -2.263333 -2.000000
v 6.683595 -2.080758 -2.000000
v 6.981150 -1.956027 -1.750000
v 6.738163 -1.896617 -2.000000
v 6.787659 -1.711048 -2.000000
v 7.077550 -1.571873 -1.750000
v 6.832045 -1.524191 -2.000000
v 6.871288 -1.336187 -2.000000
v 7.152828 -1.183028 -1.750000
v 6.905359 -1.147177 -2.000000
v 6.934232 -0.957303 -2.000000
v 7.206758 -0.790652 -1.750000
v 6.957885 -0.766708 -2.000000
v 6.976300 -0.575537 -2.000000
v 7.239182 -0.395917 -1.750000
v 6.989463 -0.383932 -2.000000
v 6.997365 -0.192038 -2.000000
v 7.239182 0.395917 -1.750000
v 6.989463 0.383932 -2.000000
v 6.976300 0.575537 -2.000000
v 7.206758 0.790652 -1.750000
v 6.957885 0.766708 -2.000000
v 6.934232 0.957303 -2.000000
v 7.152828 1.183028 -1.750000
v 6.905359 1.147177 -2.000000
v 6.871288 1.336187 -2.000000
v 7.077550 1.571873 -1.750000
v 6.832045 1.524191 -2.000000
v 6.787659 1.711048 -2.000000
v 6.981150 1.956027 -1.750000
v 6.738163 1.896617 -2.000000
v 6.683595 2.080758 -2.000000
v 6.863916 2.334343 -1.750000
v 6.623996 2.263333 -2.000000
v 6.559411 2.444204 -2.000000
v 6.726197 2.705693 -1.750000
v 6.489887 2.623235 -2.000000
v 6.415479 2.800292 -2.000000
v 6.568405 3.068968 -1.750000
v 6.336240 2.975240 -2.000000
v 6.252233 3.147949 -2.000000
v 6.391009 3.423084 -1.750000
v 6.163518 3.318289 -2.000000
v 6.070165 3.486130 -2.000000
v 6.194541 3.766984 -1.750000
v 5.972241 3.651347 -2.000000
v 5.869822 3.813815 -2.000000
v 5.979585 4.099642 -1.750000
v 5.762984 3.973413 -2.000000
v 5.651809 4.130020 -2.000000
v 5.746784 4.420064 -1.750000
v 5.536378 4.283517 -2.000000
v 5.416780 4.433790 -2.000000
v 5.496833 4.727296 -1.750000
v 5.293105 4.580725 -2.000000
v 5.165444 4.724213 -2.000000
v 5.230476 5.020420 -1.750000
v 5.033896 4.864143 -2.000000
v 4.898558 5.000413 -2.000000
v 4.948510 5.298561 -1.750000
v 4.759533 5.132918 -2.000000
v 4.616925 5.261559 -2.000000
v 4.651776 5.560888 -1.750000
v 4.470841 5.386240 -2.000000
v 4.321392 5.506866 -2.000000
v 4.341159 5.806621 -1.750000
v 4.168690 5.623346 -2.000000
v 4.012850 5.735594 -2.000000
v 4.017586 6.035023 -1.750000
v 3.853989 5.843524 -2.000000
v 3.692227 5.947055 -2.000000
v 3.682023 6.245415 -1.750000
v 3.527685 6.046109 -2.000000
v 3.360488 6.140612 -2.000000
v 3.335472 6.437168 -1.750000
v 3.190761 6.230493 -2.000000
v 3.018633 6.315683 -2.000000
v 2.978966 6.609710 -1.750000
v 2.844232 6.396120 -2.000000
v 2.667690 6.471741 -2.000000
v 2.613569 6.762526 -1.750000
v 2.489140 6.542490 -2.000000
v 2.308716 6.608315 -2.000000
v 2.240373 6.895160 -1.750000
v 2.126554 6.669166 -2.000000
v 1.942792 6.724995 -2.000000
v 1.860491 7.007216 -1.750000
v 1.757566 6.775763 -2.000000
v 1.571018 6.821430 -2.000000
v 1.475056 7.098360 -1.750000
v 1.383288 6.861961 -2.000000
v 1.194516 6.897328 -2.000000
v 1.085219 7.168319 -1.750000
v 1.004844 6.927502 -2.000000
v 0.814417 6.952462 -2.000000
v 0.692143 7.216886 -1.750000
v 0.623376 6.972188 -2.000000
v 0.431866 6.986665 -2.000000
v 0.297002 7.243914 -1.750000
v 0.240031 6.995883 -2.000000
v 0.048015 6.999835 -2.000000
v -0.099025 7.249324 -1.750000
v -0.144037 6.998518 -2.000000
v -0.335980 6.991932 -2.000000
v -0.494758 7.233099 -1.750000
v -0.527671 6.980083 -2.000000
v -0.718964 6.962980 -2.000000
v -0.889013 7.195287 -1.750000
v -0.909716 6.940635 -2.000000
v -1.099783 6.913065 -2.000000
v -1.280615 7.136002 -1.750000
v -1.289023 6.880292 -2.000000
v -1.477292 6.842340 -2.000000
v -1.668396 7.055420 -1.750000
v -1.664449 6.799236 -2.000000
v -1.850353 6.751014 -2.000000
v -2.051197 6.953783 -1.750000
v -2.034864 6.697711 -2.000000
v -2.217844 6.639365 -2.000000
v -2.399154 6.576022 -2.000000
v -2.427877 6.831392 -1.750000
v -2.578658 6.507728 -2.000000
v -2.756220 6.434536 -2.000000
v -2.797311 6.688613 -1.750000
v -2.931708 6.356500 -2.000000
v -3.104989 6.273678 -2.000000
v -3.158397 6.525874 -1.750000
v -3.275933 6.186135 -2.000000
v -3.444411 6.093934 -2.000000
v -3.510057 6.343658 -1.750000
v -3.610296 5.997147 -2.000000
v -3.851241 6.142511 -1.750000
v -3.773463 5.895844 -2.000000
v -3.933789 5.790104 -2.000000
v -4.091155 5.680005 -2.000000
v -4.180933 5.923032 -1.750000
v -4.245440 5.565630 -2.000000
v -4.396530 5.447065 -2.000000
v -4.498146 5.685876 -1.750000
v -4.544311 5.324400 -2.000000
v -4.801935 5.431751 -1.750000
v -4.688670 5.197728 -2.000000
v -4.829500 5.067142 -2.000000
v -5.091393 5.161416 -1.750000
v -4.966694 4.932742 -2.000000
v -5.100150 4.794629 -2.000000
v -5.229766 4.652907 -2.000000
v -5.365656 4.875678 -1.750000
v -5.355446 4.507682 -2.000000
v -5.477095 4.359064 -2.000000
v -5.623907 4.575387 -1.750000
v -5.594620 4.207164 -2.000000
v -5.865373 4.261443 -1.750000
v -5.707933 4.052097 -2.000000
v -5.816951 3.893981 -2.000000
v -5.921589 3.732933 -2.000000
v -6.089335 3.934781 -1.750000
v -6.021770 3.569074 -2.000000
v -6.117417 3.402529 -2.000000
v -6.295124 3.596375 -1.750000
v -6.208460 3.233423 -2.000000
v -6.482125 3.247237 -1.750000
v -6.294829 3.061883 -2.000000
v -6.376460 2.888038 -2.000000
v -6.649782 2.888408 -1.750000
v -6.453290 2.712019 -2.000000
v -6.525263 2.533958 -2.000000
v -6.797593 2.520958 -1.750000
v -6.592324 2.353990 -2.000000
v -6.654422 2.172250 -2.000000
v -6.925117 2.145985 -1.750000
v -6.711511 1.988875 -2.000000
v -6.763547 1.804002 -2.000000
v -7.031974 1.764608 -1.750000
v -6.810493 1.617772 -2.000000
v -6.852312 1.430323 -2.000000
v -7.117845 1.377964 -1.750000
v -6.888972 1.241798 -2.000000
v -6.920447 1.052339 -2.000000
v -7.182473 0.987208 -1.750000
v -6.946712 0.862087 -2.000000
v -6.967748 0.671186 -2.000000
v -7.225666 0.593506 -1.750000
v -6.983539 0.479780 -2.000000
v -6.994072 0.288012 -2.000000
v -7.247295 0.198032 -1.750000
v -6.999341 0.096028 -2.000000
v -7.247295 -0.198032 -1.750000
v -6.999341 -0.096028 -2.000000
v -6.994072 -0.288012 -2.000000
v -7.225666 -0.593506 -1.750000
v -6.983539 -0.479780 -2.000000
v -6.967748 -0.671186 -2.000000
v -7.182473 -0.987208 -1.750000
v -6.946712 -0.862087 -2.000000
v -6.920447 -1.052339 -2.000000
v -7.117845 -1.377964 -1.750000
v -6.888972 -1.241798 -2.000000
v -6.852312 -1.430323 -2.000000
v -7.031974 -1.764608 -1.750000
v -6.810493 -1.617772 -2.000000
v -6.763547 -1.804002 -2.000000
v -6.925117 -2.145985 -1.750000
v -6.711511 -1.988875 -2.000000
v -6.654422 -2.172250 -2.000000
v -6.797593 -2.520958 -1.750000
v -6.592324 -2.353990 -2.000000
v -6.525263 -2.533958 -2.000000
v -6.649782 -2.888408 -1.750000
v -6.453290 -2.712019 -2.000000
v -6.376460 -2.888038 -2.000000
v -6.482125 -3.247237 -1.750000
v -6.294829 -3.061883 -2.000000
v -6.208460 -3.233423 -2.000000
v -6.295124 -3.596375 -1.750000
v -6.117417 -3.402529 -2.000000
v -6.021770 -3.569074 -2.000000
v -6.089335 -3.934781 -1.750000
v -5.921589 -3.732933 -2.000000
v -5.816951 -3.893981 -2.000000
v -5.865373 -4.261443 -1.750000
v -5.707933 -4.052097 -2.000000
v -5.594620 -4.207164 -2.000000
v -5.477095 -4.359064 -2.000000
v -5.229766 -4.652907 -2.000000
v -6.921632 -6.506997 0.500000
v -6.740514 -6.694436 0.500000
v -6.554321 -6.876836 0.500000
v -7.097540 -6.314659 0.500000
v -6.363195 -7.054059 0.500000
v -7.268106 -6.117568 0.500000
v -6.167279 -7.225972 0.500000
v -7.433200 -5.915872 0.500000
v -5.966720 -7.392446 0.500000
v -7.592698 -5.709723 0.500000
v -5.761669 -7.553355 0.500000
v -7.746481 -5.499275 0.500000
v -5.552281 -7.708578 0.500000
v -7.894433 -5.284688 0.500000
v -5.338714 -7.857998 0.500000
v -8.036442 -5.066123 0.500000
v -5.121128 -8.001503 0.500000
v -8.172401 -4.843744 0.500000
v -4.899687 -8.138985 0.500000
v -8.302209 -4.617719 0.500000
v -4.674557 -8.270339 0.500000
v -8.425767 -4.388217 0.500000
v -4.445909 -8.395469 0.500000
v -8.542982 -4.155413 0.500000
v -4.213914 -8.514277 0.500000
v -8.653767 -3.919480 0.500000
v -3.978747 -8.626678 0.500000
v -8.758037 -3.680597 0.500000
v -3.740585 -8.732584 0.500000
v -8.855714 -3.438943 0.500000
v -3.499607 -8.831917 0.500000
v -8.946725 -3.194701 0.500000
v -3.255994 -8.924601 0.500000
v -9.031001 -2.948054 0.500000
v -3.009931 -9.010567 0.500000
v -9.108479 -2.699187 0.500000
v -2.761601 -9.089750 0.500000
v -9.179100 -2.448289 0.500000
v -2.511194 -9.162090 0.500000
v -9.242812 -2.195547 0.500000
v -2.258895 -9.227534 0.500000
v -9.299566 -1.941153 0.500000
v -2.004896 -9.286032 0.500000
v -9.349319 -1.685298 0.500000
v -1.749388 -9.337540 0.500000
v -9.392035 -1.428174 0.500000
v -1.492563 -9.382018 0.500000
v -9.427680 -1.169975 0.500000
v -1.234615 -9.419434 0.500000
v -0.975737 -9.449759 0.500000
v -9.477659 -0.651129 0.500000
v -9.456229 -0.910895 0.500000
v -0.716124 -9.472970 0.500000
v -0.455973 -9.489051 0.500000
v -9.499106 -0.130324 0.500000
v -9.491956 -0.390874 0.500000
v -0.195478 -9.497989 0.500000
v -9.499106 0.130324 0.500000
v 0.065164 -9.499777 0.500000
v -9.491956 0.390874 0.500000
v 0.325756 -9.494413 0.500000
v -9.477659 0.651129 0.500000
v 0.586104 -9.481903 0.500000
v -9.456229 0.910895 0.500000
v 0.846010 -9.462255 0.500000
v 1.105280 -9.435484 0.500000
v -9.392035 1.428174 0.500000
v -9.427680 1.169975 0.500000
v 1.363717 -9.401610 0.500000
v -9.349319 1.685298 0.500000
v 1.621128 -9.360660 0.500000
v -9.299566 1.941153 0.500000
v 1.877319 -9.312662 0.500000
v -9.242812 2.195547 0.500000
v 2.132096 -9.257654 0.500000
v 2.385269 -9.195678 0.500000
v -9.108479 2.699187 0.500000
v -9.179100 2.448289 0.500000
v 2.636646 -9.126780 0.500000
v -9.031001 2.948054 0.500000
v 2.886038 -9.051010 0.500000
v -8.946725 3.194701 0.500000
v 3.133257 -8.968428 0.500000
v 3.378118 -8.879094 0.500000
v -8.855714 3.438943 0.500000
v 3.620436 -8.783077 0.500000
v -8.758037 3.680597 0.500000
v -8.653767 3.919480 0.500000
v 3.860029 -8.680448 0.500000
v -8.542982 4.155413 0.500000
v 4.096716 -8.571284 0.500000
v -8.425767 4.388217 0.500000
v 4.330319 -8.455668 0.500000
v -8.302209 4.617719 0.500000
v 4.560662 -8.333688 0.500000
v 4.787573 -8.205434 0.500000
v -8.172401 4.843744 0.500000
v 5.010879 -8.071003 0.500000
v -8.036442 5.066123 0.500000
v 5.230413 -7.930497 0.500000
v -7.894433 5.284688 0.500000
v 5.446010 -7.784020 0.500000
v -7.592698 5.709723 0.500000
v -7.746481 5.499275 0.500000
v 5.657507 -7.631684 0.500000
v -7.433200 5.915872 0.500000
v 5.864746 -7.473604 0.500000
v 6.067570 -7.309897 0.500000
v -7.268106 6.117568 0.500000
v 6.265826 -7.140687 0.500000
v -7.097540 6.314659 0.500000
v 6.459366 -6.966103 0.500000
v -6.921632 6.506997 0.500000
v 6.648043 -6.786274 0.500000
v -6.740514 6.694436 0.500000
v 6.831716 -6.601337 0.500000
v -6.554321 6.876836 0.500000
v 7.010246 -6.411431 0.500000
v -6.363195 7.054059 0.500000
v 7.183499 -6.216699 0.500000
v -6.167279 7.225972 0.500000
v 7.351345 -6.017286 0.500000
v -5.966720 7.392446 0.500000
v 7.513656 -5.813344 0.500000
v -5.761669 7.553355 0.500000
v 7.670311 -5.605026 0.500000
v -5.552281 7.708578 0.500000
v 7.821193 -5.392489 0.500000
v -5.338714 7.857998 0.500000
v 7.966187 -5.175892 0.500000
v -5.121128 8.001503 0.500000
v 8.105185 -4.955400 0.500000
v -4.899687 8.138985 0.500000
v 8.238080 -4.731176 0.500000
v -4.674557 8.270339 0.500000
v 8.364775 -4.503392 0.500000
v -4.445909 8.395469 0.500000
v 8.485173 -4.272217 0.500000
v -4.213914 8.514277 0.500000
v 8.599183 -4.037827 0.500000
v -3.978747 8.626678 0.500000
v 8.706721 -3.800396 0.500000
v -3.740585 8.732584 0.500000
v 8.807704 -3.560105 0.500000
v -3.499607 8.831917 0.500000
v 8.902057 -3.317134 0.500000
v -3.255994 8.924601 0.500000
v 8.989709 -3.071666 0.500000
v -3.009931 9.010567 0.500000
v 9.070594 -2.823886 0.500000
v -2.761601 9.089750 0.500000
v 9.144650 -2.573980 0.500000
v -2.511194 9.162090 0.500000
v 9.211823 -2.322137 0.500000
v -2.258895 9.227534 0.500000
v 9.272061 -2.068545 0.500000
v -2.004896 9.286032 0.500000
v 9.325320 -1.813396 0.500000
v -1.749388 9.337540 0.500000
v 9.371559 -1.556882 0.500000
v -1.492563 9.382018 0.500000
v 9.410743 -1.299197 0.500000
v -1.234615 9.419434 0.500000
v 9.442843 -1.040533 0.500000
v -0.975737 9.449759 0.500000
v 9.467835 -0.781086 0.500000
v -0.716124 9.472970 0.500000
v 9.485700 -0.521051 0.500000
v -0.455973 9.489051 0.500000
v 9.496425 -0.260623 0.500000
v -0.195478 9.497989 0.500000
v 9.500000 -0.000000 0.500000
v 0.065164 9.499777 0.500000
v 9.496425 0.260623 0.500000
v 0.325756 9.494413 0.500000
v 9.485700 0.521051 0.500000
v 0.586104 9.481903 0.500000
v 9.467835 0.781086 0.500000
v 0.846010 9.462255 0.500000
v 9.442843 1.040533 0.500000
v 1.105280 9.435484 0.500000
v 9.410743 1.299197 0.500000
v 1.363717 9.401610 0.500000
v 9.371559 1.556882 0.500000
v 1.621128 9.360660 0.500000
v 9.325320 1.813396 0.500000
v 1.877319 9.312662 0.500000
v 9.272061 2.068545 0.500000
v 2.132096 9.257654 0.500000
v 9.211823 2.322137 0.500000
v 2.385269 9.195678 0.500000
v 9.144650 2.573980 0.500000
v 2.636646 9.126780 0.500000
v 9.070594 2.823886 0.500000
v 2.886038 9.051010 0.500000
v 8.989709 3.071666 0.500000
v 3.133257 8.968428 0.500000
v 8.902057 3.317134 0.500000
v 3.378118 8.879094 0.500000
v 8.807704 3.560105 0.500000
v 3.620436 8.783077 0.500000
v 8.706721 3.800396 0.500000
v 3.860029 8.680448 0.500000
v 8.599183 4.037827 0.500000
v 4.096716 8.571284 0.500000
v 8.485173 4.272217 0.500000
v 4.330319 8.455668 0.500000
v 8.364775 4.503392 0.500000
v 4.560662 8.333688 0.500000
v 8.238080 4.731176 0.500000
v 4.787573 8.205434 0.500000
v 8.105185 4.955400 0.500000
v 5.010879 8.071003 0.500000
v 7.966187 5.175892 0.500000
v 5.230413 7.930497 0.500000
v 7.821193 5.392489 0.500000
v 5.446010 7.784020 0.500000
v 7.670311 5.605026 0.500000
v 5.657507 7.631684 0.500000
v 7.513656 5.813344 0.500000
v 5.864746 7.473604 0.500000
v 7.351345 6.017286 0.500000
v 6.067570 7.309897 0.500000
v 7.183499 6.216699 0.500000
v 6.265826 7.140687 0.500000
v 7.010246 6.411431 0.500000
v 6.459366 6.966103 0.500000
v 6.831716 6.601337 0.500000
v 6.648043 6.786274 0.500000
v -4.252357 -4.232903 -2.000000
v -4.134457 -4.348134 -2.000000
v -4.367046 -4.114476 -2.000000
v -4.013436 -4.460082 -2.000000
v -4.478438 -3.992943 -2.000000
v -3.889385 -4.568663 -2.000000
v -4.586450 -3.868395 -2.000000
v -3.762398 -4.673795 -2.000000
v -4.690999 -3.740927 -2.000000
v -3.632570 -4.775399 -2.000000
v -4.792006 -3.610635 -2.000000
v -3.500000 -4.873397 -2.000000
v -4.889395 -3.477617 -2.000000
v -4.983093 -3.341973 -2.000000
v -5.073029 -3.203806 -2.000000
v -5.159135 -3.063221 -2.000000
v -5.241347 -2.920323 -2.000000
v -5.319601 -2.775220 -2.000000
v -5.393839 -2.628022 -2.000000
v -2.500000 -5.454356 -2.000000
v -5.464005 -2.478840 -2.000000
v -2.353815 -5.519017 -2.000000
v -5.530046 -2.327787 -2.000000
v -2.205960 -5.579762 -2.000000
v -5.591912 -2.174976 -2.000000
v -2.056539 -5.636546 -2.000000
v -5.649556 -2.020523 -2.000000
v -1.905658 -5.689329 -2.000000
v -5.702935 -1.864545 -2.000000
v -1.753425 -5.738075 -2.000000
v -5.752009 -1.707159 -2.000000
v -1.599948 -5.782747 -2.000000
v -5.796740 -1.548485 -2.000000
v -1.445334 -5.823316 -2.000000
v -5.837095 -1.388641 -2.000000
v -1.289695 -5.859751 -2.000000
v -5.873043 -1.227749 -2.000000
v -1.133141 -5.892028 -2.000000
v -5.904557 -1.065930 -2.000000
v -0.975782 -5.920122 -2.000000
v -5.931613 -0.903306 -2.000000
v -0.817731 -5.944015 -2.000000
v -5.954192 -0.740000 -2.000000
v -0.659099 -5.963689 -2.000000
v -5.972275 -0.576136 -2.000000
v -0.500000 -5.979130 -2.000000
v -5.985849 -0.411837 -2.000000
v -5.994905 -0.247226 -2.000000
v -5.999434 -0.082430 -2.000000
v -5.999434 0.082430 -2.000000
v -5.994905 0.247226 -2.000000
v -5.985849 0.411837 -2.000000
v 0.500000 -5.979130 -2.000000
v -5.972275 0.576136 -2.000000
v 0.659099 -5.963689 -2.000000
v -5.954192 0.740000 -2.000000
v 0.817731 -5.944015 -2.000000
v -5.931613 0.903306 -2.000000
v 0.975782 -5.920122 -2.000000
v -5.904557 1.065930 -2.000000
v 1.133141 -5.892028 -2.000000
v -5.873043 1.227749 -2.000000
v 1.289695 -5.859751 -2.000000
v -5.837095 1.388641 -2.000000
v 1.445334 -5.823316 -2.000000
v -5.796740 1.548485 -2.000000
v 1.599948 -5.782747 -2.000000
v -5.752009 1.707159 -2.000000
v 1.753425 -5.738075 -2.000000
v -5.702935 1.864545 -2.000000
v 1.905658 -5.689329 -2.000000
v -5.649556 2.020523 -2.000000
v 2.056539 -5.636546 -2.000000
v -5.591912 2.174976 -2.000000
v 2.205960 -5.579762 -2.000000
v -5.530046 2.327787 -2.000000
v 2.353815 -5.519017 -2.000000
v -5.464005 2.478840 -2.000000
v 2.500000 -5.454356 -2.000000
v -5.393839 2.628022 -2.000000
v -5.319601 2.775220 -2.000000
v -5.241347 2.920323 -2.000000
v -5.159135 3.063221 -2.000000
v -5.073029 3.203806 -2.000000
v -4.983093 3.341973 -2.000000
v -4.889395 3.477617 -2.000000
v 3.500000 -4.873397 -2.000000
v -4.792006 3.610635 -2.000000
v 3.630695 -4.776824 -2.000000
v -4.690999 3.740927 -2.000000
v 3.758728 -4.676747 -2.000000
v -4.586450 3.868395 -2.000000
v 3.884002 -4.573240 -2.000000
v -4.478438 3.992943 -2.000000
v 4.006428 -4.466378 -2.000000
v -4.367046 4.114476 -2.000000
v 4.125915 -4.356240 -2.000000
v -4.252357 4.232903 -2.000000
v 4.242375 -4.242906 -2.000000
v 4.355724 -4.126460 -2.000000
v -4.134457 4.348134 -2.000000
v 4.465878 -4.006986 -2.000000
v -4.013436 4.460082 -2.000000
v 4.572755 -3.884574 -2.000000
v -3.889385 4.568663 -2.000000
v 4.676278 -3.759312 -2.000000
v -3.762398 4.673795 -2.000000
v 4.776371 -3.631292 -2.000000
v -3.632570 4.775399 -2.000000
v 4.872960 -3.500609 -2.000000
v -3.500000 4.873397 -2.000000
v 4.965974 -3.367358 -2.000000
v 5.055346 -3.231637 -2.000000
v 5.141010 -3.093545 -2.000000
v 5.222902 -2.953184 -2.000000
v 5.300963 -2.810656 -2.000000
v -2.500000 5.454356 -2.000000
v 5.375136 -2.666067 -2.000000
v 5.445366 -2.519522 -2.000000
v 5.511601 -2.371129 -2.000000
v -2.353815 5.519017 -2.000000
v 5.573793 -2.220997 -2.000000
v -2.205960 5.579762 -2.000000
v 5.631897 -2.069236 -2.000000
v -2.056539 5.636546 -2.000000
v -1.905658 5.689329 -2.000000
v 5.685870 -1.915956 -2.000000
v -1.753425 5.738075 -2.000000
v 5.735671 -1.761271 -2.000000
v -1.599948 5.782747 -2.000000
v 5.781265 -1.605295 -2.000000
v -1.445334 5.823316 -2.000000
v 5.822619 -1.448140 -2.000000
v -1.289695 5.859751 -2.000000
v 5.859701 -1.289924 -2.000000
v -1.133141 5.892028 -2.000000
v 5.892485 -1.130761 -2.000000
v -0.975782 5.920122 -2.000000
v 5.920947 -0.970769 -2.000000
v -0.817731 5.944015 -2.000000
v 5.945065 -0.810064 -2.000000
v -0.659099 5.963689 -2.000000
v 5.964822 -0.648766 -2.000000
v -0.500000 5.979130 -2.000000
v 5.980204 -0.486991 -2.000000
v 5.991199 -0.324859 -2.000000
v 5.997799 -0.162489 -2.000000
v 6.000000 -0.000000 -2.000000
v 5.997799 0.162489 -2.000000
v 0.500000 5.979130 -2.000000
v 5.991199 0.324859 -2.000000
v 5.980204 0.486991 -2.000000
v 5.964822 0.648766 -2.000000
v 0.659099 5.963689 -2.000000
v 5.945065 0.810064 -2.000000
v 0.817731 5.944015 -2.000000
v 5.920947 0.970769 -2.000000
v 0.975782 5.920122 -2.000000
v 5.892485 1.130761 -2.000000
v 1.133141 5.892028 -2.000000
v 5.859701 1.289924 -2.000000
v 1.289695 5.859751 -2.000000
v 5.822619 1.448140 -2.000000
v 1.445334 5.823316 -2.000000
v 5.781265 1.605295 -2.000000
v 1.599948 5.782747 -2.000000
v 5.735671 1.761271 -2.000000
v 1.753425 5.738075 -2.000000
v 5.685870 1.915956 -2.000000
v 1.905658 5.689329 -2.000000
v 5.631897 2.069236 -2.000000
v 2.056539 5.636546 -2.000000
v 5.573793 2.220997 -2.000000
v 2.205960 5.579762 -2.000000
v 5.511601 2.371129 -2.000000
v 2.353815 5.519017 -2.000000
v 5.445366 2.519522 -2.000000
v 2.500000 5.454356 -2.000000
v 5.375136 2.666067 -2.000000
v 5.300963 2.810656 -2.000000
v 5.222902 2.953184 -2.000000
v 5.141010 3.093545 -2.000000
v 3.500000 4.873397 -2.000000
v 5.055346 3.231637 -2.000000
v 4.965974 3.367358 -2.000000
v 4.872960 3.500609 -2.000000
v 4.776371 3.631292 -2.000000
v 3.630695 4.776824 -2.000000
v 4.676278 3.759312 -2.000000
v 3.758728 4.676747 -2.000000
v 4.572755 3.884574 -2.000000
v 3.884002 4.573240 -2.000000
v 4.465878 4.006986 -2.000000
v 4.006428 4.466378 -2.000000
v 4.355724 4.126460 -2.000000
v 4.125915 4.356240 -2.000000
v 4.242375 4.242906 -2.000000
v 9.500000 0.000000 2.100000
v 9.496425 0.260623 2.100000
v 9.485700 0.521051 2.100000
v 9.467835 0.781086 2.100000
v 9.442843 1.040533 2.100000
v 9.410743 1.299197 2.100000
v 9.371559 1.556882 2.100000
v 9.325320 1.813396 2.100000
v 9.272061 2.068545 2.100000
v 9.211823 2.322137 2.100000
v 9.144650 2.573980 2.100000
v 9.070594 2.823886 2.100000
v 8.989709 3.071666 2.100000
v 8.902057 3.317134 2.100000
v 8.807704 3.560105 2.100000
v 8.706721 3.800396 2.100000
v 8.599183 4.037827 2.100000
v 8.485173 4.272217 2.100000
v 8.364775 4.503392 2.100000
v 8.238080 4.731176 2.100000
v 8.105185 4.955400 2.100000
v 7.966187 5.175892 2.100000
v 7.821193 5.392489 2.100000
v 7.670311 5.605026 2.100000
v 7.513656 5.813344 2.100000
v 7.351345 6.017286 2.100000
v 7.183499 6.216699 2.100000
v 7.010246 6.411431 2.100000
v 6.831716 6.601337 2.100000
v 6.648043 6.786274 2.100000
v 6.459366 6.966103 2.100000
v 6.265826 7.140687 2.100000
v 6.067570 7.309897 2.100000
v 5.864746 7.473604 2.100000
v 5.657507 7.631684 2.100000
v 5.446010 7.784020 2.100000
v 5.230413 7.930497 2.100000
v 5.010879 8.071003 2.100000
v 4.787573 8.205434 2.100000
v 4.560662 8.333688 2.100000
v 4.330319 8.455668 2.100000
v 4.096716 8.571284 2.100000
v 3.860029 8.680448 2.100000
v 3.620436 8.783077 2.100000
v 3.378118 8.879094 2.100000
v 3.133257 8.968428 2.100000
v 2.886038 9.051010 2.100000
v 2.636646 9.126780 2.100000
v 2.385269 9.195678 2.100000
v 2.132096 9.257654 2.100000
v 1.877319 9.312662 2.100000
v 1.621128 9.360660 2.100000
v 1.363717 9.401610 2.100000
v 1.105280 9.435484 2.100000
v 0.846010 9.462255 2.100000
v 0.586104 9.481903 2.100000
v 0.325756 9.494413 2.100000
v 0.065164 9.499777 2.100000
v -0.195478 9.497989 2.100000
v -0.455973 9.489051 2.100000
v -0.716124 9.472970 2.100000
v -0.975737 9.449759 2.100000
v -1.234615 9.419434 2.100000
v -1.492563 9.382018 2.100000
v -1.749388 9.337540 2.100000
v -2.004896 9.286032 2.100000
v -2.258895 9.227534 2.100000
v -2.511194 9.162090 2.100000
v -2.761601 9.089750 2.100000
v -3.009931 9.010567 2.100000
v -3.255994 8.924601 2.100000
v -3.499607 8.831917 2.100000
v -3.740585 8.732584 2.100000
v -3.978747 8.626678 2.100000
v -4.213914 8.514277 2.100000
v -4.445909 8.395469 2.100000
v -4.674557 8.270339 2.100000
v -4.899687 8.138985 2.100000
v -5.121128 8.001503 2.100000
v -5.338714 7.857998 2.100000
v -5.552281 7.708578 2.100000
v -5.761669 7.553355 2.100000
v -5.966720 7.392446 2.100000
v -6.167279 7.225972 2.100000
v -6.363195 7.054059 2.100000
v -6.554321 6.876836 2.100000
v -6.740514 6.694436 2.100000
v -6.921632 6.506997 2.100000
v -7.097540 6.314659 2.100000
v -7.268106 6.117568 2.100000
v -7.433200 5.915872 2.100000
v -7.592698 5.709723 2.100000
v -7.746481 5.499275 2.100000
v -7.894433 5.284688 2.100000
v -8.036442 5.066123 2.100000
v -8.172401 4.843744 2.100000
v -8.302209 4.617719 2.100000
v -8.425767 4.388217 2.100000
v -8.542982 4.155413 2.100000
v -8.653767 3.919480 2.100000
v -8.758037 3.680597 2.100000
v -8.855714 3.438943 2.100000
v -8.946725 3.194701 2.100000
v -9.031001 2.948054 2.100000
v -9.108479 2.699187 2.100000
v -9.179100 2.448289 2.100000
v -9.242812 2.195547 2.100000
v -9.299566 1.941153 2.100000
v -9.349319 1.685298 2.100000
v -9.392035 1.428174 2.100000
v -9.427680 1.169975 2.100000
v -9.456229 0.910895 2.100000
v -9.477659 0.651129 2.100000
v -9.491956 0.390874 2.100000
v -9.499106 0.130324 2.100000
v -9.499106 -0.130324 2.100000
v -9.491956 -0.390874 2.100000
v -9.477659 -0.651129 2.100000
v -9.456229 -0.910895 2.100000
v -9.427680 -1.169975 2.100000
v -9.392035 -1.428174 2.100000
v -9.349319 -1.685298 2.100000
v -9.299566 -1.941153 2.100000
v -9.242812 -2.195547 2.100000
v -9.179100 -2.448289 2.100000
v -9.108479 -2.699187 2.100000
v -9.031001 -2.948054 2.100000
v -8.946725 -3.194701 2.100000
v -8.855714 -3.438943 2.100000
v -8.758037 -3.680597 2.100000
v -8.653767 -3.919480 2.100000
v -8.542982 -4.155413 2.100000
v -8.425767 -4.388217 2.100000
v -8.302209 -4.617719 2.100000
v -8.172401 -4.843744 2.100000
v -8.036442 -5.066123 2.100000
v -7.894433 -5.284688 2.100000
v -7.746481 -5.499275 2.100000
v -7.592698 -5.709723 2.100000
v -7.433200 -5.915872 2.100000
v -7.268106 -6.117568 2.100000
v -7.097540 -6.314659 2.100000
v -6.921632 -6.506997 2.100000
v -6.740514 -6.694436 2.100000
v -6.554321 -6.876836 2.100000
v -6.363195 -7.054059 2.100000
v -6.167279 -7.225972 2.100000
v -5.966720 -7.392446 2.100000
v -5.761669 -7.553355 2.100000
v -5.552281 -7.708578 2.100000
v -5.338714 -7.857998 2.100000
v -5.121128 -8.001503 2.100000
v -4.899687 -8.138985 2.100000
v -4.674557 -8.270339 2.100000
v -4.445909 -8.395469 2.100000
v -4.213914 -8.514277 2.100000
v -3.978747 -8.626678 2.100000
v -3.740585 -8.732584 2.100000
v -3.499607 -8.831917 2.100000
v -3.255994 -8.924601 2.100000
v -3.009931 -9.010567 2.100000
v -2.761601 -9.089750 2.100000
v -2.511194 -9.162090 2.100000
v -2.258895 -9.227534 2.100000
v -2.004896 -9.286032 2.100000
v -1.749388 -9.337540 2.100000
v -1.492563 -9.382018 2.100000
v -1.234615 -9.419434 2.100000
v -0.975737 -9.449759 2.100000
v -0.716124 -9.472970 2.100000
v -0.455973 -9.489051 2.100000
v -0.195478 -9.497989 2.100000
v 0.065164 -9.499777 2.100000
v 0.325756 -9.494413 2.100000
v 0.586104 -9.481903 2.100000
v 0.846010 -9.462255 2.100000
v 1.105280 -9.435484 2.100000
v 1.363717 -9.401610 2.100000
v 1.621128 -9.360660 2.100000
v 1.877319 -9.312662 2.100000
v 2.132096 -9.257654 2.100000
v 2.385269 -9.195678 2.100000
v 2.636646 -9.126780 2.100000
v 2.886038 -9.051010 2.100000
v 3.133257 -8.968428 2.100000
v 3.378118 -8.879094 2.100000
v 3.620436 -8.783077 2.100000
v 3.860029 -8.680448 2.100000
v 4.096716 -8.571284 2.100000
v 4.330319 -8.455668 2.100000
v 4.560662 -8.333688 2.100000
v 4.787573 -8.205434 2.100000
v 5.010879 -8.071003 2.100000
v 5.230413 -7.930497 2.100000
v 5.446010 -7.784020 2.100000
v 5.657507 -7.631684 2.100000
v 5.864746 -7.473604 2.100000
v 6.067570 -7.309897 2.100000
v 6.265826 -7.140687 2.100000
v 6.459366 -6.966103 2.100000
v 6.648043 -6.786274 2.100000
v 6.831716 -6.601337 2.100000
v 7.010246 -6.411431 2.100000
v 7.183499 -6.216699 2.100000
v 7.351345 -6.017286 2.100000
v 7.513656 -5.813344 2.100000
v 7.670311 -5.605026 2.100000
v 7.821193 -5.392489 2.100000
v 7.966187 -5.175892 2.100000
v 8.105185 -4.955400 2.100000
v 8.238080 -4.731176 2.100000
v 8.364775 -4.503392 2.100000
v 8.485173 -4.272217 2.100000
v 8.599183 -4.037827 2.100000
v 8.706721 -3.800396 2.100000
v 8.807704 -3.560105 2.100000
v 8.902057 -3.317134 2.100000
v 8.989709 -3.071666 2.100000
v 9.070594 -2.823886 2.100000
v 9.144650 -2.573980 2.100000
v 9.211823 -2.322137 2.100000
v 9.272061 -2.068545 2.100000
v 9.325320 -1.813396 2.100000
v 9.371559 -1.556882 2.100000
v 9.410743 -1.299197 2.100000
v 9.442843 -1.040533 2.100000
v 9.467835 -0.781086 2.100000
v 9.485700 -0.521051 2.100000
v 9.496425 -0.260623 2.100000
v -0.500000 -5.979130 2.100000
v -0.500000 5.979130 2.100000
v -2.500000 -5.454356 2.100000
v -2.353815 -5.519017 2.100000
v -2.205960 -5.579762 2.100000
v -2.056539 -5.636546 2.100000
v -1.905658 -5.689329 2.100000
v -1.753425 -5.738075 2.100000
v -1.599948 -5.782747 2.100000
v -1.445334 -5.823316 2.100000
v -1.289695 -5.859751 2.100000
v -1.133141 -5.892028 2.100000
v -0.975782 -5.920122 2.100000
v -0.817731 -5.944015 2.100000
v -0.659099 -5.963689 2.100000
v -2.500000 5.454356 2.100000
v -0.659099 5.963689 2.100000
v -0.817731 5.944015 2.100000
v -0.975782 5.920122 2.100000
v -1.133141 5.892028 2.100000
v -1.289695 5.859751 2.100000
v -1.445334 5.823316 2.100000
v -1.599948 5.782747 2.100000
v -1.753425 5.738075 2.100000
v -1.905658 5.689329 2.100000
v -2.056539 5.636546 2.100000
v -2.205960 5.579762 2.100000
v -2.353815 5.519017 2.100000
v 2.500000 5.454356 2.100000
v 2.500000 -5.454356 2.100000
v 0.500000 -5.979130 2.100000
v 0.659099 -5.963689 2.100000
v 0.817731 -5.944015 2.100000
v 0.975782 -5.920122 2.100000
v 1.133141 -5.892028 2.100000
v 1.289695 -5.859751 2.100000
v 1.445334 -5.823316 2.100000
v 1.599948 -5.782747 2.100000
v 1.753425 -5.738075 2.100000
v 1.905658 -5.689329 2.100000
v 2.056539 -5.636546 2.100000
v 2.205960 -5.579762 2.100000
v 2.353815 -5.519017 2.100000
v 0.500000 5.979130 2.100000
v 2.353815 5.519017 2.100000
v 2.205960 5.579762 2.100000
v 2.056539 5.636546 2.100000
v 1.905658 5.689329 2.100000
v 1.753425 5.738075 2.100000
v 1.599948 5.782747 2.100000
v 1.445334 5.823316 2.100000
v 1.289695 5.859751 2.100000
v 1.133141 5.892028 2.100000
v 0.975782 5.920122 2.100000
v 0.817731 5.944015 2.100000
v 0.659099 5.963689 2.100000
v 3.500000 -4.873397 2.100000
v 3.630695 -4.776824 2.100000
v 3.758728 -4.676747 2.100000
v 3.884002 -4.573240 2.100000
v 4.006428 -4.466378 2.100000
v 4.125915 -4.356240 2.100000
v 4.242375 -4.242906 2.100000
v 4.355724 -4.126460 2.100000
v 4.465878 -4.006986 2.100000
v 4.572755 -3.884574 2.100000
v 4.676278 -3.759312 2.100000
v 4.776371 -3.631292 2.100000
v 4.872960 -3.500609 2.100000
v 4.965974 -3.367358 2.100000
v 5.055346 -3.231637 2.100000
v 5.141010 -3.093545 2.100000
v 5.222902 -2.953184 2.100000
v 5.300963 -2.810656 2.100000
v 5.375136 -2.666067 2.100000
v 5.445366 -2.519522 2.100000
v 5.511601 -2.371129 2.100000
v 5.573793 -2.220997 2.100000
v 5.631897 -2.069236 2.100000
v 5.685870 -1.915956 2.100000
v 5.735671 -1.761271 2.100000
v 5.781265 -1.605295 2.100000
v 5.822619 -1.448140 2.100000
v 5.859701 -1.289924 2.100000
v 5.892485 -1.130761 2.100000
v 5.920947 -0.970769 2.100000
v 5.945065 -0.810064 2.100000
v 5.964822 -0.648766 2.100000
v 5.980204 -0.486991 2.100000
v 5.991199 -0.324859 2.100000
v 5.997799 -0.162489 2.100000
v 6.000000 -0.000000 2.100000
v 5.997799 0.162489 2.100000
v 5.991199 0.324859 2.100000
v 5.980204 0.486991 2.100000
v 5.964822 0.648766 2.100000
v 5.945065 0.810064 2.100000
v 5.920947 0.970769 2.100000
v 5.892485 1.130761 2.100000
v 5.859701 1.289924 2.100000
v 5.822619 1.448140 2.100000
v 5.781265 1.605295 2.100000
v 5.735671 1.761271 2.100000
v 5.685870 1.915956 2.100000
v 5.631897 2.069236 2.100000
v 5.573793 2.220997 2.100000
v 5.511601 2.371129 2.100000
v 5.445366 2.519522 2.100000
v 5.375136 2.666067 2.100000
v 5.300963 2.810656 2.100000
v 5.222902 2.953184 2.100000
v 5.141010 3.093545 2.100000
v 5.055346 3.231637 2.100000
v 4.965974 3.367358 2.100000
v 4.872960 3.500609 2.100000
v 4.776371 3.631292 2.100000
v 4.676278 3.759312 2.100000
v 4.572755 3.884574 2.100000
v 4.465878 4.006986 2.100000
v 4.355724 4.126460 2.100000
v 4.242375 4.242906 2.100000
v 4.125915 4.356240 2.100000
v 4.006428 4.466378 2.100000
v 3.884002 4.573240 2.100000
v 3.758728 4.676747 2.100000
v 3.630695 4.776824 2.100000
v 3.500000 4.873397 2.100000
v -3.500000 -4.873397 2.100000
v -3.500000 4.873397 2.100000
v -3.632570 4.775399 2.100000
v -3.762398 4.673795 2.100000
v -3.889385 4.568663 2.100000
v -4.013436 4.460082 2.100000
v -4.134457 4.348134 2.100000
v -4.252357 4.232903 2.100000
v -4.367046 4.114476 2.100000
v -4.478438 3.992943 2.100000
v -4.586450 3.868395 2.100000
v -4.690999 3.740927 2.100000
v -4.792006 3.610635 2.100000
v -4.889395 3.477617 2.100000
v -4.983093 3.341973 2.100000
v -5.073029 3.203806 2.100000
v -5.159135 3.063221 2.100000
v -5.241347 2.920323 2.100000
v -5.319601 2.775220 2.100000
v -5.393839 2.628022 2.100000
v -5.464005 2.478840 2.100000
v -5.530046 2.327787 2.100000
v -5.591912 2.174976 2.100000
v -5.649556 2.020523 2.100000
v -5.702935 1.864545 2.100000
v -5.752009 1.707159 2.100000
v -5.796740 1.548485 2.100000
v -5.837095 1.388641 2.100000
v -5.873043 1.227749 2.100000
v -5.904557 1.065930 2.100000
v -5.931613 0.903306 2.100000
v -5.954192 0.740000 2.100000
v -5.972275 0.576136 2.100000
v -5.985849 0.411837 2.100000
v -5.994905 0.247226 2.100000
v -5.999434 0.082430 2.100000
v -5.999434 -0.082430 2.100000
v -5.994905 -0.247226 2.100000
v -5.985849 -0.411837 2.100000
v -5.972275 -0.576136 2.100000
v -5.954192 -0.740000 2.100000
v -5.931613 -0.903306 2.100000
v -5.904557 -1.065930 2.100000
v -5.873043 -1.227749 2.100000
v -5.837095 -1.388641 2.100000
v -5.796740 -1.548485 2.100000
v -5.752009 -1.707159 2.100000
v -5.702935 -1.864545 2.100000
v -5.649556 -2.020523 2.100000
v -5.591912 -2.174976 2.100000
v -5.530046 -2.327787 2.100000
v -5.464005 -2.478840 2.100000
v -5.393839 -2.628022 2.100000
v -5.319601 -2.775220 2.100000
v -5.241347 -2.920323 2.100000
v -5.159135 -3.063221 2.100000
v -5.073029 -3.203806 2.100000
v -4.983093 -3.341973 2.100000
v -4.889395 -3.477617 2.100000
v -4.792006 -3.610635 2.100000
v -4.690999 -3.740927 2.100000
v -4.586450 -3.868395 2.100000
v -4.478438 -3.992943 2.100000
v -4.367046 -4.114476 2.100000
v -4.252357 -4.232903 2.100000
v -4.134457 -4.348134 2.100000
v -4.013436 -4.460082 2.100000
v -3.889385 -4.568663 2.100000
v -3.762398 -4.673795 2.100000
v -3.632570 -4.775399 2.100000
v 8.628087 -3.470751 2.300000
v 8.340122 -3.640380 2.500000
v 8.425677 -3.936745 2.300000
v 8.804748 -2.994399 2.300000
v 8.611195 -2.942333 2.500000
v 8.527234 -3.177465 2.500000
v 8.688674 -2.704986 2.500000
v 8.955131 -2.509110 2.300000
v 8.759612 -2.465602 2.500000
v 8.823956 -2.224362 2.500000
v 9.078789 -2.016333 2.300000
v 8.881659 -1.981448 2.500000
v 8.932675 -1.737043 2.500000
v 9.175351 -1.517539 2.300000
v 8.976967 -1.491329 2.500000
v 9.014502 -1.244494 2.500000
v 9.244532 -1.014216 2.300000
v 9.300000 0.000000 2.300000
v 9.096575 0.249650 2.500000
v 9.100000 0.000000 2.500000
v 9.045250 -0.996721 2.500000
v 9.069190 -0.748198 2.500000
v 9.286122 -0.507866 2.300000
v 9.086302 -0.499112 2.500000
v 9.096575 -0.249650 2.500000
v 9.286122 0.507866 2.300000
v 9.086302 0.499112 2.500000
v 9.069190 0.748198 2.500000
v 9.244532 1.014216 2.300000
v 9.045250 0.996721 2.500000
v 9.014502 1.244494 2.500000
v 9.175351 1.517539 2.300000
v 8.976967 1.491329 2.500000
v 8.932675 1.737043 2.500000
v 9.078789 2.016333 2.300000
v 8.881659 1.981448 2.500000
v 8.823956 2.224362 2.500000
v 8.955131 2.509110 2.300000
v 8.759612 2.465602 2.500000
v 8.688674 2.704986 2.500000
v 8.804748 2.994399 2.300000
v 8.611195 2.942333 2.500000
v 8.527234 3.177465 2.500000
v 8.628087 3.470751 2.300000
v 8.436853 3.410206 2.500000
v 8.340122 3.640380 2.500000
v 8.425677 3.936745 2.300000
v 8.237113 3.867813 2.500000
v 8.127903 4.092334 2.500000
v 8.198122 4.390990 2.300000
v 8.012574 4.313775 2.500000
v 7.891214 4.531969 2.500000
v 7.946100 4.832131 2.300000
v 7.763914 4.746751 2.500000
v 7.630769 4.957960 2.500000
v 7.670364 5.258851 2.300000
v 7.491880 5.165437 2.500000
v 7.347351 5.369025 2.500000
v 7.371737 5.669876 2.300000
v 7.197291 5.568572 2.500000
v 7.041814 5.763927 2.500000
v 7.051109 6.063980 2.300000
v 6.881036 5.954943 2.500000
v 6.715078 6.141476 2.500000
v 6.709439 6.439987 2.300000
v 6.544065 6.323387 2.500000
v 6.368125 6.500536 2.500000
v 6.347744 6.796774 2.300000
v 6.187393 6.672793 2.500000
v 6.002002 6.840027 2.500000
v 5.967106 7.133278 2.300000
v 5.812093 7.002112 2.500000
v 5.617810 7.158926 2.500000
v 5.568659 7.448493 2.300000
v 5.419297 7.310350 2.500000
v 5.216704 7.456272 2.500000
v 5.153593 7.741478 2.300000
v 5.010185 7.596581 2.500000
v 4.799895 7.731172 2.500000
v 4.723147 8.011360 2.300000
v 4.585991 7.859942 2.500000
v 4.368635 7.982796 2.500000
v 4.278605 8.257333 2.300000
v 4.147990 8.099641 2.500000
v 3.924223 8.210388 2.500000
v 3.821294 8.478662 2.300000
v 3.697501 8.314956 2.500000
v 3.467997 8.413263 2.500000
v 3.352579 8.674688 2.300000
v 3.235882 8.505238 2.500000
v 3.001331 8.590810 2.500000
v 2.873858 8.844826 2.300000
v 2.764520 8.669915 2.500000
v 2.525629 8.742494 2.500000
v 2.386561 8.988566 2.300000
v 2.284836 8.808492 2.500000
v 2.042324 8.867859 2.500000
v 1.892141 9.105482 2.300000
v 1.798274 8.920550 2.500000
v 1.552870 8.966526 2.500000
v 1.392074 9.195223 2.300000
v 1.306298 9.005753 2.500000
v 1.058742 9.038200 2.500000
v 0.887853 9.257523 2.300000
v 0.810389 9.063844 2.500000
v 0.561426 9.082664 2.500000
v 0.380982 9.292193 2.300000
v 0.312040 9.094648 2.500000
v 0.062420 9.099786 2.500000
v -0.127026 9.299132 2.300000
v -0.187248 9.098073 2.500000
v -0.436774 9.089512 2.500000
v -0.634654 9.278319 2.300000
v -0.685972 9.074108 2.500000
v -0.934653 9.051874 2.500000
v -1.140389 9.229816 2.300000
v -1.182631 9.022826 2.500000
v -1.429718 8.986985 2.500000
v -1.642720 9.153768 2.300000
v -1.675730 8.944380 2.500000
v -1.920480 8.895041 2.500000
v -2.140149 9.050401 2.300000
v -2.163784 8.839006 2.500000
v -2.405459 8.776319 2.500000
v -2.631191 8.920024 2.300000
v -2.645324 8.707024 2.500000
v -2.883197 8.631175 2.500000
v -3.114380 8.763026 2.300000
v -3.118900 8.548828 2.500000
v -3.352255 8.460047 2.500000
v -3.588275 8.579877 2.300000
v -3.583086 8.364897 2.500000
v -3.811221 8.263450 2.500000
v -4.051461 8.371120 2.300000
v -4.036486 8.155782 2.500000
v -4.258713 8.041975 2.500000
v -4.502556 8.137383 2.300000
v -4.477734 7.922114 2.500000
v -4.693384 7.796290 2.500000
v -4.940213 7.879359 2.300000
v -4.905501 7.664598 2.500000
v -5.113926 7.527135 2.500000
v -5.363127 7.597820 2.300000
v -5.318501 7.384006 2.500000
v -5.519073 7.235319 2.500000
v -5.770035 7.293606 2.300000
v -5.715489 7.081185 2.500000
v -5.907604 6.921721 2.500000
v -6.159723 6.967626 2.300000
v -6.095271 6.757046 2.500000
v -6.278350 6.587285 2.500000
v -6.531028 6.620851 2.300000
v -6.456703 6.412565 2.500000
v -6.630195 6.233018 2.500000
v -6.882842 6.254317 2.300000
v -6.798697 6.048779 2.500000
v -6.962080 5.859986 2.500000
v -7.214115 5.869118 2.300000
v -7.120223 5.666783 2.500000
v -7.273005 5.469313 2.500000
v -7.523858 5.466403 2.300000
v -7.420314 5.267727 2.500000
v -7.562036 5.062175 2.500000
v -7.811147 5.047374 2.300000
v -7.698066 4.852812 2.500000
v -7.828300 4.639797 2.500000
v -8.075125 4.613282 2.300000
v -7.952642 4.423288 2.500000
v -8.070998 4.203450 2.500000
v -8.315002 4.165421 2.300000
v -8.183278 3.980448 2.500000
v -8.289397 3.754449 2.500000
v -8.530066 3.705130 2.300000
v -8.389277 3.525625 2.500000
v -8.482841 3.294146 2.500000
v -8.719671 3.233781 2.300000
v -8.570021 3.060187 2.500000
v -8.650748 2.823925 2.500000
v -8.883254 2.752781 2.300000
v -8.724964 2.585537 2.500000
v -8.792612 2.345203 2.500000
v -9.020326 2.263566 2.300000
v -8.853641 2.103103 2.500000
v -8.908005 1.859420 2.500000
v -9.130477 1.767596 2.300000
v -8.955664 1.614338 2.500000
v -8.996581 1.368040 2.500000
v -9.213379 1.266350 2.300000
v -9.030725 1.120713 2.500000
v -9.058072 0.872542 2.500000
v -9.268785 0.761325 2.300000
v -9.078600 0.623714 2.500000
v -9.092294 0.374416 2.500000
v -9.296530 0.254028 2.300000
v -9.099144 0.124837 2.500000
v -9.099144 -0.124837 2.500000
v -9.296530 -0.254028 2.300000
v -9.092294 -0.374416 2.500000
v -9.268785 -0.761325 2.300000
v -9.078600 -0.623714 2.500000
v -9.058072 -0.872542 2.500000
v -9.213379 -1.266350 2.300000
v -9.030725 -1.120713 2.500000
v -8.996581 -1.368040 2.500000
v -9.130477 -1.767596 2.300000
v -8.955664 -1.614338 2.500000
v -8.908005 -1.859420 2.500000
v -9.020326 -2.263566 2.300000
v -8.853641 -2.103103 2.500000
v -8.792612 -2.345203 2.500000
v -8.883254 -2.752781 2.300000
v -8.724964 -2.585537 2.500000
v -8.650748 -2.823925 2.500000
v -8.719671 -3.233781 2.300000
v -8.570021 -3.060187 2.500000
v -8.482841 -3.294146 2.500000
v -8.530066 -3.705130 2.300000
v -8.389277 -3.525625 2.500000
v -8.289397 -3.754449 2.500000
v -8.315002 -4.165421 2.300000
v -8.183278 -3.980448 2.500000
v -8.070998 -4.203450 2.500000
v -8.075125 -4.613282 2.300000
v -7.952642 -4.423288 2.500000
v -7.828300 -4.639797 2.500000
v -7.811147 -5.047374 2.300000
v -7.698066 -4.852812 2.500000
v -7.562036 -5.062175 2.500000
v -7.523858 -5.466403 2.300000
v -7.420314 -5.267727 2.500000
v -7.273005 -5.469313 2.500000
v -7.214115 -5.869118 2.300000
v -7.120223 -5.666783 2.500000
v -6.962080 -5.859986 2.500000
v -6.882842 -6.254317 2.300000
v -6.798697 -6.048779 2.500000
v -6.630195 -6.233018 2.500000
v -6.531028 -6.620851 2.300000
v -6.456703 -6.412565 2.500000
v -6.278350 -6.587285 2.500000
v -6.159723 -6.967626 2.300000
v -6.095271 -6.757046 2.500000
v -5.907604 -6.921721 2.500000
v -5.770035 -7.293606 2.300000
v -5.715489 -7.081185 2.500000
v -5.519073 -7.235319 2.500000
v -5.363127 -7.597820 2.300000
v -5.318501 -7.384006 2.500000
v -5.113926 -7.527135 2.500000
v -4.940213 -7.879359 2.300000
v -4.905501 -7.664598 2.500000
v -4.693384 -7.796290 2.500000
v -4.502556 -8.137383 2.300000
v -4.477734 -7.922114 2.500000
v -4.258713 -8.041975 2.500000
v -4.051461 -8.371120 2.300000
v -4.036486 -8.155782 2.500000
v -3.811221 -8.263450 2.500000
v -3.588275 -8.579877 2.300000
v -3.583086 -8.364897 2.500000
v -3.352255 -8.460047 2.500000
v -3.114380 -8.763026 2.300000
v -3.118900 -8.548828 2.500000
v -2.883197 -8.631175 2.500000
v -2.631191 -8.920024 2.300000
v -2.645324 -8.707024 2.500000
v -2.405459 -8.776319 2.500000
v -2.140149 -9.050401 2.300000
v -2.163784 -8.839006 2.500000
v -1.920480 -8.895041 2.500000
v -1.642720 -9.153768 2.300000
v -1.675730 -8.944380 2.500000
v -1.429718 -8.986985 2.500000
v -1.140389 -9.229816 2.300000
v -1.182631 -9.022826 2.500000
v -0.934653 -9.051874 2.500000
v -0.634654 -9.278319 2.300000
v -0.685972 -9.074108 2.500000
v -0.436774 -9.089512 2.500000
v -0.127026 -9.299132 2.300000
v -0.187248 -9.098073 2.500000
v 0.062420 -9.099786 2.500000
v 0.380982 -9.292193 2.300000
v 0.312040 -9.094648 2.500000
v 0.561426 -9.082664 2.500000
v 0.887853 -9.257523 2.300000
v 0.810389 -9.063844 2.500000
v 1.058742 -9.038200 2.500000
v 1.392074 -9.195223 2.300000
v 1.306298 -9.005753 2.500000
v 1.552870 -8.966526 2.500000
v 1.892141 -9.105482 2.300000
v 1.798274 -8.920550 2.500000
v 2.042324 -8.867859 2.500000
v 2.386561 -8.988566 2.300000
v 2.284836 -8.808492 2.500000
v 2.525629 -8.742494 2.500000
v 2.873858 -8.844826 2.300000
v 2.764520 -8.669915 2.500000
v 3.001331 -8.590810 2.500000
v 3.352579 -8.674688 2.300000
v 3.235882 -8.505238 2.500000
v 3.467997 -8.413263 2.500000
v 3.821294 -8.478662 2.300000
v 3.697501 -8.314956 2.500000
v 3.924223 -8.210388 2.500000
v 4.278605 -8.257333 2.300000
v 4.147990 -8.099641 2.500000
v 4.368635 -7.982796 2.500000
v 4.723147 -8.011360 2.300000
v 4.585991 -7.859942 2.500000
v 4.799895 -7.731172 2.500000
v 5.153593 -7.741478 2.300000
v 5.010185 -7.596581 2.500000
v 5.216704 -7.456272 2.500000
v 5.568659 -7.448493 2.300000
v 5.419297 -7.310350 2.500000
v 5.617810 -7.158926 2.500000
v 5.967106 -7.133278 2.300000
v 5.812093 -7.002112 2.500000
v 6.002002 -6.840027 2.500000
v 6.347744 -6.796774 2.300000
v 6.187393 -6.672793 2.500000
v 6.368125 -6.500536 2.500000
v 6.709439 -6.439987 2.300000
v 6.544065 -6.323387 2.500000
v 6.715078 -6.141476 2.500000
v 7.051109 -6.063980 2.300000
v 6.881036 -5.954943 2.500000
v 7.041814 -5.763927 2.500000
v 7.371737 -5.669876 2.300000
v 7.197291 -5.568572 2.500000
v 7.347351 -5.369025 2.500000
v 7.670364 -5.258851 2.300000
v 7.491880 -5.165437 2.500000
v 7.630769 -4.957960 2.500000
v 7.946100 -4.832131 2.300000
v 7.763914 -4.746751 2.500000
v 7.891214 -4.531969 2.500000
v 8.198122 -4.390990 2.300000
v 8.012574 -4.313775 2.500000
v 8.127903 -4.092334 2.500000
v 8.237113 -3.867813 2.500000
v 8.436853 -3.410206 2.500000
v -0.303487 -6.189077 2.296513
v -0.303487 6.189077 2.296513
v -0.100000 -6.399219 2.500000
v -0.100000 6.399219 2.500000
v -0.441971 -6.384721 2.500000
v -0.271082 -6.394257 2.500000
v -2.900000 -5.705261 2.500000
v -2.526711 -5.661778 2.300000
v -2.746402 -5.780768 2.500000
v -2.590839 -5.852141 2.500000
v -2.433424 -5.919328 2.500000
v -2.237600 -5.782140 2.300000
v -2.274268 -5.982283 2.500000
v -2.113486 -6.040958 2.500000
v -1.942780 -5.887751 2.300000
v -1.951192 -6.095314 2.500000
v -1.787503 -6.145310 2.500000
v -1.643004 -5.978339 2.300000
v -1.622535 -6.190911 2.500000
v -1.339036 -6.053675 2.300000
v -1.456407 -6.232085 2.500000
v -1.289237 -6.268801 2.500000
v -1.031652 -6.113566 2.300000
v -1.121145 -6.301034 2.500000
v -0.952252 -6.328761 2.500000
v -0.721635 -6.157860 2.300000
v -0.782677 -6.351962 2.500000
v -0.612543 -6.370619 2.500000
v -0.409778 -6.186443 2.300000
v -2.900000 5.705261 2.500000
v -0.271082 6.394257 2.500000
v -0.441971 6.384721 2.500000
v -0.409778 6.186443 2.300000
v -0.612543 6.370619 2.500000
v -0.721635 6.157860 2.300000
v -0.782677 6.351962 2.500000
v -0.952252 6.328761 2.500000
v -1.031652 6.113566 2.300000
v -1.121145 6.301034 2.500000
v -1.289237 6.268801 2.500000
v -1.339036 6.053675 2.300000
v -1.456407 6.232085 2.500000
v -1.643004 5.978339 2.300000
v -1.622535 6.190911 2.500000
v -1.787503 6.145310 2.500000
v -1.942780 5.887751 2.300000
v -1.951192 6.095314 2.500000
v -2.113486 6.040958 2.500000
v -2.237600 5.782140 2.300000
v -2.274268 5.982283 2.500000
v -2.433424 5.919328 2.500000
v -2.526711 5.661778 2.300000
v -2.590839 5.852141 2.500000
v -2.746402 5.780768 2.500000
v 2.900000 -5.705261 2.500000
v 2.900000 5.705261 2.500000
v 0.100000 -6.399219 2.500000
v 0.271082 -6.394257 2.500000
v 0.303487 -6.189077 2.296513
v 0.441971 -6.384721 2.500000
v 0.409778 -6.186443 2.300000
v 0.612543 -6.370619 2.500000
v 0.721635 -6.157860 2.300000
v 0.782677 -6.351962 2.500000
v 0.952252 -6.328761 2.500000
v 1.031652 -6.113566 2.300000
v 1.121145 -6.301034 2.500000
v 1.289237 -6.268801 2.500000
v 1.339036 -6.053675 2.300000
v 1.456407 -6.232085 2.500000
v 1.643004 -5.978339 2.300000
v 1.622535 -6.190911 2.500000
v 1.787503 -6.145310 2.500000
v 1.942780 -5.887751 2.300000
v 1.951192 -6.095314 2.500000
v 2.113486 -6.040958 2.500000
v 2.237600 -5.782140 2.300000
v 2.274268 -5.982283 2.500000
v 2.433424 -5.919328 2.500000
v 2.526711 -5.661778 2.300000
v 2.590839 -5.852141 2.500000
v 2.746402 -5.780768 2.500000
v 0.303487 6.189077 2.296513
v 0.100000 6.399219 2.500000
v 0.441971 6.384721 2.500000
v 0.271082 6.394257 2.500000
v 2.526711 5.661778 2.300000
v 2.746402 5.780768 2.500000
v 2.590839 5.852141 2.500000
v 2.433424 5.919328 2.500000
v 2.237600 5.782140 2.300000
v 2.274268 5.982283 2.500000
v 2.113486 6.040958 2.500000
v 1.942780 5.887751 2.300000
v 1.951192 6.095314 2.500000
v 1.787503 6.145310 2.500000
v 1.643004 5.978339 2.300000
v 1.622535 6.190911 2.500000
v 1.339036 6.053675 2.300000
v 1.456407 6.232085 2.500000
v 1.289237 6.268801 2.500000
v 1.031652 6.113566 2.300000
v 1.121145 6.301034 2.500000
v 0.952252 6.328761 2.500000
v 0.721635 6.157860 2.300000
v 0.782677 6.351962 2.500000
v 0.612543 6.370619 2.500000
v 0.409778 6.186443 2.300000
v 3.236549 -5.362422 2.363451
v 3.100000 -5.599107 2.500000
v 3.251745 -5.512364 2.500000
v 3.401064 -5.421509 2.500000
v 3.547847 -5.326611 2.500000
v 3.369977 -5.120590 2.230023
v 3.562764 -5.074122 2.300000
v 3.691983 -5.227739 2.500000
v 3.833366 -5.124969 2.500000
v 3.827819 -4.877274 2.300000
v 3.971889 -5.018376 2.500000
v 4.107450 -4.908040 2.500000
v 4.082020 -4.666595 2.300000
v 4.239948 -4.794043 2.500000
v 4.369283 -4.676470 2.500000
v 4.324646 -4.442684 2.300000
v 4.495358 -4.555409 2.500000
v 4.618082 -4.430951 2.500000
v 4.555008 -4.206174 2.300000
v 4.737360 -4.303187 2.500000
v 4.853105 -4.172214 2.500000
v 4.772454 -3.957738 2.300000
v 4.965230 -4.038129 2.500000
v 5.073652 -3.901032 2.500000
v 4.976366 -3.698078 2.300000
v 5.178290 -3.761026 2.500000
v 5.279065 -3.618214 2.500000
v 5.166167 -3.427932 2.300000
v 5.375903 -3.472703 2.500000
v 5.468731 -3.324603 2.500000
v 5.341319 -3.148065 2.300000
v 5.557480 -3.174022 2.500000
v 5.501324 -2.859271 2.300000
v 5.642084 -3.021074 2.500000
v 5.722479 -2.865873 2.500000
v 5.645730 -2.562370 2.300000
v 5.798607 -2.708534 2.500000
v 5.870409 -2.549176 2.500000
v 5.774126 -2.258202 2.300000
v 5.937833 -2.387915 2.500000
v 6.000828 -2.224874 2.500000
v 5.886147 -1.947631 2.300000
v 6.059347 -2.060173 2.500000
v 6.113347 -1.893935 2.500000
v 5.981479 -1.631536 2.300000
v 6.162786 -1.726285 2.500000
v 6.207630 -1.557348 2.500000
v 6.059848 -1.310816 2.300000
v 6.247843 -1.387248 2.500000
v 6.283396 -1.216114 2.500000
v 6.121034 -0.986378 2.300000
v 6.314262 -1.044073 2.500000
v 6.340419 -0.871254 2.500000
v 6.164863 -0.659144 2.300000
v 6.361847 -0.697784 2.500000
v 6.378530 -0.523794 2.500000
v 6.191209 -0.330040 2.300000
v 6.390455 -0.349413 2.500000
v 6.397613 -0.174772 2.500000
v 6.400000 -0.000000 2.500000
v 3.236549 5.362422 2.363451
v 3.369977 5.120590 2.230023
v 3.547847 5.326611 2.500000
v 3.401064 5.421509 2.500000
v 3.251745 5.512364 2.500000
v 3.100000 5.599107 2.500000
v 6.191209 0.330040 2.300000
v 6.397613 0.174772 2.500000
v 6.390455 0.349413 2.500000
v 6.378530 0.523794 2.500000
v 6.164863 0.659144 2.300000
v 6.361847 0.697784 2.500000
v 6.340419 0.871254 2.500000
v 6.121034 0.986378 2.300000
v 6.314262 1.044073 2.500000
v 6.283396 1.216114 2.500000
v 6.059848 1.310816 2.300000
v 6.247843 1.387248 2.500000
v 6.207630 1.557348 2.500000
v 5.981479 1.631536 2.300000
v 6.162786 1.726285 2.500000
v 6.113347 1.893935 2.500000
v 5.886147 1.947631 2.300000
v 6.059347 2.060173 2.500000
v 6.000828 2.224874 2.500000
v 5.774126 2.258202 2.300000
v 5.937833 2.387915 2.500000
v 5.870409 2.549176 2.500000
v 5.645730 2.562370 2.300000
v 5.798607 2.708534 2.500000
v 5.722479 2.865873 2.500000
v 5.501324 2.859271 2.300000
v 5.642084 3.021074 2.500000
v 5.557480 3.174022 2.500000
v 5.341319 3.148065 2.300000
v 5.468731 3.324603 2.500000
v 5.166167 3.427932 2.300000
v 5.375903 3.472703 2.500000
v 5.279065 3.618214 2.500000
v 4.976366 3.698078 2.300000
v 5.178290 3.761026 2.500000
v 5.073652 3.901032 2.500000
v 4.772454 3.957738 2.300000
v 4.965230 4.038129 2.500000
v 4.853105 4.172214 2.500000
v 4.555008 4.206174 2.300000
v 4.737360 4.303187 2.500000
v 4.618082 4.430951 2.500000
v 4.324646 4.442684 2.300000
v 4.495358 4.555409 2.500000
v 4.369283 4.676470 2.500000
v 4.082020 4.666595 2.300000
v 4.239948 4.794043 2.500000
v 4.107450 4.908040 2.500000
v 3.827819 4.877274 2.300000
v 3.971889 5.018376 2.500000
v 3.833366 5.124969 2.500000
v 3.562764 5.074122 2.300000
v 3.691983 5.227739 2.500000
v -3.100000 -5.599107 2.500000
v -3.100000 5.599107 2.500000
v -3.239493 -5.357204 2.360507
v -3.372826 -5.115301 2.227174
v -3.239493 5.357204 2.360507
v -3.372826 5.115301 2.227174
v -3.251745 5.512364 2.500000
v -3.401064 5.421509 2.500000
v -3.547847 5.326611 2.500000
v -3.547847 -5.326611 2.500000
v -3.401064 -5.421509 2.500000
v -3.251745 -5.512364 2.500000
v -3.576609 5.064373 2.300000
v -3.691983 5.227739 2.500000
v -3.833366 5.124969 2.500000
v -3.847768 4.861551 2.300000
v -3.971889 5.018376 2.500000
v -4.107450 4.908040 2.500000
v -4.107450 4.644228 2.300000
v -4.239948 4.794043 2.500000
v -4.369283 4.676470 2.500000
v -4.354878 4.413053 2.300000
v -4.495358 4.555409 2.500000
v -4.618082 4.430951 2.500000
v -4.589318 4.168713 2.300000
v -4.737360 4.303187 2.500000
v -4.853105 4.172214 2.500000
v -4.810067 3.911937 2.300000
v -4.965230 4.038129 2.500000
v -5.073652 3.901032 2.500000
v -5.016469 3.643494 2.300000
v -5.178290 3.761026 2.500000
v -5.279065 3.618214 2.500000
v -5.207906 3.364181 2.300000
v -5.375903 3.472703 2.500000
v -5.468731 3.324603 2.500000
v -5.383809 3.074834 2.300000
v -5.557480 3.174022 2.500000
v -5.642084 3.021074 2.500000
v -5.543652 2.776315 2.300000
v -5.722479 2.865873 2.500000
v -5.798607 2.708534 2.500000
v -5.686959 2.469514 2.300000
v -5.870409 2.549176 2.500000
v -5.937833 2.387915 2.500000
v -6.000828 2.224874 2.500000
v -5.813302 2.155346 2.300000
v -6.059347 2.060173 2.500000
v -6.113347 1.893935 2.500000
v -5.922305 1.834750 2.300000
v -6.162786 1.726285 2.500000
v -6.207630 1.557348 2.500000
v -6.013641 1.508681 2.300000
v -6.247843 1.387248 2.500000
v -6.283396 1.216114 2.500000
v -6.087040 1.178111 2.300000
v -6.314262 1.044073 2.500000
v -6.340419 0.871254 2.500000
v -6.142281 0.844027 2.300000
v -6.361847 0.697784 2.500000
v -6.378530 0.523794 2.500000
v -6.179201 0.507425 2.300000
v -6.390455 0.349413 2.500000
v -6.397613 0.174772 2.500000
v -6.197688 0.169310 2.300000
v -6.400000 -0.000000 2.500000
v -6.397613 -0.174772 2.500000
v -6.197688 -0.169310 2.300000
v -6.390455 -0.349413 2.500000
v -6.179201 -0.507425 2.300000
v -6.378530 -0.523794 2.500000
v -6.361847 -0.697784 2.500000
v -6.340419 -0.871254 2.500000
v -6.142281 -0.844027 2.300000
v -6.314262 -1.044073 2.500000
v -6.283396 -1.216114 2.500000
v -6.087040 -1.178111 2.300000
v -6.247843 -1.387248 2.500000
v -6.013641 -1.508681 2.300000
v -6.207630 -1.557348 2.500000
v -6.162786 -1.726285 2.500000
v -5.922305 -1.834750 2.300000
v -6.113347 -1.893935 2.500000
v -6.059347 -2.060173 2.500000
v -5.813302 -2.155346 2.300000
v -6.000828 -2.224874 2.500000
v -5.937833 -2.387915 2.500000
v -5.870409 -2.549176 2.500000
v -5.686959 -2.469514 2.300000
v -5.798607 -2.708534 2.500000
v -5.722479 -2.865873 2.500000
v -5.543652 -2.776315 2.300000
v -5.642084 -3.021074 2.500000
v -5.557480 -3.174022 2.500000
v -5.383809 -3.074834 2.300000
v -5.468731 -3.324603 2.500000
v -5.375903 -3.472703 2.500000
v -5.207906 -3.364181 2.300000
v -5.279065 -3.618214 2.500000
v -5.178290 -3.761026 2.500000
v -5.016469 -3.643494 2.300000
v -5.073652 -3.901032 2.500000
v -4.810067 -3.911937 2.300000
v -4.965230 -4.038129 2.500000
v -4.853105 -4.172214 2.500000
v -4.589318 -4.168713 2.300000
v -4.737360 -4.303187 2.500000
v -4.618082 -4.430951 2.500000
v -4.354878 -4.413053 2.300000
v -4.495358 -4.555409 2.500000
v -4.369283 -4.676470 2.500000
v -4.239948 -4.794043 2.500000
v -4.107450 -4.644228 2.300000
v -4.107450 -4.908040 2.500000
v -3.847768 -4.861551 2.300000
v -3.971889 -5.018376 2.500000
v -3.833366 -5.124969 2.500000
v -3.576609 -5.064373 2.300000
v -3.691983 -5.227739 2.500000
vn 0.999906 0.013718 0.000000
vn 0.999153 0.041146 0.000000
vn 0.999906 0.013718 0.000000
vn 0.997649 0.068538 0.000000
vn 0.999153 0.041146 0.000000
vn 0.995392 0.095884 0.000000
vn 0.997649 0.068538 0.000000
vn 0.992387 0.123156 0.000000
vn 0.995392 0.095884 0.000000
vn 0.988635 0.150333 0.000000
vn 0.992387 0.123156 0.000000
vn 0.984139 0.177399 0.000000
vn 0.988635 0.150333 0.000000
vn 0.978902 0.204333 0.000000
vn 0.984139 0.177399 0.000000
vn 0.972928 0.231109 0.000000
vn 0.978902 0.204333 0.000000
vn 0.966221 0.257716 0.000000
vn 0.972928 0.231109 0.000000
vn 0.966221 0.257716 0.000000
vn 0.958788 0.284124 0.000000
vn 0.958788 0.284124 0.000000
vn 0.950631 0.310323 0.000000
vn 0.950631 0.310323 0.000000
vn 0.941761 0.336284 0.000000
vn 0.941761 0.336284 0.000000
vn 0.932181 0.361994 0.000000
vn 0.932181 0.361994 0.000000
vn 0.921898 0.387432 0.000000
vn 0.921898 0.387432 0.000000
vn 0.910923 0.412575 0.000000
vn 0.910923 0.412575 0.000000
vn 0.899260 0.437414 0.000000
vn 0.899260 0.437414 0.000000
vn 0.886923 0.461917 0.000000
vn 0.886923 0.461917 0.000000
vn 0.873917 0.486075 0.000000
vn 0.860253 0.509868 0.000000
vn 0.873917 0.486075 0.000000
vn 0.860253 0.509868 0.000000
vn 0.845940 0.533277 0.000000
vn 0.830994 0.556281 0.000000
vn 0.845940 0.533277 0.000000
vn 0.815418 0.578873 0.000000
vn 0.830994 0.556281 0.000000
vn 0.799232 0.601023 0.000000
vn 0.815418 0.578873 0.000000
vn 0.782442 0.622724 0.000000
vn 0.799232 0.601023 0.000000
vn 0.765064 0.643954 0.000000
vn 0.782442 0.622724 0.000000
vn 0.747110 0.664701 0.000000
vn 0.765064 0.643954 0.000000
vn 0.728592 0.684948 0.000000
vn 0.747110 0.664701 0.000000
vn 0.709528 0.704678 0.000000
vn 0.728592 0.684948 0.000000
vn 0.689929 0.723877 0.000000
vn 0.709528 0.704678 0.000000
vn 0.669810 0.742533 0.000000
vn 0.689929 0.723877 0.000000
vn 0.649188 0.760628 0.000000
vn 0.669810 0.742533 0.000000
vn 0.628075 0.778153 0.000000
vn 0.649188 0.760628 0.000000
vn 0.606493 0.795089 0.000000
vn 0.628075 0.778153 0.000000
vn 0.584452 0.811429 0.000000
vn 0.606493 0.795089 0.000000
vn 0.584452 0.811429 0.000000
vn 0.561969 0.827158 0.000000
vn 0.561969 0.827158 0.000000
vn 0.539067 0.842263 0.000000
vn 0.539067 0.842263 0.000000
vn 0.515756 0.856735 0.000000
vn 0.515756 0.856735 0.000000
vn 0.492058 0.870562 0.000000
vn 0.467991 0.883733 0.000000
vn 0.492058 0.870562 0.000000
vn 0.467991 0.883733 0.000000
vn 0.443570 0.896240 0.000000
vn 0.443570 0.896240 0.000000
vn 0.418816 0.908071 0.000000
vn 0.393745 0.919220 0.000000
vn 0.418816 0.908071 0.000000
vn 0.368380 0.929675 0.000000
vn 0.393745 0.919220 0.000000
vn 0.342737 0.939431 0.000000
vn 0.368380 0.929675 0.000000
vn 0.316835 0.948481 0.000000
vn 0.342737 0.939431 0.000000
vn 0.290693 0.956816 0.000000
vn 0.316835 0.948481 0.000000
vn 0.264337 0.964431 0.000000
vn 0.290693 0.956816 0.000000
vn 0.237778 0.971319 0.000000
vn 0.264337 0.964431 0.000000
vn 0.211044 0.977477 0.000000
vn 0.237778 0.971319 0.000000
vn 0.184145 0.982899 0.000000
vn 0.211044 0.977477 0.000000
vn 0.157111 0.987581 0.000000
vn 0.184145 0.982899 0.000000
vn 0.129960 0.991519 0.000000
vn 0.157111 0.987581 0.000000
vn 0.102709 0.994711 0.000000
vn 0.129960 0.991519 0.000000
vn 0.075383 0.997155 0.000000
vn 0.102709 0.994711 0.000000
vn 0.047995 0.998848 0.000000
vn 0.075383 0.997155 0.000000
vn 0.020577 0.999788 0.000000
vn 0.047995 0.998848 0.000000
vn 0.020577 0.999788 0.000000
vn -0.006859 0.999976 0.000000
vn -0.006859 0.999976 0.000000
vn -0.034291 0.999412 0.000000
vn -0.061695 0.998095 0.000000
vn -0.034291 0.999412 0.000000
vn -0.089053 0.996027 0.000000
vn -0.061695 0.998095 0.000000
vn -0.089053 0.996027 0.000000
vn -0.116346 0.993209 0.000000
vn -0.116346 0.993209 0.000000
vn -0.143548 0.989643 0.000000
vn -0.143548 0.989643 0.000000
vn -0.170644 0.985333 0.000000
vn -0.197613 0.980280 0.000000
vn -0.170644 0.985333 0.000000
vn -0.197613 0.980280 0.000000
vn -0.224431 0.974490 0.000000
vn -0.251082 0.967966 0.000000
vn -0.224431 0.974490 0.000000
vn -0.251082 0.967966 0.000000
vn -0.277543 0.960713 0.000000
vn -0.303793 0.952738 0.000000
vn -0.277543 0.960713 0.000000
vn -0.303793 0.952738 0.000000
vn -0.329816 0.944045 0.000000
vn -0.329816 0.944045 0.000000
vn -0.355593 0.934641 0.000000
vn -0.355593 0.934641 0.000000
vn -0.381098 0.924535 0.000000
vn -0.381098 0.924535 0.000000
vn -0.406318 0.913732 0.000000
vn -0.406318 0.913732 0.000000
vn -0.431233 0.902240 0.000000
vn -0.455823 0.890071 0.000000
vn -0.431233 0.902240 0.000000
vn -0.455823 0.890071 0.000000
vn -0.480070 0.877230 0.000000
vn -0.503955 0.863730 0.000000
vn -0.480070 0.877230 0.000000
vn -0.503955 0.863730 0.000000
vn -0.527461 0.849579 0.000000
vn -0.527461 0.849579 0.000000
vn -0.550572 0.834788 0.000000
vn -0.550572 0.834788 0.000000
vn -0.573264 0.819371 0.000000
vn -0.573264 0.819371 0.000000
vn -0.595527 0.803336 0.000000
vn -0.595527 0.803336 0.000000
vn -0.617342 0.786695 0.000000
vn -0.617342 0.786695 0.000000
vn -0.659561 0.751652 0.000000
vn -0.638692 0.769463 0.000000
vn -0.638692 0.769463 0.000000
vn -0.659561 0.751652 0.000000
vn -0.699794 0.714345 0.000000
vn -0.679933 0.733274 0.000000
vn -0.679933 0.733274 0.000000
vn -0.719128 0.694878 0.000000
vn -0.699794 0.714345 0.000000
vn -0.719128 0.694878 0.000000
vn -0.737920 0.674888 0.000000
vn -0.756159 0.654388 0.000000
vn -0.737920 0.674888 0.000000
vn -0.756159 0.654388 0.000000
vn -0.773825 0.633400 0.000000
vn -0.773825 0.633400 0.000000
vn -0.790912 0.611930 0.000000
vn -0.790912 0.611930 0.000000
vn -0.807401 0.590003 0.000000
vn -0.823284 0.567630 0.000000
vn -0.807401 0.590003 0.000000
vn -0.823284 0.567630 0.000000
vn -0.838546 0.544832 0.000000
vn -0.838546 0.544832 0.000000
vn -0.853178 0.521620 0.000000
vn -0.867166 0.498019 0.000000
vn -0.853178 0.521620 0.000000
vn -0.867166 0.498019 0.000000
vn -0.880503 0.474041 0.000000
vn -0.880503 0.474041 0.000000
vn -0.893176 0.449707 0.000000
vn -0.905177 0.425035 0.000000
vn -0.893176 0.449707 0.000000
vn -0.905177 0.425035 0.000000
vn -0.916497 0.400041 0.000000
vn -0.927127 0.374748 0.000000
vn -0.916497 0.400041 0.000000
vn -0.927127 0.374748 0.000000
vn -0.937059 0.349172 0.000000
vn -0.937059 0.349172 0.000000
vn -0.954799 0.297251 0.000000
vn -0.946285 0.323334 0.000000
vn -0.946285 0.323334 0.000000
vn -0.954799 0.297251 0.000000
vn -0.969666 0.244433 0.000000
vn -0.962595 0.270945 0.000000
vn -0.962595 0.270945 0.000000
vn -0.976006 0.217743 0.000000
vn -0.969666 0.244433 0.000000
vn -0.976006 0.217743 0.000000
vn -0.981613 0.190883 0.000000
vn -0.981613 0.190883 0.000000
vn -0.986480 0.163882 0.000000
vn -0.986480 0.163882 0.000000
vn -0.993983 0.109531 0.000000
vn -0.990605 0.136757 0.000000
vn -0.990605 0.136757 0.000000
vn -0.996614 0.082219 0.000000
vn -0.993983 0.109531 0.000000
vn -0.996614 0.082219 0.000000
vn -0.998495 0.054848 0.000000
vn -0.998495 0.054848 0.000000
vn -0.999624 0.027434 0.000000
vn -0.999624 0.027434 0.000000
vn -1.000000 0.000000 0.000000
vn -0.999624 -0.027434 -0.000000
vn -1.000000 -0.000000 0.000000
vn -0.999624 -0.027434 0.000000
vn -0.998495 -0.054848 -0.000000
vn -0.998495 -0.054848 0.000000
vn -0.996614 -0.082219 -0.000000
vn -0.996614 -0.082219 0.000000
vn -0.993983 -0.109531 0.000000
vn -0.990605 -0.136757 -0.000000
vn -0.993983 -0.109531 0.000000
vn -0.986480 -0.163882 -0.000000
vn -0.990605 -0.136757 0.000000
vn -0.986480 -0.163882 0.000000
vn -0.976006 -0.217743 -0.000000
vn -0.981613 -0.190883 0.000000
vn -0.981613 -0.190883 0.000000
vn -0.976006 -0.217743 0.000000
vn -0.962595 -0.270945 -0.000000
vn -0.969666 -0.244433 0.000000
vn -0.969666 -0.244433 0.000000
vn -0.954799 -0.297251 -0.000000
vn -0.962595 -0.270945 0.000000
vn -0.954799 -0.297251 0.000000
vn -0.946285 -0.323334 0.000000
vn -0.946285 -0.323334 0.000000
vn -0.937059 -0.349172 0.000000
vn -0.937059 -0.349172 0.000000
vn -0.927127 -0.374748 0.000000
vn -0.927127 -0.374748 0.000000
vn -0.916497 -0.400041 0.000000
vn -0.916497 -0.400041 0.000000
vn -0.905177 -0.425035 0.000000
vn -0.905177 -0.425035 0.000000
vn -0.893176 -0.449707 0.000000
vn -0.893176 -0.449707 0.000000
vn -0.867166 -0.498019 -0.000000
vn -0.880503 -0.474041 0.000000
vn -0.880503 -0.474041 0.000000
vn -0.867166 -0.498019 0.000000
vn -0.838546 -0.544832 -0.000000
vn -0.853178 -0.521620 0.000000
vn -0.853178 -0.521620 0.000000
vn -0.823284 -0.567630 -0.000000
vn -0.838546 -0.544832 0.000000
vn -0.823284 -0.567630 0.000000
vn -0.807401 -0.590003 0.000000
vn -0.790912 -0.611930 -0.000000
vn -0.807401 -0.590003 0.000000
vn -0.790912 -0.611930 0.000000
vn -0.773825 -0.633400 0.000000
vn -0.773825 -0.633400 0.000000
vn -0.756159 -0.654388 0.000000
vn -0.756159 -0.654388 0.000000
vn -0.737920 -0.674888 0.000000
vn -0.737920 -0.674888 0.000000
vn -0.699794 -0.714345 -0.000000
vn -0.719128 -0.694878 0.000000
vn -0.719128 -0.694878 0.000000
vn -0.699794 -0.714345 0.000000
vn -0.679933 -0.733274 0.000000
vn -0.679933 -0.733274 0.000000
vn -0.638692 -0.769463 -0.000000
vn -0.659561 -0.751652 0.000000
vn -0.659561 -0.751652 0.000000
vn -0.617342 -0.786695 -0.000000
vn -0.638692 -0.769463 0.000000
vn -0.617342 -0.786695 0.000000
vn -0.573264 -0.819371 -0.000000
vn -0.595527 -0.803336 0.000000
vn -0.595527 -0.803336 0.000000
vn -0.573264 -0.819371 0.000000
vn -0.527461 -0.849579 -0.000000
vn -0.550572 -0.834788 0.000000
vn -0.550572 -0.834788 0.000000
vn -0.527461 -0.849579 0.000000
vn -0.480070 -0.877230 -0.000000
vn -0.503955 -0.863730 0.000000
vn -0.503955 -0.863730 0.000000
vn -0.455823 -0.890071 -0.000000
vn -0.480070 -0.877230 0.000000
vn -0.455823 -0.890071 0.000000
vn -0.431233 -0.902240 0.000000
vn -0.431233 -0.902240 0.000000
vn -0.406318 -0.913732 0.000000
vn -0.406318 -0.913732 0.000000
vn -0.381098 -0.924535 0.000000
vn -0.381098 -0.924535 0.000000
vn -0.355593 -0.934641 0.000000
vn -0.329816 -0.944045 -0.000000
vn -0.355593 -0.934641 0.000000
vn -0.329816 -0.944045 0.000000
vn -0.303793 -0.952738 0.000000
vn -0.277543 -0.960713 -0.000000
vn -0.303793 -0.952738 0.000000
vn -0.277543 -0.960713 0.000000
vn -0.251082 -0.967966 0.000000
vn -0.224431 -0.974490 -0.000000
vn -0.251082 -0.967966 0.000000
vn -0.224431 -0.974490 0.000000
vn -0.197613 -0.980280 0.000000
vn -0.197613 -0.980280 0.000000
vn -0.170644 -0.985333 0.000000
vn -0.170644 -0.985333 0.000000
vn -0.143548 -0.989643 0.000000
vn -0.116346 -0.993209 -0.000000
vn -0.143548 -0.989643 0.000000
vn -0.116346 -0.993209 0.000000
vn -0.089053 -0.996027 0.000000
vn -0.061695 -0.998095 -0.000000
vn -0.089053 -0.996027 0.000000
vn -0.061695 -0.998095 0.000000
vn -0.034291 -0.999412 -0.000000
vn -0.034291 -0.999412 0.000000
vn -0.006859 -0.999976 0.000000
vn 0.020577 -0.999788 0.000000
vn -0.006859 -0.999976 0.000000
vn 0.020577 -0.999788 0.000000
vn 0.047995 -0.998848 0.000000
vn 0.047995 -0.998848 0.000000
vn 0.075383 -0.997155 0.000000
vn 0.075383 -0.997155 0.000000
vn 0.102709 -0.994711 0.000000
vn 0.129960 -0.991519 0.000000
vn 0.102709 -0.994711 0.000000
vn 0.129960 -0.991519 0.000000
vn 0.157111 -0.987581 0.000000
vn 0.184145 -0.982899 0.000000
vn 0.157111 -0.987581 0.000000
vn 0.184145 -0.982899 0.000000
vn 0.211044 -0.977477 0.000000
vn 0.211044 -0.977477 0.000000
vn 0.237778 -0.971319 0.000000
vn 0.237778 -0.971319 0.000000
vn 0.290693 -0.956816 0.000000
vn 0.264337 -0.964431 0.000000
vn 0.264337 -0.964431 0.000000
vn 0.290693 -0.956816 0.000000
vn 0.316835 -0.948481 0.000000
vn 0.316835 -0.948481 0.000000
vn 0.368380 -0.929675 0.000000
vn 0.342737 -0.939431 0.000000
vn 0.342737 -0.939431 0.000000
vn 0.368380 -0.929675 0.000000
vn 0.393745 -0.919220 0.000000
vn 0.393745 -0.919220 0.000000
vn 0.418816 -0.908071 0.000000
vn 0.418816 -0.908071 0.000000
vn 0.443570 -0.896240 0.000000
vn 0.443570 -0.896240 0.000000
vn 0.467991 -0.883733 0.000000
vn 0.492058 -0.870562 0.000000
vn 0.467991 -0.883733 0.000000
vn 0.492058 -0.870562 0.000000
vn 0.515756 -0.856735 0.000000
vn 0.515756 -0.856735 0.000000
vn 0.539067 -0.842263 0.000000
vn 0.539067 -0.842263 0.000000
vn 0.561969 -0.827158 0.000000
vn 0.561969 -0.827158 0.000000
vn 0.584452 -0.811429 0.000000
vn 0.584452 -0.811429 0.000000
vn 0.606493 -0.795089 0.000000
vn 0.606493 -0.795089 0.000000
vn 0.628075 -0.778153 0.000000
vn 0.628075 -0.778153 0.000000
vn 0.649188 -0.760628 0.000000
vn 0.649188 -0.760628 0.000000
vn 0.669810 -0.742533 0.000000
vn 0.689929 -0.723877 0.000000
vn 0.669810 -0.742533 0.000000
vn 0.689929 -0.723877 0.000000
vn 0.709528 -0.704678 0.000000
vn 0.709528 -0.704678 0.000000
vn 0.728592 -0.684948 0.000000
vn 0.728592 -0.684948 0.000000
vn 0.747110 -0.664701 0.000000
vn 0.747110 -0.664701 0.000000
vn 0.782442 -0.622724 0.000000
vn 0.765064 -0.643954 0.000000
vn 0.765064 -0.643954 0.000000
vn 0.782442 -0.622724 0.000000
vn 0.799232 -0.601023 0.000000
vn 0.799232 -0.601023 0.000000
vn 0.815418 -0.578873 0.000000
vn 0.815418 -0.578873 0.000000
vn 0.830994 -0.556281 0.000000
vn 0.830994 -0.556281 0.000000
vn 0.845940 -0.533277 0.000000
vn 0.845940 -0.533277 0.000000
vn 0.860253 -0.509868 0.000000
vn 0.860253 -0.509868 0.000000
vn 0.886923 -0.461917 0.000000
vn 0.873917 -0.486075 0.000000
vn 0.873917 -0.486075 0.000000
vn 0.886923 -0.461917 0.000000
vn 0.899260 -0.437414 0.000000
vn 0.899260 -0.437414 0.000000
vn 0.910923 -0.412575 0.000000
vn 0.921898 -0.387432 0.000000
vn 0.910923 -0.412575 0.000000
vn 0.921898 -0.387432 0.000000
vn 0.932181 -0.361994 0.000000
vn 0.941761 -0.336284 0.000000
vn 0.932181 -0.361994 0.000000
vn 0.941761 -0.336284 0.000000
vn 0.950631 -0.310323 0.000000
vn 0.958788 -0.284124 0.000000
vn 0.950631 -0.310323 0.000000
vn 0.958788 -0.284124 0.000000
vn 0.966221 -0.257716 0.000000
vn 0.966221 -0.257716 0.000000
vn 0.972928 -0.231109 0.000000
vn 0.972928 -0.231109 0.000000
vn 0.978902 -0.204333 0.000000
vn 0.984139 -0.177399 0.000000
vn 0.978902 -0.204333 0.000000
vn 0.984139 -0.177399 0.000000
vn 0.988635 -0.150333 0.000000
vn 0.988635 -0.150333 0.000000
vn 0.992387 -0.123156 0.000000
vn 0.992387 -0.123156 0.000000
vn 0.995392 -0.095884 0.000000
vn 0.995392 -0.095884 0.000000
vn 0.997649 -0.068538 0.000000
vn 0.997649 -0.068538 0.000000
vn 0.999153 -0.041146 0.000000
vn 0.999153 -0.041146 0.000000
vn 0.999906 -0.013718 0.000000
vn 0.999906 -0.013718 0.000000
vn -0.538600 -0.463198 -0.703816
vn -0.507796 -0.487403 -0.710339
vn -0.507100 -0.490000 -0.709048
vn -0.495485 -0.505787 -0.706168
vn -0.512519 -0.491937 -0.703791
vn -0.509952 -0.492756 -0.705082
vn -0.494220 -0.504497 -0.707976
vn -0.479501 -0.517119 -0.708990
vn -0.466992 -0.532196 -0.706177
vn -0.480404 -0.514387 -0.710365
vn -0.482119 -0.519940 -0.705141
vn -0.465812 -0.530851 -0.707966
vn -0.484907 -0.519208 -0.703767
vn -0.450454 -0.542683 -0.708933
vn -0.437094 -0.557001 -0.706186
vn -0.451581 -0.539835 -0.710389
vn -0.452838 -0.545556 -0.705199
vn -0.436002 -0.555607 -0.707957
vn -0.455845 -0.544933 -0.703743
vn -0.425421 -0.569031 -0.703719
vn -0.420045 -0.566620 -0.708875
vn -0.405881 -0.580128 -0.706196
vn 0.707073 0.009701 -0.707073
vn -0.421413 -0.563670 -0.710414
vn -0.422199 -0.569526 -0.705258
vn -0.404877 -0.578692 -0.707948
vn -0.393724 -0.591433 -0.703696
vn -0.388367 -0.588850 -0.708820
vn -0.373445 -0.601507 -0.706207
vn -0.389989 -0.585822 -0.710437
vn -0.390295 -0.591778 -0.705314
vn -0.372534 -0.600037 -0.707937
vn -0.357404 -0.606224 -0.710461
vn -0.355513 -0.609315 -0.708764
vn -0.339887 -0.621074 -0.706218
vn -0.357222 -0.612245 -0.705371
vn -0.339067 -0.619575 -0.707926
vn -0.360850 -0.612070 -0.703674
vn -0.323754 -0.624817 -0.710484
vn -0.326896 -0.630882 -0.703652
vn -0.321583 -0.627945 -0.708709
vn -0.305306 -0.638770 -0.706230
vn -0.323079 -0.630867 -0.705427
vn -0.304580 -0.637251 -0.707914
vn 0.707074 0.009700 -0.707074
vn -0.291966 -0.647811 -0.703631
vn -0.289141 -0.641544 -0.710506
vn -0.286680 -0.644688 -0.708655
vn -0.269806 -0.654543 -0.706242
vn -0.287968 -0.647587 -0.705482
vn -0.269174 -0.653008 -0.707902
vn -0.253668 -0.656357 -0.710527
vn -0.256161 -0.662807 -0.703611
vn -0.250910 -0.659491 -0.708601
vn -0.233496 -0.668344 -0.706255
vn -0.251998 -0.662356 -0.705537
vn -0.232958 -0.666801 -0.707889
vn -0.219589 -0.675826 -0.703591
vn -0.217440 -0.669210 -0.710548
vn -0.214375 -0.672313 -0.708547
vn -0.196485 -0.680132 -0.706268
vn -0.215274 -0.675129 -0.705591
vn -0.196038 -0.678587 -0.707876
vn -0.180565 -0.680066 -0.710568
vn -0.177192 -0.683109 -0.708495
vn -0.158881 -0.689871 -0.706282
vn -0.182360 -0.686828 -0.703571
vn -0.177907 -0.685868 -0.705644
vn -0.158528 -0.688331 -0.707862
vn -0.144585 -0.695780 -0.703552
vn -0.139469 -0.691851 -0.708443
vn -0.120802 -0.697532 -0.706297
vn -0.143153 -0.688892 -0.710588
vn -0.140010 -0.694542 -0.705697
vn -0.120538 -0.696004 -0.707848
vn -0.101320 -0.698511 -0.708390
vn -0.082361 -0.703093 -0.706312
vn -0.106376 -0.702655 -0.703534
vn -0.105317 -0.695663 -0.710606
vn -0.101700 -0.701124 -0.705749
vn -0.082183 -0.701583 -0.707833
vn -0.067168 -0.700357 -0.710625
vn -0.067847 -0.707433 -0.703517
vn -0.062860 -0.703067 -0.708339
vn -0.043673 -0.706536 -0.706328
vn -0.063088 -0.705596 -0.705800
vn -0.043581 -0.705051 -0.707816
vn -0.024290 -0.707943 -0.705852
vn -0.004846 -0.706396 -0.707800
vn -0.029115 -0.710100 -0.703499
vn -0.028822 -0.702963 -0.710643
vn -0.024207 -0.705507 -0.708289
vn -0.004855 -0.707852 -0.706344
vn 0.014575 -0.708159 -0.705902
vn 0.033907 -0.705615 -0.707784
vn 0.009609 -0.703470 -0.710660
vn 0.009707 -0.710646 -0.703482
vn 0.014527 -0.705824 -0.708239
vn 0.033974 -0.707036 -0.706361
vn 0.053389 -0.706245 -0.705951
vn 0.072560 -0.702711 -0.707766
vn 0.048502 -0.709071 -0.703467
vn 0.053222 -0.704014 -0.708189
vn 0.048010 -0.701878 -0.710677
vn 0.072701 -0.704091 -0.706379
vn 0.092039 -0.702204 -0.706001
vn 0.110994 -0.697691 -0.707748
vn 0.087153 -0.705380 -0.703451
vn 0.091761 -0.700083 -0.708141
vn 0.111206 -0.699026 -0.706397
vn 0.086265 -0.698194 -0.710693
vn 0.130406 -0.696052 -0.706050
vn 0.149097 -0.690572 -0.707729
vn 0.124262 -0.692425 -0.710708
vn 0.130028 -0.694044 -0.708093
vn 0.149376 -0.691855 -0.706416
vn 0.125546 -0.699583 -0.703436
vn 0.163565 -0.691697 -0.703422
vn 0.168375 -0.687804 -0.706098
vn 0.186754 -0.681373 -0.707710
vn 0.161885 -0.684592 -0.710723
vn 0.167911 -0.685914 -0.708045
vn 0.187092 -0.682603 -0.706435
vn 0.205831 -0.677490 -0.706145
vn 0.223851 -0.670124 -0.707690
vn 0.201099 -0.681745 -0.703408
vn 0.205292 -0.675717 -0.707998
vn 0.224242 -0.671294 -0.706455
vn 0.199025 -0.674716 -0.710737
vn 0.242665 -0.665136 -0.706192
vn 0.260276 -0.656856 -0.707670
vn 0.238033 -0.669759 -0.703395
vn 0.235569 -0.662827 -0.710752
vn 0.242062 -0.663484 -0.707952
vn 0.260716 -0.657966 -0.706476
vn 0.278761 -0.650784 -0.706238
vn 0.295920 -0.641611 -0.707649
vn 0.274257 -0.655772 -0.703382
vn 0.271408 -0.648962 -0.710764
vn 0.278105 -0.649251 -0.707906
vn 0.296403 -0.642657 -0.706497
vn 0.314016 -0.634474 -0.706284
vn 0.330676 -0.624433 -0.707627
vn 0.309664 -0.639827 -0.703370
vn 0.306438 -0.633160 -0.710777
vn 0.313317 -0.633061 -0.707860
vn 0.331194 -0.625413 -0.706519
vn 0.344148 -0.621972 -0.703359
vn 0.348320 -0.616257 -0.706329
vn 0.364438 -0.605376 -0.707605
vn 0.340551 -0.615471 -0.710789
vn 0.347588 -0.614963 -0.707816
vn 0.364986 -0.606288 -0.706541
vn 0.381572 -0.596187 -0.706374
vn 0.397106 -0.584495 -0.707583
vn 0.377605 -0.602259 -0.703348
vn 0.380819 -0.595010 -0.707771
vn 0.397677 -0.585338 -0.706563
vn 0.373647 -0.595946 -0.710800
vn 0.413671 -0.574325 -0.706418
vn 0.428578 -0.561854 -0.707560
vn 0.409936 -0.580748 -0.703338
vn 0.412907 -0.573263 -0.707727
vn 0.405627 -0.574643 -0.710811
vn 0.429170 -0.562626 -0.706586
vn 0.436398 -0.551627 -0.710820
vn 0.441046 -0.557502 -0.703328
vn 0.444522 -0.550739 -0.706461
vn 0.458766 -0.537520 -0.707535
vn 0.443753 -0.549787 -0.707685
vn 0.459367 -0.538222 -0.706611
vn 0.488178 -0.512199 -0.706635
vn 0.470838 -0.532593 -0.703318
vn 0.474031 -0.525497 -0.706504
vn 0.487574 -0.511567 -0.707511
vn 0.465863 -0.526965 -0.710830
vn 0.473268 -0.524652 -0.707642
vn 0.501362 -0.497935 -0.707600
vn 0.515517 -0.484637 -0.706660
vn 0.502110 -0.498677 -0.706546
vn 0.514916 -0.484071 -0.707486
vn 0.493938 -0.500732 -0.710839
vn 0.499225 -0.506092 -0.703310
vn 0.527949 -0.469714 -0.707559
vn 0.541304 -0.455615 -0.706686
vn 0.528674 -0.470359 -0.706588
vn 0.540712 -0.455116 -0.707460
vn 0.526124 -0.478079 -0.703302
vn 0.520540 -0.473006 -0.710847
vn 0.552948 -0.440076 -0.707518
vn 0.565457 -0.425224 -0.706713
vn 0.553644 -0.440630 -0.706628
vn 0.564879 -0.424792 -0.707434
vn 0.545588 -0.443868 -0.710855
vn 0.551452 -0.448639 -0.703295
vn 0.576285 -0.409110 -0.707478
vn 0.587907 -0.393554 -0.706740
vn 0.576946 -0.409576 -0.706669
vn 0.587351 -0.393184 -0.707407
vn 0.569007 -0.413408 -0.710862
vn 0.575135 -0.417860 -0.703287
vn 0.597890 -0.376907 -0.707438
vn 0.608583 -0.360704 -0.706767
vn 0.598507 -0.377296 -0.706708
vn 0.608056 -0.360392 -0.707379
vn 0.597100 -0.385831 -0.703282
vn 0.590729 -0.381714 -0.710868
vn 0.617697 -0.343565 -0.707399
vn 0.627426 -0.326769 -0.706795
vn 0.618266 -0.343881 -0.706748
vn 0.626932 -0.326512 -0.707352
vn 0.617284 -0.352652 -0.703276
vn 0.610686 -0.348883 -0.710875
vn 0.628823 -0.315011 -0.710880
vn 0.635625 -0.318418 -0.703271
vn 0.635645 -0.309187 -0.707361
vn 0.644378 -0.291852 -0.706824
vn 0.636162 -0.309437 -0.706787
vn 0.643921 -0.291648 -0.707324
vn 0.645083 -0.280199 -0.710884
vn 0.651682 -0.273872 -0.707322
vn 0.659388 -0.256060 -0.706853
vn 0.652141 -0.274064 -0.706824
vn 0.658976 -0.255901 -0.707294
vn 0.652070 -0.283234 -0.703266
vn 0.665757 -0.237728 -0.707285
vn 0.672411 -0.219501 -0.706882
vn 0.659418 -0.244551 -0.710889
vn 0.666568 -0.247203 -0.703262
vn 0.666156 -0.237872 -0.706861
vn 0.672049 -0.219381 -0.707264
vn 0.671785 -0.208175 -0.710893
vn 0.679076 -0.210435 -0.703259
vn 0.677829 -0.200866 -0.707249
vn 0.683408 -0.182283 -0.706913
vn 0.678165 -0.200967 -0.706898
vn 0.683099 -0.182199 -0.707233
vn 0.687861 -0.163394 -0.707213
vn 0.692347 -0.144518 -0.706944
vn 0.688132 -0.163458 -0.706934
vn 0.692094 -0.144465 -0.707203
vn 0.682147 -0.171178 -0.710896
vn 0.689558 -0.173038 -0.703255
vn 0.695822 -0.125428 -0.707177
vn 0.699201 -0.106322 -0.706975
vn 0.696026 -0.125466 -0.706970
vn 0.699007 -0.106292 -0.707171
vn 0.690475 -0.133671 -0.710898
vn 0.697980 -0.135124 -0.703254
vn 0.701689 -0.087080 -0.707142
vn 0.703947 -0.067810 -0.707008
vn 0.701825 -0.087097 -0.707005
vn 0.703817 -0.067797 -0.707139
vn 0.696743 -0.095765 -0.710900
vn 0.704319 -0.096806 -0.703252
vn 0.703029 -0.019210 -0.710901
vn 0.700931 -0.057574 -0.710901
vn 0.705444 -0.048464 -0.707107
vn 0.706575 -0.029097 -0.707040
vn 0.705511 -0.048470 -0.707039
vn 0.706508 -0.029094 -0.707107
vn 0.710678 -0.019419 -0.703250
vn 0.708556 -0.058200 -0.703250
vn 0.707073 -0.009701 -0.707073
vn 0.707074 -0.009700 -0.707074
vn 0.706575 0.029097 -0.707040
vn 0.705444 0.048464 -0.707107
vn 0.706508 0.029094 -0.707107
vn 0.705511 0.048470 -0.707039
vn 0.703029 0.019210 -0.710901
vn 0.710678 0.019419 -0.703250
vn 0.703947 0.067810 -0.707008
vn 0.701689 0.087080 -0.707142
vn 0.703817 0.067797 -0.707139
vn 0.701825 0.087097 -0.707005
vn 0.700931 0.057574 -0.710901
vn 0.708556 0.058200 -0.703250
vn 0.699201 0.106321 -0.706975
vn 0.695822 0.125428 -0.707177
vn 0.704319 0.096806 -0.703252
vn 0.699007 0.106292 -0.707171
vn 0.696026 0.125466 -0.706970
vn 0.696743 0.095765 -0.710900
vn 0.692347 0.144518 -0.706944
vn 0.687861 0.163394 -0.707213
vn 0.690475 0.133671 -0.710898
vn 0.692094 0.144465 -0.707203
vn 0.688132 0.163458 -0.706934
vn 0.697980 0.135124 -0.703254
vn 0.683408 0.182283 -0.706913
vn 0.677829 0.200866 -0.707249
vn 0.683099 0.182199 -0.707233
vn 0.678165 0.200967 -0.706898
vn 0.682147 0.171178 -0.710896
vn 0.689558 0.173038 -0.703255
vn 0.672411 0.219501 -0.706882
vn 0.665757 0.237728 -0.707285
vn 0.679076 0.210435 -0.703259
vn 0.672049 0.219381 -0.707264
vn 0.666156 0.237872 -0.706861
vn 0.671785 0.208175 -0.710893
vn 0.659388 0.256060 -0.706853
vn 0.651682 0.273872 -0.707322
vn 0.659418 0.244551 -0.710889
vn 0.658976 0.255901 -0.707294
vn 0.652141 0.274064 -0.706824
vn 0.666568 0.247203 -0.703262
vn 0.644378 0.291852 -0.706824
vn 0.635645 0.309187 -0.707361
vn 0.643921 0.291648 -0.707324
vn 0.636162 0.309437 -0.706787
vn 0.645083 0.280199 -0.710884
vn 0.652070 0.283234 -0.703266
vn 0.628823 0.315011 -0.710880
vn 0.627426 0.326769 -0.706795
vn 0.617697 0.343565 -0.707399
vn 0.635625 0.318418 -0.703271
vn 0.626932 0.326512 -0.707352
vn 0.618266 0.343881 -0.706748
vn 0.608583 0.360704 -0.706767
vn 0.597890 0.376907 -0.707438
vn 0.608056 0.360392 -0.707379
vn 0.598507 0.377296 -0.706708
vn 0.610686 0.348883 -0.710875
vn 0.617284 0.352652 -0.703276
vn 0.587907 0.393554 -0.706740
vn 0.576285 0.409110 -0.707478
vn 0.587351 0.393184 -0.707407
vn 0.576946 0.409576 -0.706669
vn 0.590729 0.381714 -0.710868
vn 0.597100 0.385831 -0.703282
vn 0.569007 0.413408 -0.710862
vn 0.565457 0.425224 -0.706713
vn 0.552948 0.440076 -0.707518
vn 0.575135 0.417860 -0.703287
vn 0.564879 0.424792 -0.707434
vn 0.553644 0.440630 -0.706628
vn 0.541304 0.455615 -0.706686
vn 0.527949 0.469714 -0.707559
vn 0.545588 0.443868 -0.710855
vn 0.540712 0.455116 -0.707460
vn 0.528674 0.470359 -0.706588
vn 0.551452 0.448639 -0.703295
vn 0.526124 0.478079 -0.703302
vn 0.515517 0.484637 -0.706660
vn 0.501362 0.497935 -0.707600
vn 0.514916 0.484071 -0.707486
vn 0.502110 0.498677 -0.706546
vn 0.520540 0.473006 -0.710847
vn 0.488178 0.512199 -0.706635
vn 0.473268 0.524652 -0.707642
vn 0.493938 0.500732 -0.710839
vn 0.499225 0.506092 -0.703310
vn 0.487574 0.511567 -0.707511
vn 0.474031 0.525497 -0.706504
vn 0.459367 0.538222 -0.706611
vn 0.443753 0.549787 -0.707685
vn 0.465863 0.526965 -0.710830
vn 0.458766 0.537520 -0.707535
vn 0.444522 0.550739 -0.706461
vn 0.470838 0.532593 -0.703318
vn 0.436398 0.551627 -0.710820
vn 0.441046 0.557502 -0.703328
vn 0.429170 0.562626 -0.706586
vn 0.412907 0.573263 -0.707727
vn 0.428578 0.561854 -0.707560
vn 0.413671 0.574325 -0.706418
vn 0.397677 0.585338 -0.706563
vn 0.380819 0.595010 -0.707771
vn 0.405627 0.574643 -0.710811
vn 0.409936 0.580748 -0.703338
vn 0.397105 0.584495 -0.707583
vn 0.381572 0.596187 -0.706374
vn 0.364986 0.606288 -0.706541
vn 0.347588 0.614963 -0.707816
vn 0.364438 0.605376 -0.707605
vn 0.348320 0.616257 -0.706329
vn 0.373647 0.595946 -0.710800
vn 0.377605 0.602259 -0.703348
vn 0.340551 0.615471 -0.710789
vn 0.344148 0.621972 -0.703359
vn 0.331194 0.625413 -0.706519
vn 0.313317 0.633061 -0.707860
vn 0.330676 0.624433 -0.707627
vn 0.314016 0.634474 -0.706284
vn 0.296403 0.642657 -0.706497
vn 0.278105 0.649251 -0.707906
vn 0.306438 0.633160 -0.710777
vn 0.309664 0.639827 -0.703370
vn 0.295920 0.641611 -0.707649
vn 0.278761 0.650784 -0.706238
vn 0.274257 0.655772 -0.703382
vn 0.260716 0.657966 -0.706476
vn 0.242062 0.663484 -0.707952
vn 0.260276 0.656856 -0.707670
vn 0.242665 0.665136 -0.706192
vn 0.271408 0.648962 -0.710764
vn 0.235569 0.662827 -0.710752
vn 0.238033 0.669759 -0.703395
vn 0.224242 0.671294 -0.706455
vn 0.205292 0.675717 -0.707998
vn 0.223851 0.670124 -0.707690
vn 0.205831 0.677490 -0.706145
vn 0.187092 0.682603 -0.706435
vn 0.167911 0.685914 -0.708045
vn 0.199025 0.674716 -0.710737
vn 0.201099 0.681745 -0.703408
vn 0.186754 0.681373 -0.707711
vn 0.168375 0.687804 -0.706098
vn 0.163565 0.691697 -0.703422
vn 0.149376 0.691855 -0.706416
vn 0.130028 0.694044 -0.708093
vn 0.149097 0.690572 -0.707729
vn 0.130406 0.696052 -0.706050
vn 0.161885 0.684592 -0.710723
vn 0.124262 0.692425 -0.710708
vn 0.125546 0.699583 -0.703436
vn 0.111206 0.699026 -0.706397
vn 0.091761 0.700083 -0.708141
vn 0.110994 0.697691 -0.707748
vn 0.092039 0.702204 -0.706001
vn 0.072701 0.704091 -0.706379
vn 0.053222 0.704014 -0.708189
vn 0.086265 0.698194 -0.710693
vn 0.087153 0.705380 -0.703451
vn 0.072560 0.702711 -0.707766
vn 0.053389 0.706245 -0.705951
vn 0.048502 0.709071 -0.703467
vn 0.033974 0.707036 -0.706361
vn 0.014527 0.705824 -0.708239
vn 0.033907 0.705615 -0.707784
vn 0.014575 0.708159 -0.705902
vn 0.048010 0.701878 -0.710677
vn 0.009609 0.703470 -0.710660
vn 0.009707 0.710646 -0.703482
vn -0.004855 0.707852 -0.706344
vn -0.024207 0.705507 -0.708289
vn -0.004846 0.706396 -0.707800
vn -0.024290 0.707943 -0.705852
vn -0.043673 0.706536 -0.706328
vn -0.062860 0.703067 -0.708339
vn -0.028822 0.702963 -0.710643
vn -0.043581 0.705051 -0.707816
vn -0.063088 0.705596 -0.705800
vn -0.029115 0.710100 -0.703499
vn -0.067168 0.700357 -0.710625
vn -0.067847 0.707433 -0.703517
vn -0.082361 0.703093 -0.706312
vn -0.101320 0.698511 -0.708390
vn -0.082183 0.701583 -0.707833
vn -0.101700 0.701124 -0.705749
vn -0.105317 0.695663 -0.710606
vn -0.106376 0.702655 -0.703534
vn -0.120802 0.697532 -0.706297
vn -0.139469 0.691851 -0.708443
vn -0.120538 0.696004 -0.707848
vn -0.140010 0.694542 -0.705697
vn -0.158881 0.689871 -0.706282
vn -0.177192 0.683109 -0.708495
vn -0.143153 0.688892 -0.710588
vn -0.158528 0.688331 -0.707862
vn -0.177907 0.685868 -0.705644
vn -0.144585 0.695780 -0.703552
vn -0.180565 0.680066 -0.710568
vn -0.182360 0.686828 -0.703571
vn -0.196485 0.680132 -0.706268
vn -0.214375 0.672313 -0.708547
vn -0.196038 0.678587 -0.707876
vn -0.215274 0.675129 -0.705591
vn -0.232958 0.666801 -0.707889
vn -0.251998 0.662356 -0.705537
vn -0.219589 0.675826 -0.703591
vn -0.217440 0.669210 -0.710548
vn -0.233496 0.668344 -0.706255
vn -0.250910 0.659491 -0.708601
vn -0.269174 0.653008 -0.707902
vn -0.287968 0.647587 -0.705482
vn -0.269806 0.654543 -0.706242
vn -0.286680 0.644688 -0.708655
vn -0.256161 0.662807 -0.703611
vn -0.253668 0.656357 -0.710527
vn -0.304580 0.637251 -0.707914
vn -0.323079 0.630867 -0.705427
vn -0.291966 0.647811 -0.703631
vn -0.289141 0.641544 -0.710506
vn -0.305306 0.638770 -0.706230
vn -0.321583 0.627945 -0.708709
vn -0.339067 0.619575 -0.707926
vn -0.357222 0.612245 -0.705371
vn -0.326896 0.630882 -0.703652
vn -0.339887 0.621074 -0.706218
vn -0.323754 0.624817 -0.710484
vn -0.355513 0.609314 -0.708764
vn -0.357404 0.606224 -0.710461
vn -0.372534 0.600037 -0.707937
vn -0.390295 0.591778 -0.705314
vn -0.373445 0.601507 -0.706207
vn -0.388367 0.588850 -0.708820
vn -0.360850 0.612070 -0.703674
vn -0.404877 0.578692 -0.707948
vn -0.422199 0.569526 -0.705258
vn -0.393724 0.591433 -0.703696
vn -0.389989 0.585822 -0.710437
vn -0.405881 0.580128 -0.706196
vn -0.420045 0.566620 -0.708875
vn -0.436002 0.555607 -0.707957
vn -0.452838 0.545556 -0.705199
vn -0.425421 0.569031 -0.703719
vn -0.421413 0.563670 -0.710414
vn -0.437094 0.557001 -0.706186
vn -0.450454 0.542683 -0.708933
vn -0.451581 0.539835 -0.710389
vn -0.465812 0.530851 -0.707966
vn -0.482119 0.519940 -0.705141
vn -0.466992 0.532196 -0.706177
vn -0.479501 0.517119 -0.708990
vn -0.455845 0.544933 -0.703743
vn -0.480404 0.514387 -0.710365
vn -0.484907 0.519208 -0.703767
vn -0.494220 0.504497 -0.707976
vn -0.509951 0.492756 -0.705082
vn -0.495485 0.505787 -0.706168
vn -0.507100 0.490000 -0.709048
vn -0.521141 0.476625 -0.707984
vn -0.536255 0.464083 -0.705023
vn -0.507796 0.487403 -0.710339
vn -0.512519 0.491937 -0.703791
vn -0.522486 0.477856 -0.706160
vn -0.533168 0.461410 -0.709107
vn -0.546492 0.447320 -0.707991
vn -0.560949 0.434009 -0.704963
vn -0.538600 0.463198 -0.703816
vn -0.533675 0.458963 -0.710312
vn -0.547914 0.448485 -0.706152
vn -0.557626 0.431436 -0.709166
vn -0.557964 0.429151 -0.710286
vn -0.570199 0.416667 -0.707998
vn -0.583957 0.402624 -0.704903
vn -0.571694 0.417762 -0.706145
vn -0.580400 0.400169 -0.709225
vn -0.563071 0.433079 -0.703842
vn -0.592188 0.384763 -0.708004
vn -0.605215 0.370020 -0.704841
vn -0.580590 0.398056 -0.710258
vn -0.585860 0.401669 -0.703868
vn -0.593752 0.385781 -0.706139
vn -0.601424 0.367701 -0.709286
vn -0.612395 0.351702 -0.708010
vn -0.624653 0.336297 -0.704778
vn -0.606898 0.369062 -0.703895
vn -0.601485 0.365771 -0.710230
vn -0.614022 0.352637 -0.706133
vn -0.620631 0.334133 -0.709346
vn -0.637968 0.299564 -0.709407
vn -0.630758 0.317582 -0.708015
vn -0.642213 0.301557 -0.704716
vn -0.626122 0.335357 -0.703922
vn -0.620587 0.332392 -0.710202
vn -0.632444 0.318430 -0.706128
vn -0.648961 0.283264 -0.706123
vn -0.653380 0.264098 -0.709469
vn -0.637839 0.298019 -0.710173
vn -0.643476 0.300653 -0.703950
vn -0.647223 0.282506 -0.708020
vn -0.657844 0.265903 -0.704653
vn -0.663525 0.247246 -0.706119
vn -0.666822 0.227845 -0.709532
vn -0.661740 0.246582 -0.708024
vn -0.671499 0.229442 -0.704589
vn -0.653190 0.262754 -0.710143
vn -0.658908 0.265054 -0.703979
vn -0.676090 0.210482 -0.706116
vn -0.678254 0.190911 -0.709595
vn -0.674265 0.209914 -0.708028
vn -0.683133 0.192284 -0.704526
vn -0.666593 0.226701 -0.710113
vn -0.672372 0.228667 -0.704008
vn -0.678009 0.189969 -0.710082
vn -0.686620 0.173083 -0.706113
vn -0.687642 0.153410 -0.709657
vn -0.683828 0.191599 -0.704038
vn -0.684760 0.172617 -0.708030
vn -0.692714 0.154541 -0.704460
vn -0.695082 0.135165 -0.706110
vn -0.694957 0.115452 -0.709722
vn -0.687402 0.152667 -0.710050
vn -0.693195 0.134799 -0.708033
vn -0.700212 0.116325 -0.704394
vn -0.693241 0.153964 -0.704068
vn -0.701451 0.096838 -0.706108
vn -0.700179 0.077155 -0.709786
vn -0.699543 0.096575 -0.708035
vn -0.705603 0.077752 -0.704329
vn -0.694746 0.114907 -0.710018
vn -0.700584 0.115872 -0.704099
vn -0.705707 0.058220 -0.706107
vn -0.705836 0.077437 -0.704131
vn -0.703291 0.038632 -0.709852
vn -0.703786 0.058062 -0.708036
vn -0.708871 0.038938 -0.704262
vn -0.700017 0.076798 -0.709985
vn -0.707839 0.019426 -0.706107
vn -0.705910 0.019374 -0.708036
vn -0.708979 0.038775 -0.704162
vn -0.703200 0.038459 -0.709951
vn -0.704285 -0.000000 -0.709917
vn -0.707839 -0.019426 -0.706107
vn -0.710007 0.000000 -0.704195
vn -0.705910 -0.019374 -0.708036
vn -0.704285 -0.000000 -0.709917
vn -0.710007 0.000000 -0.704195
vn -0.703200 -0.038459 -0.709951
vn -0.703291 -0.038632 -0.709852
vn -0.705707 -0.058220 -0.706107
vn -0.708871 -0.038938 -0.704262
vn -0.703786 -0.058062 -0.708036
vn -0.708979 -0.038775 -0.704162
vn -0.700017 -0.076798 -0.709985
vn -0.705836 -0.077437 -0.704131
vn -0.700179 -0.077155 -0.709786
vn -0.701451 -0.096838 -0.706108
vn -0.705603 -0.077752 -0.704329
vn -0.699543 -0.096575 -0.708035
vn -0.694746 -0.114907 -0.710018
vn -0.694957 -0.115452 -0.709722
vn -0.695082 -0.135165 -0.706110
vn -0.700584 -0.115872 -0.704099
vn -0.700212 -0.116325 -0.704394
vn -0.693195 -0.134799 -0.708033
vn -0.687642 -0.153410 -0.709658
vn -0.686620 -0.173083 -0.706113
vn -0.687402 -0.152667 -0.710050
vn -0.693241 -0.153964 -0.704068
vn -0.692714 -0.154541 -0.704460
vn -0.684760 -0.172617 -0.708030
vn -0.678008 -0.189969 -0.710082
vn -0.678254 -0.190911 -0.709595
vn -0.676090 -0.210482 -0.706116
vn -0.683133 -0.192284 -0.704526
vn -0.674265 -0.209914 -0.708028
vn -0.683828 -0.191599 -0.704038
vn -0.666593 -0.226701 -0.710113
vn -0.666822 -0.227845 -0.709532
vn -0.663525 -0.247246 -0.706119
vn -0.672372 -0.228667 -0.704008
vn -0.671499 -0.229442 -0.704589
vn -0.661740 -0.246582 -0.708024
vn -0.653380 -0.264098 -0.709469
vn -0.648961 -0.283264 -0.706123
vn -0.657844 -0.265903 -0.704653
vn -0.647223 -0.282506 -0.708020
vn -0.653190 -0.262754 -0.710143
vn -0.658908 -0.265054 -0.703979
vn -0.637968 -0.299564 -0.709407
vn -0.632444 -0.318430 -0.706128
vn -0.642213 -0.301557 -0.704716
vn -0.630758 -0.317582 -0.708015
vn -0.637839 -0.298019 -0.710173
vn -0.643476 -0.300653 -0.703950
vn -0.620631 -0.334133 -0.709346
vn -0.614022 -0.352637 -0.706133
vn -0.620587 -0.332392 -0.710202
vn -0.624653 -0.336297 -0.704778
vn -0.612395 -0.351702 -0.708010
vn -0.626122 -0.335357 -0.703922
vn -0.606898 -0.369062 -0.703895
vn -0.601424 -0.367701 -0.709286
vn -0.593752 -0.385781 -0.706139
vn -0.605215 -0.370020 -0.704841
vn -0.592188 -0.384763 -0.708004
vn -0.601485 -0.365771 -0.710230
vn -0.580590 -0.398056 -0.710258
vn -0.580400 -0.400169 -0.709225
vn -0.571694 -0.417762 -0.706145
vn -0.585860 -0.401669 -0.703868
vn -0.583957 -0.402624 -0.704903
vn -0.570199 -0.416667 -0.707998
vn -0.563071 -0.433079 -0.703842
vn -0.557626 -0.431436 -0.709166
vn -0.547914 -0.448485 -0.706152
vn -0.560949 -0.434009 -0.704963
vn -0.546492 -0.447320 -0.707991
vn -0.557964 -0.429151 -0.710286
vn -0.533675 -0.458963 -0.710312
vn -0.533168 -0.461410 -0.709107
vn -0.522486 -0.477856 -0.706160
vn -0.536255 -0.464083 -0.705023
vn -0.521141 -0.476625 -0.707984
vn 0.000000 0.000000 -1.000000
vn 0.000000 -0.000000 -1.000000
vn 0.000000 0.000000 -1.000000
vn 0.000000 0.000000 -1.000000
vn 0.000000 0.000000 -1.000000
vn 0.000000 0.000000 -1.000000
vn 0.000000 -0.000000 -1.000000
vn 0.000000 0.000000 -1.000000
vn 0.000000 0.000000 -1.000000
vn 0.000000 -0.000000 -1.000000
vn 0.000000 0.000000 -1.000000
vn 0.000000 0.000000 -1.000000
vn 0.000000 0.000000 -1.000000
vn 0.000000 0.000000 -1.000000
vn 0.000000 -0.000000 -1.000000
vn 0.000000 0.000000 -1.000000
vn 0.000000 0.000000 -1.000000
vn 0.000000 -0.000000 -1.000000
vn 0.000000 0.000000 -1.000000
vn 0.000000 0.000000 -1.000000
vn 0.000000 0.000000 -1.000000
vn 0.000000 0.000000 -1.000000
vn 0.000000 -0.000000 -1.000000
vn 0.000000 0.000000 -1.000000
vn 0.000000 0.000000 -1.000000
vn 0.000000 0.000000 -1.000000
vn 0.000000 -0.000000 -1.000000
vn 0.000000 0.000000 -1.000000
vn 0.000000 0.000000 -1.000000
vn 0.000000 0.000000 -1.000000
vn 0.000000 -0.000000 -1.000000
vn 0.000000 0.000000 -1.000000
vn 0.000000 0.000000 -1.000000
vn 0.000000 0.000000 -1.000000
vn 0.000000 -0.000000 -1.000000
vn 0.000000 0.000000 -1.000000
vn 0.000000 0.000000 -1.000000
vn 0.000000 0.000000 -1.000000
vn 0.000000 -0.000000 -1.000000
vn 0.000000 0.000000 -1.000000
vn 0.000000 0.000000 -1.000000
vn 0.000000 0.000000 -1.000000
vn 0.000000 -0.000000 -1.000000
vn 0.000000 0.000000 -1.000000
vn 0.000000 0.000000 -1.000000
vn 0.000000 0.000000 -1.000000
vn 0.000000 -0.000000 -1.000000
vn 0.000000 0.000000 -1.000000
vn 0.000000 0.000000 -1.000000
vn 0.000000 0.000000 -1.000000
vn 0.000000 -0.000000 -1.000000
vn 0.000000 0.000000 -1.000000
vn 0.000000 0.000000 -1.000000
vn 0.000000 0.000000 -1.000000
vn 0.000000 -0.000000 -1.000000
vn 0.000000 0.000000 -1.000000
vn 0.000000 0.000000 -1.000000
vn 0.000000 0.000000 -1.000000
vn 0.000000 -0.000000 -1.000000
vn 0.000000 0.000000 -1.000000
vn 0.000000 0.000000 -1.000000
vn 0.000000 0.000000 -1.000000
vn 0.000000 -0.000000 -1.000000
vn 0.000000 0.000000 -1.000000
vn 0.000000 0.000000 -1.000000
vn 0.000000 0.000000 -1.000000
vn 0.000000 -0.000000 -1.000000
vn 0.000000 0.000000 -1.000000
vn 0.000000 0.000000 -1.000000
vn 0.000000 -0.000000 -1.000000
vn 0.000000 0.000000 -1.000000
vn 0.000000 0.000000 -1.000000
vn 0.000000 0.000000 -1.000000
vn 0.000000 -0.000000 -1.000000
vn 0.000000 0.000000 -1.000000
vn 0.000000 0.000000 -1.000000
vn 0.000000 0.000000 -1.000000
vn 0.000000 -0.000000 -1.000000
vn 0.000000 0.000000 -1.000000
vn 0.000000 0.000000 -1.000000
vn 0.000000 0.000000 -1.000000
vn 0.000000 0.000000 -1.000000
vn 0.000000 -0.000000 -1.000000
vn 0.000000 0.000000 -1.000000
vn 0.000000 0.000000 -1.000000
vn 0.000000 -0.000000 -1.000000
vn 0.000000 0.000000 -1.000000
vn 0.000000 0.000000 -1.000000
vn 0.000000 0.000000 -1.000000
vn 0.000000 -0.000000 -1.000000
vn 0.000000 0.000000 -1.000000
vn 0.000000 0.000000 -1.000000
vn 0.000000 0.000000 -1.000000
vn 0.000000 0.000000 -1.000000
vn 0.000000 -0.000000 -1.000000
vn 0.000000 0.000000 -1.000000
vn 0.000000 -0.000000 -1.000000
vn 0.000000 0.000000 -1.000000
vn 0.000000 0.000000 -1.000000
vn 0.000000 0.000000 -1.000000
vn 0.000000 0.000000 -1.000000
vn 0.000000 -0.000000 -1.000000
vn 0.000000 0.000000 -1.000000
vn 0.000000 0.000000 -1.000000
vn 0.000000 0.000000 -1.000000
vn 0.000000 -0.000000 -1.000000
vn 0.000000 0.000000 -1.000000
vn 0.000000 0.000000 -1.000000
vn 0.000000 0.000000 -1.000000
vn 0.000000 -0.000000 -1.000000
vn 0.000000 0.000000 -1.000000
vn 0.000000 0.000000 -1.000000
vn 0.000000 0.000000 -1.000000
vn 0.000000 0.000000 -1.000000
vn 0.000000 -0.000000 -1.000000
vn 0.000000 -0.000000 -1.000000
vn 0.000000 0.000000 -1.000000
vn 0.000000 0.000000 -1.000000
vn 0.000000 0.000000 -1.000000
vn 0.000000 0.000000 -1.000000
vn 0.000000 -0.000000 -1.000000
vn 0.000000 0.000000 -1.000000
vn 0.000000 0.000000 -1.000000
vn 0.000000 -0.000000 -1.000000
vn 0.000000 0.000000 -1.000000
vn 0.000000 0.000000 -1.000000
vn 0.000000 0.000000 -1.000000
vn 0.000000 0.000000 -1.000000
vn 0.000000 0.000000 -1.000000
vn 0.000000 0.000000 -1.000000
vn 0.000000 -0.000000 -1.000000
vn 0.000000 -0.000000 -1.000000
vn 0.000000 0.000000 -1.000000
vn 0.000000 0.000000 -1.000000
vn 0.000000 0.000000 -1.000000
vn 0.000000 -0.000000 -1.000000
vn 0.000000 0.000000 -1.000000
vn 0.000000 0.000000 -1.000000
vn 0.000000 0.000000 -1.000000
vn 0.000000 -0.000000 -1.000000
vn 0.000000 0.000000 -1.000000
vn 0.000000 0.000000 -1.000000
vn 0.000000 0.000000 -1.000000
vn 0.000000 -0.000000 -1.000000
vn 0.000000 0.000000 -1.000000
vn 0.000000 0.000000 -1.000000
vn 0.000000 0.000000 -1.000000
vn 0.000000 0.000000 -1.000000
vn 0.000000 0.000000 -1.000000
vn 0.000000 0.000000 -1.000000
vn 0.000000 -0.000000 -1.000000
vn 0.000000 -0.000000 -1.000000
vn 0.000000 0.000000 -1.000000
vn 0.000000 0.000000 -1.000000
vn 0.000000 0.000000 -1.000000
vn 0.000000 -0.000000 -1.000000
vn 0.000000 0.000000 -1.000000
vn 0.000000 0.000000 -1.000000
vn 0.000000 0.000000 -1.000000
vn 0.000000 -0.000000 -1.000000
vn 0.000000 0.000000 -1.000000
vn 0.000000 0.000000 -1.000000
vn 0.000000 0.000000 -1.000000
vn 0.000000 0.000000 -1.000000
vn 0.000000 0.000000 -1.000000
vn 0.000000 0.000000 -1.000000
vn 0.000000 -0.000000 -1.000000
vn 0.000000 0.000000 -1.000000
vn 0.000000 0.000000 -1.000000
vn 0.000000 0.000000 -1.000000
vn 0.000000 -0.000000 -1.000000
vn 0.000000 0.000000 -1.000000
vn 0.000000 -0.000000 -1.000000
vn 0.000000 0.000000 -1.000000
vn 0.000000 0.000000 -1.000000
vn 0.000000 0.000000 -1.000000
vn 0.000000 -0.000000 -1.000000
vn 0.000000 0.000000 -1.000000
vn 0.000000 0.000000 -1.000000
vn 0.000000 0.000000 -1.000000
vn 0.000000 -0.000000 -1.000000
vn 0.000000 0.000000 -1.000000
vn 0.000000 0.000000 -1.000000
vn 0.000000 0.000000 -1.000000
vn 0.000000 -0.000000 -1.000000
vn 0.000000 0.000000 -1.000000
vn 0.000000 0.000000 -1.000000
vn 0.000000 0.000000 -1.000000
vn 0.000000 0.000000 -1.000000
vn 0.000000 0.000000 -1.000000
vn 0.000000 0.000000 -1.000000
vn 0.000000 -0.000000 -1.000000
vn 0.000000 0.000000 -1.000000
vn 0.000000 0.000000 -1.000000
vn 0.000000 0.000000 -1.000000
vn 0.000000 -0.000000 -1.000000
vn 0.000000 0.000000 -1.000000
vn 0.000000 0.000000 -1.000000
vn 0.000000 0.000000 -1.000000
vn 0.000000 -0.000000 -1.000000
vn 0.000000 0.000000 -1.000000
vn 0.000000 0.000000 -1.000000
vn 0.000000 0.000000 -1.000000
vn 0.000000 -0.000000 -1.000000
vn 0.000000 -0.000000 -1.000000
vn 0.000000 0.000000 -1.000000
vn 0.000000 0.000000 -1.000000
vn 0.000000 0.000000 -1.000000
vn 0.000000 -0.000000 -1.000000
vn 0.000000 0.000000 -1.000000
vn 0.000000 0.000000 -1.000000
vn 0.000000 0.000000 -1.000000
vn 0.000000 0.000000 -1.000000
vn 0.000000 0.000000 -1.000000
vn 0.000000 0.000000 -1.000000
vn 0.000000 -0.000000 -1.000000
vn 0.000000 0.000000 -1.000000
vn 0.000000 0.000000 -1.000000
vn 0.000000 -0.000000 -1.000000
vn 0.000000 0.000000 -1.000000
vn 0.000000 0.000000 -1.000000
vn 0.000000 0.000000 -1.000000
vn 0.000000 0.000000 -1.000000
vn 0.000000 -0.000000 -1.000000
vn 0.000000 0.000000 -1.000000
vn 0.000000 0.000000 -1.000000
vn 0.000000 0.000000 -1.000000
vn 0.000000 -0.000000 -1.000000
vn 0.000000 0.000000 -1.000000
vn 0.000000 -0.000000 -1.000000
vn 0.000000 0.000000 -1.000000
vn 0.000000 0.000000 -1.000000
vn 0.000000 0.000000 -1.000000
vn 0.000000 -0.000000 -1.000000
vn 0.000000 0.000000 -1.000000
vn 0.000000 0.000000 -1.000000
vn 0.000000 0.000000 -1.000000
vn 0.000000 -0.000000 -1.000000
vn 0.000000 0.000000 -1.000000
vn 0.000000 0.000000 -1.000000
vn 0.000000 0.000000 -1.000000
vn 0.000000 -0.000000 -1.000000
vn 0.000000 0.000000 -1.000000
vn 0.000000 0.000000 -1.000000
vn 0.000000 0.000000 -1.000000
vn 0.000000 -0.000000 -1.000000
vn 0.000000 0.000000 -1.000000
vn 0.000000 0.000000 -1.000000
vn 0.000000 -0.000000 -1.000000
vn 0.000000 0.000000 -1.000000
vn 0.000000 0.000000 -1.000000
vn 0.000000 0.000000 -1.000000
vn 0.000000 0.000000 -1.000000
vn 0.000000 0.000000 -1.000000
vn 0.000000 -0.000000 -1.000000
vn 0.000000 0.000000 -1.000000
vn 0.000000 -0.000000 -1.000000
vn 0.000000 0.000000 -1.000000
vn 0.000000 0.000000 -1.000000
vn 0.000000 0.000000 -1.000000
vn 0.000000 0.000000 -1.000000
vn 0.000000 -0.000000 -1.000000
vn 0.000000 -0.000000 -1.000000
vn 0.000000 0.000000 -1.000000
vn 0.000000 0.000000 -1.000000
vn 0.000000 0.000000 -1.000000
vn 0.000000 0.000000 -1.000000
vn 0.000000 0.000000 -1.000000
vn 0.000000 -0.000000 -1.000000
vn 0.000000 -0.000000 -1.000000
vn 0.000000 0.000000 -1.000000
vn 0.000000 0.000000 -1.000000
vn 0.000000 0.000000 -1.000000
vn 0.000000 -0.000000 -1.000000
vn 0.000000 0.000000 -1.000000
vn 0.000000 0.000000 -1.000000
vn 0.000000 0.000000 -1.000000
vn 0.000000 0.000000 -1.000000
vn 0.000000 -0.000000 -1.000000
vn 0.000000 0.000000 -1.000000
vn 0.000000 0.000000 -1.000000
vn 0.000000 0.000000 -1.000000
vn 0.000000 0.000000 -1.000000
vn 0.000000 0.000000 -1.000000
vn 0.000000 0.000000 -1.000000
vn 0.000000 -0.000000 -1.000000
vn 0.000000 0.000000 -1.000000
vn 0.000000 0.000000 -1.000000
vn 0.000000 -0.000000 -1.000000
vn 0.000000 0.000000 -1.000000
vn 0.000000 0.000000 -1.000000
vn 0.000000 0.000000 -1.000000
vn 0.000000 -0.000000 -1.000000
vn 0.000000 -0.000000 -1.000000
vn 0.000000 0.000000 -1.000000
vn 0.000000 0.000000 -1.000000
vn 0.000000 0.000000 -1.000000
vn 0.000000 0.000000 -1.000000
vn 0.000000 0.000000 -1.000000
vn 0.000000 0.000000 -1.000000
vn 0.000000 -0.000000 -1.000000
vn 0.000000 0.000000 -1.000000
vn 0.000000 0.000000 -1.000000
vn 0.000000 0.000000 -1.000000
vn 0.000000 0.000000 -1.000000
vn 0.000000 -0.000000 -1.000000
vn 0.000000 -0.000000 -1.000000
vn 0.000000 0.000000 -1.000000
vn 0.000000 0.000000 -1.000000
vn 0.000000 0.000000 -1.000000
vn 0.000000 0.000000 -1.000000
vn 0.000000 0.000000 -1.000000
vn 0.000000 -0.000000 -1.000000
vn 0.000000 0.000000 -1.000000
vn 0.000000 0.000000 -1.000000
vn 0.000000 0.000000 -1.000000
vn 0.000000 -0.000000 -1.000000
vn 0.000000 0.000000 -1.000000
vn 0.000000 0.000000 -1.000000
vn 0.000000 0.000000 -1.000000
vn 0.000000 0.000000 -1.000000
vn 0.000000 -0.000000 -1.000000
vn 0.000000 0.000000 -1.000000
vn 0.000000 0.000000 -1.000000
vn 0.000000 -0.000000 -1.000000
vn 0.000000 0.000000 -1.000000
vn 0.000000 0.000000 -1.000000
vn 0.000000 0.000000 -1.000000
vn 0.000000 -0.000000 -1.000000
vn 0.000000 -0.000000 -1.000000
vn 0.000000 0.000000 -1.000000
vn 0.000000 0.000000 -1.000000
vn 0.000000 0.000000 -1.000000
vn 0.000000 0.000000 -1.000000
vn 0.000000 0.000000 -1.000000
vn 0.000000 0.000000 -1.000000
vn 0.000000 -0.000000 -1.000000
vn 0.000000 -0.000000 -1.000000
vn 0.000000 0.000000 -1.000000
vn 0.000000 0.000000 -1.000000
vn 0.000000 0.000000 -1.000000
vn 0.000000 0.000000 -1.000000
vn 0.000000 0.000000 -1.000000
vn 0.000000 0.000000 -1.000000
vn 0.000000 0.000000 -1.000000
vn 0.000000 0.000000 -1.000000
vn 0.000000 -0.000000 -1.000000
vn 0.000000 0.000000 -1.000000
vn 0.000000 0.000000 -1.000000
vn 0.000000 0.000000 -1.000000
vn 0.000000 0.000000 -1.000000
vn 0.000000 0.000000 -1.000000
vn 0.000000 0.000000 -1.000000
vn 0.000000 0.000000 -1.000000
vn 0.000000 0.000000 -1.000000
vn 0.000000 -0.000000 -1.000000
vn 0.000000 0.000000 -1.000000
vn 0.000000 0.000000 -1.000000
vn 0.000000 0.000000 -1.000000
vn 0.000000 0.000000 -1.000000
vn 0.000000 -0.000000 -1.000000
vn 0.000000 0.000000 -1.000000
vn 0.000000 0.000000 -1.000000
vn 0.000000 -0.000000 -1.000000
vn 0.000000 0.000000 -1.000000
vn 0.000000 0.000000 -1.000000
vn 0.000000 0.000000 -1.000000
vn 0.000000 0.000000 -1.000000
vn 0.000000 -0.000000 -1.000000
vn 0.000000 0.000000 -1.000000
vn 0.000000 0.000000 -1.000000
vn 0.000000 -0.000000 -1.000000
vn 0.000000 0.000000 -1.000000
vn 0.000000 0.000000 -1.000000
vn 0.000000 0.000000 -1.000000
vn 0.000000 0.000000 -1.000000
vn 0.000000 0.000000 -1.000000
vn 0.000000 -0.000000 -1.000000
vn 0.000000 0.000000 -1.000000
vn 0.000000 -0.000000 -1.000000
vn 0.000000 0.000000 -1.000000
vn 0.000000 0.000000 -1.000000
vn 0.000000 0.000000 -1.000000
vn 0.000000 0.000000 -1.000000
vn 0.000000 -0.000000 -1.000000
vn 0.000000 0.000000 -1.000000
vn 0.000000 0.000000 -1.000000
vn 0.000000 0.000000 -1.000000
vn 0.000000 -0.000000 -1.000000
vn 0.000000 0.000000 -1.000000
vn 0.000000 0.000000 -1.000000
vn 0.000000 -0.000000 -1.000000
vn 0.000000 0.000000 -1.000000
vn 0.000000 0.000000 -1.000000
vn 0.000000 0.000000 -1.000000
vn 0.000000 0.000000 -1.000000
vn 0.000000 -0.000000 -1.000000
vn 0.000000 0.000000 -1.000000
vn 0.000000 0.000000 -1.000000
vn 0.000000 0.000000 -1.000000
vn 0.000000 -0.000000 -1.000000
vn 0.000000 0.000000 -1.000000
vn 0.000000 0.000000 -1.000000
vn 0.000000 0.000000 -1.000000
vn 0.000000 -0.000000 -1.000000
vn 0.000000 0.000000 -1.000000
vn 0.000000 -0.000000 -1.000000
vn 0.000000 0.000000 -1.000000
vn 0.000000 0.000000 -1.000000
vn 0.000000 0.000000 -1.000000
vn 0.000000 0.000000 -1.000000
vn 0.000000 0.000000 -1.000000
vn 0.000000 -0.000000 -1.000000
vn 0.000000 0.000000 -1.000000
vn 0.000000 0.000000 -1.000000
vn 0.000000 -0.000000 -1.000000
vn 0.000000 0.000000 -1.000000
vn 0.000000 0.000000 -1.000000
vn 0.000000 0.000000 -1.000000
vn 0.000000 0.000000 -1.000000
vn 0.000000 -0.000000 -1.000000
vn 0.000000 0.000000 -1.000000
vn 0.000000 0.000000 -1.000000
vn 0.000000 -0.000000 -1.000000
vn 0.000000 0.000000 -1.000000
vn 0.000000 0.000000 -1.000000
vn 0.000000 0.000000 -1.000000
vn 0.000000 0.000000 -1.000000
vn 0.000000 -0.000000 -1.000000
vn 0.000000 0.000000 -1.000000
vn 0.000000 0.000000 -1.000000
vn 0.000000 0.000000 -1.000000
vn 0.000000 -0.000000 -1.000000
vn 0.000000 0.000000 -1.000000
vn 0.000000 0.000000 -1.000000
vn 0.000000 -0.000000 -1.000000
vn 0.000000 0.000000 -1.000000
vn 0.000000 0.000000 -1.000000
vn 0.000000 0.000000 -1.000000
vn 0.000000 -0.000000 -1.000000
vn 0.000000 0.000000 -1.000000
vn 0.000000 0.000000 -1.000000
vn 0.000000 0.000000 -1.000000
vn 0.000000 -0.000000 -1.000000
vn 0.000000 0.000000 -1.000000
vn 0.000000 0.000000 -1.000000
vn 0.000000 0.000000 -1.000000
vn 0.000000 0.000000 -1.000000
vn 0.000000 -0.000000 -1.000000
vn 0.000000 0.000000 -1.000000
vn 0.000000 0.000000 -1.000000
vn 0.000000 0.000000 -1.000000
vn 0.000000 -0.000000 -1.000000
vn 0.000000 0.000000 -1.000000
vn 0.000000 0.000000 -1.000000
vn 0.000000 0.000000 -1.000000
vn 0.000000 0.000000 -1.000000
vn 0.000000 -0.000000 -1.000000
vn 0.000000 0.000000 -1.000000
vn 0.000000 0.000000 -1.000000
vn 0.000000 -0.000000 -1.000000
vn 0.000000 0.000000 -1.000000
vn 0.000000 0.000000 -1.000000
vn 0.000000 -0.000000 -1.000000
vn 0.000000 0.000000 -1.000000
vn 0.000000 0.000000 -1.000000
vn 0.000000 0.000000 -1.000000
vn 0.000000 -0.000000 -1.000000
vn 0.000000 0.000000 -1.000000
vn 0.000000 0.000000 -1.000000
vn 0.000000 0.000000 -1.000000
vn 0.000000 -0.000000 -1.000000
vn 0.000000 0.000000 -1.000000
vn 0.000000 0.000000 -1.000000
vn 0.000000 0.000000 -1.000000
vn 0.000000 0.000000 -1.000000
vn 0.000000 -0.000000 -1.000000
vn 0.000000 0.000000 -1.000000
vn 0.000000 0.000000 -1.000000
vn 0.000000 0.000000 -1.000000
vn 0.000000 0.000000 -1.000000
vn 0.000000 0.000000 -1.000000
vn 0.000000 0.000000 -1.000000
vn 0.000000 -0.000000 -1.000000
vn 0.000000 0.000000 -1.000000
vn 0.000000 0.000000 -1.000000
vn 0.000000 0.000000 -1.000000
vn 0.000000 0.000000 -1.000000
vn 0.000000 0.000000 -1.000000
vn 0.000000 0.000000 -1.000000
vn 0.000000 0.000000 -1.000000
vn 0.000000 0.000000 -1.000000
vn 0.000000 0.000000 -1.000000
vn 0.000000 0.000000 -1.000000
vn 0.000000 0.000000 -1.000000
vn 0.000000 0.000000 -1.000000
vn 0.000000 0.000000 -1.000000
vn 0.000000 0.000000 -1.000000
vn 0.000000 0.000000 -1.000000
vn 0.000000 0.000000 -1.000000
vn 0.000000 0.000000 -1.000000
vn 0.000000 0.000000 -1.000000
vn 0.000000 0.000000 -1.000000
vn 0.000000 0.000000 -1.000000
vn 0.000000 0.000000 -1.000000
vn 0.000000 -0.000000 -1.000000
vn 0.000000 0.000000 -1.000000
vn 0.000000 0.000000 -1.000000
vn 0.000000 0.000000 -1.000000
vn 0.000000 0.000000 -1.000000
vn 0.000000 -0.000000 -1.000000
vn 0.000000 0.000000 -1.000000
vn 0.000000 0.000000 -1.000000
vn 0.000000 -0.000000 -1.000000
vn 0.000000 0.000000 -1.000000
vn 0.000000 0.000000 -1.000000
vn 0.000000 0.000000 -1.000000
vn 0.000000 -0.000000 -1.000000
vn 0.000000 0.000000 -1.000000
vn 0.000000 0.000000 -1.000000
vn 0.000000 0.000000 -1.000000
vn 0.000000 -0.000000 -1.000000
vn 0.000000 0.000000 -1.000000
vn 0.000000 0.000000 -1.000000
vn 0.000000 0.000000 -1.000000
vn 0.000000 -0.000000 -1.000000
vn 0.000000 0.000000 -1.000000
vn 0.000000 0.000000 -1.000000
vn 0.000000 0.000000 -1.000000
vn 0.000000 -0.000000 -1.000000
vn 0.000000 0.000000 -1.000000
vn 0.000000 0.000000 -1.000000
vn 0.000000 -0.000000 -1.000000
vn 0.000000 0.000000 -1.000000
vn 0.000000 0.000000 -1.000000
vn 0.000000 0.000000 -1.000000
vn 0.000000 0.000000 -1.000000
vn 0.000000 -0.000000 -1.000000
vn 0.000000 0.000000 -1.000000
vn 0.000000 0.000000 -1.000000
vn 0.000000 -0.000000 -1.000000
vn 0.000000 0.000000 -1.000000
vn 0.000000 0.000000 -1.000000
vn 0.000000 0.000000 -1.000000
vn 0.000000 -0.000000 -1.000000
vn 0.000000 0.000000 -1.000000
vn 0.000000 0.000000 -1.000000
vn 0.000000 0.000000 -1.000000
vn 0.000000 0.000000 -1.000000
vn 0.000000 -0.000000 -1.000000
vn 0.000000 0.000000 -1.000000
vn 0.000000 0.000000 -1.000000
vn 0.000000 -0.000000 -1.000000
vn 0.000000 0.000000 -1.000000
vn 0.000000 0.000000 -1.000000
vn 0.000000 0.000000 -1.000000
vn 0.000000 0.000000 -1.000000
vn 0.000000 0.000000 -1.000000
vn 0.000000 0.000000 -1.000000
vn 0.000000 0.000000 -1.000000
vn 0.000000 0.000000 -1.000000
vn 0.000000 0.000000 -1.000000
vn 0.000000 0.000000 -1.000000
vn 0.000000 0.000000 -1.000000
vn 0.000000 0.000000 -1.000000
vn 0.000000 -0.000000 -1.000000
vn 0.000000 -0.000000 -1.000000
vn 0.000000 0.000000 -1.000000
vn 0.000000 -0.000000 -1.000000
vn 0.000000 0.000000 -1.000000
vn 0.000000 0.000000 -1.000000
vn 0.000000 0.000000 -1.000000
vn 0.000000 0.000000 -1.000000
vn 0.000000 0.000000 -1.000000
vn 0.000000 -0.000000 -1.000000
vn 0.000000 0.000000 -1.000000
vn 0.000000 0.000000 -1.000000
vn 0.000000 0.000000 -1.000000
vn 0.000000 -0.000000 -1.000000
vn 0.000000 0.000000 -1.000000
vn 0.000000 0.000000 -1.000000
vn 0.000000 0.000000 -1.000000
vn 0.000000 -0.000000 -1.000000
vn 0.000000 0.000000 -1.000000
vn 0.000000 0.000000 -1.000000
vn 0.000000 0.000000 -1.000000
vn 0.000000 -0.000000 -1.000000
vn 0.000000 0.000000 -1.000000
vn 0.000000 0.000000 -1.000000
vn 0.000000 0.000000 -1.000000
vn 0.000000 -0.000000 -1.000000
vn 0.000000 0.000000 -1.000000
vn 0.000000 0.000000 -1.000000
vn 0.000000 0.000000 -1.000000
vn 0.000000 -0.000000 -1.000000
vn 0.000000 0.000000 -1.000000
vn 0.000000 0.000000 -1.000000
vn 0.000000 0.000000 -1.000000
vn 0.000000 0.000000 -1.000000
vn 0.000000 -0.000000 -1.000000
vn 0.000000 0.000000 -1.000000
vn 0.000000 0.000000 -1.000000
vn 0.000000 -0.000000 -1.000000
vn 0.000000 0.000000 -1.000000
vn 0.000000 0.000000 -1.000000
vn 0.000000 0.000000 -1.000000
vn 0.000000 -0.000000 -1.000000
vn 0.000000 0.000000 -1.000000
vn 0.000000 0.000000 -1.000000
vn 0.000000 0.000000 -1.000000
vn 0.000000 -0.000000 -1.000000
vn 0.000000 0.000000 -1.000000
vn 0.000000 0.000000 -1.000000
vn 0.000000 0.000000 -1.000000
vn 0.000000 -0.000000 -1.000000
vn 0.000000 0.000000 -1.000000
vn 0.000000 0.000000 -1.000000
vn 0.000000 0.000000 -1.000000
vn 0.000000 0.000000 -1.000000
vn 0.000000 -0.000000 -1.000000
vn 0.000000 0.000000 -1.000000
vn 0.000000 0.000000 -1.000000
vn 0.000000 0.000000 -1.000000
vn 0.000000 -0.000000 -1.000000
vn 0.000000 0.000000 -1.000000
vn 0.000000 0.000000 -1.000000
vn 0.000000 0.000000 -1.000000
vn 0.000000 0.000000 -1.000000
vn 0.000000 0.000000 -1.000000
vn 0.000000 -0.000000 -1.000000
vn 0.000000 0.000000 -1.000000
vn 0.000000 -0.000000 -1.000000
vn 0.000000 0.000000 -1.000000
vn 0.000000 0.000000 -1.000000
vn 0.000000 -0.000000 -1.000000
vn 0.000000 0.000000 -1.000000
vn 0.000000 -0.000000 -1.000000
vn 0.000000 0.000000 -1.000000
vn 0.000000 -0.000000 -1.000000
vn 0.000000 -0.000000 -1.000000
vn 0.000000 0.000000 -1.000000
vn 0.000000 0.000000 -1.000000
vn 0.000000 0.000000 -1.000000
vn 0.000000 0.000000 -1.000000
vn 0.000000 0.000000 -1.000000
vn 0.000000 0.000000 -1.000000
vn 0.000000 0.000000 -1.000000
vn 0.000000 0.000000 -1.000000
vn 0.000000 0.000000 -1.000000
vn 0.000000 0.000000 -1.000000
vn 0.000000 0.000000 -1.000000
vn 0.000000 0.000000 -1.000000
vn 0.000000 0.000000 -1.000000
vn 0.000000 0.000000 -1.000000
vn 0.000000 0.000000 -1.000000
vn 0.000000 0.000000 -1.000000
vn 0.000000 0.000000 -1.000000
vn 0.000000 0.000000 -1.000000
vn 0.000000 0.000000 -1.000000
vn 0.000000 0.000000 -1.000000
vn 0.000000 0.000000 -1.000000
vn 0.000000 0.000000 -1.000000
vn 0.000000 0.000000 -1.000000
vn 0.000000 0.000000 -1.000000
vn 0.000000 0.000000 -1.000000
vn 0.000000 0.000000 -1.000000
vn 0.000000 0.000000 -1.000000
vn 0.000000 0.000000 -1.000000
vn 0.000000 0.000000 -1.000000
vn 0.000000 0.000000 -1.000000
vn 0.000000 0.000000 -1.000000
vn 0.000000 0.000000 -1.000000
vn 0.000000 0.000000 -1.000000
vn 0.000000 0.000000 -1.000000
vn 0.000000 0.000000 -1.000000
vn 0.000000 0.000000 -1.000000
vn 0.000000 0.000000 -1.000000
vn 0.000000 0.000000 -1.000000
vn 0.000000 0.000000 -1.000000
vn 0.000000 -0.000000 -1.000000
vn 0.000000 0.000000 -1.000000
vn 0.000000 0.000000 -1.000000
vn 0.000000 0.000000 -1.000000
vn 0.000000 -0.000000 -1.000000
vn 0.000000 0.000000 -1.000000
vn 0.000000 0.000000 -1.000000
vn 0.000000 0.000000 -1.000000
vn 0.000000 -0.000000 -1.000000
vn 0.000000 0.000000 -1.000000
vn 0.000000 0.000000 -1.000000
vn 0.000000 0.000000 -1.000000
vn 0.000000 -0.000000 -1.000000
vn 0.000000 0.000000 -1.000000
vn 0.000000 0.000000 -1.000000
vn 0.000000 -0.000000 -1.000000
vn 0.000000 0.000000 -1.000000
vn 0.000000 0.000000 -1.000000
vn 0.000000 0.000000 -1.000000
vn 0.000000 -0.000000 -1.000000
vn 0.000000 0.000000 -1.000000
vn 0.000000 0.000000 -1.000000
vn 0.000000 -0.000000 -1.000000
vn 0.000000 0.000000 -1.000000
vn 0.000000 0.000000 -1.000000
vn 0.000000 -0.000000 -1.000000
vn 0.000000 0.000000 -1.000000
vn 0.000000 0.000000 -1.000000
vn 0.000000 -0.000000 -1.000000
vn 0.000000 -0.000000 -1.000000
vn 0.000000 -0.000000 -1.000000
vn 0.000000 -0.000000 -1.000000
vn 0.000000 0.000000 -1.000000
vn 0.000000 0.000000 -1.000000
vn 0.000000 -0.000000 -1.000000
vn 0.000000 0.000000 -1.000000
vn 0.000000 0.000000 -1.000000
vn 0.000000 -0.000000 -1.000000
vn 0.000000 0.000000 -1.000000
vn 0.000000 0.000000 -1.000000
vn 0.000000 0.000000 -1.000000
vn 0.000000 -0.000000 -1.000000
vn 0.000000 0.000000 -1.000000
vn 0.000000 0.000000 -1.000000
vn 0.000000 0.000000 -1.000000
vn 0.000000 -0.000000 -1.000000
vn 0.000000 0.000000 -1.000000
vn 0.000000 0.000000 -1.000000
vn 0.000000 0.000000 -1.000000
vn 0.000000 0.000000 -1.000000
vn 0.000000 -0.000000 -1.000000
vn 0.000000 0.000000 -1.000000
vn 0.000000 0.000000 -1.000000
vn 0.000000 0.000000 -1.000000
vn 0.000000 -0.000000 -1.000000
vn 0.000000 0.000000 -1.000000
vn 0.000000 0.000000 -1.000000
vn 0.000000 0.000000 -1.000000
vn 0.000000 -0.000000 -1.000000
vn 0.000000 0.000000 -1.000000
vn 0.000000 0.000000 -1.000000
vn 0.000000 0.000000 -1.000000
vn 0.000000 -0.000000 -1.000000
vn 0.000000 0.000000 -1.000000
vn 0.000000 0.000000 -1.000000
vn 0.000000 0.000000 -1.000000
vn 0.000000 0.000000 -1.000000
vn 0.000000 -0.000000 -1.000000
vn 0.000000 0.000000 -1.000000
vn 0.000000 0.000000 -1.000000
vn 0.000000 -0.000000 -1.000000
vn 0.000000 0.000000 -1.000000
vn 0.000000 0.000000 -1.000000
vn 0.000000 0.000000 -1.000000
vn 0.000000 -0.000000 -1.000000
vn 0.000000 0.000000 -1.000000
vn 0.000000 0.000000 -1.000000
vn 0.000000 0.000000 -1.000000
vn 0.000000 -0.000000 -1.000000
vn 0.000000 0.000000 -1.000000
vn 0.000000 0.000000 -1.000000
vn 0.000000 0.000000 -1.000000
vn 0.000000 -0.000000 -1.000000
vn 0.000000 0.000000 -1.000000
vn 0.000000 0.000000 -1.000000
vn 0.000000 0.000000 -1.000000
vn 0.000000 -0.000000 -1.000000
vn 0.000000 0.000000 -1.000000
vn 0.000000 0.000000 -1.000000
vn 0.000000 -0.000000 -1.000000
vn 0.000000 0.000000 -1.000000
vn 0.000000 0.000000 -1.000000
vn 0.000000 -0.000000 -1.000000
vn 0.000000 0.000000 -1.000000
vn 0.000000 -0.000000 -1.000000
vn 0.000000 -0.000000 -1.000000
vn 0.000000 0.000000 -1.000000
vn 0.000000 0.000000 -1.000000
vn 0.000000 0.000000 -1.000000
vn 0.000000 -0.000000 -1.000000
vn 0.000000 0.000000 -1.000000
vn 0.000000 0.000000 -1.000000
vn 0.000000 0.000000 -1.000000
vn 0.000000 0.000000 -1.000000
vn 0.000000 0.000000 -1.000000
vn 0.000000 0.000000 -1.000000
vn 0.000000 0.000000 -1.000000
vn 0.000000 0.000000 -1.000000
vn 0.000000 0.000000 -1.000000
vn 0.000000 0.000000 -1.000000
vn 0.000000 0.000000 -1.000000
vn 0.000000 0.000000 -1.000000
vn 0.000000 0.000000 -1.000000
vn 0.000000 0.000000 -1.000000
vn 0.000000 0.000000 -1.000000
vn 0.000000 0.000000 -1.000000
vn 0.000000 0.000000 -1.000000
vn 0.000000 0.000000 -1.000000
vn 0.000000 0.000000 -1.000000
vn 0.000000 0.000000 -1.000000
vn 0.000000 -0.000000 -1.000000
vn 0.000000 0.000000 -1.000000
vn 0.000000 0.000000 -1.000000
vn 0.000000 0.000000 -1.000000
vn 0.000000 -0.000000 -1.000000
vn 0.000000 0.000000 -1.000000
vn 0.000000 0.000000 -1.000000
vn 0.000000 0.000000 -1.000000
vn 0.000000 -0.000000 -1.000000
vn 0.000000 0.000000 -1.000000
vn 0.000000 0.000000 -1.000000
vn 0.000000 0.000000 -1.000000
vn 0.000000 -0.000000 -1.000000
vn 0.000000 0.000000 -1.000000
vn 0.000000 0.000000 -1.000000
vn 0.000000 0.000000 -1.000000
vn 0.000000 -0.000000 -1.000000
vn 0.000000 0.000000 -1.000000
vn 0.000000 0.000000 -1.000000
vn 0.000000 0.000000 -1.000000
vn 0.000000 -0.000000 -1.000000
vn 0.000000 0.000000 -1.000000
vn 0.000000 0.000000 -1.000000
vn 0.000000 0.000000 -1.000000
vn 0.000000 -0.000000 -1.000000
vn 0.000000 0.000000 -1.000000
vn 0.000000 0.000000 -1.000000
vn 0.000000 0.000000 -1.000000
vn 0.000000 -0.000000 -1.000000
vn 0.000000 0.000000 -1.000000
vn 0.000000 0.000000 -1.000000
vn 0.000000 0.000000 -1.000000
vn 0.000000 -0.000000 -1.000000
vn 0.000000 0.000000 -1.000000
vn 0.000000 0.000000 -1.000000
vn 0.000000 0.000000 -1.000000
vn 0.000000 -0.000000 -1.000000
vn 0.000000 0.000000 -1.000000
vn 0.000000 0.000000 -1.000000
vn 0.000000 0.000000 -1.000000
vn 0.000000 -0.000000 -1.000000
vn 0.000000 0.000000 -1.000000
vn 0.000000 0.000000 -1.000000
vn 0.000000 -0.000000 -1.000000
vn 0.000000 0.000000 -1.000000
vn 0.000000 0.000000 -1.000000
vn 0.000000 -0.000000 -1.000000
vn 0.000000 0.000000 -1.000000
vn 0.000000 0.000000 -1.000000
vn 0.000000 -0.000000 -1.000000
vn 0.000000 0.000000 -1.000000
vn 0.000000 0.000000 -1.000000
vn 0.000000 0.000000 -1.000000
vn 0.000000 -0.000000 -1.000000
vn 0.000000 0.000000 -1.000000
vn 0.000000 0.000000 -1.000000
vn 0.000000 -0.000000 -1.000000
vn 0.000000 0.000000 -1.000000
vn 0.000000 0.000000 -1.000000
vn 0.000000 -0.000000 -1.000000
vn 0.000000 0.000000 -1.000000
vn 0.000000 0.000000 -1.000000
vn 0.000000 -0.000000 -1.000000
vn 0.000000 0.000000 -1.000000
vn 0.000000 0.000000 -1.000000
vn 0.000000 0.000000 -1.000000
vn 0.000000 0.000000 -1.000000
vn 0.000000 -0.000000 -1.000000
vn 0.000000 0.000000 -1.000000
vn 0.000000 0.000000 -1.000000
vn 0.000000 0.000000 -1.000000
vn 0.000000 -0.000000 -1.000000
vn 0.000000 0.000000 -1.000000
vn 0.000000 0.000000 -1.000000
vn 0.000000 0.000000 -1.000000
vn 0.000000 -0.000000 -1.000000
vn 0.000000 0.000000 -1.000000
vn 0.000000 0.000000 -1.000000
vn 0.000000 0.000000 -1.000000
vn 0.000000 -0.000000 -1.000000
vn 0.000000 0.000000 -1.000000
vn 0.000000 0.000000 -1.000000
vn 0.000000 0.000000 -1.000000
vn 0.000000 -0.000000 -1.000000
vn 0.000000 0.000000 -1.000000
vn 0.000000 0.000000 -1.000000
vn 0.000000 0.000000 -1.000000
vn 0.000000 -0.000000 -1.000000
vn 0.000000 0.000000 -1.000000
vn 0.000000 0.000000 -1.000000
vn 0.000000 0.000000 -1.000000
vn 0.999906 0.013717 -0.000000
vn 0.999906 0.013717 0.000000
vn 0.999153 0.041148 0.000000
vn 0.999153 0.041148 -0.000000
vn 0.997649 0.068538 0.000000
vn 0.997649 0.068538 -0.000000
vn 0.995393 0.095884 0.000000
vn 0.995393 0.095884 -0.000000
vn 0.992387 0.123157 0.000000
vn 0.992387 0.123157 -0.000000
vn 0.988636 0.150332 0.000000
vn 0.988636 0.150332 -0.000000
vn 0.984139 0.177400 0.000000
vn 0.984139 0.177400 -0.000000
vn 0.978901 0.204333 0.000000
vn 0.978901 0.204333 -0.000000
vn 0.972927 0.231112 0.000000
vn 0.972927 0.231112 -0.000000
vn 0.966222 0.257712 -0.000000
vn 0.966222 0.257712 0.000000
vn 0.958787 0.284125 0.000000
vn 0.958787 0.284125 0.000000
vn 0.950631 0.310323 -0.000000
vn 0.950631 0.310323 0.000000
vn 0.941760 0.336285 0.000000
vn 0.941760 0.336285 0.000000
vn 0.932181 0.361993 0.000000
vn 0.921899 0.387430 0.000000
vn 0.932181 0.361993 -0.000000
vn 0.921899 0.387430 0.000000
vn 0.910922 0.412580 0.000000
vn 0.899262 0.437410 0.000000
vn 0.910922 0.412580 -0.000000
vn 0.899262 0.437410 0.000000
vn 0.886922 0.461920 -0.000000
vn 0.886922 0.461920 0.000000
vn 0.873917 0.486076 0.000000
vn 0.860254 0.509866 0.000000
vn 0.873917 0.486076 0.000000
vn 0.860254 0.509866 0.000000
vn 0.845941 0.533277 0.000000
vn 0.845941 0.533277 -0.000000
vn 0.830993 0.556282 0.000000
vn 0.830993 0.556282 -0.000000
vn 0.815419 0.578872 0.000000
vn 0.799232 0.601022 0.000000
vn 0.815419 0.578872 -0.000000
vn 0.799232 0.601022 0.000000
vn 0.782442 0.622724 0.000000
vn 0.782442 0.622724 -0.000000
vn 0.765063 0.643955 0.000000
vn 0.747109 0.664701 0.000000
vn 0.765063 0.643955 -0.000000
vn 0.728593 0.684947 0.000000
vn 0.747109 0.664701 0.000000
vn 0.728593 0.684947 0.000000
vn 0.709528 0.704678 0.000000
vn 0.709528 0.704678 -0.000000
vn 0.689929 0.723877 0.000000
vn 0.669809 0.742533 0.000000
vn 0.689929 0.723877 -0.000000
vn 0.669809 0.742533 0.000000
vn 0.649188 0.760628 0.000000
vn 0.628075 0.778153 0.000000
vn 0.649188 0.760628 -0.000000
vn 0.606491 0.795090 0.000000
vn 0.628075 0.778153 0.000000
vn 0.606491 0.795090 0.000000
vn 0.584451 0.811429 -0.000000
vn 0.584451 0.811429 0.000000
vn 0.561970 0.827157 0.000000
vn 0.561970 0.827157 0.000000
vn 0.539065 0.842264 -0.000000
vn 0.539065 0.842264 0.000000
vn 0.515757 0.856735 -0.000000
vn 0.515757 0.856735 0.000000
vn 0.492058 0.870563 -0.000000
vn 0.492058 0.870563 0.000000
vn 0.467990 0.883734 0.000000
vn 0.467990 0.883734 0.000000
vn 0.443571 0.896239 -0.000000
vn 0.443571 0.896239 0.000000
vn 0.418815 0.908072 -0.000000
vn 0.418815 0.908072 0.000000
vn 0.393748 0.919218 -0.000000
vn 0.393748 0.919218 0.000000
vn 0.368378 0.929676 0.000000
vn 0.368378 0.929676 0.000000
vn 0.342736 0.939432 -0.000000
vn 0.342736 0.939432 0.000000
vn 0.316835 0.948481 -0.000000
vn 0.316835 0.948481 0.000000
vn 0.290696 0.956815 -0.000000
vn 0.290696 0.956815 0.000000
vn 0.264334 0.964431 0.000000
vn 0.237778 0.971319 0.000000
vn 0.264334 0.964431 0.000000
vn 0.237778 0.971319 0.000000
vn 0.211043 0.977477 0.000000
vn 0.211043 0.977477 -0.000000
vn 0.184147 0.982899 0.000000
vn 0.184147 0.982899 -0.000000
vn 0.157111 0.987581 0.000000
vn 0.129959 0.991519 0.000000
vn 0.157111 0.987581 -0.000000
vn 0.129959 0.991519 0.000000
vn 0.102708 0.994712 0.000000
vn 0.102708 0.994712 -0.000000
vn 0.075383 0.997155 0.000000
vn 0.075383 0.997155 -0.000000
vn 0.047997 0.998847 0.000000
vn 0.047997 0.998847 -0.000000
vn 0.020577 0.999788 0.000000
vn -0.006860 0.999977 0.000000
vn 0.020577 0.999788 -0.000000
vn -0.006860 0.999977 0.000000
vn -0.034291 0.999412 0.000000
vn -0.061696 0.998095 0.000000
vn -0.034291 0.999412 0.000000
vn -0.061696 0.998095 0.000000
vn -0.089053 0.996027 0.000000
vn -0.089053 0.996027 0.000000
vn -0.116344 0.993209 0.000000
vn -0.116344 0.993209 0.000000
vn -0.143548 0.989643 0.000000
vn -0.143548 0.989643 0.000000
vn -0.170646 0.985332 0.000000
vn -0.170646 0.985332 0.000000
vn -0.197615 0.980280 0.000000
vn -0.197615 0.980280 0.000000
vn -0.224431 0.974490 0.000000
vn -0.224431 0.974490 0.000000
vn -0.251082 0.967966 0.000000
vn -0.251082 0.967966 0.000000
vn -0.277539 0.960714 0.000000
vn -0.277539 0.960714 0.000000
vn -0.303795 0.952738 0.000000
vn -0.303795 0.952738 0.000000
vn -0.329817 0.944045 0.000000
vn -0.329817 0.944045 0.000000
vn -0.355590 0.934642 0.000000
vn -0.355590 0.934642 0.000000
vn -0.381099 0.924534 0.000000
vn -0.381099 0.924534 0.000000
vn -0.406320 0.913731 0.000000
vn -0.406320 0.913731 0.000000
vn -0.431233 0.902240 0.000000
vn -0.431233 0.902240 0.000000
vn -0.455821 0.890071 0.000000
vn -0.455821 0.890071 0.000000
vn -0.480071 0.877229 0.000000
vn -0.480071 0.877229 0.000000
vn -0.503953 0.863731 0.000000
vn -0.503953 0.863731 0.000000
vn -0.527461 0.849579 0.000000
vn -0.527461 0.849579 0.000000
vn -0.550570 0.834789 0.000000
vn -0.550570 0.834789 0.000000
vn -0.573264 0.819370 0.000000
vn -0.573264 0.819370 0.000000
vn -0.595527 0.803335 0.000000
vn -0.595527 0.803335 0.000000
vn -0.617341 0.786695 0.000000
vn -0.617341 0.786695 0.000000
vn -0.638692 0.769463 0.000000
vn -0.638692 0.769463 0.000000
vn -0.659561 0.751651 0.000000
vn -0.659561 0.751651 0.000000
vn -0.679933 0.733274 0.000000
vn -0.679933 0.733274 0.000000
vn -0.699794 0.714345 0.000000
vn -0.699794 0.714345 0.000000
vn -0.719128 0.694877 0.000000
vn -0.719128 0.694877 0.000000
vn -0.737921 0.674888 0.000000
vn -0.737921 0.674888 0.000000
vn -0.756158 0.654389 0.000000
vn -0.756158 0.654389 0.000000
vn -0.773825 0.633400 0.000000
vn -0.773825 0.633400 0.000000
vn -0.790912 0.611930 0.000000
vn -0.790912 0.611930 0.000000
vn -0.807400 0.590004 0.000000
vn -0.807400 0.590004 0.000000
vn -0.823284 0.567630 0.000000
vn -0.823284 0.567630 0.000000
vn -0.838547 0.544830 0.000000
vn -0.838547 0.544830 0.000000
vn -0.853177 0.521622 0.000000
vn -0.853177 0.521622 0.000000
vn -0.867166 0.498018 0.000000
vn -0.867166 0.498018 0.000000
vn -0.880502 0.474042 0.000000
vn -0.880502 0.474042 0.000000
vn -0.893176 0.449706 0.000000
vn -0.893176 0.449706 0.000000
vn -0.916497 0.400042 0.000000
vn -0.905177 0.425035 0.000000
vn -0.905177 0.425035 0.000000
vn -0.916497 0.400042 0.000000
vn -0.927127 0.374748 0.000000
vn -0.927127 0.374748 0.000000
vn -0.937059 0.349172 0.000000
vn -0.937059 0.349172 0.000000
vn -0.946285 0.323333 0.000000
vn -0.946285 0.323333 0.000000
vn -0.954800 0.297249 0.000000
vn -0.954800 0.297249 0.000000
vn -0.962595 0.270946 0.000000
vn -0.962595 0.270946 0.000000
vn -0.969665 0.244437 0.000000
vn -0.969665 0.244437 0.000000
vn -0.976006 0.217742 0.000000
vn -0.981613 0.190883 0.000000
vn -0.976006 0.217742 0.000000
vn -0.981613 0.190883 0.000000
vn -0.986480 0.163880 0.000000
vn -0.986480 0.163880 0.000000
vn -0.990605 0.136757 0.000000
vn -0.990605 0.136757 0.000000
vn -0.993983 0.109532 0.000000
vn -0.993983 0.109532 0.000000
vn -0.996614 0.082218 0.000000
vn -0.996614 0.082218 0.000000
vn -0.998495 0.054850 0.000000
vn -0.998495 0.054850 0.000000
vn -0.999624 0.027434 0.000000
vn -0.999624 0.027434 0.000000
vn -1.000000 -0.000000 -0.000000
vn -1.000000 0.000000 0.000000
vn -0.999624 -0.027434 0.000000
vn -0.998495 -0.054850 -0.000000
vn -0.999624 -0.027434 0.000000
vn -0.996614 -0.082218 -0.000000
vn -0.998495 -0.054850 0.000000
vn -0.993983 -0.109532 -0.000000
vn -0.996614 -0.082218 0.000000
vn -0.993983 -0.109532 0.000000
vn -0.990605 -0.136757 0.000000
vn -0.986480 -0.163880 -0.000000
vn -0.990605 -0.136757 0.000000
vn -0.981613 -0.190883 -0.000000
vn -0.986480 -0.163880 0.000000
vn -0.976006 -0.217742 -0.000000
vn -0.981613 -0.190883 0.000000
vn -0.976006 -0.217742 0.000000
vn -0.969665 -0.244437 0.000000
vn -0.962595 -0.270946 -0.000000
vn -0.969665 -0.244437 0.000000
vn -0.954800 -0.297249 -0.000000
vn -0.962595 -0.270946 0.000000
vn -0.954800 -0.297249 0.000000
vn -0.946285 -0.323333 0.000000
vn -0.937059 -0.349172 -0.000000
vn -0.946285 -0.323333 0.000000
vn -0.927127 -0.374748 -0.000000
vn -0.937059 -0.349172 0.000000
vn -0.916497 -0.400042 -0.000000
vn -0.927127 -0.374748 0.000000
vn -0.916497 -0.400042 0.000000
vn -0.905177 -0.425035 0.000000
vn -0.893176 -0.449706 -0.000000
vn -0.905177 -0.425035 0.000000
vn -0.880502 -0.474042 -0.000000
vn -0.893176 -0.449706 0.000000
vn -0.880502 -0.474042 0.000000
vn -0.867166 -0.498018 0.000000
vn -0.853177 -0.521622 -0.000000
vn -0.867166 -0.498018 0.000000
vn -0.838547 -0.544830 -0.000000
vn -0.853177 -0.521622 0.000000
vn -0.823284 -0.567630 -0.000000
vn -0.838547 -0.544830 0.000000
vn -0.823284 -0.567630 0.000000
vn -0.807400 -0.590004 0.000000
vn -0.807400 -0.590004 0.000000
vn -0.790912 -0.611930 -0.000000
vn -0.790912 -0.611930 0.000000
vn -0.773825 -0.633400 0.000000
vn -0.773825 -0.633400 0.000000
vn -0.756158 -0.654389 -0.000000
vn -0.756158 -0.654389 0.000000
vn -0.737921 -0.674888 -0.000000
vn -0.737921 -0.674888 0.000000
vn -0.719128 -0.694877 0.000000
vn -0.719128 -0.694877 0.000000
vn -0.699794 -0.714345 -0.000000
vn -0.699794 -0.714345 0.000000
vn -0.679933 -0.733274 0.000000
vn -0.679933 -0.733274 0.000000
vn -0.659561 -0.751651 -0.000000
vn -0.659561 -0.751651 0.000000
vn -0.638692 -0.769463 -0.000000
vn -0.638692 -0.769463 0.000000
vn -0.617341 -0.786695 -0.000000
vn -0.617341 -0.786695 0.000000
vn -0.595527 -0.803335 0.000000
vn -0.573264 -0.819370 -0.000000
vn -0.595527 -0.803335 0.000000
vn -0.550570 -0.834789 -0.000000
vn -0.573264 -0.819370 0.000000
vn -0.550570 -0.834789 0.000000
vn -0.527461 -0.849579 0.000000
vn -0.503953 -0.863731 -0.000000
vn -0.527461 -0.849579 0.000000
vn -0.480071 -0.877229 -0.000000
vn -0.503953 -0.863731 0.000000
vn -0.480071 -0.877229 0.000000
vn -0.455821 -0.890071 0.000000
vn -0.455821 -0.890071 0.000000
vn -0.431233 -0.902240 0.000000
vn -0.406320 -0.913731 -0.000000
vn -0.431233 -0.902240 0.000000
vn -0.381099 -0.924534 -0.000000
vn -0.406320 -0.913731 0.000000
vn -0.381099 -0.924534 0.000000
vn -0.355590 -0.934642 0.000000
vn -0.329817 -0.944045 -0.000000
vn -0.355590 -0.934642 0.000000
vn -0.329817 -0.944045 0.000000
vn -0.303795 -0.952738 0.000000
vn -0.277539 -0.960714 -0.000000
vn -0.303795 -0.952738 0.000000
vn -0.277539 -0.960714 0.000000
vn -0.251082 -0.967966 0.000000
vn -0.251082 -0.967966 0.000000
vn -0.224431 -0.974490 0.000000
vn -0.224431 -0.974490 0.000000
vn -0.197615 -0.980280 0.000000
vn -0.197615 -0.980280 0.000000
vn -0.170646 -0.985332 0.000000
vn -0.170646 -0.985332 0.000000
vn -0.143548 -0.989643 0.000000
vn -0.143548 -0.989643 0.000000
vn -0.116344 -0.993209 0.000000
vn -0.116344 -0.993209 0.000000
vn -0.089053 -0.996027 0.000000
vn -0.089053 -0.996027 0.000000
vn -0.061696 -0.998095 0.000000
vn -0.061696 -0.998095 0.000000
vn -0.034291 -0.999412 0.000000
vn -0.034291 -0.999412 0.000000
vn -0.006860 -0.999977 0.000000
vn -0.006860 -0.999977 0.000000
vn 0.020577 -0.999788 0.000000
vn 0.020577 -0.999788 0.000000
vn 0.047997 -0.998847 0.000000
vn 0.047997 -0.998847 0.000000
vn 0.075383 -0.997155 0.000000
vn 0.075383 -0.997155 0.000000
vn 0.102708 -0.994712 0.000000
vn 0.102708 -0.994712 0.000000
vn 0.129959 -0.991519 0.000000
vn 0.129959 -0.991519 0.000000
vn 0.157111 -0.987581 0.000000
vn 0.157111 -0.987581 0.000000
vn 0.184147 -0.982899 0.000000
vn 0.184147 -0.982899 0.000000
vn 0.211043 -0.977477 0.000000
vn 0.211043 -0.977477 0.000000
vn 0.237778 -0.971319 0.000000
vn 0.237778 -0.971319 0.000000
vn 0.264334 -0.964431 0.000000
vn 0.264334 -0.964431 0.000000
vn 0.290696 -0.956815 0.000000
vn 0.290696 -0.956815 0.000000
vn 0.316835 -0.948481 0.000000
vn 0.342736 -0.939432 0.000000
vn 0.316835 -0.948481 0.000000
vn 0.342736 -0.939432 0.000000
vn 0.368378 -0.929676 0.000000
vn 0.368378 -0.929676 0.000000
vn 0.393748 -0.919218 0.000000
vn 0.393748 -0.919218 0.000000
vn 0.418815 -0.908072 0.000000
vn 0.418815 -0.908072 0.000000
vn 0.443571 -0.896239 0.000000
vn 0.443571 -0.896239 0.000000
vn 0.467990 -0.883734 0.000000
vn 0.467990 -0.883734 0.000000
vn 0.492058 -0.870563 0.000000
vn 0.492058 -0.870563 0.000000
vn 0.515757 -0.856735 0.000000
vn 0.515757 -0.856735 0.000000
vn 0.539065 -0.842264 0.000000
vn 0.539065 -0.842264 0.000000
vn 0.561970 -0.827157 0.000000
vn 0.561970 -0.827157 0.000000
vn 0.584451 -0.811429 0.000000
vn 0.584451 -0.811429 0.000000
vn 0.606491 -0.795090 0.000000
vn 0.606491 -0.795090 0.000000
vn 0.628075 -0.778153 0.000000
vn 0.628075 -0.778153 0.000000
vn 0.649188 -0.760628 0.000000
vn 0.649188 -0.760628 0.000000
vn 0.669809 -0.742533 0.000000
vn 0.669809 -0.742533 0.000000
vn 0.689929 -0.723877 0.000000
vn 0.689929 -0.723877 0.000000
vn 0.709528 -0.704678 0.000000
vn 0.728593 -0.684947 0.000000
vn 0.709528 -0.704678 0.000000
vn 0.728593 -0.684947 0.000000
vn 0.747109 -0.664701 0.000000
vn 0.747109 -0.664701 0.000000
vn 0.765063 -0.643955 0.000000
vn 0.782442 -0.622724 0.000000
vn 0.765063 -0.643955 0.000000
vn 0.782442 -0.622724 0.000000
vn 0.799232 -0.601022 0.000000
vn 0.799232 -0.601022 0.000000
vn 0.815419 -0.578872 0.000000
vn 0.830993 -0.556282 0.000000
vn 0.815419 -0.578872 0.000000
vn 0.830993 -0.556282 0.000000
vn 0.845941 -0.533277 0.000000
vn 0.845941 -0.533277 0.000000
vn 0.860254 -0.509866 0.000000
vn 0.873917 -0.486076 0.000000
vn 0.860254 -0.509866 0.000000
vn 0.873917 -0.486076 0.000000
vn 0.886922 -0.461920 0.000000
vn 0.886922 -0.461920 0.000000
vn 0.899262 -0.437410 0.000000
vn 0.899262 -0.437410 0.000000
vn 0.910922 -0.412580 0.000000
vn 0.910922 -0.412580 0.000000
vn 0.921899 -0.387430 0.000000
vn 0.921899 -0.387430 0.000000
vn 0.932181 -0.361993 0.000000
vn 0.932181 -0.361993 0.000000
vn 0.941760 -0.336285 0.000000
vn 0.941760 -0.336285 0.000000
vn 0.950631 -0.310323 0.000000
vn 0.958787 -0.284125 0.000000
vn 0.950631 -0.310323 0.000000
vn 0.958787 -0.284125 0.000000
vn 0.966222 -0.257712 0.000000
vn 0.966222 -0.257712 0.000000
vn 0.972927 -0.231112 0.000000
vn 0.972927 -0.231112 0.000000
vn 0.978901 -0.204333 0.000000
vn 0.978901 -0.204333 0.000000
vn 0.984139 -0.177400 0.000000
vn 0.984139 -0.177400 0.000000
vn 0.988636 -0.150332 0.000000
vn 0.988636 -0.150332 0.000000
vn 0.992387 -0.123157 0.000000
vn 0.992387 -0.123157 0.000000
vn 0.995393 -0.095884 0.000000
vn 0.995393 -0.095884 0.000000
vn 0.997649 -0.068538 0.000000
vn 0.999153 -0.041148 0.000000
vn 0.997649 -0.068538 0.000000
vn 0.999153 -0.041148 0.000000
vn 0.999906 -0.013717 0.000000
vn 0.999906 -0.013717 0.000000
vn -1.000000 0.000000 0.000000
vn -1.000000 0.000000 0.000000
vn 0.404519 0.914530 0.000000
vn 0.404519 0.914530 -0.000000
vn 0.380015 0.924980 -0.000000
vn 0.380015 0.924980 0.000000
vn 0.355241 0.934775 -0.000000
vn 0.355241 0.934775 0.000000
vn 0.330212 0.943907 -0.000000
vn 0.330212 0.943907 0.000000
vn 0.304952 0.952368 -0.000000
vn 0.304952 0.952368 0.000000
vn 0.279470 0.960154 -0.000000
vn 0.279470 0.960154 0.000000
vn 0.253798 0.967257 -0.000000
vn 0.253798 0.967257 0.000000
vn 0.227938 0.973676 -0.000000
vn 0.227938 0.973676 0.000000
vn 0.201922 0.979402 -0.000000
vn 0.201922 0.979402 0.000000
vn 0.175757 0.984433 -0.000000
vn 0.175757 0.984433 0.000000
vn 0.149473 0.988766 -0.000000
vn 0.149473 0.988766 0.000000
vn 0.123082 0.992396 -0.000000
vn 0.096598 0.995323 -0.000000
vn 0.123082 0.992396 0.000000
vn 0.096598 0.995323 -0.000000
vn 1.000000 -0.000000 0.000000
vn 1.000000 0.000000 0.000000
vn 0.096598 -0.995323 0.000000
vn 0.096598 -0.995323 0.000000
vn 0.123082 -0.992396 0.000000
vn 0.149473 -0.988766 0.000000
vn 0.123082 -0.992396 0.000000
vn 0.175757 -0.984433 0.000000
vn 0.149473 -0.988766 0.000000
vn 0.201922 -0.979402 0.000000
vn 0.175757 -0.984433 0.000000
vn 0.227938 -0.973676 0.000000
vn 0.201922 -0.979402 0.000000
vn 0.253798 -0.967257 0.000000
vn 0.227938 -0.973676 0.000000
vn 0.279470 -0.960154 0.000000
vn 0.253798 -0.967257 0.000000
vn 0.304952 -0.952368 0.000000
vn 0.279470 -0.960154 0.000000
vn 0.330212 -0.943907 0.000000
vn 0.304952 -0.952368 0.000000
vn 0.355241 -0.934775 0.000000
vn 0.330212 -0.943907 0.000000
vn 0.380015 -0.924980 0.000000
vn 0.355241 -0.934775 0.000000
vn 0.404519 -0.914530 0.000000
vn 0.380015 -0.924980 0.000000
vn 0.404519 -0.914530 0.000000
vn -1.000000 0.000000 0.000000
vn -1.000000 0.000000 0.000000
vn -0.096598 0.995323 0.000000
vn -0.123082 0.992396 0.000000
vn -0.096598 0.995323 0.000000
vn -0.149473 0.988766 0.000000
vn -0.123082 0.992396 0.000000
vn -0.175757 0.984433 0.000000
vn -0.149473 0.988766 0.000000
vn -0.201922 0.979402 0.000000
vn -0.175757 0.984433 0.000000
vn -0.227938 0.973676 0.000000
vn -0.201922 0.979402 0.000000
vn -0.253798 0.967257 0.000000
vn -0.227938 0.973676 0.000000
vn -0.253798 0.967257 0.000000
vn -0.279470 0.960154 0.000000
vn -0.279470 0.960154 0.000000
vn -0.304952 0.952368 0.000000
vn -0.304952 0.952368 0.000000
vn -0.330212 0.943907 0.000000
vn -0.330212 0.943907 0.000000
vn -0.355241 0.934775 0.000000
vn -0.355241 0.934775 0.000000
vn -0.380015 0.924980 0.000000
vn -0.380015 0.924980 0.000000
vn -0.404519 0.914530 0.000000
vn -0.404519 0.914530 0.000000
vn 1.000000 -0.000000 0.000000
vn 1.000000 0.000000 0.000000
vn -0.404519 -0.914530 0.000000
vn -0.380015 -0.924980 0.000000
vn -0.404519 -0.914530 0.000000
vn -0.355241 -0.934775 0.000000
vn -0.380015 -0.924980 0.000000
vn -0.330212 -0.943907 0.000000
vn -0.355241 -0.934775 0.000000
vn -0.304952 -0.952368 0.000000
vn -0.330212 -0.943907 0.000000
vn -0.279470 -0.960154 0.000000
vn -0.304952 -0.952368 0.000000
vn -0.253798 -0.967257 0.000000
vn -0.279470 -0.960154 0.000000
vn -0.253798 -0.967257 0.000000
vn -0.227938 -0.973676 0.000000
vn -0.227938 -0.973676 0.000000
vn -0.201922 -0.979402 0.000000
vn -0.201922 -0.979402 0.000000
vn -0.175757 -0.984433 0.000000
vn -0.175757 -0.984433 0.000000
vn -0.149473 -0.988766 0.000000
vn -0.149473 -0.988766 0.000000
vn -0.123082 -0.992396 0.000000
vn -0.123082 -0.992396 0.000000
vn -0.096598 -0.995323 0.000000
vn -0.096598 -0.995323 0.000000
vn -0.594279 0.804259 0.000000
vn -0.615843 0.787869 0.000000
vn -0.594279 0.804259 0.000000
vn -0.636951 0.770904 0.000000
vn -0.615843 0.787869 0.000000
vn -0.657596 0.753371 0.000000
vn -0.636951 0.770904 0.000000
vn -0.677758 0.735285 0.000000
vn -0.657596 0.753371 0.000000
vn -0.697423 0.716660 0.000000
vn -0.677758 0.735285 0.000000
vn -0.716573 0.697512 0.000000
vn -0.697423 0.716660 0.000000
vn -0.735201 0.677850 0.000000
vn -0.716573 0.697512 0.000000
vn -0.753288 0.657691 0.000000
vn -0.735201 0.677850 0.000000
vn -0.770824 0.637048 0.000000
vn -0.753288 0.657691 0.000000
vn -0.787793 0.615941 0.000000
vn -0.770824 0.637048 0.000000
vn -0.804185 0.594379 0.000000
vn -0.787793 0.615941 0.000000
vn -0.819986 0.572383 0.000000
vn -0.804185 0.594379 0.000000
vn -0.835187 0.549966 0.000000
vn -0.819986 0.572383 0.000000
vn -0.835187 0.549966 0.000000
vn -0.849773 0.527148 0.000000
vn -0.849773 0.527148 0.000000
vn -0.863738 0.503941 0.000000
vn -0.863738 0.503941 0.000000
vn -0.877069 0.480364 0.000000
vn -0.877069 0.480364 0.000000
vn -0.889757 0.456435 0.000000
vn -0.889757 0.456435 0.000000
vn -0.901790 0.432174 0.000000
vn -0.901790 0.432174 0.000000
vn -0.913165 0.407590 0.000000
vn -0.913165 0.407590 0.000000
vn -0.923867 0.382713 0.000000
vn -0.923867 0.382713 0.000000
vn -0.933894 0.357551 0.000000
vn -0.933894 0.357551 0.000000
vn -0.943233 0.332131 0.000000
vn -0.943233 0.332131 0.000000
vn -0.951883 0.306462 0.000000
vn -0.951883 0.306462 0.000000
vn -0.959833 0.280573 0.000000
vn -0.959833 0.280573 0.000000
vn -0.967079 0.254478 0.000000
vn -0.967079 0.254478 0.000000
vn -0.973616 0.228192 0.000000
vn -0.973616 0.228192 0.000000
vn -0.979439 0.201742 0.000000
vn -0.979439 0.201742 0.000000
vn -0.984543 0.175143 0.000000
vn -0.984543 0.175143 0.000000
vn -0.988925 0.148417 0.000000
vn -0.988925 0.148417 0.000000
vn -0.992582 0.121580 0.000000
vn -0.992582 0.121580 0.000000
vn -0.995510 0.094655 0.000000
vn -0.995510 0.094655 0.000000
vn -0.997708 0.067659 0.000000
vn -0.997708 0.067659 0.000000
vn -0.999175 0.040617 0.000000
vn -0.999175 0.040617 0.000000
vn -0.999908 0.013542 -0.000000
vn -0.999908 0.013542 0.000000
vn -0.999908 -0.013542 0.000000
vn -0.999908 -0.013542 0.000000
vn -0.999175 -0.040617 0.000000
vn -0.999175 -0.040617 0.000000
vn -0.997708 -0.067659 0.000000
vn -0.997708 -0.067659 0.000000
vn -0.995510 -0.094655 0.000000
vn -0.995510 -0.094655 0.000000
vn -0.992582 -0.121580 0.000000
vn -0.992582 -0.121580 0.000000
vn -0.988925 -0.148417 0.000000
vn -0.988925 -0.148417 0.000000
vn -0.984543 -0.175143 0.000000
vn -0.984543 -0.175143 0.000000
vn -0.979439 -0.201742 0.000000
vn -0.979439 -0.201742 0.000000
vn -0.973616 -0.228192 0.000000
vn -0.973616 -0.228192 0.000000
vn -0.967079 -0.254478 0.000000
vn -0.967079 -0.254478 0.000000
vn -0.959833 -0.280573 0.000000
vn -0.959833 -0.280573 0.000000
vn -0.951883 -0.306462 0.000000
vn -0.951883 -0.306462 0.000000
vn -0.943233 -0.332131 0.000000
vn -0.943233 -0.332131 0.000000
vn -0.933894 -0.357551 0.000000
vn -0.933894 -0.357551 0.000000
vn -0.923867 -0.382713 0.000000
vn -0.923867 -0.382713 0.000000
vn -0.913165 -0.407590 0.000000
vn -0.913165 -0.407590 0.000000
vn -0.901790 -0.432174 0.000000
vn -0.901790 -0.432174 0.000000
vn -0.889757 -0.456435 0.000000
vn -0.889757 -0.456435 0.000000
vn -0.877069 -0.480364 0.000000
vn -0.877069 -0.480364 0.000000
vn -0.863738 -0.503941 0.000000
vn -0.863738 -0.503941 0.000000
vn -0.849773 -0.527148 0.000000
vn -0.849773 -0.527148 0.000000
vn -0.835187 -0.549966 0.000000
vn -0.835187 -0.549966 0.000000
vn -0.819986 -0.572383 0.000000
vn -0.819986 -0.572383 0.000000
vn -0.804185 -0.594379 0.000000
vn -0.804185 -0.594379 0.000000
vn -0.787793 -0.615941 0.000000
vn -0.787793 -0.615941 0.000000
vn -0.770824 -0.637048 0.000000
vn -0.770824 -0.637048 0.000000
vn -0.753288 -0.657691 0.000000
vn -0.753288 -0.657691 0.000000
vn -0.735201 -0.677850 0.000000
vn -0.716573 -0.697512 0.000000
vn -0.735201 -0.677850 0.000000
vn -0.716573 -0.697512 0.000000
vn -0.697423 -0.716660 0.000000
vn -0.697423 -0.716660 0.000000
vn -0.677758 -0.735285 0.000000
vn -0.677758 -0.735285 0.000000
vn -0.657596 -0.753371 0.000000
vn -0.657596 -0.753371 0.000000
vn -0.636951 -0.770904 0.000000
vn -0.636951 -0.770904 0.000000
vn -0.615843 -0.787869 0.000000
vn -0.615843 -0.787869 0.000000
vn -0.594279 -0.804259 0.000000
vn -0.594279 -0.804259 0.000000
vn 1.000000 -0.000000 0.000000
vn 1.000000 0.000000 0.000000
vn -1.000000 0.000000 0.000000
vn -1.000000 0.000000 0.000000
vn 0.594438 -0.804142 0.000000
vn 0.594438 -0.804142 0.000000
vn 0.616305 -0.787507 0.000000
vn 0.616305 -0.787507 0.000000
vn 0.637709 -0.770277 0.000000
vn 0.637709 -0.770277 0.000000
vn 0.658629 -0.752467 0.000000
vn 0.658629 -0.752467 0.000000
vn 0.679056 -0.734087 0.000000
vn 0.679056 -0.734087 0.000000
vn 0.698968 -0.715153 0.000000
vn 0.698968 -0.715153 0.000000
vn 0.718351 -0.695681 0.000000
vn 0.718351 -0.695681 0.000000
vn 0.737193 -0.675682 0.000000
vn 0.737193 -0.675682 0.000000
vn 0.755479 -0.655173 0.000000
vn 0.773193 -0.634171 0.000000
vn 0.755479 -0.655173 0.000000
vn 0.790325 -0.612687 0.000000
vn 0.773193 -0.634171 0.000000
vn 0.806860 -0.590742 0.000000
vn 0.790325 -0.612687 0.000000
vn 0.822784 -0.568355 0.000000
vn 0.806860 -0.590742 0.000000
vn 0.838090 -0.545532 0.000000
vn 0.822784 -0.568355 0.000000
vn 0.852761 -0.522302 0.000000
vn 0.838090 -0.545532 0.000000
vn 0.852761 -0.522302 0.000000
vn 0.866788 -0.498677 0.000000
vn 0.866788 -0.498677 0.000000
vn 0.880162 -0.474673 0.000000
vn 0.880162 -0.474673 0.000000
vn 0.892872 -0.450311 0.000000
vn 0.892872 -0.450311 0.000000
vn 0.904905 -0.425613 0.000000
vn 0.904905 -0.425613 0.000000
vn 0.916257 -0.400590 0.000000
vn 0.916257 -0.400590 0.000000
vn 0.926918 -0.375265 0.000000
vn 0.926918 -0.375265 0.000000
vn 0.936877 -0.349658 0.000000
vn 0.936877 -0.349658 0.000000
vn 0.946130 -0.323786 0.000000
vn 0.946130 -0.323786 0.000000
vn 0.954669 -0.297671 0.000000
vn 0.954669 -0.297671 0.000000
vn 0.962487 -0.271329 0.000000
vn 0.962487 -0.271329 0.000000
vn 0.969578 -0.244783 0.000000
vn 0.969578 -0.244783 0.000000
vn 0.975937 -0.218054 0.000000
vn 0.975937 -0.218054 0.000000
vn 0.981559 -0.191158 0.000000
vn 0.981559 -0.191158 0.000000
vn 0.986441 -0.164117 0.000000
vn 0.990577 -0.136955 0.000000
vn 0.986441 -0.164117 0.000000
vn 0.993966 -0.109688 0.000000
vn 0.990577 -0.136955 0.000000
vn 0.993966 -0.109688 0.000000
vn 0.996604 -0.082341 0.000000
vn 0.996604 -0.082341 0.000000
vn 0.998490 -0.054927 0.000000
vn 0.998490 -0.054927 0.000000
vn 0.999623 -0.027472 0.000000
vn 0.999623 -0.027472 0.000000
vn 1.000000 0.000000 0.000000
vn 0.999623 0.027472 -0.000000
vn 1.000000 0.000000 0.000000
vn 0.998490 0.054927 -0.000000
vn 0.999623 0.027472 -0.000000
vn 0.998490 0.054927 -0.000000
vn 0.996604 0.082341 -0.000000
vn 0.993966 0.109688 -0.000000
vn 0.996604 0.082341 0.000000
vn 0.993966 0.109688 -0.000000
vn 0.990577 0.136955 0.000000
vn 0.990577 0.136955 -0.000000
vn 0.986441 0.164117 0.000000
vn 0.986441 0.164117 -0.000000
vn 0.981559 0.191158 -0.000000
vn 0.981559 0.191158 0.000000
vn 0.975937 0.218054 -0.000000
vn 0.975937 0.218054 0.000000
vn 0.969578 0.244783 0.000000
vn 0.969578 0.244783 -0.000000
vn 0.962487 0.271329 -0.000000
vn 0.962487 0.271329 0.000000
vn 0.954669 0.297671 -0.000000
vn 0.954669 0.297671 0.000000
vn 0.946130 0.323786 -0.000000
vn 0.946130 0.323786 0.000000
vn 0.936877 0.349658 -0.000000
vn 0.936877 0.349658 0.000000
vn 0.926918 0.375265 -0.000000
vn 0.916257 0.400590 -0.000000
vn 0.926918 0.375265 0.000000
vn 0.916257 0.400590 -0.000000
vn 0.904905 0.425613 -0.000000
vn 0.892872 0.450311 -0.000000
vn 0.904905 0.425613 0.000000
vn 0.892872 0.450311 -0.000000
vn 0.880162 0.474673 -0.000000
vn 0.880162 0.474673 0.000000
vn 0.866788 0.498677 -0.000000
vn 0.866788 0.498677 0.000000
vn 0.852761 0.522302 -0.000000
vn 0.852761 0.522302 0.000000
vn 0.838090 0.545532 -0.000000
vn 0.838090 0.545532 0.000000
vn 0.822784 0.568355 -0.000000
vn 0.822784 0.568355 0.000000
vn 0.806860 0.590742 -0.000000
vn 0.790325 0.612687 -0.000000
vn 0.806860 0.590742 0.000000
vn 0.790325 0.612687 -0.000000
vn 0.773193 0.634171 -0.000000
vn 0.773193 0.634171 0.000000
vn 0.755479 0.655173 -0.000000
vn 0.755479 0.655173 0.000000
vn 0.737193 0.675682 -0.000000
vn 0.737193 0.675682 0.000000
vn 0.718351 0.695681 -0.000000
vn 0.718351 0.695681 0.000000
vn 0.698968 0.715153 -0.000000
vn 0.698968 0.715153 0.000000
vn 0.679056 0.734087 0.000000
vn 0.679056 0.734087 -0.000000
vn 0.658629 0.752467 0.000000
vn 0.658629 0.752467 -0.000000
vn 0.637709 0.770277 0.000000
vn 0.637709 0.770277 -0.000000
vn 0.616305 0.787507 0.000000
vn 0.616305 0.787507 -0.000000
vn 0.594438 0.804142 0.000000
vn 0.594438 0.804142 -0.000000
vn 0.654194 -0.284156 0.700918
vn 0.665637 -0.237687 0.707413
vn 0.672521 -0.219537 0.706767
vn 0.666277 -0.237912 0.706734
vn 0.671938 -0.219347 0.707380
vn 0.657275 -0.243758 0.713142
vn 0.668741 -0.248010 0.700911
vn 0.677727 -0.200836 0.707355
vn 0.683502 -0.182305 0.706817
vn 0.678266 -0.200995 0.706793
vn 0.683005 -0.182174 0.707331
vn 0.681292 -0.211121 0.700906
vn 0.669600 -0.207498 0.713148
vn 0.687780 -0.163377 0.707296
vn 0.692424 -0.144534 0.706865
vn 0.688212 -0.163479 0.706851
vn 0.692016 -0.144450 0.707282
vn 0.691808 -0.173603 0.700902
vn 0.679929 -0.170622 0.713152
vn 0.700261 -0.135565 0.700897
vn 0.695760 -0.125417 0.707240
vn 0.699258 -0.106329 0.706917
vn 0.696088 -0.125475 0.706907
vn 0.698949 -0.106285 0.707230
vn 0.688227 -0.133235 0.713156
vn 0.706622 -0.097123 0.700894
vn 0.701648 -0.087076 0.707183
vn 0.703987 -0.067814 0.706968
vn 0.707074 0.009700 0.707073
vn 0.707074 0.009702 0.707073
vn 0.701866 -0.087101 0.706964
vn 0.703777 -0.067794 0.707179
vn 0.694474 -0.095454 0.713158
vn 0.698647 -0.057386 0.713161
vn 0.710873 -0.058390 0.700892
vn 0.705424 -0.048462 0.707127
vn 0.706595 -0.029099 0.707020
vn 0.705531 -0.048469 0.707019
vn 0.706488 -0.029094 0.707127
vn 0.700737 -0.019148 0.713162
vn 0.713001 -0.019483 0.700892
vn 0.707074 -0.009700 0.707073
vn 0.707074 -0.009702 0.707073
vn 0.706595 0.029099 0.707020
vn 0.705424 0.048462 0.707127
vn 0.706488 0.029094 0.707127
vn 0.705531 0.048469 0.707019
vn 0.700737 0.019148 0.713162
vn 0.713001 0.019483 0.700892
vn 0.703987 0.067814 0.706968
vn 0.701648 0.087076 0.707183
vn 0.703777 0.067794 0.707179
vn 0.701866 0.087101 0.706964
vn 0.698647 0.057386 0.713161
vn 0.710873 0.058390 0.700892
vn 0.699258 0.106329 0.706917
vn 0.695760 0.125417 0.707240
vn 0.698949 0.106285 0.707230
vn 0.696088 0.125475 0.706907
vn 0.706622 0.097123 0.700894
vn 0.694474 0.095454 0.713158
vn 0.692424 0.144534 0.706865
vn 0.687780 0.163377 0.707296
vn 0.688227 0.133235 0.713156
vn 0.700261 0.135565 0.700897
vn 0.692016 0.144450 0.707282
vn 0.688212 0.163479 0.706851
vn 0.683502 0.182305 0.706817
vn 0.677727 0.200836 0.707355
vn 0.679929 0.170622 0.713152
vn 0.691808 0.173603 0.700902
vn 0.683005 0.182174 0.707331
vn 0.678266 0.200995 0.706793
vn 0.672521 0.219537 0.706767
vn 0.665637 0.237687 0.707413
vn 0.671938 0.219347 0.707380
vn 0.666277 0.237912 0.706734
vn 0.669600 0.207498 0.713148
vn 0.681292 0.211121 0.700906
vn 0.657275 0.243758 0.713142
vn 0.659512 0.256108 0.706720
vn 0.651543 0.273812 0.707473
vn 0.658853 0.255854 0.707426
vn 0.652281 0.274123 0.706673
vn 0.668741 0.248010 0.700911
vn 0.644514 0.291917 0.706672
vn 0.635491 0.309109 0.707533
vn 0.642988 0.279289 0.713137
vn 0.654194 0.284156 0.700918
vn 0.643786 0.291584 0.707473
vn 0.636319 0.309513 0.706612
vn 0.627574 0.326848 0.706626
vn 0.617526 0.343470 0.707595
vn 0.626783 0.326435 0.707519
vn 0.618438 0.343978 0.706550
vn 0.626784 0.313989 0.713129
vn 0.637694 0.319454 0.700925
vn 0.608743 0.360797 0.706582
vn 0.597704 0.376789 0.707658
vn 0.607897 0.360297 0.707564
vn 0.598694 0.377413 0.706487
vn 0.608711 0.347753 0.713119
vn 0.619289 0.353797 0.700934
vn 0.588819 0.380481 0.713110
vn 0.599037 0.387083 0.700944
vn 0.588074 0.393667 0.706538
vn 0.576087 0.408968 0.707721
vn 0.587184 0.393072 0.707608
vn 0.577145 0.409719 0.706424
vn 0.565632 0.425355 0.706494
vn 0.552738 0.439909 0.707786
vn 0.567172 0.412074 0.713100
vn 0.564706 0.424660 0.707652
vn 0.553855 0.440796 0.706360
vn 0.576996 0.419212 0.700954
vn 0.541482 0.455766 0.706452
vn 0.527730 0.469519 0.707851
vn 0.540533 0.454967 0.707693
vn 0.528893 0.470555 0.706293
vn 0.543830 0.442439 0.713089
vn 0.553234 0.450089 0.700965
vn 0.527820 0.479620 0.700978
vn 0.515700 0.484807 0.706410
vn 0.501136 0.497711 0.707917
vn 0.514735 0.483900 0.707735
vn 0.502335 0.498902 0.706227
vn 0.518868 0.471485 0.713076
vn 0.488361 0.512391 0.706370
vn 0.492355 0.499127 0.713063
vn 0.473039 0.524398 0.707984
vn 0.500831 0.507719 0.700992
vn 0.487393 0.511374 0.707775
vn 0.474261 0.525752 0.706159
vn 0.459549 0.538435 0.706331
vn 0.443522 0.549500 0.708052
vn 0.464373 0.525279 0.713049
vn 0.458584 0.537308 0.707814
vn 0.444754 0.551026 0.706091
vn 0.472349 0.534302 0.701005
vn 0.429347 0.562861 0.706292
vn 0.412676 0.572943 0.708121
vn 0.428402 0.561621 0.707852
vn 0.413902 0.574647 0.706021
vn 0.435004 0.549867 0.713034
vn 0.442457 0.559288 0.701020
vn 0.397851 0.585592 0.706255
vn 0.380591 0.594656 0.708191
vn 0.411246 0.582602 0.701036
vn 0.396932 0.584241 0.707889
vn 0.381800 0.596542 0.705951
vn 0.404336 0.572814 0.713019
vn 0.372462 0.594055 0.713001
vn 0.378808 0.604177 0.701053
vn 0.365153 0.606564 0.706217
vn 0.347368 0.614574 0.708261
vn 0.364271 0.605101 0.707926
vn 0.348541 0.616646 0.705880
vn 0.331352 0.625711 0.706181
vn 0.313107 0.632637 0.708332
vn 0.339474 0.613525 0.712983
vn 0.345240 0.623946 0.701071
vn 0.330518 0.624138 0.707961
vn 0.314226 0.634900 0.705807
vn 0.296548 0.642974 0.706147
vn 0.277910 0.648790 0.708405
vn 0.295776 0.641295 0.707995
vn 0.278960 0.651247 0.705733
vn 0.305471 0.631164 0.712965
vn 0.310644 0.641851 0.701090
vn 0.270555 0.646921 0.712947
vn 0.275122 0.657840 0.701109
vn 0.260848 0.658302 0.706114
vn 0.241880 0.662987 0.708479
vn 0.260143 0.656521 0.708029
vn 0.242846 0.665636 0.705659
vn 0.224361 0.671649 0.706081
vn 0.205132 0.675183 0.708554
vn 0.234831 0.660751 0.712925
vn 0.238780 0.671863 0.701130
vn 0.223734 0.669770 0.708062
vn 0.205993 0.678026 0.705583
vn 0.187192 0.682974 0.706049
vn 0.167772 0.685345 0.708629
vn 0.198403 0.672609 0.712905
vn 0.186654 0.681003 0.708093
vn 0.168515 0.688377 0.705507
vn 0.201728 0.683880 0.701152
vn 0.161382 0.682463 0.712882
vn 0.164076 0.693855 0.701173
vn 0.149459 0.692243 0.706018
vn 0.129916 0.693439 0.708706
vn 0.149014 0.690186 0.708123
vn 0.130517 0.696660 0.705429
vn 0.123876 0.690280 0.712859
vn 0.125936 0.701757 0.701198
vn 0.111270 0.699427 0.705989
vn 0.091676 0.699444 0.708784
vn 0.110930 0.697289 0.708154
vn 0.092124 0.702846 0.705352
vn 0.072743 0.704508 0.705958
vn 0.053172 0.703343 0.708859
vn 0.086000 0.696040 0.712834
vn 0.087424 0.707563 0.701222
vn 0.072514 0.702294 0.708184
vn 0.053441 0.706918 0.705274
vn 0.048651 0.711255 0.701248
vn 0.033995 0.707465 0.705930
vn 0.014513 0.705120 0.708939
vn 0.047862 0.699723 0.712809
vn 0.033887 0.705187 0.708211
vn 0.014589 0.708865 0.705193
vn 0.009579 0.701319 0.712784
vn 0.009737 0.712826 0.701274
vn -0.004859 0.708291 0.705904
vn -0.024182 0.704774 0.709020
vn -0.004843 0.705957 0.708238
vn -0.024314 0.708679 0.705112
vn -0.028734 0.700823 0.712756
vn -0.029203 0.712267 0.701301
vn -0.043701 0.706985 0.705877
vn -0.062792 0.702306 0.709100
vn -0.043554 0.704603 0.708264
vn -0.063154 0.706361 0.705029
vn -0.082414 0.703549 0.705852
vn -0.101205 0.697724 0.709182
vn -0.066965 0.698237 0.712728
vn -0.068053 0.709583 0.701328
vn -0.082130 0.701130 0.708288
vn -0.101816 0.701916 0.704945
vn -0.120882 0.697992 0.705829
vn -0.139307 0.691039 0.709266
vn -0.105000 0.693565 0.712701
vn -0.120458 0.695546 0.708312
vn -0.140175 0.695357 0.704861
vn -0.106698 0.704779 0.701357
vn -0.142724 0.686828 0.712670
vn -0.145020 0.697873 0.701387
vn -0.158988 0.690336 0.705804
vn -0.176977 0.682279 0.709348
vn -0.158422 0.687868 0.708336
vn -0.178123 0.686704 0.704777
vn -0.180027 0.678039 0.712638
vn -0.182905 0.688882 0.701418
vn -0.196617 0.680598 0.705782
vn -0.214106 0.671463 0.709433
vn -0.195904 0.678123 0.708358
vn -0.215544 0.675982 0.704691
vn -0.232796 0.666337 0.708379
vn -0.252327 0.663223 0.704604
vn -0.233659 0.668810 0.705760
vn -0.250580 0.658631 0.709517
vn -0.216795 0.667227 0.712607
vn -0.220242 0.677836 0.701449
vn -0.268983 0.652546 0.708401
vn -0.288360 0.648464 0.704516
vn -0.252919 0.654423 0.712574
vn -0.256917 0.664767 0.701483
vn -0.269999 0.655007 0.705738
vn -0.286294 0.643817 0.709603
vn -0.304362 0.636793 0.708420
vn -0.323532 0.631751 0.704427
vn -0.292824 0.649714 0.701517
vn -0.288295 0.639666 0.712540
vn -0.305526 0.639230 0.705719
vn -0.321132 0.627068 0.709690
vn -0.338819 0.619125 0.708439
vn -0.357740 0.613132 0.704337
vn -0.327850 0.632723 0.701552
vn -0.340136 0.621527 0.705699
vn -0.322811 0.622999 0.712506
vn -0.354998 0.608435 0.709777
vn -0.356370 0.604472 0.712470
vn -0.372258 0.599594 0.708457
vn -0.390880 0.592663 0.704246
vn -0.373721 0.601951 0.705682
vn -0.387786 0.587971 0.709868
vn -0.361896 0.613845 0.701588
vn -0.404574 0.578261 0.708473
vn -0.422852 0.570406 0.704154
vn -0.394858 0.593136 0.701624
vn -0.388869 0.584140 0.712434
vn -0.406184 0.580561 0.705665
vn -0.419397 0.565745 0.709957
vn -0.435671 0.555188 0.708489
vn -0.453559 0.546426 0.704062
vn -0.426637 0.570659 0.701662
vn -0.420210 0.562063 0.712397
vn -0.437424 0.557422 0.705649
vn -0.449737 0.541820 0.710048
vn -0.465457 0.530446 0.708503
vn -0.482911 0.520795 0.703967
vn -0.457140 0.546480 0.701699
vn -0.467349 0.532602 0.705634
vn -0.478715 0.516270 0.710139
vn -0.450302 0.538306 0.712359
vn -0.486274 0.520673 0.701739
vn -0.493840 0.504108 0.708517
vn -0.510816 0.493590 0.703872
vn -0.495867 0.506178 0.705620
vn -0.506243 0.489171 0.710232
vn -0.479054 0.512942 0.712319
vn -0.520736 0.476255 0.708531
vn -0.537191 0.464892 0.703776
vn -0.506380 0.486044 0.712279
vn -0.513953 0.493313 0.701780
vn -0.522893 0.478228 0.705607
vn -0.532240 0.460607 0.710325
vn -0.546063 0.446970 0.708543
vn -0.561957 0.434787 0.703679
vn -0.540095 0.464483 0.701821
vn -0.532199 0.457693 0.712237
vn -0.548344 0.448837 0.705595
vn -0.556627 0.430663 0.710419
vn -0.569747 0.416340 0.708554
vn -0.585037 0.403366 0.703582
vn -0.564621 0.434271 0.701864
vn -0.556433 0.427973 0.712195
vn -0.572146 0.418093 0.705583
vn -0.579331 0.399432 0.710514
vn -0.587460 0.402765 0.701905
vn -0.579009 0.396972 0.712153
vn -0.591717 0.384458 0.708564
vn -0.606364 0.370722 0.703483
vn -0.594225 0.386087 0.705573
vn -0.600284 0.367006 0.710609
vn -0.611904 0.351420 0.708574
vn -0.625870 0.336954 0.703384
vn -0.608539 0.370062 0.701950
vn -0.599862 0.364785 0.712108
vn -0.614515 0.352920 0.705563
vn -0.619424 0.333483 0.710705
vn -0.636693 0.298966 0.710804
vn -0.630251 0.317326 0.708582
vn -0.643501 0.302160 0.703282
vn -0.627802 0.336256 0.701995
vn -0.618928 0.331503 0.712063
vn -0.632954 0.318687 0.705555
vn -0.649488 0.283495 0.705547
vn -0.652040 0.263557 0.710902
vn -0.645186 0.301452 0.702042
vn -0.646698 0.282279 0.708590
vn -0.659198 0.266449 0.703181
vn -0.636149 0.297230 0.712017
vn -0.664065 0.247448 0.705540
vn -0.665419 0.227365 0.711001
vn -0.651476 0.262064 0.711970
vn -0.661201 0.246381 0.708597
vn -0.672915 0.229926 0.703079
vn -0.660642 0.265751 0.702088
vn -0.676644 0.210654 0.705534
vn -0.676791 0.190499 0.711101
vn -0.673714 0.209743 0.708602
vn -0.684611 0.192700 0.702975
vn -0.664861 0.226112 0.711923
vn -0.674124 0.229262 0.702136
vn -0.687182 0.173228 0.705530
vn -0.686119 0.153070 0.711203
vn -0.684200 0.172473 0.708607
vn -0.694250 0.154883 0.702871
vn -0.676264 0.189480 0.711873
vn -0.685593 0.192094 0.702184
vn -0.685650 0.152278 0.711825
vn -0.695652 0.135275 0.705527
vn -0.693380 0.115189 0.711306
vn -0.695011 0.154357 0.702234
vn -0.692625 0.134688 0.708611
vn -0.701804 0.116591 0.702765
vn -0.702028 0.096918 0.705524
vn -0.698551 0.076977 0.711408
vn -0.692994 0.114616 0.711774
vn -0.702357 0.116164 0.702283
vn -0.698969 0.096495 0.708612
vn -0.707248 0.077934 0.702656
vn -0.706289 0.058267 0.705522
vn -0.701617 0.038542 0.711511
vn -0.703207 0.058013 0.708615
vn -0.710563 0.039031 0.702550
vn -0.698270 0.076608 0.711723
vn -0.707601 0.077631 0.702335
vn -0.708421 0.019442 0.705522
vn -0.702567 0.000000 0.711618
vn -0.705330 0.019359 0.708615
vn -0.711743 0.000000 0.702440
vn -0.701464 0.038363 0.711671
vn -0.710732 0.038870 0.702388
vn -0.708421 -0.019442 0.705522
vn -0.702567 0.000000 0.711618
vn -0.711743 0.000000 0.702440
vn -0.705330 -0.019359 0.708615
vn -0.701617 -0.038542 0.711511
vn -0.706289 -0.058267 0.705522
vn -0.701464 -0.038363 0.711671
vn -0.710563 -0.039031 0.702550
vn -0.703207 -0.058013 0.708615
vn -0.710732 -0.038870 0.702388
vn -0.698551 -0.076977 0.711408
vn -0.702028 -0.096918 0.705524
vn -0.707248 -0.077934 0.702656
vn -0.698969 -0.096495 0.708612
vn -0.698270 -0.076608 0.711723
vn -0.707601 -0.077631 0.702335
vn -0.692994 -0.114616 0.711774
vn -0.693380 -0.115189 0.711306
vn -0.695652 -0.135275 0.705527
vn -0.702357 -0.116164 0.702283
vn -0.701804 -0.116591 0.702765
vn -0.692625 -0.134688 0.708611
vn -0.686119 -0.153070 0.711203
vn -0.687182 -0.173228 0.705530
vn -0.685650 -0.152278 0.711825
vn -0.694250 -0.154883 0.702871
vn -0.684200 -0.172473 0.708607
vn -0.695011 -0.154357 0.702234
vn -0.685593 -0.192094 0.702184
vn -0.676791 -0.190499 0.711101
vn -0.676644 -0.210654 0.705534
vn -0.684611 -0.192700 0.702975
vn -0.673714 -0.209743 0.708602
vn -0.676264 -0.189480 0.711873
vn -0.664861 -0.226112 0.711923
vn -0.665419 -0.227365 0.711001
vn -0.664065 -0.247448 0.705540
vn -0.674124 -0.229262 0.702136
vn -0.672915 -0.229926 0.703079
vn -0.661201 -0.246381 0.708597
vn -0.652040 -0.263557 0.710902
vn -0.649488 -0.283495 0.705547
vn -0.651476 -0.262064 0.711970
vn -0.659198 -0.266449 0.703181
vn -0.646698 -0.282279 0.708590
vn -0.660642 -0.265751 0.702088
vn -0.636693 -0.298966 0.710804
vn -0.632954 -0.318687 0.705555
vn -0.636149 -0.297230 0.712017
vn -0.643501 -0.302160 0.703282
vn -0.630251 -0.317326 0.708582
vn -0.645186 -0.301452 0.702042
vn -0.619424 -0.333483 0.710705
vn -0.614515 -0.352920 0.705563
vn -0.625870 -0.336954 0.703384
vn -0.611904 -0.351420 0.708574
vn -0.618928 -0.331503 0.712063
vn -0.627802 -0.336256 0.701995
vn -0.599862 -0.364785 0.712108
vn -0.608539 -0.370062 0.701950
vn -0.600284 -0.367006 0.710609
vn -0.594225 -0.386087 0.705573
vn -0.606364 -0.370722 0.703483
vn -0.591717 -0.384458 0.708564
vn -0.587460 -0.402765 0.701905
vn -0.579009 -0.396972 0.712153
vn -0.579331 -0.399432 0.710514
vn -0.572146 -0.418093 0.705583
vn -0.585037 -0.403366 0.703582
vn -0.569747 -0.416340 0.708554
vn -0.556433 -0.427973 0.712195
vn -0.556627 -0.430663 0.710419
vn -0.548344 -0.448837 0.705595
vn -0.564621 -0.434271 0.701864
vn -0.561957 -0.434787 0.703679
vn -0.546063 -0.446970 0.708543
vn -0.532240 -0.460607 0.710325
vn -0.522893 -0.478228 0.705607
vn -0.532199 -0.457693 0.712237
vn -0.540095 -0.464483 0.701821
vn -0.537191 -0.464892 0.703776
vn -0.520736 -0.476255 0.708531
vn -0.506243 -0.489171 0.710232
vn -0.495867 -0.506178 0.705620
vn -0.506380 -0.486044 0.712279
vn -0.510816 -0.493590 0.703872
vn -0.493840 -0.504108 0.708517
vn -0.513953 -0.493313 0.701780
vn -0.478715 -0.516270 0.710139
vn -0.467349 -0.532602 0.705634
vn -0.482911 -0.520795 0.703967
vn -0.465457 -0.530446 0.708503
vn -0.479054 -0.512942 0.712319
vn -0.486274 -0.520673 0.701739
vn -0.457140 -0.546480 0.701700
vn -0.450302 -0.538306 0.712359
vn -0.449737 -0.541820 0.710048
vn -0.437424 -0.557422 0.705649
vn -0.453559 -0.546426 0.704062
vn -0.435671 -0.555188 0.708489
vn -0.420210 -0.562063 0.712397
vn -0.426637 -0.570659 0.701662
vn -0.419397 -0.565745 0.709957
vn -0.406184 -0.580561 0.705665
vn -0.422852 -0.570406 0.704154
vn -0.404574 -0.578261 0.708473
vn -0.394858 -0.593136 0.701624
vn -0.388869 -0.584140 0.712434
vn -0.387786 -0.587971 0.709868
vn -0.373721 -0.601951 0.705682
vn -0.390880 -0.592663 0.704246
vn -0.372258 -0.599594 0.708457
vn -0.354998 -0.608435 0.709777
vn -0.340136 -0.621527 0.705699
vn -0.356370 -0.604472 0.712470
vn -0.361896 -0.613845 0.701588
vn -0.357740 -0.613132 0.704337
vn -0.338819 -0.619125 0.708439
vn -0.321132 -0.627068 0.709690
vn -0.305526 -0.639230 0.705719
vn -0.322811 -0.622999 0.712506
vn -0.323532 -0.631751 0.704427
vn -0.304362 -0.636793 0.708420
vn -0.327850 -0.632723 0.701552
vn -0.292824 -0.649714 0.701517
vn -0.286294 -0.643817 0.709603
vn -0.269999 -0.655007 0.705738
vn -0.288360 -0.648464 0.704516
vn -0.288295 -0.639666 0.712540
vn -0.268983 -0.652546 0.708401
vn -0.252919 -0.654423 0.712574
vn -0.256917 -0.664767 0.701483
vn -0.250580 -0.658631 0.709517
vn -0.233659 -0.668810 0.705760
vn -0.252327 -0.663223 0.704604
vn -0.232796 -0.666337 0.708379
vn -0.220242 -0.677836 0.701449
vn -0.216795 -0.667226 0.712607
vn -0.214106 -0.671463 0.709433
vn -0.196617 -0.680598 0.705782
vn -0.215544 -0.675982 0.704691
vn -0.195904 -0.678123 0.708358
vn -0.180027 -0.678039 0.712638
vn -0.176977 -0.682279 0.709348
vn -0.182905 -0.688882 0.701418
vn -0.158988 -0.690336 0.705804
vn -0.178123 -0.686704 0.704777
vn -0.158422 -0.687868 0.708336
vn -0.139307 -0.691039 0.709266
vn -0.120882 -0.697992 0.705829
vn -0.142724 -0.686828 0.712669
vn -0.145020 -0.697873 0.701387
vn -0.140175 -0.695357 0.704861
vn -0.120458 -0.695546 0.708312
vn -0.101205 -0.697724 0.709182
vn -0.082414 -0.703549 0.705852
vn -0.105000 -0.693565 0.712700
vn -0.106698 -0.704779 0.701357
vn -0.101816 -0.701916 0.704945
vn -0.082130 -0.701130 0.708288
vn -0.062792 -0.702306 0.709100
vn -0.043701 -0.706985 0.705877
vn -0.068053 -0.709583 0.701328
vn -0.066965 -0.698237 0.712728
vn -0.063154 -0.706361 0.705029
vn -0.043554 -0.704603 0.708264
vn -0.024314 -0.708679 0.705112
vn -0.004843 -0.705957 0.708238
vn -0.028734 -0.700823 0.712756
vn -0.029203 -0.712267 0.701301
vn -0.024182 -0.704774 0.709020
vn -0.004859 -0.708291 0.705904
vn 0.014589 -0.708865 0.705193
vn 0.033887 -0.705187 0.708211
vn 0.009737 -0.712826 0.701274
vn 0.009579 -0.701319 0.712784
vn 0.014513 -0.705120 0.708939
vn 0.033995 -0.707465 0.705930
vn 0.053441 -0.706918 0.705274
vn 0.072514 -0.702294 0.708184
vn 0.047862 -0.699723 0.712809
vn 0.048651 -0.711255 0.701248
vn 0.053172 -0.703343 0.708859
vn 0.072743 -0.704508 0.705958
vn 0.092124 -0.702846 0.705352
vn 0.110930 -0.697289 0.708154
vn 0.087424 -0.707563 0.701222
vn 0.086000 -0.696040 0.712834
vn 0.091676 -0.699444 0.708784
vn 0.111270 -0.699427 0.705989
vn 0.130517 -0.696660 0.705429
vn 0.149014 -0.690186 0.708123
vn 0.125936 -0.701757 0.701198
vn 0.123876 -0.690280 0.712859
vn 0.129916 -0.693439 0.708706
vn 0.149459 -0.692243 0.706018
vn 0.168515 -0.688377 0.705507
vn 0.186654 -0.681003 0.708093
vn 0.167772 -0.685345 0.708629
vn 0.187192 -0.682974 0.706049
vn 0.164076 -0.693855 0.701173
vn 0.161382 -0.682463 0.712882
vn 0.205993 -0.678026 0.705583
vn 0.223734 -0.669770 0.708062
vn 0.205132 -0.675183 0.708554
vn 0.224361 -0.671649 0.706081
vn 0.198403 -0.672609 0.712905
vn 0.201728 -0.683880 0.701152
vn 0.238780 -0.671863 0.701130
vn 0.234831 -0.660751 0.712925
vn 0.242846 -0.665636 0.705659
vn 0.260143 -0.656521 0.708029
vn 0.241880 -0.662987 0.708479
vn 0.260848 -0.658302 0.706114
vn 0.270555 -0.646921 0.712947
vn 0.278960 -0.651247 0.705733
vn 0.295776 -0.641295 0.707995
vn 0.275122 -0.657840 0.701109
vn 0.277910 -0.648790 0.708405
vn 0.296548 -0.642974 0.706147
vn 0.314226 -0.634900 0.705807
vn 0.330518 -0.624138 0.707961
vn 0.310644 -0.641851 0.701090
vn 0.305471 -0.631164 0.712965
vn 0.313107 -0.632637 0.708332
vn 0.331352 -0.625711 0.706181
vn 0.348541 -0.616646 0.705880
vn 0.364271 -0.605101 0.707926
vn 0.339474 -0.613525 0.712983
vn 0.345240 -0.623946 0.701071
vn 0.347368 -0.614574 0.708261
vn 0.365153 -0.606564 0.706217
vn 0.381800 -0.596542 0.705951
vn 0.396932 -0.584241 0.707889
vn 0.372462 -0.594055 0.713002
vn 0.378808 -0.604177 0.701053
vn 0.380591 -0.594656 0.708191
vn 0.397851 -0.585592 0.706255
vn 0.413902 -0.574647 0.706021
vn 0.428402 -0.561621 0.707852
vn 0.411246 -0.582602 0.701036
vn 0.404336 -0.572814 0.713019
vn 0.412676 -0.572943 0.708121
vn 0.429347 -0.562861 0.706292
vn 0.444754 -0.551026 0.706091
vn 0.458584 -0.537308 0.707814
vn 0.435004 -0.549867 0.713034
vn 0.442457 -0.559288 0.701020
vn 0.443522 -0.549500 0.708052
vn 0.459549 -0.538435 0.706331
vn 0.488361 -0.512391 0.706370
vn 0.464373 -0.525279 0.713049
vn 0.474261 -0.525752 0.706159
vn 0.487393 -0.511374 0.707775
vn 0.472349 -0.534302 0.701005
vn 0.473039 -0.524398 0.707984
vn 0.501136 -0.497711 0.707917
vn 0.515700 -0.484807 0.706410
vn 0.502335 -0.498902 0.706227
vn 0.514735 -0.483900 0.707735
vn 0.492355 -0.499127 0.713063
vn 0.500831 -0.507719 0.700992
vn 0.527730 -0.469519 0.707851
vn 0.541482 -0.455766 0.706452
vn 0.527820 -0.479620 0.700978
vn 0.528893 -0.470555 0.706293
vn 0.540533 -0.454967 0.707693
vn 0.518868 -0.471485 0.713077
vn 0.543830 -0.442439 0.713089
vn 0.552738 -0.439909 0.707786
vn 0.565632 -0.425355 0.706494
vn 0.553234 -0.450089 0.700965
vn 0.553855 -0.440796 0.706360
vn 0.564706 -0.424660 0.707652
vn 0.576087 -0.408968 0.707721
vn 0.588074 -0.393667 0.706538
vn 0.567172 -0.412074 0.713100
vn 0.576996 -0.419212 0.700954
vn 0.577145 -0.409719 0.706424
vn 0.587184 -0.393072 0.707608
vn 0.597704 -0.376789 0.707658
vn 0.608743 -0.360797 0.706582
vn 0.588819 -0.380481 0.713110
vn 0.599037 -0.387083 0.700944
vn 0.598694 -0.377413 0.706487
vn 0.607897 -0.360297 0.707564
vn 0.617526 -0.343470 0.707595
vn 0.627574 -0.326848 0.706626
vn 0.608711 -0.347753 0.713119
vn 0.618438 -0.343978 0.706550
vn 0.619289 -0.353797 0.700934
vn 0.626783 -0.326435 0.707519
vn 0.635491 -0.309109 0.707533
vn 0.644514 -0.291917 0.706672
vn 0.626784 -0.313989 0.713129
vn 0.636319 -0.309513 0.706612
vn 0.643786 -0.291584 0.707473
vn 0.637694 -0.319454 0.700925
vn 0.642988 -0.279289 0.713137
vn 0.651543 -0.273812 0.707473
vn 0.659512 -0.256108 0.706720
vn 0.652281 -0.274123 0.706673
vn 0.658853 -0.255854 0.707426
vn -0.707107 0.000000 0.707107
vn -0.707107 0.000000 0.707107
vn -0.707107 0.000000 0.707107
vn -0.707107 0.000000 0.707107
vn 0.039438 0.706757 0.706357
vn 0.020466 0.705652 0.708263
vn 0.303172 0.640923 0.705198
vn 0.285681 0.645864 0.707987
vn 0.309075 0.628728 0.713565
vn 0.295045 0.643072 0.706688
vn 0.277400 0.649931 0.707559
vn 0.269236 0.655337 0.705724
vn 0.250931 0.660295 0.707845
vn 0.260351 0.658195 0.706397
vn 0.242059 0.663286 0.708138
vn 0.272964 0.655663 0.703987
vn 0.270473 0.649679 0.710466
vn 0.233759 0.668195 0.706309
vn 0.215477 0.672937 0.707620
vn 0.224852 0.671357 0.706202
vn 0.206054 0.674632 0.708811
vn 0.237391 0.662695 0.710269
vn 0.239582 0.668811 0.703770
vn 0.197699 0.679218 0.706809
vn 0.179410 0.683757 0.707310
vn 0.188664 0.682511 0.706105
vn 0.205542 0.680182 0.703637
vn 0.203711 0.674122 0.709973
vn 0.161150 0.688380 0.707223
vn 0.142819 0.692728 0.706916
vn 0.169507 0.683934 0.709578
vn 0.151905 0.691621 0.706105
vn 0.170947 0.689743 0.703585
vn 0.169507 0.683934 0.709578
vn 0.124201 0.695660 0.707553
vn 0.105794 0.699824 0.706438
vn 0.132847 0.692776 0.708811
vn 0.114696 0.698658 0.706203
vn 0.135895 0.697464 0.703616
vn 0.134680 0.691230 0.709973
vn 0.086947 0.701044 0.707798
vn 0.068424 0.705026 0.705873
vn 0.095711 0.699558 0.708137
vn 0.077160 0.703598 0.706396
vn 0.100488 0.703325 0.703731
vn 0.099564 0.696854 0.710269
vn 0.040710 0.702844 0.710178
vn 0.058222 0.704252 0.707558
vn 0.064828 0.707308 0.703927
vn 0.064231 0.700794 0.710466
vn 0.040683 0.706289 0.706754
vn 0.707107 0.000000 0.707107
vn 0.707107 0.000000 0.707107
vn 0.020466 -0.705652 0.708263
vn 0.039438 -0.706757 0.706357
vn 0.040710 -0.702844 0.710178
vn 0.058222 -0.704252 0.707558
vn 0.040683 -0.706289 0.706754
vn 0.068424 -0.705026 0.705873
vn 0.086947 -0.701044 0.707798
vn 0.077160 -0.703598 0.706396
vn 0.095711 -0.699558 0.708137
vn 0.064828 -0.707308 0.703927
vn 0.064231 -0.700794 0.710466
vn 0.105794 -0.699824 0.706438
vn 0.124201 -0.695660 0.707553
vn 0.114696 -0.698658 0.706203
vn 0.132847 -0.692776 0.708811
vn 0.100488 -0.703325 0.703731
vn 0.099564 -0.696854 0.710269
vn 0.142819 -0.692728 0.706916
vn 0.161150 -0.688380 0.707223
vn 0.151905 -0.691621 0.706105
vn 0.135895 -0.697464 0.703616
vn 0.134680 -0.691230 0.709973
vn 0.179410 -0.683757 0.707311
vn 0.197699 -0.679218 0.706809
vn 0.169507 -0.683934 0.709578
vn 0.188664 -0.682511 0.706105
vn 0.170947 -0.689743 0.703585
vn 0.169507 -0.683934 0.709578
vn 0.215477 -0.672937 0.707620
vn 0.233759 -0.668195 0.706309
vn 0.206054 -0.674632 0.708811
vn 0.224852 -0.671357 0.706202
vn 0.205542 -0.680182 0.703637
vn 0.203711 -0.674122 0.709973
vn 0.250931 -0.660295 0.707845
vn 0.269236 -0.655337 0.705724
vn 0.242059 -0.663286 0.708138
vn 0.260351 -0.658195 0.706397
vn 0.239582 -0.668811 0.703770
vn 0.237391 -0.662695 0.710269
vn 0.285681 -0.645864 0.707987
vn 0.303172 -0.640923 0.705198
vn 0.277400 -0.649931 0.707559
vn 0.295045 -0.643072 0.706688
vn 0.309075 -0.628728 0.713565
vn 0.272964 -0.655663 0.703987
vn 0.270473 -0.649679 0.710466
vn -0.707107 0.000000 0.707107
vn -0.707107 0.000000 0.707107
vn -0.020466 0.705652 0.708263
vn -0.039438 0.706757 0.706357
vn -0.040710 0.702844 0.710178
vn -0.058222 0.704252 0.707558
vn -0.040683 0.706289 0.706754
vn -0.068424 0.705026 0.705873
vn -0.086947 0.701044 0.707798
vn -0.077160 0.703598 0.706396
vn -0.095711 0.699558 0.708137
vn -0.064828 0.707308 0.703927
vn -0.064231 0.700794 0.710466
vn -0.105794 0.699824 0.706438
vn -0.124201 0.695660 0.707553
vn -0.114696 0.698658 0.706203
vn -0.132847 0.692776 0.708811
vn -0.100488 0.703325 0.703731
vn -0.099564 0.696854 0.710269
vn -0.142819 0.692728 0.706916
vn -0.161150 0.688380 0.707223
vn -0.151905 0.691621 0.706105
vn -0.135895 0.697464 0.703616
vn -0.134680 0.691230 0.709973
vn -0.179410 0.683757 0.707311
vn -0.197699 0.679218 0.706809
vn -0.169507 0.683934 0.709578
vn -0.188664 0.682511 0.706105
vn -0.170947 0.689743 0.703585
vn -0.169507 0.683934 0.709578
vn -0.215477 0.672937 0.707620
vn -0.233759 0.668195 0.706309
vn -0.206054 0.674632 0.708811
vn -0.224852 0.671357 0.706202
vn -0.205542 0.680182 0.703637
vn -0.203711 0.674122 0.709973
vn -0.250931 0.660295 0.707845
vn -0.269236 0.655337 0.705724
vn -0.242059 0.663286 0.708138
vn -0.260351 0.658195 0.706397
vn -0.239582 0.668811 0.703770
vn -0.237391 0.662695 0.710269
vn -0.285681 0.645864 0.707987
vn -0.303172 0.640923 0.705198
vn -0.277400 0.649931 0.707559
vn -0.295045 0.643072 0.706688
vn -0.309075 0.628728 0.713565
vn -0.272964 0.655663 0.703987
vn -0.270473 0.649679 0.710466
vn 0.707107 0.000000 0.707107
vn 0.707107 0.000000 0.707106
vn 0.707107 0.000000 0.707107
vn 0.707107 0.000000 0.707107
vn -0.039438 -0.706757 0.706357
vn -0.020466 -0.705652 0.708263
vn -0.303172 -0.640923 0.705198
vn -0.285681 -0.645864 0.707987
vn -0.309075 -0.628728 0.713565
vn -0.295045 -0.643072 0.706688
vn -0.277400 -0.649931 0.707559
vn -0.269236 -0.655337 0.705724
vn -0.250931 -0.660295 0.707845
vn -0.260351 -0.658195 0.706397
vn -0.242059 -0.663286 0.708138
vn -0.272964 -0.655663 0.703987
vn -0.270473 -0.649679 0.710466
vn -0.233759 -0.668195 0.706309
vn -0.215477 -0.672937 0.707620
vn -0.224852 -0.671357 0.706202
vn -0.206054 -0.674632 0.708811
vn -0.237391 -0.662695 0.710269
vn -0.239582 -0.668811 0.703770
vn -0.197699 -0.679218 0.706809
vn -0.179410 -0.683757 0.707310
vn -0.188664 -0.682511 0.706105
vn -0.205542 -0.680182 0.703637
vn -0.203711 -0.674122 0.709973
vn -0.161150 -0.688380 0.707223
vn -0.142819 -0.692728 0.706916
vn -0.169507 -0.683934 0.709578
vn -0.151905 -0.691621 0.706105
vn -0.170947 -0.689743 0.703585
vn -0.169507 -0.683934 0.709578
vn -0.124201 -0.695660 0.707553
vn -0.105794 -0.699824 0.706438
vn -0.132847 -0.692776 0.708811
vn -0.114696 -0.698658 0.706203
vn -0.135895 -0.697464 0.703616
vn -0.134680 -0.691230 0.709973
vn -0.086947 -0.701044 0.707798
vn -0.068424 -0.705026 0.705873
vn -0.095711 -0.699558 0.708137
vn -0.077160 -0.703598 0.706396
vn -0.100488 -0.703325 0.703731
vn -0.099564 -0.696854 0.710269
vn -0.040710 -0.702844 0.710178
vn -0.058222 -0.704252 0.707558
vn -0.064828 -0.707308 0.703927
vn -0.064231 -0.700794 0.710466
vn -0.040683 -0.706289 0.706754
vn -0.349425 0.611268 0.710108
vn -0.368303 0.605305 0.705662
vn -0.380564 0.588633 0.713220
vn -0.378563 0.598442 0.706086
vn -0.397723 0.582202 0.709124
vn -0.400213 0.583436 0.706705
vn -0.415514 0.571629 0.707523
vn -0.421551 0.570500 0.704858
vn -0.397635 0.584040 0.707661
vn -0.431562 0.560838 0.706552
vn -0.445942 0.547892 0.707778
vn -0.434881 0.556358 0.708057
vn -0.451977 0.547030 0.704610
vn -0.423525 0.570276 0.703855
vn -0.419324 0.564619 0.710896
vn -0.461624 0.536541 0.706419
vn -0.475005 0.522525 0.708053
vn -0.453210 0.546835 0.703968
vn -0.464356 0.531986 0.708071
vn -0.481108 0.521944 0.704350
vn -0.448826 0.541545 0.710833
vn -0.490307 0.510618 0.706306
vn -0.502612 0.495605 0.708348
vn -0.477075 0.516946 0.710751
vn -0.492475 0.506059 0.708077
vn -0.481596 0.521845 0.704090
vn -0.517521 0.483150 0.706213
vn -0.528684 0.467216 0.708662
vn -0.508720 0.495188 0.704268
vn -0.519153 0.478655 0.708074
vn -0.503991 0.490892 0.710647
vn -0.508662 0.495442 0.704131
vn -0.534408 0.467744 0.704005
vn -0.543182 0.454222 0.706141
vn -0.553140 0.437447 0.708997
vn -0.534590 0.466747 0.704529
vn -0.544318 0.449851 0.708062
vn -0.529503 0.463451 0.710521
vn -0.553538 0.434697 0.710376
vn -0.558640 0.438703 0.703889
vn -0.567211 0.423920 0.706091
vn -0.575906 0.406389 0.709352
vn -0.558880 0.436963 0.704781
vn -0.567893 0.419734 0.708041
vn -0.589535 0.392336 0.706060
vn -0.596915 0.374142 0.709726
vn -0.576030 0.404711 0.710210
vn -0.581288 0.408405 0.703782
vn -0.581521 0.405925 0.705024
vn -0.589811 0.388387 0.708010
vn -0.610085 0.359571 0.706049
vn -0.602448 0.373723 0.705257
vn -0.610008 0.355904 0.707971
vn -0.596918 0.373575 0.710022
vn -0.602287 0.376935 0.703683
vn -0.616452 0.340993 0.709726
vn -0.628796 0.325722 0.706059
vn -0.621576 0.344382 0.703593
vn -0.621605 0.340448 0.705480
vn -0.628427 0.322376 0.707922
vn -0.615958 0.341269 0.710022
vn -0.633081 0.307914 0.710209
vn -0.634488 0.306994 0.709352
vn -0.645614 0.290893 0.706091
vn -0.639099 0.310841 0.703513
vn -0.638933 0.306202 0.705694
vn -0.645013 0.287901 0.707864
vn -0.654805 0.276408 0.703441
vn -0.650632 0.272033 0.708997
vn -0.660485 0.255194 0.706141
vn -0.654386 0.271080 0.705900
vn -0.659716 0.252580 0.707798
vn -0.648420 0.273712 0.710376
vn -0.668649 0.241179 0.703378
vn -0.661933 0.238757 0.710521
vn -0.664829 0.236218 0.708663
vn -0.673364 0.218731 0.706214
vn -0.667920 0.235188 0.706095
vn -0.672497 0.216513 0.707721
vn -0.680590 0.205260 0.703324
vn -0.673582 0.203146 0.710646
vn -0.677038 0.199658 0.708348
vn -0.684212 0.181619 0.706306
vn -0.679495 0.198626 0.706282
vn -0.683315 0.179808 0.707637
vn -0.687217 0.162465 0.708053
vn -0.692997 0.143972 0.706419
vn -0.690595 0.168750 0.703279
vn -0.683340 0.166977 0.710750
vn -0.689081 0.161504 0.706459
vn -0.692141 0.142565 0.707542
vn -0.695333 0.124751 0.707777
vn -0.699693 0.105901 0.706552
vn -0.691176 0.130349 0.710834
vn -0.696649 0.123929 0.706627
vn -0.698946 0.104897 0.707439
vn -0.698634 0.131756 0.703244
vn -0.697073 0.093363 0.710895
vn -0.701360 0.086635 0.707523
vn -0.704278 0.067528 0.706705
vn -0.704683 0.094382 0.703217
vn -0.702181 0.086009 0.706785
vn -0.703713 0.066910 0.707327
vn -0.705278 0.048231 0.707289
vn -0.706740 0.028968 0.706880
vn -0.699544 0.009554 0.714525
vn -0.706981 0.018831 0.706981
vn -0.705659 0.047854 0.706934
vn -0.706425 0.028716 0.707205
vn -0.714753 0.009680 0.699310
vn -0.701013 0.056120 0.710937
vn -0.708726 0.056738 0.703199
vn -0.378563 -0.598442 0.706086
vn -0.380564 -0.588633 0.713220
vn -0.368303 -0.605305 0.705662
vn -0.349425 -0.611268 0.710108
vn -0.706981 -0.018831 0.706981
vn -0.699544 -0.009554 0.714525
vn -0.706740 -0.028968 0.706880
vn -0.705278 -0.048231 0.707289
vn -0.714753 -0.009680 0.699310
vn -0.706425 -0.028716 0.707205
vn -0.705659 -0.047854 0.706934
vn -0.704278 -0.067528 0.706705
vn -0.701360 -0.086635 0.707523
vn -0.708726 -0.056738 0.703199
vn -0.703713 -0.066910 0.707327
vn -0.702181 -0.086009 0.706785
vn -0.701013 -0.056120 0.710937
vn -0.699693 -0.105901 0.706552
vn -0.695333 -0.124751 0.707777
vn -0.697073 -0.093363 0.710895
vn -0.704683 -0.094382 0.703217
vn -0.698946 -0.104897 0.707439
vn -0.696649 -0.123929 0.706627
vn -0.692997 -0.143972 0.706419
vn -0.687217 -0.162465 0.708053
vn -0.692141 -0.142565 0.707542
vn -0.689081 -0.161504 0.706459
vn -0.691176 -0.130349 0.710834
vn -0.698633 -0.131756 0.703244
vn -0.684212 -0.181619 0.706306
vn -0.677038 -0.199658 0.708348
vn -0.690595 -0.168750 0.703279
vn -0.683315 -0.179808 0.707637
vn -0.679495 -0.198626 0.706282
vn -0.683340 -0.166977 0.710750
vn -0.680590 -0.205260 0.703324
vn -0.673364 -0.218731 0.706214
vn -0.664829 -0.236218 0.708663
vn -0.673582 -0.203146 0.710646
vn -0.672497 -0.216513 0.707721
vn -0.667920 -0.235188 0.706095
vn -0.660485 -0.255194 0.706141
vn -0.650632 -0.272033 0.708997
vn -0.661933 -0.238757 0.710521
vn -0.668649 -0.241179 0.703378
vn -0.659716 -0.252580 0.707798
vn -0.654386 -0.271080 0.705900
vn -0.645614 -0.290893 0.706091
vn -0.634488 -0.306994 0.709352
vn -0.648420 -0.273712 0.710376
vn -0.645013 -0.287901 0.707864
vn -0.638933 -0.306202 0.705694
vn -0.654805 -0.276408 0.703441
vn -0.628796 -0.325722 0.706059
vn -0.616452 -0.340993 0.709726
vn -0.628427 -0.322376 0.707922
vn -0.621605 -0.340448 0.705480
vn -0.633081 -0.307914 0.710209
vn -0.639099 -0.310841 0.703513
vn -0.615958 -0.341269 0.710022
vn -0.610085 -0.359571 0.706049
vn -0.621576 -0.344382 0.703593
vn -0.610008 -0.355904 0.707971
vn -0.602448 -0.373723 0.705257
vn -0.596915 -0.374142 0.709726
vn -0.589535 -0.392336 0.706060
vn -0.596918 -0.373575 0.710022
vn -0.589811 -0.388387 0.708010
vn -0.581521 -0.405925 0.705024
vn -0.602287 -0.376935 0.703683
vn -0.575906 -0.406389 0.709352
vn -0.567211 -0.423920 0.706091
vn -0.567893 -0.419734 0.708041
vn -0.558880 -0.436963 0.704781
vn -0.581288 -0.408405 0.703782
vn -0.576030 -0.404711 0.710210
vn -0.558640 -0.438703 0.703889
vn -0.553140 -0.437447 0.708997
vn -0.543182 -0.454222 0.706141
vn -0.544318 -0.449851 0.708062
vn -0.534590 -0.466747 0.704529
vn -0.553538 -0.434697 0.710376
vn -0.529503 -0.463451 0.710521
vn -0.534408 -0.467744 0.704005
vn -0.528684 -0.467216 0.708662
vn -0.517521 -0.483150 0.706213
vn -0.519153 -0.478655 0.708074
vn -0.508720 -0.495188 0.704268
vn -0.503991 -0.490892 0.710647
vn -0.502612 -0.495605 0.708348
vn -0.508662 -0.495442 0.704131
vn -0.490307 -0.510618 0.706306
vn -0.492475 -0.506059 0.708077
vn -0.475005 -0.522525 0.708053
vn -0.461624 -0.536541 0.706419
vn -0.477075 -0.516946 0.710751
vn -0.481596 -0.521845 0.704090
vn -0.481108 -0.521944 0.704350
vn -0.464356 -0.531986 0.708071
vn -0.445942 -0.547892 0.707778
vn -0.431562 -0.560838 0.706552
vn -0.448826 -0.541545 0.710833
vn -0.453210 -0.546835 0.703968
vn -0.451977 -0.547030 0.704610
vn -0.434881 -0.556358 0.708057
vn -0.397635 -0.584040 0.707661
vn -0.415514 -0.571629 0.707523
vn -0.400213 -0.583436 0.706705
vn -0.397723 -0.582202 0.709124
vn -0.419324 -0.564619 0.710896
vn -0.421551 -0.570500 0.704858
vn -0.423525 -0.570276 0.703855
vn 0.707106 0.000000 0.707107
vn 0.707106 0.000000 0.707107
vn 0.707107 0.000000 0.707106
vn 0.707107 0.000000 0.707106
vn 0.707107 0.000000 0.707107
vn 0.707107 0.000000 0.707107
vn -0.707106 0.000000 0.707107
vn -0.707107 0.000000 0.707106
vn -0.707107 0.000000 0.707107
vn -0.707106 -0.000000 0.707107
vn -0.707107 0.000000 0.707106
vn -0.707107 0.000000 0.707107
vn 0.349300 -0.611050 0.710358
vn 0.368309 -0.605316 0.705649
vn 0.378831 -0.598079 0.706249
vn 0.380854 -0.589081 0.712695
vn 0.378831 0.598079 0.706249
vn 0.380854 0.589081 0.712695
vn 0.368309 0.605316 0.705649
vn 0.349300 0.611050 0.710358
vn 0.398724 -0.582147 0.708607
vn 0.421267 -0.569880 0.705529
vn 0.398678 -0.583394 0.707607
vn 0.400005 -0.583132 0.707073
vn 0.415778 -0.571993 0.707074
vn 0.435278 -0.556194 0.707942
vn 0.451983 -0.545943 0.705449
vn 0.425777 -0.569237 0.703337
vn 0.421090 -0.562970 0.711159
vn 0.431243 -0.560424 0.707074
vn 0.446387 -0.548438 0.707074
vn 0.465158 -0.531431 0.707961
vn 0.481343 -0.520351 0.705367
vn 0.451197 -0.539141 0.711159
vn 0.461197 -0.536044 0.707074
vn 0.475664 -0.523250 0.707074
vn 0.456201 -0.545120 0.703367
vn 0.493634 -0.505065 0.707979
vn 0.509256 -0.493184 0.705285
vn 0.485262 -0.519378 0.703397
vn 0.479960 -0.513704 0.711159
vn 0.489776 -0.510065 0.707074
vn 0.503521 -0.496501 0.707074
vn 0.520618 -0.477178 0.707996
vn 0.535639 -0.464522 0.705202
vn 0.512870 -0.492089 0.703430
vn 0.507290 -0.486734 0.711159
vn 0.516894 -0.482565 0.707073
vn 0.529878 -0.468271 0.707073
vn 0.533108 -0.458312 0.711158
vn 0.546030 -0.447852 0.708012
vn 0.560413 -0.434451 0.705117
vn 0.538947 -0.463332 0.703463
vn 0.542468 -0.453625 0.707073
vn 0.554653 -0.438643 0.707073
vn 0.569793 -0.417174 0.708027
vn 0.583498 -0.403063 0.705032
vn 0.563412 -0.433197 0.703497
vn 0.557334 -0.428523 0.711159
vn 0.566425 -0.423332 0.707073
vn 0.577774 -0.407707 0.707073
vn 0.591837 -0.385240 0.708039
vn 0.604832 -0.370450 0.704943
vn 0.586194 -0.401770 0.703532
vn 0.579899 -0.397455 0.711159
vn 0.588692 -0.391776 0.707074
vn 0.599170 -0.375555 0.707074
vn 0.600732 -0.365203 0.711159
vn 0.612092 -0.352146 0.708051
vn 0.624345 -0.336711 0.704854
vn 0.607223 -0.369149 0.703569
vn 0.609203 -0.359052 0.707074
vn 0.618781 -0.342281 0.707074
vn 0.630501 -0.317987 0.708062
vn 0.641977 -0.301947 0.704765
vn 0.626438 -0.335429 0.703606
vn 0.619775 -0.331862 0.711159
vn 0.627898 -0.325257 0.707073
vn 0.636545 -0.307989 0.707073
vn 0.647007 -0.282873 0.708071
vn 0.657678 -0.266262 0.704673
vn 0.643783 -0.300711 0.703646
vn 0.636969 -0.297528 0.711159
vn 0.644719 -0.290490 0.707074
vn 0.652411 -0.272776 0.707074
vn 0.659617 -0.254859 0.707074
vn 0.666330 -0.236752 0.707074
vn 0.661559 -0.246905 0.708080
vn 0.671397 -0.229766 0.704581
vn 0.652263 -0.262309 0.711159
vn 0.659203 -0.265100 0.703686
vn 0.672547 -0.218465 0.707074
vn 0.678262 -0.200019 0.707073
vn 0.665611 -0.226307 0.711159
vn 0.674115 -0.210193 0.708088
vn 0.683093 -0.192567 0.704487
vn 0.672654 -0.228702 0.703727
vn 0.683471 -0.181422 0.707074
vn 0.688171 -0.162690 0.707074
vn 0.684637 -0.172846 0.708093
vn 0.692730 -0.154777 0.704393
vn 0.676974 -0.189630 0.711159
vn 0.684097 -0.191625 0.703770
vn 0.692356 -0.143838 0.707074
vn 0.696026 -0.124875 0.707074
vn 0.693093 -0.134980 0.708098
vn 0.700281 -0.116508 0.704296
vn 0.686317 -0.152388 0.711159
vn 0.693496 -0.153982 0.703813
vn 0.699177 -0.105823 0.707074
vn 0.701806 -0.086690 0.707074
vn 0.693613 -0.114690 0.711159
vn 0.700825 -0.115882 0.703858
vn 0.699457 -0.096705 0.708102
vn 0.705719 -0.077879 0.704198
vn 0.703912 -0.067493 0.707074
vn 0.705492 -0.048246 0.707074
vn 0.703710 -0.058141 0.708104
vn 0.709029 -0.039003 0.704100
vn 0.706060 -0.077443 0.703905
vn 0.698840 -0.076651 0.711159
vn 0.706547 -0.028960 0.707074
vn 0.707074 -0.009657 0.707074
vn 0.705840 -0.019398 0.708105
vn 0.709189 -0.038776 0.703951
vn 0.701982 -0.038382 0.711159
vn 0.707074 0.009657 0.707074
vn 0.706547 0.028960 0.707074
vn 0.703031 0.000000 0.711159
vn 0.710200 0.000000 0.704000
vn 0.710200 0.000000 0.704000
vn 0.705840 0.019398 0.708105
vn 0.709189 0.038776 0.703951
vn 0.705492 0.048246 0.707074
vn 0.703912 0.067493 0.707074
vn 0.709029 0.039003 0.704100
vn 0.703710 0.058141 0.708104
vn 0.701982 0.038382 0.711159
vn 0.701806 0.086690 0.707074
vn 0.699177 0.105823 0.707074
vn 0.705719 0.077879 0.704198
vn 0.699457 0.096705 0.708102
vn 0.698840 0.076651 0.711159
vn 0.706060 0.077443 0.703905
vn 0.696026 0.124875 0.707074
vn 0.692356 0.143838 0.707074
vn 0.700281 0.116508 0.704296
vn 0.693093 0.134980 0.708098
vn 0.693613 0.114690 0.711159
vn 0.700825 0.115882 0.703858
vn 0.693496 0.153982 0.703813
vn 0.688171 0.162690 0.707074
vn 0.683471 0.181422 0.707074
vn 0.692730 0.154777 0.704393
vn 0.684637 0.172846 0.708093
vn 0.686317 0.152388 0.711159
vn 0.676974 0.189630 0.711159
vn 0.684097 0.191625 0.703770
vn 0.678262 0.200019 0.707073
vn 0.672547 0.218465 0.707074
vn 0.683093 0.192567 0.704487
vn 0.674115 0.210193 0.708088
vn 0.665611 0.226307 0.711159
vn 0.666330 0.236752 0.707074
vn 0.659617 0.254859 0.707074
vn 0.672654 0.228702 0.703727
vn 0.671397 0.229766 0.704581
vn 0.661559 0.246905 0.708080
vn 0.652411 0.272776 0.707074
vn 0.644719 0.290490 0.707074
vn 0.659203 0.265100 0.703686
vn 0.652263 0.262309 0.711159
vn 0.657678 0.266262 0.704673
vn 0.647007 0.282873 0.708071
vn 0.636545 0.307989 0.707073
vn 0.627898 0.325257 0.707073
vn 0.636969 0.297528 0.711159
vn 0.641977 0.301947 0.704765
vn 0.630501 0.317987 0.708062
vn 0.643783 0.300711 0.703646
vn 0.618781 0.342281 0.707074
vn 0.609203 0.359052 0.707074
vn 0.624345 0.336711 0.704854
vn 0.612092 0.352146 0.708051
vn 0.619775 0.331862 0.711159
vn 0.626438 0.335429 0.703606
vn 0.599170 0.375555 0.707074
vn 0.588692 0.391776 0.707074
vn 0.604832 0.370450 0.704943
vn 0.591837 0.385240 0.708039
vn 0.600732 0.365203 0.711159
vn 0.607223 0.369149 0.703569
vn 0.577774 0.407707 0.707073
vn 0.566425 0.423332 0.707073
vn 0.583498 0.403063 0.705032
vn 0.569793 0.417174 0.708027
vn 0.579899 0.397455 0.711159
vn 0.586194 0.401770 0.703532
vn 0.563412 0.433197 0.703497
vn 0.557334 0.428523 0.711159
vn 0.554653 0.438643 0.707073
vn 0.542468 0.453625 0.707073
vn 0.560413 0.434451 0.705117
vn 0.546030 0.447852 0.708012
vn 0.533108 0.458312 0.711158
vn 0.538947 0.463332 0.703463
vn 0.529878 0.468271 0.707073
vn 0.516894 0.482565 0.707073
vn 0.535639 0.464522 0.705202
vn 0.520618 0.477178 0.707996
vn 0.507290 0.486734 0.711159
vn 0.503521 0.496501 0.707074
vn 0.489776 0.510065 0.707074
vn 0.509256 0.493184 0.705285
vn 0.493634 0.505065 0.707979
vn 0.512870 0.492089 0.703430
vn 0.475664 0.523250 0.707074
vn 0.461197 0.536044 0.707074
vn 0.485261 0.519378 0.703397
vn 0.481343 0.520351 0.705367
vn 0.465158 0.531431 0.707961
vn 0.479960 0.513704 0.711159
vn 0.456201 0.545120 0.703367
vn 0.446387 0.548438 0.707074
vn 0.431243 0.560424 0.707074
vn 0.451197 0.539141 0.711159
vn 0.451983 0.545943 0.705449
vn 0.435278 0.556194 0.707942
vn 0.421090 0.562970 0.711159
vn 0.398678 0.583394 0.707607
vn 0.415778 0.571993 0.707074
vn 0.400005 0.583132 0.707073
vn 0.421267 0.569880 0.705529
vn 0.398724 0.582147 0.708607
vn 0.425777 0.569237 0.703337
vn 0.000000 0.000000 1.000000
vn 0.000000 0.000000 1.000000
vn 0.000000 0.000000 1.000000
vn 0.000000 0.000000 1.000000
vn 0.000000 0.000000 1.000000
vn 0.000000 0.000000 1.000000
vn 0.000000 0.000000 1.000000
vn 0.000000 0.000000 1.000000
vn 0.000000 0.000000 1.000000
vn 0.000000 0.000000 1.000000
vn 0.000000 0.000000 1.000000
vn 0.000000 0.000000 1.000000
vn 0.000000 0.000000 1.000000
vn 0.000000 0.000000 1.000000
vn 0.000000 0.000000 1.000000
vn 0.000000 0.000000 1.000000
vn 0.000000 0.000000 1.000000
vn 0.000000 0.000000 1.000000
vn 0.000000 0.000000 1.000000
vn 0.000000 0.000000 1.000000
vn 0.000000 0.000000 1.000000
vn 0.000000 0.000000 1.000000
vn 0.000000 0.000000 1.000000
vn 0.000000 0.000000 1.000000
vn 0.000000 0.000000 1.000000
vn 0.000000 0.000000 1.000000
vn 0.000000 0.000000 1.000000
vn 0.000000 0.000000 1.000000
vn 0.000000 0.000000 1.000000
vn 0.000000 0.000000 1.000000
vn 0.000000 0.000000 1.000000
vn 0.000000 0.000000 1.000000
vn 0.000000 0.000000 1.000000
vn 0.000000 0.000000 1.000000
vn 0.000000 0.000000 1.000000
vn 0.000000 0.000000 1.000000
vn 0.000000 0.000000 1.000000
vn 0.000000 0.000000 1.000000
vn 0.000000 0.000000 1.000000
vn 0.000000 0.000000 1.000000
vn 0.000000 0.000000 1.000000
vn 0.000000 0.000000 1.000000
vn 0.000000 0.000000 1.000000
vn 0.000000 0.000000 1.000000
vn 0.000000 0.000000 1.000000
vn 0.000000 0.000000 1.000000
vn 0.000000 0.000000 1.000000
vn 0.000000 0.000000 1.000000
vn 0.000000 0.000000 1.000000
vn 0.000000 0.000000 1.000000
vn 0.000000 0.000000 1.000000
vn 0.000000 0.000000 1.000000
vn 0.000000 0.000000 1.000000
vn 0.000000 0.000000 1.000000
vn 0.000000 0.000000 1.000000
vn 0.000000 0.000000 1.000000
vn 0.000000 0.000000 1.000000
vn 0.000000 0.000000 1.000000
vn 0.000000 0.000000 1.000000
vn 0.000000 0.000000 1.000000
vn 0.000000 0.000000 1.000000
vn 0.000000 0.000000 1.000000
vn 0.000000 0.000000 1.000000
vn 0.000000 0.000000 1.000000
vn 0.000000 0.000000 1.000000
vn 0.000000 0.000000 1.000000
vn 0.000000 0.000000 1.000000
vn 0.000000 0.000000 1.000000
vn 0.000000 0.000000 1.000000
vn 0.000000 0.000000 1.000000
vn 0.000000 0.000000 1.000000
vn 0.000000 0.000000 1.000000
vn 0.000000 0.000000 1.000000
vn 0.000000 0.000000 1.000000
vn 0.000000 0.000000 1.000000
vn 0.000000 0.000000 1.000000
vn 0.000000 0.000000 1.000000
vn 0.000000 0.000000 1.000000
vn 0.000000 0.000000 1.000000
vn 0.000000 0.000000 1.000000
vn 0.000000 0.000000 1.000000
vn 0.000000 0.000000 1.000000
vn 0.000000 0.000000 1.000000
vn 0.000000 0.000000 1.000000
vn 0.000000 0.000000 1.000000
vn 0.000000 0.000000 1.000000
vn 0.000000 0.000000 1.000000
vn 0.000000 0.000000 1.000000
vn 0.000000 0.000000 1.000000
vn 0.000000 0.000000 1.000000
vn 0.000000 0.000000 1.000000
vn 0.000000 0.000000 1.000000
vn 0.000000 0.000000 1.000000
vn 0.000000 0.000000 1.000000
vn 0.000000 0.000000 1.000000
vn 0.000000 0.000000 1.000000
vn 0.000000 0.000000 1.000000
vn 0.000000 0.000000 1.000000
vn 0.000000 0.000000 1.000000
vn 0.000000 0.000000 1.000000
vn 0.000000 0.000000 1.000000
vn 0.000000 0.000000 1.000000
vn 0.000000 0.000000 1.000000
vn 0.000000 0.000000 1.000000
vn 0.000000 0.000000 1.000000
vn 0.000000 0.000000 1.000000
vn 0.000000 0.000000 1.000000
vn 0.000000 0.000000 1.000000
vn 0.000000 0.000000 1.000000
vn 0.000000 0.000000 1.000000
vn 0.000000 0.000000 1.000000
vn 0.000000 0.000000 1.000000
vn 0.000000 0.000000 1.000000
vn 0.000000 0.000000 1.000000
vn 0.000000 0.000000 1.000000
vn 0.000000 0.000000 1.000000
vn 0.000000 0.000000 1.000000
vn 0.000000 0.000000 1.000000
vn 0.000000 0.000000 1.000000
vn 0.000000 0.000000 1.000000
vn 0.000000 0.000000 1.000000
vn 0.000000 0.000000 1.000000
vn 0.000000 0.000000 1.000000
vn 0.000000 0.000000 1.000000
vn 0.000000 0.000000 1.000000
vn 0.000000 0.000000 1.000000
vn 0.000000 0.000000 1.000000
vn 0.000000 0.000000 1.000000
vn 0.000000 0.000000 1.000000
vn 0.000000 0.000000 1.000000
vn 0.000000 0.000000 1.000000
vn 0.000000 0.000000 1.000000
vn 0.000000 0.000000 1.000000
vn 0.000000 0.000000 1.000000
vn 0.000000 0.000000 1.000000
vn 0.000000 0.000000 1.000000
vn 0.000000 0.000000 1.000000
vn 0.000000 0.000000 1.000000
vn 0.000000 0.000000 1.000000
vn 0.000000 0.000000 1.000000
vn 0.000000 0.000000 1.000000
vn 0.000000 0.000000 1.000000
vn 0.000000 0.000000 1.000000
vn 0.000000 0.000000 1.000000
vn 0.000000 0.000000 1.000000
vn 0.000000 0.000000 1.000000
vn 0.000000 0.000000 1.000000
vn 0.000000 0.000000 1.000000
vn 0.000000 0.000000 1.000000
vn 0.000000 0.000000 1.000000
vn 0.000000 0.000000 1.000000
vn 0.000000 0.000000 1.000000
vn 0.000000 0.000000 1.000000
vn 0.000000 0.000000 1.000000
vn 0.000000 0.000000 1.000000
vn 0.000000 0.000000 1.000000
vn 0.000000 0.000000 1.000000
vn 0.000000 0.000000 1.000000
vn 0.000000 0.000000 1.000000
vn 0.000000 0.000000 1.000000
vn 0.000000 0.000000 1.000000
vn 0.000000 0.000000 1.000000
vn 0.000000 0.000000 1.000000
vn 0.000000 0.000000 1.000000
vn 0.000000 0.000000 1.000000
vn 0.000000 0.000000 1.000000
vn 0.000000 0.000000 1.000000
vn 0.000000 0.000000 1.000000
vn 0.000000 0.000000 1.000000
vn 0.000000 0.000000 1.000000
vn 0.000000 0.000000 1.000000
vn 0.000000 0.000000 1.000000
vn 0.000000 0.000000 1.000000
vn 0.000000 0.000000 1.000000
vn 0.000000 0.000000 1.000000
vn 0.000000 0.000000 1.000000
vn 0.000000 0.000000 1.000000
vn 0.000000 0.000000 1.000000
vn 0.000000 0.000000 1.000000
vn 0.000000 0.000000 1.000000
vn 0.000000 0.000000 1.000000
vn 0.000000 0.000000 1.000000
vn 0.000000 0.000000 1.000000
vn 0.000000 0.000000 1.000000
vn 0.000000 0.000000 1.000000
vn 0.000000 0.000000 1.000000
vn 0.000000 0.000000 1.000000
vn 0.000000 0.000000 1.000000
vn 0.000000 0.000000 1.000000
vn 0.000000 0.000000 1.000000
vn 0.000000 0.000000 1.000000
vn 0.000000 0.000000 1.000000
vn 0.000000 0.000000 1.000000
vn 0.000000 0.000000 1.000000
vn 0.000000 0.000000 1.000000
vn 0.000000 0.000000 1.000000
vn 0.000000 0.000000 1.000000
vn 0.000000 0.000000 1.000000
vn 0.000000 0.000000 1.000000
vn 0.000000 0.000000 1.000000
vn 0.000000 0.000000 1.000000
vn 0.000000 0.000000 1.000000
vn 0.000000 0.000000 1.000000
vn 0.000000 0.000000 1.000000
vn 0.000000 0.000000 1.000000
vn 0.000000 0.000000 1.000000
vn 0.000000 0.000000 1.000000
vn 0.000000 0.000000 1.000000
vn 0.000000 0.000000 1.000000
vn 0.000000 0.000000 1.000000
vn 0.000000 0.000000 1.000000
vn 0.000000 0.000000 1.000000
vn 0.000000 0.000000 1.000000
vn 0.000000 0.000000 1.000000
vn 0.000000 0.000000 1.000000
vn 0.000000 0.000000 1.000000
vn 0.000000 0.000000 1.000000
vn 0.000000 0.000000 1.000000
vn 0.000000 0.000000 1.000000
vn 0.000000 0.000000 1.000000
vn 0.000000 0.000000 1.000000
vn 0.000000 0.000000 1.000000
vn 0.000000 0.000000 1.000000
vn 0.000000 0.000000 1.000000
vn 0.000000 0.000000 1.000000
vn 0.000000 0.000000 1.000000
vn 0.000000 0.000000 1.000000
vn 0.000000 0.000000 1.000000
vn 0.000000 0.000000 1.000000
vn 0.000000 0.000000 1.000000
vn 0.000000 0.000000 1.000000
vn 0.000000 0.000000 1.000000
vn 0.000000 0.000000 1.000000
vn 0.000000 0.000000 1.000000
vn 0.000000 0.000000 1.000000
vn 0.000000 0.000000 1.000000
vn 0.000000 0.000000 1.000000
vn 0.000000 0.000000 1.000000
vn 0.000000 0.000000 1.000000
vn 0.000000 0.000000 1.000000
vn 0.000000 0.000000 1.000000
vn 0.000000 0.000000 1.000000
vn 0.000000 0.000000 1.000000
vn 0.000000 0.000000 1.000000
vn 0.000000 0.000000 1.000000
vn 0.000000 0.000000 1.000000
vn 0.000000 0.000000 1.000000
vn 0.000000 0.000000 1.000000
vn 0.000000 0.000000 1.000000
vn 0.000000 0.000000 1.000000
vn 0.000000 0.000000 1.000000
vn 0.000000 0.000000 1.000000
vn 0.000000 0.000000 1.000000
vn 0.000000 0.000000 1.000000
vn 0.000000 0.000000 1.000000
vn 0.000000 0.000000 1.000000
vn 0.000000 0.000000 1.000000
vn 0.000000 0.000000 1.000000
vn 0.000000 0.000000 1.000000
vn 0.000000 0.000000 1.000000
vn 0.000000 0.000000 1.000000
vn 0.000000 0.000000 1.000000
vn 0.000000 0.000000 1.000000
vn 0.000000 0.000000 1.000000
vn 0.000000 0.000000 1.000000
vn 0.000000 0.000000 1.000000
vn 0.000000 0.000000 1.000000
vn 0.000000 0.000000 1.000000
vn 0.000000 0.000000 1.000000
vn 0.000000 0.000000 1.000000
vn 0.000000 0.000000 1.000000
vn 0.000000 0.000000 1.000000
vn 0.000000 0.000000 1.000000
vn 0.000000 0.000000 1.000000
vn 0.000000 0.000000 1.000000
vn 0.000000 0.000000 1.000000
vn 0.000000 0.000000 1.000000
vn 0.000000 0.000000 1.000000
vn 0.000000 0.000000 1.000000
vn 0.000000 0.000000 1.000000
vn 0.000000 0.000000 1.000000
vn 0.000000 0.000000 1.000000
vn 0.000000 0.000000 1.000000
vn 0.000000 0.000000 1.000000
vn 0.000000 0.000000 1.000000
vn 0.000000 0.000000 1.000000
vn 0.000000 0.000000 1.000000
vn 0.000000 0.000000 1.000000
vn 0.000000 0.000000 1.000000
vn 0.000000 0.000000 1.000000
vn 0.000000 0.000000 1.000000
vn 0.000000 0.000000 1.000000
vn 0.000000 0.000000 1.000000
vn 0.000000 0.000000 1.000000
vn 0.000000 0.000000 1.000000
vn 0.000000 0.000000 1.000000
vn 0.000000 0.000000 1.000000
vn 0.000000 0.000000 1.000000
vn 0.000000 0.000000 1.000000
vn 0.000000 0.000000 1.000000
vn 0.000000 0.000000 1.000000
vn 0.000000 0.000000 1.000000
vn 0.000000 0.000000 1.000000
vn 0.000000 0.000000 1.000000
vn 0.000000 0.000000 1.000000
vn 0.000000 0.000000 1.000000
vn 0.000000 0.000000 1.000000
vn 0.000000 0.000000 1.000000
vn 0.000000 0.000000 1.000000
vn 0.000000 0.000000 1.000000
vn 0.000000 0.000000 1.000000
vn 0.000000 0.000000 1.000000
vn 0.000000 0.000000 1.000000
vn 0.000000 0.000000 1.000000
vn 0.000000 0.000000 1.000000
vn 0.000000 0.000000 1.000000
vn 0.000000 0.000000 1.000000
vn 0.000000 0.000000 1.000000
vn 0.000000 0.000000 1.000000
vn 0.000000 0.000000 1.000000
vn 0.000000 0.000000 1.000000
vn 0.000000 0.000000 1.000000
vn 0.000000 0.000000 1.000000
vn 0.000000 0.000000 1.000000
vn 0.000000 0.000000 1.000000
vn 0.000000 0.000000 1.000000
vn 0.000000 0.000000 1.000000
vn 0.000000 0.000000 1.000000
vn 0.000000 0.000000 1.000000
vn 0.000000 0.000000 1.000000
vn 0.000000 0.000000 1.000000
vn 0.000000 0.000000 1.000000
vn 0.000000 0.000000 1.000000
vn 0.000000 0.000000 1.000000
vn 0.000000 0.000000 1.000000
vn 0.000000 0.000000 1.000000
vn 0.000000 0.000000 1.000000
vn 0.000000 0.000000 1.000000
vn 0.000000 0.000000 1.000000
vn 0.000000 0.000000 1.000000
vn 0.000000 0.000000 1.000000
vn 0.000000 0.000000 1.000000
vn 0.000000 0.000000 1.000000
vn 0.000000 0.000000 1.000000
vn 0.000000 0.000000 1.000000
vn 0.000000 0.000000 1.000000
vn 0.000000 0.000000 1.000000
vn 0.000000 0.000000 1.000000
vn 0.000000 0.000000 1.000000
vn 0.000000 0.000000 1.000000
vn 0.000000 0.000000 1.000000
vn 0.000000 0.000000 1.000000
vn 0.000000 0.000000 1.000000
vn 0.000000 0.000000 1.000000
vn 0.000000 0.000000 1.000000
vn 0.000000 0.000000 1.000000
vn 0.000000 0.000000 1.000000
vn 0.000000 0.000000 1.000000
vn 0.000000 0.000000 1.000000
vn 0.000000 0.000000 1.000000
vn 0.000000 0.000000 1.000000
vn 0.000000 0.000000 1.000000
vn 0.000000 0.000000 1.000000
vn 0.000000 0.000000 1.000000
vn 0.000000 0.000000 1.000000
vn 0.000000 0.000000 1.000000
vn 0.000000 0.000000 1.000000
vn 0.000000 0.000000 1.000000
vn 0.000000 0.000000 1.000000
vn 0.000000 0.000000 1.000000
vn 0.000000 0.000000 1.000000
vn 0.000000 0.000000 1.000000
vn 0.000000 0.000000 1.000000
vn 0.000000 0.000000 1.000000
vn 0.000000 0.000000 1.000000
vn 0.000000 0.000000 1.000000
vn 0.000000 0.000000 1.000000
vn 0.000000 0.000000 1.000000
vn 0.000000 0.000000 1.000000
vn 0.000000 0.000000 1.000000
vn 0.000000 0.000000 1.000000
vn 0.000000 0.000000 1.000000
vn 0.000000 0.000000 1.000000
vn 0.000000 0.000000 1.000000
vn 0.000000 0.000000 1.000000
vn 0.000000 0.000000 1.000000
vn 0.000000 0.000000 1.000000
vn 0.000000 0.000000 1.000000
vn 0.000000 0.000000 1.000000
vn 0.000000 0.000000 1.000000
vn 0.000000 0.000000 1.000000
vn 0.000000 0.000000 1.000000
vn 0.000000 0.000000 1.000000
vn 0.000000 0.000000 1.000000
vn 0.000000 0.000000 1.000000
vn 0.000000 0.000000 1.000000
vn 0.000000 0.000000 1.000000
vn 0.000000 0.000000 1.000000
vn 0.000000 0.000000 1.000000
vn 0.000000 0.000000 1.000000
vn 0.000000 0.000000 1.000000
vn 0.000000 0.000000 1.000000
vn 0.000000 0.000000 1.000000
vn 0.000000 0.000000 1.000000
vn 0.000000 0.000000 1.000000
vn 0.000000 0.000000 1.000000
vn 0.000000 0.000000 1.000000
vn 0.000000 0.000000 1.000000
vn 0.000000 0.000000 1.000000
vn 0.000000 0.000000 1.000000
vn 0.000000 0.000000 1.000000
vn 0.000000 0.000000 1.000000
vn 0.000000 0.000000 1.000000
vn 0.000000 0.000000 1.000000
vn 0.000000 0.000000 1.000000
vn 0.000000 0.000000 1.000000
vn 0.000000 0.000000 1.000000
vn 0.000000 0.000000 1.000000
vn 0.000000 0.000000 1.000000
vn 0.000000 0.000000 1.000000
vn 0.000000 0.000000 1.000000
vn 0.000000 0.000000 1.000000
vn 0.000000 0.000000 1.000000
vn 0.000000 0.000000 1.000000
vn 0.000000 0.000000 1.000000
vn 0.000000 0.000000 1.000000
vn 0.000000 0.000000 1.000000
vn 0.000000 0.000000 1.000000
vn 0.000000 0.000000 1.000000
vn 0.000000 0.000000 1.000000
vn 0.000000 0.000000 1.000000
vn 0.000000 0.000000 1.000000
vn 0.000000 0.000000 1.000000
vn 0.000000 0.000000 1.000000
vn 0.000000 0.000000 1.000000
vn 0.000000 0.000000 1.000000
vn 0.000000 0.000000 1.000000
vn 0.000000 0.000000 1.000000
vn 0.000000 0.000000 1.000000
vn 0.000000 0.000000 1.000000
vn 0.000000 0.000000 1.000000
vn 0.000000 0.000000 1.000000
vn 0.000000 0.000000 1.000000
vn 0.000000 0.000000 1.000000
vn 0.000000 0.000000 1.000000
vn 0.000000 0.000000 1.000000
vn 0.000000 0.000000 1.000000
vn 0.000000 0.000000 1.000000
vn 0.000000 0.000000 1.000000
vn 0.000000 0.000000 1.000000
vn 0.000000 0.000000 1.000000
vn 0.000000 0.000000 1.000000
vn 0.000000 0.000000 1.000000
vn 0.000000 0.000000 1.000000
vn 0.000000 0.000000 1.000000
vn 0.000000 0.000000 1.000000
vn 0.000000 0.000000 1.000000
vn 0.000000 0.000000 1.000000
vn 0.000000 0.000000 1.000000
vn 0.000000 0.000000 1.000000
vn -0.000000 0.000000 1.000000
vn 0.000000 0.000000 1.000000
vn 0.000000 -0.000000 1.000000
vn -0.000000 0.000000 1.000000
vn 0.000000 0.000000 1.000000
f 1//1 2//1 3//1
f 3//2 4//2 5//2
f 2//3 4//3 3//3
f 5//4 6//4 7//4
f 4//5 6//5 5//5
f 7//6 8//6 9//6
f 6//7 8//7 7//7
f 9//8 10//8 11//8
f 8//9 10//9 9//9
f 11//10 12//10 13//10
f 10//11 12//11 11//11
f 13//12 14//12 15//12
f 12//13 14//13 13//13
f 15//14 16//14 17//14
f 14//15 16//15 15//15
f 17//16 18//16 19//16
f 16//17 18//17 17//17
f 19//18 20//18 21//18
f 18//19 20//19 19//19
f 20//20 22//20 21//20
f 21//21 22//21 23//21
f 22//22 24//22 23//22
f 23//23 24//23 25//23
f 24//24 26//24 25//24
f 25//25 26//25 27//25
f 26//26 28//26 27//26
f 27//27 28//27 29//27
f 28//28 30//28 29//28
f 29//29 30//29 31//29
f 30//30 32//30 31//30
f 31//31 32//31 33//31
f 32//32 34//32 33//32
f 33//33 34//33 35//33
f 34//34 36//34 35//34
f 35//35 36//35 37//35
f 36//36 38//36 37//36
f 37//37 38//37 39//37
f 39//38 40//38 41//38
f 38//39 40//39 39//39
f 40//40 42//40 41//40
f 41//41 42//41 43//41
f 43//42 44//42 45//42
f 42//43 44//43 43//43
f 45//44 46//44 47//44
f 44//45 46//45 45//45
f 47//46 48//46 49//46
f 46//47 48//47 47//47
f 49//48 50//48 51//48
f 48//49 50//49 49//49
f 51//50 52//50 53//50
f 50//51 52//51 51//51
f 53//52 54//52 55//52
f 52//53 54//53 53//53
f 55//54 56//54 57//54
f 54//55 56//55 55//55
f 57//56 58//56 59//56
f 56//57 58//57 57//57
f 59//58 60//58 61//58
f 58//59 60//59 59//59
f 61//60 62//60 63//60
f 60//61 62//61 61//61
f 63//62 64//62 65//62
f 62//63 64//63 63//63
f 65//64 66//64 67//64
f 64//65 66//65 65//65
f 67//66 68//66 69//66
f 66//67 68//67 67//67
f 69//68 70//68 71//68
f 68//69 70//69 69//69
f 70//70 72//70 71//70
f 71//71 72//71 73//71
f 72//72 74//72 73//72
f 73//73 74//73 75//73
f 74//74 76//74 75//74
f 75//75 76//75 77//75
f 76//76 78//76 77//76
f 77//77 78//77 79//77
f 79//78 80//78 81//78
f 78//79 80//79 79//79
f 80//80 82//80 81//80
f 81//81 82//81 83//81
f 82//82 84//82 83//82
f 83//83 84//83 85//83
f 85//84 86//84 87//84
f 84//85 86//85 85//85
f 87//86 88//86 89//86
f 86//87 88//87 87//87
f 89//88 90//88 91//88
f 88//89 90//89 89//89
f 91//90 92//90 93//90
f 90//91 92//91 91//91
f 93//92 94//92 95//92
f 92//93 94//93 93//93
f 95//94 96//94 97//94
f 94//95 96//95 95//95
f 97//96 98//96 99//96
f 96//97 98//97 97//97
f 99//98 100//98 101//98
f 98//99 100//99 99//99
f 101//100 102//100 103//100
f 100//101 102//101 101//101
f 103//102 104//102 105//102
f 102//103 104//103 103//103
f 105//104 106//104 107//104
f 104//105 106//105 105//105
f 107//106 108//106 109//106
f 106//107 108//107 107//107
f 109//108 110//108 111//108
f 108//109 110//109 109//109
f 111//110 112//110 113//110
f 110//111 112//111 111//111
f 113//112 114//112 115//112
f 112//113 114//113 113//113
f 114//114 116//114 115//114
f 115//115 116//115 117//115
f 116//116 118//116 117//116
f 117//117 118//117 119//117
f 119//118 120//118 121//118
f 118//119 120//119 119//119
f 121//120 122//120 123//120
f 120//121 122//121 121//121
f 122//122 124//122 123//122
f 123//123 124//123 125//123
f 124//124 126//124 125//124
f 125//125 126//125 127//125
f 126//126 128//126 127//126
f 128//127 129//127 127//127
f 130//128 129//128 131//128
f 127//129 129//129 130//129
f 129//130 132//130 131//130
f 132//131 133//131 131//131
f 134//132 133//132 135//132
f 131//133 133//133 134//133
f 133//134 136//134 135//134
f 136//135 137//135 135//135
f 138//136 137//136 139//136
f 135//137 137//137 138//137
f 137//138 140//138 139//138
f 139//139 140//139 141//139
f 140//140 142//140 141//140
f 141//141 142//141 143//141
f 142//142 144//142 143//142
f 143//143 144//143 145//143
f 144//144 146//144 145//144
f 145//145 146//145 147//145
f 146//146 148//146 147//146
f 148//147 149//147 147//147
f 150//148 149//148 151//148
f 147//149 149//149 150//149
f 149//150 152//150 151//150
f 152//151 153//151 151//151
f 154//152 153//152 155//152
f 151//153 153//153 154//153
f 153//154 156//154 155//154
f 155//155 156//155 157//155
f 156//156 158//156 157//156
f 157//157 158//157 159//157
f 158//158 160//158 159//158
f 160//159 161//159 159//159
f 159//160 161//160 162//160
f 162//161 163//161 164//161
f 161//162 163//162 162//162
f 164//163 165//163 166//163
f 163//164 165//164 164//164
f 167//165 168//165 169//165
f 166//166 168//166 167//166
f 165//167 168//167 166//167
f 168//168 170//168 169//168
f 171//169 172//169 173//169
f 169//170 172//170 171//170
f 170//171 172//171 169//171
f 173//172 174//172 175//172
f 172//173 174//173 173//173
f 174//174 176//174 175//174
f 176//175 177//175 175//175
f 178//176 177//176 179//176
f 175//177 177//177 178//177
f 177//178 180//178 179//178
f 180//179 181//179 179//179
f 179//180 181//180 182//180
f 181//181 183//181 182//181
f 182//182 183//182 184//182
f 183//183 185//183 184//183
f 186//184 185//184 187//184
f 184//185 185//185 186//185
f 185//186 188//186 187//186
f 188//187 189//187 187//187
f 187//188 189//188 190//188
f 189//189 191//189 190//189
f 192//190 191//190 193//190
f 190//191 191//191 192//191
f 191//192 194//192 193//192
f 193//193 194//193 195//193
f 194//194 196//194 195//194
f 196//195 197//195 195//195
f 198//196 197//196 199//196
f 195//197 197//197 198//197
f 197//198 200//198 199//198
f 199//199 200//199 201//199
f 201//200 202//200 203//200
f 200//201 202//201 201//201
f 202//202 204//202 203//202
f 203//203 205//203 206//203
f 204//204 205//204 203//204
f 207//205 208//205 209//205
f 206//206 208//206 207//206
f 205//207 208//207 206//207
f 208//208 210//208 209//208
f 211//209 212//209 213//209
f 209//210 212//210 211//210
f 210//211 212//211 209//211
f 213//212 214//212 215//212
f 212//213 214//213 213//213
f 214//214 216//214 215//214
f 215//215 217//215 218//215
f 216//216 217//216 215//216
f 218//217 219//217 220//217
f 217//218 219//218 218//218
f 221//219 222//219 223//219
f 220//220 222//220 221//220
f 219//221 222//221 220//221
f 223//222 224//222 225//222
f 222//223 224//223 223//223
f 224//224 226//224 225//224
f 225//225 226//225 227//225
f 226//226 228//226 227//226
f 227//227 228//227 229//227
f 228//228 230//228 229//228
f 230//229 231//229 229//229
f 232//230 231//230 233//230
f 229//231 231//231 232//231
f 231//232 234//232 233//232
f 233//233 234//233 235//233
f 234//234 236//234 235//234
f 235//235 236//235 237//235
f 236//236 238//236 237//236
f 238//237 239//237 237//237
f 240//238 239//238 241//238
f 237//239 239//239 240//239
f 241//240 242//240 243//240
f 239//241 242//241 241//241
f 242//242 244//242 243//242
f 245//243 246//243 247//243
f 243//244 246//244 245//244
f 244//245 246//245 243//245
f 246//246 248//246 247//246
f 249//247 250//247 251//247
f 247//248 250//248 249//248
f 248//249 250//249 247//249
f 251//250 252//250 253//250
f 250//251 252//251 251//251
f 252//252 254//252 253//252
f 253//253 255//253 256//253
f 254//254 255//254 253//254
f 256//255 257//255 258//255
f 255//256 257//256 256//256
f 258//257 259//257 260//257
f 257//258 259//258 258//258
f 260//259 261//259 262//259
f 259//260 261//260 260//260
f 262//261 263//261 264//261
f 261//262 263//262 262//262
f 264//263 265//263 266//263
f 263//264 265//264 264//264
f 267//265 268//265 269//265
f 266//266 268//266 267//266
f 265//267 268//267 266//267
f 268//268 270//268 269//268
f 271//269 272//269 273//269
f 269//270 272//270 271//270
f 270//271 272//271 269//271
f 273//272 274//272 275//272
f 272//273 274//273 273//273
f 274//274 276//274 275//274
f 276//275 277//275 275//275
f 278//276 277//276 279//276
f 275//277 277//277 278//277
f 277//278 280//278 279//278
f 280//279 281//279 279//279
f 279//280 281//280 282//280
f 282//281 283//281 284//281
f 281//282 283//282 282//282
f 284//283 285//283 286//283
f 283//284 285//284 284//284
f 287//285 288//285 289//285
f 286//286 288//286 287//286
f 285//287 288//287 286//287
f 288//288 290//288 289//288
f 289//289 291//289 292//289
f 290//290 291//290 289//290
f 293//291 294//291 295//291
f 292//292 294//292 293//292
f 291//293 294//293 292//293
f 295//294 296//294 297//294
f 294//295 296//295 295//295
f 296//296 298//296 297//296
f 299//297 300//297 301//297
f 297//298 300//298 299//298
f 298//299 300//299 297//299
f 300//300 302//300 301//300
f 303//301 304//301 305//301
f 301//302 304//302 303//302
f 302//303 304//303 301//303
f 304//304 306//304 305//304
f 307//305 308//305 309//305
f 305//306 308//306 307//306
f 306//307 308//307 305//307
f 309//308 310//308 311//308
f 308//309 310//309 309//309
f 310//310 312//310 311//310
f 311//311 313//311 314//311
f 312//312 313//312 311//312
f 314//313 315//313 316//313
f 313//314 315//314 314//314
f 316//315 317//315 318//315
f 315//316 317//316 316//316
f 317//317 319//317 318//317
f 320//318 319//318 321//318
f 318//319 319//319 320//319
f 319//320 322//320 321//320
f 322//321 323//321 321//321
f 324//322 323//322 325//322
f 321//323 323//323 324//323
f 323//324 326//324 325//324
f 326//325 327//325 325//325
f 328//326 327//326 329//326
f 325//327 327//327 328//327
f 327//328 330//328 329//328
f 330//329 331//329 329//329
f 329//330 331//330 332//330
f 331//331 333//331 332//331
f 332//332 333//332 334//332
f 333//333 335//333 334//333
f 336//334 335//334 337//334
f 334//335 335//335 336//335
f 335//336 338//336 337//336
f 338//337 339//337 337//337
f 340//338 339//338 341//338
f 337//339 339//339 340//339
f 339//340 342//340 341//340
f 341//341 342//341 343//341
f 342//342 344//342 343//342
f 344//343 345//343 343//343
f 346//344 345//344 347//344
f 343//345 345//345 346//345
f 345//346 348//346 347//346
f 347//347 348//347 349//347
f 348//348 350//348 349//348
f 350//349 351//349 349//349
f 349//350 351//350 352//350
f 351//351 353//351 352//351
f 354//352 353//352 355//352
f 352//353 353//353 354//353
f 353//354 356//354 355//354
f 356//355 357//355 355//355
f 358//356 357//356 359//356
f 355//357 357//357 358//357
f 357//358 360//358 359//358
f 359//359 360//359 361//359
f 360//360 362//360 361//360
f 361//361 363//361 364//361
f 362//362 363//362 361//362
f 365//363 366//363 367//363
f 364//364 366//364 365//364
f 363//365 366//365 364//365
f 366//366 368//366 367//366
f 367//367 369//367 370//367
f 368//368 369//368 367//368
f 371//369 372//369 373//369
f 370//370 372//370 371//370
f 369//371 372//371 370//371
f 372//372 374//372 373//372
f 373//373 374//373 375//373
f 374//374 376//374 375//374
f 375//375 376//375 377//375
f 376//376 378//376 377//376
f 378//377 379//377 377//377
f 377//378 379//378 380//378
f 379//379 381//379 380//379
f 382//380 381//380 383//380
f 380//381 381//381 382//381
f 381//382 384//382 383//382
f 384//383 385//383 383//383
f 383//384 385//384 386//384
f 385//385 387//385 386//385
f 386//386 387//386 388//386
f 387//387 389//387 388//387
f 388//388 389//388 390//388
f 389//389 391//389 390//389
f 390//390 391//390 392//390
f 391//391 393//391 392//391
f 392//392 393//392 394//392
f 393//393 395//393 394//393
f 394//394 395//394 396//394
f 395//395 397//395 396//395
f 396//396 397//396 398//396
f 397//397 399//397 398//397
f 400//398 399//398 401//398
f 398//399 399//399 400//399
f 399//400 402//400 401//400
f 402//401 403//401 401//401
f 401//402 403//402 404//402
f 403//403 405//403 404//403
f 404//404 405//404 406//404
f 406//405 407//405 408//405
f 405//406 407//406 406//406
f 409//407 410//407 411//407
f 408//408 410//408 409//408
f 407//409 410//409 408//409
f 410//410 412//410 411//410
f 411//411 413//411 414//411
f 412//412 413//412 411//412
f 414//413 415//413 416//413
f 413//414 415//414 414//414
f 416//415 417//415 418//415
f 415//416 417//416 416//416
f 418//417 419//417 420//417
f 417//418 419//418 418//418
f 420//419 421//419 422//419
f 419//420 421//420 420//420
f 423//421 424//421 425//421
f 422//422 424//422 423//422
f 421//423 424//423 422//423
f 424//424 426//424 425//424
f 426//425 427//425 425//425
f 425//426 427//426 428//426
f 427//427 429//427 428//427
f 430//428 429//428 431//428
f 428//429 429//429 430//429
f 429//430 432//430 431//430
f 432//431 433//431 431//431
f 434//432 433//432 435//432
f 431//433 433//433 434//433
f 433//434 436//434 435//434
f 436//435 437//435 435//435
f 438//436 437//436 439//436
f 435//437 437//437 438//437
f 437//438 440//438 439//438
f 440//439 441//439 439//439
f 439//440 441//440 442//440
f 442//441 443//441 444//441
f 441//442 443//442 442//442
f 443//443 445//443 444//443
f 446//444 445//444 447//444
f 444//445 445//445 446//445
f 445//446 448//446 447//446
f 447//447 449//447 450//447
f 448//448 449//448 447//448
f 450//449 451//449 452//449
f 449//450 451//450 450//450
f 452//451 453//451 454//451
f 451//452 453//452 452//452
f 454//453 455//453 456//453
f 453//454 455//454 454//454
f 456//455 457//455 458//455
f 455//456 457//456 456//456
f 458//457 2//457 1//457
f 457//458 2//458 458//458
f 459//459 460//459 461//459
f 460//460 462//460 285//460
f 285//461 462//461 288//461
f 288//462 462//462 290//462
f 463//463 462//463 460//463
f 464//464 462//464 463//464
f 465//465 462//465 464//465
f 290//466 466//466 291//466
f 291//467 466//467 294//467
f 462//468 466//468 290//468
f 467//469 466//469 465//469
f 468//470 466//470 467//470
f 465//471 466//471 462//471
f 294//472 469//472 296//472
f 296//473 469//473 298//473
f 466//474 469//474 294//474
f 470//475 469//475 468//475
f 471//476 469//476 470//476
f 468//477 469//477 466//477
f 471//478 472//478 469//478
f 298//479 472//479 300//479
f 300//480 472//480 302//480
f 2//481 473//481 4//481
f 469//482 472//482 298//482
f 474//483 472//483 471//483
f 475//484 472//484 474//484
f 475//485 476//485 472//485
f 302//486 476//486 304//486
f 304//487 476//487 306//487
f 472//488 476//488 302//488
f 477//489 476//489 475//489
f 478//490 476//490 477//490
f 476//491 479//491 306//491
f 306//492 479//492 308//492
f 308//493 479//493 310//493
f 480//494 479//494 478//494
f 481//495 479//495 480//495
f 478//496 479//496 476//496
f 479//497 482//497 310//497
f 481//498 482//498 479//498
f 310//499 482//499 312//499
f 312//500 482//500 313//500
f 483//501 482//501 481//501
f 484//502 482//502 483//502
f 485//503 486//503 473//503
f 484//504 487//504 482//504
f 482//505 487//505 313//505
f 313//506 487//506 315//506
f 315//507 487//507 317//507
f 488//508 487//508 484//508
f 489//509 487//509 488//509
f 487//510 490//510 317//510
f 489//511 490//511 487//511
f 317//512 490//512 319//512
f 319//513 490//513 322//513
f 491//514 490//514 489//514
f 492//515 490//515 491//515
f 492//516 493//516 490//516
f 490//517 493//517 322//517
f 322//518 493//518 323//518
f 323//519 493//519 326//519
f 494//520 493//520 492//520
f 495//521 493//521 494//521
f 493//522 496//522 326//522
f 326//523 496//523 327//523
f 327//524 496//524 330//524
f 495//525 496//525 493//525
f 497//526 496//526 495//526
f 498//527 496//527 497//527
f 498//528 499//528 496//528
f 330//529 499//529 331//529
f 331//530 499//530 333//530
f 496//531 499//531 330//531
f 500//532 499//532 498//532
f 501//533 499//533 500//533
f 333//534 502//534 335//534
f 335//535 502//535 338//535
f 501//536 502//536 499//536
f 499//537 502//537 333//537
f 503//538 502//538 501//538
f 504//539 502//539 503//539
f 502//540 505//540 338//540
f 504//541 505//541 502//541
f 338//542 505//542 339//542
f 339//543 505//543 342//543
f 506//544 505//544 504//544
f 507//545 505//545 506//545
f 508//546 509//546 507//546
f 510//547 509//547 508//547
f 507//548 509//548 505//548
f 505//549 509//549 342//549
f 342//550 509//550 344//550
f 344//551 509//551 345//551
f 511//552 512//552 510//552
f 513//553 512//553 511//553
f 509//554 512//554 345//554
f 510//555 512//555 509//555
f 345//556 512//556 348//556
f 348//557 512//557 350//557
f 514//558 515//558 513//558
f 516//559 515//559 514//559
f 513//560 515//560 512//560
f 350//561 515//561 351//561
f 512//562 515//562 350//562
f 351//563 515//563 353//563
f 517//564 518//564 516//564
f 519//565 518//565 517//565
f 516//566 518//566 515//566
f 353//567 518//567 356//567
f 356//568 518//568 357//568
f 515//569 518//569 353//569
f 520//570 521//570 519//570
f 522//571 521//571 520//571
f 518//572 521//572 357//572
f 357//573 521//573 360//573
f 360//574 521//574 362//574
f 519//575 521//575 518//575
f 522//576 523//576 521//576
f 524//577 523//577 522//577
f 525//578 523//578 524//578
f 521//579 523//579 362//579
f 362//580 523//580 363//580
f 363//581 523//581 366//581
f 526//582 527//582 525//582
f 528//583 527//583 526//583
f 525//584 527//584 523//584
f 366//585 527//585 368//585
f 368//586 527//586 369//586
f 523//587 527//587 366//587
f 529//588 530//588 528//588
f 531//589 530//589 529//589
f 528//590 530//590 527//590
f 527//591 530//591 369//591
f 369//592 530//592 372//592
f 372//593 530//593 374//593
f 532//594 533//594 531//594
f 534//595 533//595 532//595
f 531//596 533//596 530//596
f 530//597 533//597 374//597
f 374//598 533//598 376//598
f 376//599 533//599 378//599
f 535//600 536//600 534//600
f 537//601 536//601 535//601
f 534//602 536//602 533//602
f 533//603 536//603 378//603
f 378//604 536//604 379//604
f 379//605 536//605 381//605
f 537//606 538//606 536//606
f 539//607 538//607 537//607
f 540//608 538//608 539//608
f 536//609 538//609 381//609
f 381//610 538//610 384//610
f 384//611 538//611 385//611
f 541//612 542//612 540//612
f 543//613 542//613 541//613
f 540//614 542//614 538//614
f 385//615 542//615 387//615
f 387//616 542//616 389//616
f 538//617 542//617 385//617
f 544//618 545//618 543//618
f 546//619 545//619 544//619
f 543//620 545//620 542//620
f 389//621 545//621 391//621
f 542//622 545//622 389//622
f 391//623 545//623 393//623
f 545//624 547//624 393//624
f 546//625 547//625 545//625
f 548//626 547//626 546//626
f 549//627 547//627 548//627
f 393//628 547//628 395//628
f 395//629 547//629 397//629
f 399//630 550//630 402//630
f 549//631 550//631 547//631
f 551//632 550//632 549//632
f 552//633 550//633 551//633
f 547//634 550//634 397//634
f 397//635 550//635 399//635
f 402//636 553//636 403//636
f 403//637 553//637 405//637
f 554//638 553//638 552//638
f 555//639 553//639 554//639
f 550//640 553//640 402//640
f 552//641 553//641 550//641
f 405//642 556//642 407//642
f 407//643 556//643 410//643
f 557//644 556//644 555//644
f 558//645 556//645 557//645
f 555//646 556//646 553//646
f 553//647 556//647 405//647
f 410//648 559//648 412//648
f 412//649 559//649 413//649
f 560//650 559//650 558//650
f 561//651 559//651 560//651
f 556//652 559//652 410//652
f 558//653 559//653 556//653
f 413//654 562//654 415//654
f 415//655 562//655 417//655
f 563//656 562//656 561//656
f 564//657 562//657 563//657
f 559//658 562//658 413//658
f 561//659 562//659 559//659
f 417//660 565//660 419//660
f 419//661 565//661 421//661
f 566//662 565//662 564//662
f 567//663 565//663 566//663
f 564//664 565//664 562//664
f 562//665 565//665 417//665
f 421//666 568//666 424//666
f 424//667 568//667 426//667
f 569//668 568//668 567//668
f 570//669 568//669 569//669
f 567//670 568//670 565//670
f 565//671 568//671 421//671
f 568//672 571//672 426//672
f 570//673 571//673 568//673
f 426//674 571//674 427//674
f 427//675 571//675 429//675
f 572//676 571//676 570//676
f 573//677 571//677 572//677
f 571//678 574//678 429//678
f 429//679 574//679 432//679
f 432//680 574//680 433//680
f 575//681 574//681 573//681
f 576//682 574//682 575//682
f 573//683 574//683 571//683
f 433//684 577//684 436//684
f 436//685 577//685 437//685
f 574//686 577//686 433//686
f 576//687 577//687 574//687
f 578//688 577//688 576//688
f 579//689 577//689 578//689
f 577//690 580//690 437//690
f 579//691 580//691 577//691
f 437//692 580//692 440//692
f 440//693 580//693 441//693
f 581//694 580//694 579//694
f 582//695 580//695 581//695
f 441//696 583//696 443//696
f 443//697 583//697 445//697
f 584//698 583//698 582//698
f 585//699 583//699 584//699
f 580//700 583//700 441//700
f 582//701 583//701 580//701
f 445//702 586//702 448//702
f 448//703 586//703 449//703
f 587//704 586//704 585//704
f 588//705 586//705 587//705
f 583//706 586//706 445//706
f 585//707 586//707 583//707
f 449//708 589//708 451//708
f 451//709 589//709 453//709
f 590//710 589//710 588//710
f 591//711 589//711 590//711
f 586//712 589//712 449//712
f 588//713 589//713 586//713
f 457//714 592//714 473//714
f 589//715 592//715 453//715
f 453//716 592//716 455//716
f 455//717 592//717 457//717
f 593//718 592//718 591//718
f 594//719 592//719 593//719
f 473//720 592//720 594//720
f 591//721 592//721 589//721
f 457//722 473//722 2//722
f 594//723 485//723 473//723
f 4//724 595//724 6//724
f 6//725 595//725 8//725
f 596//726 595//726 486//726
f 597//727 595//727 596//727
f 473//728 595//728 4//728
f 486//729 595//729 473//729
f 8//730 598//730 10//730
f 10//731 598//731 12//731
f 599//732 598//732 597//732
f 600//733 598//733 599//733
f 595//734 598//734 8//734
f 597//735 598//735 595//735
f 12//736 601//736 14//736
f 14//737 601//737 16//737
f 600//738 601//738 598//738
f 602//739 601//739 600//739
f 603//740 601//740 602//740
f 598//741 601//741 12//741
f 16//742 604//742 18//742
f 18//743 604//743 20//743
f 601//744 604//744 16//744
f 605//745 604//745 603//745
f 606//746 604//746 605//746
f 603//747 604//747 601//747
f 20//748 607//748 22//748
f 22//749 607//749 24//749
f 608//750 607//750 606//750
f 609//751 607//751 608//751
f 604//752 607//752 20//752
f 606//753 607//753 604//753
f 24//754 610//754 26//754
f 26//755 610//755 28//755
f 609//756 610//756 607//756
f 611//757 610//757 609//757
f 612//758 610//758 611//758
f 607//759 610//759 24//759
f 28//760 613//760 30//760
f 30//761 613//761 32//761
f 610//762 613//762 28//762
f 614//763 613//763 612//763
f 615//764 613//764 614//764
f 612//765 613//765 610//765
f 32//766 616//766 34//766
f 34//767 616//767 36//767
f 617//768 616//768 615//768
f 618//769 616//769 617//769
f 613//770 616//770 32//770
f 615//771 616//771 613//771
f 616//772 619//772 36//772
f 36//773 619//773 38//773
f 38//774 619//774 40//774
f 618//775 619//775 616//775
f 620//776 619//776 618//776
f 621//777 619//777 620//777
f 40//778 622//778 42//778
f 42//779 622//779 44//779
f 623//780 622//780 621//780
f 624//781 622//781 623//781
f 619//782 622//782 40//782
f 621//783 622//783 619//783
f 44//784 625//784 46//784
f 46//785 625//785 48//785
f 626//786 625//786 624//786
f 627//787 625//787 626//787
f 622//788 625//788 44//788
f 624//789 625//789 622//789
f 625//790 628//790 48//790
f 48//791 628//791 50//791
f 50//792 628//792 52//792
f 627//793 628//793 625//793
f 629//794 628//794 627//794
f 630//795 628//795 629//795
f 52//796 631//796 54//796
f 54//797 631//797 56//797
f 628//798 631//798 52//798
f 632//799 631//799 630//799
f 633//800 631//800 632//800
f 630//801 631//801 628//801
f 633//802 634//802 631//802
f 56//803 634//803 58//803
f 58//804 634//804 60//804
f 635//805 634//805 633//805
f 636//806 634//806 635//806
f 631//807 634//807 56//807
f 60//808 637//808 62//808
f 62//809 637//809 64//809
f 634//810 637//810 60//810
f 636//811 637//811 634//811
f 638//812 637//812 636//812
f 639//813 637//813 638//813
f 64//814 640//814 66//814
f 66//815 640//815 68//815
f 637//816 640//816 64//816
f 641//817 640//817 639//817
f 642//818 640//818 641//818
f 639//819 640//819 637//819
f 640//820 643//820 68//820
f 642//821 643//821 640//821
f 68//822 643//822 70//822
f 70//823 643//823 72//823
f 644//824 643//824 642//824
f 645//825 643//825 644//825
f 72//826 646//826 74//826
f 74//827 646//827 76//827
f 643//828 646//828 72//828
f 645//829 646//829 643//829
f 647//830 646//830 645//830
f 648//831 646//831 647//831
f 76//832 649//832 78//832
f 78//833 649//833 80//833
f 650//834 649//834 648//834
f 651//835 649//835 650//835
f 646//836 649//836 76//836
f 648//837 649//837 646//837
f 649//838 652//838 80//838
f 651//839 652//839 649//839
f 80//840 652//840 82//840
f 82//841 652//841 84//841
f 653//842 652//842 651//842
f 654//843 652//843 653//843
f 84//844 655//844 86//844
f 86//845 655//845 88//845
f 652//846 655//846 84//846
f 654//847 655//847 652//847
f 656//848 655//848 654//848
f 657//849 655//849 656//849
f 657//850 658//850 655//850
f 88//851 658//851 90//851
f 90//852 658//852 92//852
f 659//853 658//853 657//853
f 660//854 658//854 659//854
f 655//855 658//855 88//855
f 658//856 661//856 92//856
f 660//857 661//857 658//857
f 92//858 661//858 94//858
f 94//859 661//859 96//859
f 662//860 661//860 660//860
f 663//861 661//861 662//861
f 96//862 664//862 98//862
f 98//863 664//863 100//863
f 661//864 664//864 96//864
f 663//865 664//865 661//865
f 665//866 664//866 663//866
f 666//867 664//867 665//867
f 666//868 667//868 664//868
f 100//869 667//869 102//869
f 102//870 667//870 104//870
f 668//871 667//871 666//871
f 669//872 667//872 668//872
f 664//873 667//873 100//873
f 667//874 670//874 104//874
f 669//875 670//875 667//875
f 104//876 670//876 106//876
f 106//877 670//877 108//877
f 671//878 670//878 669//878
f 672//879 670//879 671//879
f 108//880 673//880 110//880
f 110//881 673//881 112//881
f 670//882 673//882 108//882
f 672//883 673//883 670//883
f 674//884 673//884 672//884
f 675//885 673//885 674//885
f 675//886 676//886 673//886
f 112//887 676//887 114//887
f 114//888 676//888 116//888
f 677//889 676//889 675//889
f 678//890 676//890 677//890
f 673//891 676//891 112//891
f 676//892 679//892 116//892
f 678//893 679//893 676//893
f 116//894 679//894 118//894
f 118//895 679//895 120//895
f 680//896 679//896 678//896
f 681//897 679//897 680//897
f 120//898 682//898 122//898
f 122//899 682//899 124//899
f 679//900 682//900 120//900
f 683//901 682//901 681//901
f 684//902 682//902 683//902
f 681//903 682//903 679//903
f 682//904 685//904 124//904
f 684//905 685//905 682//905
f 124//906 685//906 126//906
f 126//907 685//907 128//907
f 686//908 685//908 684//908
f 687//909 685//909 686//909
f 685//910 688//910 128//910
f 687//911 688//911 685//911
f 128//912 688//912 129//912
f 129//913 688//913 132//913
f 689//914 688//914 687//914
f 690//915 688//915 689//915
f 132//916 691//916 133//916
f 133//917 691//917 136//917
f 688//918 691//918 132//918
f 692//919 691//919 690//919
f 693//920 691//920 692//920
f 690//921 691//921 688//921
f 691//922 694//922 136//922
f 693//923 694//923 691//923
f 136//924 694//924 137//924
f 137//925 694//925 140//925
f 695//926 694//926 693//926
f 696//927 694//927 695//927
f 697//928 698//928 696//928
f 699//929 698//929 697//929
f 696//930 698//930 694//930
f 694//931 698//931 140//931
f 140//932 698//932 142//932
f 142//933 698//933 144//933
f 700//934 701//934 699//934
f 702//935 701//935 700//935
f 144//936 701//936 146//936
f 146//937 701//937 148//937
f 699//938 701//938 698//938
f 698//939 701//939 144//939
f 703//940 704//940 702//940
f 705//941 704//941 703//941
f 702//942 704//942 701//942
f 701//943 704//943 148//943
f 148//944 704//944 149//944
f 149//945 704//945 152//945
f 706//946 707//946 705//946
f 708//947 707//947 706//947
f 705//948 707//948 704//948
f 152//949 707//949 153//949
f 704//950 707//950 152//950
f 153//951 707//951 156//951
f 707//952 709//952 156//952
f 710//953 709//953 708//953
f 711//954 709//954 710//954
f 156//955 709//955 158//955
f 158//956 709//956 160//956
f 708//957 709//957 707//957
f 712//958 713//958 711//958
f 714//959 713//959 712//959
f 711//960 713//960 709//960
f 709//961 713//961 160//961
f 160//962 713//962 161//962
f 161//963 713//963 163//963
f 715//964 716//964 714//964
f 717//965 716//965 715//965
f 714//966 716//966 713//966
f 713//967 716//967 163//967
f 163//968 716//968 165//968
f 165//969 716//969 168//969
f 716//970 718//970 168//970
f 719//971 718//971 717//971
f 720//972 718//972 719//972
f 168//973 718//973 170//973
f 170//974 718//974 172//974
f 717//975 718//975 716//975
f 718//976 721//976 172//976
f 720//977 721//977 718//977
f 722//978 721//978 720//978
f 723//979 721//979 722//979
f 172//980 721//980 174//980
f 174//981 721//981 176//981
f 724//982 725//982 723//982
f 726//983 725//983 724//983
f 721//984 725//984 176//984
f 723//985 725//985 721//985
f 176//986 725//986 177//986
f 177//987 725//987 180//987
f 727//988 728//988 726//988
f 729//989 728//989 727//989
f 726//990 728//990 725//990
f 725//991 728//991 180//991
f 180//992 728//992 181//992
f 181//993 728//993 183//993
f 728//994 730//994 183//994
f 731//995 730//995 729//995
f 732//996 730//996 731//996
f 183//997 730//997 185//997
f 185//998 730//998 188//998
f 729//999 730//999 728//999
f 733//1000 734//1000 732//1000
f 735//1001 734//1001 733//1001
f 730//1002 734//1002 188//1002
f 732//1003 734//1003 730//1003
f 188//1004 734//1004 189//1004
f 189//1005 734//1005 191//1005
f 736//1006 737//1006 735//1006
f 738//1007 737//1007 736//1007
f 735//1008 737//1008 734//1008
f 734//1009 737//1009 191//1009
f 191//1010 737//1010 194//1010
f 194//1011 737//1011 196//1011
f 197//1012 739//1012 200//1012
f 740//1013 739//1013 738//1013
f 741//1014 739//1014 740//1014
f 738//1015 739//1015 737//1015
f 737//1016 739//1016 196//1016
f 196//1017 739//1017 197//1017
f 200//1018 742//1018 202//1018
f 202//1019 742//1019 204//1019
f 739//1020 742//1020 200//1020
f 741//1021 742//1021 739//1021
f 743//1022 742//1022 741//1022
f 744//1023 742//1023 743//1023
f 204//1024 745//1024 205//1024
f 205//1025 745//1025 208//1025
f 746//1026 745//1026 744//1026
f 747//1027 745//1027 746//1027
f 742//1028 745//1028 204//1028
f 744//1029 745//1029 742//1029
f 208//1030 748//1030 210//1030
f 210//1031 748//1031 212//1031
f 749//1032 748//1032 747//1032
f 750//1033 748//1033 749//1033
f 745//1034 748//1034 208//1034
f 747//1035 748//1035 745//1035
f 748//1036 751//1036 212//1036
f 212//1037 751//1037 214//1037
f 214//1038 751//1038 216//1038
f 750//1039 751//1039 748//1039
f 752//1040 751//1040 750//1040
f 753//1041 751//1041 752//1041
f 216//1042 754//1042 217//1042
f 217//1043 754//1043 219//1043
f 751//1044 754//1044 216//1044
f 755//1045 754//1045 753//1045
f 756//1046 754//1046 755//1046
f 753//1047 754//1047 751//1047
f 219//1048 757//1048 222//1048
f 222//1049 757//1049 224//1049
f 758//1050 757//1050 756//1050
f 759//1051 757//1051 758//1051
f 754//1052 757//1052 219//1052
f 756//1053 757//1053 754//1053
f 224//1054 760//1054 226//1054
f 759//1055 760//1055 757//1055
f 226//1056 760//1056 228//1056
f 761//1057 760//1057 759//1057
f 762//1058 760//1058 761//1058
f 757//1059 760//1059 224//1059
f 228//1060 763//1060 230//1060
f 764//1061 763//1061 762//1061
f 762//1062 763//1062 760//1062
f 760//1063 763//1063 228//1063
f 230//1064 765//1064 231//1064
f 231//1065 765//1065 234//1065
f 766//1066 765//1066 764//1066
f 767//1067 765//1067 766//1067
f 763//1068 765//1068 230//1068
f 764//1069 765//1069 763//1069
f 765//1070 768//1070 234//1070
f 234//1071 768//1071 236//1071
f 236//1072 768//1072 238//1072
f 769//1073 768//1073 767//1073
f 770//1074 768//1074 769//1074
f 767//1075 768//1075 765//1075
f 768//1076 771//1076 238//1076
f 770//1077 771//1077 768//1077
f 238//1078 771//1078 239//1078
f 239//1079 771//1079 242//1079
f 772//1080 771//1080 770//1080
f 773//1081 771//1081 772//1081
f 771//1082 774//1082 242//1082
f 242//1083 774//1083 244//1083
f 244//1084 774//1084 246//1084
f 773//1085 774//1085 771//1085
f 775//1086 774//1086 773//1086
f 776//1087 774//1087 775//1087
f 246//1088 777//1088 248//1088
f 248//1089 777//1089 250//1089
f 774//1090 777//1090 246//1090
f 776//1091 777//1091 774//1091
f 778//1092 777//1092 776//1092
f 779//1093 777//1093 778//1093
f 777//1094 780//1094 250//1094
f 250//1095 780//1095 252//1095
f 252//1096 780//1096 254//1096
f 781//1097 780//1097 779//1097
f 782//1098 780//1098 781//1098
f 779//1099 780//1099 777//1099
f 780//1100 783//1100 254//1100
f 254//1101 783//1101 255//1101
f 255//1102 783//1102 257//1102
f 782//1103 783//1103 780//1103
f 784//1104 783//1104 782//1104
f 785//1105 783//1105 784//1105
f 257//1106 786//1106 259//1106
f 259//1107 786//1107 261//1107
f 787//1108 786//1108 785//1108
f 788//1109 786//1109 787//1109
f 783//1110 786//1110 257//1110
f 785//1111 786//1111 783//1111
f 261//1112 789//1112 263//1112
f 263//1113 789//1113 265//1113
f 790//1114 789//1114 788//1114
f 791//1115 789//1115 790//1115
f 786//1116 789//1116 261//1116
f 788//1117 789//1117 786//1117
f 265//1118 792//1118 268//1118
f 268//1119 792//1119 270//1119
f 789//1120 792//1120 265//1120
f 793//1121 792//1121 791//1121
f 794//1122 792//1122 793//1122
f 791//1123 792//1123 789//1123
f 794//1124 795//1124 792//1124
f 270//1125 795//1125 272//1125
f 272//1126 795//1126 274//1126
f 796//1127 795//1127 794//1127
f 797//1128 795//1128 796//1128
f 792//1129 795//1129 270//1129
f 795//1130 798//1130 274//1130
f 274//1131 798//1131 276//1131
f 276//1132 798//1132 277//1132
f 797//1133 798//1133 795//1133
f 799//1134 798//1134 797//1134
f 800//1135 798//1135 799//1135
f 800//1136 461//1136 798//1136
f 277//1137 461//1137 280//1137
f 280//1138 461//1138 281//1138
f 801//1139 461//1139 800//1139
f 459//1140 461//1140 801//1140
f 798//1141 461//1141 277//1141
f 461//1142 460//1142 281//1142
f 281//1143 460//1143 283//1143
f 283//1144 460//1144 285//1144
f 802//1145 460//1145 459//1145
f 463//1146 460//1146 802//1146
f 803//1147 287//1147 804//1147
f 287//1148 289//1148 804//1148
f 804//1149 289//1149 805//1149
f 803//1150 286//1150 287//1150
f 806//1151 286//1151 803//1151
f 805//1152 292//1152 807//1152
f 289//1153 292//1153 805//1153
f 808//1154 284//1154 806//1154
f 806//1155 284//1155 286//1155
f 292//1156 293//1156 807//1156
f 807//1157 293//1157 809//1157
f 808//1158 282//1158 284//1158
f 810//1159 282//1159 808//1159
f 809//1160 295//1160 811//1160
f 293//1161 295//1161 809//1161
f 812//1162 279//1162 810//1162
f 810//1163 279//1163 282//1163
f 295//1164 297//1164 811//1164
f 811//1165 297//1165 813//1165
f 814//1166 278//1166 812//1166
f 812//1167 278//1167 279//1167
f 813//1168 299//1168 815//1168
f 297//1169 299//1169 813//1169
f 814//1170 275//1170 278//1170
f 816//1171 275//1171 814//1171
f 815//1172 301//1172 817//1172
f 299//1173 301//1173 815//1173
f 816//1174 273//1174 275//1174
f 818//1175 273//1175 816//1175
f 817//1176 303//1176 819//1176
f 301//1177 303//1177 817//1177
f 818//1178 271//1178 273//1178
f 820//1179 271//1179 818//1179
f 819//1180 305//1180 821//1180
f 303//1181 305//1181 819//1181
f 822//1182 269//1182 820//1182
f 820//1183 269//1183 271//1183
f 821//1184 307//1184 823//1184
f 305//1185 307//1185 821//1185
f 824//1186 267//1186 822//1186
f 822//1187 267//1187 269//1187
f 823//1188 309//1188 825//1188
f 307//1189 309//1189 823//1189
f 826//1190 266//1190 824//1190
f 824//1191 266//1191 267//1191
f 825//1192 311//1192 827//1192
f 309//1193 311//1193 825//1193
f 826//1194 264//1194 266//1194
f 828//1195 264//1195 826//1195
f 827//1196 314//1196 829//1196
f 311//1197 314//1197 827//1197
f 828//1198 262//1198 264//1198
f 830//1199 262//1199 828//1199
f 829//1200 316//1200 831//1200
f 314//1201 316//1201 829//1201
f 830//1202 260//1202 262//1202
f 832//1203 260//1203 830//1203
f 831//1204 318//1204 833//1204
f 316//1205 318//1205 831//1205
f 832//1206 258//1206 260//1206
f 834//1207 258//1207 832//1207
f 833//1208 320//1208 835//1208
f 318//1209 320//1209 833//1209
f 836//1210 256//1210 834//1210
f 834//1211 256//1211 258//1211
f 835//1212 321//1212 837//1212
f 320//1213 321//1213 835//1213
f 838//1214 253//1214 836//1214
f 836//1215 253//1215 256//1215
f 321//1216 324//1216 837//1216
f 837//1217 324//1217 839//1217
f 838//1218 251//1218 253//1218
f 840//1219 251//1219 838//1219
f 324//1220 325//1220 839//1220
f 839//1221 325//1221 841//1221
f 842//1222 249//1222 840//1222
f 840//1223 249//1223 251//1223
f 325//1224 328//1224 841//1224
f 841//1225 328//1225 843//1225
f 844//1226 247//1226 842//1226
f 842//1227 247//1227 249//1227
f 843//1228 329//1228 845//1228
f 328//1229 329//1229 843//1229
f 844//1230 245//1230 247//1230
f 846//1231 245//1231 844//1231
f 329//1232 332//1232 845//1232
f 845//1233 332//1233 847//1233
f 848//1234 243//1234 846//1234
f 846//1235 243//1235 245//1235
f 332//1236 334//1236 847//1236
f 847//1237 334//1237 849//1237
f 850//1238 241//1238 848//1238
f 848//1239 241//1239 243//1239
f 849//1240 336//1240 851//1240
f 334//1241 336//1241 849//1241
f 850//1242 240//1242 241//1242
f 336//1243 337//1243 851//1243
f 851//1244 337//1244 852//1244
f 853//1245 237//1245 854//1245
f 854//1246 237//1246 850//1246
f 850//1247 237//1247 240//1247
f 337//1248 340//1248 852//1248
f 852//1249 340//1249 855//1249
f 853//1250 235//1250 237//1250
f 855//1251 341//1251 856//1251
f 340//1252 341//1252 855//1252
f 857//1253 233//1253 858//1253
f 858//1254 233//1254 853//1254
f 853//1255 233//1255 235//1255
f 341//1256 343//1256 856//1256
f 856//1257 343//1257 859//1257
f 857//1258 232//1258 233//1258
f 860//1259 232//1259 857//1259
f 859//1260 346//1260 861//1260
f 343//1261 346//1261 859//1261
f 862//1262 229//1262 860//1262
f 860//1263 229//1263 232//1263
f 861//1264 347//1264 863//1264
f 346//1265 347//1265 861//1265
f 862//1266 227//1266 229//1266
f 864//1267 227//1267 862//1267
f 347//1268 349//1268 863//1268
f 863//1269 349//1269 865//1269
f 866//1270 225//1270 864//1270
f 864//1271 225//1271 227//1271
f 349//1272 352//1272 865//1272
f 865//1273 352//1273 867//1273
f 866//1274 223//1274 225//1274
f 352//1275 354//1275 867//1275
f 867//1276 354//1276 868//1276
f 869//1277 221//1277 870//1277
f 870//1278 221//1278 866//1278
f 866//1279 221//1279 223//1279
f 354//1280 355//1280 868//1280
f 868//1281 355//1281 871//1281
f 872//1282 220//1282 869//1282
f 869//1283 220//1283 221//1283
f 355//1284 358//1284 871//1284
f 871//1285 358//1285 873//1285
f 874//1286 218//1286 872//1286
f 872//1287 218//1287 220//1287
f 358//1288 359//1288 873//1288
f 873//1289 359//1289 875//1289
f 876//1290 215//1290 874//1290
f 874//1291 215//1291 218//1291
f 359//1292 361//1292 875//1292
f 875//1293 361//1293 877//1293
f 876//1294 213//1294 215//1294
f 361//1295 364//1295 877//1295
f 877//1296 364//1296 878//1296
f 879//1297 211//1297 880//1297
f 880//1298 211//1298 876//1298
f 876//1299 211//1299 213//1299
f 364//1300 365//1300 878//1300
f 878//1301 365//1301 881//1301
f 882//1302 209//1302 879//1302
f 879//1303 209//1303 211//1303
f 365//1304 367//1304 881//1304
f 881//1305 367//1305 883//1305
f 884//1306 207//1306 882//1306
f 882//1307 207//1307 209//1307
f 367//1308 370//1308 883//1308
f 883//1309 370//1309 885//1309
f 884//1310 206//1310 207//1310
f 370//1311 371//1311 885//1311
f 885//1312 371//1312 886//1312
f 887//1313 203//1313 884//1313
f 884//1314 203//1314 206//1314
f 886//1315 373//1315 888//1315
f 371//1316 373//1316 886//1316
f 889//1317 201//1317 887//1317
f 887//1318 201//1318 203//1318
f 890//1319 201//1319 889//1319
f 373//1320 375//1320 888//1320
f 888//1321 375//1321 891//1321
f 890//1322 199//1322 201//1322
f 892//1323 199//1323 890//1323
f 375//1324 377//1324 891//1324
f 891//1325 377//1325 893//1325
f 892//1326 198//1326 199//1326
f 894//1327 198//1327 892//1327
f 377//1328 380//1328 893//1328
f 893//1329 380//1329 895//1329
f 894//1330 195//1330 198//1330
f 896//1331 195//1331 894//1331
f 380//1332 382//1332 895//1332
f 895//1333 382//1333 897//1333
f 896//1334 193//1334 195//1334
f 382//1335 383//1335 897//1335
f 897//1336 383//1336 898//1336
f 896//1337 192//1337 193//1337
f 899//1338 192//1338 896//1338
f 383//1339 386//1339 898//1339
f 898//1340 386//1340 900//1340
f 899//1341 190//1341 192//1341
f 901//1342 190//1342 899//1342
f 386//1343 388//1343 900//1343
f 900//1344 388//1344 902//1344
f 901//1345 187//1345 190//1345
f 903//1346 187//1346 901//1346
f 388//1347 390//1347 902//1347
f 902//1348 390//1348 904//1348
f 903//1349 186//1349 187//1349
f 905//1350 186//1350 906//1350
f 906//1351 186//1351 903//1351
f 390//1352 392//1352 904//1352
f 904//1353 392//1353 907//1353
f 905//1354 184//1354 186//1354
f 908//1355 184//1355 905//1355
f 392//1356 394//1356 907//1356
f 907//1357 394//1357 909//1357
f 908//1358 182//1358 184//1358
f 394//1359 396//1359 909//1359
f 909//1360 396//1360 910//1360
f 908//1361 179//1361 182//1361
f 911//1362 179//1362 908//1362
f 396//1363 398//1363 910//1363
f 910//1364 398//1364 912//1364
f 913//1365 178//1365 911//1365
f 911//1366 178//1366 179//1366
f 398//1367 400//1367 912//1367
f 912//1368 400//1368 914//1368
f 913//1369 175//1369 178//1369
f 915//1370 175//1370 913//1370
f 400//1371 401//1371 914//1371
f 914//1372 401//1372 916//1372
f 915//1373 173//1373 175//1373
f 917//1374 173//1374 915//1374
f 401//1375 918//1375 916//1375
f 404//1376 918//1376 401//1376
f 173//1377 919//1377 171//1377
f 917//1378 919//1378 173//1378
f 404//1379 920//1379 918//1379
f 406//1380 920//1380 404//1380
f 919//1381 921//1381 171//1381
f 171//1382 921//1382 169//1382
f 406//1383 922//1383 920//1383
f 408//1384 922//1384 406//1384
f 921//1385 923//1385 169//1385
f 169//1386 923//1386 167//1386
f 408//1387 924//1387 922//1387
f 409//1388 924//1388 408//1388
f 923//1389 925//1389 167//1389
f 167//1390 925//1390 166//1390
f 409//1391 926//1391 924//1391
f 411//1392 926//1392 409//1392
f 925//1393 927//1393 166//1393
f 166//1394 927//1394 164//1394
f 414//1395 928//1395 411//1395
f 411//1396 928//1396 926//1396
f 927//1397 929//1397 164//1397
f 164//1398 929//1398 162//1398
f 162//1399 929//1399 159//1399
f 414//1400 930//1400 928//1400
f 416//1401 930//1401 414//1401
f 929//1402 931//1402 159//1402
f 418//1403 932//1403 416//1403
f 416//1404 932//1404 930//1404
f 931//1405 933//1405 159//1405
f 159//1406 933//1406 157//1406
f 157//1407 933//1407 155//1407
f 422//1408 934//1408 420//1408
f 420//1409 934//1409 418//1409
f 418//1410 934//1410 932//1410
f 933//1411 935//1411 155//1411
f 422//1412 936//1412 934//1412
f 155//1413 937//1413 154//1413
f 935//1414 937//1414 155//1414
f 425//1415 938//1415 423//1415
f 423//1416 938//1416 422//1416
f 422//1417 938//1417 936//1417
f 154//1418 939//1418 151//1418
f 937//1419 939//1419 154//1419
f 428//1420 940//1420 425//1420
f 425//1421 940//1421 938//1421
f 939//1422 941//1422 151//1422
f 151//1423 941//1423 150//1423
f 428//1424 942//1424 940//1424
f 430//1425 942//1425 428//1425
f 941//1426 943//1426 150//1426
f 150//1427 943//1427 147//1427
f 430//1428 944//1428 942//1428
f 943//1429 945//1429 147//1429
f 147//1430 945//1430 145//1430
f 430//1431 946//1431 944//1431
f 431//1432 946//1432 430//1432
f 945//1433 947//1433 145//1433
f 145//1434 947//1434 143//1434
f 434//1435 948//1435 431//1435
f 431//1436 948//1436 946//1436
f 947//1437 949//1437 143//1437
f 143//1438 949//1438 141//1438
f 438//1439 950//1439 435//1439
f 435//1440 950//1440 434//1440
f 434//1441 950//1441 948//1441
f 949//1442 951//1442 141//1442
f 141//1443 951//1443 139//1443
f 438//1444 952//1444 950//1444
f 951//1445 953//1445 139//1445
f 139//1446 953//1446 138//1446
f 439//1447 954//1447 438//1447
f 438//1448 954//1448 952//1448
f 953//1449 955//1449 138//1449
f 138//1450 955//1450 135//1450
f 439//1451 956//1451 954//1451
f 444//1452 956//1452 442//1452
f 442//1453 956//1453 439//1453
f 955//1454 957//1454 135//1454
f 135//1455 957//1455 134//1455
f 444//1456 958//1456 956//1456
f 957//1457 959//1457 134//1457
f 134//1458 959//1458 131//1458
f 446//1459 960//1459 444//1459
f 444//1460 960//1460 958//1460
f 131//1461 961//1461 130//1461
f 959//1462 961//1462 131//1462
f 447//1463 962//1463 446//1463
f 446//1464 962//1464 960//1464
f 961//1465 963//1465 130//1465
f 130//1466 963//1466 127//1466
f 447//1467 964//1467 962//1467
f 450//1468 964//1468 447//1468
f 963//1469 965//1469 127//1469
f 127//1470 965//1470 125//1470
f 452//1471 966//1471 450//1471
f 450//1472 966//1472 964//1472
f 965//1473 967//1473 125//1473
f 125//1474 967//1474 123//1474
f 456//1475 968//1475 454//1475
f 454//1476 968//1476 452//1476
f 452//1477 968//1477 966//1477
f 967//1478 969//1478 123//1478
f 123//1479 969//1479 121//1479
f 456//1480 970//1480 968//1480
f 969//1481 971//1481 121//1481
f 121//1482 971//1482 119//1482
f 1//1483 972//1483 458//1483
f 458//1484 972//1484 456//1484
f 456//1485 972//1485 970//1485
f 971//1486 973//1486 119//1486
f 119//1487 973//1487 117//1487
f 3//1488 974//1488 1//1488
f 1//1489 974//1489 972//1489
f 973//1490 975//1490 117//1490
f 117//1491 975//1491 115//1491
f 3//1492 976//1492 974//1492
f 975//1493 977//1493 115//1493
f 115//1494 977//1494 113//1494
f 113//1495 977//1495 111//1495
f 3//1496 978//1496 976//1496
f 7//1497 978//1497 5//1497
f 5//1498 978//1498 3//1498
f 977//1499 979//1499 111//1499
f 7//1500 980//1500 978//1500
f 111//1501 981//1501 109//1501
f 979//1502 981//1502 111//1502
f 11//1503 982//1503 9//1503
f 9//1504 982//1504 7//1504
f 7//1505 982//1505 980//1505
f 109//1506 983//1506 107//1506
f 981//1507 983//1507 109//1507
f 11//1508 984//1508 982//1508
f 107//1509 985//1509 105//1509
f 983//1510 985//1510 107//1510
f 15//1511 986//1511 13//1511
f 13//1512 986//1512 11//1512
f 11//1513 986//1513 984//1513
f 105//1514 987//1514 103//1514
f 985//1515 987//1515 105//1515
f 15//1516 988//1516 986//1516
f 103//1517 989//1517 101//1517
f 987//1518 989//1518 103//1518
f 15//1519 990//1519 988//1519
f 19//1520 990//1520 17//1520
f 17//1521 990//1521 15//1521
f 101//1522 991//1522 99//1522
f 99//1523 991//1523 97//1523
f 989//1524 991//1524 101//1524
f 19//1525 992//1525 990//1525
f 991//1526 993//1526 97//1526
f 23//1527 994//1527 21//1527
f 21//1528 994//1528 19//1528
f 19//1529 994//1529 992//1529
f 97//1530 995//1530 95//1530
f 993//1531 995//1531 97//1531
f 25//1532 996//1532 23//1532
f 23//1533 996//1533 994//1533
f 95//1534 997//1534 93//1534
f 995//1535 997//1535 95//1535
f 25//1536 998//1536 996//1536
f 93//1537 999//1537 91//1537
f 997//1538 999//1538 93//1538
f 25//1539 1000//1539 998//1539
f 29//1540 1000//1540 27//1540
f 27//1541 1000//1541 25//1541
f 91//1542 1001//1542 89//1542
f 999//1543 1001//1543 91//1543
f 29//1544 1002//1544 1000//1544
f 89//1545 1003//1545 87//1545
f 87//1546 1003//1546 85//1546
f 1001//1547 1003//1547 89//1547
f 29//1548 1004//1548 1002//1548
f 33//1549 1004//1549 31//1549
f 31//1550 1004//1550 29//1550
f 1003//1551 1005//1551 85//1551
f 33//1552 1006//1552 1004//1552
f 1005//1553 1007//1553 85//1553
f 85//1554 1007//1554 83//1554
f 83//1555 1007//1555 81//1555
f 33//1556 1008//1556 1006//1556
f 37//1557 1008//1557 35//1557
f 35//1558 1008//1558 33//1558
f 1007//1559 1009//1559 81//1559
f 37//1560 1010//1560 1008//1560
f 81//1561 1011//1561 79//1561
f 1009//1562 1011//1562 81//1562
f 37//1563 1012//1563 1010//1563
f 39//1564 1012//1564 37//1564
f 79//1565 1013//1565 77//1565
f 77//1566 1013//1566 75//1566
f 1011//1567 1013//1567 79//1567
f 39//1568 1014//1568 1012//1568
f 41//1569 1014//1569 39//1569
f 1013//1570 1015//1570 75//1570
f 41//1571 1016//1571 1014//1571
f 43//1572 1016//1572 41//1572
f 75//1573 1017//1573 73//1573
f 73//1574 1017//1574 71//1574
f 1015//1575 1017//1575 75//1575
f 47//1576 1018//1576 45//1576
f 45//1577 1018//1577 43//1577
f 43//1578 1018//1578 1016//1578
f 1017//1579 1019//1579 71//1579
f 47//1580 1020//1580 1018//1580
f 71//1581 1021//1581 69//1581
f 1019//1582 1021//1582 71//1582
f 47//1583 1022//1583 1020//1583
f 49//1584 1022//1584 47//1584
f 69//1585 1023//1585 67//1585
f 1021//1586 1023//1586 69//1586
f 49//1587 1024//1587 1022//1587
f 51//1588 1024//1588 49//1588
f 67//1589 1025//1589 65//1589
f 1023//1590 1025//1590 67//1590
f 55//1591 1026//1591 53//1591
f 51//1592 1026//1592 1024//1592
f 53//1593 1026//1593 51//1593
f 65//1594 1027//1594 63//1594
f 1025//1595 1027//1595 65//1595
f 55//1596 1028//1596 1026//1596
f 63//1597 1029//1597 61//1597
f 61//1598 1029//1598 59//1598
f 1027//1599 1029//1599 63//1599
f 57//1600 1030//1600 55//1600
f 55//1601 1030//1601 1028//1601
f 59//1602 1031//1602 57//1602
f 57//1603 1031//1603 1030//1603
f 1029//1604 1031//1604 59//1604
f 464//1605 1032//1605 465//1605
f 465//1606 1033//1606 467//1606
f 1032//1607 1033//1607 465//1607
f 463//1608 1034//1608 464//1608
f 464//1609 1034//1609 1032//1609
f 1033//1610 1035//1610 467//1610
f 467//1611 1035//1611 468//1611
f 463//1612 1036//1612 1034//1612
f 802//1613 1036//1613 463//1613
f 1035//1614 1037//1614 468//1614
f 468//1615 1037//1615 470//1615
f 802//1616 1038//1616 1036//1616
f 459//1617 1038//1617 802//1617
f 1037//1618 1039//1618 470//1618
f 470//1619 1039//1619 471//1619
f 459//1620 1040//1620 1038//1620
f 801//1621 1040//1621 459//1621
f 471//1622 1041//1622 474//1622
f 1039//1623 1041//1623 471//1623
f 801//1624 1042//1624 1040//1624
f 800//1625 1042//1625 801//1625
f 474//1626 1043//1626 475//1626
f 475//1627 1043//1627 477//1627
f 477//1628 1043//1628 478//1628
f 478//1629 1043//1629 480//1629
f 1041//1630 1043//1630 474//1630
f 800//1631 1044//1631 1042//1631
f 799//1632 1044//1632 800//1632
f 799//1633 1045//1633 1044//1633
f 797//1634 1045//1634 799//1634
f 796//1635 1046//1635 797//1635
f 797//1636 1046//1636 1045//1636
f 794//1637 1047//1637 796//1637
f 796//1638 1047//1638 1046//1638
f 793//1639 1048//1639 794//1639
f 794//1640 1048//1640 1047//1640
f 791//1641 1049//1641 793//1641
f 793//1642 1049//1642 1048//1642
f 791//1643 1050//1643 1049//1643
f 790//1644 1050//1644 791//1644
f 1043//1645 1051//1645 480//1645
f 480//1646 1051//1646 481//1646
f 481//1647 1051//1647 483//1647
f 483//1648 1051//1648 484//1648
f 484//1649 1051//1649 488//1649
f 788//1650 1052//1650 790//1650
f 790//1651 1052//1651 1050//1651
f 1051//1652 1053//1652 488//1652
f 488//1653 1053//1653 489//1653
f 787//1654 1054//1654 788//1654
f 788//1655 1054//1655 1052//1655
f 489//1656 1055//1656 491//1656
f 1053//1657 1055//1657 489//1657
f 785//1658 1056//1658 787//1658
f 787//1659 1056//1659 1054//1659
f 1055//1660 1057//1660 491//1660
f 784//1661 1058//1661 785//1661
f 785//1662 1058//1662 1056//1662
f 491//1663 1059//1663 492//1663
f 1057//1664 1059//1664 491//1664
f 784//1665 1060//1665 1058//1665
f 782//1666 1060//1666 784//1666
f 492//1667 1061//1667 494//1667
f 1059//1668 1061//1668 492//1668
f 782//1669 1062//1669 1060//1669
f 781//1670 1062//1670 782//1670
f 494//1671 1063//1671 495//1671
f 1061//1672 1063//1672 494//1672
f 779//1673 1064//1673 781//1673
f 781//1674 1064//1674 1062//1674
f 495//1675 1065//1675 497//1675
f 1063//1676 1065//1676 495//1676
f 779//1677 1066//1677 1064//1677
f 778//1678 1066//1678 779//1678
f 1065//1679 1067//1679 497//1679
f 497//1680 1067//1680 498//1680
f 776//1681 1068//1681 778//1681
f 778//1682 1068//1682 1066//1682
f 498//1683 1069//1683 500//1683
f 1067//1684 1069//1684 498//1684
f 775//1685 1070//1685 776//1685
f 776//1686 1070//1686 1068//1686
f 1069//1687 1071//1687 500//1687
f 500//1688 1071//1688 501//1688
f 773//1689 1072//1689 775//1689
f 775//1690 1072//1690 1070//1690
f 1071//1691 1073//1691 501//1691
f 501//1692 1073//1692 503//1692
f 772//1693 1074//1693 773//1693
f 773//1694 1074//1694 1072//1694
f 503//1695 1075//1695 504//1695
f 1073//1696 1075//1696 503//1696
f 770//1697 1076//1697 772//1697
f 772//1698 1076//1698 1074//1698
f 1075//1699 1077//1699 504//1699
f 504//1700 1077//1700 506//1700
f 506//1701 1077//1701 507//1701
f 507//1702 1077//1702 508//1702
f 508//1703 1077//1703 510//1703
f 769//1704 1078//1704 770//1704
f 770//1705 1078//1705 1076//1705
f 767//1706 1079//1706 769//1706
f 769//1707 1079//1707 1078//1707
f 764//1708 1080//1708 766//1708
f 766//1709 1080//1709 767//1709
f 767//1710 1080//1710 1079//1710
f 764//1711 1081//1711 1080//1711
f 762//1712 1081//1712 764//1712
f 761//1713 1082//1713 762//1713
f 762//1714 1082//1714 1081//1714
f 759//1715 1083//1715 761//1715
f 761//1716 1083//1716 1082//1716
f 1077//1717 1084//1717 510//1717
f 510//1718 1084//1718 511//1718
f 511//1719 1084//1719 513//1719
f 513//1720 1084//1720 514//1720
f 758//1721 1085//1721 759//1721
f 759//1722 1085//1722 1083//1722
f 1084//1723 1086//1723 514//1723
f 514//1724 1086//1724 516//1724
f 756//1725 1087//1725 758//1725
f 758//1726 1087//1726 1085//1726
f 1086//1727 1088//1727 516//1727
f 516//1728 1088//1728 517//1728
f 755//1729 1089//1729 756//1729
f 756//1730 1089//1730 1087//1730
f 517//1731 1090//1731 519//1731
f 1088//1732 1090//1732 517//1732
f 753//1733 1091//1733 755//1733
f 755//1734 1091//1734 1089//1734
f 1090//1735 1092//1735 519//1735
f 519//1736 1092//1736 520//1736
f 752//1737 1093//1737 753//1737
f 753//1738 1093//1738 1091//1738
f 520//1739 1094//1739 522//1739
f 1092//1740 1094//1740 520//1740
f 750//1741 1095//1741 752//1741
f 752//1742 1095//1742 1093//1742
f 1094//1743 1096//1743 522//1743
f 522//1744 1096//1744 524//1744
f 750//1745 1097//1745 1095//1745
f 749//1746 1097//1746 750//1746
f 1096//1747 1098//1747 524//1747
f 524//1748 1098//1748 525//1748
f 747//1749 1099//1749 749//1749
f 749//1750 1099//1750 1097//1750
f 1098//1751 1100//1751 525//1751
f 525//1752 1100//1752 526//1752
f 746//1753 1101//1753 747//1753
f 747//1754 1101//1754 1099//1754
f 1100//1755 1102//1755 526//1755
f 526//1756 1102//1756 528//1756
f 744//1757 1103//1757 746//1757
f 746//1758 1103//1758 1101//1758
f 1102//1759 1104//1759 528//1759
f 528//1760 1104//1760 529//1760
f 743//1761 1105//1761 744//1761
f 744//1762 1105//1762 1103//1762
f 1104//1763 1106//1763 529//1763
f 529//1764 1106//1764 531//1764
f 743//1765 1107//1765 1105//1765
f 741//1766 1107//1766 743//1766
f 1106//1767 1108//1767 531//1767
f 531//1768 1108//1768 532//1768
f 741//1769 1109//1769 1107//1769
f 740//1770 1109//1770 741//1770
f 1108//1771 1110//1771 532//1771
f 532//1772 1110//1772 534//1772
f 534//1773 1110//1773 535//1773
f 1110//1774 537//1774 535//1774
f 740//1775 1111//1775 1109//1775
f 738//1776 1111//1776 740//1776
f 738//1777 1112//1777 1111//1777
f 736//1778 1112//1778 738//1778
f 1110//1779 539//1779 537//1779
f 736//1780 1113//1780 1112//1780
f 735//1781 1113//1781 736//1781
f 735//1782 1114//1782 1113//1782
f 733//1783 1114//1783 735//1783
f 733//1784 1115//1784 1114//1784
f 732//1785 1115//1785 733//1785
f 731//1786 1116//1786 732//1786
f 732//1787 1116//1787 1115//1787
f 731//1788 1117//1788 1116//1788
f 731//1789 729//1789 1117//1789
f 1110//1790 1118//1790 539//1790
f 539//1791 1118//1791 540//1791
f 540//1792 1118//1792 541//1792
f 541//1793 1118//1793 543//1793
f 543//1794 1118//1794 544//1794
f 729//1795 1119//1795 1117//1795
f 1118//1796 1120//1796 544//1796
f 544//1797 1120//1797 546//1797
f 729//1798 727//1798 1119//1798
f 727//1799 1121//1799 1119//1799
f 1120//1800 1122//1800 546//1800
f 1122//1801 548//1801 546//1801
f 727//1802 726//1802 1121//1802
f 726//1803 1123//1803 1121//1803
f 1122//1804 1124//1804 548//1804
f 1124//1805 549//1805 548//1805
f 726//1806 724//1806 1123//1806
f 724//1807 1125//1807 1123//1807
f 1124//1808 1126//1808 549//1808
f 1126//1809 551//1809 549//1809
f 724//1810 723//1810 1125//1810
f 723//1811 1127//1811 1125//1811
f 1126//1812 1128//1812 551//1812
f 1128//1813 552//1813 551//1813
f 723//1814 722//1814 1127//1814
f 722//1815 1129//1815 1127//1815
f 1128//1816 1130//1816 552//1816
f 1130//1817 554//1817 552//1817
f 1130//1818 1131//1818 554//1818
f 722//1819 720//1819 1129//1819
f 1129//1820 720//1820 1132//1820
f 1131//1821 555//1821 554//1821
f 1131//1822 1133//1822 555//1822
f 1132//1823 719//1823 1134//1823
f 720//1824 719//1824 1132//1824
f 1133//1825 557//1825 555//1825
f 1135//1826 557//1826 1133//1826
f 1134//1827 717//1827 1136//1827
f 719//1828 717//1828 1134//1828
f 1135//1829 558//1829 557//1829
f 1137//1830 558//1830 1135//1830
f 1136//1831 715//1831 1138//1831
f 717//1832 715//1832 1136//1832
f 1137//1833 560//1833 558//1833
f 1139//1834 560//1834 1137//1834
f 1138//1835 714//1835 1140//1835
f 715//1836 714//1836 1138//1836
f 1139//1837 561//1837 560//1837
f 1141//1838 561//1838 1139//1838
f 1140//1839 712//1839 1142//1839
f 714//1840 712//1840 1140//1840
f 1143//1841 563//1841 1141//1841
f 1141//1842 563//1842 561//1842
f 712//1843 711//1843 1142//1843
f 1143//1844 564//1844 563//1844
f 1144//1845 564//1845 1143//1845
f 711//1846 710//1846 1142//1846
f 1144//1847 566//1847 564//1847
f 1145//1848 566//1848 1144//1848
f 710//1849 708//1849 1142//1849
f 1145//1850 567//1850 566//1850
f 1146//1851 567//1851 1145//1851
f 708//1852 706//1852 1142//1852
f 1146//1853 569//1853 567//1853
f 1147//1854 569//1854 1146//1854
f 706//1855 1148//1855 1142//1855
f 705//1856 1148//1856 706//1856
f 1149//1857 570//1857 1147//1857
f 1147//1858 570//1858 569//1858
f 705//1859 703//1859 1148//1859
f 1150//1860 572//1860 1149//1860
f 1149//1861 572//1861 570//1861
f 703//1862 702//1862 1148//1862
f 1151//1863 573//1863 1150//1863
f 1150//1864 573//1864 572//1864
f 702//1865 700//1865 1148//1865
f 1148//1866 700//1866 1152//1866
f 1153//1867 575//1867 1151//1867
f 1151//1868 575//1868 573//1868
f 1152//1869 699//1869 1154//1869
f 700//1870 699//1870 1152//1870
f 1155//1871 576//1871 1153//1871
f 1153//1872 576//1872 575//1872
f 1156//1873 697//1873 1157//1873
f 1154//1874 697//1874 1156//1874
f 699//1875 697//1875 1154//1875
f 1158//1876 578//1876 1155//1876
f 1155//1877 578//1877 576//1877
f 1157//1878 696//1878 1159//1878
f 697//1879 696//1879 1157//1879
f 1160//1880 579//1880 1158//1880
f 1158//1881 579//1881 578//1881
f 1159//1882 695//1882 1161//1882
f 696//1883 695//1883 1159//1883
f 1162//1884 581//1884 1160//1884
f 1160//1885 581//1885 579//1885
f 1161//1886 693//1886 1163//1886
f 695//1887 693//1887 1161//1887
f 1164//1888 582//1888 1162//1888
f 1162//1889 582//1889 581//1889
f 1163//1890 692//1890 1165//1890
f 693//1891 692//1891 1163//1891
f 1164//1892 584//1892 582//1892
f 1166//1893 584//1893 1164//1893
f 692//1894 690//1894 1165//1894
f 1165//1895 690//1895 1167//1895
f 1168//1896 585//1896 1166//1896
f 1166//1897 585//1897 584//1897
f 690//1898 689//1898 1167//1898
f 1167//1899 689//1899 1169//1899
f 1170//1900 587//1900 1168//1900
f 1168//1901 587//1901 585//1901
f 689//1902 687//1902 1169//1902
f 1169//1903 687//1903 1171//1903
f 1172//1904 588//1904 1170//1904
f 1170//1905 588//1905 587//1905
f 687//1906 686//1906 1171//1906
f 1171//1907 686//1907 1173//1907
f 1174//1908 590//1908 1172//1908
f 1172//1909 590//1909 588//1909
f 1173//1910 684//1910 1175//1910
f 686//1911 684//1911 1173//1911
f 1176//1912 591//1912 1174//1912
f 1174//1913 591//1913 590//1913
f 684//1914 683//1914 1175//1914
f 1177//1915 593//1915 1176//1915
f 1176//1916 593//1916 591//1916
f 683//1917 681//1917 1175//1917
f 1178//1918 594//1918 1177//1918
f 1177//1919 594//1919 593//1919
f 681//1920 680//1920 1175//1920
f 1179//1921 485//1921 1178//1921
f 1180//1922 485//1922 1179//1922
f 1178//1923 485//1923 594//1923
f 1175//1924 678//1924 1181//1924
f 680//1925 678//1925 1175//1925
f 1180//1926 486//1926 485//1926
f 1182//1927 486//1927 1180//1927
f 678//1928 677//1928 1181//1928
f 1183//1929 596//1929 1182//1929
f 1182//1930 596//1930 486//1930
f 677//1931 675//1931 1181//1931
f 1183//1932 597//1932 596//1932
f 1184//1933 597//1933 1183//1933
f 675//1934 674//1934 1181//1934
f 1181//1935 674//1935 1185//1935
f 1184//1936 599//1936 597//1936
f 1186//1937 599//1937 1184//1937
f 674//1938 672//1938 1185//1938
f 1185//1939 672//1939 1187//1939
f 1188//1940 600//1940 1186//1940
f 1186//1941 600//1941 599//1941
f 672//1942 671//1942 1187//1942
f 1187//1943 671//1943 1189//1943
f 1190//1944 602//1944 1188//1944
f 1188//1945 602//1945 600//1945
f 671//1946 669//1946 1189//1946
f 1189//1947 669//1947 1191//1947
f 1192//1948 603//1948 1190//1948
f 1190//1949 603//1949 602//1949
f 669//1950 668//1950 1191//1950
f 1191//1951 668//1951 1193//1951
f 1194//1952 605//1952 1192//1952
f 1192//1953 605//1953 603//1953
f 668//1954 666//1954 1193//1954
f 1193//1955 666//1955 1195//1955
f 1196//1956 606//1956 1194//1956
f 1194//1957 606//1957 605//1957
f 666//1958 665//1958 1195//1958
f 1195//1959 665//1959 1197//1959
f 1198//1960 608//1960 1196//1960
f 1196//1961 608//1961 606//1961
f 665//1962 663//1962 1197//1962
f 1197//1963 663//1963 1199//1963
f 1200//1964 609//1964 1198//1964
f 1198//1965 609//1965 608//1965
f 663//1966 662//1966 1199//1966
f 1199//1967 662//1967 1201//1967
f 1200//1968 611//1968 609//1968
f 1202//1969 611//1969 1200//1969
f 662//1970 660//1970 1201//1970
f 1201//1971 660//1971 1203//1971
f 1204//1972 612//1972 1202//1972
f 1202//1973 612//1973 611//1973
f 660//1974 659//1974 1203//1974
f 1203//1975 659//1975 1205//1975
f 1206//1976 614//1976 1204//1976
f 1204//1977 614//1977 612//1977
f 659//1978 657//1978 1205//1978
f 1205//1979 657//1979 1207//1979
f 1206//1980 615//1980 614//1980
f 1208//1981 615//1981 1206//1981
f 657//1982 656//1982 1207//1982
f 1207//1983 656//1983 1209//1983
f 1210//1984 617//1984 1208//1984
f 1208//1985 617//1985 615//1985
f 656//1986 654//1986 1209//1986
f 1211//1987 618//1987 1210//1987
f 1210//1988 618//1988 617//1988
f 654//1989 653//1989 1209//1989
f 1211//1990 620//1990 618//1990
f 1212//1991 620//1991 1211//1991
f 653//1992 651//1992 1209//1992
f 1213//1993 621//1993 1212//1993
f 1212//1994 621//1994 620//1994
f 651//1995 650//1995 1209//1995
f 1209//1996 650//1996 1214//1996
f 1215//1997 623//1997 1213//1997
f 1213//1998 623//1998 621//1998
f 650//1999 648//1999 1214//1999
f 1215//2000 624//2000 623//2000
f 1216//2001 624//2001 1215//2001
f 648//2002 647//2002 1214//2002
f 1216//2003 626//2003 624//2003
f 1217//2004 626//2004 1216//2004
f 647//2005 645//2005 1214//2005
f 1218//2006 627//2006 1217//2006
f 1217//2007 627//2007 626//2007
f 645//2008 644//2008 1214//2008
f 1214//2009 644//2009 1219//2009
f 1220//2010 629//2010 1218//2010
f 1218//2011 629//2011 627//2011
f 1219//2012 642//2012 1221//2012
f 644//2013 642//2013 1219//2013
f 1220//2014 630//2014 629//2014
f 1222//2015 630//2015 1220//2015
f 1221//2016 641//2016 1223//2016
f 642//2017 641//2017 1221//2017
f 1224//2018 632//2018 1222//2018
f 1222//2019 632//2019 630//2019
f 1223//2020 639//2020 1225//2020
f 641//2021 639//2021 1223//2021
f 1226//2022 633//2022 1224//2022
f 1224//2023 633//2023 632//2023
f 1225//2024 638//2024 1227//2024
f 639//2025 638//2025 1225//2025
f 1228//2026 635//2026 1226//2026
f 1226//2027 635//2027 633//2027
f 1227//2028 636//2028 1228//2028
f 638//2029 636//2029 1227//2029
f 1228//2030 636//2030 635//2030
f 1077//2031 1175//2031 1084//2031
f 1084//2032 1175//2032 1181//2032
f 1148//2033 1051//2033 1142//2033
f 1110//2034 1209//2034 1118//2034
f 1118//2035 1209//2035 1214//2035
f 1043//2036 1142//2036 1051//2036
f 974//2037 976//2037 1229//2037
f 1229//2038 976//2038 1230//2038
f 1230//2039 978//2039 1231//2039
f 976//2040 978//2040 1230//2040
f 1231//2041 980//2041 1232//2041
f 978//2042 980//2042 1231//2042
f 1232//2043 982//2043 1233//2043
f 980//2044 982//2044 1232//2044
f 1233//2045 984//2045 1234//2045
f 982//2046 984//2046 1233//2046
f 1234//2047 986//2047 1235//2047
f 984//2048 986//2048 1234//2048
f 1235//2049 988//2049 1236//2049
f 986//2050 988//2050 1235//2050
f 1236//2051 990//2051 1237//2051
f 988//2052 990//2052 1236//2052
f 1237//2053 992//2053 1238//2053
f 990//2054 992//2054 1237//2054
f 992//2055 994//2055 1238//2055
f 1238//2056 994//2056 1239//2056
f 1239//2057 994//2057 1240//2057
f 994//2058 996//2058 1240//2058
f 996//2059 998//2059 1240//2059
f 1240//2060 998//2060 1241//2060
f 1241//2061 998//2061 1242//2061
f 998//2062 1000//2062 1242//2062
f 1242//2063 1002//2063 1243//2063
f 1243//2064 1002//2064 1244//2064
f 1000//2065 1002//2065 1242//2065
f 1002//2066 1004//2066 1244//2066
f 1244//2067 1006//2067 1245//2067
f 1245//2068 1006//2068 1246//2068
f 1004//2069 1006//2069 1244//2069
f 1006//2070 1008//2070 1246//2070
f 1008//2071 1010//2071 1246//2071
f 1246//2072 1010//2072 1247//2072
f 1247//2073 1010//2073 1248//2073
f 1248//2074 1012//2074 1249//2074
f 1010//2075 1012//2075 1248//2075
f 1012//2076 1014//2076 1249//2076
f 1249//2077 1016//2077 1250//2077
f 1014//2078 1016//2078 1249//2078
f 1250//2079 1018//2079 1251//2079
f 1016//2080 1018//2080 1250//2080
f 1251//2081 1020//2081 1252//2081
f 1252//2082 1020//2082 1253//2082
f 1018//2083 1020//2083 1251//2083
f 1020//2084 1022//2084 1253//2084
f 1253//2085 1024//2085 1254//2085
f 1022//2086 1024//2086 1253//2086
f 1254//2087 1026//2087 1255//2087
f 1255//2088 1026//2088 1256//2088
f 1024//2089 1026//2089 1254//2089
f 1256//2090 1028//2090 1257//2090
f 1026//2091 1028//2091 1256//2091
f 1028//2092 1030//2092 1257//2092
f 1257//2093 1031//2093 1258//2093
f 1030//2094 1031//2094 1257//2094
f 1258//2095 1029//2095 1259//2095
f 1259//2096 1029//2096 1260//2096
f 1031//2097 1029//2097 1258//2097
f 1029//2098 1027//2098 1260//2098
f 1260//2099 1025//2099 1261//2099
f 1261//2100 1025//2100 1262//2100
f 1027//2101 1025//2101 1260//2101
f 1262//2102 1023//2102 1263//2102
f 1025//2103 1023//2103 1262//2103
f 1023//2104 1021//2104 1263//2104
f 1021//2105 1019//2105 1263//2105
f 1263//2106 1019//2106 1264//2106
f 1264//2107 1019//2107 1265//2107
f 1019//2108 1017//2108 1265//2108
f 1017//2109 1015//2109 1265//2109
f 1265//2110 1015//2110 1266//2110
f 1015//2111 1013//2111 1266//2111
f 1266//2112 1013//2112 1267//2112
f 1013//2113 1011//2113 1267//2113
f 1267//2114 1011//2114 1268//2114
f 1268//2115 1011//2115 1269//2115
f 1011//2116 1009//2116 1269//2116
f 1009//2117 1007//2117 1269//2117
f 1269//2118 1007//2118 1270//2118
f 1007//2119 1005//2119 1270//2119
f 1270//2120 1005//2120 1271//2120
f 1005//2121 1003//2121 1271//2121
f 1271//2122 1003//2122 1272//2122
f 1272//2123 1003//2123 1273//2123
f 1003//2124 1001//2124 1273//2124
f 1001//2125 999//2125 1273//2125
f 1273//2126 999//2126 1274//2126
f 999//2127 997//2127 1274//2127
f 1274//2128 997//2128 1275//2128
f 997//2129 995//2129 1275//2129
f 1275//2130 995//2130 1276//2130
f 1276//2131 995//2131 1277//2131
f 1277//2132 993//2132 1278//2132
f 995//2133 993//2133 1277//2133
f 993//2134 991//2134 1278//2134
f 1278//2135 989//2135 1279//2135
f 991//2136 989//2136 1278//2136
f 1279//2137 987//2137 1280//2137
f 989//2138 987//2138 1279//2138
f 1280//2139 985//2139 1281//2139
f 1281//2140 985//2140 1282//2140
f 987//2141 985//2141 1280//2141
f 985//2142 983//2142 1282//2142
f 1282//2143 981//2143 1283//2143
f 983//2144 981//2144 1282//2144
f 1283//2145 979//2145 1284//2145
f 981//2146 979//2146 1283//2146
f 1284//2147 977//2147 1285//2147
f 979//2148 977//2148 1284//2148
f 1285//2149 975//2149 1286//2149
f 1286//2150 975//2150 1287//2150
f 977//2151 975//2151 1285//2151
f 975//2152 973//2152 1287//2152
f 1287//2153 971//2153 1288//2153
f 1288//2154 971//2154 1289//2154
f 973//2155 971//2155 1287//2155
f 971//2156 969//2156 1289//2156
f 969//2157 967//2157 1289//2157
f 1289//2158 967//2158 1290//2158
f 1290//2159 967//2159 1291//2159
f 967//2160 965//2160 1291//2160
f 965//2161 963//2161 1291//2161
f 1291//2162 963//2162 1292//2162
f 1292//2163 963//2163 1293//2163
f 963//2164 961//2164 1293//2164
f 961//2165 959//2165 1293//2165
f 1293//2166 959//2166 1294//2166
f 959//2167 957//2167 1294//2167
f 1294//2168 957//2168 1295//2168
f 957//2169 955//2169 1295//2169
f 1295//2170 955//2170 1296//2170
f 955//2171 953//2171 1296//2171
f 1296//2172 953//2172 1297//2172
f 1297//2173 953//2173 1298//2173
f 953//2174 951//2174 1298//2174
f 951//2175 949//2175 1298//2175
f 1298//2176 949//2176 1299//2176
f 1299//2177 949//2177 1300//2177
f 949//2178 947//2178 1300//2178
f 947//2179 945//2179 1300//2179
f 1300//2180 945//2180 1301//2180
f 945//2181 943//2181 1301//2181
f 1301//2182 943//2182 1302//2182
f 943//2183 941//2183 1302//2183
f 1302//2184 941//2184 1303//2184
f 941//2185 939//2185 1303//2185
f 1303//2186 939//2186 1304//2186
f 939//2187 937//2187 1304//2187
f 1304//2188 937//2188 1305//2188
f 937//2189 935//2189 1305//2189
f 1305//2190 935//2190 1306//2190
f 935//2191 933//2191 1306//2191
f 1306//2192 933//2192 1307//2192
f 933//2193 931//2193 1307//2193
f 1307//2194 931//2194 1308//2194
f 931//2195 929//2195 1308//2195
f 1308//2196 929//2196 1309//2196
f 929//2197 927//2197 1309//2197
f 1309//2198 927//2198 1310//2198
f 1310//2199 925//2199 1311//2199
f 927//2200 925//2200 1310//2200
f 1311//2201 923//2201 1312//2201
f 925//2202 923//2202 1311//2202
f 1312//2203 921//2203 1313//2203
f 923//2204 921//2204 1312//2204
f 1313//2205 919//2205 1314//2205
f 921//2206 919//2206 1313//2206
f 919//2207 917//2207 1314//2207
f 1314//2208 917//2208 1315//2208
f 917//2209 915//2209 1315//2209
f 1315//2210 915//2210 1316//2210
f 915//2211 913//2211 1316//2211
f 1316//2212 913//2212 1317//2212
f 913//2213 911//2213 1317//2213
f 1317//2214 911//2214 1318//2214
f 911//2215 908//2215 1318//2215
f 1318//2216 908//2216 1319//2216
f 908//2217 905//2217 1319//2217
f 1319//2218 905//2218 1320//2218
f 905//2219 906//2219 1320//2219
f 1320//2220 906//2220 1321//2220
f 906//2221 903//2221 1321//2221
f 1321//2222 903//2222 1322//2222
f 903//2223 901//2223 1322//2223
f 1322//2224 901//2224 1323//2224
f 901//2225 899//2225 1323//2225
f 1323//2226 899//2226 1324//2226
f 899//2227 896//2227 1324//2227
f 1324//2228 896//2228 1325//2228
f 1325//2229 896//2229 1326//2229
f 896//2230 894//2230 1326//2230
f 894//2231 892//2231 1326//2231
f 1326//2232 892//2232 1327//2232
f 1328//2233 890//2233 1329//2233
f 892//2234 890//2234 1327//2234
f 1327//2235 890//2235 1328//2235
f 890//2236 889//2236 1329//2236
f 1329//2237 887//2237 1330//2237
f 889//2238 887//2238 1329//2238
f 1330//2239 884//2239 1331//2239
f 887//2240 884//2240 1330//2240
f 1331//2241 882//2241 1332//2241
f 884//2242 882//2242 1331//2242
f 1332//2243 879//2243 1333//2243
f 882//2244 879//2244 1332//2244
f 1333//2245 880//2245 1334//2245
f 879//2246 880//2246 1333//2246
f 1334//2247 876//2247 1335//2247
f 880//2248 876//2248 1334//2248
f 1335//2249 874//2249 1336//2249
f 1336//2250 874//2250 1337//2250
f 876//2251 874//2251 1335//2251
f 874//2252 872//2252 1337//2252
f 1337//2253 869//2253 1338//2253
f 872//2254 869//2254 1337//2254
f 1338//2255 870//2255 1339//2255
f 869//2256 870//2256 1338//2256
f 870//2257 866//2257 1339//2257
f 1339//2258 866//2258 1340//2258
f 1340//2259 866//2259 1341//2259
f 866//2260 864//2260 1341//2260
f 864//2261 862//2261 1341//2261
f 1341//2262 862//2262 1342//2262
f 1342//2263 860//2263 1343//2263
f 862//2264 860//2264 1342//2264
f 1343//2265 860//2265 1344//2265
f 860//2266 857//2266 1344//2266
f 1344//2267 858//2267 1345//2267
f 1345//2268 858//2268 1346//2268
f 857//2269 858//2269 1344//2269
f 1346//2270 853//2270 1347//2270
f 858//2271 853//2271 1346//2271
f 1347//2272 854//2272 1348//2272
f 853//2273 854//2273 1347//2273
f 854//2274 850//2274 1348//2274
f 1348//2275 848//2275 1349//2275
f 1349//2276 848//2276 1350//2276
f 850//2277 848//2277 1348//2277
f 1350//2278 846//2278 1351//2278
f 848//2279 846//2279 1350//2279
f 1351//2280 844//2280 1352//2280
f 846//2281 844//2281 1351//2281
f 844//2282 842//2282 1352//2282
f 1352//2283 840//2283 1353//2283
f 1353//2284 840//2284 1354//2284
f 842//2285 840//2285 1352//2285
f 1354//2286 838//2286 1355//2286
f 840//2287 838//2287 1354//2287
f 838//2288 836//2288 1355//2288
f 1355//2289 834//2289 1356//2289
f 1356//2290 834//2290 1357//2290
f 836//2291 834//2291 1355//2291
f 1357//2292 832//2292 1358//2292
f 834//2293 832//2293 1357//2293
f 1358//2294 830//2294 1359//2294
f 832//2295 830//2295 1358//2295
f 830//2296 828//2296 1359//2296
f 1359//2297 826//2297 1360//2297
f 1360//2298 826//2298 1361//2298
f 828//2299 826//2299 1359//2299
f 1361//2300 824//2300 1362//2300
f 826//2301 824//2301 1361//2301
f 824//2302 822//2302 1362//2302
f 1362//2303 820//2303 1363//2303
f 1363//2304 820//2304 1364//2304
f 822//2305 820//2305 1362//2305
f 1364//2306 818//2306 1365//2306
f 820//2307 818//2307 1364//2307
f 1365//2308 816//2308 1366//2308
f 818//2309 816//2309 1365//2309
f 816//2310 814//2310 1366//2310
f 814//2311 812//2311 1366//2311
f 1366//2312 812//2312 1367//2312
f 1367//2313 812//2313 1368//2313
f 812//2314 810//2314 1368//2314
f 810//2315 808//2315 1368//2315
f 1368//2316 808//2316 1369//2316
f 1369//2317 808//2317 1370//2317
f 808//2318 806//2318 1370//2318
f 1370//2319 806//2319 1371//2319
f 806//2320 803//2320 1371//2320
f 803//2321 804//2321 1371//2321
f 1371//2322 804//2322 1372//2322
f 1372//2323 804//2323 1373//2323
f 804//2324 805//2324 1373//2324
f 805//2325 807//2325 1373//2325
f 1373//2326 807//2326 1374//2326
f 1374//2327 807//2327 1375//2327
f 807//2328 809//2328 1375//2328
f 1375//2329 809//2329 1376//2329
f 809//2330 811//2330 1376//2330
f 1376//2331 811//2331 1377//2331
f 811//2332 813//2332 1377//2332
f 1377//2333 815//2333 1378//2333
f 1378//2334 815//2334 1379//2334
f 813//2335 815//2335 1377//2335
f 1379//2336 817//2336 1380//2336
f 815//2337 817//2337 1379//2337
f 817//2338 819//2338 1380//2338
f 1380//2339 821//2339 1381//2339
f 1381//2340 821//2340 1382//2340
f 819//2341 821//2341 1380//2341
f 1382//2342 823//2342 1383//2342
f 821//2343 823//2343 1382//2343
f 823//2344 825//2344 1383//2344
f 1383//2345 827//2345 1384//2345
f 825//2346 827//2346 1383//2346
f 1384//2347 829//2347 1385//2347
f 1385//2348 829//2348 1386//2348
f 827//2349 829//2349 1384//2349
f 1386//2350 831//2350 1387//2350
f 829//2351 831//2351 1386//2351
f 831//2352 833//2352 1387//2352
f 1387//2353 835//2353 1388//2353
f 1388//2354 835//2354 1389//2354
f 833//2355 835//2355 1387//2355
f 835//2356 837//2356 1389//2356
f 1389//2357 839//2357 1390//2357
f 1390//2358 839//2358 1391//2358
f 837//2359 839//2359 1389//2359
f 839//2360 841//2360 1391//2360
f 841//2361 843//2361 1391//2361
f 1391//2362 843//2362 1392//2362
f 843//2363 845//2363 1392//2363
f 1392//2364 845//2364 1393//2364
f 845//2365 847//2365 1393//2365
f 1393//2366 847//2366 1394//2366
f 847//2367 849//2367 1394//2367
f 1394//2368 849//2368 1395//2368
f 849//2369 851//2369 1395//2369
f 1395//2370 851//2370 1396//2370
f 851//2371 852//2371 1396//2371
f 1396//2372 852//2372 1397//2372
f 852//2373 855//2373 1397//2373
f 1397//2374 855//2374 1398//2374
f 855//2375 856//2375 1398//2375
f 1398//2376 856//2376 1399//2376
f 856//2377 859//2377 1399//2377
f 1399//2378 859//2378 1400//2378
f 859//2379 861//2379 1400//2379
f 1400//2380 861//2380 1401//2380
f 861//2381 863//2381 1401//2381
f 1401//2382 863//2382 1402//2382
f 863//2383 865//2383 1402//2383
f 1402//2384 865//2384 1403//2384
f 865//2385 867//2385 1403//2385
f 1403//2386 867//2386 1404//2386
f 867//2387 868//2387 1404//2387
f 1404//2388 868//2388 1405//2388
f 868//2389 871//2389 1405//2389
f 1405//2390 871//2390 1406//2390
f 1406//2391 871//2391 1407//2391
f 871//2392 873//2392 1407//2392
f 873//2393 875//2393 1407//2393
f 1407//2394 875//2394 1408//2394
f 875//2395 877//2395 1408//2395
f 1408//2396 877//2396 1409//2396
f 877//2397 878//2397 1409//2397
f 1409//2398 878//2398 1410//2398
f 1410//2399 878//2399 1411//2399
f 878//2400 881//2400 1411//2400
f 881//2401 883//2401 1411//2401
f 1411//2402 883//2402 1412//2402
f 1412//2403 885//2403 1413//2403
f 1413//2404 885//2404 1414//2404
f 883//2405 885//2405 1412//2405
f 885//2406 886//2406 1414//2406
f 1414//2407 888//2407 1415//2407
f 886//2408 888//2408 1414//2408
f 888//2409 891//2409 1415//2409
f 1415//2410 891//2410 1416//2410
f 891//2411 893//2411 1416//2411
f 1416//2412 893//2412 1417//2412
f 893//2413 895//2413 1417//2413
f 1417//2414 895//2414 1418//2414
f 895//2415 897//2415 1418//2415
f 1418//2416 897//2416 1419//2416
f 1419//2417 897//2417 1420//2417
f 897//2418 898//2418 1420//2418
f 1420//2419 898//2419 1421//2419
f 898//2420 900//2420 1421//2420
f 900//2421 902//2421 1421//2421
f 1421//2422 902//2422 1422//2422
f 902//2423 904//2423 1422//2423
f 1422//2424 904//2424 1423//2424
f 904//2425 907//2425 1423//2425
f 1423//2426 907//2426 1424//2426
f 907//2427 909//2427 1424//2427
f 1424//2428 909//2428 1425//2428
f 909//2429 910//2429 1425//2429
f 1425//2430 910//2430 1426//2430
f 910//2431 912//2431 1426//2431
f 1426//2432 912//2432 1427//2432
f 1427//2433 912//2433 1428//2433
f 912//2434 914//2434 1428//2434
f 914//2435 916//2435 1428//2435
f 1428//2436 916//2436 1429//2436
f 1429//2437 918//2437 1430//2437
f 1430//2438 918//2438 1431//2438
f 916//2439 918//2439 1429//2439
f 918//2440 920//2440 1431//2440
f 1431//2441 922//2441 1432//2441
f 920//2442 922//2442 1431//2442
f 1432//2443 924//2443 1433//2443
f 1433//2444 924//2444 1434//2444
f 922//2445 924//2445 1432//2445
f 924//2446 926//2446 1434//2446
f 1434//2447 928//2447 1435//2447
f 926//2448 928//2448 1434//2448
f 1435//2449 930//2449 1436//2449
f 1436//2450 930//2450 1437//2450
f 928//2451 930//2451 1435//2451
f 930//2452 932//2452 1437//2452
f 1437//2453 934//2453 1438//2453
f 932//2454 934//2454 1437//2454
f 1438//2455 936//2455 1439//2455
f 1439//2456 936//2456 1440//2456
f 934//2457 936//2457 1438//2457
f 936//2458 938//2458 1440//2458
f 1440//2459 940//2459 1441//2459
f 938//2460 940//2460 1440//2460
f 940//2461 942//2461 1441//2461
f 1441//2462 942//2462 1442//2462
f 1442//2463 942//2463 1443//2463
f 942//2464 944//2464 1443//2464
f 944//2465 946//2465 1443//2465
f 1443//2466 946//2466 1444//2466
f 1444//2467 946//2467 1445//2467
f 946//2468 948//2468 1445//2468
f 1445//2469 950//2469 1446//2469
f 948//2470 950//2470 1445//2470
f 1446//2471 952//2471 1447//2471
f 1447//2472 952//2472 1448//2472
f 950//2473 952//2473 1446//2473
f 952//2474 954//2474 1448//2474
f 1448//2475 956//2475 1449//2475
f 954//2476 956//2476 1448//2476
f 1449//2477 958//2477 1450//2477
f 956//2478 958//2478 1449//2478
f 1450//2479 960//2479 1451//2479
f 958//2480 960//2480 1450//2480
f 1451//2481 962//2481 1452//2481
f 960//2482 962//2482 1451//2482
f 1452//2483 964//2483 1453//2483
f 962//2484 964//2484 1452//2484
f 1453//2485 966//2485 1454//2485
f 964//2486 966//2486 1453//2486
f 1454//2487 968//2487 1455//2487
f 966//2488 968//2488 1454//2488
f 1455//2489 970//2489 1456//2489
f 1456//2490 970//2490 1457//2490
f 968//2491 970//2491 1455//2491
f 970//2492 972//2492 1457//2492
f 1457//2493 974//2493 1229//2493
f 972//2494 974//2494 1457//2494
f 1175//2495 1458//2495 1459//2495
f 1077//2496 1458//2496 1175//2496
f 1053//2497 1051//2497 1460//2497
f 1053//2498 1460//2498 1461//2498
f 1055//2499 1461//2499 1462//2499
f 1055//2500 1053//2500 1461//2500
f 1057//2501 1462//2501 1463//2501
f 1057//2502 1055//2502 1462//2502
f 1059//2503 1463//2503 1464//2503
f 1059//2504 1057//2504 1463//2504
f 1061//2505 1464//2505 1465//2505
f 1061//2506 1059//2506 1464//2506
f 1063//2507 1465//2507 1466//2507
f 1063//2508 1061//2508 1465//2508
f 1065//2509 1466//2509 1467//2509
f 1065//2510 1063//2510 1466//2510
f 1067//2511 1467//2511 1468//2511
f 1067//2512 1065//2512 1467//2512
f 1069//2513 1468//2513 1469//2513
f 1069//2514 1067//2514 1468//2514
f 1071//2515 1469//2515 1470//2515
f 1071//2516 1069//2516 1469//2516
f 1073//2517 1470//2517 1471//2517
f 1073//2518 1071//2518 1470//2518
f 1075//2519 1471//2519 1472//2519
f 1075//2520 1472//2520 1458//2520
f 1075//2521 1073//2521 1471//2521
f 1077//2522 1075//2522 1458//2522
f 1460//2523 1148//2523 1473//2523
f 1460//2524 1051//2524 1148//2524
f 1173//2525 1175//2525 1459//2525
f 1173//2526 1459//2526 1474//2526
f 1173//2527 1474//2527 1475//2527
f 1171//2528 1475//2528 1476//2528
f 1171//2529 1173//2529 1475//2529
f 1169//2530 1476//2530 1477//2530
f 1169//2531 1171//2531 1476//2531
f 1167//2532 1477//2532 1478//2532
f 1167//2533 1169//2533 1477//2533
f 1165//2534 1478//2534 1479//2534
f 1165//2535 1167//2535 1478//2535
f 1163//2536 1479//2536 1480//2536
f 1163//2537 1165//2537 1479//2537
f 1161//2538 1480//2538 1481//2538
f 1161//2539 1163//2539 1480//2539
f 1159//2540 1481//2540 1482//2540
f 1159//2541 1161//2541 1481//2541
f 1157//2542 1482//2542 1483//2542
f 1157//2543 1159//2543 1482//2543
f 1156//2544 1483//2544 1484//2544
f 1156//2545 1157//2545 1483//2545
f 1154//2546 1484//2546 1485//2546
f 1154//2547 1156//2547 1484//2547
f 1152//2548 1485//2548 1473//2548
f 1152//2549 1154//2549 1485//2549
f 1148//2550 1152//2550 1473//2550
f 1209//2551 1110//2551 1486//2551
f 1110//2552 1487//2552 1486//2552
f 1084//2553 1488//2553 1489//2553
f 1086//2554 1489//2554 1490//2554
f 1086//2555 1084//2555 1489//2555
f 1088//2556 1490//2556 1491//2556
f 1088//2557 1086//2557 1490//2557
f 1090//2558 1491//2558 1492//2558
f 1090//2559 1088//2559 1491//2559
f 1092//2560 1492//2560 1493//2560
f 1092//2561 1090//2561 1492//2561
f 1094//2562 1493//2562 1494//2562
f 1094//2563 1092//2563 1493//2563
f 1096//2564 1494//2564 1495//2564
f 1096//2565 1094//2565 1494//2565
f 1098//2566 1096//2566 1495//2566
f 1100//2567 1495//2567 1496//2567
f 1100//2568 1098//2568 1495//2568
f 1102//2569 1496//2569 1497//2569
f 1102//2570 1100//2570 1496//2570
f 1104//2571 1497//2571 1498//2571
f 1104//2572 1102//2572 1497//2572
f 1106//2573 1498//2573 1499//2573
f 1106//2574 1104//2574 1498//2574
f 1108//2575 1499//2575 1500//2575
f 1108//2576 1106//2576 1499//2576
f 1110//2577 1500//2577 1487//2577
f 1110//2578 1108//2578 1500//2578
f 1488//2579 1181//2579 1501//2579
f 1488//2580 1084//2580 1181//2580
f 1209//2581 1486//2581 1502//2581
f 1207//2582 1502//2582 1503//2582
f 1207//2583 1209//2583 1502//2583
f 1205//2584 1503//2584 1504//2584
f 1205//2585 1207//2585 1503//2585
f 1203//2586 1504//2586 1505//2586
f 1203//2587 1205//2587 1504//2587
f 1201//2588 1505//2588 1506//2588
f 1201//2589 1203//2589 1505//2589
f 1199//2590 1506//2590 1507//2590
f 1199//2591 1201//2591 1506//2591
f 1197//2592 1507//2592 1508//2592
f 1197//2593 1199//2593 1507//2593
f 1195//2594 1197//2594 1508//2594
f 1193//2595 1508//2595 1509//2595
f 1193//2596 1195//2596 1508//2596
f 1191//2597 1509//2597 1510//2597
f 1191//2598 1193//2598 1509//2598
f 1189//2599 1510//2599 1511//2599
f 1189//2600 1191//2600 1510//2600
f 1187//2601 1511//2601 1512//2601
f 1187//2602 1189//2602 1511//2602
f 1185//2603 1512//2603 1513//2603
f 1185//2604 1187//2604 1512//2604
f 1181//2605 1513//2605 1501//2605
f 1181//2606 1185//2606 1513//2606
f 1118//2607 1514//2607 1515//2607
f 1120//2608 1515//2608 1516//2608
f 1120//2609 1118//2609 1515//2609
f 1122//2610 1516//2610 1517//2610
f 1122//2611 1120//2611 1516//2611
f 1124//2612 1517//2612 1518//2612
f 1124//2613 1122//2613 1517//2613
f 1126//2614 1518//2614 1519//2614
f 1126//2615 1124//2615 1518//2615
f 1128//2616 1519//2616 1520//2616
f 1128//2617 1126//2617 1519//2617
f 1130//2618 1520//2618 1521//2618
f 1130//2619 1128//2619 1520//2619
f 1131//2620 1521//2620 1522//2620
f 1131//2621 1130//2621 1521//2621
f 1133//2622 1522//2622 1523//2622
f 1133//2623 1131//2623 1522//2623
f 1135//2624 1523//2624 1524//2624
f 1135//2625 1133//2625 1523//2625
f 1137//2626 1524//2626 1525//2626
f 1137//2627 1135//2627 1524//2627
f 1139//2628 1525//2628 1526//2628
f 1139//2629 1137//2629 1525//2629
f 1141//2630 1526//2630 1527//2630
f 1141//2631 1139//2631 1526//2631
f 1143//2632 1527//2632 1528//2632
f 1143//2633 1141//2633 1527//2633
f 1144//2634 1143//2634 1528//2634
f 1145//2635 1144//2635 1528//2635
f 1145//2636 1528//2636 1529//2636
f 1146//2637 1145//2637 1529//2637
f 1146//2638 1529//2638 1530//2638
f 1147//2639 1146//2639 1530//2639
f 1147//2640 1530//2640 1531//2640
f 1149//2641 1531//2641 1532//2641
f 1149//2642 1147//2642 1531//2642
f 1150//2643 1532//2643 1533//2643
f 1150//2644 1149//2644 1532//2644
f 1151//2645 1533//2645 1534//2645
f 1151//2646 1150//2646 1533//2646
f 1153//2647 1534//2647 1535//2647
f 1153//2648 1151//2648 1534//2648
f 1155//2649 1535//2649 1536//2649
f 1155//2650 1153//2650 1535//2650
f 1158//2651 1536//2651 1537//2651
f 1158//2652 1155//2652 1536//2652
f 1160//2653 1537//2653 1538//2653
f 1160//2654 1158//2654 1537//2654
f 1162//2655 1538//2655 1539//2655
f 1162//2656 1160//2656 1538//2656
f 1164//2657 1539//2657 1540//2657
f 1164//2658 1162//2658 1539//2658
f 1166//2659 1540//2659 1541//2659
f 1166//2660 1164//2660 1540//2660
f 1168//2661 1541//2661 1542//2661
f 1168//2662 1166//2662 1541//2662
f 1170//2663 1542//2663 1543//2663
f 1170//2664 1168//2664 1542//2664
f 1172//2665 1543//2665 1544//2665
f 1172//2666 1170//2666 1543//2666
f 1174//2667 1544//2667 1545//2667
f 1174//2668 1172//2668 1544//2668
f 1176//2669 1545//2669 1546//2669
f 1176//2670 1174//2670 1545//2670
f 1177//2671 1546//2671 1547//2671
f 1177//2672 1176//2672 1546//2672
f 1178//2673 1547//2673 1548//2673
f 1178//2674 1177//2674 1547//2674
f 1179//2675 1548//2675 1549//2675
f 1179//2676 1178//2676 1548//2676
f 1180//2677 1549//2677 1550//2677
f 1180//2678 1179//2678 1549//2678
f 1182//2679 1550//2679 1551//2679
f 1182//2680 1180//2680 1550//2680
f 1183//2681 1551//2681 1552//2681
f 1183//2682 1182//2682 1551//2682
f 1184//2683 1183//2683 1552//2683
f 1184//2684 1552//2684 1553//2684
f 1186//2685 1184//2685 1553//2685
f 1186//2686 1553//2686 1554//2686
f 1188//2687 1186//2687 1554//2687
f 1188//2688 1554//2688 1555//2688
f 1190//2689 1188//2689 1555//2689
f 1190//2690 1555//2690 1556//2690
f 1192//2691 1190//2691 1556//2691
f 1192//2692 1556//2692 1557//2692
f 1194//2693 1192//2693 1557//2693
f 1194//2694 1557//2694 1558//2694
f 1196//2695 1194//2695 1558//2695
f 1196//2696 1558//2696 1559//2696
f 1198//2697 1196//2697 1559//2697
f 1198//2698 1559//2698 1560//2698
f 1200//2699 1198//2699 1560//2699
f 1200//2700 1560//2700 1561//2700
f 1202//2701 1200//2701 1561//2701
f 1202//2702 1561//2702 1562//2702
f 1204//2703 1202//2703 1562//2703
f 1204//2704 1562//2704 1563//2704
f 1206//2705 1204//2705 1563//2705
f 1206//2706 1563//2706 1564//2706
f 1208//2707 1206//2707 1564//2707
f 1208//2708 1564//2708 1565//2708
f 1210//2709 1208//2709 1565//2709
f 1210//2710 1565//2710 1566//2710
f 1210//2711 1566//2711 1567//2711
f 1211//2712 1210//2712 1567//2712
f 1212//2713 1567//2713 1568//2713
f 1212//2714 1211//2714 1567//2714
f 1213//2715 1568//2715 1569//2715
f 1213//2716 1212//2716 1568//2716
f 1215//2717 1569//2717 1570//2717
f 1215//2718 1213//2718 1569//2718
f 1216//2719 1570//2719 1571//2719
f 1216//2720 1215//2720 1570//2720
f 1217//2721 1571//2721 1572//2721
f 1217//2722 1216//2722 1571//2722
f 1218//2723 1572//2723 1573//2723
f 1218//2724 1217//2724 1572//2724
f 1220//2725 1573//2725 1574//2725
f 1220//2726 1218//2726 1573//2726
f 1222//2727 1574//2727 1575//2727
f 1222//2728 1220//2728 1574//2728
f 1224//2729 1575//2729 1576//2729
f 1224//2730 1222//2730 1575//2730
f 1226//2731 1576//2731 1577//2731
f 1226//2732 1577//2732 1578//2732
f 1226//2733 1224//2733 1576//2733
f 1228//2734 1226//2734 1578//2734
f 1227//2735 1228//2735 1578//2735
f 1227//2736 1578//2736 1579//2736
f 1225//2737 1227//2737 1579//2737
f 1225//2738 1579//2738 1580//2738
f 1225//2739 1580//2739 1581//2739
f 1223//2740 1225//2740 1581//2740
f 1221//2741 1223//2741 1581//2741
f 1221//2742 1581//2742 1582//2742
f 1221//2743 1582//2743 1583//2743
f 1219//2744 1221//2744 1583//2744
f 1214//2745 1219//2745 1583//2745
f 1214//2746 1583//2746 1584//2746
f 1514//2747 1214//2747 1584//2747
f 1514//2748 1118//2748 1214//2748
f 1142//2749 1585//2749 1586//2749
f 1043//2750 1585//2750 1142//2750
f 1142//2751 1586//2751 1587//2751
f 1140//2752 1142//2752 1587//2752
f 1140//2753 1587//2753 1588//2753
f 1138//2754 1140//2754 1588//2754
f 1138//2755 1588//2755 1589//2755
f 1136//2756 1138//2756 1589//2756
f 1136//2757 1589//2757 1590//2757
f 1134//2758 1136//2758 1590//2758
f 1134//2759 1590//2759 1591//2759
f 1132//2760 1134//2760 1591//2760
f 1132//2761 1591//2761 1592//2761
f 1129//2762 1132//2762 1592//2762
f 1129//2763 1592//2763 1593//2763
f 1127//2764 1129//2764 1593//2764
f 1127//2765 1593//2765 1594//2765
f 1125//2766 1127//2766 1594//2766
f 1125//2767 1594//2767 1595//2767
f 1123//2768 1595//2768 1596//2768
f 1123//2769 1125//2769 1595//2769
f 1121//2770 1596//2770 1597//2770
f 1121//2771 1123//2771 1596//2771
f 1119//2772 1597//2772 1598//2772
f 1119//2773 1121//2773 1597//2773
f 1117//2774 1598//2774 1599//2774
f 1117//2775 1119//2775 1598//2775
f 1116//2776 1599//2776 1600//2776
f 1116//2777 1117//2777 1599//2777
f 1115//2778 1600//2778 1601//2778
f 1115//2779 1116//2779 1600//2779
f 1114//2780 1115//2780 1601//2780
f 1114//2781 1601//2781 1602//2781
f 1113//2782 1114//2782 1602//2782
f 1113//2783 1602//2783 1603//2783
f 1112//2784 1113//2784 1603//2784
f 1112//2785 1603//2785 1604//2785
f 1111//2786 1112//2786 1604//2786
f 1111//2787 1604//2787 1605//2787
f 1109//2788 1111//2788 1605//2788
f 1109//2789 1605//2789 1606//2789
f 1107//2790 1109//2790 1606//2790
f 1107//2791 1606//2791 1607//2791
f 1105//2792 1107//2792 1607//2792
f 1105//2793 1607//2793 1608//2793
f 1103//2794 1105//2794 1608//2794
f 1103//2795 1608//2795 1609//2795
f 1101//2796 1103//2796 1609//2796
f 1101//2797 1609//2797 1610//2797
f 1099//2798 1101//2798 1610//2798
f 1099//2799 1610//2799 1611//2799
f 1097//2800 1099//2800 1611//2800
f 1097//2801 1611//2801 1612//2801
f 1095//2802 1097//2802 1612//2802
f 1095//2803 1612//2803 1613//2803
f 1093//2804 1095//2804 1613//2804
f 1093//2805 1613//2805 1614//2805
f 1091//2806 1093//2806 1614//2806
f 1091//2807 1614//2807 1615//2807
f 1089//2808 1615//2808 1616//2808
f 1089//2809 1091//2809 1615//2809
f 1087//2810 1616//2810 1617//2810
f 1087//2811 1089//2811 1616//2811
f 1085//2812 1087//2812 1617//2812
f 1083//2813 1617//2813 1618//2813
f 1083//2814 1085//2814 1617//2814
f 1082//2815 1618//2815 1619//2815
f 1082//2816 1083//2816 1618//2816
f 1081//2817 1619//2817 1620//2817
f 1081//2818 1082//2818 1619//2818
f 1080//2819 1620//2819 1621//2819
f 1080//2820 1621//2820 1622//2820
f 1080//2821 1081//2821 1620//2821
f 1079//2822 1622//2822 1623//2822
f 1079//2823 1080//2823 1622//2823
f 1078//2824 1079//2824 1623//2824
f 1076//2825 1623//2825 1624//2825
f 1076//2826 1624//2826 1625//2826
f 1076//2827 1078//2827 1623//2827
f 1074//2828 1076//2828 1625//2828
f 1072//2829 1074//2829 1625//2829
f 1072//2830 1625//2830 1626//2830
f 1070//2831 1072//2831 1626//2831
f 1070//2832 1626//2832 1627//2832
f 1068//2833 1627//2833 1628//2833
f 1068//2834 1070//2834 1627//2834
f 1066//2835 1628//2835 1629//2835
f 1066//2836 1068//2836 1628//2836
f 1064//2837 1066//2837 1629//2837
f 1064//2838 1629//2838 1630//2838
f 1062//2839 1630//2839 1631//2839
f 1062//2840 1064//2840 1630//2840
f 1060//2841 1631//2841 1632//2841
f 1060//2842 1062//2842 1631//2842
f 1058//2843 1632//2843 1633//2843
f 1058//2844 1060//2844 1632//2844
f 1056//2845 1633//2845 1634//2845
f 1056//2846 1058//2846 1633//2846
f 1054//2847 1634//2847 1635//2847
f 1054//2848 1635//2848 1636//2848
f 1054//2849 1056//2849 1634//2849
f 1052//2850 1054//2850 1636//2850
f 1050//2851 1636//2851 1637//2851
f 1050//2852 1637//2852 1638//2852
f 1050//2853 1052//2853 1636//2853
f 1049//2854 1050//2854 1638//2854
f 1048//2855 1638//2855 1639//2855
f 1048//2856 1049//2856 1638//2856
f 1047//2857 1639//2857 1640//2857
f 1047//2858 1048//2858 1639//2858
f 1046//2859 1640//2859 1641//2859
f 1046//2860 1047//2860 1640//2860
f 1045//2861 1641//2861 1642//2861
f 1045//2862 1046//2862 1641//2862
f 1044//2863 1642//2863 1643//2863
f 1044//2864 1045//2864 1642//2864
f 1042//2865 1643//2865 1644//2865
f 1042//2866 1644//2866 1645//2866
f 1042//2867 1044//2867 1643//2867
f 1040//2868 1042//2868 1645//2868
f 1038//2869 1645//2869 1646//2869
f 1038//2870 1040//2870 1645//2870
f 1036//2871 1646//2871 1647//2871
f 1036//2872 1038//2872 1646//2872
f 1034//2873 1647//2873 1648//2873
f 1034//2874 1036//2874 1647//2874
f 1032//2875 1648//2875 1649//2875
f 1032//2876 1034//2876 1648//2876
f 1033//2877 1649//2877 1650//2877
f 1033//2878 1032//2878 1649//2878
f 1035//2879 1033//2879 1650//2879
f 1035//2880 1650//2880 1651//2880
f 1037//2881 1035//2881 1651//2881
f 1037//2882 1651//2882 1652//2882
f 1039//2883 1037//2883 1652//2883
f 1039//2884 1652//2884 1653//2884
f 1041//2885 1039//2885 1653//2885
f 1041//2886 1653//2886 1654//2886
f 1043//2887 1041//2887 1654//2887
f 1043//2888 1654//2888 1585//2888
f 1655//2889 1656//2889 1657//2889
f 1658//2890 1445//2890 1446//2890
f 1658//2891 1446//2891 1447//2891
f 1658//2892 1659//2892 1660//2892
f 1658//2893 1661//2893 1659//2893
f 1658//2894 1655//2894 1445//2894
f 1658//2895 1660//2895 1655//2895
f 1662//2896 1447//2896 1448//2896
f 1662//2897 1448//2897 1449//2897
f 1662//2898 1663//2898 1661//2898
f 1662//2899 1664//2899 1663//2899
f 1662//2900 1661//2900 1658//2900
f 1662//2901 1658//2901 1447//2901
f 1665//2902 1449//2902 1450//2902
f 1665//2903 1450//2903 1451//2903
f 1665//2904 1666//2904 1664//2904
f 1665//2905 1667//2905 1666//2905
f 1665//2906 1664//2906 1662//2906
f 1665//2907 1662//2907 1449//2907
f 1668//2908 1667//2908 1665//2908
f 1668//2909 1451//2909 1452//2909
f 1668//2910 1452//2910 1453//2910
f 1668//2911 1669//2911 1667//2911
f 1668//2912 1670//2912 1669//2912
f 1668//2913 1665//2913 1451//2913
f 1671//2914 1670//2914 1668//2914
f 1671//2915 1453//2915 1454//2915
f 1671//2916 1454//2916 1455//2916
f 1672//2917 1229//2917 1230//2917
f 1673//2918 1674//2918 1672//2918
f 1671//2919 1675//2919 1670//2919
f 1671//2920 1676//2920 1675//2920
f 1671//2921 1668//2921 1453//2921
f 1677//2922 1671//2922 1455//2922
f 1677//2923 1676//2923 1671//2923
f 1677//2924 1455//2924 1456//2924
f 1677//2925 1456//2925 1457//2925
f 1677//2926 1678//2926 1676//2926
f 1677//2927 1679//2927 1678//2927
f 1677//2928 1457//2928 1672//2928
f 1677//2929 1672//2929 1679//2929
f 1672//2930 1457//2930 1229//2930
f 1674//2931 1679//2931 1672//2931
f 1680//2932 1230//2932 1231//2932
f 1680//2933 1231//2933 1232//2933
f 1680//2934 1681//2934 1673//2934
f 1680//2935 1682//2935 1681//2935
f 1680//2936 1672//2936 1230//2936
f 1680//2937 1673//2937 1672//2937
f 1683//2938 1232//2938 1233//2938
f 1683//2939 1233//2939 1234//2939
f 1683//2940 1684//2940 1682//2940
f 1683//2941 1685//2941 1684//2941
f 1683//2942 1680//2942 1232//2942
f 1683//2943 1682//2943 1680//2943
f 1686//2944 1234//2944 1235//2944
f 1686//2945 1235//2945 1236//2945
f 1686//2946 1687//2946 1685//2946
f 1686//2947 1688//2947 1687//2947
f 1686//2948 1685//2948 1683//2948
f 1686//2949 1683//2949 1234//2949
f 1689//2950 1236//2950 1237//2950
f 1689//2951 1237//2951 1238//2951
f 1689//2952 1686//2952 1236//2952
f 1689//2953 1688//2953 1686//2953
f 1689//2954 1690//2954 1688//2954
f 1689//2955 1691//2955 1690//2955
f 1692//2956 1238//2956 1239//2956
f 1692//2957 1239//2957 1240//2957
f 1692//2958 1689//2958 1238//2958
f 1692//2959 1691//2959 1689//2959
f 1692//2960 1693//2960 1691//2960
f 1692//2961 1694//2961 1693//2961
f 1695//2962 1240//2962 1241//2962
f 1695//2963 1241//2963 1242//2963
f 1695//2964 1696//2964 1694//2964
f 1695//2965 1697//2965 1696//2965
f 1695//2966 1692//2966 1240//2966
f 1695//2967 1694//2967 1692//2967
f 1698//2968 1695//2968 1242//2968
f 1698//2969 1242//2969 1243//2969
f 1698//2970 1243//2970 1244//2970
f 1698//2971 1699//2971 1697//2971
f 1698//2972 1700//2972 1699//2972
f 1698//2973 1697//2973 1695//2973
f 1701//2974 1244//2974 1245//2974
f 1701//2975 1245//2975 1246//2975
f 1701//2976 1698//2976 1244//2976
f 1701//2977 1700//2977 1698//2977
f 1701//2978 1702//2978 1700//2978
f 1701//2979 1703//2979 1702//2979
f 1704//2980 1246//2980 1247//2980
f 1704//2981 1247//2981 1248//2981
f 1704//2982 1705//2982 1703//2982
f 1704//2983 1706//2983 1705//2983
f 1704//2984 1701//2984 1246//2984
f 1704//2985 1703//2985 1701//2985
f 1707//2986 1248//2986 1249//2986
f 1707//2987 1249//2987 1250//2987
f 1707//2988 1708//2988 1706//2988
f 1707//2989 1709//2989 1708//2989
f 1707//2990 1704//2990 1248//2990
f 1707//2991 1706//2991 1704//2991
f 1710//2992 1707//2992 1250//2992
f 1710//2993 1709//2993 1707//2993
f 1710//2994 1250//2994 1251//2994
f 1710//2995 1251//2995 1252//2995
f 1710//2996 1711//2996 1709//2996
f 1710//2997 1712//2997 1711//2997
f 1713//2998 1252//2998 1253//2998
f 1713//2999 1253//2999 1254//2999
f 1713//3000 1710//3000 1252//3000
f 1713//3001 1714//3001 1712//3001
f 1713//3002 1715//3002 1714//3002
f 1713//3003 1712//3003 1710//3003
f 1716//3004 1254//3004 1255//3004
f 1716//3005 1255//3005 1256//3005
f 1716//3006 1717//3006 1715//3006
f 1716//3007 1718//3007 1717//3007
f 1716//3008 1713//3008 1254//3008
f 1716//3009 1715//3009 1713//3009
f 1719//3010 1718//3010 1716//3010
f 1719//3011 1256//3011 1257//3011
f 1719//3012 1257//3012 1258//3012
f 1719//3013 1720//3013 1718//3013
f 1719//3014 1721//3014 1720//3014
f 1719//3015 1716//3015 1256//3015
f 1722//3016 1258//3016 1259//3016
f 1722//3017 1719//3017 1258//3017
f 1722//3018 1259//3018 1260//3018
f 1722//3019 1721//3019 1719//3019
f 1722//3020 1723//3020 1721//3020
f 1722//3021 1724//3021 1723//3021
f 1725//3022 1260//3022 1261//3022
f 1725//3023 1261//3023 1262//3023
f 1725//3024 1722//3024 1260//3024
f 1725//3025 1726//3025 1724//3025
f 1725//3026 1727//3026 1726//3026
f 1725//3027 1724//3027 1722//3027
f 1728//3028 1262//3028 1263//3028
f 1728//3029 1263//3029 1264//3029
f 1728//3030 1729//3030 1727//3030
f 1728//3031 1730//3031 1729//3031
f 1728//3032 1725//3032 1262//3032
f 1728//3033 1727//3033 1725//3033
f 1731//3034 1264//3034 1265//3034
f 1731//3035 1265//3035 1266//3035
f 1731//3036 1730//3036 1728//3036
f 1731//3037 1732//3037 1730//3037
f 1731//3038 1733//3038 1732//3038
f 1731//3039 1728//3039 1264//3039
f 1734//3040 1731//3040 1266//3040
f 1734//3041 1733//3041 1731//3041
f 1734//3042 1266//3042 1267//3042
f 1734//3043 1267//3043 1268//3043
f 1734//3044 1735//3044 1733//3044
f 1734//3045 1736//3045 1735//3045
f 1737//3046 1268//3046 1269//3046
f 1737//3047 1269//3047 1270//3047
f 1737//3048 1734//3048 1268//3048
f 1737//3049 1736//3049 1734//3049
f 1737//3050 1738//3050 1736//3050
f 1737//3051 1739//3051 1738//3051
f 1740//3052 1270//3052 1271//3052
f 1740//3053 1271//3053 1272//3053
f 1740//3054 1741//3054 1739//3054
f 1740//3055 1742//3055 1741//3055
f 1740//3056 1737//3056 1270//3056
f 1740//3057 1739//3057 1737//3057
f 1743//3058 1740//3058 1272//3058
f 1743//3059 1742//3059 1740//3059
f 1743//3060 1272//3060 1273//3060
f 1743//3061 1273//3061 1274//3061
f 1743//3062 1744//3062 1742//3062
f 1743//3063 1745//3063 1744//3063
f 1746//3064 1274//3064 1275//3064
f 1746//3065 1275//3065 1276//3065
f 1746//3066 1743//3066 1274//3066
f 1746//3067 1745//3067 1743//3067
f 1746//3068 1747//3068 1745//3068
f 1746//3069 1748//3069 1747//3069
f 1749//3070 1276//3070 1277//3070
f 1749//3071 1277//3071 1278//3071
f 1749//3072 1746//3072 1276//3072
f 1749//3073 1750//3073 1748//3073
f 1749//3074 1751//3074 1750//3074
f 1749//3075 1748//3075 1746//3075
f 1752//3076 1749//3076 1278//3076
f 1752//3077 1751//3077 1749//3077
f 1752//3078 1278//3078 1279//3078
f 1752//3079 1279//3079 1280//3079
f 1752//3080 1753//3080 1751//3080
f 1752//3081 1754//3081 1753//3081
f 1755//3082 1752//3082 1280//3082
f 1755//3083 1754//3083 1752//3083
f 1755//3084 1280//3084 1281//3084
f 1755//3085 1281//3085 1282//3085
f 1755//3086 1756//3086 1754//3086
f 1755//3087 1757//3087 1756//3087
f 1758//3088 1282//3088 1283//3088
f 1758//3089 1283//3089 1284//3089
f 1758//3090 1755//3090 1282//3090
f 1758//3091 1757//3091 1755//3091
f 1758//3092 1759//3092 1757//3092
f 1758//3093 1760//3093 1759//3093
f 1761//3094 1760//3094 1758//3094
f 1761//3095 1284//3095 1285//3095
f 1761//3096 1285//3096 1286//3096
f 1761//3097 1758//3097 1284//3097
f 1761//3098 1762//3098 1760//3098
f 1761//3099 1763//3099 1762//3099
f 1764//3100 1761//3100 1286//3100
f 1764//3101 1763//3101 1761//3101
f 1764//3102 1286//3102 1287//3102
f 1764//3103 1287//3103 1288//3103
f 1764//3104 1765//3104 1763//3104
f 1764//3105 1766//3105 1765//3105
f 1767//3106 1764//3106 1288//3106
f 1767//3107 1766//3107 1764//3107
f 1767//3108 1288//3108 1289//3108
f 1767//3109 1289//3109 1290//3109
f 1767//3110 1768//3110 1766//3110
f 1767//3111 1769//3111 1768//3111
f 1770//3112 1290//3112 1291//3112
f 1770//3113 1291//3113 1292//3113
f 1770//3114 1767//3114 1290//3114
f 1770//3115 1769//3115 1767//3115
f 1770//3116 1771//3116 1769//3116
f 1770//3117 1772//3117 1771//3117
f 1773//3118 1292//3118 1293//3118
f 1773//3119 1293//3119 1294//3119
f 1773//3120 1770//3120 1292//3120
f 1773//3121 1774//3121 1772//3121
f 1773//3122 1775//3122 1774//3122
f 1773//3123 1772//3123 1770//3123
f 1776//3124 1773//3124 1294//3124
f 1776//3125 1775//3125 1773//3125
f 1776//3126 1294//3126 1295//3126
f 1776//3127 1295//3127 1296//3127
f 1776//3128 1777//3128 1775//3128
f 1776//3129 1778//3129 1777//3129
f 1779//3130 1776//3130 1296//3130
f 1779//3131 1778//3131 1776//3131
f 1779//3132 1296//3132 1297//3132
f 1779//3133 1297//3133 1298//3133
f 1779//3134 1780//3134 1778//3134
f 1779//3135 1781//3135 1780//3135
f 1782//3136 1783//3136 1781//3136
f 1782//3137 1784//3137 1783//3137
f 1782//3138 1298//3138 1299//3138
f 1782//3139 1299//3139 1300//3139
f 1782//3140 1779//3140 1298//3140
f 1782//3141 1781//3141 1779//3141
f 1785//3142 1786//3142 1784//3142
f 1785//3143 1787//3143 1786//3143
f 1785//3144 1782//3144 1300//3144
f 1785//3145 1784//3145 1782//3145
f 1785//3146 1300//3146 1301//3146
f 1785//3147 1301//3147 1302//3147
f 1788//3148 1789//3148 1787//3148
f 1788//3149 1790//3149 1789//3149
f 1788//3150 1787//3150 1785//3150
f 1788//3151 1785//3151 1302//3151
f 1788//3152 1302//3152 1303//3152
f 1788//3153 1303//3153 1304//3153
f 1791//3154 1792//3154 1790//3154
f 1791//3155 1793//3155 1792//3155
f 1791//3156 1790//3156 1788//3156
f 1791//3157 1304//3157 1305//3157
f 1791//3158 1788//3158 1304//3158
f 1791//3159 1305//3159 1306//3159
f 1794//3160 1791//3160 1306//3160
f 1794//3161 1795//3161 1793//3161
f 1794//3162 1796//3162 1795//3162
f 1794//3163 1306//3163 1307//3163
f 1794//3164 1307//3164 1308//3164
f 1794//3165 1793//3165 1791//3165
f 1797//3166 1798//3166 1796//3166
f 1797//3167 1799//3167 1798//3167
f 1797//3168 1796//3168 1794//3168
f 1797//3169 1794//3169 1308//3169
f 1797//3170 1308//3170 1309//3170
f 1797//3171 1309//3171 1310//3171
f 1800//3172 1801//3172 1799//3172
f 1800//3173 1802//3173 1801//3173
f 1800//3174 1799//3174 1797//3174
f 1800//3175 1797//3175 1310//3175
f 1800//3176 1310//3176 1311//3176
f 1800//3177 1311//3177 1312//3177
f 1803//3178 1804//3178 1802//3178
f 1803//3179 1805//3179 1804//3179
f 1803//3180 1802//3180 1800//3180
f 1803//3181 1312//3181 1313//3181
f 1803//3182 1313//3182 1314//3182
f 1803//3183 1800//3183 1312//3183
f 1806//3184 1805//3184 1803//3184
f 1806//3185 1807//3185 1805//3185
f 1806//3186 1808//3186 1807//3186
f 1806//3187 1314//3187 1315//3187
f 1806//3188 1315//3188 1316//3188
f 1806//3189 1803//3189 1314//3189
f 1809//3190 1810//3190 1808//3190
f 1809//3191 1811//3191 1810//3191
f 1809//3192 1806//3192 1316//3192
f 1809//3193 1808//3193 1806//3193
f 1809//3194 1316//3194 1317//3194
f 1809//3195 1317//3195 1318//3195
f 1812//3196 1813//3196 1811//3196
f 1812//3197 1814//3197 1813//3197
f 1812//3198 1811//3198 1809//3198
f 1812//3199 1809//3199 1318//3199
f 1812//3200 1318//3200 1319//3200
f 1812//3201 1319//3201 1320//3201
f 1815//3202 1816//3202 1814//3202
f 1815//3203 1817//3203 1816//3203
f 1815//3204 1814//3204 1812//3204
f 1815//3205 1812//3205 1320//3205
f 1815//3206 1320//3206 1321//3206
f 1815//3207 1321//3207 1322//3207
f 1818//3208 1817//3208 1815//3208
f 1818//3209 1815//3209 1322//3209
f 1818//3210 1819//3210 1817//3210
f 1818//3211 1820//3211 1819//3211
f 1818//3212 1322//3212 1323//3212
f 1818//3213 1323//3213 1324//3213
f 1821//3214 1822//3214 1820//3214
f 1821//3215 1823//3215 1822//3215
f 1821//3216 1820//3216 1818//3216
f 1821//3217 1818//3217 1324//3217
f 1821//3218 1324//3218 1325//3218
f 1821//3219 1325//3219 1326//3219
f 1824//3220 1327//3220 1328//3220
f 1824//3221 1825//3221 1823//3221
f 1824//3222 1826//3222 1825//3222
f 1824//3223 1823//3223 1821//3223
f 1824//3224 1821//3224 1326//3224
f 1824//3225 1326//3225 1327//3225
f 1827//3226 1328//3226 1329//3226
f 1827//3227 1329//3227 1330//3227
f 1827//3228 1826//3228 1824//3228
f 1827//3229 1828//3229 1826//3229
f 1827//3230 1829//3230 1828//3230
f 1827//3231 1824//3231 1328//3231
f 1830//3232 1330//3232 1331//3232
f 1830//3233 1331//3233 1332//3233
f 1830//3234 1827//3234 1330//3234
f 1830//3235 1831//3235 1829//3235
f 1830//3236 1832//3236 1831//3236
f 1830//3237 1829//3237 1827//3237
f 1833//3238 1332//3238 1333//3238
f 1833//3239 1333//3239 1334//3239
f 1833//3240 1834//3240 1832//3240
f 1833//3241 1835//3241 1834//3241
f 1833//3242 1830//3242 1332//3242
f 1833//3243 1832//3243 1830//3243
f 1836//3244 1334//3244 1335//3244
f 1836//3245 1335//3245 1336//3245
f 1836//3246 1837//3246 1835//3246
f 1836//3247 1838//3247 1837//3247
f 1836//3248 1833//3248 1334//3248
f 1836//3249 1835//3249 1833//3249
f 1839//3250 1836//3250 1336//3250
f 1839//3251 1336//3251 1337//3251
f 1839//3252 1337//3252 1338//3252
f 1839//3253 1838//3253 1836//3253
f 1839//3254 1840//3254 1838//3254
f 1839//3255 1841//3255 1840//3255
f 1842//3256 1338//3256 1339//3256
f 1842//3257 1339//3257 1340//3257
f 1842//3258 1839//3258 1338//3258
f 1842//3259 1841//3259 1839//3259
f 1842//3260 1843//3260 1841//3260
f 1842//3261 1844//3261 1843//3261
f 1845//3262 1340//3262 1341//3262
f 1845//3263 1341//3263 1342//3263
f 1845//3264 1846//3264 1844//3264
f 1845//3265 1847//3265 1846//3265
f 1845//3266 1842//3266 1340//3266
f 1845//3267 1844//3267 1842//3267
f 1848//3268 1342//3268 1343//3268
f 1848//3269 1343//3269 1344//3269
f 1848//3270 1849//3270 1847//3270
f 1848//3271 1850//3271 1849//3271
f 1848//3272 1845//3272 1342//3272
f 1848//3273 1847//3273 1845//3273
f 1851//3274 1344//3274 1345//3274
f 1851//3275 1848//3275 1344//3275
f 1851//3276 1850//3276 1848//3276
f 1851//3277 1852//3277 1850//3277
f 1853//3278 1345//3278 1346//3278
f 1853//3279 1346//3279 1347//3279
f 1853//3280 1851//3280 1345//3280
f 1853//3281 1854//3281 1852//3281
f 1853//3282 1855//3282 1854//3282
f 1853//3283 1852//3283 1851//3283
f 1856//3284 1347//3284 1348//3284
f 1856//3285 1348//3285 1349//3285
f 1856//3286 1857//3286 1855//3286
f 1856//3287 1858//3287 1857//3287
f 1856//3288 1853//3288 1347//3288
f 1856//3289 1855//3289 1853//3289
f 1859//3290 1856//3290 1349//3290
f 1859//3291 1349//3291 1350//3291
f 1859//3292 1350//3292 1351//3292
f 1859//3293 1858//3293 1856//3293
f 1859//3294 1860//3294 1858//3294
f 1859//3295 1861//3295 1860//3295
f 1862//3296 1351//3296 1352//3296
f 1862//3297 1352//3297 1353//3297
f 1862//3298 1859//3298 1351//3298
f 1862//3299 1863//3299 1861//3299
f 1862//3300 1864//3300 1863//3300
f 1862//3301 1861//3301 1859//3301
f 1865//3302 1864//3302 1862//3302
f 1865//3303 1353//3303 1354//3303
f 1865//3304 1354//3304 1355//3304
f 1865//3305 1866//3305 1864//3305
f 1865//3306 1867//3306 1866//3306
f 1865//3307 1862//3307 1353//3307
f 1868//3308 1865//3308 1355//3308
f 1868//3309 1355//3309 1356//3309
f 1868//3310 1356//3310 1357//3310
f 1868//3311 1867//3311 1865//3311
f 1868//3312 1869//3312 1867//3312
f 1868//3313 1870//3313 1869//3313
f 1871//3314 1357//3314 1358//3314
f 1871//3315 1358//3315 1359//3315
f 1871//3316 1868//3316 1357//3316
f 1871//3317 1872//3317 1870//3317
f 1871//3318 1873//3318 1872//3318
f 1871//3319 1870//3319 1868//3319
f 1874//3320 1359//3320 1360//3320
f 1874//3321 1360//3321 1361//3321
f 1874//3322 1871//3322 1359//3322
f 1874//3323 1875//3323 1873//3323
f 1874//3324 1876//3324 1875//3324
f 1874//3325 1873//3325 1871//3325
f 1877//3326 1361//3326 1362//3326
f 1877//3327 1362//3327 1363//3327
f 1877//3328 1878//3328 1876//3328
f 1877//3329 1879//3329 1878//3329
f 1877//3330 1874//3330 1361//3330
f 1877//3331 1876//3331 1874//3331
f 1880//3332 1877//3332 1363//3332
f 1880//3333 1879//3333 1877//3333
f 1880//3334 1363//3334 1364//3334
f 1880//3335 1364//3335 1365//3335
f 1880//3336 1881//3336 1879//3336
f 1880//3337 1882//3337 1881//3337
f 1883//3338 1882//3338 1880//3338
f 1883//3339 1880//3339 1365//3339
f 1883//3340 1365//3340 1366//3340
f 1883//3341 1366//3341 1367//3341
f 1883//3342 1884//3342 1882//3342
f 1883//3343 1885//3343 1884//3343
f 1886//3344 1883//3344 1367//3344
f 1886//3345 1367//3345 1368//3345
f 1886//3346 1368//3346 1369//3346
f 1886//3347 1885//3347 1883//3347
f 1886//3348 1887//3348 1885//3348
f 1886//3349 1888//3349 1887//3349
f 1889//3350 1369//3350 1370//3350
f 1889//3351 1370//3351 1371//3351
f 1889//3352 1886//3352 1369//3352
f 1889//3353 1888//3353 1886//3353
f 1889//3354 1890//3354 1888//3354
f 1889//3355 1891//3355 1890//3355
f 1892//3356 1371//3356 1372//3356
f 1892//3357 1372//3357 1373//3357
f 1892//3358 1889//3358 1371//3358
f 1892//3359 1893//3359 1891//3359
f 1892//3360 1894//3360 1893//3360
f 1892//3361 1891//3361 1889//3361
f 1895//3362 1373//3362 1374//3362
f 1895//3363 1374//3363 1375//3363
f 1895//3364 1896//3364 1894//3364
f 1895//3365 1897//3365 1896//3365
f 1895//3366 1892//3366 1373//3366
f 1895//3367 1894//3367 1892//3367
f 1898//3368 1897//3368 1895//3368
f 1898//3369 1895//3369 1375//3369
f 1898//3370 1375//3370 1376//3370
f 1898//3371 1376//3371 1377//3371
f 1898//3372 1899//3372 1897//3372
f 1898//3373 1900//3373 1899//3373
f 1901//3374 1898//3374 1377//3374
f 1901//3375 1900//3375 1898//3375
f 1901//3376 1377//3376 1378//3376
f 1901//3377 1378//3377 1379//3377
f 1901//3378 1902//3378 1900//3378
f 1901//3379 1903//3379 1902//3379
f 1904//3380 1903//3380 1901//3380
f 1904//3381 1901//3381 1379//3381
f 1904//3382 1379//3382 1380//3382
f 1904//3383 1380//3383 1381//3383
f 1904//3384 1905//3384 1903//3384
f 1904//3385 1906//3385 1905//3385
f 1907//3386 1381//3386 1382//3386
f 1907//3387 1382//3387 1383//3387
f 1907//3388 1904//3388 1381//3388
f 1907//3389 1906//3389 1904//3389
f 1907//3390 1908//3390 1906//3390
f 1907//3391 1909//3391 1908//3391
f 1910//3392 1383//3392 1384//3392
f 1910//3393 1384//3393 1385//3393
f 1910//3394 1907//3394 1383//3394
f 1910//3395 1911//3395 1909//3395
f 1910//3396 1912//3396 1911//3396
f 1910//3397 1909//3397 1907//3397
f 1913//3398 1912//3398 1910//3398
f 1913//3399 1385//3399 1386//3399
f 1913//3400 1386//3400 1387//3400
f 1913//3401 1914//3401 1912//3401
f 1913//3402 1910//3402 1385//3402
f 1913//3403 1915//3403 1914//3403
f 1916//3404 1913//3404 1387//3404
f 1916//3405 1915//3405 1913//3405
f 1916//3406 1387//3406 1388//3406
f 1916//3407 1388//3407 1389//3407
f 1916//3408 1917//3408 1915//3408
f 1916//3409 1918//3409 1917//3409
f 1919//3410 1918//3410 1916//3410
f 1919//3411 1916//3411 1389//3411
f 1919//3412 1389//3412 1390//3412
f 1919//3413 1390//3413 1391//3413
f 1919//3414 1920//3414 1918//3414
f 1919//3415 1921//3415 1920//3415
f 1922//3416 1919//3416 1391//3416
f 1922//3417 1391//3417 1392//3417
f 1922//3418 1921//3418 1919//3418
f 1922//3419 1392//3419 1393//3419
f 1922//3420 1923//3420 1921//3420
f 1922//3421 1924//3421 1923//3421
f 1925//3422 1393//3422 1394//3422
f 1925//3423 1394//3423 1395//3423
f 1925//3424 1922//3424 1393//3424
f 1925//3425 1924//3425 1922//3425
f 1925//3426 1926//3426 1924//3426
f 1925//3427 1927//3427 1926//3427
f 1928//3428 1395//3428 1396//3428
f 1928//3429 1396//3429 1397//3429
f 1928//3430 1925//3430 1395//3430
f 1928//3431 1927//3431 1925//3431
f 1928//3432 1929//3432 1927//3432
f 1928//3433 1930//3433 1929//3433
f 1931//3434 1397//3434 1398//3434
f 1931//3435 1398//3435 1399//3435
f 1931//3436 1930//3436 1928//3436
f 1931//3437 1928//3437 1397//3437
f 1931//3438 1932//3438 1930//3438
f 1931//3439 1933//3439 1932//3439
f 1934//3440 1935//3440 1933//3440
f 1934//3441 1936//3441 1935//3441
f 1934//3442 1931//3442 1399//3442
f 1934//3443 1933//3443 1931//3443
f 1934//3444 1399//3444 1400//3444
f 1934//3445 1400//3445 1401//3445
f 1937//3446 1938//3446 1936//3446
f 1937//3447 1939//3447 1938//3447
f 1937//3448 1936//3448 1934//3448
f 1937//3449 1934//3449 1401//3449
f 1937//3450 1401//3450 1402//3450
f 1937//3451 1402//3451 1403//3451
f 1940//3452 1941//3452 1939//3452
f 1940//3453 1942//3453 1941//3453
f 1940//3454 1937//3454 1403//3454
f 1940//3455 1939//3455 1937//3455
f 1940//3456 1403//3456 1404//3456
f 1940//3457 1404//3457 1405//3457
f 1943//3458 1944//3458 1942//3458
f 1943//3459 1945//3459 1944//3459
f 1943//3460 1942//3460 1940//3460
f 1943//3461 1940//3461 1405//3461
f 1943//3462 1405//3462 1406//3462
f 1943//3463 1406//3463 1407//3463
f 1946//3464 1947//3464 1945//3464
f 1946//3465 1948//3465 1947//3465
f 1946//3466 1945//3466 1943//3466
f 1946//3467 1943//3467 1407//3467
f 1946//3468 1407//3468 1408//3468
f 1946//3469 1408//3469 1409//3469
f 1949//3470 1950//3470 1948//3470
f 1949//3471 1951//3471 1950//3471
f 1949//3472 1409//3472 1410//3472
f 1949//3473 1410//3473 1411//3473
f 1949//3474 1948//3474 1946//3474
f 1949//3475 1946//3475 1409//3475
f 1952//3476 1953//3476 1951//3476
f 1952//3477 1954//3477 1953//3477
f 1952//3478 1411//3478 1412//3478
f 1952//3479 1412//3479 1413//3479
f 1952//3480 1949//3480 1411//3480
f 1952//3481 1951//3481 1949//3481
f 1955//3482 1954//3482 1952//3482
f 1955//3483 1952//3483 1413//3483
f 1955//3484 1956//3484 1954//3484
f 1955//3485 1957//3485 1956//3485
f 1955//3486 1413//3486 1414//3486
f 1955//3487 1414//3487 1415//3487
f 1958//3488 1955//3488 1415//3488
f 1958//3489 1959//3489 1957//3489
f 1958//3490 1960//3490 1959//3490
f 1958//3491 1957//3491 1955//3491
f 1958//3492 1415//3492 1416//3492
f 1958//3493 1416//3493 1417//3493
f 1961//3494 1962//3494 1960//3494
f 1961//3495 1963//3495 1962//3495
f 1961//3496 1960//3496 1958//3496
f 1961//3497 1958//3497 1417//3497
f 1961//3498 1417//3498 1418//3498
f 1961//3499 1418//3499 1419//3499
f 1964//3500 1965//3500 1963//3500
f 1964//3501 1966//3501 1965//3501
f 1964//3502 1961//3502 1419//3502
f 1964//3503 1963//3503 1961//3503
f 1964//3504 1419//3504 1420//3504
f 1964//3505 1420//3505 1421//3505
f 1967//3506 1968//3506 1966//3506
f 1967//3507 1969//3507 1968//3507
f 1967//3508 1964//3508 1421//3508
f 1967//3509 1966//3509 1964//3509
f 1967//3510 1421//3510 1422//3510
f 1967//3511 1422//3511 1423//3511
f 1970//3512 1971//3512 1969//3512
f 1970//3513 1972//3513 1971//3513
f 1970//3514 1969//3514 1967//3514
f 1970//3515 1967//3515 1423//3515
f 1970//3516 1423//3516 1424//3516
f 1970//3517 1424//3517 1425//3517
f 1973//3518 1974//3518 1972//3518
f 1973//3519 1975//3519 1974//3519
f 1973//3520 1970//3520 1425//3520
f 1973//3521 1972//3521 1970//3521
f 1973//3522 1425//3522 1426//3522
f 1973//3523 1426//3523 1427//3523
f 1976//3524 1428//3524 1429//3524
f 1976//3525 1973//3525 1427//3525
f 1976//3526 1977//3526 1975//3526
f 1976//3527 1978//3527 1977//3527
f 1976//3528 1975//3528 1973//3528
f 1976//3529 1427//3529 1428//3529
f 1979//3530 1429//3530 1430//3530
f 1979//3531 1430//3531 1431//3531
f 1979//3532 1980//3532 1978//3532
f 1979//3533 1981//3533 1980//3533
f 1979//3534 1976//3534 1429//3534
f 1979//3535 1978//3535 1976//3535
f 1982//3536 1431//3536 1432//3536
f 1982//3537 1432//3537 1433//3537
f 1982//3538 1981//3538 1979//3538
f 1982//3539 1983//3539 1981//3539
f 1982//3540 1984//3540 1983//3540
f 1982//3541 1979//3541 1431//3541
f 1985//3542 1982//3542 1433//3542
f 1985//3543 1433//3543 1434//3543
f 1985//3544 1434//3544 1435//3544
f 1985//3545 1984//3545 1982//3545
f 1985//3546 1986//3546 1984//3546
f 1985//3547 1987//3547 1986//3547
f 1988//3548 1435//3548 1436//3548
f 1988//3549 1436//3549 1437//3549
f 1988//3550 1985//3550 1435//3550
f 1988//3551 1987//3551 1985//3551
f 1988//3552 1989//3552 1987//3552
f 1988//3553 1990//3553 1989//3553
f 1991//3554 1437//3554 1438//3554
f 1991//3555 1438//3555 1439//3555
f 1991//3556 1988//3556 1437//3556
f 1991//3557 1990//3557 1988//3557
f 1991//3558 1992//3558 1990//3558
f 1991//3559 1993//3559 1992//3559
f 1994//3560 1439//3560 1440//3560
f 1994//3561 1440//3561 1441//3561
f 1994//3562 1991//3562 1439//3562
f 1994//3563 1995//3563 1993//3563
f 1994//3564 1993//3564 1991//3564
f 1994//3565 1996//3565 1995//3565
f 1657//3566 1441//3566 1442//3566
f 1657//3567 1442//3567 1443//3567
f 1657//3568 1994//3568 1441//3568
f 1657//3569 1997//3569 1996//3569
f 1657//3570 1656//3570 1997//3570
f 1657//3571 1996//3571 1994//3571
f 1655//3572 1657//3572 1443//3572
f 1655//3573 1443//3573 1444//3573
f 1655//3574 1444//3574 1445//3574
f 1655//3575 1998//3575 1656//3575
f 1655//3576 1660//3576 1998//3576
f 1999//3577 2000//3577 1458//3577
f 2001//3578 2000//3578 1999//3578
f 1458//3579 2000//3579 1459//3579
f 2001//3580 2002//3580 2000//3580
f 2003//3581 2004//3581 1999//3581
f 2004//3582 2001//3582 1999//3582
f 2005//3583 2006//3583 1460//3583
f 1460//3584 2006//3584 1461//3584
f 2007//3585 2006//3585 2005//3585
f 2008//3586 2006//3586 2007//3586
f 2009//3587 2006//3587 2008//3587
f 1461//3588 2010//3588 1462//3588
f 1462//3589 2010//3589 1463//3589
f 2011//3590 2010//3590 2009//3590
f 2012//3591 2010//3591 2011//3591
f 2006//3592 2010//3592 1461//3592
f 2009//3593 2010//3593 2006//3593
f 1463//3594 2013//3594 1464//3594
f 1464//3595 2013//3595 1465//3595
f 2014//3596 2013//3596 2012//3596
f 2015//3597 2013//3597 2014//3597
f 2012//3598 2013//3598 2010//3598
f 2010//3599 2013//3599 1463//3599
f 1465//3600 2016//3600 1466//3600
f 1466//3601 2016//3601 1467//3601
f 2017//3602 2016//3602 2015//3602
f 2013//3603 2016//3603 1465//3603
f 2015//3604 2016//3604 2013//3604
f 1467//3605 2018//3605 1468//3605
f 1468//3606 2018//3606 1469//3606
f 2019//3607 2018//3607 2017//3607
f 2020//3608 2018//3608 2019//3608
f 2016//3609 2018//3609 1467//3609
f 2017//3610 2018//3610 2016//3610
f 1469//3611 2021//3611 1470//3611
f 1470//3612 2021//3612 1471//3612
f 2022//3613 2021//3613 2020//3613
f 2023//3614 2021//3614 2022//3614
f 2018//3615 2021//3615 1469//3615
f 2020//3616 2021//3616 2018//3616
f 1471//3617 2024//3617 1472//3617
f 1472//3618 2024//3618 1458//3618
f 2025//3619 2024//3619 2023//3619
f 2026//3620 2024//3620 2025//3620
f 2021//3621 2024//3621 1471//3621
f 2023//3622 2024//3622 2021//3622
f 1458//3623 2027//3623 1999//3623
f 2003//3624 2027//3624 2026//3624
f 2024//3625 2027//3625 1458//3625
f 2026//3626 2027//3626 2024//3626
f 1999//3627 2027//3627 2003//3627
f 1473//3628 2005//3628 1460//3628
f 2028//3629 2005//3629 1473//3629
f 2002//3630 2029//3630 2000//3630
f 2029//3631 2030//3631 2000//3631
f 2000//3632 2031//3632 1459//3632
f 2032//3633 2031//3633 2030//3633
f 2030//3634 2031//3634 2000//3634
f 1459//3635 2033//3635 1474//3635
f 1474//3636 2033//3636 1475//3636
f 2034//3637 2033//3637 2032//3637
f 2035//3638 2033//3638 2034//3638
f 2031//3639 2033//3639 1459//3639
f 2032//3640 2033//3640 2031//3640
f 1475//3641 2036//3641 1476//3641
f 1476//3642 2036//3642 1477//3642
f 2037//3643 2036//3643 2035//3643
f 2038//3644 2036//3644 2037//3644
f 2033//3645 2036//3645 1475//3645
f 2035//3646 2036//3646 2033//3646
f 1477//3647 2039//3647 1478//3647
f 1478//3648 2039//3648 1479//3648
f 2040//3649 2039//3649 2038//3649
f 2036//3650 2039//3650 1477//3650
f 2038//3651 2039//3651 2036//3651
f 1479//3652 2041//3652 1480//3652
f 1480//3653 2041//3653 1481//3653
f 2042//3654 2041//3654 2040//3654
f 2043//3655 2041//3655 2042//3655
f 2039//3656 2041//3656 1479//3656
f 2040//3657 2041//3657 2039//3657
f 1481//3658 2044//3658 1482//3658
f 1482//3659 2044//3659 1483//3659
f 2045//3660 2044//3660 2043//3660
f 2046//3661 2044//3661 2045//3661
f 2041//3662 2044//3662 1481//3662
f 2043//3663 2044//3663 2041//3663
f 1483//3664 2047//3664 1484//3664
f 1484//3665 2047//3665 1485//3665
f 2048//3666 2047//3666 2046//3666
f 2049//3667 2047//3667 2048//3667
f 2044//3668 2047//3668 1483//3668
f 2046//3669 2047//3669 2044//3669
f 1485//3670 2050//3670 1473//3670
f 1473//3671 2050//3671 2028//3671
f 2051//3672 2050//3672 2049//3672
f 2052//3673 2050//3673 2051//3673
f 2028//3674 2050//3674 2052//3674
f 2047//3675 2050//3675 1485//3675
f 2049//3676 2050//3676 2047//3676
f 2053//3677 2054//3677 1487//3677
f 1487//3678 2054//3678 1486//3678
f 2055//3679 2056//3679 2057//3679
f 2056//3680 2058//3680 2057//3680
f 2057//3681 2059//3681 1488//3681
f 2060//3682 2059//3682 2058//3682
f 2058//3683 2059//3683 2057//3683
f 1488//3684 2061//3684 1489//3684
f 1489//3685 2061//3685 1490//3685
f 2062//3686 2061//3686 2060//3686
f 2063//3687 2061//3687 2062//3687
f 2059//3688 2061//3688 1488//3688
f 2060//3689 2061//3689 2059//3689
f 1490//3690 2064//3690 1491//3690
f 1491//3691 2064//3691 1492//3691
f 2065//3692 2064//3692 2063//3692
f 2066//3693 2064//3693 2065//3693
f 2061//3694 2064//3694 1490//3694
f 2063//3695 2064//3695 2061//3695
f 1492//3696 2067//3696 1493//3696
f 1493//3697 2067//3697 1494//3697
f 2068//3698 2067//3698 2066//3698
f 2064//3699 2067//3699 1492//3699
f 2066//3700 2067//3700 2064//3700
f 1494//3701 2069//3701 1495//3701
f 1495//3702 2069//3702 1496//3702
f 2070//3703 2069//3703 2068//3703
f 2071//3704 2069//3704 2070//3704
f 2067//3705 2069//3705 1494//3705
f 2068//3706 2069//3706 2067//3706
f 1496//3707 2072//3707 1497//3707
f 1497//3708 2072//3708 1498//3708
f 2073//3709 2072//3709 2071//3709
f 2074//3710 2072//3710 2073//3710
f 2069//3711 2072//3711 1496//3711
f 2071//3712 2072//3712 2069//3712
f 1498//3713 2075//3713 1499//3713
f 1499//3714 2075//3714 1500//3714
f 2076//3715 2075//3715 2074//3715
f 2077//3716 2075//3716 2076//3716
f 2072//3717 2075//3717 1498//3717
f 2074//3718 2075//3718 2072//3718
f 1500//3719 2078//3719 1487//3719
f 1487//3720 2078//3720 2053//3720
f 2079//3721 2078//3721 2077//3721
f 2080//3722 2078//3722 2079//3722
f 2053//3723 2078//3723 2080//3723
f 2075//3724 2078//3724 1500//3724
f 2077//3725 2078//3725 2075//3725
f 2081//3726 2057//3726 1488//3726
f 2081//3727 1488//3727 1501//3727
f 2082//3728 2055//3728 2057//3728
f 2082//3729 2057//3729 2081//3729
f 2083//3730 2084//3730 2081//3730
f 2084//3731 2082//3731 2081//3731
f 2054//3732 2085//3732 1486//3732
f 1486//3733 2085//3733 1502//3733
f 2086//3734 2085//3734 2054//3734
f 2087//3735 2085//3735 2086//3735
f 2088//3736 2085//3736 2087//3736
f 1502//3737 2089//3737 1503//3737
f 1503//3738 2089//3738 1504//3738
f 2090//3739 2089//3739 2088//3739
f 2091//3740 2089//3740 2090//3740
f 2085//3741 2089//3741 1502//3741
f 2088//3742 2089//3742 2085//3742
f 1504//3743 2092//3743 1505//3743
f 1505//3744 2092//3744 1506//3744
f 2093//3745 2092//3745 2091//3745
f 2094//3746 2092//3746 2093//3746
f 2091//3747 2092//3747 2089//3747
f 2089//3748 2092//3748 1504//3748
f 1506//3749 2095//3749 1507//3749
f 1507//3750 2095//3750 1508//3750
f 2096//3751 2095//3751 2094//3751
f 2092//3752 2095//3752 1506//3752
f 2094//3753 2095//3753 2092//3753
f 1508//3754 2097//3754 1509//3754
f 1509//3755 2097//3755 1510//3755
f 2098//3756 2097//3756 2096//3756
f 2099//3757 2097//3757 2098//3757
f 2095//3758 2097//3758 1508//3758
f 2096//3759 2097//3759 2095//3759
f 1510//3760 2100//3760 1511//3760
f 1511//3761 2100//3761 1512//3761
f 2101//3762 2100//3762 2099//3762
f 2102//3763 2100//3763 2101//3763
f 2097//3764 2100//3764 1510//3764
f 2099//3765 2100//3765 2097//3765
f 1512//3766 2103//3766 1513//3766
f 1513//3767 2103//3767 1501//3767
f 2104//3768 2103//3768 2102//3768
f 2105//3769 2103//3769 2104//3769
f 2100//3770 2103//3770 1512//3770
f 2102//3771 2103//3771 2100//3771
f 1501//3772 2106//3772 2081//3772
f 2083//3773 2106//3773 2105//3773
f 2103//3774 2106//3774 1501//3774
f 2105//3775 2106//3775 2103//3775
f 2081//3776 2106//3776 2083//3776
f 2107//3777 2108//3777 2109//3777
f 2107//3778 2109//3778 2110//3778
f 2111//3779 2107//3779 2110//3779
f 2112//3780 2107//3780 2111//3780
f 2113//3781 1514//3781 2112//3781
f 2113//3782 2111//3782 2114//3782
f 2113//3783 2114//3783 2115//3783
f 2113//3784 1515//3784 1514//3784
f 2113//3785 2112//3785 2111//3785
f 2116//3786 2115//3786 2117//3786
f 2116//3787 2117//3787 2118//3787
f 2116//3788 1516//3788 1515//3788
f 2116//3789 1517//3789 1516//3789
f 2116//3790 1515//3790 2113//3790
f 2116//3791 2113//3791 2115//3791
f 2119//3792 2118//3792 2120//3792
f 2119//3793 2120//3793 2121//3793
f 2119//3794 1517//3794 2116//3794
f 2119//3795 1518//3795 1517//3795
f 2119//3796 1519//3796 1518//3796
f 2119//3797 2116//3797 2118//3797
f 2122//3798 2121//3798 2123//3798
f 2122//3799 2123//3799 2124//3799
f 2122//3800 2119//3800 2121//3800
f 2122//3801 1520//3801 1519//3801
f 2122//3802 1519//3802 2119//3802
f 2125//3803 2124//3803 2126//3803
f 2125//3804 2126//3804 2127//3804
f 2125//3805 1521//3805 1520//3805
f 2125//3806 1522//3806 1521//3806
f 2125//3807 2122//3807 2124//3807
f 2125//3808 1520//3808 2122//3808
f 2128//3809 1522//3809 2125//3809
f 2128//3810 2127//3810 2129//3810
f 2128//3811 2129//3811 2130//3811
f 2128//3812 1523//3812 1522//3812
f 2128//3813 1524//3813 1523//3813
f 2128//3814 2125//3814 2127//3814
f 2131//3815 2128//3815 2130//3815
f 2131//3816 1524//3816 2128//3816
f 2131//3817 2130//3817 2132//3817
f 2131//3818 2132//3818 2133//3818
f 2131//3819 1525//3819 1524//3819
f 2131//3820 1526//3820 1525//3820
f 2134//3821 2133//3821 2135//3821
f 2134//3822 2135//3822 2136//3822
f 2134//3823 2131//3823 2133//3823
f 2134//3824 1526//3824 2131//3824
f 2134//3825 1527//3825 1526//3825
f 2134//3826 1528//3826 1527//3826
f 2137//3827 2136//3827 2138//3827
f 2137//3828 1529//3828 1528//3828
f 2137//3829 1530//3829 1529//3829
f 2137//3830 2134//3830 2136//3830
f 2137//3831 1528//3831 2134//3831
f 2139//3832 2138//3832 2140//3832
f 2139//3833 2140//3833 2141//3833
f 2139//3834 1530//3834 2137//3834
f 2139//3835 1531//3835 1530//3835
f 2139//3836 1532//3836 1531//3836
f 2139//3837 2137//3837 2138//3837
f 2142//3838 2139//3838 2141//3838
f 2142//3839 2141//3839 2143//3839
f 2142//3840 2143//3840 2144//3840
f 2142//3841 1532//3841 2139//3841
f 2142//3842 1533//3842 1532//3842
f 2142//3843 1534//3843 1533//3843
f 2145//3844 1534//3844 2142//3844
f 2145//3845 2144//3845 2146//3845
f 2145//3846 2146//3846 2147//3846
f 2145//3847 1535//3847 1534//3847
f 2145//3848 1536//3848 1535//3848
f 2145//3849 2142//3849 2144//3849
f 2148//3850 1536//3850 2145//3850
f 2148//3851 2145//3851 2147//3851
f 2148//3852 2147//3852 2149//3852
f 2148//3853 2149//3853 2150//3853
f 2148//3854 1537//3854 1536//3854
f 2148//3855 1538//3855 1537//3855
f 2151//3856 1538//3856 2148//3856
f 2151//3857 2148//3857 2150//3857
f 2151//3858 2150//3858 2152//3858
f 2151//3859 2152//3859 2153//3859
f 2151//3860 1539//3860 1538//3860
f 2151//3861 1540//3861 1539//3861
f 2154//3862 2153//3862 2155//3862
f 2154//3863 2155//3863 2156//3863
f 2154//3864 1540//3864 2151//3864
f 2154//3865 2151//3865 2153//3865
f 2154//3866 1541//3866 1540//3866
f 2154//3867 1542//3867 1541//3867
f 2157//3868 2156//3868 2158//3868
f 2157//3869 2158//3869 2159//3869
f 2157//3870 2154//3870 2156//3870
f 2157//3871 1543//3871 1542//3871
f 2157//3872 1544//3872 1543//3872
f 2157//3873 1542//3873 2154//3873
f 2160//3874 2157//3874 2159//3874
f 2160//3875 2159//3875 2161//3875
f 2160//3876 2161//3876 2162//3876
f 2160//3877 1544//3877 2157//3877
f 2160//3878 1545//3878 1544//3878
f 2160//3879 1546//3879 1545//3879
f 2163//3880 2162//3880 2164//3880
f 2163//3881 2164//3881 2165//3881
f 2163//3882 2165//3882 2166//3882
f 2163//3883 2166//3883 1549//3883
f 2163//3884 1547//3884 1546//3884
f 2163//3885 1548//3885 1547//3885
f 2163//3886 1549//3886 1548//3886
f 2163//3887 2160//3887 2162//3887
f 2163//3888 1546//3888 2160//3888
f 2167//3889 2168//3889 2169//3889
f 2167//3890 2169//3890 2170//3890
f 2167//3891 2170//3891 2171//3891
f 2172//3892 2167//3892 2171//3892
f 2173//3893 1549//3893 2166//3893
f 2173//3894 2166//3894 2174//3894
f 2173//3895 2174//3895 2175//3895
f 2173//3896 2175//3896 2176//3896
f 2173//3897 1550//3897 1549//3897
f 2173//3898 1551//3898 1550//3898
f 2173//3899 1552//3899 1551//3899
f 2177//3900 2176//3900 2178//3900
f 2177//3901 2178//3901 2179//3901
f 2177//3902 1552//3902 2173//3902
f 2177//3903 1553//3903 1552//3903
f 2177//3904 1554//3904 1553//3904
f 2177//3905 2173//3905 2176//3905
f 2180//3906 2179//3906 2181//3906
f 2180//3907 2181//3907 2182//3907
f 2180//3908 2177//3908 2179//3908
f 2180//3909 1554//3909 2177//3909
f 2180//3910 1555//3910 1554//3910
f 2180//3911 1556//3911 1555//3911
f 2183//3912 2182//3912 2184//3912
f 2183//3913 2184//3913 2185//3913
f 2183//3914 1557//3914 1556//3914
f 2183//3915 1558//3915 1557//3915
f 2183//3916 2180//3916 2182//3916
f 2183//3917 1556//3917 2180//3917
f 2186//3918 2185//3918 2187//3918
f 2186//3919 2187//3919 2188//3919
f 2186//3920 1558//3920 2183//3920
f 2186//3921 1559//3921 1558//3921
f 2186//3922 1560//3922 1559//3922
f 2186//3923 2183//3923 2185//3923
f 2189//3924 1560//3924 2186//3924
f 2189//3925 2188//3925 2190//3925
f 2189//3926 2190//3926 2191//3926
f 2189//3927 2186//3927 2188//3927
f 2189//3928 1561//3928 1560//3928
f 2189//3929 1562//3929 1561//3929
f 2192//3930 2191//3930 2193//3930
f 2192//3931 2193//3931 2194//3931
f 2192//3932 2189//3932 2191//3932
f 2192//3933 1562//3933 2189//3933
f 2192//3934 1563//3934 1562//3934
f 2192//3935 1564//3935 1563//3935
f 2195//3936 2194//3936 2196//3936
f 2195//3937 2196//3937 2197//3937
f 2195//3938 2192//3938 2194//3938
f 2195//3939 1565//3939 1564//3939
f 2195//3940 1566//3940 1565//3940
f 2195//3941 1564//3941 2192//3941
f 2198//3942 2197//3942 2199//3942
f 2198//3943 2199//3943 2200//3943
f 2198//3944 1567//3944 1566//3944
f 2198//3945 1568//3945 1567//3945
f 2198//3946 2195//3946 2197//3946
f 2198//3947 1566//3947 2195//3947
f 2201//3948 2198//3948 2200//3948
f 2201//3949 2200//3949 2202//3949
f 2201//3950 1568//3950 2198//3950
f 2201//3951 1569//3951 1568//3951
f 2201//3952 1570//3952 1569//3952
f 2203//3953 2202//3953 2204//3953
f 2203//3954 2204//3954 2205//3954
f 2203//3955 2201//3955 2202//3955
f 2203//3956 1571//3956 1570//3956
f 2203//3957 1572//3957 1571//3957
f 2203//3958 1570//3958 2201//3958
f 2206//3959 2205//3959 2207//3959
f 2206//3960 2207//3960 2208//3960
f 2206//3961 1573//3961 1572//3961
f 2206//3962 1574//3962 1573//3962
f 2206//3963 1572//3963 2203//3963
f 2206//3964 2203//3964 2205//3964
f 2209//3965 1574//3965 2206//3965
f 2209//3966 2208//3966 2210//3966
f 2209//3967 2210//3967 2211//3967
f 2209//3968 1575//3968 1574//3968
f 2209//3969 1576//3969 1575//3969
f 2209//3970 2206//3970 2208//3970
f 2212//3971 2209//3971 2211//3971
f 2212//3972 1576//3972 2209//3972
f 2212//3973 2211//3973 2213//3973
f 2212//3974 2213//3974 2214//3974
f 2212//3975 1577//3975 1576//3975
f 2212//3976 1578//3976 1577//3976
f 2215//3977 2212//3977 2214//3977
f 2215//3978 2214//3978 2216//3978
f 2215//3979 1578//3979 2212//3979
f 2215//3980 2216//3980 2217//3980
f 2215//3981 1579//3981 1578//3981
f 2218//3982 2217//3982 2219//3982
f 2218//3983 2219//3983 2220//3983
f 2218//3984 2215//3984 2217//3984
f 2218//3985 1579//3985 2215//3985
f 2218//3986 1580//3986 1579//3986
f 2218//3987 1581//3987 1580//3987
f 2221//3988 2220//3988 2222//3988
f 2221//3989 2222//3989 2223//3989
f 2221//3990 2218//3990 2220//3990
f 2221//3991 1581//3991 2218//3991
f 2221//3992 1582//3992 1581//3992
f 2221//3993 1583//3993 1582//3993
f 2224//3994 2169//3994 2168//3994
f 2224//3995 2223//3995 2225//3995
f 2224//3996 2225//3996 2169//3996
f 2224//3997 2168//3997 1584//3997
f 2224//3998 2221//3998 2223//3998
f 2224//3999 1584//3999 1583//3999
f 2224//4000 1583//4000 2221//4000
f 2172//4001 2108//4001 2107//4001
f 2172//4002 2107//4002 2167//4002
f 2167//4003 2107//4003 2112//4003
f 2167//4004 2112//4004 2168//4004
f 2168//4005 2112//4005 1584//4005
f 1584//4006 2112//4006 1514//4006
f 2226//4007 2227//4007 2228//4007
f 2228//4008 2227//4008 2229//4008
f 2229//4009 2227//4009 1585//4009
f 1585//4010 2227//4010 2230//4010
f 1585//4011 2230//4011 2231//4011
f 1585//4012 2231//4012 1586//4012
f 2227//4013 2232//4013 2230//4013
f 2232//4014 2233//4014 2230//4014
f 2230//4015 2234//4015 2231//4015
f 2233//4016 2234//4016 2230//4016
f 2235//4017 2228//4017 2229//4017
f 2235//4018 2236//4018 2228//4018
f 2236//4019 2237//4019 2228//4019
f 2237//4020 2226//4020 2228//4020
f 2231//4021 2238//4021 1586//4021
f 1586//4022 2238//4022 1587//4022
f 2234//4023 2238//4023 2231//4023
f 2239//4024 2238//4024 2234//4024
f 2240//4025 2238//4025 2239//4025
f 1587//4026 2241//4026 1588//4026
f 1588//4027 2241//4027 1589//4027
f 2238//4028 2241//4028 1587//4028
f 2240//4029 2241//4029 2238//4029
f 2242//4030 2241//4030 2240//4030
f 2243//4031 2241//4031 2242//4031
f 1589//4032 2244//4032 1590//4032
f 1590//4033 2244//4033 1591//4033
f 2243//4034 2244//4034 2241//4034
f 2245//4035 2244//4035 2243//4035
f 2246//4036 2244//4036 2245//4036
f 2241//4037 2244//4037 1589//4037
f 1591//4038 2247//4038 1592//4038
f 1592//4039 2247//4039 1593//4039
f 2244//4040 2247//4040 1591//4040
f 2246//4041 2247//4041 2244//4041
f 2248//4042 2247//4042 2246//4042
f 2249//4043 2247//4043 2248//4043
f 1593//4044 2250//4044 1594//4044
f 1594//4045 2250//4045 1595//4045
f 2247//4046 2250//4046 1593//4046
f 2249//4047 2250//4047 2247//4047
f 2251//4048 2250//4048 2249//4048
f 2252//4049 2250//4049 2251//4049
f 2252//4050 2253//4050 2250//4050
f 1595//4051 2253//4051 1596//4051
f 1596//4052 2253//4052 1597//4052
f 2250//4053 2253//4053 1595//4053
f 2254//4054 2253//4054 2252//4054
f 2255//4055 2253//4055 2254//4055
f 1597//4056 2256//4056 1598//4056
f 1598//4057 2256//4057 1599//4057
f 2253//4058 2256//4058 1597//4058
f 2255//4059 2256//4059 2253//4059
f 2257//4060 2256//4060 2255//4060
f 2258//4061 2256//4061 2257//4061
f 1599//4062 2259//4062 1600//4062
f 1600//4063 2259//4063 1601//4063
f 2256//4064 2259//4064 1599//4064
f 2258//4065 2259//4065 2256//4065
f 2260//4066 2259//4066 2258//4066
f 2261//4067 2259//4067 2260//4067
f 2261//4068 2262//4068 2259//4068
f 1601//4069 2262//4069 1602//4069
f 1602//4070 2262//4070 1603//4070
f 2259//4071 2262//4071 1601//4071
f 2263//4072 2262//4072 2261//4072
f 2264//4073 2262//4073 2263//4073
f 1603//4074 2265//4074 1604//4074
f 1604//4075 2265//4075 1605//4075
f 2262//4076 2265//4076 1603//4076
f 2264//4077 2265//4077 2262//4077
f 2266//4078 2265//4078 2264//4078
f 2267//4079 2265//4079 2266//4079
f 1605//4080 2268//4080 1606//4080
f 1606//4081 2268//4081 1607//4081
f 2265//4082 2268//4082 1605//4082
f 2267//4083 2268//4083 2265//4083
f 2269//4084 2268//4084 2267//4084
f 2270//4085 2268//4085 2269//4085
f 2271//4086 2272//4086 2270//4086
f 2273//4087 2272//4087 2271//4087
f 1607//4088 2272//4088 1608//4088
f 1608//4089 2272//4089 1609//4089
f 2270//4090 2272//4090 2268//4090
f 2268//4091 2272//4091 1607//4091
f 2274//4092 2275//4092 2273//4092
f 2276//4093 2275//4093 2274//4093
f 2273//4094 2275//4094 2272//4094
f 1609//4095 2275//4095 1610//4095
f 1610//4096 2275//4096 1611//4096
f 2272//4097 2275//4097 1609//4097
f 2277//4098 2278//4098 2276//4098
f 2279//4099 2278//4099 2277//4099
f 1611//4100 2278//4100 1612//4100
f 1612//4101 2278//4101 1613//4101
f 2276//4102 2278//4102 2275//4102
f 2275//4103 2278//4103 1611//4103
f 2280//4104 2281//4104 2279//4104
f 2282//4105 2281//4105 2280//4105
f 1613//4106 2281//4106 1614//4106
f 1614//4107 2281//4107 1615//4107
f 2279//4108 2281//4108 2278//4108
f 2278//4109 2281//4109 1613//4109
f 2283//4110 2284//4110 2282//4110
f 2285//4111 2284//4111 2283//4111
f 2282//4112 2284//4112 2281//4112
f 2281//4113 2284//4113 1615//4113
f 1615//4114 2284//4114 1616//4114
f 1616//4115 2284//4115 1617//4115
f 2286//4116 2287//4116 2285//4116
f 2288//4117 2287//4117 2286//4117
f 1617//4118 2287//4118 1618//4118
f 1618//4119 2287//4119 1619//4119
f 2284//4120 2287//4120 1617//4120
f 2285//4121 2287//4121 2284//4121
f 2289//4122 2290//4122 2288//4122
f 2291//4123 2290//4123 2289//4123
f 1619//4124 2290//4124 1620//4124
f 2287//4125 2290//4125 1619//4125
f 2288//4126 2290//4126 2287//4126
f 2292//4127 2293//4127 2291//4127
f 2294//4128 2293//4128 2292//4128
f 2291//4129 2293//4129 2290//4129
f 2290//4130 2293//4130 1620//4130
f 1620//4131 2293//4131 1621//4131
f 1621//4132 2293//4132 1622//4132
f 2293//4133 2295//4133 1622//4133
f 2296//4134 2295//4134 2294//4134
f 2297//4135 2295//4135 2296//4135
f 1622//4136 2295//4136 1623//4136
f 1623//4137 2295//4137 1624//4137
f 2294//4138 2295//4138 2293//4138
f 2298//4139 2299//4139 2297//4139
f 2300//4140 2299//4140 2298//4140
f 1624//4141 2299//4141 1625//4141
f 1625//4142 2299//4142 1626//4142
f 2297//4143 2299//4143 2295//4143
f 2295//4144 2299//4144 1624//4144
f 2301//4145 2302//4145 2300//4145
f 2303//4146 2302//4146 2301//4146
f 1626//4147 2302//4147 1627//4147
f 1627//4148 2302//4148 1628//4148
f 2300//4149 2302//4149 2299//4149
f 2299//4150 2302//4150 1626//4150
f 2302//4151 2304//4151 1628//4151
f 2305//4152 2304//4152 2303//4152
f 2306//4153 2304//4153 2305//4153
f 1628//4154 2304//4154 1629//4154
f 1629//4155 2304//4155 1630//4155
f 2303//4156 2304//4156 2302//4156
f 2306//4157 2307//4157 2304//4157
f 2304//4158 2307//4158 1630//4158
f 2308//4159 2307//4159 2306//4159
f 2309//4160 2307//4160 2308//4160
f 1630//4161 2307//4161 1631//4161
f 1631//4162 2307//4162 1632//4162
f 2309//4163 2310//4163 2307//4163
f 2311//4164 2310//4164 2309//4164
f 2312//4165 2310//4165 2311//4165
f 2307//4166 2310//4166 1632//4166
f 1632//4167 2310//4167 1633//4167
f 1633//4168 2310//4168 1634//4168
f 2313//4169 2314//4169 2312//4169
f 2315//4170 2314//4170 2313//4170
f 2310//4171 2314//4171 1634//4171
f 2312//4172 2314//4172 2310//4172
f 1634//4173 2314//4173 1635//4173
f 1635//4174 2314//4174 1636//4174
f 2316//4175 2317//4175 2315//4175
f 2318//4176 2317//4176 2316//4176
f 2315//4177 2317//4177 2314//4177
f 1636//4178 2317//4178 1637//4178
f 1637//4179 2317//4179 1638//4179
f 2314//4180 2317//4180 1636//4180
f 2319//4181 2320//4181 2318//4181
f 2321//4182 2320//4182 2319//4182
f 1638//4183 2320//4183 1639//4183
f 1639//4184 2320//4184 1640//4184
f 2318//4185 2320//4185 2317//4185
f 2317//4186 2320//4186 1638//4186
f 2322//4187 2323//4187 2321//4187
f 2324//4188 2323//4188 2322//4188
f 1640//4189 2323//4189 1641//4189
f 1641//4190 2323//4190 1642//4190
f 2321//4191 2323//4191 2320//4191
f 2320//4192 2323//4192 1640//4192
f 2325//4193 2326//4193 2324//4193
f 2327//4194 2326//4194 2325//4194
f 1642//4195 2326//4195 1643//4195
f 1643//4196 2326//4196 1644//4196
f 2324//4197 2326//4197 2323//4197
f 2323//4198 2326//4198 1642//4198
f 2326//4199 2328//4199 1644//4199
f 2327//4200 2328//4200 2326//4200
f 2329//4201 2328//4201 2327//4201
f 2330//4202 2328//4202 2329//4202
f 1644//4203 2328//4203 1645//4203
f 1645//4204 2328//4204 1646//4204
f 2330//4205 2331//4205 2328//4205
f 2328//4206 2331//4206 1646//4206
f 2332//4207 2331//4207 2330//4207
f 2333//4208 2331//4208 2332//4208
f 1646//4209 2331//4209 1647//4209
f 1647//4210 2331//4210 1648//4210
f 2333//4211 2334//4211 2331//4211
f 2335//4212 2334//4212 2333//4212
f 2336//4213 2334//4213 2335//4213
f 1648//4214 2334//4214 1649//4214
f 1649//4215 2334//4215 1650//4215
f 2331//4216 2334//4216 1648//4216
f 2337//4217 2338//4217 2336//4217
f 2339//4218 2338//4218 2337//4218
f 2334//4219 2338//4219 1650//4219
f 1650//4220 2338//4220 1651//4220
f 1651//4221 2338//4221 1652//4221
f 2336//4222 2338//4222 2334//4222
f 2338//4223 2340//4223 1652//4223
f 2341//4224 2340//4224 2339//4224
f 2342//4225 2340//4225 2341//4225
f 2339//4226 2340//4226 2338//4226
f 1652//4227 2340//4227 1653//4227
f 1653//4228 2340//4228 1654//4228
f 2342//4229 2343//4229 2340//4229
f 2229//4230 2343//4230 2235//4230
f 2344//4231 2343//4231 2342//4231
f 2235//4232 2343//4232 2344//4232
f 1654//4233 2343//4233 1585//4233
f 1585//4234 2343//4234 2229//4234
f 2340//4235 2343//4235 1654//4235
f 2335//4236 1893//4236 1894//4236
f 2333//4237 1893//4237 2335//4237
f 2333//4238 1891//4238 1893//4238
f 2336//4239 2335//4239 1894//4239
f 2336//4240 1894//4240 1896//4240
f 2332//4241 1890//4241 1891//4241
f 2332//4242 1891//4242 2333//4242
f 2337//4243 1896//4243 1897//4243
f 2337//4244 2336//4244 1896//4244
f 2330//4245 1890//4245 2332//4245
f 2330//4246 1888//4246 1890//4246
f 2339//4247 1897//4247 1899//4247
f 2339//4248 2337//4248 1897//4248
f 2329//4249 1888//4249 2330//4249
f 2329//4250 1887//4250 1888//4250
f 2341//4251 1899//4251 1900//4251
f 2341//4252 2339//4252 1899//4252
f 2327//4253 1885//4253 1887//4253
f 2327//4254 1887//4254 2329//4254
f 2342//4255 1900//4255 1902//4255
f 2342//4256 2341//4256 1900//4256
f 2325//4257 1884//4257 1885//4257
f 2325//4258 1885//4258 2327//4258
f 2344//4259 1902//4259 1903//4259
f 2344//4260 2342//4260 1902//4260
f 2324//4261 1882//4261 1884//4261
f 2324//4262 1884//4262 2325//4262
f 2235//4263 2344//4263 1903//4263
f 2235//4264 1903//4264 1905//4264
f 2322//4265 1881//4265 1882//4265
f 2322//4266 1882//4266 2324//4266
f 2236//4267 2235//4267 1905//4267
f 2236//4268 1905//4268 1906//4268
f 2321//4269 1879//4269 1881//4269
f 2321//4270 1881//4270 2322//4270
f 2237//4271 2236//4271 1906//4271
f 2237//4272 1906//4272 1908//4272
f 2319//4273 1878//4273 1879//4273
f 2319//4274 1879//4274 2321//4274
f 2226//4275 1908//4275 1909//4275
f 2226//4276 2237//4276 1908//4276
f 2318//4277 1878//4277 2319//4277
f 2318//4278 1876//4278 1878//4278
f 2005//4279 1909//4279 1911//4279
f 2005//4280 2226//4280 1909//4280
f 2316//4281 1875//4281 1876//4281
f 2316//4282 1876//4282 2318//4282
f 2007//4283 1911//4283 1912//4283
f 2007//4284 2005//4284 1911//4284
f 2315//4285 1873//4285 1875//4285
f 2315//4286 1875//4286 2316//4286
f 2008//4287 2007//4287 1912//4287
f 2008//4288 1912//4288 1914//4288
f 2313//4289 1872//4289 1873//4289
f 2313//4290 1873//4290 2315//4290
f 2009//4291 1914//4291 1915//4291
f 2009//4292 2008//4292 1914//4292
f 2312//4293 1870//4293 1872//4293
f 2312//4294 1872//4294 2313//4294
f 2011//4295 2009//4295 1915//4295
f 2011//4296 1915//4296 1917//4296
f 2311//4297 1869//4297 1870//4297
f 2311//4298 1870//4298 2312//4298
f 2012//4299 2011//4299 1917//4299
f 2012//4300 1917//4300 1918//4300
f 2309//4301 1869//4301 2311//4301
f 2309//4302 1867//4302 1869//4302
f 2014//4303 2012//4303 1918//4303
f 2014//4304 1918//4304 1920//4304
f 2308//4305 1866//4305 1867//4305
f 2308//4306 1867//4306 2309//4306
f 2015//4307 1920//4307 1921//4307
f 2015//4308 2014//4308 1920//4308
f 2306//4309 1864//4309 1866//4309
f 2306//4310 1866//4310 2308//4310
f 2017//4311 2015//4311 1921//4311
f 2017//4312 1921//4312 1923//4312
f 2305//4313 1863//4313 1864//4313
f 2305//4314 1864//4314 2306//4314
f 2019//4315 1923//4315 1924//4315
f 2019//4316 2017//4316 1923//4316
f 2303//4317 1863//4317 2305//4317
f 2303//4318 1861//4318 1863//4318
f 2020//4319 1924//4319 1926//4319
f 2020//4320 2019//4320 1924//4320
f 2301//4321 1860//4321 1861//4321
f 2301//4322 1861//4322 2303//4322
f 2022//4323 1926//4323 1927//4323
f 2022//4324 2020//4324 1926//4324
f 2300//4325 1858//4325 1860//4325
f 2300//4326 1860//4326 2301//4326
f 2023//4327 2022//4327 1927//4327
f 2023//4328 1927//4328 1929//4328
f 2298//4329 1857//4329 1858//4329
f 2298//4330 1858//4330 2300//4330
f 2025//4331 1929//4331 1930//4331
f 2025//4332 2023//4332 1929//4332
f 2297//4333 1855//4333 1857//4333
f 2297//4334 1857//4334 2298//4334
f 2026//4335 1930//4335 1932//4335
f 2026//4336 2025//4336 1930//4336
f 2296//4337 1854//4337 1855//4337
f 2296//4338 1855//4338 2297//4338
f 2003//4339 1932//4339 1933//4339
f 2003//4340 2026//4340 1932//4340
f 2294//4341 1854//4341 2296//4341
f 2294//4342 1852//4342 1854//4342
f 2004//4343 2003//4343 1933//4343
f 2004//4344 1933//4344 1935//4344
f 2292//4345 1850//4345 1852//4345
f 2292//4346 1852//4346 2294//4346
f 2001//4347 1935//4347 1936//4347
f 2001//4348 2004//4348 1935//4348
f 2291//4349 1849//4349 1850//4349
f 2291//4350 1850//4350 2292//4350
f 2055//4351 2001//4351 1936//4351
f 2055//4352 1936//4352 1938//4352
f 2289//4353 1847//4353 1849//4353
f 2289//4354 1849//4354 2291//4354
f 2056//4355 2055//4355 1938//4355
f 2056//4356 1938//4356 1939//4356
f 2288//4357 1846//4357 1847//4357
f 2288//4358 1847//4358 2289//4358
f 2058//4359 2056//4359 1939//4359
f 2058//4360 1939//4360 1941//4360
f 2286//4361 1844//4361 1846//4361
f 2286//4362 1846//4362 2288//4362
f 2060//4363 2058//4363 1941//4363
f 2060//4364 1941//4364 1942//4364
f 2285//4365 1843//4365 1844//4365
f 2285//4366 1844//4366 2286//4366
f 2062//4367 1942//4367 1944//4367
f 2062//4368 2060//4368 1942//4368
f 2283//4369 1841//4369 1843//4369
f 2283//4370 1843//4370 2285//4370
f 2063//4371 2062//4371 1944//4371
f 2063//4372 1944//4372 1945//4372
f 2282//4373 1841//4373 2283//4373
f 2282//4374 1840//4374 1841//4374
f 2065//4375 1945//4375 1947//4375
f 2065//4376 2063//4376 1945//4376
f 2280//4377 1838//4377 1840//4377
f 2280//4378 1840//4378 2282//4378
f 2066//4379 2065//4379 1947//4379
f 2066//4380 1947//4380 1948//4380
f 2279//4381 1837//4381 1838//4381
f 2279//4382 1838//4382 2280//4382
f 2068//4383 2066//4383 1948//4383
f 2068//4384 1948//4384 1950//4384
f 2277//4385 1835//4385 1837//4385
f 2277//4386 1837//4386 2279//4386
f 2070//4387 2068//4387 1950//4387
f 2070//4388 1950//4388 1951//4388
f 2276//4389 1834//4389 1835//4389
f 2276//4390 1835//4390 2277//4390
f 2071//4391 2070//4391 1951//4391
f 2071//4392 1951//4392 1953//4392
f 2274//4393 1832//4393 1834//4393
f 2274//4394 1834//4394 2276//4394
f 2073//4395 2071//4395 1953//4395
f 2073//4396 1953//4396 1954//4396
f 2273//4397 1831//4397 1832//4397
f 2273//4398 1832//4398 2274//4398
f 2074//4399 2073//4399 1954//4399
f 2074//4400 1954//4400 1956//4400
f 2271//4401 1829//4401 1831//4401
f 2271//4402 1831//4402 2273//4402
f 2076//4403 2074//4403 1956//4403
f 2270//4404 1828//4404 1829//4404
f 2270//4405 1829//4405 2271//4405
f 2077//4406 2076//4406 1956//4406
f 2077//4407 1956//4407 1957//4407
f 2269//4408 1828//4408 2270//4408
f 2269//4409 1826//4409 1828//4409
f 2079//4410 2077//4410 1957//4410
f 2079//4411 1957//4411 1959//4411
f 2267//4412 1826//4412 2269//4412
f 2267//4413 1825//4413 1826//4413
f 2080//4414 2079//4414 1959//4414
f 2080//4415 1959//4415 1960//4415
f 2266//4416 1825//4416 2267//4416
f 2266//4417 1823//4417 1825//4417
f 2053//4418 2080//4418 1960//4418
f 2053//4419 1960//4419 1962//4419
f 2053//4420 1962//4420 1963//4420
f 2264//4421 1823//4421 2266//4421
f 2264//4422 1822//4422 1823//4422
f 2108//4423 2053//4423 1963//4423
f 2108//4424 1963//4424 1965//4424
f 2263//4425 1822//4425 2264//4425
f 2263//4426 1820//4426 1822//4426
f 2109//4427 2108//4427 1965//4427
f 2109//4428 1965//4428 1966//4428
f 2261//4429 1820//4429 2263//4429
f 2261//4430 1819//4430 1820//4430
f 2110//4431 2109//4431 1966//4431
f 2110//4432 1966//4432 1968//4432
f 2260//4433 1819//4433 2261//4433
f 2260//4434 1817//4434 1819//4434
f 2111//4435 2110//4435 1968//4435
f 2111//4436 1968//4436 1969//4436
f 2258//4437 1817//4437 2260//4437
f 2258//4438 1816//4438 1817//4438
f 2114//4439 2111//4439 1969//4439
f 2114//4440 1969//4440 1971//4440
f 2257//4441 1816//4441 2258//4441
f 2257//4442 1814//4442 1816//4442
f 2115//4443 2114//4443 1971//4443
f 2115//4444 1971//4444 1972//4444
f 2255//4445 1814//4445 2257//4445
f 2255//4446 1813//4446 1814//4446
f 2117//4447 2115//4447 1972//4447
f 2117//4448 1972//4448 1974//4448
f 2254//4449 1813//4449 2255//4449
f 2254//4450 1811//4450 1813//4450
f 2118//4451 2117//4451 1974//4451
f 2118//4452 1974//4452 1975//4452
f 2252//4453 1810//4453 1811//4453
f 2252//4454 1811//4454 2254//4454
f 2120//4455 2118//4455 1975//4455
f 1977//4456 2120//4456 1975//4456
f 2251//4457 1810//4457 2252//4457
f 1808//4458 1810//4458 2251//4458
f 2121//4459 2120//4459 1977//4459
f 2249//4460 1808//4460 2251//4460
f 1978//4461 2121//4461 1977//4461
f 2123//4462 2121//4462 1978//4462
f 1807//4463 1808//4463 2249//4463
f 2248//4464 1807//4464 2249//4464
f 1980//4465 2124//4465 2123//4465
f 1980//4466 2123//4466 1978//4466
f 1805//4467 1807//4467 2248//4467
f 1805//4468 2248//4468 2246//4468
f 1981//4469 2124//4469 1980//4469
f 1981//4470 2126//4470 2124//4470
f 1804//4471 1805//4471 2246//4471
f 1804//4472 2246//4472 2245//4472
f 1983//4473 2126//4473 1981//4473
f 1983//4474 2127//4474 2126//4474
f 1802//4475 1804//4475 2245//4475
f 1802//4476 2245//4476 2243//4476
f 1984//4477 2127//4477 1983//4477
f 1984//4478 2129//4478 2127//4478
f 1801//4479 1802//4479 2243//4479
f 1801//4480 2243//4480 2242//4480
f 1986//4481 2129//4481 1984//4481
f 1986//4482 2130//4482 2129//4482
f 1799//4483 1801//4483 2242//4483
f 1799//4484 2242//4484 2240//4484
f 1987//4485 2130//4485 1986//4485
f 1987//4486 2132//4486 2130//4486
f 1798//4487 1799//4487 2240//4487
f 1798//4488 2240//4488 2239//4488
f 1989//4489 2132//4489 1987//4489
f 1989//4490 2133//4490 2132//4490
f 1796//4491 1798//4491 2239//4491
f 1796//4492 2239//4492 2234//4492
f 1990//4493 2133//4493 1989//4493
f 1990//4494 2135//4494 2133//4494
f 1795//4495 2234//4495 2233//4495
f 1795//4496 1796//4496 2234//4496
f 1992//4497 2136//4497 2135//4497
f 1992//4498 2135//4498 1990//4498
f 1793//4499 2233//4499 2232//4499
f 1793//4500 1795//4500 2233//4500
f 1993//4501 2138//4501 2136//4501
f 1993//4502 2136//4502 1992//4502
f 1792//4503 2232//4503 2227//4503
f 1792//4504 1793//4504 2232//4504
f 1995//4505 2138//4505 1993//4505
f 1995//4506 2140//4506 2138//4506
f 1790//4507 1792//4507 2227//4507
f 1790//4508 2227//4508 2028//4508
f 1996//4509 2141//4509 2140//4509
f 1996//4510 2140//4510 1995//4510
f 1789//4511 1790//4511 2028//4511
f 1789//4512 2028//4512 2052//4512
f 1997//4513 2143//4513 2141//4513
f 1997//4514 2141//4514 1996//4514
f 1787//4515 1789//4515 2052//4515
f 1787//4516 2052//4516 2051//4516
f 1656//4517 2143//4517 1997//4517
f 1656//4518 2144//4518 2143//4518
f 1786//4519 2051//4519 2049//4519
f 1786//4520 1787//4520 2051//4520
f 1998//4521 2144//4521 1656//4521
f 1998//4522 2146//4522 2144//4522
f 1784//4523 2049//4523 2048//4523
f 1784//4524 1786//4524 2049//4524
f 1660//4525 2146//4525 1998//4525
f 1660//4526 2147//4526 2146//4526
f 1783//4527 2048//4527 2046//4527
f 1783//4528 1784//4528 2048//4528
f 1659//4529 2147//4529 1660//4529
f 1659//4530 2149//4530 2147//4530
f 1781//4531 1783//4531 2046//4531
f 1781//4532 2046//4532 2045//4532
f 1661//4533 2149//4533 1659//4533
f 1661//4534 2150//4534 2149//4534
f 1780//4535 2045//4535 2043//4535
f 1780//4536 1781//4536 2045//4536
f 1663//4537 2150//4537 1661//4537
f 1663//4538 2152//4538 2150//4538
f 1778//4539 1780//4539 2043//4539
f 1778//4540 2043//4540 2042//4540
f 1664//4541 2153//4541 2152//4541
f 1664//4542 2152//4542 1663//4542
f 1777//4543 1778//4543 2042//4543
f 1777//4544 2042//4544 2040//4544
f 1666//4545 2153//4545 1664//4545
f 1666//4546 2155//4546 2153//4546
f 1775//4547 1777//4547 2040//4547
f 1775//4548 2040//4548 2038//4548
f 1667//4549 2156//4549 2155//4549
f 1667//4550 2155//4550 1666//4550
f 1774//4551 1775//4551 2038//4551
f 1774//4552 2038//4552 2037//4552
f 1669//4553 2156//4553 1667//4553
f 1669//4554 2158//4554 2156//4554
f 1772//4555 1774//4555 2037//4555
f 1772//4556 2037//4556 2035//4556
f 1670//4557 2158//4557 1669//4557
f 1670//4558 2159//4558 2158//4558
f 1771//4559 2035//4559 2034//4559
f 1771//4560 1772//4560 2035//4560
f 1675//4561 2159//4561 1670//4561
f 1675//4562 2161//4562 2159//4562
f 1769//4563 2034//4563 2032//4563
f 1769//4564 1771//4564 2034//4564
f 1676//4565 2161//4565 1675//4565
f 1676//4566 2162//4566 2161//4566
f 1768//4567 2032//4567 2030//4567
f 1768//4568 1769//4568 2032//4568
f 1678//4569 2164//4569 2162//4569
f 1678//4570 2162//4570 1676//4570
f 1766//4571 2030//4571 2029//4571
f 1766//4572 1768//4572 2030//4572
f 1679//4573 2165//4573 2164//4573
f 1679//4574 2164//4574 1678//4574
f 1765//4575 2029//4575 2002//4575
f 1765//4576 1766//4576 2029//4576
f 1674//4577 2174//4577 2166//4577
f 1674//4578 2165//4578 1679//4578
f 1674//4579 2166//4579 2165//4579
f 1763//4580 2002//4580 2082//4580
f 1763//4581 1765//4581 2002//4581
f 1673//4582 2175//4582 2174//4582
f 1673//4583 2174//4583 1674//4583
f 1762//4584 1763//4584 2082//4584
f 1762//4585 2082//4585 2084//4585
f 1681//4586 2176//4586 2175//4586
f 1681//4587 2175//4587 1673//4587
f 1760//4588 1762//4588 2084//4588
f 1760//4589 2084//4589 2083//4589
f 1682//4590 2178//4590 2176//4590
f 1682//4591 2176//4591 1681//4591
f 1759//4592 1760//4592 2083//4592
f 1759//4593 2083//4593 2105//4593
f 1684//4594 2179//4594 2178//4594
f 1684//4595 2178//4595 1682//4595
f 1757//4596 1759//4596 2105//4596
f 1757//4597 2105//4597 2104//4597
f 1685//4598 2181//4598 2179//4598
f 1685//4599 2179//4599 1684//4599
f 1756//4600 2104//4600 2102//4600
f 1756//4601 1757//4601 2104//4601
f 1687//4602 2182//4602 2181//4602
f 1687//4603 2181//4603 1685//4603
f 1754//4604 2102//4604 2101//4604
f 1754//4605 1756//4605 2102//4605
f 1688//4606 2184//4606 2182//4606
f 1688//4607 2182//4607 1687//4607
f 1753//4608 2101//4608 2099//4608
f 1753//4609 1754//4609 2101//4609
f 1690//4610 2185//4610 2184//4610
f 1690//4611 2184//4611 1688//4611
f 1751//4612 2099//4612 2098//4612
f 1751//4613 1753//4613 2099//4613
f 1691//4614 2187//4614 2185//4614
f 1691//4615 2185//4615 1690//4615
f 1750//4616 2098//4616 2096//4616
f 1750//4617 1751//4617 2098//4617
f 1693//4618 2188//4618 2187//4618
f 1693//4619 2187//4619 1691//4619
f 1748//4620 1750//4620 2096//4620
f 1748//4621 2096//4621 2094//4621
f 1694//4622 2190//4622 2188//4622
f 1694//4623 2188//4623 1693//4623
f 1747//4624 1748//4624 2094//4624
f 1747//4625 2094//4625 2093//4625
f 1696//4626 2190//4626 1694//4626
f 1696//4627 2191//4627 2190//4627
f 1745//4628 1747//4628 2093//4628
f 1745//4629 2093//4629 2091//4629
f 1697//4630 2191//4630 1696//4630
f 1697//4631 2193//4631 2191//4631
f 1744//4632 1745//4632 2091//4632
f 1744//4633 2090//4633 2088//4633
f 1744//4634 2091//4634 2090//4634
f 1699//4635 2194//4635 2193//4635
f 1699//4636 2193//4636 1697//4636
f 1742//4637 1744//4637 2088//4637
f 1742//4638 2088//4638 2087//4638
f 1700//4639 2196//4639 2194//4639
f 1700//4640 2194//4640 1699//4640
f 1741//4641 1742//4641 2087//4641
f 1741//4642 2087//4642 2086//4642
f 1702//4643 2196//4643 1700//4643
f 1702//4644 2197//4644 2196//4644
f 1739//4645 1741//4645 2086//4645
f 1739//4646 2086//4646 2054//4646
f 1703//4647 2199//4647 2197//4647
f 1703//4648 2197//4648 1702//4648
f 1738//4649 1739//4649 2054//4649
f 1705//4650 2200//4650 2199//4650
f 1705//4651 2199//4651 1703//4651
f 1736//4652 1738//4652 2054//4652
f 1736//4653 2054//4653 2172//4653
f 1706//4654 2202//4654 2200//4654
f 1706//4655 2200//4655 1705//4655
f 1735//4656 1736//4656 2172//4656
f 1735//4657 2172//4657 2171//4657
f 1708//4658 2202//4658 1706//4658
f 1708//4659 2204//4659 2202//4659
f 1733//4660 2171//4660 2170//4660
f 1733//4661 1735//4661 2171//4661
f 1709//4662 2205//4662 2204//4662
f 1709//4663 2204//4663 1708//4663
f 1732//4664 2170//4664 2169//4664
f 1732//4665 1733//4665 2170//4665
f 1711//4666 2205//4666 1709//4666
f 1711//4667 2207//4667 2205//4667
f 1730//4668 2169//4668 2225//4668
f 1730//4669 1732//4669 2169//4669
f 1712//4670 2207//4670 1711//4670
f 1712//4671 2208//4671 2207//4671
f 1729//4672 1730//4672 2225//4672
f 1729//4673 2225//4673 2223//4673
f 1714//4674 2208//4674 1712//4674
f 1714//4675 2210//4675 2208//4675
f 1727//4676 1729//4676 2223//4676
f 1727//4677 2223//4677 2222//4677
f 1715//4678 2211//4678 2210//4678
f 1715//4679 2210//4679 1714//4679
f 1726//4680 1727//4680 2222//4680
f 1726//4681 2222//4681 2220//4681
f 1717//4682 2213//4682 2211//4682
f 1717//4683 2211//4683 1715//4683
f 1724//4684 2220//4684 2219//4684
f 1724//4685 1726//4685 2220//4685
f 1718//4686 2214//4686 2213//4686
f 1718//4687 2213//4687 1717//4687
f 1723//4688 2219//4688 2217//4688
f 1723//4689 1724//4689 2219//4689
f 1720//4690 2216//4690 2214//4690
f 1720//4691 2214//4691 1718//4691
f 1721//4692 2217//4692 2216//4692
f 1721//4693 1723//4693 2217//4693
f 1721//4694 2216//4694 1720//4694
f 2002//4695 2001//4695 2055//4695
f 2002//4696 2055//4696 2082//4696
f 2054//4697 2053//4697 2172//4697
f 2108//4698 2172//4698 2053//4698
f 2227//4699 2226//4699 2028//4699
f 2028//4700 2226//4700 2005//4700
