# Created by FreeCAD <http://www.freecad.org>
v -5.000000 -3.000000 0.000000
v -5.000000 -3.000000 3.000000
v -5.000000 21.000000 0.000000
v -5.000000 21.000000 3.000000
v 13.000000 -3.000000 0.000000
v 13.000000 -3.000000 3.000000
v -1.172879 -1.230592 3.000000
v -1.206197 -1.197952 3.000000
v -1.238608 -1.164410 3.000000
v -1.138677 -1.262305 3.000000
v -1.270086 -1.129992 3.000000
v -1.103618 -1.293069 3.000000
v -1.300608 -1.094723 3.000000
v -1.067729 -1.322859 3.000000
v -1.330152 -1.058630 3.000000
v -1.031036 -1.351653 3.000000
v -1.358693 -1.021740 3.000000
v -0.993566 -1.379430 3.000000
v -1.386212 -0.984081 3.000000
v -0.955349 -1.406168 3.000000
v -1.412688 -0.945681 3.000000
v -0.916412 -1.431848 3.000000
v -1.438100 -0.906569 3.000000
v -0.876786 -1.456450 3.000000
v -1.462430 -0.866775 3.000000
v -0.836500 -1.479955 3.000000
v -1.485658 -0.826329 3.000000
v -0.795584 -1.502347 3.000000
v -1.507769 -0.785260 3.000000
v -0.754069 -1.523608 3.000000
v -1.528744 -0.743600 3.000000
v -0.711986 -1.543721 3.000000
v -1.548569 -0.701381 3.000000
v -0.669368 -1.562673 3.000000
v -1.567228 -0.658633 3.000000
v -0.626245 -1.580448 3.000000
v -1.584707 -0.615390 3.000000
v -0.582652 -1.597034 3.000000
v -1.600993 -0.571683 3.000000
v -0.538619 -1.612417 3.000000
v -1.616074 -0.527546 3.000000
v -0.494181 -1.626587 3.000000
v -1.629938 -0.483012 3.000000
v -0.449371 -1.639532 3.000000
v -1.642576 -0.438115 3.000000
v -0.404223 -1.651243 3.000000
v -1.653977 -0.392887 3.000000
v -0.358771 -1.661711 3.000000
v -1.664133 -0.347364 3.000000
v -0.313048 -1.670928 3.000000
v -1.673036 -0.301580 3.000000
v -0.267090 -1.678887 3.000000
v -1.680680 -0.255568 3.000000
v -0.220931 -1.685583 3.000000
v -1.687059 -0.209364 3.000000
v -0.174606 -1.691009 3.000000
v -1.692167 -0.163002 3.000000
v -0.128149 -1.695163 3.000000
v -1.696002 -0.116518 3.000000
v -0.081595 -1.698041 3.000000
v -1.698560 -0.069946 3.000000
v -0.034980 -1.699640 3.000000
v -1.699840 -0.023321 3.000000
v 0.011661 -1.699960 3.000000
v -1.699840 0.023321 3.000000
v 0.058293 -1.699000 3.000000
v -1.698560 0.069946 3.000000
v 0.104882 -1.696762 3.000000
v -1.696002 0.116518 3.000000
v 0.151391 -1.693246 3.000000
v -1.692167 0.163002 3.000000
v 0.197787 -1.688455 3.000000
v -1.687059 0.209364 3.000000
v 0.244034 -1.682393 3.000000
v -1.680680 0.255568 3.000000
v -1.673036 0.301580 3.000000
v -1.664133 0.347364 3.000000
v -1.653977 0.392887 3.000000
v -1.642576 0.438115 3.000000
v -1.629938 0.483012 3.000000
v -1.616074 0.527546 3.000000
v -1.600993 0.571683 3.000000
v -1.584707 0.615390 3.000000
v -1.567228 0.658633 3.000000
v -1.548569 0.701381 3.000000
v -1.528744 0.743600 3.000000
v -1.507769 0.785260 3.000000
v -1.485658 0.826329 3.000000
v -1.462430 0.866775 3.000000
v -1.438100 0.906569 3.000000
v 1.700000 -0.000000 3.000000
v 1.699360 -0.046638 3.000000
v 1.697441 -0.093241 3.000000
v 1.694244 -0.139773 3.000000
v 1.315504 1.076778 3.000000
v 1.344549 1.040283 3.000000
v 1.689772 -0.186201 3.000000
v 1.372582 1.003005 3.000000
v 1.684028 -0.232488 3.000000
v 1.399582 0.964972 3.000000
v 1.677016 -0.278600 3.000000
v 1.425528 0.926212 3.000000
v 1.668741 -0.324502 3.000000
v 1.450401 0.886756 3.000000
v 1.659211 -0.370161 3.000000
v 1.474183 0.846632 3.000000
v 1.648431 -0.415540 3.000000
v 1.496855 0.805870 3.000000
v 1.636411 -0.460607 3.000000
v 1.518399 0.764502 3.000000
v 1.623159 -0.505327 3.000000
v 1.538801 0.722558 3.000000
v 1.608685 -0.549667 3.000000
v 1.558045 0.680071 3.000000
v 1.593000 -0.593592 3.000000
v 1.576115 0.637071 3.000000
v 1.576115 -0.637071 3.000000
v 1.593000 0.593592 3.000000
v 1.558045 -0.680071 3.000000
v 1.608685 0.549667 3.000000
v 1.538801 -0.722558 3.000000
v 1.623159 0.505327 3.000000
v 1.518399 -0.764502 3.000000
v 1.636411 0.460607 3.000000
v 1.496855 -0.805870 3.000000
v 1.648431 0.415540 3.000000
v 1.474183 -0.846632 3.000000
v 1.659211 0.370161 3.000000
v 1.450401 -0.886756 3.000000
v 1.668741 0.324502 3.000000
v 1.425528 -0.926212 3.000000
v 1.677016 0.278600 3.000000
v 1.399582 -0.964972 3.000000
v 1.684028 0.232488 3.000000
v 1.372582 -1.003005 3.000000
v 1.689772 0.186201 3.000000
v 1.344549 -1.040283 3.000000
v 1.694244 0.139773 3.000000
v 1.315504 -1.076778 3.000000
v 1.697441 0.093241 3.000000
v 1.285468 -1.112462 3.000000
v 1.699360 0.046638 3.000000
v 1.254465 -1.147309 3.000000
v 1.222518 -1.181292 3.000000
v 1.189650 -1.214386 3.000000
v 1.155887 -1.246566 3.000000
v 1.121253 -1.277807 3.000000
v 1.085776 -1.308087 3.000000
v 1.049481 -1.337382 3.000000
v 1.012396 -1.365670 3.000000
v 0.974549 -1.392930 3.000000
v 0.935969 -1.419142 3.000000
v 0.896684 -1.444285 3.000000
v 0.856724 -1.468341 3.000000
v 0.816119 -1.491292 3.000000
v 0.774899 -1.513120 3.000000
v 0.733097 -1.533809 3.000000
v 0.690742 -1.553343 3.000000
v 0.647868 -1.571709 3.000000
v 0.604505 -1.588891 3.000000
v 0.560688 -1.604877 3.000000
v 0.516449 -1.619654 3.000000
v 0.471821 -1.633213 3.000000
v 0.426838 -1.645542 3.000000
v 0.381533 -1.656633 3.000000
v 0.335941 -1.666476 3.000000
v 0.290097 -1.675065 3.000000
v -1.206197 15.802049 3.000000
v -1.238608 1.164410 3.000000
v -1.206197 1.197952 3.000000
v -1.172879 1.230592 3.000000
v -1.172879 15.769408 3.000000
v -1.238608 15.835590 3.000000
v -1.270086 1.129992 3.000000
v -1.138677 15.737695 3.000000
v -1.138677 1.262305 3.000000
v -1.270086 15.870008 3.000000
v -1.300608 1.094723 3.000000
v -1.103618 15.706931 3.000000
v -1.103618 1.293069 3.000000
v -1.300608 15.905277 3.000000
v -1.330152 1.058630 3.000000
v -1.067729 15.677141 3.000000
v -1.067729 1.322859 3.000000
v -1.031036 1.351653 3.000000
v -1.330152 15.941370 3.000000
v -1.031036 15.648347 3.000000
v -1.358693 15.978260 3.000000
v -1.358693 1.021740 3.000000
v -0.993566 15.620570 3.000000
v -0.993566 1.379430 3.000000
v -1.386212 16.015919 3.000000
v -1.386212 0.984081 3.000000
v -0.955349 15.593832 3.000000
v -0.955349 1.406168 3.000000
v -1.412688 16.054319 3.000000
v -1.412688 0.945681 3.000000
v -0.916412 15.568152 3.000000
v -0.916412 1.431848 3.000000
v -1.438100 16.093431 3.000000
v -0.876786 15.543550 3.000000
v -0.876786 1.456450 3.000000
v -1.462430 16.133224 3.000000
v -0.836500 15.520044 3.000000
v -0.836500 1.479955 3.000000
v -1.485658 16.173672 3.000000
v -0.795584 15.497653 3.000000
v -0.795584 1.502347 3.000000
v -1.507769 16.214741 3.000000
v -0.754069 15.476393 3.000000
v -0.754069 1.523608 3.000000
v -0.711986 1.543721 3.000000
v -1.528744 16.256399 3.000000
v -0.711986 15.456279 3.000000
v -0.669368 15.437327 3.000000
v -0.669368 1.562673 3.000000
v -0.626245 15.419552 3.000000
v -0.626245 1.580448 3.000000
v -0.582652 15.402966 3.000000
v -0.582652 1.597034 3.000000
v -0.538619 15.387583 3.000000
v -0.538619 1.612417 3.000000
v -0.494181 15.373413 3.000000
v -0.494181 1.626587 3.000000
v -0.449371 15.360468 3.000000
v -0.449371 1.639532 3.000000
v -0.404223 15.348757 3.000000
v -0.404223 1.651243 3.000000
v -0.358771 15.338289 3.000000
v -0.358771 1.661711 3.000000
v -0.313048 15.329072 3.000000
v -0.313048 1.670928 3.000000
v -0.267090 15.321113 3.000000
v -0.267090 1.678887 3.000000
v -0.220931 15.314417 3.000000
v -0.220931 1.685583 3.000000
v -0.174606 1.691009 3.000000
v -0.174606 15.308990 3.000000
v -0.128149 15.304837 3.000000
v -0.128149 1.695163 3.000000
v -0.081595 15.301959 3.000000
v -0.081595 1.698041 3.000000
v -0.034980 15.300360 3.000000
v -0.034980 1.699640 3.000000
v 0.011661 15.300040 3.000000
v 0.011661 1.699960 3.000000
v 0.058293 15.301000 3.000000
v 0.058293 1.699000 3.000000
v 0.104882 15.303239 3.000000
v 0.104882 1.696762 3.000000
v 0.151391 1.693246 3.000000
v 0.151391 15.306754 3.000000
v 0.197787 15.311545 3.000000
v 0.197787 1.688455 3.000000
v 0.244034 1.682393 3.000000
v 0.244034 15.317607 3.000000
v 0.290097 15.324935 3.000000
v 0.290097 1.675065 3.000000
v 0.335941 15.333524 3.000000
v 0.335941 1.666476 3.000000
v 0.381533 15.343368 3.000000
v 0.381533 1.656633 3.000000
v 0.426838 15.354458 3.000000
v 0.426838 1.645542 3.000000
v 0.471821 15.366787 3.000000
v 0.471821 1.633213 3.000000
v 0.516449 15.380345 3.000000
v 0.516449 1.619654 3.000000
v 0.560688 15.395123 3.000000
v 0.560688 1.604877 3.000000
v 0.604505 1.588891 3.000000
v -1.548569 16.298620 3.000000
v -1.567228 16.341368 3.000000
v -1.584707 16.384609 3.000000
v -1.600993 16.428316 3.000000
v -1.616074 16.472454 3.000000
v -1.629938 16.516987 3.000000
v -1.642576 16.561886 3.000000
v -1.653977 16.607113 3.000000
v -1.664133 16.652636 3.000000
v -1.673036 16.698420 3.000000
v -1.680680 16.744432 3.000000
v -1.687059 16.790636 3.000000
v -1.692167 16.836998 3.000000
v -1.696002 16.883482 3.000000
v -1.698560 16.930054 3.000000
v -1.699840 16.976679 3.000000
v -1.699840 17.023321 3.000000
v -1.698560 17.069946 3.000000
v -1.696002 17.116518 3.000000
v -1.692167 17.163002 3.000000
v -1.687059 17.209364 3.000000
v -1.680680 17.255568 3.000000
v -1.673036 17.301580 3.000000
v -1.664133 17.347364 3.000000
v -1.653977 17.392887 3.000000
v -1.642576 17.438114 3.000000
v -1.629938 17.483013 3.000000
v -1.616074 17.527546 3.000000
v -1.600993 17.571684 3.000000
v 0.604505 15.411109 3.000000
v -1.584707 17.615391 3.000000
v 0.647868 15.428291 3.000000
v 0.647868 1.571709 3.000000
v -1.567228 17.658632 3.000000
v 0.690742 15.446656 3.000000
v 0.690742 1.553343 3.000000
v -1.548569 17.701380 3.000000
v 0.733097 15.466191 3.000000
v 0.733097 1.533809 3.000000
v 0.774899 1.513120 3.000000
v -1.528744 17.743601 3.000000
v 0.774899 15.486880 3.000000
v -1.507769 17.785259 3.000000
v 0.816119 15.508708 3.000000
v 0.816119 1.491292 3.000000
v -1.485658 17.826328 3.000000
v 0.856724 15.531659 3.000000
v 0.856724 1.468341 3.000000
v 0.896684 1.444285 3.000000
v -1.462430 17.866776 3.000000
v 0.896684 15.555716 3.000000
v -1.438100 17.906569 3.000000
v 0.935969 15.580858 3.000000
v 0.935969 1.419142 3.000000
v -1.412688 17.945681 3.000000
v 0.974549 15.607070 3.000000
v 0.974549 1.392930 3.000000
v -1.386212 17.984081 3.000000
v 1.012396 15.634330 3.000000
v 1.012396 1.365670 3.000000
v -1.358693 18.021740 3.000000
v 1.049481 15.662619 3.000000
v 1.049481 1.337382 3.000000
v -1.330152 18.058630 3.000000
v 1.085776 15.691914 3.000000
v 1.085776 1.308087 3.000000
v -1.300608 18.094723 3.000000
v 1.121253 15.722193 3.000000
v 1.121253 1.277807 3.000000
v 1.155887 1.246566 3.000000
v -1.270086 18.129992 3.000000
v 1.155887 15.753434 3.000000
v -1.238608 18.164410 3.000000
v 1.189650 15.785614 3.000000
v 1.189650 1.214386 3.000000
v 1.222518 1.181292 3.000000
v -1.206197 18.197952 3.000000
v 1.222518 15.818708 3.000000
v 1.254465 1.147309 3.000000
v -1.172879 18.230591 3.000000
v 1.254465 15.852692 3.000000
v -1.138677 18.262306 3.000000
v 1.285468 15.887538 3.000000
v 1.285468 1.112462 3.000000
v -1.103618 18.293068 3.000000
v 1.315504 15.923223 3.000000
v -1.067729 18.322859 3.000000
v 1.344549 15.959718 3.000000
v -1.031036 18.351652 3.000000
v 1.372582 15.996995 3.000000
v -0.993566 18.379429 3.000000
v 1.399582 16.035028 3.000000
v -0.955349 18.406168 3.000000
v -0.916412 18.431849 3.000000
v -0.876786 18.456450 3.000000
v -0.836500 18.479956 3.000000
v -0.795584 18.502348 3.000000
v -0.754069 18.523607 3.000000
v -0.711986 18.543722 3.000000
v -0.669368 18.562674 3.000000
v -0.626245 18.580448 3.000000
v -0.582652 18.597034 3.000000
v -0.538619 18.612417 3.000000
v -0.494181 18.626587 3.000000
v -0.449371 18.639532 3.000000
v -0.404223 18.651243 3.000000
v -0.358771 18.661711 3.000000
v -0.313048 18.670929 3.000000
v -0.267090 18.678886 3.000000
v -0.220931 18.685583 3.000000
v -0.174606 18.691010 3.000000
v -0.128149 18.695164 3.000000
v -0.081595 18.698040 3.000000
v -0.034980 18.699640 3.000000
v 0.011661 18.699961 3.000000
v 0.058293 18.698999 3.000000
v 0.104882 18.696762 3.000000
v 0.151391 18.693245 3.000000
v 0.197787 18.688456 3.000000
v 0.244034 18.682394 3.000000
v 0.290097 18.675066 3.000000
v 0.335941 18.666477 3.000000
v 13.000000 21.000000 3.000000
v 0.516449 18.619654 3.000000
v 0.560688 18.604877 3.000000
v 0.604505 18.588890 3.000000
v 0.647868 18.571709 3.000000
v 0.690742 18.553343 3.000000
v 0.733097 18.533810 3.000000
v 0.774899 18.513121 3.000000
v 0.816119 18.491291 3.000000
v 0.856724 18.468340 3.000000
v 0.896684 18.444284 3.000000
v 0.935969 18.419142 3.000000
v 0.974549 18.392929 3.000000
v 1.012396 18.365669 3.000000
v 1.049481 18.337381 3.000000
v 1.085776 18.308086 3.000000
v 1.121253 18.277807 3.000000
v 1.155887 18.246565 3.000000
v 1.189650 18.214386 3.000000
v 1.222518 18.181292 3.000000
v 1.254465 18.147308 3.000000
v 1.700000 17.000000 3.000000
v 1.699360 16.953362 3.000000
v 1.285468 18.112461 3.000000
v 1.697441 16.906759 3.000000
v 1.315504 18.076778 3.000000
v 1.694244 16.860228 3.000000
v 1.344549 18.040283 3.000000
v 1.689772 16.813799 3.000000
v 1.372582 18.003004 3.000000
v 1.684028 16.767511 3.000000
v 1.399582 17.964972 3.000000
v 1.677016 16.721399 3.000000
v 1.425528 17.926212 3.000000
v 1.668741 16.675497 3.000000
v 1.450401 17.886755 3.000000
v 1.659211 16.629839 3.000000
v 1.474183 17.846632 3.000000
v 1.648431 16.584459 3.000000
v 1.496855 17.805870 3.000000
v 1.636411 16.539392 3.000000
v 1.518399 17.764502 3.000000
v 1.623159 16.494673 3.000000
v 1.538801 17.722559 3.000000
v 1.608685 16.450333 3.000000
v 1.558045 17.680071 3.000000
v 1.593000 16.406408 3.000000
v 1.576115 17.637072 3.000000
v 1.576115 16.362928 3.000000
v 1.593000 17.593592 3.000000
v 1.558045 16.319929 3.000000
v 1.608685 17.549667 3.000000
v 1.538801 16.277441 3.000000
v 1.623159 17.505327 3.000000
v 1.518399 16.235498 3.000000
v 1.636411 17.460608 3.000000
v 1.496855 16.194130 3.000000
v 1.648431 17.415541 3.000000
v 1.474183 16.153368 3.000000
v 1.659211 17.370161 3.000000
v 1.450401 16.113245 3.000000
v 1.668741 17.324503 3.000000
v 1.425528 16.073788 3.000000
v 1.677016 17.278601 3.000000
v 1.684028 17.232489 3.000000
v 1.689772 17.186201 3.000000
v 1.694244 17.139772 3.000000
v 1.697441 17.093241 3.000000
v 1.699360 17.046638 3.000000
v 0.381533 18.656633 3.000000
v 0.426838 18.645542 3.000000
v 0.471821 18.633213 3.000000
v 13.000000 21.000000 0.000000
v -1.206197 -1.197952 0.000000
v -1.172879 -1.230592 0.000000
v -1.238608 -1.164410 0.000000
v -1.138677 -1.262305 0.000000
v -1.270086 -1.129992 0.000000
v -1.103618 -1.293069 0.000000
v -1.300608 -1.094723 0.000000
v -1.067729 -1.322859 0.000000
v -1.330152 -1.058630 0.000000
v -1.031036 -1.351653 0.000000
v -1.358693 -1.021740 0.000000
v -0.993566 -1.379430 0.000000
v -1.386212 -0.984081 0.000000
v -0.955349 -1.406168 0.000000
v -1.412688 -0.945681 0.000000
v -0.916412 -1.431848 0.000000
v -1.438100 -0.906569 0.000000
v -0.876786 -1.456450 0.000000
v -1.462430 -0.866775 0.000000
v -0.836500 -1.479955 0.000000
v -1.485658 -0.826329 0.000000
v -0.795584 -1.502347 0.000000
v -1.507769 -0.785260 0.000000
v -0.754069 -1.523608 0.000000
v -1.528744 -0.743600 0.000000
v -0.711986 -1.543721 0.000000
v -1.548569 -0.701381 0.000000
v -0.669368 -1.562673 0.000000
v -1.567228 -0.658633 0.000000
v -0.626245 -1.580448 0.000000
v -1.584707 -0.615390 0.000000
v -0.582652 -1.597034 0.000000
v -1.600993 -0.571683 0.000000
v -0.538619 -1.612417 0.000000
v -1.616074 -0.527546 0.000000
v -0.494181 -1.626587 0.000000
v -1.629938 -0.483012 0.000000
v -0.449371 -1.639532 0.000000
v -1.642576 -0.438115 0.000000
v -0.404223 -1.651243 0.000000
v -1.653977 -0.392887 0.000000
v -0.358771 -1.661711 0.000000
v -1.664133 -0.347364 0.000000
v -0.313048 -1.670928 0.000000
v -1.673036 -0.301580 0.000000
v -0.267090 -1.678887 0.000000
v -1.680680 -0.255568 0.000000
v -0.220931 -1.685583 0.000000
v -1.687059 -0.209364 0.000000
v -0.174606 -1.691009 0.000000
v -1.692167 -0.163002 0.000000
v -0.128149 -1.695163 0.000000
v -1.696002 -0.116518 0.000000
v -0.081595 -1.698041 0.000000
v -1.698560 -0.069946 0.000000
v -0.034980 -1.699640 0.000000
v -1.699840 -0.023321 0.000000
v 0.011661 -1.699960 0.000000
v -1.699840 0.023321 0.000000
v 0.058293 -1.699000 0.000000
v -1.698560 0.069946 0.000000
v 0.104882 -1.696762 0.000000
v -1.696002 0.116518 0.000000
v 0.151391 -1.693246 0.000000
v -1.692167 0.163002 0.000000
v 0.197787 -1.688455 0.000000
v -1.687059 0.209364 0.000000
v 0.244034 -1.682393 0.000000
v -1.680680 0.255568 0.000000
v -1.673036 0.301580 0.000000
v -1.664133 0.347364 0.000000
v -1.653977 0.392887 0.000000
v -1.642576 0.438115 0.000000
v -1.629938 0.483012 0.000000
v -1.616074 0.527546 0.000000
v -1.600993 0.571683 0.000000
v -1.584707 0.615390 0.000000
v -1.567228 0.658633 0.000000
v -1.548569 0.701381 0.000000
v -1.528744 0.743600 0.000000
v -1.507769 0.785260 0.000000
v -1.485658 0.826329 0.000000
v -1.462430 0.866775 0.000000
v -1.438100 0.906569 0.000000
v 1.121253 -1.277807 0.000000
v 1.085776 -1.308087 0.000000
v 1.155887 -1.246566 0.000000
v 1.189650 -1.214386 0.000000
v 1.222518 -1.181292 0.000000
v 1.254465 -1.147309 0.000000
v 1.285468 -1.112462 0.000000
v 1.699360 0.046638 0.000000
v 1.700000 -0.000000 0.000000
v 1.315504 -1.076778 0.000000
v 1.697441 0.093241 0.000000
v 1.344549 -1.040283 0.000000
v 1.694244 0.139773 0.000000
v 1.372582 -1.003005 0.000000
v 1.689772 0.186201 0.000000
v 1.399582 -0.964972 0.000000
v 1.684028 0.232488 0.000000
v 1.425528 -0.926212 0.000000
v 1.677016 0.278600 0.000000
v 1.450401 -0.886756 0.000000
v 1.668741 0.324502 0.000000
v 1.474183 -0.846632 0.000000
v 1.659211 0.370161 0.000000
v 1.496855 -0.805870 0.000000
v 1.648431 0.415540 0.000000
v 1.518399 -0.764502 0.000000
v 1.636411 0.460607 0.000000
v 1.538801 -0.722558 0.000000
v 1.623159 0.505327 0.000000
v 1.558045 -0.680071 0.000000
v 1.608685 0.549667 0.000000
v 1.576115 -0.637071 0.000000
v 1.593000 0.593592 0.000000
v 1.593000 -0.593592 0.000000
v 1.576115 0.637071 0.000000
v 1.608685 -0.549667 0.000000
v 1.558045 0.680071 0.000000
v 1.623159 -0.505327 0.000000
v 1.538801 0.722558 0.000000
v 1.636411 -0.460607 0.000000
v 1.518399 0.764502 0.000000
v 1.648431 -0.415540 0.000000
v 1.496855 0.805870 0.000000
v 1.659211 -0.370161 0.000000
v 1.474183 0.846632 0.000000
v 1.668741 -0.324502 0.000000
v 1.450401 0.886756 0.000000
v 1.677016 -0.278600 0.000000
v 1.425528 0.926212 0.000000
v 1.684028 -0.232488 0.000000
v 1.399582 0.964972 0.000000
v 1.689772 -0.186201 0.000000
v 1.372582 1.003005 0.000000
v 1.694244 -0.139773 0.000000
v 1.344549 1.040283 0.000000
v 1.697441 -0.093241 0.000000
v 1.315504 1.076778 0.000000
v 1.699360 -0.046638 0.000000
v 0.290097 -1.675065 0.000000
v 0.335941 -1.666476 0.000000
v 0.381533 -1.656633 0.000000
v 0.426838 -1.645542 0.000000
v 0.471821 -1.633213 0.000000
v 0.516449 -1.619654 0.000000
v 0.560688 -1.604877 0.000000
v 0.604505 -1.588891 0.000000
v 0.647868 -1.571709 0.000000
v 0.690742 -1.553343 0.000000
v 0.733097 -1.533809 0.000000
v 0.774899 -1.513120 0.000000
v 0.816119 -1.491292 0.000000
v 0.856724 -1.468341 0.000000
v 0.896684 -1.444285 0.000000
v 0.935969 -1.419142 0.000000
v 0.974549 -1.392930 0.000000
v 1.012396 -1.365670 0.000000
v 1.049481 -1.337382 0.000000
v -1.206197 15.802049 0.000000
v -1.172879 15.769408 0.000000
v -1.206197 1.197952 0.000000
v -1.172879 1.230592 0.000000
v -1.138677 1.262305 0.000000
v -1.238608 15.835590 0.000000
v -1.238608 1.164410 0.000000
v -1.138677 15.737695 0.000000
v -1.270086 15.870008 0.000000
v -1.270086 1.129992 0.000000
v -1.300608 1.094723 0.000000
v -1.103618 15.706931 0.000000
v -1.103618 1.293069 0.000000
v -1.300608 15.905277 0.000000
v -1.067729 15.677141 0.000000
v -1.067729 1.322859 0.000000
v -1.330152 15.941370 0.000000
v -1.330152 1.058630 0.000000
v -1.031036 15.648347 0.000000
v -1.031036 1.351653 0.000000
v -1.358693 15.978260 0.000000
v -1.358693 1.021740 0.000000
v -0.993566 15.620570 0.000000
v -0.993566 1.379430 0.000000
v -1.386212 16.015919 0.000000
v -1.386212 0.984081 0.000000
v -0.955349 15.593832 0.000000
v -0.955349 1.406168 0.000000
v -0.916412 1.431848 0.000000
v -1.412688 16.054319 0.000000
v -1.412688 0.945681 0.000000
v -0.916412 15.568152 0.000000
v -1.438100 16.093431 0.000000
v -0.876786 15.543550 0.000000
v -0.876786 1.456450 0.000000
v -1.462430 16.133224 0.000000
v -0.836500 15.520044 0.000000
v -0.836500 1.479955 0.000000
v -0.795584 1.502347 0.000000
v -1.485658 16.173672 0.000000
v -0.795584 15.497653 0.000000
v -1.507769 16.214741 0.000000
v -0.754069 15.476393 0.000000
v -0.754069 1.523608 0.000000
v -1.528744 16.256399 0.000000
v -0.711986 15.456279 0.000000
v -0.711986 1.543721 0.000000
v -0.669368 15.437327 0.000000
v -0.669368 1.562673 0.000000
v -0.626245 15.419552 0.000000
v -0.626245 1.580448 0.000000
v -0.582652 15.402966 0.000000
v -0.582652 1.597034 0.000000
v -0.538619 15.387583 0.000000
v -0.538619 1.612417 0.000000
v -0.494181 15.373413 0.000000
v -0.494181 1.626587 0.000000
v -0.449371 15.360468 0.000000
v -0.449371 1.639532 0.000000
v -0.404223 15.348757 0.000000
v -0.404223 1.651243 0.000000
v -0.358771 15.338289 0.000000
v -0.358771 1.661711 0.000000
v -0.313048 15.329072 0.000000
v -0.313048 1.670928 0.000000
v -0.267090 15.321113 0.000000
v -0.267090 1.678887 0.000000
v -0.220931 15.314417 0.000000
v -0.220931 1.685583 0.000000
v -0.174606 15.308990 0.000000
v -0.174606 1.691009 0.000000
v -0.128149 15.304837 0.000000
v -0.128149 1.695163 0.000000
v -0.081595 15.301959 0.000000
v -0.081595 1.698041 0.000000
v -0.034980 15.300360 0.000000
v -0.034980 1.699640 0.000000
v 0.011661 15.300040 0.000000
v 0.011661 1.699960 0.000000
v 0.058293 15.301000 0.000000
v 0.058293 1.699000 0.000000
v 0.104882 15.303239 0.000000
v 0.104882 1.696762 0.000000
v 0.151391 15.306754 0.000000
v 0.151391 1.693246 0.000000
v 0.197787 1.688455 0.000000
v 0.197787 15.311545 0.000000
v 0.244034 15.317607 0.000000
v 0.244034 1.682393 0.000000
v 0.290097 15.324935 0.000000
v 0.290097 1.675065 0.000000
v 0.335941 15.333524 0.000000
v 0.335941 1.666476 0.000000
v 0.381533 15.343368 0.000000
v 0.381533 1.656633 0.000000
v 0.426838 15.354458 0.000000
v 0.426838 1.645542 0.000000
v 0.471821 15.366787 0.000000
v 0.471821 1.633213 0.000000
v 0.516449 15.380345 0.000000
v 0.516449 1.619654 0.000000
v 0.560688 15.395123 0.000000
v 0.560688 1.604877 0.000000
v -1.616074 17.527546 0.000000
v -1.600993 17.571684 0.000000
v -1.629938 17.483013 0.000000
v -1.642576 17.438114 0.000000
v -1.653977 17.392887 0.000000
v -1.664133 17.347364 0.000000
v -1.673036 17.301580 0.000000
v -1.680680 17.255568 0.000000
v -1.687059 17.209364 0.000000
v -1.692167 17.163002 0.000000
v -1.696002 17.116518 0.000000
v -1.698560 17.069946 0.000000
v -1.699840 17.023321 0.000000
v -1.699840 16.976679 0.000000
v -1.698560 16.930054 0.000000
v -1.696002 16.883482 0.000000
v -1.692167 16.836998 0.000000
v -1.687059 16.790636 0.000000
v -1.680680 16.744432 0.000000
v -1.673036 16.698420 0.000000
v -1.664133 16.652636 0.000000
v -1.653977 16.607113 0.000000
v -1.642576 16.561886 0.000000
v -1.629938 16.516987 0.000000
v -1.616074 16.472454 0.000000
v -1.600993 16.428316 0.000000
v -1.584707 16.384609 0.000000
v -1.567228 16.341368 0.000000
v -1.548569 16.298620 0.000000
v 0.604505 15.411109 0.000000
v 0.604505 1.588891 0.000000
v -1.584707 17.615391 0.000000
v 0.647868 15.428291 0.000000
v 0.647868 1.571709 0.000000
v -1.567228 17.658632 0.000000
v 0.690742 15.446656 0.000000
v 0.690742 1.553343 0.000000
v 0.733097 1.533809 0.000000
v -1.548569 17.701380 0.000000
v 0.733097 15.466191 0.000000
v -1.528744 17.743601 0.000000
v 0.774899 15.486880 0.000000
v 0.774899 1.513120 0.000000
v -1.507769 17.785259 0.000000
v 0.816119 15.508708 0.000000
v 0.816119 1.491292 0.000000
v -1.485658 17.826328 0.000000
v 0.856724 15.531659 0.000000
v 0.856724 1.468341 0.000000
v 0.896684 1.444285 0.000000
v -1.462430 17.866776 0.000000
v 0.896684 15.555716 0.000000
v -1.438100 17.906569 0.000000
v 0.935969 15.580858 0.000000
v 0.935969 1.419142 0.000000
v -1.412688 17.945681 0.000000
v 0.974549 15.607070 0.000000
v 0.974549 1.392930 0.000000
v 1.012396 1.365670 0.000000
v -1.386212 17.984081 0.000000
v 1.012396 15.634330 0.000000
v 1.049481 1.337382 0.000000
v -1.358693 18.021740 0.000000
v 1.049481 15.662619 0.000000
v -1.330152 18.058630 0.000000
v 1.085776 15.691914 0.000000
v 1.085776 1.308087 0.000000
v -1.300608 18.094723 0.000000
v 1.121253 15.722193 0.000000
v 1.121253 1.277807 0.000000
v -1.270086 18.129992 0.000000
v 1.155887 15.753434 0.000000
v 1.155887 1.246566 0.000000
v -1.238608 18.164410 0.000000
v 1.189650 15.785614 0.000000
v 1.189650 1.214386 0.000000
v -1.206197 18.197952 0.000000
v 1.222518 15.818708 0.000000
v 1.222518 1.181292 0.000000
v -1.172879 18.230591 0.000000
v 1.254465 15.852692 0.000000
v 1.254465 1.147309 0.000000
v -1.138677 18.262306 0.000000
v 1.285468 15.887538 0.000000
v 1.285468 1.112462 0.000000
v -1.103618 18.293068 0.000000
v 1.315504 15.923223 0.000000
v -1.067729 18.322859 0.000000
v 1.344549 15.959718 0.000000
v -1.031036 18.351652 0.000000
v 1.372582 15.996995 0.000000
v -0.993566 18.379429 0.000000
v 1.399582 16.035028 0.000000
v -0.955349 18.406168 0.000000
v -0.916412 18.431849 0.000000
v -0.876786 18.456450 0.000000
v -0.836500 18.479956 0.000000
v -0.795584 18.502348 0.000000
v -0.754069 18.523607 0.000000
v -0.711986 18.543722 0.000000
v -0.669368 18.562674 0.000000
v -0.626245 18.580448 0.000000
v -0.582652 18.597034 0.000000
v -0.538619 18.612417 0.000000
v -0.494181 18.626587 0.000000
v -0.449371 18.639532 0.000000
v -0.404223 18.651243 0.000000
v -0.358771 18.661711 0.000000
v -0.313048 18.670929 0.000000
v -0.267090 18.678886 0.000000
v -0.220931 18.685583 0.000000
v -0.174606 18.691010 0.000000
v -0.128149 18.695164 0.000000
v -0.081595 18.698040 0.000000
v -0.034980 18.699640 0.000000
v 0.011661 18.699961 0.000000
v 0.058293 18.698999 0.000000
v 0.104882 18.696762 0.000000
v 0.151391 18.693245 0.000000
v 0.197787 18.688456 0.000000
v 0.244034 18.682394 0.000000
v 0.290097 18.675066 0.000000
v 0.335941 18.666477 0.000000
v 1.699360 17.046638 0.000000
v 1.700000 17.000000 0.000000
v 1.697441 17.093241 0.000000
v 1.694244 17.139772 0.000000
v 1.689772 17.186201 0.000000
v 1.684028 17.232489 0.000000
v 1.425528 16.073788 0.000000
v 1.677016 17.278601 0.000000
v 1.450401 16.113245 0.000000
v 1.668741 17.324503 0.000000
v 1.474183 16.153368 0.000000
v 1.659211 17.370161 0.000000
v 1.496855 16.194130 0.000000
v 1.648431 17.415541 0.000000
v 1.518399 16.235498 0.000000
v 1.636411 17.460608 0.000000
v 1.538801 16.277441 0.000000
v 1.623159 17.505327 0.000000
v 1.558045 16.319929 0.000000
v 1.608685 17.549667 0.000000
v 1.576115 16.362928 0.000000
v 1.593000 17.593592 0.000000
v 1.593000 16.406408 0.000000
v 1.576115 17.637072 0.000000
v 1.608685 16.450333 0.000000
v 1.558045 17.680071 0.000000
v 1.623159 16.494673 0.000000
v 1.538801 17.722559 0.000000
v 1.636411 16.539392 0.000000
v 1.518399 17.764502 0.000000
v 1.648431 16.584459 0.000000
v 1.496855 17.805870 0.000000
v 1.659211 16.629839 0.000000
v 1.474183 17.846632 0.000000
v 1.668741 16.675497 0.000000
v 1.450401 17.886755 0.000000
v 1.677016 16.721399 0.000000
v 1.425528 17.926212 0.000000
v 1.684028 16.767511 0.000000
v 1.399582 17.964972 0.000000
v 1.689772 16.813799 0.000000
v 1.372582 18.003004 0.000000
v 1.694244 16.860228 0.000000
v 1.344549 18.040283 0.000000
v 1.697441 16.906759 0.000000
v 1.315504 18.076778 0.000000
v 1.699360 16.953362 0.000000
v 1.285468 18.112461 0.000000
v 1.254465 18.147308 0.000000
v 1.222518 18.181292 0.000000
v 1.189650 18.214386 0.000000
v 1.155887 18.246565 0.000000
v 1.121253 18.277807 0.000000
v 1.085776 18.308086 0.000000
v 1.049481 18.337381 0.000000
v 1.012396 18.365669 0.000000
v 0.974549 18.392929 0.000000
v 0.935969 18.419142 0.000000
v 0.896684 18.444284 0.000000
v 0.856724 18.468340 0.000000
v 0.816119 18.491291 0.000000
v 0.774899 18.513121 0.000000
v 0.733097 18.533810 0.000000
v 0.690742 18.553343 0.000000
v 0.647868 18.571709 0.000000
v 0.604505 18.588890 0.000000
v 0.560688 18.604877 0.000000
v 0.516449 18.619654 0.000000
v 0.381533 18.656633 0.000000
v 0.426838 18.645542 0.000000
v 0.471821 18.633213 0.000000
vn -1.000000 0.000000 0.000000
vn -1.000000 0.000000 0.000000
vn 0.000000 -1.000000 0.000000
vn 0.000000 -1.000000 0.000000
vn 0.000000 0.000000 1.000000
vn 0.000000 0.000000 1.000000
vn 0.000000 0.000000 1.000000
vn 0.000000 0.000000 1.000000
vn 0.000000 0.000000 1.000000
vn 0.000000 0.000000 1.000000
vn 0.000000 0.000000 1.000000
vn 0.000000 0.000000 1.000000
vn 0.000000 0.000000 1.000000
vn 0.000000 0.000000 1.000000
vn 0.000000 0.000000 1.000000
vn 0.000000 0.000000 1.000000
vn 0.000000 0.000000 1.000000
vn 0.000000 0.000000 1.000000
vn 0.000000 0.000000 1.000000
vn 0.000000 0.000000 1.000000
vn 0.000000 0.000000 1.000000
vn 0.000000 0.000000 1.000000
vn 0.000000 0.000000 1.000000
vn 0.000000 0.000000 1.000000
vn 0.000000 0.000000 1.000000
vn 0.000000 0.000000 1.000000
vn 0.000000 0.000000 1.000000
vn 0.000000 0.000000 1.000000
vn 0.000000 0.000000 1.000000
vn 0.000000 0.000000 1.000000
vn 0.000000 0.000000 1.000000
vn 0.000000 0.000000 1.000000
vn 0.000000 0.000000 1.000000
vn 0.000000 0.000000 1.000000
vn 0.000000 0.000000 1.000000
vn 0.000000 0.000000 1.000000
vn 0.000000 0.000000 1.000000
vn 0.000000 0.000000 1.000000
vn 0.000000 0.000000 1.000000
vn 0.000000 0.000000 1.000000
vn 0.000000 0.000000 1.000000
vn 0.000000 0.000000 1.000000
vn 0.000000 0.000000 1.000000
vn 0.000000 0.000000 1.000000
vn 0.000000 0.000000 1.000000
vn 0.000000 0.000000 1.000000
vn 0.000000 0.000000 1.000000
vn 0.000000 0.000000 1.000000
vn 0.000000 0.000000 1.000000
vn 0.000000 0.000000 1.000000
vn 0.000000 0.000000 1.000000
vn 0.000000 0.000000 1.000000
vn 0.000000 0.000000 1.000000
vn 0.000000 0.000000 1.000000
vn 0.000000 0.000000 1.000000
vn 0.000000 0.000000 1.000000
vn 0.000000 0.000000 1.000000
vn 0.000000 0.000000 1.000000
vn 0.000000 0.000000 1.000000
vn 0.000000 0.000000 1.000000
vn 0.000000 0.000000 1.000000
vn 0.000000 0.000000 1.000000
vn 0.000000 0.000000 1.000000
vn 0.000000 0.000000 1.000000
vn 0.000000 0.000000 1.000000
vn 0.000000 0.000000 1.000000
vn 0.000000 0.000000 1.000000
vn 0.000000 0.000000 1.000000
vn 0.000000 0.000000 1.000000
vn 0.000000 0.000000 1.000000
vn 0.000000 0.000000 1.000000
vn 0.000000 0.000000 1.000000
vn 0.000000 0.000000 1.000000
vn 0.000000 0.000000 1.000000
vn 0.000000 0.000000 1.000000
vn 0.000000 0.000000 1.000000
vn 0.000000 0.000000 1.000000
vn 0.000000 0.000000 1.000000
vn 0.000000 0.000000 1.000000
vn 0.000000 0.000000 1.000000
vn 0.000000 0.000000 1.000000
vn 0.000000 0.000000 1.000000
vn 0.000000 0.000000 1.000000
vn 0.000000 0.000000 1.000000
vn 0.000000 0.000000 1.000000
vn 0.000000 0.000000 1.000000
vn 0.000000 0.000000 1.000000
vn 0.000000 0.000000 1.000000
vn 0.000000 0.000000 1.000000
vn 0.000000 0.000000 1.000000
vn 0.000000 0.000000 1.000000
vn 0.000000 0.000000 1.000000
vn 0.000000 0.000000 1.000000
vn 0.000000 0.000000 1.000000
vn 0.000000 0.000000 1.000000
vn 0.000000 0.000000 1.000000
vn 0.000000 0.000000 1.000000
vn 0.000000 0.000000 1.000000
vn 0.000000 0.000000 1.000000
vn 0.000000 0.000000 1.000000
vn 0.000000 0.000000 1.000000
vn 0.000000 0.000000 1.000000
vn 0.000000 0.000000 1.000000
vn 0.000000 0.000000 1.000000
vn 0.000000 0.000000 1.000000
vn 0.000000 0.000000 1.000000
vn 0.000000 0.000000 1.000000
vn 0.000000 0.000000 1.000000
vn 0.000000 0.000000 1.000000
vn 0.000000 0.000000 1.000000
vn 0.000000 0.000000 1.000000
vn 0.000000 0.000000 1.000000
vn 0.000000 0.000000 1.000000
vn 0.000000 0.000000 1.000000
vn 0.000000 0.000000 1.000000
vn 0.000000 0.000000 1.000000
vn 0.000000 0.000000 1.000000
vn 0.000000 0.000000 1.000000
vn 0.000000 0.000000 1.000000
vn 0.000000 0.000000 1.000000
vn 0.000000 0.000000 1.000000
vn 0.000000 0.000000 1.000000
vn 0.000000 0.000000 1.000000
vn 0.000000 0.000000 1.000000
vn 0.000000 0.000000 1.000000
vn 0.000000 0.000000 1.000000
vn 0.000000 0.000000 1.000000
vn 0.000000 0.000000 1.000000
vn 0.000000 0.000000 1.000000
vn 0.000000 0.000000 1.000000
vn 0.000000 0.000000 1.000000
vn 0.000000 0.000000 1.000000
vn 0.000000 0.000000 1.000000
vn 0.000000 0.000000 1.000000
vn 0.000000 0.000000 1.000000
vn 0.000000 0.000000 1.000000
vn 0.000000 0.000000 1.000000
vn 0.000000 0.000000 1.000000
vn 0.000000 0.000000 1.000000
vn 0.000000 0.000000 1.000000
vn 0.000000 0.000000 1.000000
vn 0.000000 0.000000 1.000000
vn 0.000000 0.000000 1.000000
vn 0.000000 0.000000 1.000000
vn 0.000000 0.000000 1.000000
vn 0.000000 0.000000 1.000000
vn 0.000000 0.000000 1.000000
vn 0.000000 0.000000 1.000000
vn 0.000000 0.000000 1.000000
vn 0.000000 0.000000 1.000000
vn 0.000000 0.000000 1.000000
vn 0.000000 0.000000 1.000000
vn 0.000000 0.000000 1.000000
vn 0.000000 0.000000 1.000000
vn 0.000000 0.000000 1.000000
vn 0.000000 0.000000 1.000000
vn 0.000000 0.000000 1.000000
vn 0.000000 0.000000 1.000000
vn 0.000000 0.000000 1.000000
vn 0.000000 0.000000 1.000000
vn 0.000000 0.000000 1.000000
vn 0.000000 0.000000 1.000000
vn 0.000000 0.000000 1.000000
vn 0.000000 0.000000 1.000000
vn 0.000000 0.000000 1.000000
vn 0.000000 0.000000 1.000000
vn 0.000000 0.000000 1.000000
vn 0.000000 0.000000 1.000000
vn 0.000000 0.000000 1.000000
vn 0.000000 0.000000 1.000000
vn 0.000000 0.000000 1.000000
vn 0.000000 0.000000 1.000000
vn 0.000000 0.000000 1.000000
vn 0.000000 0.000000 1.000000
vn 0.000000 0.000000 1.000000
vn 0.000000 0.000000 1.000000
vn 0.000000 0.000000 1.000000
vn 0.000000 0.000000 1.000000
vn 0.000000 0.000000 1.000000
vn 0.000000 0.000000 1.000000
vn 0.000000 0.000000 1.000000
vn 0.000000 0.000000 1.000000
vn 0.000000 0.000000 1.000000
vn 0.000000 0.000000 1.000000
vn 0.000000 0.000000 1.000000
vn 0.000000 0.000000 1.000000
vn 0.000000 0.000000 1.000000
vn 0.000000 0.000000 1.000000
vn 0.000000 0.000000 1.000000
vn 0.000000 0.000000 1.000000
vn 0.000000 0.000000 1.000000
vn 0.000000 0.000000 1.000000
vn 0.000000 0.000000 1.000000
vn 0.000000 0.000000 1.000000
vn 0.000000 0.000000 1.000000
vn 0.000000 0.000000 1.000000
vn 0.000000 0.000000 1.000000
vn 0.000000 0.000000 1.000000
vn 0.000000 0.000000 1.000000
vn 0.000000 0.000000 1.000000
vn 0.000000 0.000000 1.000000
vn 0.000000 0.000000 1.000000
vn 0.000000 0.000000 1.000000
vn 0.000000 0.000000 1.000000
vn 0.000000 0.000000 1.000000
vn 0.000000 0.000000 1.000000
vn 0.000000 0.000000 1.000000
vn 0.000000 0.000000 1.000000
vn 0.000000 0.000000 1.000000
vn 0.000000 0.000000 1.000000
vn 0.000000 0.000000 1.000000
vn 0.000000 0.000000 1.000000
vn 0.000000 0.000000 1.000000
vn 0.000000 0.000000 1.000000
vn 0.000000 0.000000 1.000000
vn 0.000000 0.000000 1.000000
vn 0.000000 0.000000 1.000000
vn 0.000000 0.000000 1.000000
vn 0.000000 0.000000 1.000000
vn 0.000000 0.000000 1.000000
vn 0.000000 0.000000 1.000000
vn 0.000000 0.000000 1.000000
vn 0.000000 0.000000 1.000000
vn 0.000000 0.000000 1.000000
vn 0.000000 0.000000 1.000000
vn 0.000000 0.000000 1.000000
vn 0.000000 0.000000 1.000000
vn 0.000000 0.000000 1.000000
vn 0.000000 0.000000 1.000000
vn 0.000000 0.000000 1.000000
vn 0.000000 0.000000 1.000000
vn 0.000000 0.000000 1.000000
vn 0.000000 0.000000 1.000000
vn 0.000000 0.000000 1.000000
vn 0.000000 0.000000 1.000000
vn 0.000000 0.000000 1.000000
vn 0.000000 0.000000 1.000000
vn 0.000000 0.000000 1.000000
vn 0.000000 0.000000 1.000000
vn 0.000000 0.000000 1.000000
vn 0.000000 0.000000 1.000000
vn 0.000000 0.000000 1.000000
vn 0.000000 0.000000 1.000000
vn 0.000000 0.000000 1.000000
vn 0.000000 0.000000 1.000000
vn 0.000000 0.000000 1.000000
vn 0.000000 0.000000 1.000000
vn 0.000000 0.000000 1.000000
vn 0.000000 0.000000 1.000000
vn 0.000000 0.000000 1.000000
vn 0.000000 0.000000 1.000000
vn 0.000000 0.000000 1.000000
vn 0.000000 0.000000 1.000000
vn 0.000000 0.000000 1.000000
vn 0.000000 0.000000 1.000000
vn 0.000000 0.000000 1.000000
vn 0.000000 0.000000 1.000000
vn 0.000000 0.000000 1.000000
vn 0.000000 0.000000 1.000000
vn 0.000000 0.000000 1.000000
vn 0.000000 0.000000 1.000000
vn 0.000000 0.000000 1.000000
vn 0.000000 0.000000 1.000000
vn 0.000000 0.000000 1.000000
vn 0.000000 0.000000 1.000000
vn 0.000000 0.000000 1.000000
vn 0.000000 0.000000 1.000000
vn 0.000000 0.000000 1.000000
vn 0.000000 0.000000 1.000000
vn 0.000000 0.000000 1.000000
vn 0.000000 0.000000 1.000000
vn 0.000000 0.000000 1.000000
vn 0.000000 0.000000 1.000000
vn 0.000000 0.000000 1.000000
vn 0.000000 0.000000 1.000000
vn 0.000000 0.000000 1.000000
vn 0.000000 0.000000 1.000000
vn 0.000000 0.000000 1.000000
vn 0.000000 0.000000 1.000000
vn 0.000000 0.000000 1.000000
vn 0.000000 0.000000 1.000000
vn 0.000000 0.000000 1.000000
vn 0.000000 0.000000 1.000000
vn 0.000000 0.000000 1.000000
vn 0.000000 0.000000 1.000000
vn 0.000000 0.000000 1.000000
vn 0.000000 0.000000 1.000000
vn 0.000000 0.000000 1.000000
vn 0.000000 0.000000 1.000000
vn 0.000000 0.000000 1.000000
vn 0.000000 0.000000 1.000000
vn 0.000000 0.000000 1.000000
vn 0.000000 0.000000 1.000000
vn 0.000000 0.000000 1.000000
vn 0.000000 0.000000 1.000000
vn 0.000000 0.000000 1.000000
vn 0.000000 0.000000 1.000000
vn 0.000000 0.000000 1.000000
vn 0.000000 0.000000 1.000000
vn 0.000000 0.000000 1.000000
vn 0.000000 0.000000 1.000000
vn 0.000000 0.000000 1.000000
vn 0.000000 0.000000 1.000000
vn 0.000000 0.000000 1.000000
vn 0.000000 0.000000 1.000000
vn 0.000000 0.000000 1.000000
vn 0.000000 0.000000 1.000000
vn 0.000000 0.000000 1.000000
vn 0.000000 0.000000 1.000000
vn 0.000000 0.000000 1.000000
vn 0.000000 0.000000 1.000000
vn 0.000000 0.000000 1.000000
vn 0.000000 0.000000 1.000000
vn 0.000000 0.000000 1.000000
vn 0.000000 0.000000 1.000000
vn 0.000000 0.000000 1.000000
vn 0.000000 0.000000 1.000000
vn 0.000000 0.000000 1.000000
vn 0.000000 0.000000 1.000000
vn 0.000000 0.000000 1.000000
vn 0.000000 0.000000 1.000000
vn 0.000000 0.000000 1.000000
vn 0.000000 0.000000 1.000000
vn 0.000000 0.000000 1.000000
vn 0.000000 0.000000 1.000000
vn 0.000000 0.000000 1.000000
vn 0.000000 0.000000 1.000000
vn 0.000000 0.000000 1.000000
vn 0.000000 0.000000 1.000000
vn 0.000000 0.000000 1.000000
vn 0.000000 0.000000 1.000000
vn 0.000000 0.000000 1.000000
vn 0.000000 0.000000 1.000000
vn 0.000000 0.000000 1.000000
vn 0.000000 0.000000 1.000000
vn 0.000000 0.000000 1.000000
vn 0.000000 0.000000 1.000000
vn 0.000000 0.000000 1.000000
vn 0.000000 0.000000 1.000000
vn 0.000000 0.000000 1.000000
vn 0.000000 0.000000 1.000000
vn 0.000000 0.000000 1.000000
vn 0.000000 0.000000 1.000000
vn 0.000000 0.000000 1.000000
vn 0.000000 0.000000 1.000000
vn 0.000000 0.000000 1.000000
vn 0.000000 0.000000 1.000000
vn 0.000000 0.000000 1.000000
vn 0.000000 0.000000 1.000000
vn 0.000000 0.000000 1.000000
vn 0.000000 0.000000 1.000000
vn 0.000000 0.000000 1.000000
vn 0.000000 0.000000 1.000000
vn 0.000000 0.000000 1.000000
vn 0.000000 0.000000 1.000000
vn 0.000000 0.000000 1.000000
vn 0.000000 0.000000 1.000000
vn 0.000000 0.000000 1.000000
vn 0.000000 0.000000 1.000000
vn 0.000000 0.000000 1.000000
vn 0.000000 0.000000 1.000000
vn 0.000000 0.000000 1.000000
vn 0.000000 0.000000 1.000000
vn 0.000000 0.000000 1.000000
vn 0.000000 0.000000 1.000000
vn 0.000000 0.000000 1.000000
vn 0.000000 0.000000 1.000000
vn 0.000000 0.000000 1.000000
vn 0.000000 0.000000 1.000000
vn 0.000000 0.000000 1.000000
vn 0.000000 0.000000 1.000000
vn 0.000000 0.000000 1.000000
vn 0.000000 0.000000 1.000000
vn 0.000000 0.000000 1.000000
vn 0.000000 0.000000 1.000000
vn 0.000000 0.000000 1.000000
vn 0.000000 0.000000 1.000000
vn 0.000000 0.000000 1.000000
vn 0.000000 0.000000 1.000000
vn 0.000000 0.000000 1.000000
vn 0.000000 0.000000 1.000000
vn 0.000000 0.000000 1.000000
vn 0.000000 0.000000 1.000000
vn 0.000000 0.000000 1.000000
vn 0.000000 0.000000 1.000000
vn 0.000000 0.000000 1.000000
vn 0.000000 0.000000 1.000000
vn 0.000000 0.000000 1.000000
vn 0.000000 0.000000 1.000000
vn 0.000000 0.000000 1.000000
vn 0.000000 0.000000 1.000000
vn 0.000000 0.000000 1.000000
vn 0.000000 0.000000 1.000000
vn 0.000000 0.000000 1.000000
vn 0.000000 0.000000 1.000000
vn 0.000000 0.000000 1.000000
vn 0.000000 0.000000 1.000000
vn 0.000000 0.000000 1.000000
vn 0.000000 0.000000 1.000000
vn 0.000000 0.000000 1.000000
vn 0.000000 0.000000 1.000000
vn 0.000000 0.000000 1.000000
vn 0.000000 0.000000 1.000000
vn 0.000000 0.000000 1.000000
vn 0.000000 0.000000 1.000000
vn 0.000000 0.000000 1.000000
vn 0.000000 0.000000 1.000000
vn 0.000000 0.000000 1.000000
vn 0.000000 0.000000 1.000000
vn 0.000000 0.000000 1.000000
vn 0.000000 0.000000 1.000000
vn 0.000000 0.000000 1.000000
vn 0.000000 0.000000 1.000000
vn 0.000000 0.000000 1.000000
vn 0.000000 0.000000 1.000000
vn 0.000000 0.000000 1.000000
vn 0.000000 0.000000 1.000000
vn 0.000000 0.000000 1.000000
vn 0.000000 0.000000 1.000000
vn 0.000000 0.000000 1.000000
vn 0.000000 0.000000 1.000000
vn 0.000000 0.000000 1.000000
vn 0.000000 0.000000 1.000000
vn 0.000000 0.000000 1.000000
vn 0.000000 0.000000 1.000000
vn 0.000000 0.000000 1.000000
vn 0.000000 0.000000 1.000000
vn 0.000000 0.000000 1.000000
vn 0.000000 0.000000 1.000000
vn 0.000000 0.000000 1.000000
vn 0.000000 0.000000 1.000000
vn 0.000000 0.000000 1.000000
vn 0.000000 0.000000 1.000000
vn 0.000000 0.000000 1.000000
vn 0.000000 0.000000 1.000000
vn 0.000000 0.000000 1.000000
vn 0.000000 0.000000 1.000000
vn 0.000000 0.000000 1.000000
vn 0.000000 0.000000 1.000000
vn 0.000000 0.000000 1.000000
vn 0.000000 0.000000 1.000000
vn 0.000000 0.000000 1.000000
vn 0.000000 0.000000 1.000000
vn 0.000000 0.000000 1.000000
vn 0.000000 0.000000 1.000000
vn 0.000000 0.000000 1.000000
vn 0.000000 0.000000 1.000000
vn 0.000000 0.000000 1.000000
vn 0.000000 0.000000 1.000000
vn 0.000000 0.000000 1.000000
vn 0.000000 0.000000 1.000000
vn 0.000000 0.000000 1.000000
vn 0.000000 0.000000 1.000000
vn 0.000000 0.000000 1.000000
vn 0.000000 0.000000 1.000000
vn 0.000000 0.000000 1.000000
vn 0.000000 0.000000 1.000000
vn 0.000000 0.000000 1.000000
vn 0.000000 0.000000 1.000000
vn 0.000000 0.000000 1.000000
vn 0.000000 0.000000 1.000000
vn 0.000000 0.000000 1.000000
vn 0.000000 0.000000 1.000000
vn 0.000000 0.000000 1.000000
vn 0.000000 0.000000 1.000000
vn 0.000000 0.000000 1.000000
vn 0.000000 0.000000 1.000000
vn 0.000000 0.000000 1.000000
vn 0.000000 1.000000 0.000000
vn 0.000000 1.000000 0.000000
vn 0.000000 -0.000000 -1.000000
vn 0.000000 0.000000 -1.000000
vn 0.000000 -0.000000 -1.000000
vn 0.000000 0.000000 -1.000000
vn 0.000000 -0.000000 -1.000000
vn 0.000000 0.000000 -1.000000
vn 0.000000 -0.000000 -1.000000
vn 0.000000 0.000000 -1.000000
vn 0.000000 -0.000000 -1.000000
vn 0.000000 0.000000 -1.000000
vn 0.000000 -0.000000 -1.000000
vn 0.000000 0.000000 -1.000000
vn 0.000000 -0.000000 -1.000000
vn 0.000000 0.000000 -1.000000
vn 0.000000 -0.000000 -1.000000
vn 0.000000 0.000000 -1.000000
vn 0.000000 -0.000000 -1.000000
vn 0.000000 0.000000 -1.000000
vn 0.000000 -0.000000 -1.000000
vn 0.000000 0.000000 -1.000000
vn 0.000000 -0.000000 -1.000000
vn 0.000000 0.000000 -1.000000
vn 0.000000 -0.000000 -1.000000
vn 0.000000 0.000000 -1.000000
vn 0.000000 -0.000000 -1.000000
vn 0.000000 0.000000 -1.000000
vn 0.000000 -0.000000 -1.000000
vn 0.000000 0.000000 -1.000000
vn 0.000000 -0.000000 -1.000000
vn 0.000000 0.000000 -1.000000
vn 0.000000 -0.000000 -1.000000
vn 0.000000 0.000000 -1.000000
vn 0.000000 -0.000000 -1.000000
vn 0.000000 0.000000 -1.000000
vn 0.000000 -0.000000 -1.000000
vn 0.000000 0.000000 -1.000000
vn 0.000000 -0.000000 -1.000000
vn 0.000000 0.000000 -1.000000
vn 0.000000 -0.000000 -1.000000
vn 0.000000 0.000000 -1.000000
vn 0.000000 -0.000000 -1.000000
vn 0.000000 0.000000 -1.000000
vn 0.000000 -0.000000 -1.000000
vn 0.000000 0.000000 -1.000000
vn 0.000000 -0.000000 -1.000000
vn 0.000000 0.000000 -1.000000
vn 0.000000 -0.000000 -1.000000
vn 0.000000 0.000000 -1.000000
vn 0.000000 -0.000000 -1.000000
vn 0.000000 0.000000 -1.000000
vn 0.000000 -0.000000 -1.000000
vn 0.000000 0.000000 -1.000000
vn 0.000000 -0.000000 -1.000000
vn 0.000000 0.000000 -1.000000
vn 0.000000 -0.000000 -1.000000
vn 0.000000 0.000000 -1.000000
vn 0.000000 -0.000000 -1.000000
vn 0.000000 0.000000 -1.000000
vn 0.000000 -0.000000 -1.000000
vn 0.000000 0.000000 -1.000000
vn 0.000000 -0.000000 -1.000000
vn 0.000000 0.000000 -1.000000
vn 0.000000 -0.000000 -1.000000
vn 0.000000 0.000000 -1.000000
vn 0.000000 -0.000000 -1.000000
vn 0.000000 0.000000 -1.000000
vn 0.000000 -0.000000 -1.000000
vn 0.000000 0.000000 -1.000000
vn 0.000000 0.000000 -1.000000
vn 0.000000 0.000000 -1.000000
vn 0.000000 0.000000 -1.000000
vn 0.000000 0.000000 -1.000000
vn 0.000000 0.000000 -1.000000
vn 0.000000 0.000000 -1.000000
vn 0.000000 0.000000 -1.000000
vn 0.000000 0.000000 -1.000000
vn 0.000000 0.000000 -1.000000
vn 0.000000 0.000000 -1.000000
vn 0.000000 0.000000 -1.000000
vn 0.000000 0.000000 -1.000000
vn 0.000000 0.000000 -1.000000
vn 0.000000 0.000000 -1.000000
vn 0.000000 0.000000 -1.000000
vn 0.000000 -0.000000 -1.000000
vn 0.000000 -0.000000 -1.000000
vn 0.000000 -0.000000 -1.000000
vn 0.000000 -0.000000 -1.000000
vn 0.000000 -0.000000 -1.000000
vn 0.000000 -0.000000 -1.000000
vn 0.000000 0.000000 -1.000000
vn 0.000000 -0.000000 -1.000000
vn 0.000000 0.000000 -1.000000
vn 0.000000 -0.000000 -1.000000
vn 0.000000 0.000000 -1.000000
vn 0.000000 -0.000000 -1.000000
vn 0.000000 0.000000 -1.000000
vn 0.000000 -0.000000 -1.000000
vn 0.000000 0.000000 -1.000000
vn 0.000000 -0.000000 -1.000000
vn 0.000000 0.000000 -1.000000
vn 0.000000 -0.000000 -1.000000
vn 0.000000 0.000000 -1.000000
vn 0.000000 -0.000000 -1.000000
vn 0.000000 0.000000 -1.000000
vn 0.000000 -0.000000 -1.000000
vn 0.000000 0.000000 -1.000000
vn 0.000000 -0.000000 -1.000000
vn 0.000000 0.000000 -1.000000
vn 0.000000 -0.000000 -1.000000
vn 0.000000 0.000000 -1.000000
vn 0.000000 -0.000000 -1.000000
vn 0.000000 0.000000 -1.000000
vn 0.000000 -0.000000 -1.000000
vn 0.000000 0.000000 -1.000000
vn 0.000000 -0.000000 -1.000000
vn 0.000000 0.000000 -1.000000
vn 0.000000 -0.000000 -1.000000
vn 0.000000 0.000000 -1.000000
vn 0.000000 -0.000000 -1.000000
vn 0.000000 0.000000 -1.000000
vn 0.000000 -0.000000 -1.000000
vn 0.000000 0.000000 -1.000000
vn 0.000000 -0.000000 -1.000000
vn 0.000000 0.000000 -1.000000
vn 0.000000 -0.000000 -1.000000
vn 0.000000 0.000000 -1.000000
vn 0.000000 -0.000000 -1.000000
vn 0.000000 0.000000 -1.000000
vn 0.000000 -0.000000 -1.000000
vn 0.000000 0.000000 -1.000000
vn 0.000000 -0.000000 -1.000000
vn 0.000000 0.000000 -1.000000
vn 0.000000 -0.000000 -1.000000
vn 0.000000 0.000000 -1.000000
vn 0.000000 -0.000000 -1.000000
vn 0.000000 0.000000 -1.000000
vn 0.000000 -0.000000 -1.000000
vn 0.000000 0.000000 -1.000000
vn 0.000000 -0.000000 -1.000000
vn 0.000000 -0.000000 -1.000000
vn 0.000000 -0.000000 -1.000000
vn 0.000000 -0.000000 -1.000000
vn 0.000000 -0.000000 -1.000000
vn 0.000000 -0.000000 -1.000000
vn 0.000000 -0.000000 -1.000000
vn 0.000000 -0.000000 -1.000000
vn 0.000000 -0.000000 -1.000000
vn 0.000000 -0.000000 -1.000000
vn 0.000000 -0.000000 -1.000000
vn 0.000000 -0.000000 -1.000000
vn 0.000000 -0.000000 -1.000000
vn 0.000000 -0.000000 -1.000000
vn 0.000000 -0.000000 -1.000000
vn 0.000000 -0.000000 -1.000000
vn 0.000000 -0.000000 -1.000000
vn 0.000000 -0.000000 -1.000000
vn 0.000000 -0.000000 -1.000000
vn 0.000000 -0.000000 -1.000000
vn 0.000000 -0.000000 -1.000000
vn 0.000000 -0.000000 -1.000000
vn 0.000000 -0.000000 -1.000000
vn 0.000000 0.000000 -1.000000
vn 0.000000 0.000000 -1.000000
vn 0.000000 0.000000 -1.000000
vn 0.000000 0.000000 -1.000000
vn 0.000000 0.000000 -1.000000
vn 0.000000 0.000000 -1.000000
vn 0.000000 0.000000 -1.000000
vn 0.000000 0.000000 -1.000000
vn 0.000000 0.000000 -1.000000
vn 0.000000 0.000000 -1.000000
vn 0.000000 0.000000 -1.000000
vn 0.000000 0.000000 -1.000000
vn 0.000000 0.000000 -1.000000
vn 0.000000 0.000000 -1.000000
vn 0.000000 0.000000 -1.000000
vn 0.000000 0.000000 -1.000000
vn 0.000000 0.000000 -1.000000
vn 0.000000 0.000000 -1.000000
vn 0.000000 0.000000 -1.000000
vn 0.000000 0.000000 -1.000000
vn 0.000000 0.000000 -1.000000
vn 0.000000 0.000000 -1.000000
vn 0.000000 0.000000 -1.000000
vn 0.000000 0.000000 -1.000000
vn 0.000000 0.000000 -1.000000
vn 0.000000 0.000000 -1.000000
vn 0.000000 0.000000 -1.000000
vn 0.000000 0.000000 -1.000000
vn 0.000000 0.000000 -1.000000
vn 0.000000 0.000000 -1.000000
vn 0.000000 0.000000 -1.000000
vn 0.000000 0.000000 -1.000000
vn 0.000000 0.000000 -1.000000
vn 0.000000 0.000000 -1.000000
vn 0.000000 0.000000 -1.000000
vn 0.000000 0.000000 -1.000000
vn 0.000000 0.000000 -1.000000
vn 0.000000 0.000000 -1.000000
vn 0.000000 0.000000 -1.000000
vn 0.000000 0.000000 -1.000000
vn 0.000000 0.000000 -1.000000
vn 0.000000 0.000000 -1.000000
vn 0.000000 0.000000 -1.000000
vn 0.000000 0.000000 -1.000000
vn 0.000000 0.000000 -1.000000
vn 0.000000 0.000000 -1.000000
vn 0.000000 0.000000 -1.000000
vn 0.000000 0.000000 -1.000000
vn 0.000000 0.000000 -1.000000
vn 0.000000 0.000000 -1.000000
vn 0.000000 0.000000 -1.000000
vn 0.000000 0.000000 -1.000000
vn 0.000000 0.000000 -1.000000
vn 0.000000 0.000000 -1.000000
vn 0.000000 0.000000 -1.000000
vn 0.000000 0.000000 -1.000000
vn 0.000000 0.000000 -1.000000
vn 0.000000 0.000000 -1.000000
vn 0.000000 0.000000 -1.000000
vn 0.000000 0.000000 -1.000000
vn 0.000000 0.000000 -1.000000
vn 0.000000 0.000000 -1.000000
vn 0.000000 0.000000 -1.000000
vn 0.000000 0.000000 -1.000000
vn 0.000000 0.000000 -1.000000
vn 0.000000 0.000000 -1.000000
vn 0.000000 0.000000 -1.000000
vn 0.000000 0.000000 -1.000000
vn 0.000000 0.000000 -1.000000
vn 0.000000 0.000000 -1.000000
vn 0.000000 0.000000 -1.000000
vn 0.000000 0.000000 -1.000000
vn 0.000000 0.000000 -1.000000
vn 0.000000 0.000000 -1.000000
vn 0.000000 0.000000 -1.000000
vn 0.000000 0.000000 -1.000000
vn 0.000000 0.000000 -1.000000
vn 0.000000 0.000000 -1.000000
vn 0.000000 0.000000 -1.000000
vn 0.000000 0.000000 -1.000000
vn 0.000000 0.000000 -1.000000
vn 0.000000 0.000000 -1.000000
vn 0.000000 0.000000 -1.000000
vn 0.000000 0.000000 -1.000000
vn 0.000000 0.000000 -1.000000
vn 0.000000 0.000000 -1.000000
vn 0.000000 0.000000 -1.000000
vn 0.000000 0.000000 -1.000000
vn 0.000000 0.000000 -1.000000
vn 0.000000 0.000000 -1.000000
vn 0.000000 0.000000 -1.000000
vn 0.000000 0.000000 -1.000000
vn 0.000000 0.000000 -1.000000
vn 0.000000 0.000000 -1.000000
vn 0.000000 0.000000 -1.000000
vn 0.000000 0.000000 -1.000000
vn 0.000000 0.000000 -1.000000
vn 0.000000 0.000000 -1.000000
vn 0.000000 0.000000 -1.000000
vn 0.000000 0.000000 -1.000000
vn 0.000000 0.000000 -1.000000
vn 0.000000 0.000000 -1.000000
vn 0.000000 0.000000 -1.000000
vn 0.000000 0.000000 -1.000000
vn 0.000000 0.000000 -1.000000
vn 0.000000 0.000000 -1.000000
vn 0.000000 0.000000 -1.000000
vn 0.000000 0.000000 -1.000000
vn 0.000000 0.000000 -1.000000
vn 0.000000 0.000000 -1.000000
vn 0.000000 0.000000 -1.000000
vn 0.000000 0.000000 -1.000000
vn 0.000000 0.000000 -1.000000
vn 0.000000 0.000000 -1.000000
vn 0.000000 0.000000 -1.000000
vn 0.000000 0.000000 -1.000000
vn 0.000000 0.000000 -1.000000
vn 0.000000 0.000000 -1.000000
vn 0.000000 0.000000 -1.000000
vn 0.000000 0.000000 -1.000000
vn 0.000000 0.000000 -1.000000
vn 0.000000 0.000000 -1.000000
vn 0.000000 0.000000 -1.000000
vn 0.000000 0.000000 -1.000000
vn 0.000000 0.000000 -1.000000
vn 0.000000 0.000000 -1.000000
vn 0.000000 0.000000 -1.000000
vn 0.000000 0.000000 -1.000000
vn 0.000000 0.000000 -1.000000
vn 0.000000 0.000000 -1.000000
vn 0.000000 0.000000 -1.000000
vn 0.000000 0.000000 -1.000000
vn 0.000000 0.000000 -1.000000
vn 0.000000 0.000000 -1.000000
vn 0.000000 0.000000 -1.000000
vn 0.000000 0.000000 -1.000000
vn 0.000000 0.000000 -1.000000
vn 0.000000 0.000000 -1.000000
vn 0.000000 0.000000 -1.000000
vn 0.000000 0.000000 -1.000000
vn 0.000000 0.000000 -1.000000
vn 0.000000 0.000000 -1.000000
vn 0.000000 0.000000 -1.000000
vn 0.000000 0.000000 -1.000000
vn 0.000000 0.000000 -1.000000
vn 0.000000 0.000000 -1.000000
vn 0.000000 0.000000 -1.000000
vn 0.000000 0.000000 -1.000000
vn 0.000000 0.000000 -1.000000
vn 0.000000 0.000000 -1.000000
vn 0.000000 0.000000 -1.000000
vn 0.000000 0.000000 -1.000000
vn 0.000000 0.000000 -1.000000
vn 0.000000 0.000000 -1.000000
vn 0.000000 0.000000 -1.000000
vn 0.000000 0.000000 -1.000000
vn 0.000000 0.000000 -1.000000
vn 0.000000 0.000000 -1.000000
vn 0.000000 0.000000 -1.000000
vn 0.000000 0.000000 -1.000000
vn 0.000000 0.000000 -1.000000
vn 0.000000 0.000000 -1.000000
vn 0.000000 0.000000 -1.000000
vn 0.000000 0.000000 -1.000000
vn 0.000000 0.000000 -1.000000
vn 0.000000 0.000000 -1.000000
vn 0.000000 0.000000 -1.000000
vn 0.000000 0.000000 -1.000000
vn 0.000000 0.000000 -1.000000
vn 0.000000 0.000000 -1.000000
vn 0.000000 0.000000 -1.000000
vn 0.000000 0.000000 -1.000000
vn 0.000000 0.000000 -1.000000
vn 0.000000 0.000000 -1.000000
vn 0.000000 0.000000 -1.000000
vn 0.000000 0.000000 -1.000000
vn 0.000000 0.000000 -1.000000
vn 0.000000 0.000000 -1.000000
vn 0.000000 0.000000 -1.000000
vn 0.000000 0.000000 -1.000000
vn 0.000000 0.000000 -1.000000
vn 0.000000 0.000000 -1.000000
vn 0.000000 0.000000 -1.000000
vn 0.000000 0.000000 -1.000000
vn 0.000000 0.000000 -1.000000
vn 0.000000 0.000000 -1.000000
vn 0.000000 0.000000 -1.000000
vn 0.000000 0.000000 -1.000000
vn 0.000000 0.000000 -1.000000
vn 0.000000 0.000000 -1.000000
vn 0.000000 0.000000 -1.000000
vn 0.000000 0.000000 -1.000000
vn 0.000000 0.000000 -1.000000
vn 0.000000 0.000000 -1.000000
vn 0.000000 0.000000 -1.000000
vn 0.000000 0.000000 -1.000000
vn 0.000000 0.000000 -1.000000
vn 0.000000 0.000000 -1.000000
vn 0.000000 0.000000 -1.000000
vn 0.000000 0.000000 -1.000000
vn 0.000000 0.000000 -1.000000
vn 0.000000 0.000000 -1.000000
vn 0.000000 0.000000 -1.000000
vn 0.000000 0.000000 -1.000000
vn 0.000000 0.000000 -1.000000
vn 0.000000 0.000000 -1.000000
vn 0.000000 0.000000 -1.000000
vn 0.000000 0.000000 -1.000000
vn 0.000000 0.000000 -1.000000
vn 0.000000 0.000000 -1.000000
vn 0.000000 0.000000 -1.000000
vn 0.000000 0.000000 -1.000000
vn 0.000000 0.000000 -1.000000
vn 0.000000 0.000000 -1.000000
vn 0.000000 0.000000 -1.000000
vn 0.000000 0.000000 -1.000000
vn 0.000000 0.000000 -1.000000
vn 0.000000 0.000000 -1.000000
vn 0.000000 0.000000 -1.000000
vn 0.000000 0.000000 -1.000000
vn 0.000000 0.000000 -1.000000
vn 0.000000 0.000000 -1.000000
vn 0.000000 0.000000 -1.000000
vn 0.000000 0.000000 -1.000000
vn 0.000000 0.000000 -1.000000
vn 0.000000 0.000000 -1.000000
vn 0.000000 0.000000 -1.000000
vn 0.000000 0.000000 -1.000000
vn 0.000000 0.000000 -1.000000
vn 0.000000 0.000000 -1.000000
vn 0.000000 0.000000 -1.000000
vn 0.000000 0.000000 -1.000000
vn 0.000000 0.000000 -1.000000
vn 0.000000 0.000000 -1.000000
vn 0.000000 -0.000000 -1.000000
vn 0.000000 0.000000 -1.000000
vn 0.000000 -0.000000 -1.000000
vn 0.000000 0.000000 -1.000000
vn 0.000000 -0.000000 -1.000000
vn 0.000000 0.000000 -1.000000
vn 0.000000 -0.000000 -1.000000
vn 0.000000 0.000000 -1.000000
vn 0.000000 -0.000000 -1.000000
vn 0.000000 0.000000 -1.000000
vn 0.000000 -0.000000 -1.000000
vn 0.000000 0.000000 -1.000000
vn 0.000000 -0.000000 -1.000000
vn 0.000000 0.000000 -1.000000
vn 0.000000 -0.000000 -1.000000
vn 0.000000 0.000000 -1.000000
vn 0.000000 -0.000000 -1.000000
vn 0.000000 0.000000 -1.000000
vn 0.000000 -0.000000 -1.000000
vn 0.000000 0.000000 -1.000000
vn 0.000000 -0.000000 -1.000000
vn 0.000000 0.000000 -1.000000
vn 0.000000 -0.000000 -1.000000
vn 0.000000 0.000000 -1.000000
vn 0.000000 -0.000000 -1.000000
vn 0.000000 0.000000 -1.000000
vn 0.000000 -0.000000 -1.000000
vn 0.000000 0.000000 -1.000000
vn 0.000000 -0.000000 -1.000000
vn 0.000000 0.000000 -1.000000
vn 0.000000 -0.000000 -1.000000
vn 0.000000 0.000000 -1.000000
vn 0.000000 -0.000000 -1.000000
vn 0.000000 0.000000 -1.000000
vn 0.000000 -0.000000 -1.000000
vn 0.000000 0.000000 -1.000000
vn 0.000000 -0.000000 -1.000000
vn 0.000000 0.000000 -1.000000
vn 0.000000 -0.000000 -1.000000
vn 0.000000 0.000000 -1.000000
vn 0.000000 -0.000000 -1.000000
vn 0.000000 0.000000 -1.000000
vn 0.000000 -0.000000 -1.000000
vn 0.000000 0.000000 -1.000000
vn 0.000000 0.000000 -1.000000
vn 0.000000 0.000000 -1.000000
vn 0.000000 0.000000 -1.000000
vn 0.000000 0.000000 -1.000000
vn 0.000000 0.000000 -1.000000
vn 0.000000 0.000000 -1.000000
vn 0.000000 0.000000 -1.000000
vn 0.000000 0.000000 -1.000000
vn 0.000000 0.000000 -1.000000
vn 0.000000 0.000000 -1.000000
vn 0.000000 0.000000 -1.000000
vn 0.000000 0.000000 -1.000000
vn 0.000000 0.000000 -1.000000
vn 0.000000 0.000000 -1.000000
vn 0.000000 0.000000 -1.000000
vn 0.000000 0.000000 -1.000000
vn 0.000000 0.000000 -1.000000
vn 0.000000 0.000000 -1.000000
vn 0.000000 0.000000 -1.000000
vn 0.000000 0.000000 -1.000000
vn 0.000000 0.000000 -1.000000
vn 0.000000 0.000000 -1.000000
vn 0.000000 0.000000 -1.000000
vn 0.000000 0.000000 -1.000000
vn 0.000000 0.000000 -1.000000
vn 1.000000 0.000000 0.000000
vn 1.000000 -0.000000 0.000000
vn -0.999906 -0.013720 0.000000
vn -0.999153 -0.041144 0.000000
vn -0.999906 -0.013720 0.000000
vn -0.997648 -0.068539 0.000000
vn -0.999153 -0.041144 0.000000
vn -0.995393 -0.095884 0.000000
vn -0.997648 -0.068539 0.000000
vn -0.992387 -0.123155 0.000000
vn -0.995393 -0.095884 0.000000
vn -0.988635 -0.150336 0.000000
vn -0.992387 -0.123155 0.000000
vn -0.984139 -0.177400 0.000000
vn -0.988635 -0.150336 0.000000
vn -0.978902 -0.204330 0.000000
vn -0.984139 -0.177400 0.000000
vn -0.972927 -0.231113 0.000000
vn -0.978902 -0.204330 0.000000
vn -0.966221 -0.257714 0.000000
vn -0.972927 -0.231113 0.000000
vn -0.966221 -0.257714 0.000000
vn -0.958787 -0.284125 0.000000
vn -0.958787 -0.284125 0.000000
vn -0.950632 -0.310320 0.000000
vn -0.950632 -0.310320 0.000000
vn -0.941760 -0.336284 0.000000
vn -0.941760 -0.336284 0.000000
vn -0.932181 -0.361994 0.000000
vn -0.932181 -0.361994 0.000000
vn -0.921898 -0.387432 0.000000
vn -0.921898 -0.387432 0.000000
vn -0.910923 -0.412576 0.000000
vn -0.910923 -0.412576 0.000000
vn -0.899261 -0.437413 0.000000
vn -0.899261 -0.437413 0.000000
vn -0.886924 -0.461916 0.000000
vn -0.886924 -0.461916 0.000000
vn -0.873917 -0.486076 0.000000
vn -0.860252 -0.509868 0.000000
vn -0.873917 -0.486076 0.000000
vn -0.860252 -0.509868 0.000000
vn -0.845941 -0.533277 0.000000
vn -0.830993 -0.556282 0.000000
vn -0.845941 -0.533277 0.000000
vn -0.815419 -0.578871 0.000000
vn -0.830993 -0.556282 0.000000
vn -0.799232 -0.601023 0.000000
vn -0.815419 -0.578871 0.000000
vn -0.782442 -0.622724 0.000000
vn -0.799232 -0.601023 0.000000
vn -0.765064 -0.643954 0.000000
vn -0.782442 -0.622724 0.000000
vn -0.747109 -0.664702 0.000000
vn -0.765064 -0.643954 0.000000
vn -0.728593 -0.684947 0.000000
vn -0.747109 -0.664702 0.000000
vn -0.709528 -0.704677 0.000000
vn -0.728593 -0.684947 0.000000
vn -0.689929 -0.723877 0.000000
vn -0.709528 -0.704677 0.000000
vn -0.669810 -0.742533 0.000000
vn -0.689929 -0.723877 0.000000
vn -0.649189 -0.760628 0.000000
vn -0.669810 -0.742533 0.000000
vn -0.628075 -0.778153 0.000000
vn -0.649189 -0.760628 0.000000
vn -0.606491 -0.795090 0.000000
vn -0.628075 -0.778153 0.000000
vn -0.584450 -0.811430 0.000000
vn -0.606491 -0.795090 0.000000
vn -0.584450 -0.811430 0.000000
vn -0.561971 -0.827157 0.000000
vn -0.561971 -0.827157 0.000000
vn -0.539066 -0.842263 0.000000
vn -0.539066 -0.842263 0.000000
vn -0.515757 -0.856735 0.000000
vn -0.515757 -0.856735 0.000000
vn -0.492057 -0.870563 0.000000
vn -0.492057 -0.870563 0.000000
vn -0.467991 -0.883733 0.000000
vn -0.443570 -0.896240 0.000000
vn -0.467991 -0.883733 0.000000
vn -0.418815 -0.908072 0.000000
vn -0.443570 -0.896240 0.000000
vn -0.393747 -0.919219 0.000000
vn -0.418815 -0.908072 0.000000
vn -0.368378 -0.929676 0.000000
vn -0.393747 -0.919219 0.000000
vn -0.342736 -0.939432 0.000000
vn -0.368378 -0.929676 0.000000
vn -0.316835 -0.948481 0.000000
vn -0.342736 -0.939432 0.000000
vn -0.290696 -0.956815 0.000000
vn -0.316835 -0.948481 0.000000
vn -0.264336 -0.964431 0.000000
vn -0.290696 -0.956815 0.000000
vn -0.237778 -0.971319 0.000000
vn -0.264336 -0.964431 0.000000
vn -0.211042 -0.977477 0.000000
vn -0.237778 -0.971319 0.000000
vn -0.184147 -0.982899 0.000000
vn -0.211042 -0.977477 0.000000
vn -0.157111 -0.987581 0.000000
vn -0.184147 -0.982899 0.000000
vn -0.129958 -0.991519 0.000000
vn -0.157111 -0.987581 0.000000
vn -0.102711 -0.994711 0.000000
vn -0.129958 -0.991519 0.000000
vn -0.075381 -0.997155 0.000000
vn -0.102711 -0.994711 0.000000
vn -0.047996 -0.998848 0.000000
vn -0.075381 -0.997155 0.000000
vn -0.047996 -0.998848 0.000000
vn -0.020577 -0.999788 0.000000
vn -0.020577 -0.999788 0.000000
vn 0.006860 -0.999976 0.000000
vn 0.006860 -0.999976 0.000000
vn 0.034289 -0.999412 0.000000
vn 0.034289 -0.999412 0.000000
vn 0.061695 -0.998095 0.000000
vn 0.089055 -0.996027 0.000000
vn 0.061695 -0.998095 0.000000
vn 0.116344 -0.993209 0.000000
vn 0.089055 -0.996027 0.000000
vn 0.116344 -0.993209 0.000000
vn 0.143550 -0.989643 0.000000
vn 0.143550 -0.989643 0.000000
vn 0.170644 -0.985333 0.000000
vn 0.197614 -0.980280 0.000000
vn 0.170644 -0.985333 0.000000
vn 0.197614 -0.980280 0.000000
vn 0.224432 -0.974490 0.000000
vn 0.224432 -0.974490 0.000000
vn 0.251079 -0.967967 0.000000
vn 0.251079 -0.967967 0.000000
vn 0.277542 -0.960714 0.000000
vn 0.303795 -0.952738 0.000000
vn 0.277542 -0.960714 0.000000
vn 0.303795 -0.952738 0.000000
vn 0.329816 -0.944045 0.000000
vn 0.329816 -0.944045 0.000000
vn 0.355592 -0.934641 0.000000
vn 0.355592 -0.934641 0.000000
vn 0.381098 -0.924534 0.000000
vn 0.406319 -0.913731 0.000000
vn 0.381098 -0.924534 0.000000
vn 0.406319 -0.913731 0.000000
vn 0.431233 -0.902240 0.000000
vn 0.431233 -0.902240 0.000000
vn 0.455823 -0.890070 0.000000
vn 0.455823 -0.890070 0.000000
vn 0.480070 -0.877230 0.000000
vn 0.503955 -0.863730 0.000000
vn 0.480070 -0.877230 0.000000
vn 0.503955 -0.863730 0.000000
vn 0.527460 -0.849580 0.000000
vn 0.527460 -0.849580 0.000000
vn 0.550569 -0.834789 0.000000
vn 0.550569 -0.834789 0.000000
vn 0.595527 -0.803335 0.000000
vn 0.573265 -0.819370 0.000000
vn 0.573265 -0.819370 0.000000
vn 0.617343 -0.786694 0.000000
vn 0.595527 -0.803335 0.000000
vn 0.617343 -0.786694 0.000000
vn 0.659562 -0.751650 0.000000
vn 0.638690 -0.769464 0.000000
vn 0.638690 -0.769464 0.000000
vn 0.679934 -0.733274 0.000000
vn 0.659562 -0.751650 0.000000
vn 0.679934 -0.733274 0.000000
vn 0.699793 -0.714346 0.000000
vn 0.699793 -0.714346 0.000000
vn 0.719128 -0.694878 0.000000
vn 0.737921 -0.674887 0.000000
vn 0.719128 -0.694878 0.000000
vn 0.737921 -0.674887 0.000000
vn 0.756157 -0.654390 0.000000
vn 0.756157 -0.654390 0.000000
vn 0.773826 -0.633399 0.000000
vn 0.773826 -0.633399 0.000000
vn 0.790912 -0.611930 0.000000
vn 0.807401 -0.590004 0.000000
vn 0.790912 -0.611930 0.000000
vn 0.807401 -0.590004 0.000000
vn 0.823284 -0.567630 0.000000
vn 0.823284 -0.567630 0.000000
vn 0.838547 -0.544829 0.000000
vn 0.853176 -0.521623 0.000000
vn 0.838547 -0.544829 0.000000
vn 0.853176 -0.521623 0.000000
vn 0.867167 -0.498017 0.000000
vn 0.880502 -0.474043 0.000000
vn 0.867167 -0.498017 0.000000
vn 0.880502 -0.474043 0.000000
vn 0.893176 -0.449707 0.000000
vn 0.893176 -0.449707 0.000000
vn 0.905178 -0.425033 0.000000
vn 0.916497 -0.400042 0.000000
vn 0.905178 -0.425033 0.000000
vn 0.927127 -0.374747 0.000000
vn 0.916497 -0.400042 0.000000
vn 0.927127 -0.374747 0.000000
vn 0.937058 -0.349174 0.000000
vn 0.937058 -0.349174 0.000000
vn 0.954799 -0.297252 0.000000
vn 0.946286 -0.323332 0.000000
vn 0.946286 -0.323332 0.000000
vn 0.962595 -0.270945 0.000000
vn 0.954799 -0.297252 0.000000
vn 0.962595 -0.270945 0.000000
vn 0.969665 -0.244436 0.000000
vn 0.969665 -0.244436 0.000000
vn 0.981613 -0.190884 0.000000
vn 0.976007 -0.217741 0.000000
vn 0.976007 -0.217741 0.000000
vn 0.981613 -0.190884 0.000000
vn 0.986480 -0.163882 0.000000
vn 0.986480 -0.163882 0.000000
vn 0.990605 -0.136757 0.000000
vn 0.990605 -0.136757 0.000000
vn 0.993984 -0.109530 0.000000
vn 0.996614 -0.082221 0.000000
vn 0.993984 -0.109530 0.000000
vn 0.996614 -0.082221 0.000000
vn 0.998495 -0.054848 0.000000
vn 0.998495 -0.054848 0.000000
vn 0.999624 -0.027434 0.000000
vn 0.999624 -0.027434 0.000000
vn 1.000000 0.000000 0.000000
vn 0.999624 0.027434 -0.000000
vn 1.000000 0.000000 0.000000
vn 0.999624 0.027434 -0.000000
vn 0.998495 0.054848 -0.000000
vn 0.998495 0.054848 -0.000000
vn 0.996614 0.082221 0.000000
vn 0.996614 0.082221 -0.000000
vn 0.993984 0.109530 0.000000
vn 0.993984 0.109530 -0.000000
vn 0.986480 0.163882 -0.000000
vn 0.990605 0.136757 -0.000000
vn 0.990605 0.136757 0.000000
vn 0.986480 0.163882 -0.000000
vn 0.981613 0.190884 -0.000000
vn 0.981613 0.190884 0.000000
vn 0.976007 0.217741 -0.000000
vn 0.976007 0.217741 0.000000
vn 0.969665 0.244436 -0.000000
vn 0.969665 0.244436 0.000000
vn 0.954799 0.297252 -0.000000
vn 0.962595 0.270945 -0.000000
vn 0.962595 0.270945 0.000000
vn 0.954799 0.297252 -0.000000
vn 0.946286 0.323332 -0.000000
vn 0.946286 0.323332 0.000000
vn 0.937058 0.349174 -0.000000
vn 0.937058 0.349174 0.000000
vn 0.916497 0.400042 -0.000000
vn 0.927127 0.374747 -0.000000
vn 0.927127 0.374747 0.000000
vn 0.916497 0.400042 -0.000000
vn 0.905178 0.425033 -0.000000
vn 0.905178 0.425033 0.000000
vn 0.893176 0.449707 -0.000000
vn 0.893176 0.449707 0.000000
vn 0.880502 0.474043 -0.000000
vn 0.880502 0.474043 0.000000
vn 0.867167 0.498017 -0.000000
vn 0.867167 0.498017 0.000000
vn 0.853176 0.521623 -0.000000
vn 0.853176 0.521623 0.000000
vn 0.823284 0.567630 -0.000000
vn 0.838547 0.544829 -0.000000
vn 0.838547 0.544829 0.000000
vn 0.823284 0.567630 -0.000000
vn 0.807401 0.590004 0.000000
vn 0.807401 0.590004 -0.000000
vn 0.790912 0.611930 0.000000
vn 0.773826 0.633399 -0.000000
vn 0.790912 0.611930 -0.000000
vn 0.773826 0.633399 -0.000000
vn 0.737921 0.674887 -0.000000
vn 0.756157 0.654390 -0.000000
vn 0.756157 0.654390 0.000000
vn 0.737921 0.674887 -0.000000
vn 0.719128 0.694878 -0.000000
vn 0.719128 0.694878 0.000000
vn 0.679934 0.733274 -0.000000
vn 0.699793 0.714346 -0.000000
vn 0.699793 0.714346 0.000000
vn 0.679934 0.733274 -0.000000
vn 0.659562 0.751650 -0.000000
vn 0.659562 0.751650 0.000000
vn 0.638690 0.769464 -0.000000
vn 0.638690 0.769464 0.000000
vn 0.617343 0.786694 -0.000000
vn 0.617343 0.786694 0.000000
vn 0.573265 0.819370 -0.000000
vn 0.595527 0.803335 -0.000000
vn 0.595527 0.803335 0.000000
vn 0.573265 0.819370 -0.000000
vn 0.527460 0.849580 -0.000000
vn 0.550569 0.834789 -0.000000
vn 0.550569 0.834789 0.000000
vn 0.527460 0.849580 -0.000000
vn 0.503955 0.863730 -0.000000
vn 0.503955 0.863730 0.000000
vn 0.480070 0.877230 -0.000000
vn 0.480070 0.877230 0.000000
vn 0.455823 0.890070 -0.000000
vn 0.455823 0.890070 0.000000
vn 0.431233 0.902240 -0.000000
vn 0.431233 0.902240 0.000000
vn 0.406319 0.913731 -0.000000
vn 0.406319 0.913731 0.000000
vn 0.381098 0.924534 0.000000
vn 0.355592 0.934641 -0.000000
vn 0.381098 0.924534 -0.000000
vn 0.355592 0.934641 -0.000000
vn 0.329816 0.944045 0.000000
vn 0.329816 0.944045 -0.000000
vn 0.303795 0.952738 0.000000
vn 0.277542 0.960714 -0.000000
vn 0.303795 0.952738 -0.000000
vn 0.277542 0.960714 -0.000000
vn 0.224432 0.974490 -0.000000
vn 0.251079 0.967967 -0.000000
vn 0.251079 0.967967 0.000000
vn 0.224432 0.974490 -0.000000
vn 0.197614 0.980280 0.000000
vn 0.197614 0.980280 -0.000000
vn 0.170644 0.985333 0.000000
vn 0.143550 0.989643 -0.000000
vn 0.170644 0.985333 -0.000000
vn 0.143550 0.989643 -0.000000
vn 0.116344 0.993209 0.000000
vn 0.116344 0.993209 -0.000000
vn 0.089055 0.996027 0.000000
vn 0.089055 0.996027 -0.000000
vn 0.061695 0.998095 0.000000
vn 0.061695 0.998095 -0.000000
vn 0.034289 0.999412 0.000000
vn 0.034289 0.999412 -0.000000
vn 0.006860 0.999976 0.000000
vn -0.020577 0.999788 0.000000
vn 0.006860 0.999976 -0.000000
vn -0.020577 0.999788 0.000000
vn -0.047996 0.998848 0.000000
vn -0.075381 0.997155 0.000000
vn -0.047996 0.998848 0.000000
vn -0.075381 0.997155 0.000000
vn -0.102711 0.994711 0.000000
vn -0.102711 0.994711 0.000000
vn -0.129958 0.991519 0.000000
vn -0.129958 0.991519 0.000000
vn -0.157111 0.987581 0.000000
vn -0.157111 0.987581 0.000000
vn -0.184147 0.982899 0.000000
vn -0.184147 0.982899 0.000000
vn -0.211042 0.977477 0.000000
vn -0.211042 0.977477 0.000000
vn -0.264336 0.964431 0.000000
vn -0.237778 0.971319 0.000000
vn -0.237778 0.971319 0.000000
vn -0.264336 0.964431 0.000000
vn -0.290696 0.956815 0.000000
vn -0.290696 0.956815 0.000000
vn -0.342736 0.939432 0.000000
vn -0.316835 0.948481 0.000000
vn -0.316835 0.948481 0.000000
vn -0.368378 0.929676 0.000000
vn -0.342736 0.939432 0.000000
vn -0.368378 0.929676 0.000000
vn -0.393747 0.919219 0.000000
vn -0.418815 0.908072 0.000000
vn -0.393747 0.919219 0.000000
vn -0.418815 0.908072 0.000000
vn -0.443570 0.896240 0.000000
vn -0.443570 0.896240 0.000000
vn -0.467991 0.883733 0.000000
vn -0.467991 0.883733 0.000000
vn -0.492057 0.870563 0.000000
vn -0.492057 0.870563 0.000000
vn -0.515757 0.856735 0.000000
vn -0.539066 0.842263 0.000000
vn -0.515757 0.856735 0.000000
vn -0.539066 0.842263 0.000000
vn -0.561971 0.827157 0.000000
vn -0.561971 0.827157 0.000000
vn -0.584450 0.811430 0.000000
vn -0.606491 0.795090 0.000000
vn -0.584450 0.811430 0.000000
vn -0.606491 0.795090 0.000000
vn -0.628075 0.778153 0.000000
vn -0.628075 0.778153 0.000000
vn -0.649189 0.760628 0.000000
vn -0.669810 0.742533 0.000000
vn -0.649189 0.760628 0.000000
vn -0.669810 0.742533 0.000000
vn -0.689929 0.723877 0.000000
vn -0.709528 0.704677 0.000000
vn -0.689929 0.723877 0.000000
vn -0.709528 0.704677 0.000000
vn -0.728593 0.684947 0.000000
vn -0.728593 0.684947 0.000000
vn -0.765064 0.643954 0.000000
vn -0.747109 0.664702 0.000000
vn -0.747109 0.664702 0.000000
vn -0.765064 0.643954 0.000000
vn -0.782442 0.622724 0.000000
vn -0.782442 0.622724 0.000000
vn -0.815419 0.578871 0.000000
vn -0.799232 0.601023 0.000000
vn -0.799232 0.601023 0.000000
vn -0.815419 0.578871 0.000000
vn -0.845941 0.533277 0.000000
vn -0.830993 0.556282 0.000000
vn -0.830993 0.556282 0.000000
vn -0.845941 0.533277 0.000000
vn -0.860252 0.509868 0.000000
vn -0.860252 0.509868 0.000000
vn -0.886924 0.461916 0.000000
vn -0.873917 0.486076 0.000000
vn -0.873917 0.486076 0.000000
vn -0.886924 0.461916 0.000000
vn -0.899261 0.437413 0.000000
vn -0.899261 0.437413 0.000000
vn -0.910923 0.412576 0.000000
vn -0.921898 0.387432 0.000000
vn -0.910923 0.412576 0.000000
vn -0.921898 0.387432 0.000000
vn -0.932181 0.361994 0.000000
vn -0.941760 0.336284 0.000000
vn -0.932181 0.361994 0.000000
vn -0.941760 0.336284 0.000000
vn -0.950632 0.310320 0.000000
vn -0.958787 0.284125 0.000000
vn -0.950632 0.310320 0.000000
vn -0.958787 0.284125 0.000000
vn -0.966221 0.257714 0.000000
vn -0.966221 0.257714 0.000000
vn -0.972927 0.231113 0.000000
vn -0.972927 0.231113 0.000000
vn -0.984139 0.177400 0.000000
vn -0.978902 0.204330 0.000000
vn -0.978902 0.204330 0.000000
vn -0.984139 0.177400 0.000000
vn -0.988635 0.150336 0.000000
vn -0.988635 0.150336 0.000000
vn -0.992387 0.123155 0.000000
vn -0.992387 0.123155 0.000000
vn -0.995393 0.095884 0.000000
vn -0.995393 0.095884 0.000000
vn -0.999153 0.041144 0.000000
vn -0.997648 0.068539 0.000000
vn -0.997648 0.068539 0.000000
vn -0.999906 0.013720 0.000000
vn -0.999153 0.041144 0.000000
vn -0.999906 0.013720 0.000000
vn -0.999906 -0.013719 0.000000
vn -0.999153 -0.041144 0.000000
vn -0.999906 -0.013719 0.000000
vn -0.997648 -0.068541 0.000000
vn -0.999153 -0.041144 0.000000
vn -0.995393 -0.095881 0.000000
vn -0.997648 -0.068541 0.000000
vn -0.992388 -0.123154 0.000000
vn -0.995393 -0.095881 0.000000
vn -0.988635 -0.150336 0.000000
vn -0.992388 -0.123154 0.000000
vn -0.984139 -0.177400 0.000000
vn -0.988635 -0.150336 0.000000
vn -0.978902 -0.204331 0.000000
vn -0.984139 -0.177400 0.000000
vn -0.972927 -0.231112 0.000000
vn -0.978902 -0.204331 0.000000
vn -0.966221 -0.257713 0.000000
vn -0.972927 -0.231112 0.000000
vn -0.966221 -0.257713 0.000000
vn -0.958786 -0.284127 0.000000
vn -0.958786 -0.284127 0.000000
vn -0.950633 -0.310317 0.000000
vn -0.950633 -0.310317 0.000000
vn -0.941757 -0.336295 0.000000
vn -0.941757 -0.336295 0.000000
vn -0.932183 -0.361987 0.000000
vn -0.932183 -0.361987 0.000000
vn -0.921898 -0.387433 0.000000
vn -0.921898 -0.387433 0.000000
vn -0.910925 -0.412571 0.000000
vn -0.910925 -0.412571 0.000000
vn -0.899257 -0.437422 0.000000
vn -0.899257 -0.437422 0.000000
vn -0.886925 -0.461913 0.000000
vn -0.886925 -0.461913 0.000000
vn -0.873919 -0.486072 0.000000
vn -0.860246 -0.509879 0.000000
vn -0.873919 -0.486072 0.000000
vn -0.860246 -0.509879 0.000000
vn -0.845945 -0.533270 0.000000
vn -0.830992 -0.556284 0.000000
vn -0.845945 -0.533270 0.000000
vn -0.815416 -0.578875 0.000000
vn -0.830992 -0.556284 0.000000
vn -0.799240 -0.601012 0.000000
vn -0.815416 -0.578875 0.000000
vn -0.782445 -0.622720 0.000000
vn -0.799240 -0.601012 0.000000
vn -0.765049 -0.643972 0.000000
vn -0.782445 -0.622720 0.000000
vn -0.747114 -0.664696 0.000000
vn -0.765049 -0.643972 0.000000
vn -0.728593 -0.684947 0.000000
vn -0.747114 -0.664696 0.000000
vn -0.709532 -0.704673 0.000000
vn -0.728593 -0.684947 0.000000
vn -0.689918 -0.723888 0.000000
vn -0.709532 -0.704673 0.000000
vn -0.669821 -0.742523 0.000000
vn -0.689918 -0.723888 0.000000
vn -0.649183 -0.760633 0.000000
vn -0.669821 -0.742523 0.000000
vn -0.628077 -0.778152 0.000000
vn -0.649183 -0.760633 0.000000
vn -0.606488 -0.795093 0.000000
vn -0.628077 -0.778152 0.000000
vn -0.584446 -0.811432 0.000000
vn -0.606488 -0.795093 0.000000
vn -0.584446 -0.811432 0.000000
vn -0.561987 -0.827146 0.000000
vn -0.561987 -0.827146 0.000000
vn -0.539057 -0.842269 0.000000
vn -0.539057 -0.842269 0.000000
vn -0.515747 -0.856741 0.000000
vn -0.515747 -0.856741 0.000000
vn -0.492065 -0.870559 0.000000
vn -0.492065 -0.870559 0.000000
vn -0.468015 -0.883721 0.000000
vn -0.443568 -0.896241 0.000000
vn -0.468015 -0.883721 0.000000
vn -0.418792 -0.908082 0.000000
vn -0.443568 -0.896241 0.000000
vn -0.393758 -0.919214 0.000000
vn -0.418792 -0.908082 0.000000
vn -0.368367 -0.929680 0.000000
vn -0.393758 -0.919214 0.000000
vn -0.342763 -0.939422 0.000000
vn -0.368367 -0.929680 0.000000
vn -0.316803 -0.948491 0.000000
vn -0.342763 -0.939422 0.000000
vn -0.290708 -0.956812 0.000000
vn -0.316803 -0.948491 0.000000
vn -0.264333 -0.964431 0.000000
vn -0.290708 -0.956812 0.000000
vn -0.237793 -0.971316 0.000000
vn -0.264333 -0.964431 0.000000
vn -0.211049 -0.977475 0.000000
vn -0.237793 -0.971316 0.000000
vn -0.184142 -0.982900 0.000000
vn -0.211049 -0.977475 0.000000
vn -0.157111 -0.987581 0.000000
vn -0.184142 -0.982900 0.000000
vn -0.129958 -0.991519 0.000000
vn -0.157111 -0.987581 0.000000
vn -0.102683 -0.994714 0.000000
vn -0.129958 -0.991519 0.000000
vn -0.075407 -0.997153 0.000000
vn -0.102683 -0.994714 0.000000
vn -0.047968 -0.998849 0.000000
vn -0.075407 -0.997153 0.000000
vn -0.047968 -0.998849 0.000000
vn -0.020610 -0.999788 0.000000
vn -0.020610 -0.999788 0.000000
vn 0.006870 -0.999976 0.000000
vn 0.006870 -0.999976 0.000000
vn 0.034309 -0.999411 0.000000
vn 0.034309 -0.999411 0.000000
vn 0.061667 -0.998097 0.000000
vn 0.089065 -0.996026 0.000000
vn 0.061667 -0.998097 0.000000
vn 0.116341 -0.993209 0.000000
vn 0.089065 -0.996026 0.000000
vn 0.116341 -0.993209 0.000000
vn 0.143575 -0.989639 0.000000
vn 0.143575 -0.989639 0.000000
vn 0.170607 -0.985339 0.000000
vn 0.197636 -0.980276 0.000000
vn 0.170607 -0.985339 0.000000
vn 0.197636 -0.980276 0.000000
vn 0.224422 -0.974492 0.000000
vn 0.224422 -0.974492 0.000000
vn 0.251084 -0.967965 0.000000
vn 0.251084 -0.967965 0.000000
vn 0.277542 -0.960714 0.000000
vn 0.303795 -0.952738 0.000000
vn 0.277542 -0.960714 0.000000
vn 0.303795 -0.952738 0.000000
vn 0.329805 -0.944049 0.000000
vn 0.329805 -0.944049 0.000000
vn 0.355605 -0.934636 0.000000
vn 0.355605 -0.934636 0.000000
vn 0.381085 -0.924540 0.000000
vn 0.406315 -0.913733 0.000000
vn 0.381085 -0.924540 0.000000
vn 0.406315 -0.913733 0.000000
vn 0.431254 -0.902231 0.000000
vn 0.431254 -0.902231 0.000000
vn 0.455801 -0.890082 0.000000
vn 0.455801 -0.890082 0.000000
vn 0.480082 -0.877224 0.000000
vn 0.503964 -0.863725 0.000000
vn 0.480082 -0.877224 0.000000
vn 0.503964 -0.863725 0.000000
vn 0.527446 -0.849589 0.000000
vn 0.527446 -0.849589 0.000000
vn 0.550580 -0.834782 0.000000
vn 0.550580 -0.834782 0.000000
vn 0.595527 -0.803335 0.000000
vn 0.573275 -0.819363 0.000000
vn 0.573275 -0.819363 0.000000
vn 0.617330 -0.786704 0.000000
vn 0.595527 -0.803335 0.000000
vn 0.617330 -0.786704 0.000000
vn 0.659540 -0.751669 0.000000
vn 0.638702 -0.769454 0.000000
vn 0.638702 -0.769454 0.000000
vn 0.679954 -0.733255 0.000000
vn 0.659540 -0.751669 0.000000
vn 0.679954 -0.733255 0.000000
vn 0.699777 -0.714361 0.000000
vn 0.699777 -0.714361 0.000000
vn 0.719137 -0.694868 0.000000
vn 0.737919 -0.674890 0.000000
vn 0.719137 -0.694868 0.000000
vn 0.737919 -0.674890 0.000000
vn 0.756156 -0.654391 0.000000
vn 0.756156 -0.654391 0.000000
vn 0.773824 -0.633401 0.000000
vn 0.773824 -0.633401 0.000000
vn 0.790913 -0.611929 0.000000
vn 0.807398 -0.590007 0.000000
vn 0.790913 -0.611929 0.000000
vn 0.807398 -0.590007 0.000000
vn 0.823290 -0.567622 0.000000
vn 0.823290 -0.567622 0.000000
vn 0.838549 -0.544826 0.000000
vn 0.853170 -0.521633 0.000000
vn 0.838549 -0.544826 0.000000
vn 0.853170 -0.521633 0.000000
vn 0.867170 -0.498012 0.000000
vn 0.880504 -0.474039 0.000000
vn 0.867170 -0.498012 0.000000
vn 0.880504 -0.474039 0.000000
vn 0.893170 -0.449719 0.000000
vn 0.893170 -0.449719 0.000000
vn 0.905184 -0.425020 0.000000
vn 0.916497 -0.400042 0.000000
vn 0.905184 -0.425020 0.000000
vn 0.927122 -0.374761 0.000000
vn 0.916497 -0.400042 0.000000
vn 0.927122 -0.374761 0.000000
vn 0.937059 -0.349171 0.000000
vn 0.937059 -0.349171 0.000000
vn 0.954797 -0.297260 0.000000
vn 0.946288 -0.323325 0.000000
vn 0.946288 -0.323325 0.000000
vn 0.962597 -0.270937 0.000000
vn 0.954797 -0.297260 0.000000
vn 0.962597 -0.270937 0.000000
vn 0.969665 -0.244438 0.000000
vn 0.969665 -0.244438 0.000000
vn 0.981612 -0.190887 0.000000
vn 0.976006 -0.217743 0.000000
vn 0.976006 -0.217743 0.000000
vn 0.981612 -0.190887 0.000000
vn 0.986481 -0.163878 0.000000
vn 0.986481 -0.163878 0.000000
vn 0.990605 -0.136758 0.000000
vn 0.990605 -0.136758 0.000000
vn 0.993984 -0.109529 0.000000
vn 0.996614 -0.082221 0.000000
vn 0.993984 -0.109529 0.000000
vn 0.996614 -0.082221 0.000000
vn 0.998495 -0.054848 0.000000
vn 0.998495 -0.054848 0.000000
vn 0.999624 -0.027434 0.000000
vn 0.999624 -0.027434 0.000000
vn 1.000000 0.000000 0.000000
vn 0.999624 0.027434 -0.000000
vn 1.000000 0.000000 0.000000
vn 0.999624 0.027434 -0.000000
vn 0.998495 0.054848 -0.000000
vn 0.998495 0.054848 -0.000000
vn 0.996614 0.082221 0.000000
vn 0.996614 0.082221 -0.000000
vn 0.993984 0.109529 0.000000
vn 0.993984 0.109529 -0.000000
vn 0.986481 0.163878 -0.000000
vn 0.990605 0.136758 -0.000000
vn 0.990605 0.136758 0.000000
vn 0.986481 0.163878 -0.000000
vn 0.981612 0.190887 -0.000000
vn 0.981612 0.190887 0.000000
vn 0.976006 0.217743 -0.000000
vn 0.976006 0.217743 0.000000
vn 0.969665 0.244438 -0.000000
vn 0.969665 0.244438 0.000000
vn 0.954797 0.297260 -0.000000
vn 0.962597 0.270937 -0.000000
vn 0.962597 0.270937 0.000000
vn 0.954797 0.297260 -0.000000
vn 0.946288 0.323325 -0.000000
vn 0.946288 0.323325 0.000000
vn 0.937059 0.349171 -0.000000
vn 0.937059 0.349171 0.000000
vn 0.916497 0.400042 -0.000000
vn 0.927122 0.374761 -0.000000
vn 0.927122 0.374761 0.000000
vn 0.916497 0.400042 -0.000000
vn 0.905184 0.425020 -0.000000
vn 0.905184 0.425020 0.000000
vn 0.893170 0.449719 -0.000000
vn 0.893170 0.449719 0.000000
vn 0.880504 0.474039 -0.000000
vn 0.880504 0.474039 0.000000
vn 0.867170 0.498012 -0.000000
vn 0.867170 0.498012 0.000000
vn 0.853170 0.521633 -0.000000
vn 0.853170 0.521633 0.000000
vn 0.823290 0.567622 -0.000000
vn 0.838549 0.544826 -0.000000
vn 0.838549 0.544826 0.000000
vn 0.823290 0.567622 -0.000000
vn 0.807398 0.590007 0.000000
vn 0.807398 0.590007 -0.000000
vn 0.790913 0.611929 0.000000
vn 0.773824 0.633401 -0.000000
vn 0.790913 0.611929 -0.000000
vn 0.773824 0.633401 -0.000000
vn 0.737919 0.674890 -0.000000
vn 0.756156 0.654391 -0.000000
vn 0.756156 0.654391 0.000000
vn 0.737919 0.674890 -0.000000
vn 0.719128 0.694878 -0.000000
vn 0.719128 0.694878 0.000000
vn 0.679932 0.733275 -0.000000
vn 0.699798 0.714341 -0.000000
vn 0.699798 0.714341 0.000000
vn 0.679932 0.733275 -0.000000
vn 0.659563 0.751649 -0.000000
vn 0.659563 0.751649 0.000000
vn 0.638690 0.769464 -0.000000
vn 0.638690 0.769464 0.000000
vn 0.617343 0.786694 -0.000000
vn 0.617343 0.786694 0.000000
vn 0.573262 0.819372 -0.000000
vn 0.595527 0.803335 -0.000000
vn 0.595527 0.803335 0.000000
vn 0.573262 0.819372 -0.000000
vn 0.527460 0.849580 -0.000000
vn 0.550566 0.834792 -0.000000
vn 0.550566 0.834792 0.000000
vn 0.527460 0.849580 -0.000000
vn 0.503964 0.863725 -0.000000
vn 0.503964 0.863725 0.000000
vn 0.480066 0.877232 -0.000000
vn 0.480066 0.877232 0.000000
vn 0.455817 0.890073 -0.000000
vn 0.455817 0.890073 0.000000
vn 0.431238 0.902238 -0.000000
vn 0.431238 0.902238 0.000000
vn 0.406315 0.913733 -0.000000
vn 0.406315 0.913733 0.000000
vn 0.381103 0.924533 0.000000
vn 0.355587 0.934643 -0.000000
vn 0.381103 0.924533 -0.000000
vn 0.355587 0.934643 -0.000000
vn 0.329823 0.944043 0.000000
vn 0.329823 0.944043 -0.000000
vn 0.303795 0.952738 0.000000
vn 0.277542 0.960714 -0.000000
vn 0.303795 0.952738 -0.000000
vn 0.277542 0.960714 -0.000000
vn 0.224422 0.974492 -0.000000
vn 0.251084 0.967965 -0.000000
vn 0.251084 0.967965 0.000000
vn 0.224422 0.974492 -0.000000
vn 0.197616 0.980280 0.000000
vn 0.197616 0.980280 -0.000000
vn 0.170647 0.985332 0.000000
vn 0.143555 0.989642 -0.000000
vn 0.170647 0.985332 -0.000000
vn 0.143555 0.989642 -0.000000
vn 0.116341 0.993209 0.000000
vn 0.116341 0.993209 -0.000000
vn 0.089045 0.996028 0.000000
vn 0.089045 0.996028 -0.000000
vn 0.061708 0.998094 0.000000
vn 0.061708 0.998094 -0.000000
vn 0.034289 0.999412 0.000000
vn 0.034289 0.999412 -0.000000
vn 0.006850 0.999977 0.000000
vn -0.020569 0.999788 0.000000
vn 0.006850 0.999977 -0.000000
vn -0.020569 0.999788 0.000000
vn -0.048009 0.998847 0.000000
vn -0.075366 0.997156 0.000000
vn -0.048009 0.998847 0.000000
vn -0.075366 0.997156 0.000000
vn -0.102723 0.994710 0.000000
vn -0.102723 0.994710 0.000000
vn -0.129958 0.991519 0.000000
vn -0.129958 0.991519 0.000000
vn -0.157111 0.987581 0.000000
vn -0.157111 0.987581 0.000000
vn -0.184142 0.982900 0.000000
vn -0.184142 0.982900 0.000000
vn -0.211049 0.977475 0.000000
vn -0.211049 0.977475 0.000000
vn -0.264333 0.964431 0.000000
vn -0.237773 0.971321 0.000000
vn -0.237773 0.971321 0.000000
vn -0.264333 0.964431 0.000000
vn -0.290689 0.956818 0.000000
vn -0.290689 0.956818 0.000000
vn -0.342727 0.939435 0.000000
vn -0.316840 0.948479 0.000000
vn -0.316840 0.948479 0.000000
vn -0.368385 0.929673 0.000000
vn -0.342727 0.939435 0.000000
vn -0.368385 0.929673 0.000000
vn -0.393741 0.919222 0.000000
vn -0.418825 0.908067 0.000000
vn -0.393741 0.919222 0.000000
vn -0.418825 0.908067 0.000000
vn -0.443568 0.896241 0.000000
vn -0.443568 0.896241 0.000000
vn -0.467983 0.883737 0.000000
vn -0.467983 0.883737 0.000000
vn -0.492065 0.870559 0.000000
vn -0.492065 0.870559 0.000000
vn -0.515762 0.856732 0.000000
vn -0.539057 0.842269 0.000000
vn -0.515762 0.856732 0.000000
vn -0.539057 0.842269 0.000000
vn -0.561973 0.827156 0.000000
vn -0.561973 0.827156 0.000000
vn -0.584446 0.811432 0.000000
vn -0.606501 0.795083 0.000000
vn -0.584446 0.811432 0.000000
vn -0.606501 0.795083 0.000000
vn -0.628077 0.778152 0.000000
vn -0.628077 0.778152 0.000000
vn -0.649183 0.760633 0.000000
vn -0.669810 0.742533 0.000000
vn -0.649183 0.760633 0.000000
vn -0.669810 0.742533 0.000000
vn -0.689929 0.723877 0.000000
vn -0.709532 0.704673 0.000000
vn -0.689929 0.723877 0.000000
vn -0.709532 0.704673 0.000000
vn -0.728593 0.684947 0.000000
vn -0.728593 0.684947 0.000000
vn -0.765066 0.643952 0.000000
vn -0.747105 0.664707 0.000000
vn -0.747105 0.664707 0.000000
vn -0.765066 0.643952 0.000000
vn -0.782445 0.622720 0.000000
vn -0.782445 0.622720 0.000000
vn -0.815423 0.578866 0.000000
vn -0.799225 0.601032 0.000000
vn -0.799225 0.601032 0.000000
vn -0.815423 0.578866 0.000000
vn -0.845945 0.533270 0.000000
vn -0.830992 0.556284 0.000000
vn -0.830992 0.556284 0.000000
vn -0.845945 0.533270 0.000000
vn -0.860246 0.509879 0.000000
vn -0.860246 0.509879 0.000000
vn -0.886925 0.461913 0.000000
vn -0.873919 0.486072 0.000000
vn -0.873919 0.486072 0.000000
vn -0.886925 0.461913 0.000000
vn -0.899257 0.437422 0.000000
vn -0.899257 0.437422 0.000000
vn -0.910925 0.412571 0.000000
vn -0.921898 0.387433 0.000000
vn -0.910925 0.412571 0.000000
vn -0.921898 0.387433 0.000000
vn -0.932183 0.361987 0.000000
vn -0.941757 0.336295 0.000000
vn -0.932183 0.361987 0.000000
vn -0.941757 0.336295 0.000000
vn -0.950633 0.310317 0.000000
vn -0.958786 0.284127 0.000000
vn -0.950633 0.310317 0.000000
vn -0.958786 0.284127 0.000000
vn -0.966221 0.257713 0.000000
vn -0.966221 0.257713 0.000000
vn -0.972927 0.231112 0.000000
vn -0.972927 0.231112 0.000000
vn -0.984139 0.177400 0.000000
vn -0.978902 0.204331 0.000000
vn -0.978902 0.204331 0.000000
vn -0.984139 0.177400 0.000000
vn -0.988635 0.150336 0.000000
vn -0.988635 0.150336 0.000000
vn -0.992388 0.123154 0.000000
vn -0.992388 0.123154 0.000000
vn -0.995393 0.095881 0.000000
vn -0.995393 0.095881 0.000000
vn -0.999153 0.041144 0.000000
vn -0.997648 0.068541 0.000000
vn -0.997648 0.068541 0.000000
vn -0.999906 0.013719 0.000000
vn -0.999153 0.041144 0.000000
vn -0.999906 0.013719 0.000000
f 1//1 2//1 3//1
f 3//2 2//2 4//2
f 5//3 6//3 1//3
f 1//4 6//4 2//4
f 7//5 8//5 2//5
f 9//6 2//6 8//6
f 10//7 7//7 2//7
f 11//8 2//8 9//8
f 12//9 10//9 2//9
f 13//10 2//10 11//10
f 14//11 12//11 2//11
f 15//12 2//12 13//12
f 16//13 14//13 2//13
f 17//14 2//14 15//14
f 18//15 16//15 2//15
f 19//16 2//16 17//16
f 20//17 18//17 2//17
f 21//18 2//18 19//18
f 22//19 20//19 2//19
f 23//20 2//20 21//20
f 24//21 22//21 2//21
f 25//22 2//22 23//22
f 26//23 24//23 2//23
f 27//24 2//24 25//24
f 28//25 26//25 2//25
f 29//26 2//26 27//26
f 30//27 28//27 2//27
f 31//28 2//28 29//28
f 32//29 30//29 2//29
f 33//30 2//30 31//30
f 34//31 32//31 2//31
f 35//32 2//32 33//32
f 36//33 34//33 2//33
f 37//34 2//34 35//34
f 38//35 36//35 2//35
f 39//36 2//36 37//36
f 40//37 38//37 2//37
f 41//38 2//38 39//38
f 42//39 40//39 2//39
f 43//40 2//40 41//40
f 44//41 42//41 2//41
f 45//42 2//42 43//42
f 46//43 44//43 2//43
f 47//44 2//44 45//44
f 48//45 46//45 2//45
f 49//46 2//46 47//46
f 50//47 48//47 2//47
f 51//48 2//48 49//48
f 52//49 50//49 2//49
f 53//50 2//50 51//50
f 54//51 52//51 2//51
f 55//52 2//52 53//52
f 56//53 54//53 2//53
f 57//54 2//54 55//54
f 58//55 56//55 2//55
f 59//56 2//56 57//56
f 60//57 58//57 2//57
f 61//58 2//58 59//58
f 62//59 60//59 2//59
f 63//60 2//60 61//60
f 64//61 62//61 2//61
f 65//62 2//62 63//62
f 66//63 64//63 2//63
f 67//64 2//64 65//64
f 68//65 66//65 2//65
f 69//66 2//66 67//66
f 70//67 68//67 2//67
f 71//68 2//68 69//68
f 72//69 70//69 2//69
f 73//70 2//70 71//70
f 74//71 72//71 2//71
f 75//72 2//72 73//72
f 76//73 2//73 75//73
f 77//74 2//74 76//74
f 78//75 2//75 77//75
f 79//76 2//76 78//76
f 80//77 2//77 79//77
f 81//78 2//78 80//78
f 82//79 2//79 81//79
f 83//80 2//80 82//80
f 84//81 2//81 83//81
f 85//82 2//82 84//82
f 86//83 2//83 85//83
f 87//84 2//84 86//84
f 88//85 2//85 87//85
f 89//86 2//86 88//86
f 90//87 2//87 89//87
f 6//88 91//88 92//88
f 6//89 92//89 93//89
f 6//90 93//90 94//90
f 6//91 95//91 96//91
f 6//92 94//92 97//92
f 6//93 96//93 98//93
f 6//94 97//94 99//94
f 6//95 98//95 100//95
f 6//96 99//96 101//96
f 6//97 100//97 102//97
f 6//98 101//98 103//98
f 6//99 102//99 104//99
f 6//100 103//100 105//100
f 6//101 104//101 106//101
f 6//102 105//102 107//102
f 6//103 106//103 108//103
f 6//104 107//104 109//104
f 6//105 108//105 110//105
f 6//106 109//106 111//106
f 6//107 110//107 112//107
f 6//108 111//108 113//108
f 6//109 112//109 114//109
f 6//110 113//110 115//110
f 6//111 114//111 116//111
f 6//112 115//112 117//112
f 6//113 116//113 118//113
f 6//114 117//114 119//114
f 6//115 118//115 120//115
f 6//116 119//116 121//116
f 6//117 120//117 122//117
f 6//118 121//118 123//118
f 6//119 122//119 124//119
f 6//120 123//120 125//120
f 6//121 124//121 126//121
f 6//122 125//122 127//122
f 6//123 126//123 128//123
f 6//124 127//124 129//124
f 6//125 128//125 130//125
f 6//126 129//126 131//126
f 6//127 130//127 132//127
f 6//128 131//128 133//128
f 6//129 132//129 134//129
f 6//130 133//130 135//130
f 6//131 134//131 136//131
f 6//132 135//132 137//132
f 6//133 136//133 138//133
f 6//134 137//134 139//134
f 6//135 138//135 140//135
f 6//136 139//136 141//136
f 6//137 140//137 142//137
f 6//138 141//138 143//138
f 6//139 142//139 91//139
f 6//140 143//140 144//140
f 6//141 144//141 145//141
f 6//142 145//142 146//142
f 6//143 146//143 147//143
f 6//144 147//144 148//144
f 6//145 148//145 149//145
f 6//146 149//146 150//146
f 6//147 150//147 151//147
f 6//148 151//148 152//148
f 6//149 152//149 153//149
f 6//150 153//150 154//150
f 6//151 154//151 155//151
f 6//152 155//152 156//152
f 6//153 156//153 157//153
f 6//154 157//154 158//154
f 6//155 158//155 159//155
f 6//156 159//156 160//156
f 6//157 160//157 161//157
f 6//158 161//158 162//158
f 6//159 162//159 163//159
f 6//160 163//160 164//160
f 6//161 164//161 165//161
f 6//162 165//162 166//162
f 6//163 166//163 167//163
f 6//164 167//164 74//164
f 6//165 74//165 2//165
f 168//166 169//166 170//166
f 168//167 170//167 171//167
f 172//168 168//168 171//168
f 173//169 169//169 168//169
f 173//170 174//170 169//170
f 175//171 172//171 171//171
f 175//172 171//172 176//172
f 177//173 174//173 173//173
f 177//174 178//174 174//174
f 179//175 175//175 176//175
f 179//176 176//176 180//176
f 181//177 178//177 177//177
f 181//178 182//178 178//178
f 183//179 179//179 180//179
f 183//180 180//180 184//180
f 183//181 184//181 185//181
f 186//182 182//182 181//182
f 187//183 183//183 185//183
f 188//184 189//184 182//184
f 188//185 182//185 186//185
f 190//186 185//186 191//186
f 190//187 187//187 185//187
f 192//188 189//188 188//188
f 192//189 193//189 189//189
f 194//190 191//190 195//190
f 194//191 190//191 191//191
f 196//192 193//192 192//192
f 196//193 197//193 193//193
f 198//194 195//194 199//194
f 198//195 194//195 195//195
f 200//196 197//196 196//196
f 200//197 90//197 197//197
f 200//198 2//198 90//198
f 201//199 199//199 202//199
f 201//200 198//200 199//200
f 203//201 2//201 200//201
f 204//202 202//202 205//202
f 204//203 201//203 202//203
f 206//204 2//204 203//204
f 207//205 205//205 208//205
f 207//206 204//206 205//206
f 209//207 2//207 206//207
f 210//208 208//208 211//208
f 210//209 211//209 212//209
f 210//210 207//210 208//210
f 213//211 2//211 209//211
f 214//212 210//212 212//212
f 215//213 212//213 216//213
f 215//214 214//214 212//214
f 217//215 216//215 218//215
f 217//216 215//216 216//216
f 219//217 217//217 218//217
f 219//218 218//218 220//218
f 221//219 220//219 222//219
f 221//220 219//220 220//220
f 223//221 222//221 224//221
f 223//222 221//222 222//222
f 225//223 224//223 226//223
f 225//224 223//224 224//224
f 227//225 225//225 226//225
f 227//226 226//226 228//226
f 229//227 228//227 230//227
f 229//228 227//228 228//228
f 231//229 230//229 232//229
f 231//230 229//230 230//230
f 233//231 231//231 232//231
f 233//232 232//232 234//232
f 235//233 233//233 234//233
f 235//234 234//234 236//234
f 235//235 236//235 237//235
f 238//236 235//236 237//236
f 239//237 238//237 237//237
f 239//238 237//238 240//238
f 241//239 240//239 242//239
f 241//240 239//240 240//240
f 243//241 241//241 242//241
f 243//242 242//242 244//242
f 245//243 243//243 244//243
f 245//244 244//244 246//244
f 247//245 246//245 248//245
f 247//246 245//246 246//246
f 249//247 247//247 248//247
f 249//248 248//248 250//248
f 249//249 250//249 251//249
f 252//250 249//250 251//250
f 253//251 252//251 251//251
f 253//252 251//252 254//252
f 253//253 254//253 255//253
f 256//254 253//254 255//254
f 257//255 256//255 255//255
f 257//256 255//256 258//256
f 259//257 258//257 260//257
f 259//258 257//258 258//258
f 261//259 259//259 260//259
f 261//260 260//260 262//260
f 263//261 261//261 262//261
f 263//262 262//262 264//262
f 265//263 263//263 264//263
f 265//264 264//264 266//264
f 267//265 265//265 266//265
f 267//266 266//266 268//266
f 269//267 267//267 268//267
f 269//268 268//268 270//268
f 269//269 270//269 271//269
f 4//270 213//270 272//270
f 4//271 272//271 273//271
f 4//272 273//272 274//272
f 4//273 274//273 275//273
f 4//274 275//274 276//274
f 4//275 276//275 277//275
f 4//276 277//276 278//276
f 4//277 278//277 279//277
f 4//278 279//278 280//278
f 4//279 280//279 281//279
f 4//280 281//280 282//280
f 4//281 282//281 283//281
f 4//282 283//282 284//282
f 4//283 284//283 285//283
f 4//284 285//284 286//284
f 4//285 286//285 287//285
f 4//286 287//286 288//286
f 4//287 288//287 289//287
f 4//288 289//288 290//288
f 4//289 290//289 291//289
f 4//290 291//290 292//290
f 4//291 292//291 293//291
f 4//292 293//292 294//292
f 4//293 294//293 295//293
f 4//294 295//294 296//294
f 4//295 296//295 297//295
f 4//296 297//296 298//296
f 4//297 298//297 299//297
f 4//298 299//298 300//298
f 4//299 2//299 213//299
f 301//300 269//300 271//300
f 302//301 4//301 300//301
f 303//302 301//302 271//302
f 303//303 271//303 304//303
f 305//304 4//304 302//304
f 306//305 304//305 307//305
f 306//306 303//306 304//306
f 308//307 4//307 305//307
f 309//308 306//308 307//308
f 309//309 307//309 310//309
f 309//310 310//310 311//310
f 312//311 4//311 308//311
f 313//312 309//312 311//312
f 314//313 4//313 312//313
f 315//314 313//314 311//314
f 315//315 311//315 316//315
f 317//316 4//316 314//316
f 318//317 315//317 316//317
f 318//318 316//318 319//318
f 318//319 319//319 320//319
f 321//320 4//320 317//320
f 322//321 318//321 320//321
f 323//322 4//322 321//322
f 324//323 322//323 320//323
f 324//324 320//324 325//324
f 326//325 4//325 323//325
f 327//326 324//326 325//326
f 327//327 325//327 328//327
f 329//328 4//328 326//328
f 330//329 327//329 328//329
f 330//330 328//330 331//330
f 332//331 4//331 329//331
f 333//332 330//332 331//332
f 333//333 331//333 334//333
f 335//334 4//334 332//334
f 336//335 333//335 334//335
f 336//336 334//336 337//336
f 338//337 4//337 335//337
f 339//338 337//338 340//338
f 339//339 340//339 341//339
f 339//340 336//340 337//340
f 342//341 4//341 338//341
f 343//342 339//342 341//342
f 344//343 4//343 342//343
f 345//344 341//344 346//344
f 345//345 346//345 347//345
f 345//346 343//346 341//346
f 348//347 4//347 344//347
f 349//348 347//348 350//348
f 349//349 345//349 347//349
f 351//350 4//350 348//350
f 352//351 349//351 350//351
f 353//352 4//352 351//352
f 354//353 350//353 355//353
f 354//354 355//354 95//354
f 354//355 352//355 350//355
f 356//356 4//356 353//356
f 357//357 95//357 6//357
f 357//358 354//358 95//358
f 358//359 4//359 356//359
f 359//360 357//360 6//360
f 360//361 4//361 358//361
f 361//362 359//362 6//362
f 362//363 4//363 360//363
f 363//364 361//364 6//364
f 364//365 4//365 362//365
f 365//366 4//366 364//366
f 366//367 4//367 365//367
f 367//368 4//368 366//368
f 368//369 4//369 367//369
f 369//370 4//370 368//370
f 370//371 4//371 369//371
f 371//372 4//372 370//372
f 372//373 4//373 371//373
f 373//374 4//374 372//374
f 374//375 4//375 373//375
f 375//376 4//376 374//376
f 376//377 4//377 375//377
f 377//378 4//378 376//378
f 378//379 4//379 377//379
f 379//380 4//380 378//380
f 380//381 4//381 379//381
f 381//382 4//382 380//382
f 382//383 4//383 381//383
f 383//384 4//384 382//384
f 384//385 4//385 383//385
f 385//386 4//386 384//386
f 386//387 4//387 385//387
f 387//388 4//388 386//388
f 388//389 4//389 387//389
f 389//390 4//390 388//390
f 390//391 4//391 389//391
f 391//392 4//392 390//392
f 392//393 4//393 391//393
f 393//394 4//394 392//394
f 394//395 395//395 396//395
f 394//396 396//396 397//396
f 394//397 397//397 398//397
f 394//398 398//398 399//398
f 394//399 399//399 400//399
f 394//400 400//400 401//400
f 394//401 401//401 402//401
f 394//402 402//402 403//402
f 394//403 403//403 404//403
f 394//404 404//404 405//404
f 394//405 405//405 406//405
f 394//406 406//406 407//406
f 394//407 407//407 408//407
f 394//408 408//408 409//408
f 394//409 409//409 410//409
f 394//410 410//410 411//410
f 394//411 411//411 412//411
f 394//412 412//412 413//412
f 394//413 413//413 414//413
f 394//414 415//414 416//414
f 394//415 414//415 417//415
f 394//416 416//416 418//416
f 394//417 417//417 419//417
f 394//418 418//418 420//418
f 394//419 419//419 421//419
f 394//420 420//420 422//420
f 394//421 421//421 423//421
f 394//422 422//422 424//422
f 394//423 423//423 425//423
f 394//424 424//424 426//424
f 394//425 425//425 427//425
f 394//426 426//426 428//426
f 394//427 427//427 429//427
f 394//428 428//428 430//428
f 394//429 429//429 431//429
f 394//430 430//430 432//430
f 394//431 431//431 433//431
f 394//432 432//432 434//432
f 394//433 433//433 435//433
f 394//434 434//434 436//434
f 394//435 435//435 437//435
f 394//436 436//436 438//436
f 394//437 437//437 439//437
f 394//438 438//438 440//438
f 394//439 439//439 441//439
f 394//440 440//440 442//440
f 394//441 441//441 443//441
f 394//442 442//442 444//442
f 394//443 443//443 445//443
f 394//444 444//444 446//444
f 394//445 445//445 447//445
f 394//446 446//446 448//446
f 394//447 447//447 449//447
f 394//448 448//448 450//448
f 394//449 449//449 451//449
f 394//450 450//450 452//450
f 394//451 451//451 453//451
f 394//452 452//452 454//452
f 394//453 453//453 455//453
f 394//454 454//454 456//454
f 394//455 455//455 457//455
f 394//456 456//456 363//456
f 394//457 457//457 458//457
f 394//458 458//458 459//458
f 394//459 459//459 460//459
f 394//460 460//460 461//460
f 394//461 461//461 462//461
f 394//462 462//462 415//462
f 394//463 363//463 6//463
f 394//464 4//464 393//464
f 394//465 393//465 463//465
f 394//466 463//466 464//466
f 394//467 464//467 465//467
f 394//468 465//468 395//468
f 394//469 466//469 3//469
f 394//470 3//470 4//470
f 467//471 468//471 1//471
f 1//472 469//472 467//472
f 468//473 470//473 1//473
f 1//474 471//474 469//474
f 470//475 472//475 1//475
f 1//476 473//476 471//476
f 472//477 474//477 1//477
f 1//478 475//478 473//478
f 474//479 476//479 1//479
f 1//480 477//480 475//480
f 476//481 478//481 1//481
f 1//482 479//482 477//482
f 478//483 480//483 1//483
f 1//484 481//484 479//484
f 480//485 482//485 1//485
f 1//486 483//486 481//486
f 482//487 484//487 1//487
f 1//488 485//488 483//488
f 484//489 486//489 1//489
f 1//490 487//490 485//490
f 486//491 488//491 1//491
f 1//492 489//492 487//492
f 488//493 490//493 1//493
f 1//494 491//494 489//494
f 490//495 492//495 1//495
f 1//496 493//496 491//496
f 492//497 494//497 1//497
f 1//498 495//498 493//498
f 494//499 496//499 1//499
f 1//500 497//500 495//500
f 496//501 498//501 1//501
f 1//502 499//502 497//502
f 498//503 500//503 1//503
f 1//504 501//504 499//504
f 500//505 502//505 1//505
f 1//506 503//506 501//506
f 502//507 504//507 1//507
f 1//508 505//508 503//508
f 504//509 506//509 1//509
f 1//510 507//510 505//510
f 506//511 508//511 1//511
f 1//512 509//512 507//512
f 508//513 510//513 1//513
f 1//514 511//514 509//514
f 510//515 512//515 1//515
f 1//516 513//516 511//516
f 512//517 514//517 1//517
f 1//518 515//518 513//518
f 514//519 516//519 1//519
f 1//520 517//520 515//520
f 516//521 518//521 1//521
f 1//522 519//522 517//522
f 518//523 520//523 1//523
f 1//524 521//524 519//524
f 520//525 522//525 1//525
f 1//526 523//526 521//526
f 522//527 524//527 1//527
f 1//528 525//528 523//528
f 524//529 526//529 1//529
f 1//530 527//530 525//530
f 526//531 528//531 1//531
f 1//532 529//532 527//532
f 528//533 530//533 1//533
f 1//534 531//534 529//534
f 530//535 532//535 1//535
f 1//536 533//536 531//536
f 532//537 534//537 1//537
f 1//538 535//538 533//538
f 1//539 536//539 535//539
f 1//540 537//540 536//540
f 1//541 538//541 537//541
f 1//542 539//542 538//542
f 1//543 540//543 539//543
f 1//544 541//544 540//544
f 1//545 542//545 541//545
f 1//546 543//546 542//546
f 1//547 544//547 543//547
f 1//548 545//548 544//548
f 1//549 546//549 545//549
f 1//550 547//550 546//550
f 1//551 548//551 547//551
f 1//552 549//552 548//552
f 1//553 550//553 549//553
f 551//554 5//554 552//554
f 553//555 5//555 551//555
f 554//556 5//556 553//556
f 555//557 5//557 554//557
f 556//558 5//558 555//558
f 557//559 5//559 556//559
f 558//560 5//560 559//560
f 560//561 5//561 557//561
f 561//562 5//562 558//562
f 562//563 5//563 560//563
f 563//564 5//564 561//564
f 564//565 5//565 562//565
f 565//566 5//566 563//566
f 566//567 5//567 564//567
f 567//568 5//568 565//568
f 568//569 5//569 566//569
f 569//570 5//570 567//570
f 570//571 5//571 568//571
f 571//572 5//572 569//572
f 572//573 5//573 570//573
f 573//574 5//574 571//574
f 574//575 5//575 572//575
f 575//576 5//576 573//576
f 576//577 5//577 574//577
f 577//578 5//578 575//578
f 578//579 5//579 576//579
f 579//580 5//580 577//580
f 580//581 5//581 578//581
f 581//582 5//582 579//582
f 582//583 5//583 580//583
f 583//584 5//584 581//584
f 584//585 5//585 582//585
f 585//586 5//586 583//586
f 586//587 5//587 584//587
f 587//588 5//588 585//588
f 588//589 5//589 586//589
f 589//590 5//590 587//590
f 590//591 5//591 588//591
f 591//592 5//592 589//592
f 592//593 5//593 590//593
f 593//594 5//594 591//594
f 594//595 5//595 592//595
f 595//596 5//596 593//596
f 596//597 5//597 594//597
f 597//598 5//598 595//598
f 598//599 5//599 596//599
f 599//600 5//600 597//600
f 600//601 5//601 598//601
f 601//602 5//602 599//602
f 602//603 5//603 600//603
f 603//604 5//604 601//604
f 604//605 5//605 602//605
f 605//606 5//606 603//606
f 606//607 5//607 604//607
f 607//608 5//608 605//608
f 608//609 5//609 606//609
f 559//610 5//610 608//610
f 609//611 5//611 534//611
f 610//612 5//612 609//612
f 611//613 5//613 610//613
f 612//614 5//614 611//614
f 613//615 5//615 612//615
f 614//616 5//616 613//616
f 615//617 5//617 614//617
f 616//618 5//618 615//618
f 617//619 5//619 616//619
f 618//620 5//620 617//620
f 619//621 5//621 618//621
f 620//622 5//622 619//622
f 621//623 5//623 620//623
f 622//624 5//624 621//624
f 623//625 5//625 622//625
f 624//626 5//626 623//626
f 625//627 5//627 624//627
f 626//628 5//628 625//628
f 534//629 5//629 1//629
f 627//630 5//630 626//630
f 552//631 5//631 627//631
f 628//632 629//632 630//632
f 631//633 629//633 632//633
f 630//634 629//634 631//634
f 630//635 633//635 628//635
f 634//636 633//636 630//636
f 629//637 635//637 632//637
f 634//638 636//638 633//638
f 637//639 636//639 634//639
f 638//640 636//640 637//640
f 635//641 639//641 632//641
f 632//642 639//642 640//642
f 638//643 641//643 636//643
f 639//644 642//644 640//644
f 640//645 642//645 643//645
f 638//646 644//646 641//646
f 645//647 644//647 638//647
f 642//648 646//648 643//648
f 643//649 646//649 647//649
f 645//650 648//650 644//650
f 649//651 648//651 645//651
f 646//652 650//652 647//652
f 647//653 650//653 651//653
f 649//654 652//654 648//654
f 653//655 652//655 649//655
f 650//656 654//656 651//656
f 655//657 654//657 656//657
f 651//658 654//658 655//658
f 653//659 657//659 652//659
f 658//660 657//660 653//660
f 550//661 657//661 658//661
f 654//662 659//662 656//662
f 550//663 660//663 657//663
f 1//664 660//664 550//664
f 656//665 661//665 662//665
f 659//666 661//666 656//666
f 1//667 663//667 660//667
f 661//668 664//668 662//668
f 665//669 664//669 666//669
f 662//670 664//670 665//670
f 1//671 667//671 663//671
f 664//672 668//672 666//672
f 1//673 669//673 667//673
f 668//674 670//674 666//674
f 666//675 670//675 671//675
f 1//676 672//676 669//676
f 670//677 673//677 671//677
f 671//678 673//678 674//678
f 673//679 675//679 674//679
f 674//680 675//680 676//680
f 676//681 677//681 678//681
f 675//682 677//682 676//682
f 678//683 679//683 680//683
f 677//684 679//684 678//684
f 680//685 681//685 682//685
f 679//686 681//686 680//686
f 682//687 683//687 684//687
f 681//688 683//688 682//688
f 683//689 685//689 684//689
f 684//690 685//690 686//690
f 686//691 687//691 688//691
f 685//692 687//692 686//692
f 687//693 689//693 688//693
f 688//694 689//694 690//694
f 689//695 691//695 690//695
f 690//696 691//696 692//696
f 691//697 693//697 692//697
f 692//698 693//698 694//698
f 693//699 695//699 694//699
f 694//700 695//700 696//700
f 695//701 697//701 696//701
f 696//702 697//702 698//702
f 697//703 699//703 698//703
f 698//704 699//704 700//704
f 699//705 701//705 700//705
f 700//706 701//706 702//706
f 701//707 703//707 702//707
f 702//708 703//708 704//708
f 703//709 705//709 704//709
f 704//710 705//710 706//710
f 705//711 707//711 706//711
f 706//712 707//712 708//712
f 707//713 709//713 708//713
f 708//714 709//714 710//714
f 709//715 711//715 710//715
f 712//716 711//716 713//716
f 710//717 711//717 712//717
f 711//718 714//718 713//718
f 714//719 715//719 713//719
f 713//720 715//720 716//720
f 715//721 717//721 716//721
f 716//722 717//722 718//722
f 718//723 719//723 720//723
f 717//724 719//724 718//724
f 719//725 721//725 720//725
f 720//726 721//726 722//726
f 722//727 723//727 724//727
f 721//728 723//728 722//728
f 724//729 725//729 726//729
f 723//730 725//730 724//730
f 726//731 727//731 728//731
f 725//732 727//732 726//732
f 727//733 729//733 728//733
f 728//734 729//734 730//734
f 731//735 3//735 732//735
f 733//736 3//736 731//736
f 734//737 3//737 733//737
f 735//738 3//738 734//738
f 736//739 3//739 735//739
f 737//740 3//740 736//740
f 738//741 3//741 737//741
f 739//742 3//742 738//742
f 740//743 3//743 739//743
f 741//744 3//744 740//744
f 742//745 3//745 741//745
f 743//746 3//746 742//746
f 744//747 3//747 743//747
f 745//748 3//748 744//748
f 746//749 3//749 745//749
f 747//750 3//750 746//750
f 748//751 3//751 747//751
f 749//752 3//752 748//752
f 750//753 3//753 749//753
f 751//754 3//754 750//754
f 752//755 3//755 751//755
f 753//756 3//756 752//756
f 754//757 3//757 753//757
f 755//758 3//758 754//758
f 756//759 3//759 755//759
f 757//760 3//760 756//760
f 758//761 3//761 757//761
f 759//762 3//762 758//762
f 672//763 3//763 759//763
f 1//764 3//764 672//764
f 730//765 760//765 761//765
f 729//766 760//766 730//766
f 3//767 762//767 732//767
f 761//768 763//768 764//768
f 760//769 763//769 761//769
f 3//770 765//770 762//770
f 763//771 766//771 764//771
f 767//772 766//772 768//772
f 764//773 766//773 767//773
f 3//774 769//774 765//774
f 766//775 770//775 768//775
f 3//776 771//776 769//776
f 768//777 772//777 773//777
f 770//778 772//778 768//778
f 3//779 774//779 771//779
f 773//780 775//780 776//780
f 772//781 775//781 773//781
f 3//782 777//782 774//782
f 775//783 778//783 776//783
f 779//784 778//784 780//784
f 776//785 778//785 779//785
f 3//786 781//786 777//786
f 778//787 782//787 780//787
f 3//788 783//788 781//788
f 782//789 784//789 780//789
f 780//790 784//790 785//790
f 3//791 786//791 783//791
f 784//792 787//792 785//792
f 788//793 787//793 789//793
f 785//794 787//794 788//794
f 3//795 790//795 786//795
f 787//796 791//796 789//796
f 789//797 791//797 792//797
f 3//798 793//798 790//798
f 791//799 794//799 792//799
f 3//800 795//800 793//800
f 792//801 796//801 797//801
f 794//802 796//802 792//802
f 3//803 798//803 795//803
f 796//804 799//804 797//804
f 797//805 799//805 800//805
f 3//806 801//806 798//806
f 800//807 802//807 803//807
f 799//808 802//808 800//808
f 3//809 804//809 801//809
f 802//810 805//810 803//810
f 803//811 805//811 806//811
f 3//812 807//812 804//812
f 806//813 808//813 809//813
f 805//814 808//814 806//814
f 3//815 810//815 807//815
f 808//816 811//816 809//816
f 809//817 811//817 812//817
f 3//818 813//818 810//818
f 812//819 814//819 815//819
f 811//820 814//820 812//820
f 3//821 816//821 813//821
f 607//822 817//822 5//822
f 815//823 817//823 607//823
f 814//824 817//824 815//824
f 3//825 818//825 816//825
f 817//826 819//826 5//826
f 3//827 820//827 818//827
f 819//828 821//828 5//828
f 3//829 822//829 820//829
f 821//830 823//830 5//830
f 3//831 824//831 822//831
f 3//832 825//832 824//832
f 3//833 826//833 825//833
f 3//834 827//834 826//834
f 3//835 828//835 827//835
f 3//836 829//836 828//836
f 3//837 830//837 829//837
f 3//838 831//838 830//838
f 3//839 832//839 831//839
f 3//840 833//840 832//840
f 3//841 834//841 833//841
f 3//842 835//842 834//842
f 3//843 836//843 835//843
f 3//844 837//844 836//844
f 3//845 838//845 837//845
f 3//846 839//846 838//846
f 3//847 840//847 839//847
f 3//848 841//848 840//848
f 3//849 842//849 841//849
f 3//850 843//850 842//850
f 3//851 844//851 843//851
f 3//852 845//852 844//852
f 3//853 846//853 845//853
f 3//854 847//854 846//854
f 3//855 848//855 847//855
f 3//856 849//856 848//856
f 3//857 850//857 849//857
f 3//858 851//858 850//858
f 3//859 852//859 851//859
f 3//860 853//860 852//860
f 854//861 466//861 855//861
f 856//862 466//862 854//862
f 857//863 466//863 856//863
f 858//864 466//864 857//864
f 859//865 466//865 858//865
f 860//866 466//866 823//866
f 861//867 466//867 859//867
f 862//868 466//868 860//868
f 863//869 466//869 861//869
f 864//870 466//870 862//870
f 865//871 466//871 863//871
f 866//872 466//872 864//872
f 867//873 466//873 865//873
f 868//874 466//874 866//874
f 869//875 466//875 867//875
f 870//876 466//876 868//876
f 871//877 466//877 869//877
f 872//878 466//878 870//878
f 873//879 466//879 871//879
f 874//880 466//880 872//880
f 875//881 466//881 873//881
f 876//882 466//882 874//882
f 877//883 466//883 875//883
f 878//884 466//884 876//884
f 879//885 466//885 877//885
f 880//886 466//886 878//886
f 881//887 466//887 879//887
f 882//888 466//888 880//888
f 883//889 466//889 881//889
f 884//890 466//890 882//890
f 885//891 466//891 883//891
f 886//892 466//892 884//892
f 887//893 466//893 885//893
f 888//894 466//894 886//894
f 889//895 466//895 887//895
f 890//896 466//896 888//896
f 891//897 466//897 889//897
f 892//898 466//898 890//898
f 893//899 466//899 891//899
f 894//900 466//900 892//900
f 895//901 466//901 893//901
f 896//902 466//902 894//902
f 897//903 466//903 895//903
f 898//904 466//904 896//904
f 899//905 466//905 897//905
f 900//906 466//906 898//906
f 901//907 466//907 899//907
f 855//908 466//908 900//908
f 902//909 466//909 901//909
f 903//910 466//910 902//910
f 904//911 466//911 903//911
f 905//912 466//912 904//912
f 906//913 466//913 905//913
f 907//914 466//914 906//914
f 908//915 466//915 907//915
f 909//916 466//916 908//916
f 910//917 466//917 909//917
f 911//918 466//918 910//918
f 823//919 466//919 5//919
f 912//920 466//920 911//920
f 913//921 466//921 912//921
f 914//922 466//922 913//922
f 915//923 466//923 914//923
f 916//924 466//924 915//924
f 917//925 466//925 916//925
f 918//926 466//926 917//926
f 919//927 466//927 918//927
f 920//928 466//928 919//928
f 921//929 466//929 920//929
f 3//930 466//930 853//930
f 853//931 466//931 922//931
f 922//932 466//932 923//932
f 923//933 466//933 924//933
f 924//934 466//934 921//934
f 6//935 5//935 466//935
f 6//936 466//936 394//936
f 559//937 91//937 142//937
f 558//938 142//938 140//938
f 558//939 559//939 142//939
f 561//940 140//940 138//940
f 561//941 558//941 140//941
f 563//942 138//942 136//942
f 563//943 561//943 138//943
f 565//944 136//944 134//944
f 565//945 563//945 136//945
f 567//946 134//946 132//946
f 567//947 565//947 134//947
f 569//948 132//948 130//948
f 569//949 567//949 132//949
f 571//950 130//950 128//950
f 571//951 569//951 130//951
f 573//952 128//952 126//952
f 573//953 571//953 128//953
f 575//954 126//954 124//954
f 575//955 573//955 126//955
f 577//956 575//956 124//956
f 577//957 124//957 122//957
f 579//958 577//958 122//958
f 579//959 122//959 120//959
f 581//960 579//960 120//960
f 581//961 120//961 118//961
f 583//962 581//962 118//962
f 583//963 118//963 116//963
f 585//964 583//964 116//964
f 585//965 116//965 114//965
f 587//966 585//966 114//966
f 587//967 114//967 112//967
f 589//968 587//968 112//968
f 589//969 112//969 110//969
f 591//970 589//970 110//970
f 591//971 110//971 108//971
f 593//972 591//972 108//972
f 593//973 108//973 106//973
f 595//974 106//974 104//974
f 595//975 593//975 106//975
f 597//976 595//976 104//976
f 597//977 104//977 102//977
f 599//978 102//978 100//978
f 599//979 597//979 102//979
f 601//980 100//980 98//980
f 601//981 599//981 100//981
f 603//982 98//982 96//982
f 603//983 601//983 98//983
f 605//984 96//984 95//984
f 605//985 603//985 96//985
f 607//986 95//986 355//986
f 607//987 605//987 95//987
f 815//988 355//988 350//988
f 815//989 607//989 355//989
f 812//990 350//990 347//990
f 812//991 815//991 350//991
f 809//992 347//992 346//992
f 809//993 812//993 347//993
f 806//994 346//994 341//994
f 806//995 809//995 346//995
f 803//996 341//996 340//996
f 803//997 806//997 341//997
f 800//998 340//998 337//998
f 800//999 803//999 340//999
f 797//1000 337//1000 334//1000
f 797//1001 800//1001 337//1001
f 792//1002 334//1002 331//1002
f 792//1003 797//1003 334//1003
f 789//1004 331//1004 328//1004
f 789//1005 792//1005 331//1005
f 788//1006 789//1006 328//1006
f 788//1007 328//1007 325//1007
f 785//1008 788//1008 325//1008
f 785//1009 325//1009 320//1009
f 780//1010 785//1010 320//1010
f 780//1011 320//1011 319//1011
f 779//1012 780//1012 319//1012
f 779//1013 319//1013 316//1013
f 776//1014 779//1014 316//1014
f 776//1015 316//1015 311//1015
f 773//1016 311//1016 310//1016
f 773//1017 776//1017 311//1017
f 768//1018 310//1018 307//1018
f 768//1019 773//1019 310//1019
f 767//1020 307//1020 304//1020
f 767//1021 768//1021 307//1021
f 764//1022 304//1022 271//1022
f 764//1023 767//1023 304//1023
f 761//1024 271//1024 270//1024
f 761//1025 764//1025 271//1025
f 730//1026 270//1026 268//1026
f 730//1027 761//1027 270//1027
f 728//1028 268//1028 266//1028
f 728//1029 730//1029 268//1029
f 726//1030 266//1030 264//1030
f 726//1031 728//1031 266//1031
f 724//1032 264//1032 262//1032
f 724//1033 726//1033 264//1033
f 722//1034 262//1034 260//1034
f 722//1035 724//1035 262//1035
f 720//1036 260//1036 258//1036
f 720//1037 722//1037 260//1037
f 718//1038 258//1038 255//1038
f 718//1039 720//1039 258//1039
f 716//1040 255//1040 254//1040
f 716//1041 718//1041 255//1041
f 713//1042 254//1042 251//1042
f 713//1043 716//1043 254//1043
f 712//1044 251//1044 250//1044
f 712//1045 713//1045 251//1045
f 710//1046 250//1046 248//1046
f 710//1047 712//1047 250//1047
f 708//1048 710//1048 248//1048
f 708//1049 248//1049 246//1049
f 706//1050 708//1050 246//1050
f 706//1051 246//1051 244//1051
f 704//1052 706//1052 244//1052
f 702//1053 704//1053 244//1053
f 702//1054 244//1054 242//1054
f 700//1055 702//1055 242//1055
f 700//1056 240//1056 237//1056
f 700//1057 242//1057 240//1057
f 698//1058 237//1058 236//1058
f 698//1059 700//1059 237//1059
f 696//1060 698//1060 236//1060
f 694//1061 696//1061 236//1061
f 694//1062 236//1062 234//1062
f 692//1063 694//1063 234//1063
f 692//1064 232//1064 230//1064
f 692//1065 234//1065 232//1065
f 690//1066 692//1066 230//1066
f 690//1067 230//1067 228//1067
f 688//1068 690//1068 228//1068
f 686//1069 688//1069 228//1069
f 686//1070 228//1070 226//1070
f 684//1071 686//1071 226//1071
f 684//1072 224//1072 222//1072
f 684//1073 226//1073 224//1073
f 682//1074 684//1074 222//1074
f 682//1075 222//1075 220//1075
f 680//1076 682//1076 220//1076
f 678//1077 680//1077 220//1077
f 678//1078 220//1078 218//1078
f 676//1079 678//1079 218//1079
f 676//1080 216//1080 212//1080
f 676//1081 218//1081 216//1081
f 674//1082 676//1082 212//1082
f 674//1083 212//1083 211//1083
f 671//1084 674//1084 211//1084
f 666//1085 671//1085 211//1085
f 666//1086 211//1086 208//1086
f 665//1087 666//1087 208//1087
f 665//1088 205//1088 202//1088
f 665//1089 208//1089 205//1089
f 662//1090 665//1090 202//1090
f 662//1091 202//1091 199//1091
f 656//1092 662//1092 199//1092
f 655//1093 656//1093 199//1093
f 655//1094 199//1094 195//1094
f 651//1095 191//1095 185//1095
f 651//1096 195//1096 191//1096
f 651//1097 655//1097 195//1097
f 647//1098 185//1098 184//1098
f 647//1099 651//1099 185//1099
f 643//1100 647//1100 184//1100
f 640//1101 180//1101 176//1101
f 640//1102 184//1102 180//1102
f 640//1103 643//1103 184//1103
f 632//1104 176//1104 171//1104
f 632//1105 640//1105 176//1105
f 631//1106 632//1106 171//1106
f 630//1107 631//1107 171//1107
f 630//1108 171//1108 170//1108
f 634//1109 630//1109 170//1109
f 634//1110 169//1110 174//1110
f 634//1111 170//1111 169//1111
f 637//1112 634//1112 174//1112
f 637//1113 174//1113 178//1113
f 638//1114 637//1114 178//1114
f 645//1115 638//1115 178//1115
f 645//1116 178//1116 182//1116
f 649//1117 645//1117 182//1117
f 649//1118 189//1118 193//1118
f 649//1119 182//1119 189//1119
f 653//1120 649//1120 193//1120
f 653//1121 193//1121 197//1121
f 658//1122 653//1122 197//1122
f 550//1123 658//1123 197//1123
f 550//1124 90//1124 89//1124
f 550//1125 197//1125 90//1125
f 549//1126 550//1126 89//1126
f 548//1127 549//1127 89//1127
f 548//1128 88//1128 87//1128
f 548//1129 89//1129 88//1129
f 547//1130 548//1130 87//1130
f 546//1131 547//1131 87//1131
f 546//1132 87//1132 86//1132
f 545//1133 546//1133 86//1133
f 545//1134 85//1134 84//1134
f 545//1135 86//1135 85//1135
f 544//1136 84//1136 83//1136
f 544//1137 545//1137 84//1137
f 543//1138 544//1138 83//1138
f 542//1139 83//1139 82//1139
f 542//1140 543//1140 83//1140
f 541//1141 81//1141 80//1141
f 541//1142 82//1142 81//1142
f 541//1143 542//1143 82//1143
f 540//1144 80//1144 79//1144
f 540//1145 541//1145 80//1145
f 539//1146 540//1146 79//1146
f 538//1147 79//1147 78//1147
f 538//1148 539//1148 79//1148
f 537//1149 77//1149 76//1149
f 537//1150 78//1150 77//1150
f 537//1151 538//1151 78//1151
f 536//1152 537//1152 76//1152
f 535//1153 76//1153 75//1153
f 535//1154 536//1154 76//1154
f 533//1155 75//1155 73//1155
f 533//1156 535//1156 75//1156
f 531//1157 533//1157 73//1157
f 531//1158 71//1158 69//1158
f 531//1159 73//1159 71//1159
f 529//1160 531//1160 69//1160
f 529//1161 69//1161 67//1161
f 527//1162 529//1162 67//1162
f 525//1163 527//1163 67//1163
f 525//1164 67//1164 65//1164
f 523//1165 525//1165 65//1165
f 523//1166 63//1166 61//1166
f 523//1167 65//1167 63//1167
f 521//1168 523//1168 61//1168
f 521//1169 61//1169 59//1169
f 519//1170 521//1170 59//1170
f 517//1171 519//1171 59//1171
f 517//1172 59//1172 57//1172
f 515//1173 517//1173 57//1173
f 515//1174 57//1174 55//1174
f 513//1175 53//1175 51//1175
f 513//1176 55//1176 53//1176
f 513//1177 515//1177 55//1177
f 511//1178 513//1178 51//1178
f 509//1179 51//1179 49//1179
f 509//1180 511//1180 51//1180
f 507//1181 49//1181 47//1181
f 507//1182 509//1182 49//1182
f 505//1183 47//1183 45//1183
f 505//1184 507//1184 47//1184
f 503//1185 43//1185 41//1185
f 503//1186 45//1186 43//1186
f 503//1187 505//1187 45//1187
f 501//1188 503//1188 41//1188
f 499//1189 41//1189 39//1189
f 499//1190 501//1190 41//1190
f 497//1191 39//1191 37//1191
f 497//1192 499//1192 39//1192
f 495//1193 35//1193 33//1193
f 495//1194 37//1194 35//1194
f 495//1195 497//1195 37//1195
f 493//1196 495//1196 33//1196
f 491//1197 33//1197 31//1197
f 491//1198 493//1198 33//1198
f 489//1199 31//1199 29//1199
f 489//1200 491//1200 31//1200
f 487//1201 29//1201 27//1201
f 487//1202 489//1202 29//1202
f 485//1203 27//1203 25//1203
f 485//1204 487//1204 27//1204
f 483//1205 25//1205 23//1205
f 483//1206 485//1206 25//1206
f 481//1207 21//1207 19//1207
f 481//1208 23//1208 21//1208
f 481//1209 483//1209 23//1209
f 479//1210 481//1210 19//1210
f 477//1211 479//1211 19//1211
f 477//1212 19//1212 17//1212
f 475//1213 477//1213 17//1213
f 475//1214 15//1214 13//1214
f 475//1215 17//1215 15//1215
f 473//1216 475//1216 13//1216
f 471//1217 11//1217 9//1217
f 471//1218 13//1218 11//1218
f 471//1219 473//1219 13//1219
f 469//1220 471//1220 9//1220
f 467//1221 9//1221 8//1221
f 467//1222 469//1222 9//1222
f 468//1223 7//1223 10//1223
f 468//1224 8//1224 7//1224
f 468//1225 467//1225 8//1225
f 470//1226 468//1226 10//1226
f 472//1227 10//1227 12//1227
f 472//1228 470//1228 10//1228
f 474//1229 12//1229 14//1229
f 474//1230 472//1230 12//1230
f 476//1231 14//1231 16//1231
f 476//1232 474//1232 14//1232
f 478//1233 18//1233 20//1233
f 478//1234 16//1234 18//1234
f 478//1235 476//1235 16//1235
f 480//1236 478//1236 20//1236
f 482//1237 22//1237 24//1237
f 482//1238 20//1238 22//1238
f 482//1239 480//1239 20//1239
f 484//1240 482//1240 24//1240
f 486//1241 24//1241 26//1241
f 486//1242 484//1242 24//1242
f 488//1243 26//1243 28//1243
f 488//1244 486//1244 26//1244
f 490//1245 28//1245 30//1245
f 490//1246 488//1246 28//1246
f 492//1247 30//1247 32//1247
f 492//1248 490//1248 30//1248
f 494//1249 32//1249 34//1249
f 494//1250 492//1250 32//1250
f 496//1251 494//1251 34//1251
f 496//1252 36//1252 38//1252
f 496//1253 34//1253 36//1253
f 498//1254 496//1254 38//1254
f 500//1255 498//1255 38//1255
f 500//1256 38//1256 40//1256
f 502//1257 500//1257 40//1257
f 502//1258 42//1258 44//1258
f 502//1259 40//1259 42//1259
f 504//1260 502//1260 44//1260
f 506//1261 46//1261 48//1261
f 506//1262 44//1262 46//1262
f 506//1263 504//1263 44//1263
f 508//1264 506//1264 48//1264
f 510//1265 508//1265 48//1265
f 510//1266 48//1266 50//1266
f 512//1267 510//1267 50//1267
f 512//1268 52//1268 54//1268
f 512//1269 50//1269 52//1269
f 514//1270 512//1270 54//1270
f 516//1271 514//1271 54//1271
f 516//1272 54//1272 56//1272
f 518//1273 516//1273 56//1273
f 518//1274 56//1274 58//1274
f 520//1275 518//1275 58//1275
f 520//1276 58//1276 60//1276
f 522//1277 520//1277 60//1277
f 522//1278 60//1278 62//1278
f 524//1279 522//1279 62//1279
f 524//1280 64//1280 66//1280
f 524//1281 62//1281 64//1281
f 526//1282 524//1282 66//1282
f 528//1283 526//1283 66//1283
f 528//1284 68//1284 70//1284
f 528//1285 66//1285 68//1285
f 530//1286 528//1286 70//1286
f 532//1287 530//1287 70//1287
f 532//1288 70//1288 72//1288
f 534//1289 532//1289 72//1289
f 534//1290 72//1290 74//1290
f 609//1291 534//1291 74//1291
f 609//1292 74//1292 167//1292
f 610//1293 609//1293 167//1293
f 610//1294 167//1294 166//1294
f 611//1295 610//1295 166//1295
f 611//1296 166//1296 165//1296
f 612//1297 164//1297 163//1297
f 612//1298 165//1298 164//1298
f 612//1299 611//1299 165//1299
f 613//1300 612//1300 163//1300
f 613//1301 163//1301 162//1301
f 614//1302 613//1302 162//1302
f 615//1303 161//1303 160//1303
f 615//1304 162//1304 161//1304
f 615//1305 614//1305 162//1305
f 616//1306 160//1306 159//1306
f 616//1307 615//1307 160//1307
f 617//1308 616//1308 159//1308
f 618//1309 617//1309 159//1309
f 618//1310 158//1310 157//1310
f 618//1311 159//1311 158//1311
f 619//1312 618//1312 157//1312
f 620//1313 619//1313 157//1313
f 620//1314 157//1314 156//1314
f 621//1315 620//1315 156//1315
f 621//1316 156//1316 155//1316
f 622//1317 621//1317 155//1317
f 622//1318 155//1318 154//1318
f 623//1319 622//1319 154//1319
f 623//1320 153//1320 152//1320
f 623//1321 154//1321 153//1321
f 624//1322 623//1322 152//1322
f 624//1323 152//1323 151//1323
f 625//1324 624//1324 151//1324
f 626//1325 625//1325 151//1325
f 626//1326 150//1326 149//1326
f 626//1327 151//1327 150//1327
f 627//1328 626//1328 149//1328
f 552//1329 627//1329 149//1329
f 552//1330 149//1330 148//1330
f 551//1331 552//1331 148//1331
f 551//1332 147//1332 146//1332
f 551//1333 148//1333 147//1333
f 553//1334 551//1334 146//1334
f 554//1335 553//1335 146//1335
f 554//1336 145//1336 144//1336
f 554//1337 146//1337 145//1337
f 555//1338 554//1338 144//1338
f 556//1339 144//1339 143//1339
f 556//1340 555//1340 144//1340
f 557//1341 141//1341 139//1341
f 557//1342 143//1342 141//1342
f 557//1343 556//1343 143//1343
f 560//1344 557//1344 139//1344
f 562//1345 139//1345 137//1345
f 562//1346 560//1346 139//1346
f 564//1347 135//1347 133//1347
f 564//1348 137//1348 135//1348
f 564//1349 562//1349 137//1349
f 566//1350 564//1350 133//1350
f 568//1351 131//1351 129//1351
f 568//1352 133//1352 131//1352
f 568//1353 566//1353 133//1353
f 570//1354 568//1354 129//1354
f 572//1355 129//1355 127//1355
f 572//1356 570//1356 129//1356
f 574//1357 125//1357 123//1357
f 574//1358 127//1358 125//1358
f 574//1359 572//1359 127//1359
f 576//1360 574//1360 123//1360
f 578//1361 576//1361 123//1361
f 578//1362 123//1362 121//1362
f 580//1363 578//1363 121//1363
f 580//1364 119//1364 117//1364
f 580//1365 121//1365 119//1365
f 582//1366 580//1366 117//1366
f 584//1367 582//1367 117//1367
f 584//1368 115//1368 113//1368
f 584//1369 117//1369 115//1369
f 586//1370 584//1370 113//1370
f 588//1371 586//1371 113//1371
f 588//1372 111//1372 109//1372
f 588//1373 113//1373 111//1373
f 590//1374 588//1374 109//1374
f 590//1375 109//1375 107//1375
f 592//1376 590//1376 107//1376
f 594//1377 592//1377 107//1377
f 594//1378 107//1378 105//1378
f 596//1379 103//1379 101//1379
f 596//1380 105//1380 103//1380
f 596//1381 594//1381 105//1381
f 598//1382 596//1382 101//1382
f 600//1383 101//1383 99//1383
f 600//1384 598//1384 101//1384
f 602//1385 99//1385 97//1385
f 602//1386 600//1386 99//1386
f 604//1387 97//1387 94//1387
f 604//1388 602//1388 97//1388
f 606//1389 93//1389 92//1389
f 606//1390 94//1390 93//1390
f 606//1391 604//1391 94//1391
f 608//1392 92//1392 91//1392
f 608//1393 606//1393 92//1393
f 559//1394 608//1394 91//1394
f 855//1395 415//1395 462//1395
f 854//1396 462//1396 461//1396
f 854//1397 855//1397 462//1397
f 856//1398 461//1398 460//1398
f 856//1399 854//1399 461//1399
f 857//1400 460//1400 459//1400
f 857//1401 856//1401 460//1401
f 858//1402 459//1402 458//1402
f 858//1403 857//1403 459//1403
f 859//1404 458//1404 457//1404
f 859//1405 858//1405 458//1405
f 861//1406 457//1406 455//1406
f 861//1407 859//1407 457//1407
f 863//1408 455//1408 453//1408
f 863//1409 861//1409 455//1409
f 865//1410 453//1410 451//1410
f 865//1411 863//1411 453//1411
f 867//1412 451//1412 449//1412
f 867//1413 865//1413 451//1413
f 869//1414 867//1414 449//1414
f 869//1415 449//1415 447//1415
f 871//1416 869//1416 447//1416
f 871//1417 447//1417 445//1417
f 873//1418 871//1418 445//1418
f 873//1419 445//1419 443//1419
f 875//1420 873//1420 443//1420
f 875//1421 443//1421 441//1421
f 877//1422 875//1422 441//1422
f 877//1423 441//1423 439//1423
f 879//1424 877//1424 439//1424
f 879//1425 439//1425 437//1425
f 881//1426 879//1426 437//1426
f 881//1427 437//1427 435//1427
f 883//1428 881//1428 435//1428
f 883//1429 435//1429 433//1429
f 885//1430 883//1430 433//1430
f 885//1431 433//1431 431//1431
f 887//1432 431//1432 429//1432
f 887//1433 885//1433 431//1433
f 889//1434 887//1434 429//1434
f 889//1435 429//1435 427//1435
f 891//1436 427//1436 425//1436
f 891//1437 889//1437 427//1437
f 893//1438 425//1438 423//1438
f 893//1439 891//1439 425//1439
f 895//1440 423//1440 421//1440
f 895//1441 893//1441 423//1441
f 897//1442 421//1442 419//1442
f 897//1443 895//1443 421//1443
f 899//1444 419//1444 417//1444
f 899//1445 897//1445 419//1445
f 901//1446 417//1446 414//1446
f 901//1447 899//1447 417//1447
f 902//1448 414//1448 413//1448
f 902//1449 901//1449 414//1449
f 903//1450 413//1450 412//1450
f 903//1451 902//1451 413//1451
f 904//1452 412//1452 411//1452
f 904//1453 903//1453 412//1453
f 905//1454 411//1454 410//1454
f 905//1455 904//1455 411//1455
f 906//1456 410//1456 409//1456
f 906//1457 905//1457 410//1457
f 907//1458 409//1458 408//1458
f 907//1459 906//1459 409//1459
f 908//1460 408//1460 407//1460
f 908//1461 907//1461 408//1461
f 909//1462 407//1462 406//1462
f 909//1463 908//1463 407//1463
f 910//1464 909//1464 406//1464
f 910//1465 406//1465 405//1465
f 911//1466 910//1466 405//1466
f 911//1467 405//1467 404//1467
f 912//1468 911//1468 404//1468
f 912//1469 404//1469 403//1469
f 913//1470 912//1470 403//1470
f 913//1471 403//1471 402//1471
f 914//1472 913//1472 402//1472
f 914//1473 402//1473 401//1473
f 915//1474 401//1474 400//1474
f 915//1475 914//1475 401//1475
f 916//1476 400//1476 399//1476
f 916//1477 915//1477 400//1477
f 917//1478 399//1478 398//1478
f 917//1479 916//1479 399//1479
f 918//1480 398//1480 397//1480
f 918//1481 917//1481 398//1481
f 919//1482 397//1482 396//1482
f 919//1483 918//1483 397//1483
f 920//1484 396//1484 395//1484
f 920//1485 919//1485 396//1485
f 921//1486 395//1486 465//1486
f 921//1487 920//1487 395//1487
f 924//1488 465//1488 464//1488
f 924//1489 921//1489 465//1489
f 923//1490 464//1490 463//1490
f 923//1491 924//1491 464//1491
f 922//1492 463//1492 393//1492
f 922//1493 923//1493 463//1493
f 853//1494 393//1494 392//1494
f 853//1495 922//1495 393//1495
f 852//1496 392//1496 391//1496
f 852//1497 853//1497 392//1497
f 851//1498 391//1498 390//1498
f 851//1499 852//1499 391//1499
f 850//1500 390//1500 389//1500
f 850//1501 851//1501 390//1501
f 849//1502 389//1502 388//1502
f 849//1503 850//1503 389//1503
f 848//1504 388//1504 387//1504
f 848//1505 849//1505 388//1505
f 847//1506 848//1506 387//1506
f 847//1507 387//1507 386//1507
f 846//1508 847//1508 386//1508
f 846//1509 386//1509 385//1509
f 845//1510 846//1510 385//1510
f 844//1511 845//1511 385//1511
f 844//1512 385//1512 384//1512
f 843//1513 844//1513 384//1513
f 843//1514 383//1514 382//1514
f 843//1515 384//1515 383//1515
f 842//1516 382//1516 381//1516
f 842//1517 843//1517 382//1517
f 841//1518 842//1518 381//1518
f 840//1519 841//1519 381//1519
f 840//1520 381//1520 380//1520
f 839//1521 840//1521 380//1521
f 839//1522 379//1522 378//1522
f 839//1523 380//1523 379//1523
f 838//1524 839//1524 378//1524
f 838//1525 378//1525 377//1525
f 837//1526 838//1526 377//1526
f 836//1527 837//1527 377//1527
f 836//1528 377//1528 376//1528
f 835//1529 836//1529 376//1529
f 835//1530 375//1530 374//1530
f 835//1531 376//1531 375//1531
f 834//1532 835//1532 374//1532
f 834//1533 374//1533 373//1533
f 833//1534 834//1534 373//1534
f 832//1535 833//1535 373//1535
f 832//1536 373//1536 372//1536
f 831//1537 832//1537 372//1537
f 831//1538 371//1538 370//1538
f 831//1539 372//1539 371//1539
f 830//1540 831//1540 370//1540
f 830//1541 370//1541 369//1541
f 829//1542 830//1542 369//1542
f 828//1543 829//1543 369//1543
f 828//1544 369//1544 368//1544
f 827//1545 828//1545 368//1545
f 827//1546 367//1546 366//1546
f 827//1547 368//1547 367//1547
f 826//1548 827//1548 366//1548
f 826//1549 366//1549 365//1549
f 825//1550 826//1550 365//1550
f 824//1551 825//1551 365//1551
f 824//1552 365//1552 364//1552
f 822//1553 362//1553 360//1553
f 822//1554 364//1554 362//1554
f 822//1555 824//1555 364//1555
f 820//1556 360//1556 358//1556
f 820//1557 822//1557 360//1557
f 818//1558 820//1558 358//1558
f 816//1559 356//1559 353//1559
f 816//1560 358//1560 356//1560
f 816//1561 818//1561 358//1561
f 813//1562 353//1562 351//1562
f 813//1563 816//1563 353//1563
f 810//1564 813//1564 351//1564
f 807//1565 810//1565 351//1565
f 807//1566 351//1566 348//1566
f 804//1567 807//1567 348//1567
f 804//1568 344//1568 342//1568
f 804//1569 348//1569 344//1569
f 801//1570 804//1570 342//1570
f 801//1571 342//1571 338//1571
f 798//1572 801//1572 338//1572
f 795//1573 798//1573 338//1573
f 795//1574 338//1574 335//1574
f 793//1575 795//1575 335//1575
f 793//1576 332//1576 329//1576
f 793//1577 335//1577 332//1577
f 790//1578 793//1578 329//1578
f 790//1579 329//1579 326//1579
f 786//1580 790//1580 326//1580
f 783//1581 786//1581 326//1581
f 783//1582 323//1582 321//1582
f 783//1583 326//1583 323//1583
f 781//1584 783//1584 321//1584
f 777//1585 781//1585 321//1585
f 777//1586 317//1586 314//1586
f 777//1587 321//1587 317//1587
f 774//1588 777//1588 314//1588
f 771//1589 774//1589 314//1589
f 771//1590 314//1590 312//1590
f 769//1591 771//1591 312//1591
f 769//1592 308//1592 305//1592
f 769//1593 312//1593 308//1593
f 765//1594 305//1594 302//1594
f 765//1595 769//1595 305//1595
f 762//1596 765//1596 302//1596
f 732//1597 302//1597 300//1597
f 732//1598 762//1598 302//1598
f 731//1599 299//1599 298//1599
f 731//1600 300//1600 299//1600
f 731//1601 732//1601 300//1601
f 733//1602 298//1602 297//1602
f 733//1603 731//1603 298//1603
f 734//1604 733//1604 297//1604
f 735//1605 297//1605 296//1605
f 735//1606 734//1606 297//1606
f 736//1607 295//1607 294//1607
f 736//1608 296//1608 295//1608
f 736//1609 735//1609 296//1609
f 737//1610 736//1610 294//1610
f 738//1611 294//1611 293//1611
f 738//1612 737//1612 294//1612
f 739//1613 293//1613 292//1613
f 739//1614 738//1614 293//1614
f 740//1615 739//1615 292//1615
f 740//1616 291//1616 290//1616
f 740//1617 292//1617 291//1617
f 741//1618 740//1618 290//1618
f 741//1619 290//1619 289//1619
f 742//1620 741//1620 289//1620
f 743//1621 742//1621 289//1621
f 743//1622 289//1622 288//1622
f 744//1623 743//1623 288//1623
f 744//1624 287//1624 286//1624
f 744//1625 288//1625 287//1625
f 745//1626 744//1626 286//1626
f 745//1627 286//1627 285//1627
f 746//1628 745//1628 285//1628
f 747//1629 746//1629 285//1629
f 747//1630 285//1630 284//1630
f 748//1631 747//1631 284//1631
f 748//1632 284//1632 283//1632
f 749//1633 282//1633 281//1633
f 749//1634 283//1634 282//1634
f 749//1635 748//1635 283//1635
f 750//1636 749//1636 281//1636
f 751//1637 281//1637 280//1637
f 751//1638 750//1638 281//1638
f 752//1639 280//1639 279//1639
f 752//1640 751//1640 280//1640
f 753//1641 279//1641 278//1641
f 753//1642 752//1642 279//1642
f 754//1643 277//1643 276//1643
f 754//1644 278//1644 277//1644
f 754//1645 753//1645 278//1645
f 755//1646 754//1646 276//1646
f 756//1647 276//1647 275//1647
f 756//1648 755//1648 276//1648
f 757//1649 275//1649 274//1649
f 757//1650 756//1650 275//1650
f 758//1651 273//1651 272//1651
f 758//1652 274//1652 273//1652
f 758//1653 757//1653 274//1653
f 759//1654 758//1654 272//1654
f 672//1655 272//1655 213//1655
f 672//1656 759//1656 272//1656
f 669//1657 213//1657 209//1657
f 669//1658 672//1658 213//1658
f 667//1659 209//1659 206//1659
f 667//1660 669//1660 209//1660
f 663//1661 206//1661 203//1661
f 663//1662 667//1662 206//1662
f 660//1663 203//1663 200//1663
f 660//1664 663//1664 203//1664
f 657//1665 196//1665 192//1665
f 657//1666 200//1666 196//1666
f 657//1667 660//1667 200//1667
f 652//1668 657//1668 192//1668
f 648//1669 652//1669 192//1669
f 648//1670 192//1670 188//1670
f 644//1671 648//1671 188//1671
f 644//1672 186//1672 181//1672
f 644//1673 188//1673 186//1673
f 641//1674 644//1674 181//1674
f 636//1675 177//1675 173//1675
f 636//1676 181//1676 177//1676
f 636//1677 641//1677 181//1677
f 633//1678 636//1678 173//1678
f 628//1679 173//1679 168//1679
f 628//1680 633//1680 173//1680
f 629//1681 172//1681 175//1681
f 629//1682 168//1682 172//1682
f 629//1683 628//1683 168//1683
f 635//1684 629//1684 175//1684
f 639//1685 175//1685 179//1685
f 639//1686 635//1686 175//1686
f 642//1687 179//1687 183//1687
f 642//1688 639//1688 179//1688
f 646//1689 183//1689 187//1689
f 646//1690 642//1690 183//1690
f 650//1691 190//1691 194//1691
f 650//1692 187//1692 190//1692
f 650//1693 646//1693 187//1693
f 654//1694 650//1694 194//1694
f 659//1695 198//1695 201//1695
f 659//1696 194//1696 198//1696
f 659//1697 654//1697 194//1697
f 661//1698 659//1698 201//1698
f 664//1699 201//1699 204//1699
f 664//1700 661//1700 201//1700
f 668//1701 204//1701 207//1701
f 668//1702 664//1702 204//1702
f 670//1703 207//1703 210//1703
f 670//1704 668//1704 207//1704
f 673//1705 210//1705 214//1705
f 673//1706 670//1706 210//1706
f 675//1707 214//1707 215//1707
f 675//1708 673//1708 214//1708
f 677//1709 675//1709 215//1709
f 677//1710 217//1710 219//1710
f 677//1711 215//1711 217//1711
f 679//1712 677//1712 219//1712
f 681//1713 679//1713 219//1713
f 681//1714 219//1714 221//1714
f 683//1715 681//1715 221//1715
f 683//1716 223//1716 225//1716
f 683//1717 221//1717 223//1717
f 685//1718 683//1718 225//1718
f 687//1719 227//1719 229//1719
f 687//1720 225//1720 227//1720
f 687//1721 685//1721 225//1721
f 689//1722 687//1722 229//1722
f 691//1723 689//1723 229//1723
f 691//1724 229//1724 231//1724
f 693//1725 691//1725 231//1725
f 693//1726 233//1726 235//1726
f 693//1727 231//1727 233//1727
f 695//1728 693//1728 235//1728
f 697//1729 695//1729 235//1729
f 697//1730 235//1730 238//1730
f 699//1731 697//1731 238//1731
f 699//1732 238//1732 239//1732
f 701//1733 699//1733 239//1733
f 701//1734 239//1734 241//1734
f 703//1735 701//1735 241//1735
f 703//1736 241//1736 243//1736
f 705//1737 703//1737 243//1737
f 705//1738 245//1738 247//1738
f 705//1739 243//1739 245//1739
f 707//1740 705//1740 247//1740
f 709//1741 707//1741 247//1741
f 709//1742 249//1742 252//1742
f 709//1743 247//1743 249//1743
f 711//1744 709//1744 252//1744
f 714//1745 711//1745 252//1745
f 714//1746 252//1746 253//1746
f 715//1747 714//1747 253//1747
f 715//1748 253//1748 256//1748
f 717//1749 715//1749 256//1749
f 717//1750 256//1750 257//1750
f 719//1751 717//1751 257//1751
f 719//1752 257//1752 259//1752
f 721//1753 719//1753 259//1753
f 721//1754 259//1754 261//1754
f 723//1755 263//1755 265//1755
f 723//1756 261//1756 263//1756
f 723//1757 721//1757 261//1757
f 725//1758 723//1758 265//1758
f 725//1759 265//1759 267//1759
f 727//1760 725//1760 267//1760
f 729//1761 269//1761 301//1761
f 729//1762 267//1762 269//1762
f 729//1763 727//1763 267//1763
f 760//1764 301//1764 303//1764
f 760//1765 729//1765 301//1765
f 763//1766 760//1766 303//1766
f 766//1767 763//1767 303//1767
f 766//1768 306//1768 309//1768
f 766//1769 303//1769 306//1769
f 770//1770 766//1770 309//1770
f 772//1771 770//1771 309//1771
f 772//1772 309//1772 313//1772
f 775//1773 772//1773 313//1773
f 775//1774 313//1774 315//1774
f 778//1775 775//1775 315//1775
f 778//1776 315//1776 318//1776
f 782//1777 778//1777 318//1777
f 782//1778 322//1778 324//1778
f 782//1779 318//1779 322//1779
f 784//1780 782//1780 324//1780
f 784//1781 324//1781 327//1781
f 787//1782 784//1782 327//1782
f 791//1783 787//1783 327//1783
f 791//1784 330//1784 333//1784
f 791//1785 327//1785 330//1785
f 794//1786 791//1786 333//1786
f 796//1787 794//1787 333//1787
f 796//1788 333//1788 336//1788
f 799//1789 796//1789 336//1789
f 799//1790 339//1790 343//1790
f 799//1791 336//1791 339//1791
f 802//1792 799//1792 343//1792
f 805//1793 802//1793 343//1793
f 805//1794 345//1794 349//1794
f 805//1795 343//1795 345//1795
f 808//1796 805//1796 349//1796
f 811//1797 349//1797 352//1797
f 811//1798 808//1798 349//1798
f 814//1799 354//1799 357//1799
f 814//1800 352//1800 354//1800
f 814//1801 811//1801 352//1801
f 817//1802 814//1802 357//1802
f 819//1803 357//1803 359//1803
f 819//1804 817//1804 357//1804
f 821//1805 361//1805 363//1805
f 821//1806 359//1806 361//1806
f 821//1807 819//1807 359//1807
f 823//1808 821//1808 363//1808
f 860//1809 456//1809 454//1809
f 860//1810 363//1810 456//1810
f 860//1811 823//1811 363//1811
f 862//1812 860//1812 454//1812
f 864//1813 454//1813 452//1813
f 864//1814 862//1814 454//1814
f 866//1815 450//1815 448//1815
f 866//1816 452//1816 450//1816
f 866//1817 864//1817 452//1817
f 868//1818 866//1818 448//1818
f 870//1819 868//1819 448//1819
f 870//1820 448//1820 446//1820
f 872//1821 870//1821 446//1821
f 872//1822 444//1822 442//1822
f 872//1823 446//1823 444//1823
f 874//1824 872//1824 442//1824
f 876//1825 874//1825 442//1825
f 876//1826 440//1826 438//1826
f 876//1827 442//1827 440//1827
f 878//1828 876//1828 438//1828
f 880//1829 878//1829 438//1829
f 880//1830 436//1830 434//1830
f 880//1831 438//1831 436//1831
f 882//1832 880//1832 434//1832
f 882//1833 434//1833 432//1833
f 884//1834 882//1834 432//1834
f 886//1835 884//1835 432//1835
f 886//1836 432//1836 430//1836
f 888//1837 428//1837 426//1837
f 888//1838 430//1838 428//1838
f 888//1839 886//1839 430//1839
f 890//1840 888//1840 426//1840
f 892//1841 426//1841 424//1841
f 892//1842 890//1842 426//1842
f 894//1843 424//1843 422//1843
f 894//1844 892//1844 424//1844
f 896//1845 422//1845 420//1845
f 896//1846 894//1846 422//1846
f 898//1847 418//1847 416//1847
f 898//1848 420//1848 418//1848
f 898//1849 896//1849 420//1849
f 900//1850 416//1850 415//1850
f 900//1851 898//1851 416//1851
f 855//1852 900//1852 415//1852
