# Created by FreeCAD <http://www.freecad.org>
v -71.000000 -2.000000 33.500000
v -71.000000 9.755705 29.680340
v -75.000000 -2.000000 33.500000
v -75.000000 9.755705 29.680340
v -71.000000 -13.755705 29.680340
v -75.000000 -13.755705 29.680340
v -70.000000 -2.000000 32.448536
v -70.000000 9.137671 28.829689
v -71.000000 -2.000000 33.500000
v -71.000000 9.755705 29.680340
v -76.000000 9.137671 28.829689
v -76.000000 -2.000000 32.448536
v -75.000000 -2.000000 33.500000
v -75.000000 9.755705 29.680340
v -71.000000 17.021130 19.680340
v -75.000000 17.021130 19.680340
v -71.000000 -21.021130 19.680340
v -75.000000 -21.021130 19.680340
v -70.000000 -13.137671 28.829689
v -71.000000 -13.755705 29.680340
v -76.000000 -13.137671 28.829689
v -75.000000 -13.755705 29.680340
v -70.000000 -13.137671 -1.829689
v -70.000000 -12.621257 -0.059074
v -70.000000 -15.559074 2.878743
v -70.000000 -20.021130 7.644580
v -70.000000 -14.483759 6.891875
v -70.000000 -8.608125 1.016242
v -70.000000 -2.000000 -5.448538
v -70.000000 -4.077350 -3.598076
v -70.000000 -6.154701 -0.000000
v -70.000000 -15.500000 9.345300
v -70.000000 -19.098076 11.422649
v -70.000000 0.077350 -3.598076
v -70.000000 -7.532809 5.029374
v -70.000000 -8.571971 7.061895
v -70.000000 -10.470626 7.967191
v -70.000000 -8.392875 6.884022
v -70.000000 -8.746120 7.244614
v -70.000000 -8.208965 6.711130
v -70.000000 -8.915193 7.432042
v -70.000000 -8.020382 6.543348
v -70.000000 -9.079058 7.624037
v -70.000000 -7.827267 6.380803
v -70.000000 -9.237596 7.820457
v -70.000000 -7.629765 6.223618
v -70.000000 -9.390684 8.021151
v -70.000000 -7.428026 6.071909
v -70.000000 -9.538209 8.225969
v -70.000000 -7.222200 5.925792
v -70.000000 -9.680060 8.434757
v -70.000000 -7.012443 5.785377
v -70.000000 -9.816130 8.647359
v -70.000000 -6.798913 5.650769
v -70.000000 -9.946315 8.863614
v -70.000000 -6.581771 5.522069
v -70.000000 -10.070519 9.083359
v -70.000000 -6.361179 5.399375
v -70.000000 -10.188648 9.306428
v -70.000000 -6.137305 5.282780
v -70.000000 -10.300612 9.532654
v -70.000000 -5.910316 5.172369
v -70.000000 -20.021130 19.355421
v -70.000000 -19.098076 15.577351
v -70.000000 -10.406328 9.761867
v -70.000000 -5.680384 5.068228
v -70.000000 -10.505716 9.993894
v -70.000000 -11.901924 11.422649
v -70.000000 -5.447681 4.970434
v -70.000000 -4.077350 3.598076
v -70.000000 -10.598701 10.228559
v -70.000000 -5.212383 4.879061
v -70.000000 -10.685214 10.465688
v -70.000000 -4.974666 4.794177
v -70.000000 -10.765189 10.705100
v -70.000000 -4.734711 4.715846
v -70.000000 -10.838565 10.946617
v -70.000000 -4.492697 4.644128
v -70.000000 -10.905288 11.190056
v -70.000000 -4.248806 4.579077
v -70.000000 -10.965307 11.435233
v -70.000000 -4.003222 4.520741
v -70.000000 -11.018578 11.681965
v -70.000000 -3.756131 4.469164
v -70.000000 -11.065060 11.930065
v -70.000000 -3.507718 4.424385
v -70.000000 -11.104717 12.179347
v -70.000000 -3.258169 4.386438
v -70.000000 -11.137521 12.429624
v -70.000000 -3.007674 4.355351
v -70.000000 -11.163446 12.680706
v -70.000000 -2.756420 4.331149
v -70.000000 -11.182474 12.932405
v -70.000000 -2.504596 4.313848
v -70.000000 -11.194590 13.184530
v -70.000000 -2.252393 4.303463
v -70.000000 -15.500000 17.654701
v -70.000000 -11.199783 13.436894
v -70.000000 -2.000000 4.300000
v -70.000000 0.077350 3.598076
v -70.000000 -1.747607 4.303463
v -70.000000 -1.495404 4.313848
v -70.000000 -1.243580 4.331149
v -70.000000 -0.992326 4.355351
v -70.000000 -0.741831 4.386438
v -70.000000 -11.121978 14.695627
v -70.000000 -11.901924 15.577351
v -70.000000 -11.151345 14.444924
v -70.000000 -11.173824 14.193510
v -70.000000 -11.189397 13.941574
v -70.000000 -11.198052 13.689305
v -70.000000 -11.085743 14.945430
v -70.000000 -0.492282 4.424385
v -70.000000 -11.042669 15.194144
v -70.000000 -0.243869 4.469164
v -70.000000 -10.992789 15.441584
v -70.000000 0.003222 4.520741
v -70.000000 -10.936139 15.687562
v -70.000000 0.248806 4.579077
v -70.000000 -10.872762 15.931892
v -70.000000 0.492697 4.644128
v -70.000000 -10.802706 16.174393
v -70.000000 0.734711 4.715846
v -70.000000 -14.483759 20.108124
v -70.000000 -10.726023 16.414881
v -70.000000 0.974666 4.794177
v -70.000000 -10.642772 16.653173
v -70.000000 1.212383 4.879061
v -70.000000 -10.553014 16.889093
v -70.000000 2.154701 -0.000000
v -70.000000 1.447681 4.970434
v -70.000000 4.608125 1.016242
v -70.000000 -10.456819 17.122461
v -70.000000 9.137671 -1.829689
v -70.000000 -15.559074 24.121258
v -70.000000 8.621257 -0.059074
v -70.000000 3.532809 5.029374
v -70.000000 1.680384 5.068228
v -70.000000 1.910316 5.172369
v -70.000000 2.137305 5.282780
v -70.000000 2.361179 5.399375
v -70.000000 2.581771 5.522069
v -70.000000 2.798913 5.650769
v -70.000000 -10.245406 17.580843
v -70.000000 -10.470626 19.032808
v -70.000000 -10.354257 17.353102
v -70.000000 -9.881964 18.244961
v -70.000000 -10.009171 18.026939
v -70.000000 -10.130348 17.805511
v -70.000000 -9.748824 18.459408
v -70.000000 3.012443 5.785377
v -70.000000 -9.609851 18.670124
v -70.000000 3.222200 5.925792
v -70.000000 -9.465149 18.876945
v -70.000000 3.428025 6.071909
v -70.000000 -9.314828 19.079721
v -70.000000 3.629765 6.223618
v -70.000000 -9.159000 19.278297
v -70.000000 3.827267 6.380803
v -70.000000 -8.997784 19.472523
v -70.000000 4.020382 6.543348
v -70.000000 -8.831300 19.662252
v -70.000000 4.208965 6.711130
v -70.000000 -8.659673 19.847343
v -70.000000 4.392874 6.884022
v -70.000000 -8.483033 20.027655
v -70.000000 4.571971 7.061895
v -70.000000 11.559074 2.878743
v -70.000000 6.470626 7.967191
v -70.000000 4.746121 7.244614
v -70.000000 4.915192 7.432042
v -70.000000 5.079058 7.624037
v -70.000000 5.237595 7.820457
v -70.000000 5.390684 8.021151
v -70.000000 5.538209 8.225969
v -70.000000 5.680060 8.434757
v -70.000000 -7.532809 21.970627
v -70.000000 -6.906140 21.282660
v -70.000000 -7.117803 21.145136
v -70.000000 -7.325614 21.001856
v -70.000000 -7.529416 20.852928
v -70.000000 -7.729055 20.698467
v -70.000000 -7.924382 20.538586
v -70.000000 -8.115249 20.373407
v -70.000000 -8.301513 20.203054
v -70.000000 5.816129 8.647359
v -70.000000 -6.690784 21.414326
v -70.000000 5.946315 8.863614
v -70.000000 -6.471896 21.540033
v -70.000000 6.070519 9.083359
v -70.000000 -6.249642 21.659691
v -70.000000 6.188648 9.306428
v -70.000000 -12.621257 27.059074
v -70.000000 -6.024189 21.773203
v -70.000000 6.300612 9.532654
v -70.000000 -5.795707 21.880489
v -70.000000 6.406329 9.761867
v -70.000000 -5.564368 21.981466
v -70.000000 6.505717 9.993894
v -70.000000 -8.608125 25.983759
v -70.000000 10.483759 6.891875
v -70.000000 7.901924 11.422649
v -70.000000 6.598702 10.228559
v -70.000000 6.685215 10.465688
v -70.000000 6.765189 10.705100
v -70.000000 6.838565 10.946617
v -70.000000 6.905288 11.190056
v -70.000000 6.965307 11.435233
v -70.000000 7.018578 11.681965
v -70.000000 7.065060 11.930065
v -70.000000 7.104717 12.179347
v -70.000000 -3.383074 22.595444
v -70.000000 -4.077350 23.401924
v -70.000000 -3.632078 22.554077
v -70.000000 -3.879854 22.505896
v -70.000000 -4.126215 22.450933
v -70.000000 -4.370975 22.389235
v -70.000000 -4.613950 22.320843
v -70.000000 -4.854957 22.245811
v -70.000000 -5.093816 22.164196
v -70.000000 -5.330345 22.076059
v -70.000000 -3.133028 22.629965
v -70.000000 7.137521 12.429624
v -70.000000 -2.882130 22.657612
v -70.000000 7.163447 12.680706
v -70.000000 -2.630568 22.678366
v -70.000000 7.182474 12.932405
v -70.000000 -2.378531 22.692209
v -70.000000 7.194590 13.184530
v -70.000000 -2.126209 22.699135
v -70.000000 7.199784 13.436894
v -70.000000 -6.154701 27.000000
v -70.000000 11.500000 9.345300
v -70.000000 7.901924 15.577351
v -70.000000 7.198052 13.689305
v -70.000000 7.189397 13.941574
v -70.000000 7.173824 14.193510
v -70.000000 7.151345 14.444924
v -70.000000 7.121978 14.695627
v -70.000000 7.085743 14.945430
v -70.000000 7.042670 15.194144
v -70.000000 6.992789 15.441584
v -70.000000 6.936139 15.687562
v -70.000000 6.872762 15.931892
v -70.000000 6.802705 16.174393
v -70.000000 6.726023 16.414881
v -70.000000 6.642771 16.653173
v -70.000000 6.553014 16.889093
v -70.000000 0.077350 23.401924
v -70.000000 1.330345 22.076059
v -70.000000 1.093816 22.164196
v -70.000000 0.854957 22.245811
v -70.000000 0.613950 22.320843
v -70.000000 0.370974 22.389235
v -70.000000 0.126214 22.450933
v -70.000000 -0.120146 22.505896
v -70.000000 -0.367922 22.554077
v -70.000000 -0.616926 22.595444
v -70.000000 -0.866972 22.629965
v -70.000000 -1.117870 22.657612
v -70.000000 -1.369432 22.678366
v -70.000000 -1.621469 22.692209
v -70.000000 -1.873791 22.699135
v -70.000000 1.564368 21.981466
v -70.000000 16.021130 7.644580
v -70.000000 4.483033 20.027655
v -70.000000 3.532809 21.970627
v -70.000000 4.301513 20.203054
v -70.000000 4.115249 20.373407
v -70.000000 3.924382 20.538586
v -70.000000 3.729055 20.698467
v -70.000000 3.529416 20.852928
v -70.000000 3.325614 21.001856
v -70.000000 3.117803 21.145136
v -70.000000 2.906140 21.282660
v -70.000000 2.690784 21.414326
v -70.000000 2.471896 21.540033
v -70.000000 2.249642 21.659691
v -70.000000 2.024189 21.773203
v -70.000000 1.795707 21.880489
v -70.000000 6.456819 17.122461
v -70.000000 6.470626 19.032808
v -70.000000 6.354257 17.353102
v -70.000000 6.245406 17.580843
v -70.000000 6.130349 17.805511
v -70.000000 6.009171 18.026939
v -70.000000 5.881964 18.244961
v -70.000000 5.748824 18.459408
v -70.000000 5.609850 18.670124
v -70.000000 5.465149 18.876945
v -70.000000 5.314828 19.079721
v -70.000000 5.159000 19.278297
v -70.000000 4.997784 19.472523
v -70.000000 4.831299 19.662252
v -70.000000 4.659673 19.847343
v -70.000000 15.098076 11.422649
v -70.000000 -4.077350 30.598076
v -70.000000 2.154701 27.000000
v -70.000000 11.500000 17.654701
v -70.000000 4.608125 25.983759
v -70.000000 10.483759 20.108124
v -70.000000 0.077350 30.598076
v -70.000000 16.021130 19.355421
v -70.000000 15.098076 15.577351
v -70.000000 11.559074 24.121258
v -70.000000 8.621257 27.059074
v -76.000000 -15.559074 2.878743
v -76.000000 -12.621257 -0.059074
v -76.000000 -13.137671 -1.829689
v -76.000000 -20.021130 7.644580
v -76.000000 -14.483759 6.891875
v -76.000000 -8.608125 1.016242
v -76.000000 -2.000000 -5.448538
v -76.000000 -4.077350 -3.598076
v -76.000000 -15.500000 9.345300
v -76.000000 -19.098076 11.422649
v -76.000000 -6.154701 -0.000000
v -76.000000 0.077350 -3.598076
v -76.000000 -19.098076 15.577351
v -76.000000 -8.571971 7.061895
v -76.000000 -7.532809 5.029374
v -76.000000 -10.470626 7.967191
v -76.000000 -8.392875 6.884022
v -76.000000 -8.746120 7.244614
v -76.000000 -8.208965 6.711130
v -76.000000 -8.915193 7.432042
v -76.000000 -8.020382 6.543348
v -76.000000 -9.079058 7.624037
v -76.000000 -7.827267 6.380803
v -76.000000 -9.237596 7.820457
v -76.000000 -7.629765 6.223618
v -76.000000 -9.390684 8.021151
v -76.000000 -7.428026 6.071909
v -76.000000 -9.538209 8.225969
v -76.000000 -7.222200 5.925792
v -76.000000 -9.680060 8.434757
v -76.000000 -7.012443 5.785377
v -76.000000 -9.816130 8.647359
v -76.000000 -6.798913 5.650769
v -76.000000 -9.946315 8.863614
v -76.000000 -6.581771 5.522069
v -76.000000 -10.070519 9.083359
v -76.000000 -6.361179 5.399375
v -76.000000 -10.188648 9.306428
v -76.000000 -6.137305 5.282780
v -76.000000 -10.300612 9.532654
v -76.000000 -5.910316 5.172369
v -76.000000 -20.021130 19.355421
v -76.000000 -10.406328 9.761867
v -76.000000 -5.680384 5.068228
v -76.000000 -10.505716 9.993894
v -76.000000 -11.901924 11.422649
v -76.000000 -5.447681 4.970434
v -76.000000 -4.077350 3.598076
v -76.000000 -10.598701 10.228559
v -76.000000 -5.212383 4.879061
v -76.000000 -10.685214 10.465688
v -76.000000 -4.974666 4.794177
v -76.000000 -10.765189 10.705100
v -76.000000 -4.734711 4.715846
v -76.000000 -10.838565 10.946617
v -76.000000 -4.492697 4.644128
v -76.000000 -10.905288 11.190056
v -76.000000 -4.248806 4.579077
v -76.000000 -10.965307 11.435233
v -76.000000 -4.003222 4.520741
v -76.000000 -11.018578 11.681965
v -76.000000 -3.756131 4.469164
v -76.000000 -11.065060 11.930065
v -76.000000 -3.507718 4.424385
v -76.000000 -11.104717 12.179347
v -76.000000 -3.258169 4.386438
v -76.000000 -11.137521 12.429624
v -76.000000 -3.007674 4.355351
v -76.000000 -11.163446 12.680706
v -76.000000 -2.756420 4.331149
v -76.000000 -11.182474 12.932405
v -76.000000 -2.504596 4.313848
v -76.000000 -11.194590 13.184530
v -76.000000 -2.252393 4.303463
v -76.000000 -15.500000 17.654701
v -76.000000 -11.199783 13.436894
v -76.000000 -2.000000 4.300000
v -76.000000 0.077350 3.598076
v -76.000000 -1.747607 4.303463
v -76.000000 -1.495404 4.313848
v -76.000000 -1.243580 4.331149
v -76.000000 -0.992326 4.355351
v -76.000000 -0.741831 4.386438
v -76.000000 -11.901924 15.577351
v -76.000000 -11.121978 14.695627
v -76.000000 -11.151345 14.444924
v -76.000000 -11.173824 14.193510
v -76.000000 -11.189397 13.941574
v -76.000000 -11.198052 13.689305
v -76.000000 -11.085743 14.945430
v -76.000000 -0.492282 4.424385
v -76.000000 -11.042669 15.194144
v -76.000000 -0.243869 4.469164
v -76.000000 -10.992789 15.441584
v -76.000000 0.003222 4.520741
v -76.000000 -10.936139 15.687562
v -76.000000 0.248806 4.579077
v -76.000000 -10.872762 15.931892
v -76.000000 0.492697 4.644128
v -76.000000 -10.802706 16.174393
v -76.000000 0.734711 4.715846
v -76.000000 -14.483759 20.108124
v -76.000000 -10.726023 16.414881
v -76.000000 0.974666 4.794177
v -76.000000 -10.642772 16.653173
v -76.000000 1.212383 4.879061
v -76.000000 -10.553014 16.889093
v -76.000000 1.447681 4.970434
v -76.000000 2.154701 -0.000000
v -76.000000 4.608125 1.016242
v -76.000000 -10.456819 17.122461
v -76.000000 9.137671 -1.829689
v -76.000000 8.621257 -0.059074
v -76.000000 3.532809 5.029374
v -76.000000 1.680384 5.068228
v -76.000000 1.910316 5.172369
v -76.000000 2.137305 5.282780
v -76.000000 2.361179 5.399375
v -76.000000 2.581771 5.522069
v -76.000000 2.798913 5.650769
v -76.000000 -15.559074 24.121258
v -76.000000 -10.470626 19.032808
v -76.000000 -10.245406 17.580843
v -76.000000 -10.354257 17.353102
v -76.000000 -9.881964 18.244961
v -76.000000 -10.009171 18.026939
v -76.000000 -10.130348 17.805511
v -76.000000 -9.748824 18.459408
v -76.000000 3.012443 5.785377
v -76.000000 -9.609851 18.670124
v -76.000000 3.222200 5.925792
v -76.000000 -9.465149 18.876945
v -76.000000 3.428025 6.071909
v -76.000000 -9.314828 19.079721
v -76.000000 3.629765 6.223618
v -76.000000 -9.159000 19.278297
v -76.000000 3.827267 6.380803
v -76.000000 -8.997784 19.472523
v -76.000000 4.020382 6.543348
v -76.000000 -8.831300 19.662252
v -76.000000 4.208965 6.711130
v -76.000000 -8.659673 19.847343
v -76.000000 4.392874 6.884022
v -76.000000 -8.483033 20.027655
v -76.000000 4.571971 7.061895
v -76.000000 6.470626 7.967191
v -76.000000 4.746121 7.244614
v -76.000000 4.915192 7.432042
v -76.000000 5.079058 7.624037
v -76.000000 5.237595 7.820457
v -76.000000 5.390684 8.021151
v -76.000000 5.538209 8.225969
v -76.000000 5.680060 8.434757
v -76.000000 -7.532809 21.970627
v -76.000000 -6.906140 21.282660
v -76.000000 -7.117803 21.145136
v -76.000000 -7.325614 21.001856
v -76.000000 -7.529416 20.852928
v -76.000000 -7.729055 20.698467
v -76.000000 -7.924382 20.538586
v -76.000000 -8.115249 20.373407
v -76.000000 -8.301513 20.203054
v -76.000000 11.559074 2.878743
v -76.000000 5.816129 8.647359
v -76.000000 -6.690784 21.414326
v -76.000000 5.946315 8.863614
v -76.000000 -6.471896 21.540033
v -76.000000 6.070519 9.083359
v -76.000000 -6.249642 21.659691
v -76.000000 6.188648 9.306428
v -76.000000 -12.621257 27.059074
v -76.000000 -6.024189 21.773203
v -76.000000 6.300612 9.532654
v -76.000000 -5.795707 21.880489
v -76.000000 6.406329 9.761867
v -76.000000 -5.564368 21.981466
v -76.000000 6.505717 9.993894
v -76.000000 10.483759 6.891875
v -76.000000 -8.608125 25.983759
v -76.000000 -4.077350 23.401924
v -76.000000 -3.383074 22.595444
v -76.000000 -3.632078 22.554077
v -76.000000 -3.879854 22.505896
v -76.000000 -4.126215 22.450933
v -76.000000 -4.370975 22.389235
v -76.000000 -4.613950 22.320843
v -76.000000 -4.854957 22.245811
v -76.000000 -5.093816 22.164196
v -76.000000 -5.330345 22.076059
v -76.000000 7.901924 11.422649
v -76.000000 6.598702 10.228559
v -76.000000 6.685215 10.465688
v -76.000000 6.765189 10.705100
v -76.000000 6.838565 10.946617
v -76.000000 6.905288 11.190056
v -76.000000 6.965307 11.435233
v -76.000000 7.018578 11.681965
v -76.000000 7.065060 11.930065
v -76.000000 7.104717 12.179347
v -76.000000 -3.133028 22.629965
v -76.000000 7.137521 12.429624
v -76.000000 -2.882130 22.657612
v -76.000000 7.163447 12.680706
v -76.000000 -2.630568 22.678366
v -76.000000 7.182474 12.932405
v -76.000000 -2.378531 22.692209
v -76.000000 7.194590 13.184530
v -76.000000 -2.126209 22.699135
v -76.000000 7.199784 13.436894
v -76.000000 -6.154701 27.000000
v -76.000000 11.500000 9.345300
v -76.000000 7.901924 15.577351
v -76.000000 7.198052 13.689305
v -76.000000 7.189397 13.941574
v -76.000000 7.173824 14.193510
v -76.000000 7.151345 14.444924
v -76.000000 7.121978 14.695627
v -76.000000 7.085743 14.945430
v -76.000000 7.042670 15.194144
v -76.000000 6.992789 15.441584
v -76.000000 6.936139 15.687562
v -76.000000 6.872762 15.931892
v -76.000000 6.802705 16.174393
v -76.000000 6.726023 16.414881
v -76.000000 6.642771 16.653173
v -76.000000 6.553014 16.889093
v -76.000000 0.077350 23.401924
v -76.000000 1.330345 22.076059
v -76.000000 1.093816 22.164196
v -76.000000 0.854957 22.245811
v -76.000000 0.613950 22.320843
v -76.000000 0.370974 22.389235
v -76.000000 0.126214 22.450933
v -76.000000 -0.120146 22.505896
v -76.000000 -0.367922 22.554077
v -76.000000 -0.616926 22.595444
v -76.000000 -0.866972 22.629965
v -76.000000 -1.117870 22.657612
v -76.000000 -1.369432 22.678366
v -76.000000 -1.621469 22.692209
v -76.000000 -1.873791 22.699135
v -76.000000 1.564368 21.981466
v -76.000000 16.021130 7.644580
v -76.000000 3.532809 21.970627
v -76.000000 4.483033 20.027655
v -76.000000 4.301513 20.203054
v -76.000000 4.115249 20.373407
v -76.000000 3.924382 20.538586
v -76.000000 3.729055 20.698467
v -76.000000 3.529416 20.852928
v -76.000000 3.325614 21.001856
v -76.000000 3.117803 21.145136
v -76.000000 2.906140 21.282660
v -76.000000 2.690784 21.414326
v -76.000000 2.471896 21.540033
v -76.000000 2.249642 21.659691
v -76.000000 2.024189 21.773203
v -76.000000 1.795707 21.880489
v -76.000000 6.470626 19.032808
v -76.000000 6.456819 17.122461
v -76.000000 6.354257 17.353102
v -76.000000 6.245406 17.580843
v -76.000000 6.130349 17.805511
v -76.000000 6.009171 18.026939
v -76.000000 5.881964 18.244961
v -76.000000 5.748824 18.459408
v -76.000000 5.609850 18.670124
v -76.000000 5.465149 18.876945
v -76.000000 5.314828 19.079721
v -76.000000 5.159000 19.278297
v -76.000000 4.997784 19.472523
v -76.000000 4.831299 19.662252
v -76.000000 4.659673 19.847343
v -76.000000 15.098076 11.422649
v -76.000000 -4.077350 30.598076
v -76.000000 11.500000 17.654701
v -76.000000 2.154701 27.000000
v -76.000000 10.483759 20.108124
v -76.000000 4.608125 25.983759
v -76.000000 15.098076 15.577351
v -76.000000 0.077350 30.598076
v -76.000000 16.021130 19.355421
v -76.000000 11.559074 24.121258
v -76.000000 8.621257 27.059074
v -75.000000 17.021130 19.680340
v -71.000000 17.021130 7.319660
v -75.000000 17.021130 7.319660
v -71.000000 -21.021130 7.319660
v -75.000000 -21.021130 7.319660
v -75.000000 -21.021130 19.680340
v -71.000000 9.755705 -2.680340
v -71.000000 -13.755705 -2.680340
v -71.000000 -2.000000 -6.500000
v -71.000000 -12.322399 1.056281
v -71.000000 -14.443719 3.177601
v -71.000000 -13.667262 6.075379
v -71.000000 -9.424622 1.832738
v -71.000000 -10.769485 6.851836
v -71.000000 -8.648164 4.730515
v -71.000000 -18.098076 12.000000
v -71.000000 -18.098076 15.000000
v -71.000000 -15.500000 16.500000
v -71.000000 -15.500000 10.500000
v -71.000000 -12.901924 15.000000
v -71.000000 -12.901924 12.000000
v -71.000000 -12.322399 25.943720
v -71.000000 -14.443719 23.822399
v -71.000000 -9.424622 25.167261
v -71.000000 -13.667262 20.924622
v -71.000000 -8.648164 22.269484
v -71.000000 -10.769485 20.148165
v -71.000000 -0.500000 29.598076
v -71.000000 -3.500000 29.598076
v -71.000000 1.000000 27.000000
v -71.000000 -5.000000 27.000000
v -71.000000 -0.500000 24.401924
v -71.000000 -3.500000 24.401924
v -71.000000 -3.500000 -2.598076
v -71.000000 -0.500000 -2.598076
v -71.000000 -5.000000 -0.000000
v -71.000000 1.000000 -0.000000
v -71.000000 -3.500000 2.598076
v -71.000000 -0.500000 2.598076
v -71.000000 8.322399 1.056281
v -71.000000 10.443719 3.177601
v -71.000000 5.424621 1.832738
v -71.000000 9.667262 6.075379
v -71.000000 4.648164 4.730515
v -71.000000 6.769485 6.851836
v -70.666664 2.029009 5.977709
v -70.333336 1.753312 5.466917
v -70.333336 2.186392 5.683869
v -71.000000 1.887138 6.279878
v -71.000000 1.687598 6.175956
v -71.000000 2.083752 6.389236
v -70.666664 1.612210 5.768912
v -70.333336 2.606978 5.924148
v -70.666664 2.433783 6.208954
v -71.000000 2.277292 6.503946
v -71.000000 2.467613 6.623923
v -70.333336 3.013814 6.187036
v -70.333336 -2.000000 4.633333
v -70.666664 2.825325 6.461959
v -71.000000 2.654569 6.749075
v -71.000000 2.838023 6.879310
v -70.333336 3.405688 6.471749
v -70.666664 3.202467 6.735969
v -71.000000 3.017834 7.014528
v -71.000000 3.193868 7.154629
v -71.000000 -1.775041 5.303086
v -71.000000 -2.000000 5.300000
v -70.666664 -2.000000 4.966667
v -70.333336 3.781429 6.777437
v -70.666664 3.564082 7.030165
v -71.000000 3.365993 7.299506
v -71.000000 3.534078 7.449051
v -70.333336 4.139916 7.103188
v -70.666664 3.909092 7.343669
v -71.000000 3.697997 7.603150
v -71.000000 3.857626 7.761689
v -70.333336 4.480079 7.448029
v -70.666664 4.236467 7.675547
v -71.000000 4.012847 7.924547
v -71.000000 4.163541 8.091602
v -70.333336 4.800903 7.810932
v -70.666664 4.545230 8.024806
v -71.000000 4.309595 8.262729
v -71.000000 4.450900 8.437798
v -70.333336 5.101430 8.190813
v -70.666664 4.834459 8.390407
v -71.000000 4.587348 8.616677
v -71.000000 4.718839 8.799233
v -70.333336 5.380764 8.586538
v -70.666664 5.103292 8.771255
v -71.000000 4.845271 8.985328
v -71.000000 4.966550 9.174820
v -70.333336 5.638071 8.996928
v -70.666664 5.350925 9.166217
v -71.000000 5.082585 9.367569
v -71.000000 5.193289 9.563428
v -70.333336 5.872582 9.420756
v -70.666664 5.576621 9.574112
v -71.000000 5.298577 9.762251
v -71.000000 5.398372 9.963887
v -70.333336 6.083599 9.856759
v -70.666664 5.779705 9.993723
v -71.000000 5.492597 10.168185
v -71.000000 5.581182 10.374991
v -70.333336 6.270491 10.303635
v -70.666664 5.959570 10.423799
v -71.000000 5.664061 10.584150
v -71.000000 5.741169 10.795505
v -70.333336 6.432701 10.760049
v -70.666664 6.115682 10.863055
v -71.000000 5.812451 11.008894
v -71.000000 5.877851 11.224158
v -70.333336 6.569745 11.224641
v -70.666664 6.247573 11.310181
v -71.000000 5.937322 11.441136
v -71.000000 5.990818 11.659664
v -70.333336 6.681212 11.696023
v -70.666664 6.354851 11.763842
v -71.000000 6.038298 11.879578
v -71.000000 6.079727 12.100710
v -70.333336 6.766772 12.172790
v -70.666664 6.437194 12.222685
v -71.000000 6.115074 12.322897
v -71.000000 6.144312 12.545969
v -70.333336 6.826168 12.653517
v -70.666664 6.494357 12.685339
v -71.000000 6.167420 12.769759
v -71.000000 6.184379 12.994100
v -70.333336 6.859223 13.136769
v -70.666664 6.526170 13.150425
v -71.000000 6.195178 13.218821
v -71.000000 6.199807 13.443753
v -70.333336 6.865839 13.621107
v -70.666664 6.532537 13.616554
v -71.000000 6.198264 13.668729
v -71.000000 6.190549 13.893577
v -70.333336 6.845996 14.105083
v -70.666664 6.513440 14.082335
v -71.000000 6.176669 14.118129
v -71.000000 6.156634 14.342215
v -70.333336 6.799753 14.587253
v -70.666664 6.468935 14.546378
v -71.000000 6.130458 14.565667
v -71.000000 6.098163 14.788318
v -70.333336 6.727248 15.066178
v -70.666664 6.399157 15.007299
v -71.000000 6.059771 15.009998
v -71.000000 6.015312 15.230542
v -70.333336 6.628698 15.540429
v -70.666664 6.304311 15.463721
v -71.000000 5.964819 15.449783
v -71.000000 5.908331 15.667557
v -70.333336 6.504396 16.008591
v -70.666664 6.184682 15.914283
v -71.000000 5.845890 15.883698
v -71.000000 5.777542 16.098045
v -70.333336 6.354713 16.469265
v -70.666664 6.040627 16.357639
v -71.000000 5.703340 16.310436
v -71.000000 5.623339 16.520714
v -70.333336 6.180098 16.921080
v -70.666664 5.872575 16.792467
v -71.000000 5.537599 16.728716
v -71.000000 5.446185 16.934286
v -70.333336 5.981069 17.362682
v -70.666664 5.681028 17.217470
v -71.000000 5.349166 17.137274
v -71.000000 5.246615 17.337523
v -70.333336 5.758221 17.792759
v -70.666664 5.466559 17.631378
v -71.000000 5.138608 17.534882
v -71.000000 5.025229 17.729204
v -70.333336 5.512220 18.210024
v -70.666664 5.229806 18.032955
v -71.000000 4.906560 17.920341
v -71.000000 4.782693 18.108152
v -70.333336 5.243800 18.613232
v -70.666664 4.971477 18.421005
v -71.000000 4.653720 18.292496
v -71.000000 4.519738 18.473230
v -70.333336 4.953761 19.001181
v -70.666664 4.692341 18.794369
v -71.000000 4.380848 18.650221
v -71.000000 4.237155 18.823336
v -70.333336 4.642970 19.372711
v -70.666664 4.393234 19.151932
v -71.000000 4.088767 18.992441
v -71.000000 3.935795 19.157413
v -70.333336 4.312353 19.726715
v -70.666664 4.075046 19.492628
v -71.000000 3.778355 19.318129
v -71.000000 3.616566 19.474461
v -70.333336 3.962897 20.062136
v -70.666664 3.738728 19.815439
v -71.000000 3.450548 19.626299
v -71.000000 3.280427 19.773523
v -70.333336 3.595646 20.377974
v -70.666664 3.385284 20.119404
v -71.000000 3.106332 19.916025
v -71.000000 2.928392 20.053698
v -70.333336 3.211696 20.673285
v -70.666664 3.015768 20.403612
v -71.000000 2.746743 20.186436
v -71.000000 2.561520 20.314142
v -70.333336 2.812192 20.947187
v -70.666664 2.631282 20.667217
v -71.000000 2.372864 20.436718
v -71.000000 2.180916 20.554073
v -70.333336 2.398326 21.198864
v -70.666664 2.232975 20.909433
v -71.000000 1.985820 20.666117
v -71.000000 1.787724 20.772768
v -70.333336 1.971334 21.427565
v -70.666664 1.822036 21.129536
v -71.000000 1.586777 20.873943
v -71.000000 1.383130 20.969566
v -70.333336 1.532490 21.632607
v -70.666664 1.399689 21.326870
v -71.000000 1.176936 21.059568
v -71.000000 0.968351 21.143879
v -70.333336 1.083103 21.813377
v -70.666664 0.967197 21.500845
v -71.000000 0.757531 21.222437
v -71.000000 0.544636 21.295179
v -70.333336 0.624516 21.969339
v -70.666664 0.525850 21.650942
v -71.000000 0.329825 21.362055
v -71.000000 0.113260 21.423014
v -70.333336 0.158095 22.100023
v -70.666664 0.076964 21.776714
v -71.000000 -0.104896 21.478006
v -71.000000 -0.324478 21.526993
v -70.333336 -0.314765 22.205042
v -70.666664 -0.378120 21.877785
v -71.000000 -0.545322 21.569939
v -71.000000 -0.767260 21.606810
v -70.333336 -0.792656 22.284082
v -70.666664 -0.838045 21.953854
v -71.000000 -0.990127 21.637577
v -71.000000 -1.213754 21.662218
v -70.333336 -1.274149 22.336906
v -70.666664 -1.301437 22.004692
v -71.000000 -1.437972 21.680717
v -71.000000 -1.662614 21.693056
v -70.333336 -1.757809 22.363358
v -70.666664 -1.766914 22.030149
v -71.000000 -1.887510 21.699228
v -70.333336 -2.242191 22.363358
v -70.666664 -2.233086 22.030149
v -71.000000 -2.112490 21.699228
v -71.000000 -2.337386 21.693056
v -70.333336 -2.725851 22.336906
v -70.666664 -2.698563 22.004692
v -71.000000 -2.562028 21.680717
v -71.000000 -2.786246 21.662218
v -70.333336 -3.207344 22.284082
v -70.666664 -3.161955 21.953854
v -71.000000 -3.009873 21.637577
v -71.000000 -3.232739 21.606810
v -70.333336 -3.685235 22.205042
v -70.666664 -3.621880 21.877785
v -71.000000 -3.454678 21.569939
v -71.000000 -3.675522 21.526993
v -70.333336 -4.158095 22.100023
v -70.666664 -4.076964 21.776714
v -71.000000 -3.895104 21.478006
v -71.000000 -4.113260 21.423014
v -70.333336 -4.624516 21.969339
v -70.666664 -4.525849 21.650942
v -71.000000 -4.329824 21.362055
v -71.000000 -4.544636 21.295179
v -70.333336 -5.083103 21.813377
v -70.666664 -4.967197 21.500845
v -71.000000 -4.757531 21.222437
v -71.000000 -4.968351 21.143879
v -70.333336 -5.532490 21.632607
v -70.666664 -5.399689 21.326870
v -71.000000 -5.176937 21.059568
v -71.000000 -5.383130 20.969566
v -70.333336 -5.971334 21.427565
v -70.666664 -5.822035 21.129536
v -71.000000 -5.586777 20.873943
v -71.000000 -5.787724 20.772768
v -70.333336 -6.398326 21.198864
v -70.666664 -6.232975 20.909433
v -71.000000 -5.985820 20.666117
v -71.000000 -6.180916 20.554073
v -70.333336 -6.812191 20.947187
v -70.666664 -6.631282 20.667217
v -71.000000 -6.372864 20.436718
v -71.000000 -6.561520 20.314142
v -70.333336 -7.211696 20.673285
v -70.666664 -7.015768 20.403612
v -71.000000 -6.746743 20.186436
v -71.000000 -6.928392 20.053698
v -70.333336 -7.595646 20.377974
v -70.666664 -7.385284 20.119404
v -71.000000 -7.106332 19.916025
v -71.000000 -7.280427 19.773523
v -70.333336 -7.962897 20.062136
v -70.666664 -7.738729 19.815439
v -71.000000 -7.450548 19.626299
v -71.000000 -7.616566 19.474461
v -70.333336 -8.312353 19.726715
v -70.666664 -8.075047 19.492628
v -71.000000 -7.778355 19.318129
v -71.000000 -7.935795 19.157413
v -70.333336 -8.642969 19.372711
v -70.666664 -8.393233 19.151932
v -71.000000 -8.088767 18.992441
v -71.000000 -8.237155 18.823336
v -70.333336 -8.953761 19.001181
v -70.666664 -8.692342 18.794369
v -71.000000 -8.380848 18.650221
v -71.000000 -8.519738 18.473230
v -70.333336 -9.243800 18.613232
v -70.666664 -8.971477 18.421005
v -71.000000 -8.653720 18.292496
v -71.000000 -8.782693 18.108152
v -70.333336 -9.512220 18.210024
v -70.666664 -9.229806 18.032955
v -71.000000 -8.906560 17.920341
v -71.000000 -9.025229 17.729204
v -70.333336 -9.758221 17.792759
v -70.666664 -9.466558 17.631378
v -71.000000 -9.138609 17.534882
v -71.000000 -9.246615 17.337523
v -70.333336 -9.981069 17.362682
v -70.666664 -9.681028 17.217470
v -71.000000 -9.349166 17.137274
v -71.000000 -9.446185 16.934286
v -70.333336 -10.180098 16.921080
v -70.666664 -9.872575 16.792467
v -71.000000 -9.537599 16.728716
v -71.000000 -9.623339 16.520714
v -70.333336 -10.354713 16.469265
v -70.666664 -10.040627 16.357639
v -71.000000 -9.703340 16.310436
v -71.000000 -9.777542 16.098045
v -70.333336 -10.504395 16.008591
v -70.666664 -10.184682 15.914283
v -71.000000 -9.845889 15.883698
v -71.000000 -9.908331 15.667557
v -70.333336 -10.628697 15.540429
v -70.666664 -10.304311 15.463721
v -71.000000 -9.964819 15.449783
v -71.000000 -10.015312 15.230542
v -70.333336 -10.727248 15.066178
v -70.666664 -10.399157 15.007299
v -71.000000 -10.059771 15.009998
v -71.000000 -10.098163 14.788318
v -70.333336 -10.799753 14.587253
v -70.666664 -10.468936 14.546378
v -71.000000 -10.130458 14.565667
v -71.000000 -10.156633 14.342215
v -70.333336 -10.845997 14.105083
v -70.666664 -10.513440 14.082335
v -71.000000 -10.176669 14.118129
v -71.000000 -10.190549 13.893577
v -70.333336 -10.865840 13.621107
v -70.666664 -10.532537 13.616554
v -71.000000 -10.198264 13.668729
v -71.000000 -10.199807 13.443753
v -70.333336 -10.859223 13.136769
v -70.666664 -10.526170 13.150425
v -71.000000 -10.195178 13.218821
v -71.000000 -10.184380 12.994100
v -70.333336 -10.826168 12.653517
v -70.666664 -10.494357 12.685339
v -71.000000 -10.167420 12.769759
v -71.000000 -10.144313 12.545969
v -70.333336 -10.766772 12.172790
v -70.666664 -10.437194 12.222685
v -71.000000 -10.115074 12.322897
v -71.000000 -10.079727 12.100710
v -70.333336 -10.681212 11.696023
v -70.666664 -10.354851 11.763842
v -71.000000 -10.038298 11.879578
v -71.000000 -9.990817 11.659664
v -70.333336 -10.569744 11.224641
v -70.666664 -10.247574 11.310181
v -71.000000 -9.937322 11.441136
v -71.000000 -9.877851 11.224158
v -70.333336 -10.432701 10.760049
v -70.666664 -10.115683 10.863055
v -71.000000 -9.812451 11.008894
v -71.000000 -9.741169 10.795505
v -70.333336 -10.270492 10.303635
v -70.666664 -9.959571 10.423799
v -71.000000 -9.664061 10.584150
v -71.000000 -9.581182 10.374991
v -70.333336 -10.083599 9.856759
v -70.666664 -9.779704 9.993723
v -71.000000 -9.492598 10.168185
v -71.000000 -9.398372 9.963887
v -70.333336 -9.872582 9.420756
v -70.666664 -9.576620 9.574112
v -71.000000 -9.298577 9.762251
v -71.000000 -9.193289 9.563428
v -70.333336 -9.638070 8.996928
v -70.666664 -9.350925 9.166217
v -71.000000 -9.082585 9.367569
v -71.000000 -8.966550 9.174820
v -70.333336 -9.380764 8.586538
v -70.666664 -9.103292 8.771255
v -71.000000 -8.845271 8.985328
v -71.000000 -8.718839 8.799233
v -70.333336 -9.101430 8.190813
v -70.666664 -8.834459 8.390407
v -71.000000 -8.587349 8.616677
v -71.000000 -8.450900 8.437798
v -70.333336 -8.800902 7.810932
v -70.666664 -8.545230 8.024806
v -71.000000 -8.309595 8.262729
v -71.000000 -8.163541 8.091602
v -70.333336 -8.480079 7.448029
v -70.666664 -8.236467 7.675547
v -71.000000 -8.012847 7.924547
v -71.000000 -7.857626 7.761689
v -70.333336 -8.139915 7.103188
v -70.666664 -7.909092 7.343669
v -71.000000 -7.697997 7.603150
v -71.000000 -7.534078 7.449051
v -70.333336 -7.781429 6.777437
v -70.666664 -7.564082 7.030165
v -71.000000 -7.365993 7.299506
v -71.000000 -7.193868 7.154629
v -70.333336 -7.405688 6.471749
v -70.666664 -7.202467 6.735969
v -71.000000 -7.017834 7.014528
v -71.000000 -6.838023 6.879310
v -70.333336 -7.013814 6.187036
v -70.666664 -6.825325 6.461959
v -71.000000 -6.654570 6.749075
v -71.000000 -6.467612 6.623923
v -70.333336 -6.606977 5.924148
v -70.666664 -6.433783 6.208954
v -71.000000 -6.277292 6.503946
v -71.000000 -6.083752 6.389236
v -70.333336 -6.186392 5.683869
v -70.666664 -6.029009 5.977709
v -71.000000 -5.887138 6.279878
v -71.000000 -5.687598 6.175956
v -70.333336 -5.753312 5.466917
v -70.666664 -5.612210 5.768912
v -71.000000 -5.485282 6.077547
v -71.000000 -5.280342 5.984725
v -70.333336 -5.309031 5.273938
v -70.666664 -5.184631 5.583189
v -71.000000 -5.072933 5.897561
v -71.000000 -4.863211 5.816119
v -70.333336 -4.854875 5.105510
v -70.666664 -4.747549 5.421092
v -71.000000 -4.651333 5.740462
v -71.000000 -4.437459 5.670646
v -70.333336 -4.392198 4.962133
v -70.666664 -4.302266 5.283106
v -71.000000 -4.221751 5.606723
v -71.000000 -4.004371 5.548742
v -70.333336 -3.922382 4.844237
v -70.666664 -3.850112 5.169642
v -71.000000 -3.785481 5.496747
v -71.000000 -3.565247 5.450777
v -70.333336 -3.446829 4.752174
v -70.666664 -3.392437 5.081039
v -71.000000 -3.343835 5.410865
v -71.000000 -3.121412 5.377043
v -70.333336 -2.966958 4.686217
v -70.666664 -2.930607 5.017562
v -71.000000 -2.898144 5.349335
v -71.000000 -2.674200 5.327763
v -70.333336 -2.484202 4.646564
v -70.666664 -2.465999 4.979400
v -71.000000 -2.449749 5.312343
v -71.000000 -2.224959 5.303086
v -70.333336 -1.515798 4.646564
v -70.666664 -1.534001 4.979400
v -71.000000 -1.550251 5.312343
v -71.000000 -1.325800 5.327763
v -70.333336 -1.033042 4.686217
v -70.666664 -1.069393 5.017562
v -71.000000 -1.101856 5.349335
v -71.000000 -0.878588 5.377043
v -70.333336 -0.553171 4.752174
v -70.666664 -0.607563 5.081039
v -71.000000 -0.656165 5.410865
v -71.000000 -0.434753 5.450777
v -70.333336 -0.077618 4.844237
v -70.666664 -0.149888 5.169642
v -71.000000 -0.214519 5.496747
v -71.000000 0.004370 5.548742
v -70.333336 0.392198 4.962133
v -70.666664 0.302266 5.283106
v -71.000000 0.221751 5.606723
v -71.000000 0.437460 5.670646
v -70.333336 0.854875 5.105510
v -70.666664 0.747548 5.421092
v -71.000000 0.651333 5.740462
v -71.000000 0.863211 5.816119
v -70.333336 1.309031 5.273938
v -70.666664 1.184631 5.583189
v -71.000000 1.072933 5.897561
v -71.000000 1.280342 5.984725
v -71.000000 1.485282 6.077547
v -71.000000 14.098076 12.000000
v -71.000000 14.098076 15.000000
v -71.000000 11.500000 10.500000
v -71.000000 11.500000 16.500000
v -71.000000 8.901924 12.000000
v -71.000000 8.901924 15.000000
v -71.000000 8.322399 25.943720
v -71.000000 10.443719 23.822399
v -71.000000 9.667262 20.924622
v -71.000000 5.424621 25.167261
v -71.000000 6.769485 20.148165
v -71.000000 4.648164 22.269484
v -75.000000 9.755705 -2.680340
v -75.000000 -13.755705 -2.680340
v -75.000000 -2.000000 -6.500000
v -75.000000 -14.443719 3.177601
v -75.000000 -12.322399 1.056281
v -75.000000 -13.667262 6.075379
v -75.000000 -9.424622 1.832738
v -75.000000 -10.769485 6.851836
v -75.000000 -8.648164 4.730515
v -75.000000 -18.098076 15.000000
v -75.000000 -18.098076 12.000000
v -75.000000 -15.500000 16.500000
v -75.000000 -15.500000 10.500000
v -75.000000 -12.901924 15.000000
v -75.000000 -12.901924 12.000000
v -75.000000 -12.322399 25.943720
v -75.000000 -14.443719 23.822399
v -75.000000 -9.424622 25.167261
v -75.000000 -13.667262 20.924622
v -75.000000 -8.648164 22.269484
v -75.000000 -10.769485 20.148165
v -75.000000 -0.500000 29.598076
v -75.000000 -3.500000 29.598076
v -75.000000 1.000000 27.000000
v -75.000000 -5.000000 27.000000
v -75.000000 -0.500000 24.401924
v -75.000000 -3.500000 24.401924
v -75.000000 -3.500000 -2.598076
v -75.000000 -0.500000 -2.598076
v -75.000000 -5.000000 -0.000000
v -75.000000 1.000000 -0.000000
v -75.000000 -3.500000 2.598076
v -75.000000 -0.500000 2.598076
v -75.000000 8.322399 1.056281
v -75.000000 10.443719 3.177601
v -75.000000 5.424621 1.832738
v -75.000000 9.667262 6.075379
v -75.000000 4.648164 4.730515
v -75.000000 6.769485 6.851836
v -75.666664 1.753312 5.466917
v -75.333336 2.029009 5.977709
v -75.666664 2.186392 5.683869
v -75.000000 1.887138 6.279878
v -75.000000 1.687598 6.175956
v -75.000000 2.083752 6.389236
v -75.333336 1.612210 5.768912
v -75.666664 2.606978 5.924148
v -75.333336 2.433783 6.208954
v -75.000000 2.277292 6.503946
v -75.000000 2.467613 6.623923
v -75.666664 3.013814 6.187036
v -75.666664 -2.000000 4.633333
v -75.333336 2.825325 6.461959
v -75.000000 2.654569 6.749075
v -75.000000 2.838023 6.879310
v -75.666664 3.405688 6.471749
v -75.333336 3.202467 6.735969
v -75.000000 3.017834 7.014528
v -75.000000 3.193868 7.154629
v -75.000000 -2.000000 5.300000
v -75.000000 -1.775041 5.303086
v -75.333336 -2.000000 4.966667
v -75.666664 3.781429 6.777437
v -75.333336 3.564082 7.030165
v -75.000000 3.365993 7.299506
v -75.000000 3.534078 7.449051
v -75.666664 4.139916 7.103188
v -75.333336 3.909092 7.343669
v -75.000000 3.697997 7.603150
v -75.000000 3.857626 7.761689
v -75.666664 4.480079 7.448029
v -75.333336 4.236467 7.675547
v -75.000000 4.012847 7.924547
v -75.000000 4.163541 8.091602
v -75.666664 4.800903 7.810932
v -75.333336 4.545230 8.024806
v -75.000000 4.309595 8.262729
v -75.000000 4.450900 8.437798
v -75.666664 5.101430 8.190813
v -75.333336 4.834459 8.390407
v -75.000000 4.587348 8.616677
v -75.000000 4.718839 8.799233
v -75.666664 5.380764 8.586538
v -75.333336 5.103292 8.771255
v -75.000000 4.845271 8.985328
v -75.000000 4.966550 9.174820
v -75.666664 5.638071 8.996928
v -75.333336 5.350925 9.166217
v -75.000000 5.082585 9.367569
v -75.000000 5.193289 9.563428
v -75.666664 5.872582 9.420756
v -75.333336 5.576621 9.574112
v -75.000000 5.298577 9.762251
v -75.000000 5.398372 9.963887
v -75.666664 6.083599 9.856759
v -75.333336 5.779705 9.993723
v -75.000000 5.492597 10.168185
v -75.000000 5.581182 10.374991
v -75.666664 6.270491 10.303635
v -75.333336 5.959570 10.423799
v -75.000000 5.664061 10.584150
v -75.000000 5.741169 10.795505
v -75.666664 6.432701 10.760049
v -75.333336 6.115682 10.863055
v -75.000000 5.812451 11.008894
v -75.000000 5.877851 11.224158
v -75.666664 6.569745 11.224641
v -75.333336 6.247573 11.310181
v -75.000000 5.937322 11.441136
v -75.000000 5.990818 11.659664
v -75.666664 6.681212 11.696023
v -75.333336 6.354851 11.763842
v -75.000000 6.038298 11.879578
v -75.000000 6.079727 12.100710
v -75.666664 6.766772 12.172790
v -75.333336 6.437194 12.222685
v -75.000000 6.115074 12.322897
v -75.000000 6.144312 12.545969
v -75.666664 6.826168 12.653517
v -75.333336 6.494357 12.685339
v -75.000000 6.167420 12.769759
v -75.000000 6.184379 12.994100
v -75.666664 6.859223 13.136769
v -75.333336 6.526170 13.150425
v -75.000000 6.195178 13.218821
v -75.000000 6.199807 13.443753
v -75.666664 6.865839 13.621107
v -75.333336 6.532537 13.616554
v -75.000000 6.198264 13.668729
v -75.000000 6.190549 13.893577
v -75.666664 6.845996 14.105083
v -75.333336 6.513440 14.082335
v -75.000000 6.176669 14.118129
v -75.000000 6.156634 14.342215
v -75.666664 6.799753 14.587253
v -75.333336 6.468935 14.546378
v -75.000000 6.130458 14.565667
v -75.000000 6.098163 14.788318
v -75.666664 6.727248 15.066178
v -75.333336 6.399157 15.007299
v -75.000000 6.059771 15.009998
v -75.000000 6.015312 15.230542
v -75.666664 6.628698 15.540429
v -75.333336 6.304311 15.463721
v -75.000000 5.964819 15.449783
v -75.000000 5.908331 15.667557
v -75.666664 6.504396 16.008591
v -75.000000 5.845890 15.883698
v -75.333336 6.184682 15.914283
v -75.000000 5.777542 16.098045
v -75.666664 6.354713 16.469265
v -75.000000 5.703340 16.310436
v -75.333336 6.040627 16.357639
v -75.000000 5.623339 16.520714
v -75.666664 6.180098 16.921080
v -75.000000 5.537599 16.728716
v -75.333336 5.872575 16.792467
v -75.000000 5.446185 16.934286
v -75.666664 5.981069 17.362682
v -75.000000 5.349166 17.137274
v -75.333336 5.681028 17.217470
v -75.000000 5.246615 17.337523
v -75.666664 5.758221 17.792759
v -75.333336 5.466559 17.631378
v -75.000000 5.138608 17.534882
v -75.000000 5.025229 17.729204
v -75.666664 5.512220 18.210024
v -75.333336 5.229806 18.032955
v -75.000000 4.906560 17.920341
v -75.000000 4.782693 18.108152
v -75.666664 5.243800 18.613232
v -75.000000 4.653720 18.292496
v -75.333336 4.971477 18.421005
v -75.000000 4.519738 18.473230
v -75.666664 4.953761 19.001181
v -75.333336 4.692341 18.794369
v -75.000000 4.380848 18.650221
v -75.000000 4.237155 18.823336
v -75.666664 4.642970 19.372711
v -75.000000 4.088767 18.992441
v -75.333336 4.393234 19.151932
v -75.000000 3.935795 19.157413
v -75.666664 4.312353 19.726715
v -75.000000 3.778355 19.318129
v -75.333336 4.075046 19.492628
v -75.000000 3.616566 19.474461
v -75.666664 3.962897 20.062136
v -75.333336 3.738728 19.815439
v -75.000000 3.450548 19.626299
v -75.000000 3.280427 19.773523
v -75.666664 3.595646 20.377974
v -75.333336 3.385284 20.119404
v -75.000000 3.106332 19.916025
v -75.000000 2.928392 20.053698
v -75.666664 3.211696 20.673285
v -75.000000 2.746743 20.186436
v -75.333336 3.015768 20.403612
v -75.000000 2.561520 20.314142
v -75.666664 2.812192 20.947187
v -75.333336 2.631282 20.667217
v -75.000000 2.372864 20.436718
v -75.000000 2.180916 20.554073
v -75.666664 2.398326 21.198864
v -75.000000 1.985820 20.666117
v -75.333336 2.232975 20.909433
v -75.000000 1.787724 20.772768
v -75.666664 1.971334 21.427565
v -75.000000 1.586777 20.873943
v -75.333336 1.822036 21.129536
v -75.000000 1.383130 20.969566
v -75.666664 1.532490 21.632607
v -75.333336 1.399689 21.326870
v -75.000000 1.176936 21.059568
v -75.000000 0.968351 21.143879
v -75.666664 1.083103 21.813377
v -75.333336 0.967197 21.500845
v -75.000000 0.757531 21.222437
v -75.000000 0.544636 21.295179
v -75.666664 0.624516 21.969339
v -75.333336 0.525850 21.650942
v -75.000000 0.329825 21.362055
v -75.000000 0.113260 21.423014
v -75.666664 0.158095 22.100023
v -75.000000 -0.104896 21.478006
v -75.333336 0.076964 21.776714
v -75.000000 -0.324478 21.526993
v -75.666664 -0.314765 22.205042
v -75.333336 -0.378120 21.877785
v -75.000000 -0.545322 21.569939
v -75.000000 -0.767260 21.606810
v -75.666664 -0.792656 22.284082
v -75.333336 -0.838045 21.953854
v -75.000000 -0.990127 21.637577
v -75.000000 -1.213754 21.662218
v -75.666664 -1.274149 22.336906
v -75.333336 -1.301437 22.004692
v -75.000000 -1.437972 21.680717
v -75.000000 -1.662614 21.693056
v -75.666664 -1.757809 22.363358
v -75.333336 -1.766914 22.030149
v -75.000000 -1.887510 21.699228
v -75.666664 -2.242191 22.363358
v -75.333336 -2.233086 22.030149
v -75.000000 -2.112490 21.699228
v -75.000000 -2.337386 21.693056
v -75.666664 -2.725851 22.336906
v -75.333336 -2.698563 22.004692
v -75.000000 -2.562028 21.680717
v -75.000000 -2.786246 21.662218
v -75.666664 -3.207344 22.284082
v -75.000000 -3.009873 21.637577
v -75.333336 -3.161955 21.953854
v -75.000000 -3.232739 21.606810
v -75.666664 -3.685235 22.205042
v -75.333336 -3.621880 21.877785
v -75.000000 -3.454678 21.569939
v -75.000000 -3.675522 21.526993
v -75.666664 -4.158095 22.100023
v -75.333336 -4.076964 21.776714
v -75.000000 -3.895104 21.478006
v -75.000000 -4.113260 21.423014
v -75.666664 -4.624516 21.969339
v -75.333336 -4.525849 21.650942
v -75.000000 -4.329824 21.362055
v -75.000000 -4.544636 21.295179
v -75.666664 -5.083103 21.813377
v -75.333336 -4.967197 21.500845
v -75.000000 -4.757531 21.222437
v -75.000000 -4.968351 21.143879
v -75.666664 -5.532490 21.632607
v -75.333336 -5.399689 21.326870
v -75.000000 -5.176937 21.059568
v -75.000000 -5.383130 20.969566
v -75.666664 -5.971334 21.427565
v -75.333336 -5.822035 21.129536
v -75.000000 -5.586777 20.873943
v -75.000000 -5.787724 20.772768
v -75.666664 -6.398326 21.198864
v -75.333336 -6.232975 20.909433
v -75.000000 -5.985820 20.666117
v -75.000000 -6.180916 20.554073
v -75.666664 -6.812191 20.947187
v -75.000000 -6.372864 20.436718
v -75.333336 -6.631282 20.667217
v -75.000000 -6.561520 20.314142
v -75.666664 -7.211696 20.673285
v -75.333336 -7.015768 20.403612
v -75.000000 -6.746743 20.186436
v -75.000000 -6.928392 20.053698
v -75.666664 -7.595646 20.377974
v -75.333336 -7.385284 20.119404
v -75.000000 -7.106332 19.916025
v -75.000000 -7.280427 19.773523
v -75.666664 -7.962897 20.062136
v -75.333336 -7.738729 19.815439
v -75.000000 -7.450548 19.626299
v -75.000000 -7.616566 19.474461
v -75.666664 -8.312353 19.726715
v -75.333336 -8.075047 19.492628
v -75.000000 -7.778355 19.318129
v -75.000000 -7.935795 19.157413
v -75.666664 -8.642969 19.372711
v -75.333336 -8.393233 19.151932
v -75.000000 -8.088767 18.992441
v -75.000000 -8.237155 18.823336
v -75.666664 -8.953761 19.001181
v -75.333336 -8.692342 18.794369
v -75.000000 -8.380848 18.650221
v -75.000000 -8.519738 18.473230
v -75.666664 -9.243800 18.613232
v -75.333336 -8.971477 18.421005
v -75.000000 -8.653720 18.292496
v -75.000000 -8.782693 18.108152
v -75.666664 -9.512220 18.210024
v -75.333336 -9.229806 18.032955
v -75.000000 -8.906560 17.920341
v -75.000000 -9.025229 17.729204
v -75.666664 -9.758221 17.792759
v -75.333336 -9.466558 17.631378
v -75.000000 -9.138609 17.534882
v -75.000000 -9.246615 17.337523
v -75.666664 -9.981069 17.362682
v -75.333336 -9.681028 17.217470
v -75.000000 -9.349166 17.137274
v -75.000000 -9.446185 16.934286
v -75.666664 -10.180098 16.921080
v -75.333336 -9.872575 16.792467
v -75.000000 -9.537599 16.728716
v -75.000000 -9.623339 16.520714
v -75.666664 -10.354713 16.469265
v -75.333336 -10.040627 16.357639
v -75.000000 -9.703340 16.310436
v -75.000000 -9.777542 16.098045
v -75.666664 -10.504395 16.008591
v -75.333336 -10.184682 15.914283
v -75.000000 -9.845889 15.883698
v -75.000000 -9.908331 15.667557
v -75.666664 -10.628697 15.540429
v -75.333336 -10.304311 15.463721
v -75.000000 -9.964819 15.449783
v -75.000000 -10.015312 15.230542
v -75.666664 -10.727248 15.066178
v -75.333336 -10.399157 15.007299
v -75.000000 -10.059771 15.009998
v -75.000000 -10.098163 14.788318
v -75.666664 -10.799753 14.587253
v -75.333336 -10.468936 14.546378
v -75.000000 -10.130458 14.565667
v -75.000000 -10.156633 14.342215
v -75.666664 -10.845997 14.105083
v -75.000000 -10.176669 14.118129
v -75.333336 -10.513440 14.082335
v -75.000000 -10.190549 13.893577
v -75.666664 -10.865840 13.621107
v -75.000000 -10.198264 13.668729
v -75.333336 -10.532537 13.616554
v -75.000000 -10.199807 13.443753
v -75.666664 -10.859223 13.136769
v -75.000000 -10.195178 13.218821
v -75.333336 -10.526170 13.150425
v -75.000000 -10.184380 12.994100
v -75.666664 -10.826168 12.653517
v -75.000000 -10.167420 12.769759
v -75.333336 -10.494357 12.685339
v -75.000000 -10.144313 12.545969
v -75.666664 -10.766772 12.172790
v -75.000000 -10.115074 12.322897
v -75.333336 -10.437194 12.222685
v -75.000000 -10.079727 12.100710
v -75.666664 -10.681212 11.696023
v -75.000000 -10.038298 11.879578
v -75.333336 -10.354851 11.763842
v -75.000000 -9.990817 11.659664
v -75.666664 -10.569744 11.224641
v -75.000000 -9.937322 11.441136
v -75.333336 -10.247574 11.310181
v -75.000000 -9.877851 11.224158
v -75.666664 -10.432701 10.760049
v -75.333336 -10.115683 10.863055
v -75.000000 -9.812451 11.008894
v -75.000000 -9.741169 10.795505
v -75.666664 -10.270492 10.303635
v -75.333336 -9.959571 10.423799
v -75.000000 -9.664061 10.584150
v -75.000000 -9.581182 10.374991
v -75.666664 -10.083599 9.856759
v -75.000000 -9.492598 10.168185
v -75.333336 -9.779704 9.993723
v -75.000000 -9.398372 9.963887
v -75.666664 -9.872582 9.420756
v -75.000000 -9.298577 9.762251
v -75.333336 -9.576620 9.574112
v -75.000000 -9.193289 9.563428
v -75.666664 -9.638070 8.996928
v -75.333336 -9.350925 9.166217
v -75.000000 -9.082585 9.367569
v -75.000000 -8.966550 9.174820
v -75.666664 -9.380764 8.586538
v -75.000000 -8.845271 8.985328
v -75.333336 -9.103292 8.771255
v -75.000000 -8.718839 8.799233
v -75.666664 -9.101430 8.190813
v -75.000000 -8.587349 8.616677
v -75.333336 -8.834459 8.390407
v -75.000000 -8.450900 8.437798
v -75.666664 -8.800902 7.810932
v -75.000000 -8.309595 8.262729
v -75.333336 -8.545230 8.024806
v -75.000000 -8.163541 8.091602
v -75.666664 -8.480079 7.448029
v -75.000000 -8.012847 7.924547
v -75.333336 -8.236467 7.675547
v -75.000000 -7.857626 7.761689
v -75.666664 -8.139915 7.103188
v -75.333336 -7.909092 7.343669
v -75.000000 -7.697997 7.603150
v -75.000000 -7.534078 7.449051
v -75.666664 -7.781429 6.777437
v -75.333336 -7.564082 7.030165
v -75.000000 -7.365993 7.299506
v -75.000000 -7.193868 7.154629
v -75.666664 -7.405688 6.471749
v -75.333336 -7.202467 6.735969
v -75.000000 -7.017834 7.014528
v -75.000000 -6.838023 6.879310
v -75.666664 -7.013814 6.187036
v -75.333336 -6.825325 6.461959
v -75.000000 -6.654570 6.749075
v -75.000000 -6.467612 6.623923
v -75.666664 -6.606977 5.924148
v -75.333336 -6.433783 6.208954
v -75.000000 -6.277292 6.503946
v -75.000000 -6.083752 6.389236
v -75.666664 -6.186392 5.683869
v -75.333336 -6.029009 5.977709
v -75.000000 -5.887138 6.279878
v -75.000000 -5.687598 6.175956
v -75.666664 -5.753312 5.466917
v -75.333336 -5.612210 5.768912
v -75.000000 -5.485282 6.077547
v -75.000000 -5.280342 5.984725
v -75.666664 -5.309031 5.273938
v -75.000000 -5.072933 5.897561
v -75.333336 -5.184631 5.583189
v -75.000000 -4.863211 5.816119
v -75.666664 -4.854875 5.105510
v -75.333336 -4.747549 5.421092
v -75.000000 -4.651333 5.740462
v -75.000000 -4.437459 5.670646
v -75.666664 -4.392198 4.962133
v -75.333336 -4.302266 5.283106
v -75.000000 -4.221751 5.606723
v -75.000000 -4.004371 5.548742
v -75.666664 -3.922382 4.844237
v -75.000000 -3.785481 5.496747
v -75.333336 -3.850112 5.169642
v -75.000000 -3.565247 5.450777
v -75.666664 -3.446829 4.752174
v -75.000000 -3.343835 5.410865
v -75.333336 -3.392437 5.081039
v -75.000000 -3.121412 5.377043
v -75.666664 -2.966958 4.686217
v -75.000000 -2.898144 5.349335
v -75.333336 -2.930607 5.017562
v -75.000000 -2.674200 5.327763
v -75.666664 -2.484202 4.646564
v -75.333336 -2.465999 4.979400
v -75.000000 -2.449749 5.312343
v -75.000000 -2.224959 5.303086
v -75.666664 -1.515798 4.646564
v -75.333336 -1.534001 4.979400
v -75.000000 -1.550251 5.312343
v -75.000000 -1.325800 5.327763
v -75.666664 -1.033042 4.686217
v -75.333336 -1.069393 5.017562
v -75.000000 -1.101856 5.349335
v -75.000000 -0.878588 5.377043
v -75.666664 -0.553171 4.752174
v -75.333336 -0.607563 5.081039
v -75.000000 -0.656165 5.410865
v -75.000000 -0.434753 5.450777
v -75.666664 -0.077618 4.844237
v -75.333336 -0.149888 5.169642
v -75.000000 -0.214519 5.496747
v -75.000000 0.004370 5.548742
v -75.666664 0.392198 4.962133
v -75.333336 0.302266 5.283106
v -75.000000 0.221751 5.606723
v -75.000000 0.437460 5.670646
v -75.666664 0.854875 5.105510
v -75.333336 0.747548 5.421092
v -75.000000 0.651333 5.740462
v -75.000000 0.863211 5.816119
v -75.666664 1.309031 5.273938
v -75.333336 1.184631 5.583189
v -75.000000 1.072933 5.897561
v -75.000000 1.280342 5.984725
v -75.000000 1.485282 6.077547
v -75.000000 14.098076 12.000000
v -75.000000 14.098076 15.000000
v -75.000000 11.500000 10.500000
v -75.000000 11.500000 16.500000
v -75.000000 8.901924 12.000000
v -75.000000 8.901924 15.000000
v -75.000000 10.443719 23.822399
v -75.000000 8.322399 25.943720
v -75.000000 9.667262 20.924622
v -75.000000 5.424621 25.167261
v -75.000000 6.769485 20.148165
v -75.000000 4.648164 22.269484
v -71.000000 9.755705 -2.680340
v -75.000000 9.755705 -2.680340
v -71.000000 -13.755705 -2.680340
v -75.000000 -13.755705 -2.680340
v -71.000000 -2.000000 -6.500000
v -75.000000 -2.000000 -6.500000
v -75.000000 -1.775041 5.303086
v -75.000000 -1.550251 5.312343
v -75.000000 -1.101856 5.349335
v -75.000000 -0.878588 5.377043
v -75.000000 -0.656165 5.410865
v -75.000000 -0.434753 5.450777
v -75.000000 -0.214519 5.496747
v -75.000000 0.004370 5.548742
v -71.000000 0.004370 5.548742
v -75.000000 0.221751 5.606723
v -71.000000 0.221751 5.606723
v -75.000000 0.437460 5.670646
v -71.000000 0.437460 5.670646
v -75.000000 0.651333 5.740462
v -71.000000 0.651333 5.740462
v -75.000000 0.863211 5.816119
v -71.000000 0.863211 5.816119
v -75.000000 1.072933 5.897561
v -71.000000 1.072933 5.897561
v -75.000000 1.280342 5.984725
v -71.000000 1.280342 5.984725
v -75.000000 1.485282 6.077547
v -71.000000 1.485282 6.077547
v -75.000000 1.687598 6.175956
v -71.000000 1.687598 6.175956
v -75.000000 1.887138 6.279878
v -71.000000 1.887138 6.279878
v -75.000000 2.083752 6.389236
v -71.000000 2.083752 6.389236
v -75.000000 2.277292 6.503946
v -71.000000 2.277292 6.503946
v -75.000000 2.467613 6.623923
v -71.000000 2.467613 6.623923
v -75.000000 2.654569 6.749075
v -71.000000 2.654569 6.749075
v -75.000000 2.838023 6.879310
v -71.000000 2.838023 6.879310
v -71.000000 3.017834 7.014528
v -75.000000 3.017834 7.014528
v -75.000000 3.193868 7.154629
v -71.000000 3.193868 7.154629
v -75.000000 3.365993 7.299506
v -71.000000 3.365993 7.299506
v -75.000000 3.534078 7.449051
v -71.000000 3.534078 7.449051
v -75.000000 3.697997 7.603150
v -71.000000 3.697997 7.603150
v -75.000000 3.857626 7.761689
v -71.000000 3.857626 7.761689
v -75.000000 4.012847 7.924547
v -71.000000 4.012847 7.924547
v -75.000000 4.163541 8.091602
v -75.000000 4.309595 8.262729
v -71.000000 4.309595 8.262729
v -75.000000 4.450900 8.437798
v -75.000000 4.587348 8.616677
v -75.000000 4.718839 8.799233
v -75.000000 4.845271 8.985328
v -75.000000 4.966550 9.174820
v -75.000000 5.082585 9.367569
v -75.000000 5.193289 9.563428
v -75.000000 5.298577 9.762251
v -75.000000 5.398372 9.963887
v -71.000000 5.398372 9.963887
v -75.000000 5.492597 10.168185
v -75.000000 5.581182 10.374991
v -75.000000 5.664061 10.584150
v -71.000000 5.664061 10.584150
v -75.000000 5.741169 10.795505
v -71.000000 5.741169 10.795505
v -75.000000 5.812451 11.008894
v -75.000000 5.877851 11.224158
v -71.000000 5.877851 11.224158
v -75.000000 5.937322 11.441136
v -75.000000 5.990818 11.659664
v -75.000000 6.038298 11.879578
v -75.000000 6.079727 12.100710
v -75.000000 6.115074 12.322897
v -75.000000 6.144312 12.545969
v -75.000000 6.167420 12.769759
v -75.000000 6.184379 12.994100
v -75.000000 6.195178 13.218821
v -75.000000 6.199807 13.443753
v -75.000000 6.198264 13.668729
v -75.000000 6.190549 13.893577
v -75.000000 6.176669 14.118129
v -75.000000 6.156634 14.342215
v -75.000000 6.130458 14.565667
v -75.000000 6.098163 14.788318
v -75.000000 6.059771 15.009998
v -75.000000 6.015312 15.230542
v -75.000000 5.964819 15.449783
v -71.000000 5.908331 15.667557
v -75.000000 5.908331 15.667557
v -75.000000 5.845890 15.883698
v -71.000000 5.777542 16.098045
v -71.000000 5.703340 16.310436
v -71.000000 5.623339 16.520714
v -71.000000 5.537599 16.728716
v -71.000000 5.446185 16.934286
v -71.000000 5.349166 17.137274
v -71.000000 5.246615 17.337523
v -71.000000 5.138608 17.534882
v -71.000000 5.025229 17.729204
v -71.000000 4.906560 17.920341
v -71.000000 4.782693 18.108152
v -71.000000 4.653720 18.292496
v -71.000000 4.519738 18.473230
v -71.000000 4.380848 18.650221
v -71.000000 4.237155 18.823336
v -71.000000 4.088767 18.992441
v -71.000000 3.935795 19.157413
v -71.000000 3.778355 19.318129
v -71.000000 3.616566 19.474461
v -71.000000 3.450548 19.626299
v -71.000000 3.280427 19.773523
v -71.000000 3.106332 19.916025
v -71.000000 2.928392 20.053698
v -71.000000 2.746743 20.186436
v -71.000000 2.561520 20.314142
v -71.000000 2.372864 20.436718
v -71.000000 2.180916 20.554073
v -71.000000 1.985820 20.666117
v -71.000000 1.787724 20.772768
v -71.000000 1.586777 20.873943
v -71.000000 1.383130 20.969566
v -71.000000 1.176936 21.059568
v -71.000000 0.968351 21.143879
v -71.000000 0.757531 21.222437
v -71.000000 0.544636 21.295179
v -71.000000 0.329825 21.362055
v -71.000000 0.113260 21.423014
v -71.000000 -0.104896 21.478006
v -71.000000 -0.767260 21.606810
v -71.000000 -1.437972 21.680717
v -71.000000 -1.887510 21.699228
v -71.000000 -3.675522 21.526993
v -71.000000 -3.895104 21.478006
v -71.000000 -4.113260 21.423014
v -71.000000 -4.329824 21.362055
v -71.000000 -4.544636 21.295179
v -71.000000 -4.757531 21.222437
v -71.000000 -4.968351 21.143879
v -71.000000 -5.176937 21.059568
v -71.000000 -5.383130 20.969566
v -71.000000 -5.586777 20.873943
v -71.000000 -5.787724 20.772768
v -71.000000 -5.985820 20.666117
v -71.000000 -6.180916 20.554073
v -71.000000 -6.372864 20.436718
v -71.000000 -6.561520 20.314142
v -71.000000 -6.746743 20.186436
v -71.000000 -6.928392 20.053698
v -71.000000 -7.106332 19.916025
v -71.000000 -7.280427 19.773523
v -71.000000 -7.450548 19.626299
v -71.000000 -7.616566 19.474461
v -71.000000 -7.778355 19.318129
v -71.000000 -7.935795 19.157413
v -71.000000 -8.088767 18.992441
v -71.000000 -8.237155 18.823336
v -71.000000 -8.380848 18.650221
v -71.000000 -8.519738 18.473230
v -71.000000 -8.653720 18.292496
v -71.000000 -8.782693 18.108152
v -71.000000 -8.906560 17.920341
v -71.000000 -9.025229 17.729204
v -71.000000 -9.138609 17.534882
v -71.000000 -9.246615 17.337523
v -71.000000 -9.349166 17.137274
v -71.000000 -9.446185 16.934286
v -71.000000 -9.537599 16.728716
v -71.000000 -9.623339 16.520714
v -71.000000 -9.703340 16.310436
v -71.000000 -9.777542 16.098045
v -75.000000 -9.845889 15.883698
v -71.000000 -9.845889 15.883698
v -75.000000 -9.908331 15.667557
v -75.000000 -9.964819 15.449783
v -75.000000 -10.015312 15.230542
v -75.000000 -10.059771 15.009998
v -75.000000 -10.098163 14.788318
v -75.000000 -10.130458 14.565667
v -75.000000 -10.156633 14.342215
v -75.000000 -10.176669 14.118129
v -75.000000 -10.190549 13.893577
v -75.000000 -10.198264 13.668729
v -75.000000 -10.199807 13.443753
v -75.000000 -10.195178 13.218821
v -75.000000 -10.184380 12.994100
v -75.000000 -10.167420 12.769759
v -75.000000 -10.144313 12.545969
v -75.000000 -10.115074 12.322897
v -75.000000 -10.079727 12.100710
v -75.000000 -10.038298 11.879578
v -75.000000 -9.990817 11.659664
v -75.000000 -9.937322 11.441136
v -75.000000 -9.877851 11.224158
v -75.000000 -9.812451 11.008894
v -71.000000 -9.812451 11.008894
v -75.000000 -9.741169 10.795505
v -75.000000 -9.664061 10.584150
v -75.000000 -9.581182 10.374991
v -71.000000 -9.492598 10.168185
v -75.000000 -9.492598 10.168185
v -75.000000 -9.398372 9.963887
v -75.000000 -9.298577 9.762251
v -75.000000 -9.193289 9.563428
v -75.000000 -9.082585 9.367569
v -75.000000 -8.966550 9.174820
v -75.000000 -8.845271 8.985328
v -71.000000 -8.845271 8.985328
v -75.000000 -8.718839 8.799233
v -71.000000 -8.718839 8.799233
v -75.000000 -8.587349 8.616677
v -75.000000 -8.450900 8.437798
v -75.000000 -8.309595 8.262729
v -75.000000 -8.163541 8.091602
v -71.000000 -8.163541 8.091602
v -75.000000 -8.012847 7.924547
v -71.000000 -8.012847 7.924547
v -71.000000 -7.857626 7.761689
v -75.000000 -7.857626 7.761689
v -71.000000 -7.697997 7.603150
v -75.000000 -7.697997 7.603150
v -75.000000 -7.534078 7.449051
v -71.000000 -7.534078 7.449051
v -75.000000 -7.365993 7.299506
v -71.000000 -7.365993 7.299506
v -71.000000 -7.193868 7.154629
v -75.000000 -7.193868 7.154629
v -75.000000 -7.017834 7.014528
v -71.000000 -7.017834 7.014528
v -71.000000 -6.838023 6.879310
v -75.000000 -6.838023 6.879310
v -75.000000 -6.654570 6.749075
v -71.000000 -6.654570 6.749075
v -75.000000 -6.467612 6.623923
v -71.000000 -6.467612 6.623923
v -75.000000 -6.277292 6.503946
v -71.000000 -6.277292 6.503946
v -75.000000 -6.083752 6.389236
v -71.000000 -6.083752 6.389236
v -75.000000 -5.887138 6.279878
v -71.000000 -5.887138 6.279878
v -75.000000 -5.687598 6.175956
v -71.000000 -5.687598 6.175956
v -71.000000 -5.485282 6.077547
v -75.000000 -5.485282 6.077547
v -75.000000 -5.280342 5.984725
v -71.000000 -5.280342 5.984725
v -75.000000 -5.072933 5.897561
v -71.000000 -5.072933 5.897561
v -71.000000 -4.863211 5.816119
v -75.000000 -4.863211 5.816119
v -75.000000 -4.651333 5.740462
v -71.000000 -4.651333 5.740462
v -71.000000 -4.437459 5.670646
v -75.000000 -4.437459 5.670646
v -75.000000 -4.221751 5.606723
v -71.000000 -4.221751 5.606723
v -71.000000 -4.004371 5.548742
v -75.000000 -4.004371 5.548742
v -75.000000 -3.785481 5.496747
v -75.000000 -2.898144 5.349335
v -75.000000 -2.674200 5.327763
v -75.000000 -2.449749 5.312343
vn 0.000000 0.309017 0.951057
vn 0.000000 0.309017 0.951057
vn 0.000000 -0.309017 0.951057
vn 0.000000 -0.309017 0.951057
vn 0.707107 0.218508 0.672498
vn 0.707107 0.218508 0.672499
vn -0.707107 0.218508 0.672498
vn -0.707107 0.218508 0.672499
vn 0.000000 0.809017 0.587785
vn 0.000000 0.809017 0.587785
vn 0.000000 -0.809017 0.587785
vn 0.000000 -0.809017 0.587785
vn 0.707107 -0.218508 0.672499
vn 0.707107 -0.218508 0.672498
vn -0.707107 -0.218508 0.672499
vn -0.707107 -0.218508 0.672498
vn 1.000000 0.000000 -0.000000
vn 1.000000 0.000000 0.000000
vn 1.000000 0.000000 -0.000000
vn 1.000000 0.000000 0.000000
vn 1.000000 0.000000 0.000000
vn 1.000000 0.000000 0.000000
vn 1.000000 0.000000 0.000000
vn 1.000000 0.000000 0.000000
vn 1.000000 0.000000 0.000000
vn 1.000000 0.000000 -0.000000
vn 1.000000 0.000000 0.000000
vn 1.000000 0.000000 0.000000
vn 1.000000 0.000000 0.000000
vn 1.000000 0.000000 0.000000
vn 1.000000 0.000000 0.000000
vn 1.000000 0.000000 0.000000
vn 1.000000 0.000000 0.000000
vn 1.000000 0.000000 0.000000
vn 1.000000 0.000000 0.000000
vn 1.000000 0.000000 0.000000
vn 1.000000 0.000000 0.000000
vn 1.000000 0.000000 -0.000000
vn 1.000000 0.000000 0.000000
vn 1.000000 0.000000 0.000000
vn 1.000000 0.000000 0.000000
vn 1.000000 0.000000 0.000000
vn 1.000000 0.000000 0.000000
vn 1.000000 0.000000 0.000000
vn 1.000000 0.000000 0.000000
vn 1.000000 0.000000 0.000000
vn 1.000000 0.000000 0.000000
vn 1.000000 0.000000 0.000000
vn 1.000000 0.000000 0.000000
vn 1.000000 0.000000 0.000000
vn 1.000000 0.000000 0.000000
vn 1.000000 0.000000 0.000000
vn 1.000000 0.000000 0.000000
vn 1.000000 0.000000 0.000000
vn 1.000000 0.000000 0.000000
vn 1.000000 0.000000 0.000000
vn 1.000000 0.000000 0.000000
vn 1.000000 0.000000 0.000000
vn 1.000000 0.000000 -0.000000
vn 1.000000 0.000000 0.000000
vn 1.000000 0.000000 -0.000000
vn 1.000000 0.000000 0.000000
vn 1.000000 0.000000 0.000000
vn 1.000000 -0.000000 0.000000
vn 1.000000 0.000000 0.000000
vn 1.000000 0.000000 0.000000
vn 1.000000 0.000000 0.000000
vn 1.000000 0.000000 0.000000
vn 1.000000 0.000000 0.000000
vn 1.000000 0.000000 0.000000
vn 1.000000 0.000000 0.000000
vn 1.000000 0.000000 0.000000
vn 1.000000 0.000000 0.000000
vn 1.000000 0.000000 0.000000
vn 1.000000 0.000000 0.000000
vn 1.000000 0.000000 -0.000000
vn 1.000000 0.000000 0.000000
vn 1.000000 0.000000 0.000000
vn 1.000000 0.000000 0.000000
vn 1.000000 0.000000 0.000000
vn 1.000000 0.000000 0.000000
vn 1.000000 0.000000 0.000000
vn 1.000000 0.000000 0.000000
vn 1.000000 0.000000 0.000000
vn 1.000000 0.000000 0.000000
vn 1.000000 0.000000 0.000000
vn 1.000000 0.000000 0.000000
vn 1.000000 0.000000 0.000000
vn 1.000000 0.000000 0.000000
vn 1.000000 0.000000 0.000000
vn 1.000000 0.000000 -0.000000
vn 1.000000 0.000000 0.000000
vn 1.000000 0.000000 0.000000
vn 1.000000 -0.000000 0.000000
vn 1.000000 -0.000000 0.000000
vn 1.000000 -0.000000 0.000000
vn 1.000000 -0.000000 0.000000
vn 1.000000 -0.000000 0.000000
vn 1.000000 0.000000 0.000000
vn 1.000000 0.000000 0.000000
vn 1.000000 0.000000 0.000000
vn 1.000000 0.000000 0.000000
vn 1.000000 0.000000 0.000000
vn 1.000000 0.000000 0.000000
vn 1.000000 0.000000 0.000000
vn 1.000000 0.000000 -0.000000
vn 1.000000 0.000000 0.000000
vn 1.000000 0.000000 -0.000000
vn 1.000000 0.000000 0.000000
vn 1.000000 0.000000 -0.000000
vn 1.000000 0.000000 0.000000
vn 1.000000 0.000000 -0.000000
vn 1.000000 0.000000 -0.000000
vn 1.000000 0.000000 -0.000000
vn 1.000000 0.000000 0.000000
vn 1.000000 0.000000 -0.000000
vn 1.000000 0.000000 0.000000
vn 1.000000 0.000000 -0.000000
vn 1.000000 0.000000 -0.000000
vn 1.000000 0.000000 0.000000
vn 1.000000 0.000000 -0.000000
vn 1.000000 0.000000 0.000000
vn 1.000000 0.000000 -0.000000
vn 1.000000 0.000000 -0.000000
vn 1.000000 0.000000 0.000000
vn 1.000000 0.000000 0.000000
vn 1.000000 0.000000 0.000000
vn 1.000000 0.000000 -0.000000
vn 1.000000 -0.000000 0.000000
vn 1.000000 0.000000 0.000000
vn 1.000000 -0.000000 0.000000
vn 1.000000 0.000000 0.000000
vn 1.000000 0.000000 0.000000
vn 1.000000 0.000000 0.000000
vn 1.000000 0.000000 0.000000
vn 1.000000 0.000000 0.000000
vn 1.000000 -0.000000 0.000000
vn 1.000000 -0.000000 0.000000
vn 1.000000 -0.000000 0.000000
vn 1.000000 -0.000000 0.000000
vn 1.000000 -0.000000 0.000000
vn 1.000000 0.000000 0.000000
vn 1.000000 0.000000 0.000000
vn 1.000000 0.000000 0.000000
vn 1.000000 0.000000 0.000000
vn 1.000000 0.000000 0.000000
vn 1.000000 0.000000 0.000000
vn 1.000000 0.000000 -0.000000
vn 1.000000 0.000000 0.000000
vn 1.000000 0.000000 -0.000000
vn 1.000000 0.000000 0.000000
vn 1.000000 0.000000 -0.000000
vn 1.000000 0.000000 0.000000
vn 1.000000 0.000000 -0.000000
vn 1.000000 0.000000 -0.000000
vn 1.000000 0.000000 -0.000000
vn 1.000000 0.000000 0.000000
vn 1.000000 0.000000 -0.000000
vn 1.000000 0.000000 0.000000
vn 1.000000 0.000000 -0.000000
vn 1.000000 0.000000 0.000000
vn 1.000000 0.000000 -0.000000
vn 1.000000 0.000000 0.000000
vn 1.000000 0.000000 -0.000000
vn 1.000000 0.000000 0.000000
vn 1.000000 0.000000 -0.000000
vn 1.000000 0.000000 0.000000
vn 1.000000 0.000000 0.000000
vn 1.000000 0.000000 0.000000
vn 1.000000 0.000000 0.000000
vn 1.000000 0.000000 0.000000
vn 1.000000 0.000000 0.000000
vn 1.000000 -0.000000 0.000000
vn 1.000000 -0.000000 0.000000
vn 1.000000 0.000000 -0.000000
vn 1.000000 0.000000 0.000000
vn 1.000000 0.000000 0.000000
vn 1.000000 0.000000 0.000000
vn 1.000000 0.000000 0.000000
vn 1.000000 0.000000 -0.000000
vn 1.000000 0.000000 -0.000000
vn 1.000000 0.000000 -0.000000
vn 1.000000 0.000000 -0.000000
vn 1.000000 0.000000 0.000000
vn 1.000000 0.000000 -0.000000
vn 1.000000 0.000000 0.000000
vn 1.000000 0.000000 -0.000000
vn 1.000000 0.000000 0.000000
vn 1.000000 0.000000 -0.000000
vn 1.000000 0.000000 0.000000
vn 1.000000 0.000000 0.000000
vn 1.000000 0.000000 -0.000000
vn 1.000000 0.000000 -0.000000
vn 1.000000 0.000000 0.000000
vn 1.000000 0.000000 -0.000000
vn 1.000000 0.000000 0.000000
vn 1.000000 0.000000 -0.000000
vn 1.000000 0.000000 -0.000000
vn 1.000000 0.000000 0.000000
vn 1.000000 -0.000000 -0.000000
vn 1.000000 -0.000000 0.000000
vn 1.000000 0.000000 0.000000
vn 1.000000 0.000000 0.000000
vn 1.000000 0.000000 0.000000
vn 1.000000 0.000000 0.000000
vn 1.000000 0.000000 0.000000
vn 1.000000 0.000000 0.000000
vn 1.000000 -0.000000 0.000000
vn 1.000000 -0.000000 0.000000
vn 1.000000 -0.000000 0.000000
vn 1.000000 0.000000 0.000000
vn 1.000000 0.000000 0.000000
vn 1.000000 0.000000 0.000000
vn 1.000000 0.000000 -0.000000
vn 1.000000 0.000000 -0.000000
vn 1.000000 0.000000 -0.000000
vn 1.000000 0.000000 -0.000000
vn 1.000000 0.000000 -0.000000
vn 1.000000 0.000000 -0.000000
vn 1.000000 0.000000 -0.000000
vn 1.000000 0.000000 0.000000
vn 1.000000 0.000000 -0.000000
vn 1.000000 0.000000 0.000000
vn 1.000000 0.000000 -0.000000
vn 1.000000 0.000000 0.000000
vn 1.000000 0.000000 -0.000000
vn 1.000000 0.000000 0.000000
vn 1.000000 0.000000 -0.000000
vn 1.000000 0.000000 0.000000
vn 1.000000 0.000000 0.000000
vn 1.000000 0.000000 -0.000000
vn 1.000000 0.000000 0.000000
vn 1.000000 0.000000 -0.000000
vn 1.000000 -0.000000 0.000000
vn 1.000000 0.000000 -0.000000
vn 1.000000 0.000000 -0.000000
vn 1.000000 0.000000 -0.000000
vn 1.000000 0.000000 -0.000000
vn 1.000000 0.000000 -0.000000
vn 1.000000 0.000000 -0.000000
vn 1.000000 0.000000 -0.000000
vn 1.000000 0.000000 -0.000000
vn 1.000000 0.000000 -0.000000
vn 1.000000 -0.000000 -0.000000
vn 1.000000 -0.000000 -0.000000
vn 1.000000 -0.000000 -0.000000
vn 1.000000 -0.000000 -0.000000
vn 1.000000 -0.000000 -0.000000
vn 1.000000 0.000000 -0.000000
vn 1.000000 0.000000 -0.000000
vn 1.000000 0.000000 0.000000
vn 1.000000 0.000000 0.000000
vn 1.000000 0.000000 0.000000
vn 1.000000 0.000000 0.000000
vn 1.000000 0.000000 0.000000
vn 1.000000 0.000000 0.000000
vn 1.000000 0.000000 -0.000000
vn 1.000000 0.000000 -0.000000
vn 1.000000 0.000000 -0.000000
vn 1.000000 0.000000 -0.000000
vn 1.000000 0.000000 -0.000000
vn 1.000000 0.000000 -0.000000
vn 1.000000 0.000000 -0.000000
vn 1.000000 0.000000 -0.000000
vn 1.000000 -0.000000 -0.000000
vn 1.000000 0.000000 0.000000
vn 1.000000 0.000000 0.000000
vn 1.000000 0.000000 -0.000000
vn 1.000000 0.000000 0.000000
vn 1.000000 0.000000 0.000000
vn 1.000000 0.000000 0.000000
vn 1.000000 0.000000 0.000000
vn 1.000000 0.000000 0.000000
vn 1.000000 0.000000 -0.000000
vn 1.000000 0.000000 -0.000000
vn 1.000000 0.000000 -0.000000
vn 1.000000 0.000000 -0.000000
vn 1.000000 0.000000 -0.000000
vn 1.000000 0.000000 -0.000000
vn 1.000000 0.000000 -0.000000
vn 1.000000 0.000000 -0.000000
vn 1.000000 0.000000 -0.000000
vn 1.000000 0.000000 -0.000000
vn 1.000000 0.000000 -0.000000
vn 1.000000 0.000000 -0.000000
vn 1.000000 0.000000 -0.000000
vn 1.000000 0.000000 -0.000000
vn 1.000000 0.000000 -0.000000
vn 1.000000 -0.000000 -0.000000
vn 1.000000 0.000000 -0.000000
vn 1.000000 0.000000 -0.000000
vn 1.000000 0.000000 -0.000000
vn 1.000000 -0.000000 -0.000000
vn 1.000000 -0.000000 -0.000000
vn 1.000000 -0.000000 -0.000000
vn 1.000000 -0.000000 -0.000000
vn 1.000000 -0.000000 -0.000000
vn 1.000000 0.000000 0.000000
vn 1.000000 0.000000 -0.000000
vn 1.000000 0.000000 -0.000000
vn 1.000000 0.000000 -0.000000
vn 1.000000 0.000000 -0.000000
vn 1.000000 0.000000 -0.000000
vn 1.000000 0.000000 -0.000000
vn 1.000000 0.000000 0.000000
vn 1.000000 0.000000 0.000000
vn 1.000000 0.000000 0.000000
vn 1.000000 0.000000 0.000000
vn 1.000000 0.000000 -0.000000
vn 1.000000 0.000000 -0.000000
vn 1.000000 0.000000 0.000000
vn 1.000000 0.000000 -0.000000
vn 1.000000 0.000000 0.000000
vn 1.000000 -0.000000 -0.000000
vn 1.000000 0.000000 -0.000000
vn 1.000000 0.000000 -0.000000
vn 1.000000 0.000000 0.000000
vn 1.000000 0.000000 0.000000
vn 1.000000 0.000000 -0.000000
vn 0.707107 0.572062 0.415627
vn 0.707107 0.572062 0.415627
vn -1.000000 0.000000 0.000000
vn -1.000000 0.000000 0.000000
vn -1.000000 -0.000000 0.000000
vn -1.000000 0.000000 0.000000
vn -1.000000 0.000000 0.000000
vn -1.000000 -0.000000 0.000000
vn -1.000000 0.000000 -0.000000
vn -1.000000 0.000000 -0.000000
vn -1.000000 -0.000000 0.000000
vn -1.000000 -0.000000 0.000000
vn -1.000000 0.000000 -0.000000
vn -1.000000 -0.000000 -0.000000
vn -1.000000 -0.000000 -0.000000
vn -1.000000 -0.000000 -0.000000
vn -1.000000 -0.000000 -0.000000
vn -1.000000 -0.000000 -0.000000
vn -1.000000 -0.000000 -0.000000
vn -1.000000 -0.000000 -0.000000
vn -1.000000 -0.000000 -0.000000
vn -1.000000 -0.000000 -0.000000
vn -1.000000 -0.000000 -0.000000
vn -1.000000 0.000000 -0.000000
vn -1.000000 -0.000000 0.000000
vn -1.000000 0.000000 -0.000000
vn -1.000000 -0.000000 0.000000
vn -1.000000 0.000000 -0.000000
vn -1.000000 -0.000000 0.000000
vn -1.000000 0.000000 -0.000000
vn -1.000000 -0.000000 0.000000
vn -1.000000 0.000000 -0.000000
vn -1.000000 -0.000000 0.000000
vn -1.000000 0.000000 -0.000000
vn -1.000000 -0.000000 0.000000
vn -1.000000 0.000000 -0.000000
vn -1.000000 -0.000000 0.000000
vn -1.000000 0.000000 -0.000000
vn -1.000000 -0.000000 0.000000
vn -1.000000 0.000000 0.000000
vn -1.000000 0.000000 -0.000000
vn -1.000000 -0.000000 0.000000
vn -1.000000 0.000000 -0.000000
vn -1.000000 0.000000 0.000000
vn -1.000000 0.000000 0.000000
vn -1.000000 0.000000 -0.000000
vn -1.000000 -0.000000 0.000000
vn -1.000000 0.000000 0.000000
vn -1.000000 0.000000 0.000000
vn -1.000000 0.000000 -0.000000
vn -1.000000 -0.000000 -0.000000
vn -1.000000 -0.000000 -0.000000
vn -1.000000 -0.000000 -0.000000
vn -1.000000 -0.000000 -0.000000
vn -1.000000 -0.000000 -0.000000
vn -1.000000 -0.000000 -0.000000
vn -1.000000 -0.000000 -0.000000
vn -1.000000 -0.000000 -0.000000
vn -1.000000 -0.000000 -0.000000
vn -1.000000 -0.000000 -0.000000
vn -1.000000 0.000000 -0.000000
vn -1.000000 -0.000000 0.000000
vn -1.000000 0.000000 -0.000000
vn -1.000000 -0.000000 0.000000
vn -1.000000 0.000000 -0.000000
vn -1.000000 -0.000000 0.000000
vn -1.000000 0.000000 -0.000000
vn -1.000000 -0.000000 0.000000
vn -1.000000 0.000000 -0.000000
vn -1.000000 -0.000000 0.000000
vn -1.000000 0.000000 -0.000000
vn -1.000000 -0.000000 0.000000
vn -1.000000 0.000000 -0.000000
vn -1.000000 -0.000000 0.000000
vn -1.000000 0.000000 -0.000000
vn -1.000000 -0.000000 0.000000
vn -1.000000 -0.000000 0.000000
vn -1.000000 0.000000 -0.000000
vn -1.000000 -0.000000 0.000000
vn -1.000000 0.000000 0.000000
vn -1.000000 0.000000 0.000000
vn -1.000000 0.000000 0.000000
vn -1.000000 0.000000 0.000000
vn -1.000000 0.000000 0.000000
vn -1.000000 0.000000 0.000000
vn -1.000000 0.000000 0.000000
vn -1.000000 0.000000 0.000000
vn -1.000000 0.000000 0.000000
vn -1.000000 0.000000 0.000000
vn -1.000000 0.000000 0.000000
vn -1.000000 0.000000 0.000000
vn -1.000000 -0.000000 0.000000
vn -1.000000 0.000000 -0.000000
vn -1.000000 -0.000000 0.000000
vn -1.000000 0.000000 -0.000000
vn -1.000000 -0.000000 0.000000
vn -1.000000 0.000000 -0.000000
vn -1.000000 0.000000 0.000000
vn -1.000000 0.000000 0.000000
vn -1.000000 0.000000 0.000000
vn -1.000000 0.000000 0.000000
vn -1.000000 0.000000 0.000000
vn -1.000000 0.000000 0.000000
vn -1.000000 0.000000 0.000000
vn -1.000000 0.000000 0.000000
vn -1.000000 0.000000 0.000000
vn -1.000000 0.000000 0.000000
vn -1.000000 0.000000 0.000000
vn -1.000000 -0.000000 0.000000
vn -1.000000 0.000000 0.000000
vn -1.000000 0.000000 0.000000
vn -1.000000 0.000000 -0.000000
vn -1.000000 0.000000 0.000000
vn -1.000000 0.000000 0.000000
vn -1.000000 -0.000000 0.000000
vn -1.000000 0.000000 0.000000
vn -1.000000 -0.000000 0.000000
vn -1.000000 0.000000 0.000000
vn -1.000000 -0.000000 -0.000000
vn -1.000000 0.000000 -0.000000
vn -1.000000 -0.000000 0.000000
vn -1.000000 0.000000 0.000000
vn -1.000000 0.000000 0.000000
vn -1.000000 0.000000 0.000000
vn -1.000000 0.000000 0.000000
vn -1.000000 0.000000 0.000000
vn -1.000000 0.000000 -0.000000
vn -1.000000 0.000000 0.000000
vn -1.000000 0.000000 0.000000
vn -1.000000 -0.000000 -0.000000
vn -1.000000 0.000000 0.000000
vn -1.000000 0.000000 0.000000
vn -1.000000 0.000000 0.000000
vn -1.000000 -0.000000 0.000000
vn -1.000000 0.000000 -0.000000
vn -1.000000 -0.000000 0.000000
vn -1.000000 0.000000 -0.000000
vn -1.000000 -0.000000 0.000000
vn -1.000000 0.000000 -0.000000
vn -1.000000 0.000000 0.000000
vn -1.000000 0.000000 0.000000
vn -1.000000 0.000000 0.000000
vn -1.000000 0.000000 0.000000
vn -1.000000 0.000000 0.000000
vn -1.000000 0.000000 0.000000
vn -1.000000 0.000000 0.000000
vn -1.000000 0.000000 0.000000
vn -1.000000 0.000000 0.000000
vn -1.000000 0.000000 0.000000
vn -1.000000 0.000000 0.000000
vn -1.000000 0.000000 0.000000
vn -1.000000 0.000000 0.000000
vn -1.000000 0.000000 0.000000
vn -1.000000 0.000000 0.000000
vn -1.000000 0.000000 0.000000
vn -1.000000 0.000000 0.000000
vn -1.000000 -0.000000 0.000000
vn -1.000000 0.000000 0.000000
vn -1.000000 0.000000 0.000000
vn -1.000000 0.000000 0.000000
vn -1.000000 0.000000 0.000000
vn -1.000000 0.000000 0.000000
vn -1.000000 0.000000 0.000000
vn -1.000000 0.000000 -0.000000
vn -1.000000 0.000000 0.000000
vn -1.000000 0.000000 0.000000
vn -1.000000 0.000000 0.000000
vn -1.000000 0.000000 0.000000
vn -1.000000 0.000000 0.000000
vn -1.000000 0.000000 -0.000000
vn -1.000000 -0.000000 0.000000
vn -1.000000 0.000000 -0.000000
vn -1.000000 -0.000000 0.000000
vn -1.000000 0.000000 -0.000000
vn -1.000000 -0.000000 0.000000
vn -1.000000 0.000000 -0.000000
vn -1.000000 0.000000 -0.000000
vn -1.000000 0.000000 0.000000
vn -1.000000 -0.000000 0.000000
vn -1.000000 0.000000 -0.000000
vn -1.000000 -0.000000 0.000000
vn -1.000000 0.000000 -0.000000
vn -1.000000 0.000000 0.000000
vn -1.000000 0.000000 0.000000
vn -1.000000 0.000000 0.000000
vn -1.000000 0.000000 0.000000
vn -1.000000 0.000000 0.000000
vn -1.000000 0.000000 0.000000
vn -1.000000 0.000000 0.000000
vn -1.000000 0.000000 -0.000000
vn -1.000000 0.000000 0.000000
vn -1.000000 0.000000 0.000000
vn -1.000000 0.000000 0.000000
vn -1.000000 0.000000 0.000000
vn -1.000000 0.000000 0.000000
vn -1.000000 0.000000 0.000000
vn -1.000000 0.000000 0.000000
vn -1.000000 0.000000 0.000000
vn -1.000000 0.000000 0.000000
vn -1.000000 0.000000 0.000000
vn -1.000000 0.000000 0.000000
vn -1.000000 -0.000000 0.000000
vn -1.000000 0.000000 0.000000
vn -1.000000 0.000000 0.000000
vn -1.000000 0.000000 0.000000
vn -1.000000 -0.000000 0.000000
vn -1.000000 0.000000 -0.000000
vn -1.000000 -0.000000 0.000000
vn -1.000000 0.000000 -0.000000
vn -1.000000 -0.000000 0.000000
vn -1.000000 0.000000 -0.000000
vn -1.000000 -0.000000 0.000000
vn -1.000000 0.000000 -0.000000
vn -1.000000 -0.000000 0.000000
vn -1.000000 0.000000 -0.000000
vn -1.000000 0.000000 -0.000000
vn -1.000000 0.000000 0.000000
vn -1.000000 -0.000000 0.000000
vn -1.000000 -0.000000 0.000000
vn -1.000000 0.000000 0.000000
vn -1.000000 0.000000 -0.000000
vn -1.000000 0.000000 0.000000
vn -1.000000 0.000000 0.000000
vn -1.000000 0.000000 0.000000
vn -1.000000 0.000000 0.000000
vn -1.000000 0.000000 0.000000
vn -1.000000 0.000000 0.000000
vn -1.000000 0.000000 0.000000
vn -1.000000 0.000000 0.000000
vn -1.000000 -0.000000 0.000000
vn -1.000000 0.000000 0.000000
vn -1.000000 0.000000 0.000000
vn -1.000000 0.000000 0.000000
vn -1.000000 0.000000 0.000000
vn -1.000000 0.000000 0.000000
vn -1.000000 -0.000000 0.000000
vn -1.000000 0.000000 0.000000
vn -1.000000 0.000000 0.000000
vn -1.000000 0.000000 0.000000
vn -1.000000 0.000000 0.000000
vn -1.000000 0.000000 0.000000
vn -1.000000 0.000000 -0.000000
vn -1.000000 0.000000 0.000000
vn -1.000000 0.000000 0.000000
vn -1.000000 0.000000 0.000000
vn -1.000000 0.000000 0.000000
vn -1.000000 0.000000 0.000000
vn -1.000000 0.000000 0.000000
vn -1.000000 0.000000 0.000000
vn -1.000000 0.000000 0.000000
vn -1.000000 0.000000 0.000000
vn -1.000000 -0.000000 0.000000
vn -1.000000 0.000000 0.000000
vn -1.000000 0.000000 0.000000
vn -1.000000 0.000000 0.000000
vn -1.000000 0.000000 0.000000
vn -1.000000 0.000000 0.000000
vn -1.000000 0.000000 0.000000
vn -1.000000 0.000000 -0.000000
vn -1.000000 0.000000 0.000000
vn -1.000000 0.000000 0.000000
vn -1.000000 0.000000 0.000000
vn -1.000000 0.000000 0.000000
vn -1.000000 0.000000 0.000000
vn -1.000000 0.000000 0.000000
vn -1.000000 0.000000 0.000000
vn -1.000000 0.000000 0.000000
vn -1.000000 -0.000000 0.000000
vn -1.000000 0.000000 0.000000
vn -1.000000 0.000000 0.000000
vn -1.000000 0.000000 0.000000
vn -1.000000 0.000000 0.000000
vn -1.000000 0.000000 0.000000
vn -1.000000 0.000000 0.000000
vn -1.000000 0.000000 0.000000
vn -1.000000 0.000000 0.000000
vn -1.000000 0.000000 0.000000
vn -1.000000 -0.000000 0.000000
vn -1.000000 0.000000 0.000000
vn -1.000000 0.000000 0.000000
vn -1.000000 0.000000 0.000000
vn -1.000000 0.000000 0.000000
vn -1.000000 0.000000 0.000000
vn -1.000000 0.000000 -0.000000
vn -1.000000 0.000000 0.000000
vn -1.000000 0.000000 0.000000
vn -1.000000 0.000000 0.000000
vn -1.000000 0.000000 0.000000
vn -1.000000 0.000000 0.000000
vn -1.000000 0.000000 -0.000000
vn -1.000000 0.000000 0.000000
vn -1.000000 -0.000000 0.000000
vn -1.000000 0.000000 0.000000
vn -1.000000 0.000000 0.000000
vn -1.000000 0.000000 0.000000
vn -1.000000 -0.000000 0.000000
vn -1.000000 0.000000 -0.000000
vn -1.000000 0.000000 0.000000
vn -1.000000 0.000000 -0.000000
vn -1.000000 -0.000000 0.000000
vn -1.000000 0.000000 0.000000
vn -1.000000 0.000000 0.000000
vn -1.000000 0.000000 0.000000
vn -1.000000 0.000000 -0.000000
vn -1.000000 0.000000 0.000000
vn -0.707107 0.572062 0.415627
vn -0.707107 0.572062 0.415627
vn 0.000000 1.000000 0.000000
vn 0.000000 1.000000 0.000000
vn 0.000000 -1.000000 0.000000
vn 0.000000 -1.000000 0.000000
vn 0.707107 -0.572062 0.415627
vn 0.707107 -0.572062 0.415627
vn -0.707107 -0.572062 0.415627
vn -0.707107 -0.572062 0.415627
vn 0.707107 0.707107 -0.000000
vn 0.707107 0.707107 0.000000
vn 0.707107 -0.707107 0.000000
vn 0.707107 -0.707107 0.000000
vn 0.707107 0.572061 -0.415627
vn 0.707107 0.572062 -0.415627
vn 0.707107 -0.572062 -0.415627
vn 0.707107 -0.572061 -0.415627
vn 0.707107 0.218508 -0.672499
vn 0.707107 0.218508 -0.672499
vn 0.707107 -0.218508 -0.672499
vn 0.707107 -0.218508 -0.672499
vn 0.707107 0.500000 0.500000
vn 0.707107 0.500000 0.500000
vn 0.707107 0.683013 -0.183013
vn 0.707107 0.683013 -0.183013
vn 0.707107 -0.183013 0.683013
vn 0.707107 -0.183013 0.683013
vn 0.707107 0.183013 -0.683013
vn 0.707107 0.183013 -0.683013
vn 0.707107 -0.683013 0.183013
vn 0.707107 -0.683013 0.183013
vn 0.707107 -0.500000 -0.500000
vn 0.707107 -0.500000 -0.500000
vn 0.707107 0.707107 -0.000000
vn 0.707107 0.707107 0.000000
vn 0.707107 0.353553 -0.612372
vn 0.707107 0.353553 -0.612372
vn 0.707107 0.353553 0.612372
vn 0.707107 0.353553 0.612372
vn 0.707107 -0.353553 -0.612372
vn 0.707107 -0.353553 -0.612372
vn 0.707107 -0.353553 0.612373
vn 0.707107 -0.353553 0.612372
vn 0.707107 -0.707107 0.000000
vn 0.707107 -0.707107 0.000000
vn 0.707106 0.500000 -0.500000
vn 0.707107 0.500000 -0.500000
vn 0.707107 -0.183013 -0.683012
vn 0.707107 -0.183013 -0.683013
vn 0.707107 0.683013 0.183013
vn 0.707107 0.683013 0.183013
vn 0.707107 -0.683013 -0.183013
vn 0.707107 -0.683012 -0.183013
vn 0.707107 0.183013 0.683012
vn 0.707107 0.183013 0.683012
vn 0.707107 -0.500000 0.500000
vn 0.707106 -0.500000 0.500001
vn 0.707107 0.000000 -0.707107
vn 0.707107 0.000000 -0.707107
vn 0.707107 -0.612372 -0.353553
vn 0.707107 -0.612372 -0.353553
vn 0.707107 0.612372 -0.353553
vn 0.707107 0.612372 -0.353553
vn 0.707107 -0.612372 0.353553
vn 0.707107 -0.612372 0.353553
vn 0.707107 0.612372 0.353553
vn 0.707107 0.612372 0.353553
vn 0.707107 0.000000 0.707107
vn 0.707107 0.000000 0.707107
vn 0.707107 0.000000 0.707107
vn 0.707107 0.000000 0.707107
vn 0.707107 0.612372 0.353553
vn 0.707107 0.612373 0.353553
vn 0.707107 -0.612372 0.353553
vn 0.707107 -0.612372 0.353553
vn 0.707107 0.612372 -0.353553
vn 0.707107 0.612372 -0.353553
vn 0.707107 -0.612373 -0.353553
vn 0.707107 -0.612372 -0.353553
vn 0.707107 0.000000 -0.707107
vn 0.707107 0.000000 -0.707107
vn 0.707107 -0.500000 0.500000
vn 0.707107 -0.500000 0.500000
vn 0.707107 0.183013 0.683013
vn 0.707107 0.183013 0.683013
vn 0.707107 -0.683013 -0.183013
vn 0.707107 -0.683013 -0.183013
vn 0.707107 0.683013 0.183013
vn 0.707107 0.683013 0.183013
vn 0.707107 -0.183013 -0.683013
vn 0.707107 -0.183013 -0.683013
vn 0.707107 0.500000 -0.500000
vn 0.707107 0.500000 -0.500000
vn 0.706980 -0.316766 0.632328
vn 0.707316 -0.326528 0.626963
vn 0.706783 -0.343866 0.618235
vn 0.706980 -0.316767 0.632328
vn 0.703721 -0.318219 0.635227
vn 0.706790 -0.360693 0.608563
vn 0.707405 -0.376924 0.597918
vn 0.710563 -0.349039 0.610960
vn 0.706980 -0.350824 0.614086
vn 0.703726 -0.352431 0.616898
vn 0.707341 -0.360410 0.608090
vn 0.706748 -0.377275 0.598473
vn 0.706980 -0.350824 0.614086
vn 0.706765 -0.393541 0.587885
vn 0.707442 -0.409130 0.576315
vn 0.707070 -0.009700 0.707077
vn 0.706980 -0.383836 0.594011
vn 0.710557 -0.381885 0.590993
vn 0.703731 -0.385591 0.596727
vn 0.707366 -0.393207 0.587386
vn 0.706714 -0.409551 0.576909
vn 0.706980 -0.383836 0.594011
vn 0.706739 -0.425209 0.565435
vn 0.707478 -0.440100 0.552980
vn 0.710551 -0.413593 0.569261
vn 0.703736 -0.417599 0.574775
vn 0.706980 -0.415702 0.572164
vn 0.706980 -0.415701 0.572164
vn 0.707389 -0.424817 0.564917
vn 0.706677 -0.440600 0.553605
vn 0.707071 -0.009700 0.707076
vn 0.706716 -0.455596 0.541281
vn 0.707516 -0.469743 0.527980
vn 0.710544 -0.444066 0.545831
vn 0.706980 -0.446326 0.548609
vn 0.707412 -0.455147 0.540748
vn 0.706642 -0.470323 0.528633
vn 0.706980 -0.446326 0.548609
vn 0.703742 -0.448360 0.551109
vn 0.710537 -0.473216 0.520772
vn 0.706692 -0.484614 0.515495
vn 0.707554 -0.497967 0.501394
vn 0.706980 -0.475620 0.523417
vn 0.706980 -0.475620 0.523416
vn 0.707435 -0.484106 0.514954
vn 0.706605 -0.498636 0.502068
vn 0.703748 -0.477783 0.525797
vn 0.710530 -0.500954 0.494158
vn 0.706669 -0.512175 0.488155
vn 0.707592 -0.524689 0.473302
vn 0.706980 -0.503493 0.496662
vn 0.703755 -0.505778 0.498916
vn 0.706980 -0.503493 0.496662
vn 0.707457 -0.511605 0.487612
vn 0.706568 -0.525450 0.473988
vn 0.706647 -0.538195 0.459344
vn 0.707631 -0.549829 0.443786
vn 0.710521 -0.527199 0.466070
vn 0.706980 -0.529864 0.468426
vn 0.703763 -0.532262 0.470547
vn 0.706980 -0.529864 0.468426
vn 0.707479 -0.537562 0.458803
vn 0.706531 -0.550684 0.444479
vn 0.706624 -0.562597 0.429146
vn 0.707671 -0.573309 0.412939
vn 0.710513 -0.551871 0.436589
vn 0.706980 -0.554654 0.438791
vn 0.703771 -0.557159 0.440772
vn 0.706980 -0.554654 0.438791
vn 0.707499 -0.561902 0.428615
vn 0.706492 -0.574266 0.413628
vn 0.710503 -0.574897 0.405807
vn 0.706603 -0.585304 0.397657
vn 0.707711 -0.595061 0.380851
vn 0.706980 -0.577788 0.407848
vn 0.706981 -0.577788 0.407847
vn 0.707520 -0.584547 0.397140
vn 0.706453 -0.596120 0.381530
vn 0.703779 -0.580390 0.409685
vn 0.710493 -0.596208 0.373811
vn 0.706582 -0.606252 0.364965
vn 0.707752 -0.615019 0.347620
vn 0.706981 -0.599198 0.375686
vn 0.703788 -0.601889 0.377374
vn 0.707540 -0.605432 0.364472
vn 0.706414 -0.616183 0.348279
vn 0.706981 -0.599198 0.375686
vn 0.706561 -0.625376 0.331175
vn 0.707792 -0.633122 0.313348
vn 0.710483 -0.615741 0.340701
vn 0.706980 -0.618820 0.342404
vn 0.703798 -0.621591 0.343938
vn 0.706981 -0.618820 0.342404
vn 0.707560 -0.624494 0.330706
vn 0.706374 -0.634393 0.313976
vn 0.706542 -0.642616 0.296384
vn 0.707834 -0.649317 0.278133
vn 0.710472 -0.633438 0.306571
vn 0.706981 -0.636595 0.308100
vn 0.706980 -0.636596 0.308100
vn 0.703808 -0.639436 0.309475
vn 0.707579 -0.641674 0.295950
vn 0.706334 -0.650696 0.278724
vn 0.710461 -0.649245 0.271527
vn 0.706523 -0.657923 0.260698
vn 0.707876 -0.663555 0.242088
vn 0.706980 -0.652471 0.272876
vn 0.703819 -0.655373 0.274090
vn 0.706980 -0.652471 0.272876
vn 0.707597 -0.656923 0.260304
vn 0.706293 -0.665043 0.242629
vn 0.710449 -0.663115 0.235672
vn 0.706504 -0.671249 0.224227
vn 0.706980 -0.666398 0.236838
vn 0.707919 -0.675793 0.205317
vn 0.703830 -0.669353 0.237888
vn 0.707615 -0.670195 0.223874
vn 0.706252 -0.677388 0.205801
vn 0.706981 -0.666398 0.236838
vn 0.710436 -0.675008 0.199111
vn 0.706485 -0.682554 0.187078
vn 0.707962 -0.685995 0.167930
vn 0.706981 -0.678337 0.200093
vn 0.703841 -0.681334 0.200977
vn 0.706981 -0.678337 0.200093
vn 0.707633 -0.681448 0.186775
vn 0.706209 -0.687697 0.168348
vn 0.706467 -0.691805 0.149365
vn 0.708006 -0.694130 0.130045
vn 0.710422 -0.684887 0.161955
vn 0.706980 -0.688252 0.162751
vn 0.706981 -0.688252 0.162751
vn 0.707650 -0.690650 0.149114
vn 0.706168 -0.695936 0.130385
vn 0.703853 -0.691281 0.163467
vn 0.706451 -0.698972 0.111198
vn 0.708050 -0.700173 0.091772
vn 0.706981 -0.696113 0.124923
vn 0.710409 -0.692723 0.124314
vn 0.703865 -0.699164 0.125471
vn 0.706980 -0.696113 0.124923
vn 0.707666 -0.697773 0.111006
vn 0.706124 -0.702083 0.092023
vn 0.706980 -0.701896 0.086723
vn 0.706434 -0.704036 0.072696
vn 0.708095 -0.704108 0.053227
vn 0.710395 -0.698492 0.086302
vn 0.703879 -0.704960 0.087101
vn 0.706980 -0.701896 0.086723
vn 0.707682 -0.702794 0.072567
vn 0.706081 -0.706117 0.053379
vn 0.710380 -0.702178 0.048030
vn 0.706418 -0.706979 0.033973
vn 0.708140 -0.705922 0.014529
vn 0.706980 -0.705585 0.048263
vn 0.703893 -0.708651 0.048473
vn 0.707698 -0.705701 0.033911
vn 0.706037 -0.708025 0.014573
vn 0.706980 -0.705585 0.048263
vn 0.710365 -0.703768 0.009614
vn 0.706402 -0.707794 -0.004856
vn 0.708186 -0.705611 -0.024209
vn 0.706980 -0.707168 0.009660
vn 0.706980 -0.707167 0.009660
vn 0.703906 -0.710226 0.009702
vn 0.707713 -0.706484 -0.004847
vn 0.705993 -0.707802 -0.024284
vn 0.710349 -0.703259 -0.028834
vn 0.706387 -0.706477 -0.043670
vn 0.708232 -0.703174 -0.062870
vn 0.706980 -0.706640 -0.028972
vn 0.706980 -0.706640 -0.028973
vn 0.703921 -0.709682 -0.029097
vn 0.707727 -0.705140 -0.043587
vn 0.705947 -0.705450 -0.063074
vn 0.706980 -0.704003 -0.067518
vn 0.710333 -0.700651 -0.067197
vn 0.706373 -0.703033 -0.082354
vn 0.708280 -0.698621 -0.101336
vn 0.706980 -0.704003 -0.067518
vn 0.703936 -0.707019 -0.067808
vn 0.707741 -0.701675 -0.082195
vn 0.705902 -0.700974 -0.101677
vn 0.710316 -0.695953 -0.105361
vn 0.706359 -0.697471 -0.120792
vn 0.708327 -0.691965 -0.139492
vn 0.706980 -0.699266 -0.105862
vn 0.703952 -0.702246 -0.106313
vn 0.706980 -0.699266 -0.105862
vn 0.707755 -0.696096 -0.120554
vn 0.705856 -0.694386 -0.139980
vn 0.706345 -0.689810 -0.158867
vn 0.708375 -0.683226 -0.177222
vn 0.710298 -0.689179 -0.143213
vn 0.706980 -0.692441 -0.143891
vn 0.706980 -0.692441 -0.143891
vn 0.703968 -0.695376 -0.144501
vn 0.707767 -0.688425 -0.158548
vn 0.705809 -0.685709 -0.177867
vn 0.706332 -0.680070 -0.196467
vn 0.708423 -0.672432 -0.214413
vn 0.710280 -0.680347 -0.180639
vn 0.707779 -0.678680 -0.196065
vn 0.705762 -0.674966 -0.215222
vn 0.706980 -0.683550 -0.181490
vn 0.703984 -0.686432 -0.182255
vn 0.706980 -0.683550 -0.181490
vn 0.706320 -0.668282 -0.233475
vn 0.708472 -0.659613 -0.250953
vn 0.710262 -0.669485 -0.217529
vn 0.707791 -0.666893 -0.232991
vn 0.705715 -0.662190 -0.251933
vn 0.706980 -0.672619 -0.218547
vn 0.704001 -0.675439 -0.219464
vn 0.706980 -0.672619 -0.218548
vn 0.710242 -0.656625 -0.253770
vn 0.706308 -0.654482 -0.269782
vn 0.708522 -0.644809 -0.286736
vn 0.707802 -0.653102 -0.269212
vn 0.705665 -0.647419 -0.287898
vn 0.704018 -0.662430 -0.256015
vn 0.706981 -0.659680 -0.254951
vn 0.706980 -0.659681 -0.254953
vn 0.710222 -0.641805 -0.289259
vn 0.706297 -0.638710 -0.305276
vn 0.708572 -0.628068 -0.321647
vn 0.707813 -0.637343 -0.304621
vn 0.705617 -0.630698 -0.322993
vn 0.706980 -0.644773 -0.290597
vn 0.704037 -0.647444 -0.291799
vn 0.706981 -0.644773 -0.290596
vn 0.710202 -0.625069 -0.323884
vn 0.706286 -0.621014 -0.339855
vn 0.708622 -0.609439 -0.355583
vn 0.706980 -0.627943 -0.325373
vn 0.707824 -0.619665 -0.339117
vn 0.705569 -0.612075 -0.357123
vn 0.704056 -0.630527 -0.326712
vn 0.706979 -0.627943 -0.325373
vn 0.710182 -0.606467 -0.357547
vn 0.706276 -0.601447 -0.373410
vn 0.708673 -0.588976 -0.388446
vn 0.704075 -0.611728 -0.360649
vn 0.706979 -0.609237 -0.359181
vn 0.707833 -0.600125 -0.372589
vn 0.705519 -0.591608 -0.390185
vn 0.706980 -0.609237 -0.359179
vn 0.710160 -0.586055 -0.390144
vn 0.706267 -0.580069 -0.405842
vn 0.708724 -0.566742 -0.420135
vn 0.707842 -0.578780 -0.404935
vn 0.705468 -0.569357 -0.422076
vn 0.704095 -0.591104 -0.393505
vn 0.706980 -0.588713 -0.391913
vn 0.706980 -0.588713 -0.391913
vn 0.710138 -0.563894 -0.421578
vn 0.706257 -0.556946 -0.437049
vn 0.708777 -0.542804 -0.450554
vn 0.706981 -0.566433 -0.423477
vn 0.704114 -0.568718 -0.425187
vn 0.707851 -0.555691 -0.436067
vn 0.705417 -0.545390 -0.452698
vn 0.706980 -0.566432 -0.423478
vn 0.710115 -0.540047 -0.451758
vn 0.706249 -0.532142 -0.466945
vn 0.708829 -0.517237 -0.479611
vn 0.707859 -0.530930 -0.465885
vn 0.705366 -0.519776 -0.481966
vn 0.706981 -0.542461 -0.453778
vn 0.706981 -0.542461 -0.453778
vn 0.704134 -0.544635 -0.455596
vn 0.710093 -0.514587 -0.480591
vn 0.706240 -0.505734 -0.495437
vn 0.708882 -0.490118 -0.507219
vn 0.707867 -0.504577 -0.494294
vn 0.705313 -0.492593 -0.509790
vn 0.706980 -0.516871 -0.482725
vn 0.704156 -0.518927 -0.484643
vn 0.706981 -0.516871 -0.482724
vn 0.710069 -0.487591 -0.507993
vn 0.706233 -0.477806 -0.522433
vn 0.708937 -0.461522 -0.533298
vn 0.704178 -0.491671 -0.512243
vn 0.707874 -0.476702 -0.521219
vn 0.705261 -0.463927 -0.536077
vn 0.706980 -0.489739 -0.510231
vn 0.706980 -0.489739 -0.510230
vn 0.710044 -0.459140 -0.533880
vn 0.706226 -0.448440 -0.547857
vn 0.708991 -0.431543 -0.557766
vn 0.704199 -0.462951 -0.538311
vn 0.707881 -0.447388 -0.546578
vn 0.705209 -0.433859 -0.560755
vn 0.706980 -0.461146 -0.536212
vn 0.706980 -0.461146 -0.536213
vn 0.710019 -0.429315 -0.558177
vn 0.706219 -0.417720 -0.571633
vn 0.709045 -0.400273 -0.580549
vn 0.707888 -0.416732 -0.570289
vn 0.705157 -0.402481 -0.583749
vn 0.706980 -0.431175 -0.560596
vn 0.706980 -0.431175 -0.560595
vn 0.704222 -0.432849 -0.562772
vn 0.709995 -0.398207 -0.580809
vn 0.706213 -0.385738 -0.593691
vn 0.709099 -0.367800 -0.601582
vn 0.706981 -0.399918 -0.583304
vn 0.707893 -0.384824 -0.592282
vn 0.706980 -0.399917 -0.583305
vn 0.705102 -0.369887 -0.604992
vn 0.704245 -0.401457 -0.585552
vn 0.709969 -0.365907 -0.601711
vn 0.706208 -0.352598 -0.613958
vn 0.709155 -0.334227 -0.620799
vn 0.707898 -0.351755 -0.612493
vn 0.705048 -0.336174 -0.624415
vn 0.706981 -0.367467 -0.604273
vn 0.706980 -0.367466 -0.604275
vn 0.704268 -0.368871 -0.606581
vn 0.706204 -0.318393 -0.632378
vn 0.709211 -0.299649 -0.638146
vn 0.709944 -0.332515 -0.620817
vn 0.707901 -0.317633 -0.630860
vn 0.704989 -0.301438 -0.641969
vn 0.704292 -0.335183 -0.625800
vn 0.706980 -0.333919 -0.623440
vn 0.706980 -0.333919 -0.623439
vn 0.706199 -0.283234 -0.648893
vn 0.709268 -0.264175 -0.653567
vn 0.709916 -0.298129 -0.638074
vn 0.706980 -0.299377 -0.640743
vn 0.707907 -0.282553 -0.647326
vn 0.704936 -0.265797 -0.657585
vn 0.704318 -0.300499 -0.643146
vn 0.706980 -0.299376 -0.640745
vn 0.706195 -0.247219 -0.663454
vn 0.709326 -0.227913 -0.667018
vn 0.709888 -0.262849 -0.653429
vn 0.706980 -0.263939 -0.656137
vn 0.707910 -0.246624 -0.661846
vn 0.704878 -0.229346 -0.671228
vn 0.706980 -0.263939 -0.656137
vn 0.704343 -0.264919 -0.658574
vn 0.706191 -0.210460 -0.676018
vn 0.709383 -0.190970 -0.678459
vn 0.709860 -0.226785 -0.666834
vn 0.706982 -0.227715 -0.669569
vn 0.706980 -0.227713 -0.669572
vn 0.707913 -0.209948 -0.674374
vn 0.704824 -0.192208 -0.682846
vn 0.704368 -0.228551 -0.672035
vn 0.706190 -0.173064 -0.686546
vn 0.709442 -0.153458 -0.687854
vn 0.709832 -0.190036 -0.678251
vn 0.706982 -0.190808 -0.681006
vn 0.707915 -0.172643 -0.684872
vn 0.704765 -0.154471 -0.692420
vn 0.706980 -0.190810 -0.681007
vn 0.704393 -0.191505 -0.683488
vn 0.709803 -0.152720 -0.687645
vn 0.706188 -0.135148 -0.695006
vn 0.709501 -0.115488 -0.695177
vn 0.704421 -0.153887 -0.692900
vn 0.707918 -0.134822 -0.693307
vn 0.704708 -0.116276 -0.699905
vn 0.706980 -0.153335 -0.690411
vn 0.706980 -0.153335 -0.690411
vn 0.706185 -0.096831 -0.701374
vn 0.709561 -0.077179 -0.700405
vn 0.709772 -0.114948 -0.694990
vn 0.706980 -0.115405 -0.697754
vn 0.707919 -0.096590 -0.699657
vn 0.704649 -0.077714 -0.705287
vn 0.704447 -0.115816 -0.700244
vn 0.706980 -0.115405 -0.697754
vn 0.706185 -0.058214 -0.705630
vn 0.709622 -0.038642 -0.703523
vn 0.709743 -0.076824 -0.700259
vn 0.704476 -0.077399 -0.705495
vn 0.706980 -0.077127 -0.703015
vn 0.707921 -0.058076 -0.703900
vn 0.704589 -0.038918 -0.708547
vn 0.706980 -0.077127 -0.703015
vn 0.706185 -0.019426 -0.707761
vn 0.709682 0.000000 -0.704522
vn 0.709712 -0.038471 -0.703440
vn 0.704503 -0.038756 -0.708642
vn 0.706979 -0.038621 -0.706179
vn 0.707921 -0.019377 -0.706026
vn 0.706980 -0.038622 -0.706178
vn 0.706185 0.019426 -0.707761
vn 0.709682 0.000000 -0.704522
vn 0.704532 0.000000 -0.709673
vn 0.706979 0.000000 -0.707234
vn 0.706979 0.000000 -0.707234
vn 0.704532 0.000000 -0.709673
vn 0.707921 0.019377 -0.706026
vn 0.709622 0.038642 -0.703523
vn 0.706185 0.058214 -0.705630
vn 0.709712 0.038471 -0.703440
vn 0.706979 0.038622 -0.706179
vn 0.704589 0.038918 -0.708547
vn 0.707921 0.058076 -0.703900
vn 0.704503 0.038756 -0.708642
vn 0.706980 0.038621 -0.706178
vn 0.709561 0.077179 -0.700405
vn 0.706185 0.096831 -0.701374
vn 0.709743 0.076824 -0.700259
vn 0.704649 0.077714 -0.705287
vn 0.707919 0.096590 -0.699658
vn 0.706980 0.077127 -0.703015
vn 0.706980 0.077127 -0.703015
vn 0.704476 0.077399 -0.705495
vn 0.709501 0.115488 -0.695177
vn 0.706188 0.135148 -0.695006
vn 0.709772 0.114948 -0.694990
vn 0.706980 0.115405 -0.697754
vn 0.706980 0.115405 -0.697754
vn 0.704447 0.115816 -0.700244
vn 0.704708 0.116276 -0.699905
vn 0.707918 0.134822 -0.693307
vn 0.709442 0.153458 -0.687854
vn 0.706190 0.173064 -0.686546
vn 0.709803 0.152720 -0.687645
vn 0.706980 0.153335 -0.690411
vn 0.706980 0.153335 -0.690411
vn 0.704765 0.154472 -0.692420
vn 0.707915 0.172642 -0.684873
vn 0.704421 0.153887 -0.692900
vn 0.709383 0.190970 -0.678459
vn 0.709832 0.190036 -0.678251
vn 0.706191 0.210460 -0.676018
vn 0.706982 0.190808 -0.681006
vn 0.704393 0.191506 -0.683488
vn 0.704824 0.192208 -0.682846
vn 0.707913 0.209947 -0.674374
vn 0.706980 0.190810 -0.681007
vn 0.709326 0.227913 -0.667018
vn 0.706195 0.247219 -0.663454
vn 0.709860 0.226785 -0.666834
vn 0.704368 0.228551 -0.672035
vn 0.704878 0.229346 -0.671228
vn 0.707910 0.246624 -0.661846
vn 0.706982 0.227713 -0.669570
vn 0.706980 0.227716 -0.669571
vn 0.709888 0.262849 -0.653429
vn 0.709269 0.264175 -0.653567
vn 0.706199 0.283234 -0.648893
vn 0.704343 0.264919 -0.658574
vn 0.706980 0.263939 -0.656137
vn 0.706980 0.263939 -0.656137
vn 0.704936 0.265796 -0.657585
vn 0.707907 0.282553 -0.647326
vn 0.709211 0.299649 -0.638146
vn 0.706203 0.318393 -0.632379
vn 0.709916 0.298129 -0.638075
vn 0.704318 0.300499 -0.643146
vn 0.706981 0.299376 -0.640744
vn 0.704989 0.301438 -0.641969
vn 0.707901 0.317633 -0.630861
vn 0.706980 0.299377 -0.640744
vn 0.709155 0.334227 -0.620799
vn 0.706208 0.352598 -0.613959
vn 0.709943 0.332515 -0.620817
vn 0.706980 0.333920 -0.623440
vn 0.706981 0.333918 -0.623440
vn 0.704292 0.335183 -0.625800
vn 0.705048 0.336174 -0.624415
vn 0.707898 0.351755 -0.612493
vn 0.709969 0.365908 -0.601711
vn 0.709099 0.367800 -0.601582
vn 0.706213 0.385738 -0.593691
vn 0.705102 0.369887 -0.604992
vn 0.707893 0.384824 -0.592282
vn 0.706980 0.367468 -0.604274
vn 0.706981 0.367466 -0.604274
vn 0.704268 0.368871 -0.606581
vn 0.709045 0.400273 -0.580549
vn 0.706219 0.417720 -0.571633
vn 0.709995 0.398207 -0.580809
vn 0.706980 0.399918 -0.583305
vn 0.704245 0.401457 -0.585552
vn 0.705157 0.402481 -0.583749
vn 0.707888 0.416731 -0.570289
vn 0.706981 0.399917 -0.583305
vn 0.710019 0.429315 -0.558177
vn 0.708991 0.431543 -0.557766
vn 0.706226 0.448439 -0.547857
vn 0.704222 0.432849 -0.562773
vn 0.706979 0.431175 -0.560596
vn 0.705209 0.433859 -0.560755
vn 0.707881 0.447388 -0.546578
vn 0.706980 0.431174 -0.560596
vn 0.708937 0.461522 -0.533298
vn 0.706233 0.477806 -0.522433
vn 0.710044 0.459140 -0.533880
vn 0.704199 0.462951 -0.538311
vn 0.706979 0.461146 -0.536213
vn 0.706980 0.461146 -0.536213
vn 0.705261 0.463927 -0.536077
vn 0.707874 0.476703 -0.521219
vn 0.708882 0.490117 -0.507220
vn 0.706240 0.505735 -0.495436
vn 0.710069 0.487591 -0.507993
vn 0.704178 0.491671 -0.512243
vn 0.706980 0.489739 -0.510231
vn 0.705313 0.492593 -0.509789
vn 0.707867 0.504576 -0.494294
vn 0.706980 0.489738 -0.510231
vn 0.708830 0.517236 -0.479611
vn 0.706249 0.532142 -0.466944
vn 0.710093 0.514588 -0.480591
vn 0.706981 0.516871 -0.482723
vn 0.704156 0.518928 -0.484642
vn 0.705365 0.519777 -0.481967
vn 0.706980 0.516873 -0.482723
vn 0.707859 0.530931 -0.465885
vn 0.710116 0.540046 -0.451758
vn 0.708777 0.542804 -0.450554
vn 0.706257 0.556946 -0.437049
vn 0.706980 0.542461 -0.453778
vn 0.704134 0.544634 -0.455597
vn 0.706981 0.542460 -0.453779
vn 0.705418 0.545390 -0.452698
vn 0.707851 0.555690 -0.436068
vn 0.710138 0.563893 -0.421579
vn 0.706980 0.566433 -0.423477
vn 0.708724 0.566742 -0.420135
vn 0.706266 0.580068 -0.405843
vn 0.706980 0.566433 -0.423477
vn 0.705468 0.569358 -0.422075
vn 0.707842 0.578780 -0.404935
vn 0.704114 0.568718 -0.425186
vn 0.708673 0.588976 -0.388446
vn 0.706276 0.601448 -0.373409
vn 0.710160 0.586055 -0.390144
vn 0.706980 0.588713 -0.391913
vn 0.706980 0.588713 -0.391913
vn 0.704095 0.591104 -0.393505
vn 0.705519 0.591608 -0.390183
vn 0.707834 0.600124 -0.372590
vn 0.708622 0.609439 -0.355583
vn 0.706286 0.621015 -0.339854
vn 0.710182 0.606468 -0.357546
vn 0.704074 0.611728 -0.360649
vn 0.706980 0.609236 -0.359179
vn 0.705568 0.612075 -0.357124
vn 0.707823 0.619666 -0.339118
vn 0.706979 0.609238 -0.359179
vn 0.710202 0.625069 -0.323885
vn 0.708572 0.628067 -0.321648
vn 0.706297 0.638710 -0.305276
vn 0.704055 0.630528 -0.326713
vn 0.706979 0.627943 -0.325374
vn 0.705618 0.630698 -0.322990
vn 0.707814 0.637343 -0.304622
vn 0.706980 0.627943 -0.325374
vn 0.708522 0.644809 -0.286736
vn 0.706308 0.654482 -0.269780
vn 0.710222 0.641805 -0.289259
vn 0.706981 0.644773 -0.290597
vn 0.706980 0.644774 -0.290596
vn 0.705666 0.647419 -0.287896
vn 0.707802 0.653101 -0.269213
vn 0.704037 0.647444 -0.291799
vn 0.708473 0.659612 -0.250955
vn 0.706321 0.668282 -0.233474
vn 0.710242 0.656625 -0.253770
vn 0.706980 0.659681 -0.254951
vn 0.706981 0.659680 -0.254952
vn 0.704018 0.662430 -0.256015
vn 0.705715 0.662190 -0.251933
vn 0.707791 0.666893 -0.232991
vn 0.710262 0.669485 -0.217529
vn 0.708424 0.672430 -0.214414
vn 0.706333 0.680070 -0.196465
vn 0.706980 0.672619 -0.218547
vn 0.706980 0.672619 -0.218547
vn 0.704001 0.675439 -0.219464
vn 0.705763 0.674966 -0.215221
vn 0.707780 0.678680 -0.196066
vn 0.710280 0.680346 -0.180639
vn 0.708376 0.683224 -0.177223
vn 0.706346 0.689809 -0.158867
vn 0.706980 0.683550 -0.181490
vn 0.705810 0.685709 -0.177865
vn 0.706980 0.683550 -0.181490
vn 0.707767 0.688424 -0.158550
vn 0.703984 0.686432 -0.182255
vn 0.710299 0.689178 -0.143213
vn 0.708326 0.691966 -0.139490
vn 0.706358 0.697472 -0.120792
vn 0.703968 0.695377 -0.144501
vn 0.706980 0.692441 -0.143891
vn 0.705857 0.694387 -0.139978
vn 0.707755 0.696096 -0.120554
vn 0.706980 0.692441 -0.143891
vn 0.710315 0.695954 -0.105361
vn 0.708280 0.698620 -0.101338
vn 0.706373 0.703033 -0.082354
vn 0.703952 0.702246 -0.106314
vn 0.706980 0.699266 -0.105863
vn 0.706980 0.699266 -0.105863
vn 0.705903 0.700973 -0.101675
vn 0.707742 0.701674 -0.082195
vn 0.710333 0.700651 -0.067198
vn 0.708233 0.703174 -0.062871
vn 0.706387 0.706477 -0.043668
vn 0.705947 0.705450 -0.063075
vn 0.707727 0.705140 -0.043585
vn 0.706980 0.704004 -0.067518
vn 0.706981 0.704002 -0.067519
vn 0.703937 0.707019 -0.067807
vn 0.710349 0.703259 -0.028834
vn 0.708186 0.705611 -0.024210
vn 0.706402 0.707794 -0.004854
vn 0.705992 0.707803 -0.024287
vn 0.707712 0.706484 -0.004846
vn 0.703922 0.709681 -0.029097
vn 0.706981 0.706639 -0.028973
vn 0.706981 0.706639 -0.028972
vn 0.710364 0.703768 0.009614
vn 0.708140 0.705922 0.014528
vn 0.706418 0.706979 0.033973
vn 0.706036 0.708026 0.014571
vn 0.707697 0.705702 0.033911
vn 0.703906 0.710226 0.009702
vn 0.706981 0.707167 0.009660
vn 0.706980 0.707167 0.009661
vn 0.710380 0.702178 0.048030
vn 0.708095 0.704109 0.053229
vn 0.706434 0.704036 0.072696
vn 0.706080 0.706117 0.053379
vn 0.707682 0.702795 0.072567
vn 0.703892 0.708651 0.048473
vn 0.706980 0.705585 0.048263
vn 0.706980 0.705585 0.048263
vn 0.710394 0.698493 0.086302
vn 0.708050 0.700174 0.091771
vn 0.706450 0.698973 0.111198
vn 0.706124 0.702083 0.092024
vn 0.707666 0.697773 0.111006
vn 0.703878 0.704960 0.087101
vn 0.706980 0.701896 0.086723
vn 0.706981 0.701896 0.086722
vn 0.710409 0.692723 0.124315
vn 0.708005 0.694130 0.130047
vn 0.706467 0.691805 0.149363
vn 0.706168 0.695936 0.130385
vn 0.707650 0.690649 0.149115
vn 0.703865 0.699164 0.125471
vn 0.706981 0.696112 0.124923
vn 0.706981 0.696113 0.124923
vn 0.710423 0.684887 0.161956
vn 0.707962 0.685995 0.167932
vn 0.706485 0.682554 0.187078
vn 0.706210 0.687696 0.168347
vn 0.707633 0.681447 0.186774
vn 0.703854 0.691280 0.163467
vn 0.706980 0.688252 0.162750
vn 0.706980 0.688253 0.162752
vn 0.710436 0.675008 0.199111
vn 0.707919 0.675793 0.205314
vn 0.706504 0.671248 0.224229
vn 0.706980 0.678338 0.200093
vn 0.706252 0.677389 0.205800
vn 0.707615 0.670194 0.223877
vn 0.703842 0.681333 0.200977
vn 0.706980 0.678338 0.200093
vn 0.710448 0.663116 0.235671
vn 0.707875 0.663556 0.242088
vn 0.706522 0.657923 0.260699
vn 0.706980 0.666398 0.236838
vn 0.706980 0.666398 0.236838
vn 0.706293 0.665043 0.242628
vn 0.707597 0.656923 0.260302
vn 0.703831 0.669352 0.237888
vn 0.710460 0.649245 0.271528
vn 0.707834 0.649318 0.278133
vn 0.706541 0.642617 0.296383
vn 0.706333 0.650697 0.278724
vn 0.707578 0.641674 0.295951
vn 0.706981 0.652470 0.272876
vn 0.706980 0.652470 0.272877
vn 0.703818 0.655373 0.274091
vn 0.710472 0.633438 0.306571
vn 0.707793 0.633122 0.313346
vn 0.706562 0.625375 0.331174
vn 0.706374 0.634394 0.313976
vn 0.707559 0.624494 0.330707
vn 0.706981 0.636595 0.308099
vn 0.703808 0.639437 0.309476
vn 0.706980 0.636595 0.308100
vn 0.710483 0.615740 0.340701
vn 0.707751 0.615018 0.347622
vn 0.706582 0.606254 0.364963
vn 0.706981 0.618820 0.342403
vn 0.706414 0.616183 0.348279
vn 0.707540 0.605431 0.364471
vn 0.703798 0.621592 0.343936
vn 0.706980 0.618820 0.342405
vn 0.710494 0.596208 0.373810
vn 0.707711 0.595061 0.380851
vn 0.706603 0.585304 0.397658
vn 0.706453 0.596121 0.381529
vn 0.707520 0.584547 0.397141
vn 0.706981 0.599199 0.375685
vn 0.706980 0.599199 0.375687
vn 0.703789 0.601889 0.377374
vn 0.710503 0.574897 0.405807
vn 0.706981 0.577787 0.407848
vn 0.707671 0.573309 0.412938
vn 0.706625 0.562596 0.429146
vn 0.706492 0.574267 0.413627
vn 0.707499 0.561901 0.428616
vn 0.706980 0.577789 0.407847
vn 0.703780 0.580391 0.409684
vn 0.710513 0.551870 0.436589
vn 0.706980 0.554654 0.438792
vn 0.707631 0.549827 0.443788
vn 0.706647 0.538197 0.459342
vn 0.706531 0.550684 0.444479
vn 0.707479 0.537562 0.458803
vn 0.703771 0.557159 0.440773
vn 0.706979 0.554655 0.438792
vn 0.707592 0.524688 0.473304
vn 0.706669 0.512176 0.488155
vn 0.706980 0.529865 0.468426
vn 0.710522 0.527199 0.466069
vn 0.706568 0.525450 0.473988
vn 0.707457 0.511604 0.487612
vn 0.703763 0.532263 0.470546
vn 0.706980 0.529864 0.468426
vn 0.707555 0.497967 0.501393
vn 0.706693 0.484614 0.515495
vn 0.710530 0.500954 0.494159
vn 0.703756 0.505777 0.498916
vn 0.706980 0.503493 0.496663
vn 0.706605 0.498636 0.502068
vn 0.707435 0.484106 0.514954
vn 0.706980 0.503493 0.496663
vn 0.707516 0.469742 0.527981
vn 0.706715 0.455597 0.541281
vn 0.710538 0.473217 0.520771
vn 0.703748 0.477783 0.525797
vn 0.706980 0.475620 0.523416
vn 0.706642 0.470323 0.528633
vn 0.707412 0.455147 0.540748
vn 0.706980 0.475620 0.523417
vn 0.707478 0.440100 0.552980
vn 0.706739 0.425209 0.565435
vn 0.710544 0.444067 0.545831
vn 0.703742 0.448360 0.551108
vn 0.706980 0.446326 0.548609
vn 0.706677 0.440600 0.553605
vn 0.707389 0.424817 0.564917
vn 0.706980 0.446326 0.548609
vn 0.707442 0.409130 0.576315
vn 0.706765 0.393541 0.587885
vn 0.710551 0.413592 0.569262
vn 0.706980 0.415701 0.572164
vn 0.706980 0.415701 0.572164
vn 0.703736 0.417599 0.574775
vn 0.706713 0.409552 0.576909
vn 0.707365 0.393207 0.587386
vn 0.707405 0.376923 0.597919
vn 0.706790 0.360693 0.608563
vn 0.710557 0.381885 0.590993
vn 0.706980 0.383836 0.594012
vn 0.706980 0.383836 0.594011
vn 0.703731 0.385591 0.596727
vn 0.706748 0.377275 0.598473
vn 0.707341 0.360410 0.608090
vn 0.707370 0.343580 0.617722
vn 0.706816 0.326759 0.627407
vn 0.710563 0.349039 0.610960
vn 0.706980 0.350824 0.614086
vn 0.706980 0.350824 0.614086
vn 0.703726 0.352431 0.616898
vn 0.706783 0.343865 0.618235
vn 0.707316 0.326528 0.626963
vn 0.710568 0.315152 0.629105
vn 0.707334 0.309197 0.635669
vn 0.706842 0.291845 0.644361
vn 0.706980 0.316766 0.632328
vn 0.706980 0.316767 0.632328
vn 0.706817 0.309424 0.636134
vn 0.703721 0.318219 0.635227
vn 0.707291 0.291659 0.643952
vn 0.710572 0.280325 0.645372
vn 0.707299 0.273880 0.651704
vn 0.706868 0.256055 0.659374
vn 0.706980 0.281763 0.648683
vn 0.706851 0.274054 0.652117
vn 0.707266 0.255911 0.659003
vn 0.703717 0.283056 0.651661
vn 0.706980 0.281763 0.648682
vn 0.707265 0.237736 0.665776
vn 0.706896 0.219496 0.672398
vn 0.710575 0.244662 0.659715
vn 0.706980 0.245918 0.663101
vn 0.706884 0.237864 0.666135
vn 0.707239 0.219389 0.672072
vn 0.706980 0.245918 0.663101
vn 0.703713 0.247048 0.666149
vn 0.707231 0.200871 0.677846
vn 0.706924 0.182279 0.683399
vn 0.710579 0.208270 0.672087
vn 0.706980 0.209340 0.675541
vn 0.706916 0.200962 0.678148
vn 0.707212 0.182204 0.683120
vn 0.706980 0.209340 0.675541
vn 0.703710 0.210303 0.678649
vn 0.707198 0.163399 0.687875
vn 0.706952 0.144515 0.692340
vn 0.710581 0.171256 0.682455
vn 0.706948 0.163456 0.688118
vn 0.707185 0.144468 0.692111
vn 0.706980 0.172137 0.685965
vn 0.703708 0.172929 0.689123
vn 0.706980 0.172137 0.685965
vn 0.707166 0.125430 0.695833
vn 0.706981 0.106321 0.699195
vn 0.710584 0.133731 0.690787
vn 0.706980 0.134419 0.694342
vn 0.706980 0.125464 0.696016
vn 0.707157 0.106294 0.699021
vn 0.703706 0.135039 0.697540
vn 0.706980 0.134420 0.694342
vn 0.707134 0.087082 0.701697
vn 0.707011 0.067808 0.703945
vn 0.710585 0.095808 0.697058
vn 0.706980 0.096301 0.700646
vn 0.707010 0.087096 0.701819
vn 0.707129 0.067798 0.703827
vn 0.703704 0.096745 0.703875
vn 0.706980 0.096301 0.700646
vn 0.707102 0.048465 0.705449
vn 0.707040 0.029097 0.706575
vn 0.710587 0.019219 0.703347
vn 0.710586 0.057600 0.701248
vn 0.706980 0.057897 0.704860
vn 0.706980 0.019318 0.706969
vn 0.707041 0.048469 0.705510
vn 0.707100 0.029094 0.706515
vn 0.703703 0.019407 0.710230
vn 0.703703 0.058163 0.708110
vn 0.706980 0.019318 0.706969
vn 0.706980 0.057896 0.704859
vn 0.707070 0.009700 0.707077
vn 0.707071 0.009700 0.707076
vn 0.707040 -0.029097 0.706575
vn 0.707102 -0.048465 0.705449
vn 0.710587 -0.019219 0.703347
vn 0.706980 -0.019318 0.706969
vn 0.707100 -0.029094 0.706515
vn 0.707041 -0.048469 0.705510
vn 0.706980 -0.019318 0.706969
vn 0.703703 -0.019407 0.710230
vn 0.707011 -0.067808 0.703945
vn 0.707134 -0.087082 0.701697
vn 0.710586 -0.057600 0.701248
vn 0.703703 -0.058163 0.708110
vn 0.706980 -0.057896 0.704859
vn 0.707129 -0.067798 0.703827
vn 0.707010 -0.087096 0.701819
vn 0.706980 -0.057897 0.704860
vn 0.706981 -0.106321 0.699195
vn 0.707166 -0.125430 0.695833
vn 0.710585 -0.095808 0.697058
vn 0.706980 -0.096301 0.700646
vn 0.706980 -0.096301 0.700646
vn 0.707157 -0.106294 0.699021
vn 0.706980 -0.125464 0.696016
vn 0.703704 -0.096745 0.703875
vn 0.706952 -0.144516 0.692340
vn 0.707198 -0.163399 0.687875
vn 0.710584 -0.133731 0.690787
vn 0.706980 -0.134419 0.694342
vn 0.707185 -0.144468 0.692111
vn 0.706948 -0.163456 0.688118
vn 0.706980 -0.134420 0.694342
vn 0.703706 -0.135039 0.697540
vn 0.706923 -0.182279 0.683398
vn 0.707231 -0.200871 0.677846
vn 0.710581 -0.171256 0.682455
vn 0.706980 -0.172137 0.685965
vn 0.707212 -0.182204 0.683120
vn 0.706916 -0.200962 0.678148
vn 0.703708 -0.172929 0.689123
vn 0.706980 -0.172137 0.685965
vn 0.710579 -0.208269 0.672087
vn 0.706896 -0.219496 0.672398
vn 0.707265 -0.237736 0.665776
vn 0.703710 -0.210303 0.678649
vn 0.706980 -0.209340 0.675541
vn 0.707239 -0.219389 0.672072
vn 0.706884 -0.237864 0.666135
vn 0.706980 -0.209340 0.675541
vn 0.706868 -0.256055 0.659374
vn 0.707299 -0.273880 0.651704
vn 0.710575 -0.244662 0.659715
vn 0.703713 -0.247048 0.666149
vn 0.706980 -0.245918 0.663101
vn 0.707266 -0.255911 0.659003
vn 0.706851 -0.274054 0.652117
vn 0.706980 -0.245918 0.663101
vn 0.706842 -0.291845 0.644361
vn 0.707334 -0.309197 0.635669
vn 0.710572 -0.280325 0.645372
vn 0.703717 -0.283056 0.651661
vn 0.706980 -0.281763 0.648682
vn 0.707291 -0.291659 0.643952
vn 0.706817 -0.309424 0.636134
vn 0.706980 -0.281763 0.648682
vn 0.706816 -0.326759 0.627407
vn 0.707370 -0.343580 0.617722
vn 0.710568 -0.315152 0.629105
vn 0.707107 -0.707107 0.000000
vn 0.707107 -0.707107 0.000000
vn 0.707107 -0.353553 0.612372
vn 0.707107 -0.353553 0.612372
vn 0.707107 -0.353553 -0.612372
vn 0.707107 -0.353553 -0.612372
vn 0.707107 0.353553 0.612372
vn 0.707107 0.353553 0.612372
vn 0.707107 0.353553 -0.612372
vn 0.707107 0.353553 -0.612372
vn 0.707107 0.707107 -0.000000
vn 0.707107 0.707107 0.000000
vn 0.707107 -0.500000 -0.500000
vn 0.707106 -0.500000 -0.500000
vn 0.707107 -0.683013 0.183013
vn 0.707107 -0.683013 0.183013
vn 0.707107 0.183013 -0.683013
vn 0.707107 0.183013 -0.683012
vn 0.707107 -0.183013 0.683012
vn 0.707107 -0.183013 0.683012
vn 0.707107 0.683013 -0.183013
vn 0.707107 0.683013 -0.183013
vn 0.707106 0.500000 0.500000
vn 0.707107 0.499999 0.500000
vn -0.707107 0.707107 0.000000
vn -0.707107 0.707107 0.000000
vn -0.707107 -0.707107 0.000000
vn -0.707107 -0.707107 0.000000
vn -0.707107 0.572061 -0.415627
vn -0.707107 0.572062 -0.415627
vn -0.707107 -0.572062 -0.415627
vn -0.707107 -0.572061 -0.415627
vn -0.707107 0.218508 -0.672499
vn -0.707107 0.218508 -0.672499
vn -0.707107 -0.218508 -0.672499
vn -0.707107 -0.218508 -0.672499
vn -0.707107 0.500000 0.500000
vn -0.707107 0.500000 0.500000
vn -0.707107 0.683013 -0.183013
vn -0.707107 0.683013 -0.183013
vn -0.707107 -0.183013 0.683013
vn -0.707107 -0.183013 0.683013
vn -0.707107 0.183013 -0.683013
vn -0.707107 0.183013 -0.683013
vn -0.707107 -0.683013 0.183013
vn -0.707107 -0.683013 0.183013
vn -0.707107 -0.500000 -0.500000
vn -0.707107 -0.500000 -0.500000
vn -0.707107 0.707107 0.000000
vn -0.707107 0.707107 0.000000
vn -0.707107 0.353553 -0.612372
vn -0.707107 0.353553 -0.612372
vn -0.707107 0.353553 0.612372
vn -0.707107 0.353553 0.612373
vn -0.707107 -0.353553 -0.612372
vn -0.707107 -0.353553 -0.612372
vn -0.707107 -0.353553 0.612373
vn -0.707107 -0.353553 0.612372
vn -0.707107 -0.707107 0.000000
vn -0.707107 -0.707107 0.000000
vn -0.707106 0.500000 -0.500000
vn -0.707107 0.500000 -0.500000
vn -0.707107 -0.183013 -0.683012
vn -0.707107 -0.183013 -0.683013
vn -0.707107 0.683013 0.183013
vn -0.707107 0.683013 0.183013
vn -0.707107 -0.683013 -0.183013
vn -0.707107 -0.683012 -0.183013
vn -0.707107 0.183013 0.683012
vn -0.707107 0.183013 0.683012
vn -0.707107 -0.500000 0.500000
vn -0.707106 -0.500000 0.500001
vn -0.707107 -0.000000 -0.707107
vn -0.707107 -0.000000 -0.707107
vn -0.707107 -0.612372 -0.353553
vn -0.707107 -0.612372 -0.353553
vn -0.707107 0.612372 -0.353553
vn -0.707107 0.612372 -0.353553
vn -0.707107 -0.612372 0.353553
vn -0.707107 -0.612372 0.353553
vn -0.707107 0.612372 0.353553
vn -0.707107 0.612372 0.353553
vn -0.707107 0.000000 0.707107
vn -0.707107 0.000000 0.707107
vn -0.707107 0.000000 0.707107
vn -0.707107 0.000000 0.707107
vn -0.707107 0.612372 0.353553
vn -0.707107 0.612372 0.353553
vn -0.707107 -0.612372 0.353553
vn -0.707107 -0.612372 0.353553
vn -0.707107 0.612373 -0.353553
vn -0.707107 0.612372 -0.353553
vn -0.707107 -0.612372 -0.353553
vn -0.707107 -0.612372 -0.353553
vn -0.707107 -0.000000 -0.707107
vn -0.707107 -0.000000 -0.707107
vn -0.707107 -0.500000 0.500000
vn -0.707107 -0.500000 0.500000
vn -0.707107 0.183013 0.683013
vn -0.707107 0.183013 0.683013
vn -0.707107 -0.683013 -0.183013
vn -0.707107 -0.683013 -0.183013
vn -0.707107 0.683013 0.183013
vn -0.707107 0.683013 0.183013
vn -0.707107 -0.183013 -0.683013
vn -0.707107 -0.183013 -0.683013
vn -0.707107 0.500000 -0.500000
vn -0.707107 0.500000 -0.500000
vn -0.706980 -0.316766 0.632328
vn -0.707316 -0.326528 0.626963
vn -0.706783 -0.343866 0.618235
vn -0.706980 -0.316767 0.632328
vn -0.703721 -0.318219 0.635227
vn -0.706790 -0.360693 0.608563
vn -0.707405 -0.376924 0.597918
vn -0.710563 -0.349039 0.610960
vn -0.706980 -0.350824 0.614086
vn -0.703726 -0.352431 0.616898
vn -0.707341 -0.360410 0.608090
vn -0.706748 -0.377275 0.598473
vn -0.706980 -0.350824 0.614086
vn -0.706765 -0.393541 0.587885
vn -0.707442 -0.409130 0.576315
vn -0.707070 -0.009700 0.707077
vn -0.706980 -0.383836 0.594011
vn -0.710557 -0.381885 0.590993
vn -0.703731 -0.385591 0.596727
vn -0.707366 -0.393207 0.587386
vn -0.706714 -0.409551 0.576909
vn -0.706980 -0.383836 0.594011
vn -0.706739 -0.425209 0.565435
vn -0.707478 -0.440100 0.552980
vn -0.710551 -0.413593 0.569261
vn -0.703736 -0.417599 0.574775
vn -0.706980 -0.415702 0.572164
vn -0.706980 -0.415701 0.572164
vn -0.707389 -0.424817 0.564917
vn -0.706677 -0.440600 0.553605
vn -0.707071 -0.009700 0.707076
vn -0.706716 -0.455596 0.541281
vn -0.707516 -0.469743 0.527980
vn -0.710544 -0.444066 0.545831
vn -0.706980 -0.446326 0.548609
vn -0.707412 -0.455147 0.540748
vn -0.706642 -0.470323 0.528633
vn -0.706980 -0.446326 0.548609
vn -0.703742 -0.448360 0.551109
vn -0.710537 -0.473216 0.520772
vn -0.706692 -0.484614 0.515495
vn -0.707554 -0.497967 0.501394
vn -0.706980 -0.475620 0.523417
vn -0.706980 -0.475620 0.523416
vn -0.707435 -0.484106 0.514954
vn -0.706605 -0.498636 0.502068
vn -0.703748 -0.477783 0.525797
vn -0.710530 -0.500954 0.494158
vn -0.706669 -0.512175 0.488155
vn -0.707592 -0.524689 0.473302
vn -0.706980 -0.503493 0.496662
vn -0.703755 -0.505778 0.498916
vn -0.706980 -0.503493 0.496662
vn -0.707457 -0.511605 0.487612
vn -0.706568 -0.525450 0.473988
vn -0.706647 -0.538195 0.459343
vn -0.707631 -0.549829 0.443786
vn -0.710521 -0.527199 0.466070
vn -0.706980 -0.529864 0.468426
vn -0.703763 -0.532262 0.470547
vn -0.706980 -0.529864 0.468426
vn -0.707479 -0.537563 0.458803
vn -0.706531 -0.550684 0.444479
vn -0.706624 -0.562597 0.429146
vn -0.707671 -0.573309 0.412939
vn -0.710513 -0.551871 0.436589
vn -0.706980 -0.554654 0.438791
vn -0.703771 -0.557159 0.440772
vn -0.706980 -0.554654 0.438791
vn -0.707499 -0.561902 0.428615
vn -0.706492 -0.574266 0.413628
vn -0.710503 -0.574897 0.405807
vn -0.706603 -0.585304 0.397657
vn -0.707711 -0.595061 0.380851
vn -0.706980 -0.577788 0.407848
vn -0.706981 -0.577788 0.407847
vn -0.707520 -0.584547 0.397140
vn -0.706453 -0.596120 0.381530
vn -0.703779 -0.580390 0.409685
vn -0.710493 -0.596208 0.373811
vn -0.706582 -0.606252 0.364965
vn -0.707751 -0.615019 0.347620
vn -0.706981 -0.599198 0.375686
vn -0.703788 -0.601890 0.377374
vn -0.707540 -0.605432 0.364472
vn -0.706414 -0.616183 0.348279
vn -0.706980 -0.599198 0.375686
vn -0.706561 -0.625376 0.331175
vn -0.707792 -0.633122 0.313348
vn -0.710483 -0.615741 0.340701
vn -0.706980 -0.618820 0.342404
vn -0.703798 -0.621591 0.343938
vn -0.706981 -0.618820 0.342404
vn -0.707560 -0.624494 0.330706
vn -0.706374 -0.634393 0.313976
vn -0.706542 -0.642616 0.296384
vn -0.707834 -0.649317 0.278133
vn -0.710472 -0.633438 0.306571
vn -0.706981 -0.636595 0.308100
vn -0.706980 -0.636596 0.308100
vn -0.703808 -0.639436 0.309475
vn -0.707579 -0.641674 0.295950
vn -0.706334 -0.650696 0.278724
vn -0.710461 -0.649245 0.271527
vn -0.706523 -0.657923 0.260698
vn -0.707876 -0.663555 0.242088
vn -0.706980 -0.652471 0.272876
vn -0.703819 -0.655373 0.274090
vn -0.706980 -0.652471 0.272876
vn -0.707597 -0.656923 0.260304
vn -0.706293 -0.665043 0.242629
vn -0.710449 -0.663115 0.235672
vn -0.706504 -0.671249 0.224227
vn -0.706980 -0.666398 0.236838
vn -0.707919 -0.675793 0.205316
vn -0.703830 -0.669353 0.237888
vn -0.707615 -0.670195 0.223874
vn -0.706252 -0.677388 0.205801
vn -0.706981 -0.666398 0.236838
vn -0.710436 -0.675008 0.199111
vn -0.706485 -0.682554 0.187078
vn -0.707962 -0.685995 0.167931
vn -0.706981 -0.678337 0.200093
vn -0.703841 -0.681334 0.200977
vn -0.706981 -0.678337 0.200093
vn -0.707633 -0.681448 0.186775
vn -0.706209 -0.687697 0.168348
vn -0.706467 -0.691805 0.149365
vn -0.708006 -0.694130 0.130045
vn -0.710422 -0.684887 0.161955
vn -0.706981 -0.688252 0.162751
vn -0.706981 -0.688252 0.162751
vn -0.707650 -0.690650 0.149114
vn -0.706168 -0.695936 0.130385
vn -0.703853 -0.691281 0.163467
vn -0.706451 -0.698972 0.111198
vn -0.708050 -0.700173 0.091772
vn -0.706981 -0.696113 0.124923
vn -0.710409 -0.692723 0.124314
vn -0.703865 -0.699164 0.125471
vn -0.706980 -0.696113 0.124923
vn -0.707666 -0.697773 0.111006
vn -0.706124 -0.702083 0.092023
vn -0.706980 -0.701896 0.086723
vn -0.706434 -0.704036 0.072696
vn -0.708095 -0.704108 0.053227
vn -0.710395 -0.698492 0.086302
vn -0.703879 -0.704960 0.087101
vn -0.706980 -0.701896 0.086723
vn -0.707682 -0.702794 0.072567
vn -0.706081 -0.706117 0.053379
vn -0.710380 -0.702178 0.048030
vn -0.706418 -0.706979 0.033973
vn -0.708140 -0.705922 0.014529
vn -0.706980 -0.705585 0.048263
vn -0.703893 -0.708651 0.048473
vn -0.707698 -0.705701 0.033911
vn -0.706037 -0.708025 0.014573
vn -0.706980 -0.705585 0.048263
vn -0.710365 -0.703768 0.009614
vn -0.706402 -0.707794 -0.004856
vn -0.708186 -0.705611 -0.024209
vn -0.706980 -0.707168 0.009660
vn -0.706980 -0.707167 0.009660
vn -0.703906 -0.710226 0.009702
vn -0.707713 -0.706484 -0.004847
vn -0.705993 -0.707802 -0.024284
vn -0.710349 -0.703259 -0.028834
vn -0.706387 -0.706477 -0.043670
vn -0.708232 -0.703174 -0.062870
vn -0.706980 -0.706640 -0.028972
vn -0.706980 -0.706640 -0.028973
vn -0.703921 -0.709682 -0.029097
vn -0.707727 -0.705140 -0.043587
vn -0.705947 -0.705450 -0.063074
vn -0.706980 -0.704003 -0.067518
vn -0.710333 -0.700651 -0.067197
vn -0.706373 -0.703033 -0.082354
vn -0.708280 -0.698621 -0.101336
vn -0.706980 -0.704003 -0.067518
vn -0.703936 -0.707019 -0.067808
vn -0.707741 -0.701675 -0.082195
vn -0.705902 -0.700974 -0.101677
vn -0.710316 -0.695953 -0.105361
vn -0.706359 -0.697471 -0.120792
vn -0.708327 -0.691965 -0.139492
vn -0.706980 -0.699266 -0.105862
vn -0.703952 -0.702246 -0.106313
vn -0.706980 -0.699266 -0.105862
vn -0.707755 -0.696096 -0.120554
vn -0.705856 -0.694386 -0.139980
vn -0.706345 -0.689810 -0.158867
vn -0.708375 -0.683226 -0.177222
vn -0.710298 -0.689179 -0.143213
vn -0.706980 -0.692441 -0.143891
vn -0.706980 -0.692441 -0.143891
vn -0.703968 -0.695376 -0.144501
vn -0.707767 -0.688425 -0.158548
vn -0.705809 -0.685709 -0.177867
vn -0.706332 -0.680070 -0.196467
vn -0.708423 -0.672432 -0.214413
vn -0.710280 -0.680347 -0.180639
vn -0.707779 -0.678680 -0.196065
vn -0.705762 -0.674966 -0.215222
vn -0.706980 -0.683550 -0.181490
vn -0.703984 -0.686432 -0.182255
vn -0.706980 -0.683550 -0.181490
vn -0.706320 -0.668282 -0.233475
vn -0.708472 -0.659613 -0.250953
vn -0.710262 -0.669485 -0.217529
vn -0.707791 -0.666893 -0.232991
vn -0.705715 -0.662190 -0.251933
vn -0.706980 -0.672619 -0.218547
vn -0.704001 -0.675439 -0.219464
vn -0.706980 -0.672619 -0.218548
vn -0.710242 -0.656625 -0.253770
vn -0.706308 -0.654482 -0.269781
vn -0.708522 -0.644810 -0.286736
vn -0.707802 -0.653102 -0.269212
vn -0.705665 -0.647419 -0.287898
vn -0.704018 -0.662430 -0.256015
vn -0.706981 -0.659680 -0.254951
vn -0.706980 -0.659681 -0.254953
vn -0.710222 -0.641805 -0.289259
vn -0.706297 -0.638710 -0.305276
vn -0.708572 -0.628068 -0.321647
vn -0.707813 -0.637343 -0.304621
vn -0.705617 -0.630698 -0.322993
vn -0.706980 -0.644773 -0.290597
vn -0.704037 -0.647444 -0.291800
vn -0.706981 -0.644773 -0.290596
vn -0.710202 -0.625069 -0.323884
vn -0.706286 -0.621014 -0.339855
vn -0.708622 -0.609439 -0.355583
vn -0.706980 -0.627943 -0.325373
vn -0.707824 -0.619665 -0.339117
vn -0.705569 -0.612075 -0.357123
vn -0.704056 -0.630527 -0.326712
vn -0.706979 -0.627943 -0.325373
vn -0.710182 -0.606467 -0.357547
vn -0.706276 -0.601447 -0.373410
vn -0.708673 -0.588976 -0.388446
vn -0.704075 -0.611728 -0.360649
vn -0.706979 -0.609237 -0.359181
vn -0.707833 -0.600125 -0.372589
vn -0.705519 -0.591608 -0.390185
vn -0.706980 -0.609237 -0.359179
vn -0.710160 -0.586055 -0.390144
vn -0.706267 -0.580069 -0.405842
vn -0.708724 -0.566742 -0.420135
vn -0.707842 -0.578780 -0.404935
vn -0.705468 -0.569357 -0.422076
vn -0.704095 -0.591104 -0.393505
vn -0.706980 -0.588713 -0.391913
vn -0.706980 -0.588713 -0.391913
vn -0.710138 -0.563894 -0.421578
vn -0.706257 -0.556946 -0.437049
vn -0.708777 -0.542804 -0.450554
vn -0.706981 -0.566433 -0.423477
vn -0.704114 -0.568718 -0.425187
vn -0.707851 -0.555691 -0.436067
vn -0.705417 -0.545390 -0.452698
vn -0.706980 -0.566432 -0.423478
vn -0.710115 -0.540047 -0.451758
vn -0.706249 -0.532142 -0.466945
vn -0.708829 -0.517237 -0.479611
vn -0.707859 -0.530930 -0.465885
vn -0.705366 -0.519776 -0.481966
vn -0.706981 -0.542461 -0.453778
vn -0.706981 -0.542461 -0.453778
vn -0.704134 -0.544635 -0.455596
vn -0.710093 -0.514587 -0.480591
vn -0.706240 -0.505734 -0.495437
vn -0.708882 -0.490118 -0.507219
vn -0.707867 -0.504577 -0.494294
vn -0.705313 -0.492593 -0.509790
vn -0.706980 -0.516871 -0.482725
vn -0.704156 -0.518927 -0.484643
vn -0.706981 -0.516871 -0.482724
vn -0.710069 -0.487591 -0.507993
vn -0.706233 -0.477806 -0.522433
vn -0.708937 -0.461522 -0.533298
vn -0.704178 -0.491671 -0.512243
vn -0.707874 -0.476702 -0.521219
vn -0.705261 -0.463928 -0.536077
vn -0.706980 -0.489739 -0.510231
vn -0.706980 -0.489739 -0.510230
vn -0.710044 -0.459140 -0.533880
vn -0.706226 -0.448440 -0.547857
vn -0.708991 -0.431543 -0.557766
vn -0.704199 -0.462951 -0.538312
vn -0.707881 -0.447388 -0.546578
vn -0.705209 -0.433859 -0.560755
vn -0.706980 -0.461146 -0.536212
vn -0.706980 -0.461146 -0.536213
vn -0.710019 -0.429315 -0.558177
vn -0.706219 -0.417720 -0.571633
vn -0.709045 -0.400273 -0.580549
vn -0.707888 -0.416732 -0.570289
vn -0.705157 -0.402481 -0.583749
vn -0.706980 -0.431175 -0.560596
vn -0.706980 -0.431175 -0.560595
vn -0.704222 -0.432849 -0.562772
vn -0.709995 -0.398207 -0.580809
vn -0.706213 -0.385738 -0.593691
vn -0.709099 -0.367800 -0.601582
vn -0.706981 -0.399918 -0.583304
vn -0.707893 -0.384824 -0.592282
vn -0.706980 -0.399917 -0.583305
vn -0.705102 -0.369887 -0.604992
vn -0.704245 -0.401457 -0.585552
vn -0.709969 -0.365907 -0.601711
vn -0.706208 -0.352598 -0.613959
vn -0.709155 -0.334227 -0.620799
vn -0.707898 -0.351755 -0.612493
vn -0.705048 -0.336174 -0.624415
vn -0.706981 -0.367467 -0.604273
vn -0.706980 -0.367466 -0.604275
vn -0.704268 -0.368871 -0.606581
vn -0.706204 -0.318393 -0.632378
vn -0.709211 -0.299649 -0.638146
vn -0.709944 -0.332515 -0.620817
vn -0.707901 -0.317633 -0.630860
vn -0.704990 -0.301438 -0.641969
vn -0.704292 -0.335183 -0.625800
vn -0.706980 -0.333919 -0.623440
vn -0.706980 -0.333919 -0.623439
vn -0.706199 -0.283234 -0.648893
vn -0.709268 -0.264175 -0.653567
vn -0.709916 -0.298129 -0.638074
vn -0.706980 -0.299377 -0.640743
vn -0.707907 -0.282553 -0.647326
vn -0.704936 -0.265797 -0.657585
vn -0.704318 -0.300499 -0.643146
vn -0.706980 -0.299376 -0.640745
vn -0.706195 -0.247219 -0.663454
vn -0.709326 -0.227913 -0.667018
vn -0.709888 -0.262849 -0.653429
vn -0.706980 -0.263939 -0.656137
vn -0.707910 -0.246624 -0.661846
vn -0.704878 -0.229346 -0.671228
vn -0.706980 -0.263939 -0.656137
vn -0.704343 -0.264919 -0.658574
vn -0.706191 -0.210460 -0.676018
vn -0.709383 -0.190970 -0.678459
vn -0.709860 -0.226785 -0.666834
vn -0.706982 -0.227715 -0.669569
vn -0.706980 -0.227713 -0.669572
vn -0.707913 -0.209948 -0.674374
vn -0.704824 -0.192208 -0.682846
vn -0.704368 -0.228551 -0.672035
vn -0.706190 -0.173064 -0.686546
vn -0.709442 -0.153458 -0.687854
vn -0.709832 -0.190036 -0.678251
vn -0.706982 -0.190808 -0.681006
vn -0.707915 -0.172643 -0.684872
vn -0.704765 -0.154471 -0.692420
vn -0.706980 -0.190810 -0.681007
vn -0.704393 -0.191505 -0.683488
vn -0.709803 -0.152720 -0.687645
vn -0.706188 -0.135148 -0.695006
vn -0.709501 -0.115488 -0.695177
vn -0.704421 -0.153887 -0.692900
vn -0.707918 -0.134823 -0.693307
vn -0.704708 -0.116276 -0.699905
vn -0.706980 -0.153335 -0.690411
vn -0.706980 -0.153335 -0.690411
vn -0.706185 -0.096831 -0.701374
vn -0.709561 -0.077179 -0.700405
vn -0.709772 -0.114948 -0.694990
vn -0.706980 -0.115405 -0.697754
vn -0.707919 -0.096590 -0.699657
vn -0.704649 -0.077714 -0.705287
vn -0.704447 -0.115816 -0.700244
vn -0.706980 -0.115405 -0.697754
vn -0.706185 -0.058214 -0.705630
vn -0.709622 -0.038642 -0.703523
vn -0.709743 -0.076824 -0.700259
vn -0.704476 -0.077399 -0.705495
vn -0.706980 -0.077127 -0.703015
vn -0.707920 -0.058076 -0.703900
vn -0.704589 -0.038918 -0.708547
vn -0.706980 -0.077127 -0.703015
vn -0.706185 -0.019426 -0.707761
vn -0.709682 -0.000000 -0.704522
vn -0.709712 -0.038471 -0.703440
vn -0.704503 -0.038756 -0.708642
vn -0.706979 -0.038621 -0.706179
vn -0.707921 -0.019377 -0.706026
vn -0.706980 -0.038622 -0.706178
vn -0.706185 0.019426 -0.707761
vn -0.709682 -0.000000 -0.704522
vn -0.704532 0.000000 -0.709673
vn -0.706979 -0.000000 -0.707234
vn -0.706979 -0.000000 -0.707234
vn -0.704532 0.000000 -0.709673
vn -0.707921 0.019377 -0.706026
vn -0.709622 0.038642 -0.703523
vn -0.706185 0.058214 -0.705630
vn -0.709712 0.038471 -0.703440
vn -0.706979 0.038622 -0.706179
vn -0.704589 0.038918 -0.708547
vn -0.707920 0.058076 -0.703900
vn -0.704503 0.038756 -0.708642
vn -0.706980 0.038621 -0.706178
vn -0.709561 0.077179 -0.700405
vn -0.706185 0.096831 -0.701374
vn -0.709743 0.076824 -0.700259
vn -0.704649 0.077714 -0.705287
vn -0.707919 0.096590 -0.699657
vn -0.706980 0.077127 -0.703015
vn -0.706980 0.077127 -0.703015
vn -0.704476 0.077399 -0.705495
vn -0.709501 0.115488 -0.695177
vn -0.706188 0.135148 -0.695006
vn -0.709772 0.114948 -0.694990
vn -0.706980 0.115405 -0.697754
vn -0.706980 0.115405 -0.697754
vn -0.704447 0.115816 -0.700244
vn -0.704708 0.116276 -0.699905
vn -0.707918 0.134822 -0.693307
vn -0.709442 0.153458 -0.687854
vn -0.706190 0.173064 -0.686546
vn -0.709803 0.152720 -0.687645
vn -0.706980 0.153335 -0.690411
vn -0.706980 0.153335 -0.690411
vn -0.704765 0.154471 -0.692420
vn -0.707915 0.172642 -0.684873
vn -0.704421 0.153887 -0.692900
vn -0.709383 0.190970 -0.678459
vn -0.709832 0.190036 -0.678251
vn -0.706191 0.210460 -0.676018
vn -0.706982 0.190808 -0.681006
vn -0.704393 0.191505 -0.683488
vn -0.704824 0.192208 -0.682846
vn -0.707913 0.209947 -0.674374
vn -0.706980 0.190810 -0.681007
vn -0.709326 0.227913 -0.667018
vn -0.706195 0.247219 -0.663454
vn -0.709860 0.226785 -0.666834
vn -0.704368 0.228551 -0.672035
vn -0.704878 0.229346 -0.671228
vn -0.707910 0.246624 -0.661846
vn -0.706982 0.227713 -0.669570
vn -0.706980 0.227716 -0.669571
vn -0.709888 0.262849 -0.653429
vn -0.709268 0.264175 -0.653567
vn -0.706199 0.283234 -0.648893
vn -0.704343 0.264919 -0.658574
vn -0.706980 0.263939 -0.656137
vn -0.706980 0.263939 -0.656137
vn -0.704936 0.265796 -0.657585
vn -0.707907 0.282554 -0.647326
vn -0.709211 0.299649 -0.638146
vn -0.706203 0.318393 -0.632379
vn -0.709916 0.298129 -0.638075
vn -0.704318 0.300499 -0.643146
vn -0.706981 0.299376 -0.640744
vn -0.704989 0.301438 -0.641969
vn -0.707901 0.317633 -0.630861
vn -0.706980 0.299377 -0.640744
vn -0.709155 0.334227 -0.620799
vn -0.706208 0.352598 -0.613959
vn -0.709943 0.332515 -0.620817
vn -0.706980 0.333920 -0.623440
vn -0.706981 0.333918 -0.623440
vn -0.704292 0.335183 -0.625800
vn -0.705048 0.336174 -0.624415
vn -0.707898 0.351755 -0.612493
vn -0.709969 0.365907 -0.601711
vn -0.709099 0.367800 -0.601582
vn -0.706213 0.385738 -0.593691
vn -0.705102 0.369887 -0.604992
vn -0.707893 0.384824 -0.592282
vn -0.706980 0.367468 -0.604274
vn -0.706981 0.367466 -0.604274
vn -0.704268 0.368871 -0.606581
vn -0.709045 0.400273 -0.580549
vn -0.706219 0.417720 -0.571633
vn -0.709995 0.398207 -0.580809
vn -0.706980 0.399918 -0.583305
vn -0.704245 0.401457 -0.585552
vn -0.705157 0.402481 -0.583749
vn -0.707888 0.416731 -0.570289
vn -0.706981 0.399917 -0.583305
vn -0.710019 0.429315 -0.558177
vn -0.708991 0.431543 -0.557766
vn -0.706226 0.448439 -0.547857
vn -0.704222 0.432849 -0.562773
vn -0.706979 0.431175 -0.560596
vn -0.705209 0.433859 -0.560755
vn -0.707881 0.447388 -0.546578
vn -0.706980 0.431174 -0.560596
vn -0.708937 0.461522 -0.533298
vn -0.706233 0.477806 -0.522433
vn -0.710044 0.459140 -0.533880
vn -0.704199 0.462951 -0.538312
vn -0.706979 0.461146 -0.536213
vn -0.706980 0.461146 -0.536213
vn -0.705261 0.463928 -0.536077
vn -0.707874 0.476703 -0.521219
vn -0.708882 0.490117 -0.507220
vn -0.706240 0.505735 -0.495436
vn -0.710069 0.487591 -0.507993
vn -0.704178 0.491671 -0.512243
vn -0.706980 0.489739 -0.510231
vn -0.705313 0.492593 -0.509789
vn -0.707867 0.504576 -0.494294
vn -0.706980 0.489738 -0.510231
vn -0.708830 0.517236 -0.479611
vn -0.706249 0.532142 -0.466944
vn -0.710093 0.514588 -0.480591
vn -0.706981 0.516871 -0.482723
vn -0.704156 0.518928 -0.484642
vn -0.705365 0.519777 -0.481967
vn -0.706980 0.516873 -0.482723
vn -0.707859 0.530931 -0.465885
vn -0.710116 0.540046 -0.451758
vn -0.708777 0.542804 -0.450554
vn -0.706257 0.556946 -0.437049
vn -0.706980 0.542461 -0.453778
vn -0.704134 0.544634 -0.455597
vn -0.706981 0.542460 -0.453779
vn -0.705418 0.545390 -0.452698
vn -0.707851 0.555690 -0.436068
vn -0.710138 0.563893 -0.421579
vn -0.706980 0.566433 -0.423477
vn -0.708724 0.566742 -0.420135
vn -0.706266 0.580068 -0.405843
vn -0.706980 0.566433 -0.423477
vn -0.705468 0.569358 -0.422075
vn -0.707842 0.578780 -0.404935
vn -0.704114 0.568718 -0.425186
vn -0.708673 0.588976 -0.388446
vn -0.706276 0.601448 -0.373409
vn -0.710160 0.586055 -0.390144
vn -0.706980 0.588713 -0.391913
vn -0.706980 0.588713 -0.391913
vn -0.704095 0.591104 -0.393505
vn -0.705519 0.591608 -0.390183
vn -0.707834 0.600124 -0.372590
vn -0.708622 0.609439 -0.355583
vn -0.706286 0.621015 -0.339854
vn -0.710182 0.606468 -0.357546
vn -0.704074 0.611728 -0.360649
vn -0.706980 0.609236 -0.359179
vn -0.705568 0.612075 -0.357125
vn -0.707823 0.619666 -0.339118
vn -0.706979 0.609238 -0.359179
vn -0.710202 0.625069 -0.323885
vn -0.708572 0.628067 -0.321648
vn -0.706297 0.638710 -0.305276
vn -0.704055 0.630528 -0.326713
vn -0.706979 0.627943 -0.325374
vn -0.705618 0.630698 -0.322991
vn -0.707814 0.637343 -0.304622
vn -0.706980 0.627943 -0.325374
vn -0.708522 0.644810 -0.286736
vn -0.706308 0.654482 -0.269780
vn -0.710222 0.641805 -0.289259
vn -0.706981 0.644773 -0.290597
vn -0.706980 0.644774 -0.290596
vn -0.705666 0.647419 -0.287896
vn -0.707802 0.653101 -0.269213
vn -0.704037 0.647444 -0.291800
vn -0.708473 0.659612 -0.250955
vn -0.706321 0.668282 -0.233474
vn -0.710242 0.656625 -0.253770
vn -0.706980 0.659681 -0.254951
vn -0.706981 0.659680 -0.254952
vn -0.704018 0.662430 -0.256015
vn -0.705715 0.662190 -0.251933
vn -0.707791 0.666893 -0.232991
vn -0.710262 0.669485 -0.217529
vn -0.708424 0.672430 -0.214414
vn -0.706333 0.680070 -0.196465
vn -0.706980 0.672619 -0.218547
vn -0.706980 0.672619 -0.218547
vn -0.704001 0.675439 -0.219464
vn -0.705763 0.674966 -0.215221
vn -0.707780 0.678680 -0.196066
vn -0.710280 0.680346 -0.180639
vn -0.708376 0.683225 -0.177223
vn -0.706346 0.689809 -0.158867
vn -0.706980 0.683550 -0.181490
vn -0.705810 0.685709 -0.177865
vn -0.706980 0.683550 -0.181490
vn -0.707767 0.688424 -0.158550
vn -0.703984 0.686432 -0.182255
vn -0.710299 0.689178 -0.143213
vn -0.708326 0.691966 -0.139490
vn -0.706358 0.697472 -0.120792
vn -0.703968 0.695377 -0.144501
vn -0.706980 0.692441 -0.143891
vn -0.705856 0.694387 -0.139978
vn -0.707755 0.696096 -0.120554
vn -0.706980 0.692441 -0.143891
vn -0.710315 0.695954 -0.105361
vn -0.708280 0.698620 -0.101338
vn -0.706373 0.703033 -0.082354
vn -0.703952 0.702246 -0.106314
vn -0.706980 0.699266 -0.105863
vn -0.706980 0.699266 -0.105863
vn -0.705903 0.700973 -0.101675
vn -0.707742 0.701674 -0.082195
vn -0.710333 0.700651 -0.067198
vn -0.708233 0.703174 -0.062871
vn -0.706387 0.706477 -0.043668
vn -0.705947 0.705450 -0.063075
vn -0.707727 0.705140 -0.043585
vn -0.706980 0.704004 -0.067518
vn -0.706981 0.704002 -0.067519
vn -0.703937 0.707019 -0.067807
vn -0.710349 0.703259 -0.028834
vn -0.708186 0.705611 -0.024210
vn -0.706402 0.707794 -0.004854
vn -0.705992 0.707803 -0.024287
vn -0.707712 0.706484 -0.004846
vn -0.703922 0.709681 -0.029097
vn -0.706981 0.706639 -0.028973
vn -0.706981 0.706639 -0.028972
vn -0.710364 0.703769 0.009614
vn -0.708140 0.705922 0.014528
vn -0.706418 0.706979 0.033973
vn -0.706036 0.708026 0.014571
vn -0.707697 0.705702 0.033911
vn -0.703906 0.710226 0.009702
vn -0.706980 0.707167 0.009660
vn -0.706980 0.707167 0.009661
vn -0.710380 0.702178 0.048030
vn -0.708095 0.704109 0.053229
vn -0.706434 0.704036 0.072696
vn -0.706080 0.706117 0.053379
vn -0.707682 0.702795 0.072567
vn -0.703892 0.708651 0.048473
vn -0.706980 0.705585 0.048263
vn -0.706980 0.705585 0.048263
vn -0.710394 0.698493 0.086302
vn -0.708050 0.700174 0.091771
vn -0.706450 0.698973 0.111198
vn -0.706124 0.702083 0.092024
vn -0.707666 0.697773 0.111006
vn -0.703878 0.704960 0.087101
vn -0.706980 0.701896 0.086723
vn -0.706981 0.701896 0.086722
vn -0.710409 0.692723 0.124315
vn -0.708005 0.694130 0.130047
vn -0.706467 0.691805 0.149363
vn -0.706168 0.695936 0.130385
vn -0.707650 0.690649 0.149115
vn -0.703865 0.699164 0.125471
vn -0.706981 0.696112 0.124923
vn -0.706981 0.696113 0.124923
vn -0.710423 0.684887 0.161956
vn -0.707962 0.685995 0.167932
vn -0.706485 0.682554 0.187078
vn -0.706210 0.687696 0.168347
vn -0.707633 0.681447 0.186774
vn -0.703854 0.691280 0.163467
vn -0.706980 0.688252 0.162750
vn -0.706980 0.688253 0.162752
vn -0.710436 0.675008 0.199111
vn -0.707919 0.675793 0.205314
vn -0.706504 0.671248 0.224229
vn -0.706980 0.678338 0.200093
vn -0.706251 0.677389 0.205800
vn -0.707615 0.670194 0.223877
vn -0.703842 0.681333 0.200977
vn -0.706980 0.678338 0.200093
vn -0.710448 0.663116 0.235671
vn -0.707875 0.663556 0.242088
vn -0.706522 0.657924 0.260699
vn -0.706980 0.666398 0.236838
vn -0.706980 0.666398 0.236838
vn -0.706293 0.665043 0.242628
vn -0.707597 0.656923 0.260302
vn -0.703831 0.669352 0.237888
vn -0.710460 0.649245 0.271528
vn -0.707834 0.649318 0.278133
vn -0.706542 0.642617 0.296383
vn -0.706333 0.650697 0.278724
vn -0.707578 0.641674 0.295952
vn -0.706980 0.652470 0.272876
vn -0.706980 0.652470 0.272877
vn -0.703818 0.655373 0.274091
vn -0.710472 0.633438 0.306571
vn -0.707793 0.633122 0.313346
vn -0.706562 0.625375 0.331174
vn -0.706374 0.634394 0.313976
vn -0.707559 0.624494 0.330707
vn -0.706981 0.636595 0.308099
vn -0.703808 0.639437 0.309476
vn -0.706980 0.636595 0.308100
vn -0.710483 0.615740 0.340701
vn -0.707751 0.615018 0.347622
vn -0.706582 0.606254 0.364963
vn -0.706981 0.618820 0.342403
vn -0.706414 0.616183 0.348279
vn -0.707540 0.605431 0.364471
vn -0.703798 0.621592 0.343936
vn -0.706980 0.618820 0.342405
vn -0.710494 0.596208 0.373810
vn -0.707711 0.595061 0.380851
vn -0.706603 0.585304 0.397658
vn -0.706453 0.596121 0.381529
vn -0.707520 0.584547 0.397141
vn -0.706981 0.599199 0.375685
vn -0.706980 0.599199 0.375687
vn -0.703789 0.601889 0.377374
vn -0.710503 0.574897 0.405807
vn -0.706981 0.577787 0.407848
vn -0.707671 0.573310 0.412938
vn -0.706625 0.562597 0.429146
vn -0.706491 0.574267 0.413627
vn -0.707499 0.561901 0.428616
vn -0.706980 0.577789 0.407847
vn -0.703780 0.580391 0.409684
vn -0.710513 0.551870 0.436589
vn -0.706980 0.554654 0.438792
vn -0.707631 0.549827 0.443788
vn -0.706647 0.538197 0.459342
vn -0.706531 0.550684 0.444479
vn -0.707479 0.537562 0.458803
vn -0.703771 0.557159 0.440773
vn -0.706979 0.554655 0.438792
vn -0.707592 0.524688 0.473304
vn -0.706669 0.512176 0.488155
vn -0.706980 0.529865 0.468426
vn -0.710522 0.527199 0.466069
vn -0.706568 0.525450 0.473988
vn -0.707457 0.511604 0.487612
vn -0.703763 0.532263 0.470546
vn -0.706980 0.529864 0.468426
vn -0.707555 0.497967 0.501393
vn -0.706693 0.484614 0.515495
vn -0.710530 0.500954 0.494159
vn -0.703756 0.505777 0.498916
vn -0.706980 0.503493 0.496663
vn -0.706605 0.498636 0.502068
vn -0.707435 0.484106 0.514954
vn -0.706980 0.503493 0.496663
vn -0.707516 0.469742 0.527981
vn -0.706715 0.455597 0.541281
vn -0.710538 0.473217 0.520771
vn -0.703748 0.477783 0.525797
vn -0.706980 0.475620 0.523416
vn -0.706642 0.470323 0.528633
vn -0.707412 0.455147 0.540748
vn -0.706980 0.475620 0.523417
vn -0.707478 0.440100 0.552980
vn -0.706739 0.425209 0.565435
vn -0.710544 0.444067 0.545831
vn -0.703742 0.448360 0.551108
vn -0.706980 0.446326 0.548609
vn -0.706678 0.440600 0.553605
vn -0.707389 0.424817 0.564917
vn -0.706980 0.446326 0.548609
vn -0.707442 0.409130 0.576315
vn -0.706765 0.393541 0.587885
vn -0.710551 0.413592 0.569262
vn -0.706980 0.415701 0.572164
vn -0.706980 0.415701 0.572164
vn -0.703736 0.417599 0.574776
vn -0.706713 0.409552 0.576909
vn -0.707365 0.393207 0.587386
vn -0.707405 0.376923 0.597919
vn -0.706790 0.360693 0.608563
vn -0.710557 0.381885 0.590993
vn -0.706980 0.383836 0.594012
vn -0.706980 0.383836 0.594011
vn -0.703731 0.385591 0.596727
vn -0.706748 0.377275 0.598473
vn -0.707341 0.360410 0.608090
vn -0.707370 0.343580 0.617722
vn -0.706816 0.326759 0.627407
vn -0.710563 0.349039 0.610960
vn -0.706980 0.350824 0.614086
vn -0.706980 0.350824 0.614086
vn -0.703726 0.352431 0.616898
vn -0.706783 0.343865 0.618235
vn -0.707316 0.326528 0.626963
vn -0.710568 0.315152 0.629105
vn -0.707334 0.309197 0.635669
vn -0.706842 0.291845 0.644361
vn -0.706980 0.316766 0.632328
vn -0.706980 0.316767 0.632328
vn -0.706817 0.309424 0.636134
vn -0.703721 0.318219 0.635227
vn -0.707291 0.291659 0.643952
vn -0.710572 0.280325 0.645372
vn -0.707299 0.273880 0.651704
vn -0.706868 0.256055 0.659374
vn -0.706980 0.281763 0.648683
vn -0.706851 0.274054 0.652117
vn -0.707266 0.255911 0.659003
vn -0.703717 0.283056 0.651661
vn -0.706980 0.281763 0.648682
vn -0.707265 0.237736 0.665776
vn -0.706896 0.219496 0.672398
vn -0.710575 0.244662 0.659715
vn -0.706980 0.245918 0.663101
vn -0.706884 0.237864 0.666135
vn -0.707239 0.219389 0.672072
vn -0.706980 0.245918 0.663101
vn -0.703713 0.247048 0.666149
vn -0.707231 0.200871 0.677846
vn -0.706924 0.182279 0.683398
vn -0.710579 0.208270 0.672087
vn -0.706980 0.209340 0.675541
vn -0.706916 0.200962 0.678148
vn -0.707212 0.182204 0.683120
vn -0.706980 0.209340 0.675541
vn -0.703710 0.210303 0.678649
vn -0.707198 0.163399 0.687875
vn -0.706952 0.144515 0.692340
vn -0.710581 0.171256 0.682455
vn -0.706948 0.163456 0.688118
vn -0.707185 0.144468 0.692111
vn -0.706980 0.172137 0.685965
vn -0.703708 0.172929 0.689123
vn -0.706980 0.172137 0.685965
vn -0.707166 0.125430 0.695833
vn -0.706981 0.106321 0.699195
vn -0.710584 0.133731 0.690787
vn -0.706980 0.134419 0.694342
vn -0.706980 0.125464 0.696016
vn -0.707157 0.106294 0.699021
vn -0.703706 0.135039 0.697540
vn -0.706980 0.134420 0.694342
vn -0.707134 0.087082 0.701697
vn -0.707011 0.067808 0.703945
vn -0.710585 0.095808 0.697058
vn -0.706980 0.096301 0.700646
vn -0.707010 0.087096 0.701819
vn -0.707129 0.067798 0.703827
vn -0.703704 0.096745 0.703875
vn -0.706980 0.096301 0.700646
vn -0.707102 0.048465 0.705449
vn -0.707040 0.029097 0.706575
vn -0.710587 0.019219 0.703347
vn -0.710586 0.057600 0.701248
vn -0.706980 0.057897 0.704860
vn -0.706980 0.019318 0.706969
vn -0.707041 0.048469 0.705510
vn -0.707100 0.029094 0.706515
vn -0.703703 0.019407 0.710230
vn -0.703703 0.058163 0.708110
vn -0.706980 0.019318 0.706969
vn -0.706980 0.057896 0.704859
vn -0.707070 0.009700 0.707077
vn -0.707071 0.009700 0.707076
vn -0.707040 -0.029097 0.706575
vn -0.707102 -0.048465 0.705449
vn -0.710587 -0.019219 0.703347
vn -0.706980 -0.019318 0.706969
vn -0.707100 -0.029094 0.706515
vn -0.707041 -0.048469 0.705510
vn -0.706980 -0.019318 0.706969
vn -0.703703 -0.019407 0.710230
vn -0.707011 -0.067808 0.703945
vn -0.707134 -0.087082 0.701697
vn -0.710586 -0.057600 0.701248
vn -0.703703 -0.058163 0.708110
vn -0.706980 -0.057896 0.704859
vn -0.707129 -0.067798 0.703827
vn -0.707010 -0.087096 0.701819
vn -0.706980 -0.057897 0.704860
vn -0.706981 -0.106321 0.699195
vn -0.707166 -0.125430 0.695833
vn -0.710585 -0.095808 0.697058
vn -0.706980 -0.096301 0.700646
vn -0.706980 -0.096301 0.700646
vn -0.707157 -0.106294 0.699021
vn -0.706980 -0.125464 0.696016
vn -0.703704 -0.096745 0.703875
vn -0.706952 -0.144516 0.692340
vn -0.707198 -0.163399 0.687875
vn -0.710584 -0.133731 0.690787
vn -0.706980 -0.134419 0.694342
vn -0.707185 -0.144468 0.692111
vn -0.706948 -0.163456 0.688118
vn -0.706980 -0.134420 0.694342
vn -0.703706 -0.135039 0.697540
vn -0.706923 -0.182279 0.683398
vn -0.707231 -0.200871 0.677846
vn -0.710581 -0.171256 0.682455
vn -0.706980 -0.172137 0.685965
vn -0.707212 -0.182204 0.683120
vn -0.706916 -0.200962 0.678148
vn -0.703708 -0.172929 0.689123
vn -0.706980 -0.172137 0.685965
vn -0.710579 -0.208269 0.672087
vn -0.706896 -0.219496 0.672398
vn -0.707265 -0.237736 0.665776
vn -0.703710 -0.210303 0.678649
vn -0.706980 -0.209340 0.675541
vn -0.707239 -0.219389 0.672072
vn -0.706884 -0.237864 0.666135
vn -0.706980 -0.209340 0.675541
vn -0.706868 -0.256055 0.659374
vn -0.707299 -0.273880 0.651704
vn -0.710575 -0.244662 0.659715
vn -0.703713 -0.247048 0.666149
vn -0.706980 -0.245918 0.663101
vn -0.707266 -0.255911 0.659003
vn -0.706851 -0.274054 0.652117
vn -0.706980 -0.245918 0.663101
vn -0.706842 -0.291845 0.644361
vn -0.707334 -0.309197 0.635669
vn -0.710572 -0.280325 0.645372
vn -0.703717 -0.283056 0.651661
vn -0.706980 -0.281763 0.648682
vn -0.707291 -0.291659 0.643952
vn -0.706817 -0.309424 0.636134
vn -0.706980 -0.281763 0.648682
vn -0.706816 -0.326759 0.627407
vn -0.707370 -0.343580 0.617722
vn -0.710568 -0.315152 0.629105
vn -0.707107 -0.707107 0.000000
vn -0.707107 -0.707107 0.000000
vn -0.707107 -0.353553 0.612372
vn -0.707107 -0.353553 0.612372
vn -0.707107 -0.353553 -0.612372
vn -0.707107 -0.353553 -0.612372
vn -0.707107 0.353553 0.612372
vn -0.707107 0.353553 0.612373
vn -0.707107 0.353553 -0.612372
vn -0.707107 0.353553 -0.612372
vn -0.707107 0.707107 0.000000
vn -0.707107 0.707107 0.000000
vn -0.707107 -0.500000 -0.500000
vn -0.707106 -0.500000 -0.500000
vn -0.707107 -0.683013 0.183013
vn -0.707107 -0.683013 0.183013
vn -0.707107 0.183013 -0.683013
vn -0.707107 0.183013 -0.683012
vn -0.707107 -0.183013 0.683012
vn -0.707107 -0.183013 0.683012
vn -0.707107 0.683013 -0.183013
vn -0.707107 0.683013 -0.183013
vn -0.707106 0.500000 0.500000
vn -0.707107 0.500000 0.500000
vn 0.000000 0.809017 -0.587785
vn 0.000000 0.809017 -0.587785
vn -0.000000 -0.809017 -0.587785
vn 0.000000 -0.809017 -0.587785
vn 0.000000 0.309017 -0.951057
vn 0.000000 0.309017 -0.951057
vn -0.000000 -0.309017 -0.951057
vn 0.000000 -0.309017 -0.951057
vn 0.000000 0.707107 0.707107
vn 0.000000 0.707107 0.707107
vn 0.000000 0.965926 -0.258819
vn 0.000000 0.965926 -0.258819
vn 0.000000 -0.258819 0.965926
vn 0.000000 -0.258819 0.965926
vn 0.000000 0.258819 -0.965926
vn 0.000000 0.258819 -0.965926
vn 0.000000 -0.965926 0.258819
vn 0.000000 -0.965926 0.258819
vn 0.000000 -0.707107 -0.707107
vn -0.000000 -0.707107 -0.707107
vn 0.000000 1.000000 0.000000
vn 0.000000 1.000000 0.000000
vn 0.000000 0.500000 -0.866025
vn 0.000000 0.500000 -0.866025
vn 0.000000 0.500000 0.866025
vn 0.000000 0.500000 0.866025
vn 0.000000 -0.500000 -0.866025
vn -0.000000 -0.500000 -0.866025
vn 0.000000 -0.500000 0.866025
vn 0.000000 -0.500000 0.866025
vn 0.000000 -1.000000 0.000000
vn 0.000000 -1.000000 0.000000
vn 0.000000 0.707107 -0.707107
vn 0.000000 0.707107 -0.707107
vn 0.000000 -0.258820 -0.965926
vn -0.000000 -0.258820 -0.965926
vn 0.000000 0.965926 0.258819
vn 0.000000 0.965926 0.258819
vn 0.000000 -0.965926 -0.258819
vn -0.000000 -0.965926 -0.258819
vn 0.000000 0.258819 0.965926
vn 0.000000 0.258819 0.965926
vn 0.000000 -0.707106 0.707107
vn 0.000000 -0.707106 0.707107
vn 0.000000 -0.000000 -1.000000
vn -0.000000 0.000000 -1.000000
vn 0.000000 -0.866025 -0.500000
vn -0.000000 -0.866025 -0.500000
vn 0.000000 0.866025 -0.500000
vn 0.000000 0.866025 -0.500000
vn 0.000000 -0.866025 0.500000
vn 0.000000 -0.866025 0.500000
vn 0.000000 0.866025 0.500000
vn 0.000000 0.866025 0.500000
vn 0.000000 -0.000000 1.000000
vn 0.000000 0.000000 1.000000
vn 0.000000 -0.000000 1.000000
vn 0.000000 0.000000 1.000000
vn 0.000000 0.866025 0.500000
vn -0.000000 0.866025 0.500000
vn 0.000000 -0.866025 0.500000
vn 0.000000 -0.866025 0.500000
vn 0.000000 0.866025 -0.500000
vn 0.000000 0.866025 -0.500000
vn 0.000000 -0.866025 -0.500000
vn 0.000000 -0.866025 -0.500000
vn 0.000000 -0.000000 -1.000000
vn -0.000000 0.000000 -1.000000
vn 0.000000 -0.707107 0.707107
vn 0.000000 -0.707107 0.707107
vn 0.000000 0.258819 0.965926
vn 0.000000 0.258819 0.965926
vn 0.000000 -0.965926 -0.258819
vn -0.000000 -0.965926 -0.258819
vn 0.000000 0.965926 0.258819
vn 0.000000 0.965926 0.258819
vn 0.000000 -0.258819 -0.965926
vn -0.000000 -0.258819 -0.965926
vn 0.000000 0.707107 -0.707107
vn 0.000000 0.707107 -0.707107
vn 0.000000 -0.013717 0.999906
vn 0.000000 -0.013717 0.999906
vn 0.000000 -0.041145 0.999153
vn 0.000000 -0.041145 0.999153
vn 0.000000 -0.068539 0.997648
vn 0.000000 -0.068539 0.997648
vn 0.000000 -0.095884 0.995393
vn 0.000000 -0.095884 0.995393
vn 0.000000 -0.123156 0.992387
vn 0.000000 -0.123156 0.992387
vn 0.000000 -0.150333 0.988635
vn 0.000000 -0.150333 0.988635
vn 0.000000 -0.177401 0.984139
vn 0.000000 -0.177401 0.984139
vn 0.000000 -0.204331 0.978902
vn 0.000000 -0.204331 0.978902
vn 0.000000 -0.231110 0.972928
vn 0.000000 -0.231110 0.972928
vn 0.000000 -0.257714 0.966221
vn 0.000000 -0.257714 0.966221
vn 0.000000 -0.284126 0.958787
vn 0.000000 -0.284126 0.958787
vn 0.000000 -0.310321 0.950632
vn 0.000000 -0.310321 0.950632
vn 0.000000 -0.336284 0.941761
vn 0.000000 -0.336284 0.941761
vn 0.000000 -0.361993 0.932181
vn 0.000000 -0.361993 0.932181
vn 0.000000 -0.387431 0.921899
vn 0.000000 -0.387431 0.921899
vn 0.000000 -0.412576 0.910923
vn 0.000000 -0.412576 0.910923
vn 0.000000 -0.437412 0.899261
vn 0.000000 -0.437412 0.899261
vn 0.000000 -0.461917 0.886923
vn 0.000000 -0.461917 0.886923
vn 0.000000 -0.486077 0.873916
vn 0.000000 -0.486077 0.873916
vn 0.000000 -0.509866 0.860254
vn 0.000000 -0.509866 0.860254
vn 0.000000 -0.533277 0.845941
vn 0.000000 -0.533277 0.845941
vn 0.000000 -0.556283 0.830993
vn 0.000000 -0.556283 0.830993
vn 0.000000 -0.578871 0.815419
vn 0.000000 -0.601022 0.799232
vn 0.000000 -0.578871 0.815419
vn 0.000000 -0.601022 0.799232
vn 0.000000 -0.622725 0.782441
vn 0.000000 -0.622725 0.782441
vn 0.000000 -0.643954 0.765064
vn 0.000000 -0.643954 0.765064
vn 0.000000 -0.664701 0.747110
vn 0.000000 -0.664701 0.747110
vn 0.000000 -0.684947 0.728593
vn 0.000000 -0.684947 0.728593
vn 0.000000 -0.704678 0.709527
vn 0.000000 -0.704678 0.709527
vn 0.000000 -0.723877 0.689929
vn 0.000000 -0.723877 0.689929
vn 0.000000 -0.742533 0.669810
vn 0.000000 -0.742533 0.669810
vn 0.000000 -0.760629 0.649187
vn 0.000000 -0.760629 0.649187
vn 0.000000 -0.778151 0.628077
vn 0.000000 -0.778151 0.628077
vn 0.000000 -0.795091 0.606490
vn 0.000000 -0.795091 0.606490
vn 0.000000 -0.811429 0.584450
vn 0.000000 -0.811429 0.584450
vn 0.000000 -0.827158 0.561969
vn 0.000000 -0.827158 0.561969
vn 0.000000 -0.842263 0.539067
vn 0.000000 -0.842263 0.539067
vn 0.000000 -0.856735 0.515757
vn 0.000000 -0.856735 0.515757
vn 0.000000 -0.870562 0.492059
vn 0.000000 -0.870562 0.492059
vn 0.000000 -0.883734 0.467989
vn 0.000000 -0.883734 0.467989
vn 0.000000 -0.896240 0.443570
vn 0.000000 -0.896240 0.443570
vn 0.000000 -0.908071 0.418816
vn 0.000000 -0.908071 0.418816
vn 0.000000 -0.919219 0.393745
vn 0.000000 -0.919219 0.393745
vn 0.000000 -0.929675 0.368381
vn 0.000000 -0.929675 0.368381
vn 0.000000 -0.939432 0.342735
vn 0.000000 -0.939432 0.342735
vn 0.000000 -0.948481 0.316834
vn 0.000000 -0.948481 0.316834
vn 0.000000 -0.956816 0.290695
vn 0.000000 -0.956816 0.290695
vn 0.000000 -0.964430 0.264337
vn 0.000000 -0.964430 0.264337
vn 0.000000 -0.971319 0.237778
vn 0.000000 -0.971319 0.237778
vn 0.000000 -0.977477 0.211041
vn 0.000000 -0.977477 0.211041
vn 0.000000 -0.982899 0.184148
vn 0.000000 -0.982899 0.184148
vn 0.000000 -0.987581 0.157111
vn 0.000000 -0.987581 0.157111
vn 0.000000 -0.991519 0.129959
vn 0.000000 -0.991519 0.129959
vn 0.000000 -0.994711 0.102709
vn 0.000000 -0.994711 0.102709
vn 0.000000 -0.997155 0.075381
vn 0.000000 -0.997155 0.075381
vn 0.000000 -0.998847 0.047997
vn 0.000000 -0.999788 0.020578
vn 0.000000 -0.998847 0.047997
vn 0.000000 -0.999788 0.020578
vn 0.000000 -0.999976 -0.006861
vn 0.000000 -0.999976 -0.006861
vn 0.000000 -0.999412 -0.034289
vn 0.000000 -0.998095 -0.061695
vn 0.000000 -0.999412 -0.034289
vn 0.000000 -0.998095 -0.061695
vn 0.000000 -0.996027 -0.089054
vn 0.000000 -0.996027 -0.089054
vn 0.000000 -0.993209 -0.116346
vn 0.000000 -0.993209 -0.116346
vn 0.000000 -0.989643 -0.143549
vn 0.000000 -0.989643 -0.143549
vn 0.000000 -0.985332 -0.170646
vn 0.000000 -0.985332 -0.170646
vn 0.000000 -0.980280 -0.197612
vn 0.000000 -0.980280 -0.197612
vn 0.000000 -0.974490 -0.224430
vn 0.000000 -0.974490 -0.224430
vn 0.000000 -0.967966 -0.251082
vn 0.000000 -0.967966 -0.251082
vn 0.000000 -0.960714 -0.277541
vn 0.000000 -0.960714 -0.277541
vn 0.000000 -0.952738 -0.303794
vn 0.000000 -0.952738 -0.303794
vn 0.000000 -0.944044 -0.329819
vn 0.000000 -0.944044 -0.329819
vn 0.000000 -0.934643 -0.355588
vn 0.000000 -0.934643 -0.355588
vn 0.000000 -0.924534 -0.381098
vn 0.000000 -0.924534 -0.381098
vn 0.000000 -0.913730 -0.406322
vn 0.000000 -0.913730 -0.406322
vn 0.000000 -0.902242 -0.431230
vn 0.000000 -0.902242 -0.431230
vn 0.000000 -0.890070 -0.455823
vn 0.000000 -0.890070 -0.455823
vn 0.000000 -0.877229 -0.480071
vn 0.000000 -0.877229 -0.480071
vn 0.000000 -0.863730 -0.503954
vn 0.000000 -0.863730 -0.503954
vn 0.000000 -0.849578 -0.527463
vn 0.000000 -0.849578 -0.527463
vn 0.000000 -0.834789 -0.550571
vn 0.000000 -0.834789 -0.550571
vn 0.000000 -0.819372 -0.573261
vn 0.000000 -0.819372 -0.573261
vn 0.000000 -0.803335 -0.595528
vn 0.000000 -0.803335 -0.595528
vn 0.000000 -0.786694 -0.617343
vn 0.000000 -0.786694 -0.617343
vn 0.000000 -0.769464 -0.638690
vn 0.000000 -0.769464 -0.638690
vn 0.000000 -0.751650 -0.659563
vn 0.000000 -0.751650 -0.659563
vn 0.000000 -0.733274 -0.679933
vn 0.000000 -0.733274 -0.679933
vn 0.000000 -0.714348 -0.699791
vn 0.000000 -0.714348 -0.699791
vn 0.000000 -0.694874 -0.719132
vn 0.000000 -0.694874 -0.719132
vn 0.000000 -0.674892 -0.737917
vn 0.000000 -0.674892 -0.737917
vn 0.000000 -0.654388 -0.756159
vn 0.000000 -0.654388 -0.756159
vn 0.000000 -0.633397 -0.773827
vn 0.000000 -0.633397 -0.773827
vn 0.000000 -0.611931 -0.790911
vn 0.000000 -0.611931 -0.790911
vn 0.000000 -0.590000 -0.807403
vn 0.000000 -0.590000 -0.807403
vn 0.000000 -0.567633 -0.823282
vn 0.000000 -0.567633 -0.823282
vn 0.000000 -0.544829 -0.838547
vn 0.000000 -0.544829 -0.838547
vn 0.000000 -0.521624 -0.853176
vn 0.000000 -0.521624 -0.853176
vn 0.000000 -0.498015 -0.867168
vn 0.000000 -0.498015 -0.867168
vn 0.000000 -0.474046 -0.880500
vn 0.000000 -0.474046 -0.880500
vn 0.000000 -0.449707 -0.893176
vn 0.000000 -0.449707 -0.893176
vn 0.000000 -0.425029 -0.905180
vn 0.000000 -0.400044 -0.916496
vn 0.000000 -0.425029 -0.905180
vn 0.000000 -0.400044 -0.916496
vn 0.000000 -0.374747 -0.927127
vn 0.000000 -0.374747 -0.927127
vn 0.000000 -0.349176 -0.937057
vn 0.000000 -0.323329 -0.946287
vn 0.000000 -0.349176 -0.937057
vn 0.000000 -0.323329 -0.946287
vn 0.000000 -0.297250 -0.954800
vn 0.000000 -0.297250 -0.954800
vn 0.000000 -0.270951 -0.962593
vn 0.000000 -0.270951 -0.962593
vn 0.000000 -0.244433 -0.969666
vn 0.000000 -0.217737 -0.976008
vn 0.000000 -0.244433 -0.969666
vn 0.000000 -0.217737 -0.976008
vn 0.000000 -0.190887 -0.981612
vn 0.000000 -0.190887 -0.981612
vn 0.000000 -0.163885 -0.986479
vn 0.000000 -0.136756 -0.990605
vn 0.000000 -0.163885 -0.986479
vn 0.000000 -0.136756 -0.990605
vn 0.000000 -0.109525 -0.993984
vn 0.000000 -0.109525 -0.993984
vn 0.000000 -0.082227 -0.996614
vn 0.000000 -0.082227 -0.996614
vn 0.000000 -0.054843 -0.998495
vn 0.000000 -0.054843 -0.998495
vn 0.000000 -0.027434 -0.999624
vn 0.000000 -0.027434 -0.999624
vn 0.000000 0.000000 -1.000000
vn 0.000000 0.000000 -1.000000
vn 0.000000 0.027434 -0.999624
vn 0.000000 0.054843 -0.998495
vn 0.000000 0.027434 -0.999624
vn 0.000000 0.054843 -0.998495
vn 0.000000 0.082227 -0.996614
vn 0.000000 0.082227 -0.996614
vn 0.000000 0.109525 -0.993984
vn 0.000000 0.136756 -0.990605
vn 0.000000 0.109525 -0.993984
vn 0.000000 0.163885 -0.986479
vn 0.000000 0.136756 -0.990605
vn 0.000000 0.163885 -0.986479
vn 0.000000 0.190887 -0.981612
vn 0.000000 0.190887 -0.981612
vn 0.000000 0.217737 -0.976007
vn 0.000000 0.217737 -0.976007
vn 0.000000 0.244433 -0.969666
vn 0.000000 0.270952 -0.962593
vn 0.000000 0.244433 -0.969666
vn 0.000000 0.270952 -0.962593
vn 0.000000 0.297250 -0.954800
vn 0.000000 0.297250 -0.954800
vn 0.000000 0.323329 -0.946287
vn 0.000000 0.349176 -0.937057
vn 0.000000 0.323329 -0.946287
vn 0.000000 0.349176 -0.937057
vn 0.000000 0.374746 -0.927128
vn 0.000000 0.374746 -0.927128
vn 0.000000 0.400044 -0.916496
vn 0.000000 0.400044 -0.916496
vn 0.000000 0.425029 -0.905180
vn 0.000000 0.425029 -0.905180
vn 0.000000 0.449707 -0.893176
vn 0.000000 0.449707 -0.893176
vn 0.000000 0.474046 -0.880500
vn 0.000000 0.474046 -0.880500
vn 0.000000 0.498015 -0.867168
vn 0.000000 0.498015 -0.867168
vn 0.000000 0.521624 -0.853175
vn 0.000000 0.521624 -0.853175
vn 0.000000 0.544829 -0.838547
vn 0.000000 0.544829 -0.838547
vn 0.000000 0.567633 -0.823282
vn 0.000000 0.567633 -0.823282
vn 0.000000 0.589999 -0.807404
vn 0.000000 0.589999 -0.807404
vn 0.000000 0.611931 -0.790911
vn 0.000000 0.611931 -0.790911
vn 0.000000 0.633397 -0.773827
vn 0.000000 0.633397 -0.773827
vn 0.000000 0.654388 -0.756159
vn 0.000000 0.654388 -0.756159
vn 0.000000 0.674892 -0.737916
vn 0.000000 0.674892 -0.737916
vn 0.000000 0.694874 -0.719131
vn 0.000000 0.694874 -0.719131
vn 0.000000 0.714347 -0.699791
vn 0.000000 0.714347 -0.699791
vn 0.000000 0.733274 -0.679933
vn 0.000000 0.733274 -0.679933
vn 0.000000 0.751650 -0.659563
vn 0.000000 0.751650 -0.659563
vn 0.000000 0.769464 -0.638690
vn 0.000000 0.769464 -0.638690
vn 0.000000 0.786693 -0.617344
vn 0.000000 0.786693 -0.617344
vn 0.000000 0.803336 -0.595527
vn 0.000000 0.803336 -0.595527
vn 0.000000 0.819372 -0.573261
vn 0.000000 0.819372 -0.573261
vn 0.000000 0.834790 -0.550569
vn 0.000000 0.849577 -0.527464
vn 0.000000 0.834790 -0.550569
vn 0.000000 0.849577 -0.527464
vn 0.000000 0.863729 -0.503956
vn 0.000000 0.877229 -0.480071
vn 0.000000 0.863729 -0.503956
vn 0.000000 0.877229 -0.480071
vn 0.000000 0.890072 -0.455820
vn 0.000000 0.902241 -0.431232
vn 0.000000 0.890072 -0.455820
vn 0.000000 0.902241 -0.431232
vn 0.000000 0.913731 -0.406320
vn 0.000000 0.913731 -0.406320
vn 0.000000 0.924534 -0.381100
vn 0.000000 0.924534 -0.381100
vn 0.000000 0.934643 -0.355588
vn 0.000000 0.944044 -0.329819
vn 0.000000 0.934643 -0.355588
vn 0.000000 0.944044 -0.329819
vn 0.000000 0.952738 -0.303792
vn 0.000000 0.960713 -0.277543
vn 0.000000 0.952738 -0.303792
vn 0.000000 0.960713 -0.277543
vn 0.000000 0.967966 -0.251080
vn 0.000000 0.967966 -0.251080
vn 0.000000 0.974489 -0.224434
vn 0.000000 0.974489 -0.224434
vn 0.000000 0.980281 -0.197610
vn 0.000000 0.980281 -0.197610
vn 0.000000 0.985332 -0.170646
vn 0.000000 0.985332 -0.170646
vn 0.000000 0.989644 -0.143547
vn 0.000000 0.989644 -0.143547
vn 0.000000 0.993209 -0.116346
vn 0.000000 0.993209 -0.116346
vn 0.000000 0.996027 -0.089056
vn 0.000000 0.996027 -0.089056
vn 0.000000 0.998095 -0.061693
vn 0.000000 0.998095 -0.061693
vn 0.000000 0.999412 -0.034293
vn 0.000000 0.999412 -0.034293
vn 0.000000 0.999977 -0.006859
vn 0.000000 0.999977 -0.006859
vn 0.000000 0.999788 0.020576
vn -0.000000 0.999788 0.020576
vn 0.000000 0.998847 0.047997
vn -0.000000 0.998847 0.047997
vn -0.000000 0.997155 0.075381
vn -0.000000 0.997155 0.075381
vn 0.000000 0.994711 0.102709
vn -0.000000 0.994711 0.102709
vn 0.000000 0.991519 0.129961
vn -0.000000 0.991519 0.129961
vn -0.000000 0.987581 0.157111
vn -0.000000 0.987581 0.157111
vn 0.000000 0.982899 0.184148
vn -0.000000 0.982899 0.184148
vn -0.000000 0.977477 0.211043
vn -0.000000 0.977477 0.211043
vn 0.000000 0.971319 0.237778
vn -0.000000 0.971319 0.237778
vn -0.000000 0.964431 0.264335
vn -0.000000 0.964431 0.264335
vn 0.000000 0.956816 0.290693
vn -0.000000 0.956816 0.290693
vn -0.000000 0.948480 0.316838
vn -0.000000 0.939433 0.342733
vn 0.000000 0.948480 0.316838
vn -0.000000 0.939433 0.342733
vn -0.000000 0.929676 0.368379
vn -0.000000 0.919219 0.393745
vn 0.000000 0.929676 0.368379
vn -0.000000 0.919219 0.393745
vn -0.000000 0.908070 0.418818
vn -0.000000 0.908070 0.418818
vn -0.000000 0.896240 0.443570
vn -0.000000 0.896240 0.443570
vn 0.000000 0.883734 0.467989
vn -0.000000 0.883734 0.467989
vn -0.000000 0.870562 0.492059
vn -0.000000 0.870562 0.492059
vn 0.000000 0.856735 0.515757
vn -0.000000 0.856735 0.515757
vn 0.000000 0.842264 0.539065
vn -0.000000 0.842264 0.539065
vn 0.000000 0.827157 0.561970
vn -0.000000 0.827157 0.561970
vn 0.000000 0.811430 0.584449
vn -0.000000 0.811430 0.584449
vn 0.000000 0.795090 0.606492
vn -0.000000 0.795090 0.606492
vn 0.000000 0.778151 0.628077
vn -0.000000 0.778151 0.628077
vn 0.000000 0.760629 0.649187
vn -0.000000 0.760629 0.649187
vn 0.000000 0.742533 0.669810
vn -0.000000 0.742533 0.669810
vn -0.000000 0.723877 0.689929
vn -0.000000 0.704678 0.709527
vn -0.000000 0.723877 0.689929
vn -0.000000 0.704678 0.709527
vn -0.000000 0.684947 0.728593
vn 0.000000 0.684947 0.728593
vn -0.000000 0.664701 0.747110
vn -0.000000 0.643954 0.765064
vn 0.000000 0.664701 0.747110
vn -0.000000 0.643954 0.765064
vn -0.000000 0.622725 0.782441
vn -0.000000 0.601022 0.799232
vn 0.000000 0.622725 0.782441
vn -0.000000 0.601022 0.799232
vn -0.000000 0.578872 0.815419
vn 0.000000 0.578872 0.815419
vn -0.000000 0.556282 0.830994
vn 0.000000 0.556282 0.830994
vn -0.000000 0.533278 0.845940
vn 0.000000 0.533278 0.845940
vn -0.000000 0.509866 0.860254
vn 0.000000 0.509866 0.860254
vn -0.000000 0.486077 0.873916
vn 0.000000 0.486077 0.873916
vn 0.000000 0.461918 0.886923
vn -0.000000 0.461918 0.886923
vn -0.000000 0.437413 0.899261
vn -0.000000 0.437413 0.899261
vn 0.000000 0.412576 0.910923
vn -0.000000 0.412576 0.910923
vn 0.000000 0.387431 0.921899
vn -0.000000 0.387431 0.921899
vn -0.000000 0.361994 0.932180
vn -0.000000 0.361994 0.932180
vn -0.000000 0.336284 0.941761
vn -0.000000 0.310321 0.950632
vn 0.000000 0.336284 0.941761
vn -0.000000 0.310321 0.950632
vn -0.000000 0.284126 0.958787
vn -0.000000 0.257714 0.966221
vn 0.000000 0.284126 0.958787
vn -0.000000 0.257714 0.966221
vn -0.000000 0.231110 0.972928
vn -0.000000 0.231110 0.972928
vn -0.000000 0.204331 0.978902
vn -0.000000 0.177401 0.984139
vn 0.000000 0.204331 0.978902
vn -0.000000 0.177401 0.984139
vn -0.000000 0.150333 0.988635
vn -0.000000 0.123155 0.992387
vn 0.000000 0.150333 0.988635
vn -0.000000 0.123155 0.992387
vn -0.000000 0.095884 0.995393
vn 0.000000 0.095884 0.995393
vn -0.000000 0.068539 0.997648
vn 0.000000 0.068539 0.997648
vn -0.000000 0.041145 0.999153
vn -0.000000 0.013717 0.999906
vn 0.000000 0.041145 0.999153
vn -0.000000 0.013717 0.999906
vn 0.000000 -1.000000 0.000000
vn 0.000000 -1.000000 0.000000
vn 0.000000 -0.500000 0.866025
vn 0.000000 -0.500000 0.866025
vn 0.000000 -0.500000 -0.866025
vn -0.000000 -0.500000 -0.866025
vn 0.000000 0.500000 0.866025
vn 0.000000 0.500000 0.866025
vn 0.000000 0.500000 -0.866025
vn 0.000000 0.500000 -0.866025
vn 0.000000 1.000000 0.000000
vn 0.000000 1.000000 0.000000
vn 0.000000 -0.707107 -0.707107
vn -0.000000 -0.707107 -0.707107
vn 0.000000 -0.965926 0.258819
vn 0.000000 -0.965926 0.258819
vn 0.000000 0.258819 -0.965926
vn 0.000000 0.258819 -0.965926
vn 0.000000 -0.258819 0.965926
vn 0.000000 -0.258819 0.965926
vn 0.000000 0.965926 -0.258819
vn 0.000000 0.965926 -0.258819
vn 0.000000 0.707107 0.707107
vn 0.000000 0.707107 0.707107
f 1//1 2//1 3//1
f 3//2 2//2 4//2
f 5//3 1//3 6//3
f 6//4 1//4 3//4
f 7//5 8//5 9//5
f 9//6 8//6 10//6
f 11//7 12//7 13//7
f 11//8 13//8 14//8
f 2//9 15//9 4//9
f 4//10 15//10 16//10
f 17//11 5//11 18//11
f 18//12 5//12 6//12
f 19//13 7//13 20//13
f 20//14 7//14 9//14
f 12//15 21//15 22//15
f 12//16 22//16 13//16
f 23//17 24//17 25//17
f 25//18 26//18 23//18
f 25//19 27//19 26//19
f 23//20 28//20 24//20
f 23//21 29//21 30//21
f 30//22 31//22 23//22
f 23//23 31//23 28//23
f 26//24 32//24 33//24
f 27//25 32//25 26//25
f 29//26 34//26 30//26
f 35//27 36//27 37//27
f 35//28 38//28 36//28
f 36//29 39//29 37//29
f 35//30 40//30 38//30
f 39//31 41//31 37//31
f 35//32 42//32 40//32
f 41//33 43//33 37//33
f 35//34 44//34 42//34
f 43//35 45//35 37//35
f 35//36 46//36 44//36
f 45//37 47//37 37//37
f 35//38 48//38 46//38
f 47//39 49//39 37//39
f 35//40 50//40 48//40
f 49//41 51//41 37//41
f 35//42 52//42 50//42
f 51//43 53//43 37//43
f 35//44 54//44 52//44
f 53//45 55//45 37//45
f 35//46 56//46 54//46
f 55//47 57//47 37//47
f 35//48 58//48 56//48
f 57//49 59//49 37//49
f 35//50 60//50 58//50
f 59//51 61//51 37//51
f 35//52 62//52 60//52
f 33//53 63//53 26//53
f 64//54 63//54 33//54
f 61//55 65//55 37//55
f 35//56 66//56 62//56
f 37//57 67//57 27//57
f 65//58 67//58 37//58
f 27//59 67//59 32//59
f 67//60 68//60 32//60
f 31//61 69//61 28//61
f 28//62 69//62 35//62
f 70//63 69//63 31//63
f 35//64 69//64 66//64
f 67//65 71//65 68//65
f 70//66 72//66 69//66
f 71//67 73//67 68//67
f 70//68 74//68 72//68
f 73//69 75//69 68//69
f 70//70 76//70 74//70
f 75//71 77//71 68//71
f 70//72 78//72 76//72
f 77//73 79//73 68//73
f 70//74 80//74 78//74
f 79//75 81//75 68//75
f 70//76 82//76 80//76
f 81//77 83//77 68//77
f 70//78 84//78 82//78
f 83//79 85//79 68//79
f 70//80 86//80 84//80
f 85//81 87//81 68//81
f 70//82 88//82 86//82
f 87//83 89//83 68//83
f 70//84 90//84 88//84
f 89//85 91//85 68//85
f 70//86 92//86 90//86
f 91//87 93//87 68//87
f 70//88 94//88 92//88
f 93//89 95//89 68//89
f 70//90 96//90 94//90
f 64//91 97//91 63//91
f 95//92 98//92 68//92
f 70//93 99//93 96//93
f 99//94 100//94 101//94
f 101//95 100//95 102//95
f 102//96 100//96 103//96
f 103//97 100//97 104//97
f 104//98 100//98 105//98
f 70//99 100//99 99//99
f 106//100 107//100 108//100
f 108//101 107//101 109//101
f 109//102 107//102 110//102
f 110//103 107//103 111//103
f 111//104 107//104 98//104
f 98//105 107//105 68//105
f 106//106 112//106 107//106
f 100//107 113//107 105//107
f 112//108 114//108 107//108
f 100//109 115//109 113//109
f 114//110 116//110 107//110
f 100//111 117//111 115//111
f 116//112 118//112 107//112
f 100//113 119//113 117//113
f 118//114 120//114 107//114
f 100//115 121//115 119//115
f 120//116 122//116 107//116
f 100//117 123//117 121//117
f 97//118 124//118 63//118
f 122//119 125//119 107//119
f 100//120 126//120 123//120
f 125//121 127//121 107//121
f 100//122 128//122 126//122
f 107//123 129//123 97//123
f 127//124 129//124 107//124
f 130//125 131//125 100//125
f 132//126 131//126 130//126
f 100//127 131//127 128//127
f 129//128 133//128 97//128
f 97//129 133//129 124//129
f 34//130 134//130 130//130
f 130//131 134//131 132//131
f 29//132 134//132 34//132
f 124//133 135//133 63//133
f 134//134 136//134 132//134
f 132//135 137//135 131//135
f 131//136 137//136 138//136
f 138//137 137//137 139//137
f 139//138 137//138 140//138
f 140//139 137//139 141//139
f 141//140 137//140 142//140
f 142//141 137//141 143//141
f 144//142 145//142 146//142
f 146//143 145//143 133//143
f 133//144 145//144 124//144
f 147//145 145//145 148//145
f 148//146 145//146 149//146
f 149//147 145//147 144//147
f 147//148 150//148 145//148
f 137//149 151//149 143//149
f 150//150 152//150 145//150
f 137//151 153//151 151//151
f 152//152 154//152 145//152
f 137//153 155//153 153//153
f 154//154 156//154 145//154
f 137//155 157//155 155//155
f 156//156 158//156 145//156
f 137//157 159//157 157//157
f 158//158 160//158 145//158
f 137//159 161//159 159//159
f 160//160 162//160 145//160
f 137//161 163//161 161//161
f 162//162 164//162 145//162
f 137//163 165//163 163//163
f 164//164 166//164 145//164
f 137//165 167//165 165//165
f 134//166 168//166 136//166
f 137//167 169//167 167//167
f 167//168 169//168 170//168
f 170//169 169//169 171//169
f 171//170 169//170 172//170
f 172//171 169//171 173//171
f 173//172 169//172 174//172
f 174//173 169//173 175//173
f 175//174 169//174 176//174
f 166//175 177//175 145//175
f 178//176 177//176 179//176
f 179//177 177//177 180//177
f 180//178 177//178 181//178
f 181//179 177//179 182//179
f 182//180 177//180 183//180
f 183//181 177//181 184//181
f 184//182 177//182 185//182
f 185//183 177//183 166//183
f 169//184 186//184 176//184
f 178//185 187//185 177//185
f 169//186 188//186 186//186
f 187//187 189//187 177//187
f 169//188 190//188 188//188
f 189//189 191//189 177//189
f 169//190 192//190 190//190
f 193//191 19//191 135//191
f 135//192 19//192 63//192
f 191//193 194//193 177//193
f 169//194 195//194 192//194
f 194//195 196//195 177//195
f 169//196 197//196 195//196
f 196//197 198//197 177//197
f 169//198 199//198 197//198
f 198//199 200//199 177//199
f 193//200 200//200 19//200
f 169//201 201//201 199//201
f 199//202 202//202 203//202
f 203//203 202//203 204//203
f 204//204 202//204 205//204
f 205//205 202//205 206//205
f 206//206 202//206 207//206
f 207//207 202//207 208//207
f 208//208 202//208 209//208
f 209//209 202//209 210//209
f 210//210 202//210 211//210
f 212//211 213//211 214//211
f 214//212 213//212 215//212
f 215//213 213//213 216//213
f 216//214 213//214 217//214
f 217//215 213//215 218//215
f 218//216 213//216 219//216
f 219//217 213//217 220//217
f 220//218 213//218 221//218
f 221//219 213//219 198//219
f 212//220 222//220 213//220
f 202//221 223//221 211//221
f 222//222 224//222 213//222
f 202//223 225//223 223//223
f 224//224 226//224 213//224
f 202//225 227//225 225//225
f 226//226 228//226 213//226
f 202//227 229//227 227//227
f 228//228 230//228 213//228
f 202//229 231//229 229//229
f 198//230 232//230 200//230
f 200//231 232//231 19//231
f 213//232 232//232 198//232
f 201//233 233//233 199//233
f 199//234 233//234 202//234
f 231//235 234//235 235//235
f 235//236 234//236 236//236
f 236//237 234//237 237//237
f 237//238 234//238 238//238
f 238//239 234//239 239//239
f 239//240 234//240 240//240
f 240//241 234//241 241//241
f 241//242 234//242 242//242
f 242//243 234//243 243//243
f 243//244 234//244 244//244
f 244//245 234//245 245//245
f 245//246 234//246 246//246
f 246//247 234//247 247//247
f 247//248 234//248 248//248
f 202//249 234//249 231//249
f 230//250 249//250 213//250
f 250//251 249//251 251//251
f 251//252 249//252 252//252
f 252//253 249//253 253//253
f 253//254 249//254 254//254
f 254//255 249//255 255//255
f 255//256 249//256 256//256
f 256//257 249//257 257//257
f 257//258 249//258 258//258
f 258//259 249//259 259//259
f 259//260 249//260 260//260
f 260//261 249//261 261//261
f 261//262 249//262 262//262
f 262//263 249//263 263//263
f 263//264 249//264 230//264
f 250//265 264//265 249//265
f 134//266 265//266 168//266
f 201//267 265//267 233//267
f 168//268 265//268 201//268
f 266//269 267//269 268//269
f 268//270 267//270 269//270
f 269//271 267//271 270//271
f 270//272 267//272 271//272
f 271//273 267//273 272//273
f 272//274 267//274 273//274
f 273//275 267//275 274//275
f 274//276 267//276 275//276
f 275//277 267//277 276//277
f 276//278 267//278 277//278
f 277//279 267//279 278//279
f 278//280 267//280 279//280
f 279//281 267//281 280//281
f 280//282 267//282 264//282
f 281//283 282//283 283//283
f 283//284 282//284 284//284
f 284//285 282//285 285//285
f 285//286 282//286 286//286
f 286//287 282//287 287//287
f 287//288 282//288 288//288
f 266//289 282//289 267//289
f 288//290 282//290 289//290
f 289//291 282//291 290//291
f 290//292 282//292 291//292
f 291//293 282//293 292//293
f 292//294 282//294 293//294
f 293//295 282//295 294//295
f 294//296 282//296 295//296
f 295//297 282//297 266//297
f 265//298 296//298 233//298
f 232//299 297//299 19//299
f 264//300 298//300 249//300
f 234//301 299//301 248//301
f 248//302 299//302 281//302
f 297//303 7//303 19//303
f 267//304 300//304 264//304
f 264//305 300//305 298//305
f 281//306 301//306 282//306
f 299//307 301//307 281//307
f 297//308 302//308 7//308
f 265//309 303//309 296//309
f 299//310 303//310 301//310
f 296//311 303//311 304//311
f 304//312 303//312 299//312
f 303//313 305//313 301//313
f 302//314 8//314 7//314
f 298//315 8//315 302//315
f 300//316 8//316 298//316
f 303//317 8//317 305//317
f 305//318 8//318 306//318
f 306//319 8//319 300//319
f 8//320 15//320 10//320
f 8//321 303//321 15//321
f 307//322 308//322 309//322
f 310//323 307//323 309//323
f 311//324 307//324 310//324
f 312//325 309//325 308//325
f 313//326 309//326 314//326
f 315//327 310//327 316//327
f 315//328 311//328 310//328
f 317//329 314//329 309//329
f 317//330 309//330 312//330
f 318//331 313//331 314//331
f 319//332 316//332 310//332
f 320//333 321//333 322//333
f 323//334 321//334 320//334
f 324//335 320//335 322//335
f 325//336 321//336 323//336
f 326//337 324//337 322//337
f 327//338 321//338 325//338
f 328//339 326//339 322//339
f 329//340 321//340 327//340
f 330//341 328//341 322//341
f 331//342 321//342 329//342
f 332//343 330//343 322//343
f 333//344 321//344 331//344
f 334//345 332//345 322//345
f 335//346 321//346 333//346
f 336//347 334//347 322//347
f 337//348 321//348 335//348
f 338//349 336//349 322//349
f 339//350 321//350 337//350
f 340//351 338//351 322//351
f 341//352 321//352 339//352
f 342//353 340//353 322//353
f 343//354 321//354 341//354
f 344//355 342//355 322//355
f 345//356 321//356 343//356
f 346//357 344//357 322//357
f 347//358 321//358 345//358
f 348//359 319//359 310//359
f 349//360 346//360 322//360
f 350//361 321//361 347//361
f 351//362 322//362 311//362
f 351//363 311//363 315//363
f 351//364 349//364 322//364
f 352//365 351//365 315//365
f 353//366 312//366 321//366
f 353//367 317//367 312//367
f 353//368 321//368 350//368
f 353//369 354//369 317//369
f 355//370 351//370 352//370
f 356//371 354//371 353//371
f 357//372 355//372 352//372
f 358//373 354//373 356//373
f 359//374 357//374 352//374
f 360//375 354//375 358//375
f 361//376 359//376 352//376
f 362//377 354//377 360//377
f 363//378 361//378 352//378
f 364//379 354//379 362//379
f 365//380 363//380 352//380
f 366//381 354//381 364//381
f 367//382 365//382 352//382
f 368//383 354//383 366//383
f 369//384 367//384 352//384
f 370//385 354//385 368//385
f 371//386 369//386 352//386
f 372//387 354//387 370//387
f 373//388 371//388 352//388
f 374//389 354//389 372//389
f 375//390 373//390 352//390
f 376//391 354//391 374//391
f 377//392 375//392 352//392
f 378//393 354//393 376//393
f 379//394 377//394 352//394
f 380//395 354//395 378//395
f 381//396 319//396 348//396
f 382//397 379//397 352//397
f 383//398 354//398 380//398
f 384//399 354//399 383//399
f 384//400 383//400 385//400
f 384//401 385//401 386//401
f 384//402 386//402 387//402
f 384//403 387//403 388//403
f 384//404 388//404 389//404
f 390//405 391//405 392//405
f 390//406 392//406 393//406
f 390//407 393//407 394//407
f 390//408 394//408 395//408
f 390//409 395//409 382//409
f 390//410 382//410 352//410
f 396//411 391//411 390//411
f 397//412 384//412 389//412
f 398//413 396//413 390//413
f 399//414 384//414 397//414
f 400//415 398//415 390//415
f 401//416 384//416 399//416
f 402//417 400//417 390//417
f 403//418 384//418 401//418
f 404//419 402//419 390//419
f 405//420 384//420 403//420
f 406//421 404//421 390//421
f 407//422 384//422 405//422
f 408//423 381//423 348//423
f 409//424 406//424 390//424
f 410//425 384//425 407//425
f 411//426 409//426 390//426
f 412//427 384//427 410//427
f 413//428 390//428 381//428
f 413//429 411//429 390//429
f 414//430 384//430 412//430
f 414//431 415//431 384//431
f 414//432 416//432 415//432
f 417//433 381//433 408//433
f 417//434 413//434 381//434
f 418//435 313//435 318//435
f 418//436 318//436 415//436
f 418//437 415//437 416//437
f 419//438 418//438 416//438
f 420//439 416//439 414//439
f 420//440 414//440 421//440
f 420//441 421//441 422//441
f 420//442 422//442 423//442
f 420//443 423//443 424//443
f 420//444 424//444 425//444
f 420//445 425//445 426//445
f 427//446 408//446 348//446
f 428//447 429//447 430//447
f 428//448 430//448 417//448
f 428//449 417//449 408//449
f 428//450 431//450 432//450
f 428//451 432//451 433//451
f 428//452 433//452 429//452
f 434//453 431//453 428//453
f 435//454 420//454 426//454
f 436//455 434//455 428//455
f 437//456 420//456 435//456
f 438//457 436//457 428//457
f 439//458 420//458 437//458
f 440//459 438//459 428//459
f 441//460 420//460 439//460
f 442//461 440//461 428//461
f 443//462 420//462 441//462
f 444//463 442//463 428//463
f 445//464 420//464 443//464
f 446//465 444//465 428//465
f 447//466 420//466 445//466
f 448//467 446//467 428//467
f 449//468 420//468 447//468
f 450//469 448//469 428//469
f 451//470 420//470 449//470
f 452//471 420//471 451//471
f 452//472 451//472 453//472
f 452//473 453//473 454//473
f 452//474 454//474 455//474
f 452//475 455//475 456//475
f 452//476 456//476 457//476
f 452//477 457//477 458//477
f 452//478 458//478 459//478
f 460//479 450//479 428//479
f 460//480 461//480 462//480
f 460//481 462//481 463//481
f 460//482 463//482 464//482
f 460//483 464//483 465//483
f 460//484 465//484 466//484
f 460//485 466//485 467//485
f 460//486 467//486 468//486
f 460//487 468//487 450//487
f 469//488 418//488 419//488
f 470//489 452//489 459//489
f 471//490 461//490 460//490
f 472//491 452//491 470//491
f 473//492 471//492 460//492
f 474//493 452//493 472//493
f 475//494 473//494 460//494
f 476//495 452//495 474//495
f 21//496 477//496 427//496
f 21//497 427//497 348//497
f 478//498 475//498 460//498
f 479//499 452//499 476//499
f 480//500 478//500 460//500
f 481//501 452//501 479//501
f 482//502 480//502 460//502
f 483//503 452//503 481//503
f 484//504 452//504 483//504
f 485//505 482//505 460//505
f 485//506 477//506 21//506
f 486//507 487//507 488//507
f 486//508 488//508 489//508
f 486//509 489//509 490//509
f 486//510 490//510 491//510
f 486//511 491//511 492//511
f 486//512 492//512 493//512
f 486//513 493//513 494//513
f 486//514 494//514 495//514
f 486//515 495//515 482//515
f 496//516 483//516 497//516
f 496//517 497//517 498//517
f 496//518 498//518 499//518
f 496//519 499//519 500//519
f 496//520 500//520 501//520
f 496//521 501//521 502//521
f 496//522 502//522 503//522
f 496//523 503//523 504//523
f 496//524 504//524 505//524
f 506//525 487//525 486//525
f 507//526 496//526 505//526
f 508//527 506//527 486//527
f 509//528 496//528 507//528
f 510//529 508//529 486//529
f 511//530 496//530 509//530
f 512//531 510//531 486//531
f 513//532 496//532 511//532
f 514//533 512//533 486//533
f 515//534 496//534 513//534
f 516//535 482//535 485//535
f 516//536 486//536 482//536
f 516//537 485//537 21//537
f 517//538 484//538 483//538
f 517//539 483//539 496//539
f 518//540 496//540 515//540
f 518//541 515//541 519//541
f 518//542 519//542 520//542
f 518//543 520//543 521//543
f 518//544 521//544 522//544
f 518//545 522//545 523//545
f 518//546 523//546 524//546
f 518//547 524//547 525//547
f 518//548 525//548 526//548
f 518//549 526//549 527//549
f 518//550 527//550 528//550
f 518//551 528//551 529//551
f 518//552 529//552 530//552
f 518//553 530//553 531//553
f 518//554 531//554 532//554
f 533//555 514//555 486//555
f 533//556 534//556 535//556
f 533//557 535//557 536//557
f 533//558 536//558 537//558
f 533//559 537//559 538//559
f 533//560 538//560 539//560
f 533//561 539//561 540//561
f 533//562 540//562 541//562
f 533//563 541//563 542//563
f 533//564 542//564 543//564
f 533//565 543//565 544//565
f 533//566 544//566 545//566
f 533//567 545//567 546//567
f 533//568 546//568 547//568
f 533//569 547//569 514//569
f 548//570 534//570 533//570
f 549//571 484//571 517//571
f 549//572 418//572 469//572
f 549//573 469//573 484//573
f 550//574 551//574 552//574
f 550//575 552//575 553//575
f 550//576 553//576 554//576
f 550//577 554//577 555//577
f 550//578 555//578 556//578
f 550//579 556//579 557//579
f 550//580 557//580 558//580
f 550//581 558//581 559//581
f 550//582 559//582 560//582
f 550//583 560//583 561//583
f 550//584 561//584 562//584
f 550//585 562//585 563//585
f 550//586 563//586 564//586
f 550//587 564//587 548//587
f 565//588 566//588 567//588
f 565//589 567//589 568//589
f 565//590 551//590 550//590
f 565//591 568//591 569//591
f 565//592 569//592 570//592
f 565//593 570//593 571//593
f 565//594 571//594 572//594
f 565//595 572//595 573//595
f 565//596 573//596 574//596
f 565//597 574//597 575//597
f 565//598 575//598 576//598
f 565//599 576//599 577//599
f 565//600 577//600 578//600
f 565//601 578//601 579//601
f 565//602 579//602 551//602
f 580//603 549//603 517//603
f 581//604 516//604 21//604
f 582//605 518//605 532//605
f 582//606 532//606 566//606
f 583//607 548//607 533//607
f 12//608 581//608 21//608
f 584//609 582//609 566//609
f 584//610 566//610 565//610
f 585//611 548//611 583//611
f 585//612 550//612 548//612
f 586//613 549//613 580//613
f 587//614 581//614 12//614
f 588//615 582//615 584//615
f 588//616 549//616 586//616
f 588//617 586//617 582//617
f 589//618 588//618 584//618
f 11//619 583//619 587//619
f 11//620 587//620 12//620
f 11//621 585//621 583//621
f 11//622 588//622 589//622
f 11//623 589//623 590//623
f 11//624 590//624 585//624
f 588//625 11//625 14//625
f 588//626 14//626 591//626
f 15//627 592//627 16//627
f 16//628 592//628 593//628
f 594//629 17//629 595//629
f 595//630 17//630 18//630
f 19//631 17//631 63//631
f 20//632 17//632 19//632
f 596//633 21//633 348//633
f 596//634 22//634 21//634
f 592//635 15//635 303//635
f 592//636 303//636 265//636
f 63//637 594//637 26//637
f 17//638 594//638 63//638
f 597//639 592//639 265//639
f 597//640 265//640 134//640
f 594//641 598//641 23//641
f 594//642 23//642 26//642
f 29//643 597//643 134//643
f 599//644 597//644 29//644
f 23//645 599//645 29//645
f 598//646 599//646 23//646
f 600//647 601//647 25//647
f 600//648 25//648 24//648
f 601//649 602//649 27//649
f 601//650 27//650 25//650
f 28//651 600//651 24//651
f 603//652 600//652 28//652
f 27//653 604//653 37//653
f 602//654 604//654 27//654
f 35//655 603//655 28//655
f 605//656 603//656 35//656
f 604//657 605//657 35//657
f 604//658 35//658 37//658
f 606//659 607//659 64//659
f 606//660 64//660 33//660
f 64//661 608//661 97//661
f 607//662 608//662 64//662
f 32//663 606//663 33//663
f 609//664 606//664 32//664
f 97//665 610//665 107//665
f 608//666 610//666 97//666
f 68//667 609//667 32//667
f 611//668 609//668 68//668
f 610//669 611//669 68//669
f 610//670 68//670 107//670
f 135//671 612//671 193//671
f 613//672 612//672 135//672
f 612//673 614//673 200//673
f 612//674 200//674 193//674
f 615//675 613//675 135//675
f 615//676 135//676 124//676
f 614//677 616//677 177//677
f 614//678 177//678 200//678
f 145//679 615//679 124//679
f 617//680 615//680 145//680
f 177//681 617//681 145//681
f 616//682 617//682 177//682
f 297//683 618//683 302//683
f 619//684 618//684 297//684
f 618//685 620//685 298//685
f 618//686 298//686 302//686
f 621//687 619//687 297//687
f 621//688 297//688 232//688
f 620//689 622//689 249//689
f 620//690 249//690 298//690
f 623//691 621//691 232//691
f 623//692 232//692 213//692
f 249//693 623//693 213//693
f 622//694 623//694 249//694
f 34//695 624//695 30//695
f 625//696 624//696 34//696
f 30//697 626//697 31//697
f 624//698 626//698 30//698
f 130//699 625//699 34//699
f 627//700 625//700 130//700
f 31//701 628//701 70//701
f 626//702 628//702 31//702
f 629//703 627//703 130//703
f 629//704 130//704 100//704
f 628//705 629//705 100//705
f 628//706 100//706 70//706
f 168//707 630//707 136//707
f 631//708 630//708 168//708
f 136//709 632//709 132//709
f 630//710 632//710 136//710
f 633//711 631//711 168//711
f 633//712 168//712 201//712
f 132//713 634//713 137//713
f 632//714 634//714 132//714
f 169//715 633//715 201//715
f 635//716 633//716 169//716
f 137//717 635//717 169//717
f 634//718 635//718 137//718
f 636//719 637//719 638//719
f 636//720 639//720 640//720
f 636//721 641//721 639//721
f 636//722 642//722 637//722
f 636//723 640//723 642//723
f 643//724 142//724 143//724
f 643//725 143//725 151//725
f 643//726 638//726 142//726
f 644//727 636//727 638//727
f 644//728 641//728 636//728
f 644//729 645//729 641//729
f 644//730 646//730 645//730
f 644//731 638//731 643//731
f 647//732 151//732 153//732
f 647//733 153//733 155//733
f 648//734 99//734 101//734
f 647//735 644//735 643//735
f 647//736 643//736 151//736
f 649//737 646//737 644//737
f 649//738 650//738 646//738
f 649//739 651//739 650//739
f 649//740 644//740 647//740
f 652//741 155//741 157//741
f 652//742 157//742 159//742
f 652//743 647//743 155//743
f 653//744 651//744 649//744
f 653//745 649//745 647//745
f 653//746 647//746 652//746
f 653//747 654//747 651//747
f 653//748 655//748 654//748
f 656//749 657//749 658//749
f 659//750 159//750 161//750
f 659//751 161//751 163//751
f 659//752 652//752 159//752
f 660//753 652//753 659//753
f 660//754 661//754 655//754
f 660//755 662//755 661//755
f 660//756 653//756 652//756
f 660//757 655//757 653//757
f 663//758 659//758 163//758
f 663//759 163//759 165//759
f 663//760 165//760 167//760
f 663//761 660//761 659//761
f 664//762 660//762 663//762
f 664//763 665//763 662//763
f 664//764 666//764 665//764
f 664//765 662//765 660//765
f 667//766 663//766 167//766
f 667//767 167//767 170//767
f 667//768 170//768 171//768
f 668//769 664//769 663//769
f 668//770 666//770 664//770
f 668//771 663//771 667//771
f 668//772 669//772 666//772
f 668//773 670//773 669//773
f 671//774 171//774 172//774
f 671//775 172//775 173//775
f 671//776 667//776 171//776
f 672//777 668//777 667//777
f 672//778 670//778 668//778
f 672//779 667//779 671//779
f 672//780 673//780 670//780
f 672//781 674//781 673//781
f 675//782 173//782 174//782
f 675//783 174//783 175//783
f 675//784 671//784 173//784
f 675//785 672//785 671//785
f 676//786 674//786 672//786
f 676//787 672//787 675//787
f 676//788 677//788 674//788
f 676//789 678//789 677//789
f 679//790 675//790 175//790
f 679//791 175//791 176//791
f 679//792 176//792 186//792
f 679//793 676//793 675//793
f 680//794 676//794 679//794
f 680//795 681//795 678//795
f 680//796 682//796 681//796
f 680//797 678//797 676//797
f 683//798 679//798 186//798
f 683//799 186//799 188//799
f 683//800 188//800 190//800
f 684//801 680//801 679//801
f 684//802 682//802 680//802
f 684//803 685//803 682//803
f 684//804 686//804 685//804
f 684//805 679//805 683//805
f 687//806 190//806 192//806
f 687//807 192//807 195//807
f 687//808 683//808 190//808
f 688//809 684//809 683//809
f 688//810 686//810 684//810
f 688//811 683//811 687//811
f 688//812 689//812 686//812
f 688//813 690//813 689//813
f 691//814 195//814 197//814
f 691//815 197//815 199//815
f 691//816 687//816 195//816
f 692//817 688//817 687//817
f 692//818 687//818 691//818
f 692//819 690//819 688//819
f 692//820 693//820 690//820
f 692//821 694//821 693//821
f 695//822 691//822 199//822
f 695//823 199//823 203//823
f 695//824 203//824 204//824
f 695//825 692//825 691//825
f 696//826 694//826 692//826
f 696//827 692//827 695//827
f 696//828 697//828 694//828
f 696//829 698//829 697//829
f 699//830 695//830 204//830
f 699//831 204//831 205//831
f 699//832 696//832 695//832
f 699//833 205//833 206//833
f 700//834 698//834 696//834
f 700//835 701//835 698//835
f 700//836 702//836 701//836
f 700//837 696//837 699//837
f 703//838 699//838 206//838
f 703//839 206//839 207//839
f 703//840 207//840 208//840
f 704//841 700//841 699//841
f 704//842 702//842 700//842
f 704//843 699//843 703//843
f 704//844 705//844 702//844
f 704//845 706//845 705//845
f 707//846 208//846 209//846
f 707//847 209//847 210//847
f 707//848 703//848 208//848
f 708//849 703//849 707//849
f 708//850 704//850 703//850
f 708//851 709//851 706//851
f 708//852 710//852 709//852
f 708//853 706//853 704//853
f 711//854 210//854 211//854
f 711//855 211//855 223//855
f 711//856 708//856 707//856
f 711//857 707//857 210//857
f 712//858 710//858 708//858
f 712//859 708//859 711//859
f 712//860 713//860 710//860
f 712//861 714//861 713//861
f 715//862 712//862 711//862
f 715//863 223//863 225//863
f 715//864 225//864 227//864
f 715//865 711//865 223//865
f 716//866 714//866 712//866
f 716//867 712//867 715//867
f 716//868 717//868 714//868
f 716//869 718//869 717//869
f 719//870 715//870 227//870
f 719//871 227//871 229//871
f 719//872 229//872 231//872
f 720//873 715//873 719//873
f 720//874 718//874 716//874
f 720//875 721//875 718//875
f 720//876 722//876 721//876
f 720//877 716//877 715//877
f 723//878 719//878 231//878
f 723//879 231//879 235//879
f 723//880 235//880 236//880
f 724//881 719//881 723//881
f 724//882 720//882 719//882
f 724//883 722//883 720//883
f 724//884 725//884 722//884
f 724//885 726//885 725//885
f 727//886 723//886 236//886
f 727//887 236//887 237//887
f 727//888 237//888 238//888
f 728//889 723//889 727//889
f 728//890 724//890 723//890
f 728//891 726//891 724//891
f 728//892 729//892 726//892
f 728//893 730//893 729//893
f 731//894 728//894 727//894
f 731//895 727//895 238//895
f 731//896 238//896 239//896
f 731//897 239//897 240//897
f 732//898 728//898 731//898
f 732//899 730//899 728//899
f 732//900 733//900 730//900
f 732//901 734//901 733//901
f 735//902 731//902 240//902
f 735//903 240//903 241//903
f 735//904 241//904 242//904
f 736//905 731//905 735//905
f 736//906 734//906 732//906
f 736//907 732//907 731//907
f 736//908 737//908 734//908
f 736//909 738//909 737//909
f 739//910 242//910 243//910
f 739//911 243//911 244//911
f 739//912 735//912 242//912
f 740//913 736//913 735//913
f 740//914 735//914 739//914
f 740//915 738//915 736//915
f 740//916 741//916 738//916
f 740//917 742//917 741//917
f 743//918 244//918 245//918
f 743//919 245//919 246//919
f 743//920 739//920 244//920
f 744//921 745//921 742//921
f 744//922 746//922 745//922
f 744//923 739//923 743//923
f 744//924 742//924 740//924
f 744//925 740//925 739//925
f 747//926 246//926 247//926
f 747//927 247//927 248//927
f 747//928 743//928 246//928
f 748//929 749//929 746//929
f 748//930 750//930 749//930
f 748//931 744//931 743//931
f 748//932 746//932 744//932
f 748//933 743//933 747//933
f 751//934 747//934 248//934
f 751//935 248//935 281//935
f 751//936 281//936 283//936
f 752//937 753//937 750//937
f 752//938 754//938 753//938
f 752//939 750//939 748//939
f 752//940 747//940 751//940
f 752//941 748//941 747//941
f 755//942 751//942 283//942
f 755//943 283//943 284//943
f 755//944 284//944 285//944
f 756//945 757//945 754//945
f 756//946 758//946 757//946
f 756//947 751//947 755//947
f 756//948 754//948 752//948
f 756//949 752//949 751//949
f 759//950 755//950 285//950
f 759//951 285//951 286//951
f 759//952 286//952 287//952
f 760//953 756//953 755//953
f 760//954 761//954 758//954
f 760//955 762//955 761//955
f 760//956 758//956 756//956
f 760//957 755//957 759//957
f 763//958 759//958 287//958
f 763//959 287//959 288//959
f 763//960 288//960 289//960
f 764//961 762//961 760//961
f 764//962 760//962 759//962
f 764//963 765//963 762//963
f 764//964 766//964 765//964
f 764//965 759//965 763//965
f 767//966 763//966 289//966
f 767//967 289//967 290//967
f 767//968 290//968 291//968
f 768//969 769//969 766//969
f 768//970 770//970 769//970
f 768//971 766//971 764//971
f 768//972 763//972 767//972
f 768//973 764//973 763//973
f 771//974 767//974 291//974
f 771//975 291//975 292//975
f 771//976 292//976 293//976
f 772//977 767//977 771//977
f 772//978 770//978 768//978
f 772//979 773//979 770//979
f 772//980 774//980 773//980
f 772//981 768//981 767//981
f 775//982 771//982 293//982
f 775//983 293//983 294//983
f 775//984 294//984 295//984
f 776//985 777//985 774//985
f 776//986 778//986 777//986
f 776//987 772//987 771//987
f 776//988 771//988 775//988
f 776//989 774//989 772//989
f 779//990 775//990 295//990
f 779//991 295//991 266//991
f 779//992 266//992 268//992
f 780//993 781//993 778//993
f 780//994 782//994 781//994
f 780//995 775//995 779//995
f 780//996 778//996 776//996
f 780//997 776//997 775//997
f 783//998 779//998 268//998
f 783//999 268//999 269//999
f 783//1000 269//1000 270//1000
f 784//1001 782//1001 780//1001
f 784//1002 785//1002 782//1002
f 784//1003 786//1003 785//1003
f 784//1004 779//1004 783//1004
f 784//1005 780//1005 779//1005
f 787//1006 783//1006 270//1006
f 787//1007 270//1007 271//1007
f 787//1008 271//1008 272//1008
f 788//1009 786//1009 784//1009
f 788//1010 789//1010 786//1010
f 788//1011 790//1011 789//1011
f 788//1012 784//1012 783//1012
f 788//1013 783//1013 787//1013
f 791//1014 787//1014 272//1014
f 791//1015 272//1015 273//1015
f 791//1016 273//1016 274//1016
f 792//1017 793//1017 790//1017
f 792//1018 794//1018 793//1018
f 792//1019 788//1019 787//1019
f 792//1020 787//1020 791//1020
f 792//1021 790//1021 788//1021
f 795//1022 791//1022 274//1022
f 795//1023 274//1023 275//1023
f 795//1024 275//1024 276//1024
f 796//1025 791//1025 795//1025
f 796//1026 797//1026 794//1026
f 796//1027 792//1027 791//1027
f 796//1028 798//1028 797//1028
f 796//1029 794//1029 792//1029
f 799//1030 795//1030 276//1030
f 799//1031 276//1031 277//1031
f 799//1032 277//1032 278//1032
f 800//1033 801//1033 798//1033
f 800//1034 802//1034 801//1034
f 800//1035 796//1035 795//1035
f 800//1036 795//1036 799//1036
f 800//1037 798//1037 796//1037
f 803//1038 278//1038 279//1038
f 803//1039 279//1039 280//1039
f 803//1040 799//1040 278//1040
f 804//1041 805//1041 802//1041
f 804//1042 806//1042 805//1042
f 804//1043 802//1043 800//1043
f 804//1044 800//1044 799//1044
f 804//1045 799//1045 803//1045
f 807//1046 280//1046 264//1046
f 807//1047 264//1047 250//1047
f 807//1048 803//1048 280//1048
f 808//1049 804//1049 803//1049
f 808//1050 809//1050 806//1050
f 808//1051 810//1051 809//1051
f 808//1052 806//1052 804//1052
f 808//1053 803//1053 807//1053
f 811//1054 250//1054 251//1054
f 811//1055 251//1055 252//1055
f 811//1056 807//1056 250//1056
f 812//1057 807//1057 811//1057
f 812//1058 813//1058 810//1058
f 812//1059 814//1059 813//1059
f 812//1060 808//1060 807//1060
f 812//1061 810//1061 808//1061
f 815//1062 252//1062 253//1062
f 815//1063 253//1063 254//1063
f 815//1064 811//1064 252//1064
f 816//1065 811//1065 815//1065
f 816//1066 812//1066 811//1066
f 816//1067 817//1067 814//1067
f 816//1068 818//1068 817//1068
f 816//1069 814//1069 812//1069
f 819//1070 254//1070 255//1070
f 819//1071 255//1071 256//1071
f 819//1072 815//1072 254//1072
f 819//1073 816//1073 815//1073
f 820//1074 821//1074 818//1074
f 820//1075 822//1075 821//1075
f 820//1076 816//1076 819//1076
f 820//1077 818//1077 816//1077
f 823//1078 819//1078 256//1078
f 823//1079 256//1079 257//1079
f 823//1080 257//1080 258//1080
f 824//1081 822//1081 820//1081
f 824//1082 825//1082 822//1082
f 824//1083 826//1083 825//1083
f 824//1084 820//1084 819//1084
f 824//1085 819//1085 823//1085
f 827//1086 258//1086 259//1086
f 827//1087 259//1087 260//1087
f 827//1088 823//1088 258//1088
f 828//1089 824//1089 823//1089
f 828//1090 829//1090 826//1090
f 828//1091 830//1091 829//1091
f 828//1092 826//1092 824//1092
f 828//1093 823//1093 827//1093
f 831//1094 260//1094 261//1094
f 831//1095 261//1095 262//1095
f 831//1096 827//1096 260//1096
f 832//1097 830//1097 828//1097
f 832//1098 827//1098 831//1098
f 832//1099 833//1099 830//1099
f 832//1100 834//1100 833//1100
f 832//1101 828//1101 827//1101
f 835//1102 262//1102 263//1102
f 835//1103 263//1103 230//1103
f 835//1104 831//1104 262//1104
f 836//1105 834//1105 832//1105
f 836//1106 831//1106 835//1106
f 836//1107 837//1107 834//1107
f 836//1108 832//1108 831//1108
f 838//1109 230//1109 228//1109
f 838//1110 835//1110 230//1110
f 839//1111 837//1111 836//1111
f 839//1112 836//1112 835//1112
f 839//1113 835//1113 838//1113
f 839//1114 840//1114 837//1114
f 839//1115 841//1115 840//1115
f 842//1116 228//1116 226//1116
f 842//1117 226//1117 224//1117
f 842//1118 838//1118 228//1118
f 843//1119 839//1119 838//1119
f 843//1120 844//1120 841//1120
f 843//1121 845//1121 844//1121
f 843//1122 841//1122 839//1122
f 843//1123 838//1123 842//1123
f 846//1124 224//1124 222//1124
f 846//1125 222//1125 212//1125
f 846//1126 842//1126 224//1126
f 847//1127 848//1127 845//1127
f 847//1128 849//1128 848//1128
f 847//1129 843//1129 842//1129
f 847//1130 842//1130 846//1130
f 847//1131 845//1131 843//1131
f 850//1132 212//1132 214//1132
f 850//1133 214//1133 215//1133
f 850//1134 846//1134 212//1134
f 851//1135 846//1135 850//1135
f 851//1136 847//1136 846//1136
f 851//1137 849//1137 847//1137
f 851//1138 852//1138 849//1138
f 851//1139 853//1139 852//1139
f 854//1140 215//1140 216//1140
f 854//1141 216//1141 217//1141
f 854//1142 850//1142 215//1142
f 855//1143 850//1143 854//1143
f 855//1144 851//1144 850//1144
f 855//1145 856//1145 853//1145
f 855//1146 857//1146 856//1146
f 855//1147 853//1147 851//1147
f 858//1148 217//1148 218//1148
f 858//1149 854//1149 217//1149
f 858//1150 218//1150 219//1150
f 859//1151 854//1151 858//1151
f 859//1152 857//1152 855//1152
f 859//1153 860//1153 857//1153
f 859//1154 861//1154 860//1154
f 859//1155 855//1155 854//1155
f 862//1156 219//1156 220//1156
f 862//1157 220//1157 221//1157
f 862//1158 858//1158 219//1158
f 863//1159 861//1159 859//1159
f 863//1160 864//1160 861//1160
f 863//1161 865//1161 864//1161
f 863//1162 859//1162 858//1162
f 863//1163 858//1163 862//1163
f 866//1164 862//1164 221//1164
f 866//1165 221//1165 198//1165
f 866//1166 198//1166 196//1166
f 867//1167 865//1167 863//1167
f 867//1168 862//1168 866//1168
f 867//1169 863//1169 862//1169
f 867//1170 868//1170 865//1170
f 867//1171 869//1171 868//1171
f 870//1172 196//1172 194//1172
f 870//1173 194//1173 191//1173
f 870//1174 866//1174 196//1174
f 871//1175 869//1175 867//1175
f 871//1176 866//1176 870//1176
f 871//1177 872//1177 869//1177
f 871//1178 873//1178 872//1178
f 871//1179 867//1179 866//1179
f 874//1180 191//1180 189//1180
f 874//1181 189//1181 187//1181
f 874//1182 870//1182 191//1182
f 875//1183 870//1183 874//1183
f 875//1184 871//1184 870//1184
f 875//1185 873//1185 871//1185
f 875//1186 876//1186 873//1186
f 875//1187 877//1187 876//1187
f 878//1188 874//1188 187//1188
f 878//1189 187//1189 178//1189
f 878//1190 178//1190 179//1190
f 879//1191 880//1191 877//1191
f 879//1192 881//1192 880//1192
f 879//1193 875//1193 874//1193
f 879//1194 874//1194 878//1194
f 879//1195 877//1195 875//1195
f 882//1196 179//1196 180//1196
f 882//1197 180//1197 181//1197
f 882//1198 878//1198 179//1198
f 883//1199 878//1199 882//1199
f 883//1200 881//1200 879//1200
f 883//1201 884//1201 881//1201
f 883//1202 885//1202 884//1202
f 883//1203 879//1203 878//1203
f 886//1204 882//1204 181//1204
f 886//1205 181//1205 182//1205
f 886//1206 182//1206 183//1206
f 887//1207 885//1207 883//1207
f 887//1208 882//1208 886//1208
f 887//1209 888//1209 885//1209
f 887//1210 889//1210 888//1210
f 887//1211 883//1211 882//1211
f 890//1212 183//1212 184//1212
f 890//1213 184//1213 185//1213
f 890//1214 886//1214 183//1214
f 891//1215 889//1215 887//1215
f 891//1216 887//1216 886//1216
f 891//1217 886//1217 890//1217
f 891//1218 892//1218 889//1218
f 891//1219 893//1219 892//1219
f 894//1220 185//1220 166//1220
f 894//1221 166//1221 164//1221
f 894//1222 890//1222 185//1222
f 895//1223 893//1223 891//1223
f 895//1224 891//1224 890//1224
f 895//1225 896//1225 893//1225
f 895//1226 897//1226 896//1226
f 895//1227 890//1227 894//1227
f 898//1228 164//1228 162//1228
f 898//1229 162//1229 160//1229
f 898//1230 894//1230 164//1230
f 899//1231 894//1231 898//1231
f 899//1232 897//1232 895//1232
f 899//1233 900//1233 897//1233
f 899//1234 895//1234 894//1234
f 899//1235 901//1235 900//1235
f 902//1236 898//1236 160//1236
f 902//1237 160//1237 158//1237
f 902//1238 158//1238 156//1238
f 903//1239 898//1239 902//1239
f 903//1240 901//1240 899//1240
f 903//1241 899//1241 898//1241
f 903//1242 904//1242 901//1242
f 903//1243 905//1243 904//1243
f 906//1244 902//1244 156//1244
f 906//1245 903//1245 902//1245
f 906//1246 156//1246 154//1246
f 906//1247 154//1247 152//1247
f 907//1248 903//1248 906//1248
f 907//1249 908//1249 905//1249
f 907//1250 909//1250 908//1250
f 907//1251 905//1251 903//1251
f 910//1252 152//1252 150//1252
f 910//1253 150//1253 147//1253
f 910//1254 906//1254 152//1254
f 911//1255 907//1255 906//1255
f 911//1256 906//1256 910//1256
f 911//1257 909//1257 907//1257
f 911//1258 912//1258 909//1258
f 911//1259 913//1259 912//1259
f 914//1260 147//1260 148//1260
f 914//1261 148//1261 149//1261
f 914//1262 910//1262 147//1262
f 915//1263 913//1263 911//1263
f 915//1264 911//1264 910//1264
f 915//1265 916//1265 913//1265
f 915//1266 917//1266 916//1266
f 915//1267 910//1267 914//1267
f 918//1268 914//1268 149//1268
f 918//1269 149//1269 144//1269
f 918//1270 144//1270 146//1270
f 919//1271 917//1271 915//1271
f 919//1272 915//1272 914//1272
f 919//1273 920//1273 917//1273
f 919//1274 921//1274 920//1274
f 919//1275 914//1275 918//1275
f 922//1276 146//1276 133//1276
f 922//1277 133//1277 129//1277
f 922//1278 918//1278 146//1278
f 923//1279 918//1279 922//1279
f 923//1280 919//1280 918//1280
f 923//1281 924//1281 921//1281
f 923//1282 925//1282 924//1282
f 923//1283 921//1283 919//1283
f 926//1284 129//1284 127//1284
f 926//1285 127//1285 125//1285
f 926//1286 922//1286 129//1286
f 927//1287 922//1287 926//1287
f 927//1288 923//1288 922//1288
f 927//1289 925//1289 923//1289
f 927//1290 928//1290 925//1290
f 927//1291 929//1291 928//1291
f 930//1292 926//1292 125//1292
f 930//1293 125//1293 122//1293
f 930//1294 122//1294 120//1294
f 931//1295 926//1295 930//1295
f 931//1296 927//1296 926//1296
f 931//1297 929//1297 927//1297
f 931//1298 932//1298 929//1298
f 931//1299 933//1299 932//1299
f 934//1300 930//1300 120//1300
f 934//1301 120//1301 118//1301
f 934//1302 118//1302 116//1302
f 935//1303 930//1303 934//1303
f 935//1304 936//1304 933//1304
f 935//1305 931//1305 930//1305
f 935//1306 937//1306 936//1306
f 935//1307 933//1307 931//1307
f 938//1308 934//1308 116//1308
f 938//1309 116//1309 114//1309
f 938//1310 114//1310 112//1310
f 939//1311 937//1311 935//1311
f 939//1312 934//1312 938//1312
f 939//1313 940//1313 937//1313
f 939//1314 941//1314 940//1314
f 939//1315 935//1315 934//1315
f 942//1316 938//1316 112//1316
f 942//1317 112//1317 106//1317
f 942//1318 106//1318 108//1318
f 943//1319 941//1319 939//1319
f 943//1320 939//1320 938//1320
f 943//1321 938//1321 942//1321
f 943//1322 944//1322 941//1322
f 943//1323 945//1323 944//1323
f 946//1324 942//1324 108//1324
f 946//1325 108//1325 109//1325
f 946//1326 109//1326 110//1326
f 947//1327 948//1327 945//1327
f 947//1328 949//1328 948//1328
f 947//1329 943//1329 942//1329
f 947//1330 942//1330 946//1330
f 947//1331 945//1331 943//1331
f 950//1332 946//1332 110//1332
f 950//1333 110//1333 111//1333
f 950//1334 111//1334 98//1334
f 951//1335 952//1335 949//1335
f 951//1336 953//1336 952//1336
f 951//1337 949//1337 947//1337
f 951//1338 947//1338 946//1338
f 951//1339 946//1339 950//1339
f 954//1340 950//1340 98//1340
f 954//1341 98//1341 95//1341
f 954//1342 95//1342 93//1342
f 955//1343 956//1343 953//1343
f 955//1344 957//1344 956//1344
f 955//1345 953//1345 951//1345
f 955//1346 951//1346 950//1346
f 955//1347 950//1347 954//1347
f 958//1348 954//1348 93//1348
f 958//1349 93//1349 91//1349
f 958//1350 91//1350 89//1350
f 959//1351 960//1351 957//1351
f 959//1352 961//1352 960//1352
f 959//1353 957//1353 955//1353
f 959//1354 955//1354 954//1354
f 959//1355 954//1355 958//1355
f 962//1356 958//1356 89//1356
f 962//1357 89//1357 87//1357
f 962//1358 87//1358 85//1358
f 963//1359 964//1359 961//1359
f 963//1360 965//1360 964//1360
f 963//1361 961//1361 959//1361
f 963//1362 959//1362 958//1362
f 963//1363 958//1363 962//1363
f 966//1364 962//1364 85//1364
f 966//1365 85//1365 83//1365
f 966//1366 83//1366 81//1366
f 967//1367 968//1367 965//1367
f 967//1368 969//1368 968//1368
f 967//1369 965//1369 963//1369
f 967//1370 963//1370 962//1370
f 967//1371 962//1371 966//1371
f 970//1372 966//1372 81//1372
f 970//1373 81//1373 79//1373
f 970//1374 79//1374 77//1374
f 971//1375 972//1375 969//1375
f 971//1376 973//1376 972//1376
f 971//1377 969//1377 967//1377
f 971//1378 967//1378 966//1378
f 971//1379 966//1379 970//1379
f 974//1380 970//1380 77//1380
f 974//1381 77//1381 75//1381
f 974//1382 75//1382 73//1382
f 975//1383 970//1383 974//1383
f 975//1384 976//1384 973//1384
f 975//1385 977//1385 976//1385
f 975//1386 973//1386 971//1386
f 975//1387 971//1387 970//1387
f 978//1388 974//1388 73//1388
f 978//1389 73//1389 71//1389
f 978//1390 71//1390 67//1390
f 979//1391 974//1391 978//1391
f 979//1392 975//1392 974//1392
f 979//1393 980//1393 977//1393
f 979//1394 981//1394 980//1394
f 979//1395 977//1395 975//1395
f 982//1396 978//1396 67//1396
f 982//1397 67//1397 65//1397
f 982//1398 65//1398 61//1398
f 983//1399 984//1399 981//1399
f 983//1400 985//1400 984//1400
f 983//1401 978//1401 982//1401
f 983//1402 979//1402 978//1402
f 983//1403 981//1403 979//1403
f 986//1404 982//1404 61//1404
f 986//1405 61//1405 59//1405
f 986//1406 59//1406 57//1406
f 987//1407 988//1407 985//1407
f 987//1408 989//1408 988//1408
f 987//1409 982//1409 986//1409
f 987//1410 985//1410 983//1410
f 987//1411 983//1411 982//1411
f 990//1412 986//1412 57//1412
f 990//1413 57//1413 55//1413
f 990//1414 55//1414 53//1414
f 991//1415 987//1415 986//1415
f 991//1416 992//1416 989//1416
f 991//1417 993//1417 992//1417
f 991//1418 989//1418 987//1418
f 991//1419 986//1419 990//1419
f 994//1420 990//1420 53//1420
f 994//1421 53//1421 51//1421
f 994//1422 51//1422 49//1422
f 995//1423 996//1423 993//1423
f 995//1424 997//1424 996//1424
f 995//1425 990//1425 994//1425
f 995//1426 991//1426 990//1426
f 995//1427 993//1427 991//1427
f 998//1428 994//1428 49//1428
f 998//1429 995//1429 994//1429
f 998//1430 49//1430 47//1430
f 998//1431 47//1431 45//1431
f 999//1432 1000//1432 997//1432
f 999//1433 1001//1433 1000//1433
f 999//1434 995//1434 998//1434
f 999//1435 997//1435 995//1435
f 1002//1436 998//1436 45//1436
f 1002//1437 999//1437 998//1437
f 1002//1438 45//1438 43//1438
f 1002//1439 43//1439 41//1439
f 1003//1440 1004//1440 1001//1440
f 1003//1441 1005//1441 1004//1441
f 1003//1442 1001//1442 999//1442
f 1003//1443 999//1443 1002//1443
f 1006//1444 41//1444 39//1444
f 1006//1445 39//1445 36//1445
f 1006//1446 1003//1446 1002//1446
f 1006//1447 1002//1447 41//1447
f 1007//1448 1008//1448 1005//1448
f 1007//1449 1009//1449 1008//1449
f 1007//1450 1005//1450 1003//1450
f 1007//1451 1003//1451 1006//1451
f 1010//1452 36//1452 38//1452
f 1010//1453 38//1453 40//1453
f 1010//1454 1006//1454 36//1454
f 1011//1455 1009//1455 1007//1455
f 1011//1456 1007//1456 1006//1456
f 1011//1457 1012//1457 1009//1457
f 1011//1458 1013//1458 1012//1458
f 1011//1459 1006//1459 1010//1459
f 1014//1460 40//1460 42//1460
f 1014//1461 42//1461 44//1461
f 1014//1462 1010//1462 40//1462
f 1015//1463 1013//1463 1011//1463
f 1015//1464 1010//1464 1014//1464
f 1015//1465 1016//1465 1013//1465
f 1015//1466 1017//1466 1016//1466
f 1015//1467 1011//1467 1010//1467
f 1018//1468 44//1468 46//1468
f 1018//1469 46//1469 48//1469
f 1018//1470 1014//1470 44//1470
f 1019//1471 1017//1471 1015//1471
f 1019//1472 1014//1472 1018//1472
f 1019//1473 1020//1473 1017//1473
f 1019//1474 1021//1474 1020//1474
f 1019//1475 1015//1475 1014//1475
f 1022//1476 48//1476 50//1476
f 1022//1477 50//1477 52//1477
f 1022//1478 1018//1478 48//1478
f 1022//1479 1019//1479 1018//1479
f 1023//1480 1019//1480 1022//1480
f 1023//1481 1021//1481 1019//1481
f 1023//1482 1024//1482 1021//1482
f 1023//1483 1025//1483 1024//1483
f 1026//1484 52//1484 54//1484
f 1026//1485 54//1485 56//1485
f 1026//1486 1022//1486 52//1486
f 1027//1487 1022//1487 1026//1487
f 1027//1488 1023//1488 1022//1488
f 1027//1489 1025//1489 1023//1489
f 1027//1490 1028//1490 1025//1490
f 1027//1491 1029//1491 1028//1491
f 1030//1492 56//1492 58//1492
f 1030//1493 58//1493 60//1493
f 1030//1494 1026//1494 56//1494
f 1031//1495 1026//1495 1030//1495
f 1031//1496 1027//1496 1026//1496
f 1031//1497 1029//1497 1027//1497
f 1031//1498 1032//1498 1029//1498
f 1031//1499 1033//1499 1032//1499
f 1034//1500 1030//1500 60//1500
f 1034//1501 60//1501 62//1501
f 1034//1502 62//1502 66//1502
f 1034//1503 1031//1503 1030//1503
f 1035//1504 1031//1504 1034//1504
f 1035//1505 1036//1505 1033//1505
f 1035//1506 1033//1506 1031//1506
f 1035//1507 1037//1507 1036//1507
f 1038//1508 1034//1508 66//1508
f 1038//1509 66//1509 69//1509
f 1038//1510 69//1510 72//1510
f 1038//1511 1035//1511 1034//1511
f 1039//1512 1040//1512 1037//1512
f 1039//1513 1041//1513 1040//1513
f 1039//1514 1037//1514 1035//1514
f 1039//1515 1035//1515 1038//1515
f 1042//1516 72//1516 74//1516
f 1042//1517 74//1517 76//1517
f 1042//1518 1038//1518 72//1518
f 1043//1519 1038//1519 1042//1519
f 1043//1520 1044//1520 1041//1520
f 1043//1521 1045//1521 1044//1521
f 1043//1522 1039//1522 1038//1522
f 1043//1523 1041//1523 1039//1523
f 1046//1524 76//1524 78//1524
f 1046//1525 78//1525 80//1525
f 1046//1526 1042//1526 76//1526
f 1047//1527 1043//1527 1042//1527
f 1047//1528 1048//1528 1045//1528
f 1047//1529 1049//1529 1048//1529
f 1047//1530 1042//1530 1046//1530
f 1047//1531 1045//1531 1043//1531
f 1050//1532 80//1532 82//1532
f 1050//1533 82//1533 84//1533
f 1050//1534 1046//1534 80//1534
f 1051//1535 1052//1535 1049//1535
f 1051//1536 1053//1536 1052//1536
f 1051//1537 1046//1537 1050//1537
f 1051//1538 1049//1538 1047//1538
f 1051//1539 1047//1539 1046//1539
f 1054//1540 84//1540 86//1540
f 1054//1541 86//1541 88//1541
f 1054//1542 1050//1542 84//1542
f 1054//1543 1051//1543 1050//1543
f 1055//1544 1056//1544 1053//1544
f 1055//1545 1057//1545 1056//1545
f 1055//1546 1053//1546 1051//1546
f 1055//1547 1051//1547 1054//1547
f 1058//1548 88//1548 90//1548
f 1058//1549 90//1549 92//1549
f 1058//1550 1054//1550 88//1550
f 1058//1551 1055//1551 1054//1551
f 1059//1552 1060//1552 1057//1552
f 1059//1553 1061//1553 1060//1553
f 1059//1554 1057//1554 1055//1554
f 1059//1555 1055//1555 1058//1555
f 1062//1556 92//1556 94//1556
f 1062//1557 94//1557 96//1557
f 1062//1558 96//1558 648//1558
f 1062//1559 1058//1559 92//1559
f 1062//1560 1059//1560 1058//1560
f 1063//1561 648//1561 658//1561
f 1063//1562 1064//1562 1061//1562
f 1063//1563 1065//1563 1064//1563
f 1063//1564 658//1564 1065//1564
f 1063//1565 1061//1565 1059//1565
f 1063//1566 1062//1566 648//1566
f 1063//1567 1059//1567 1062//1567
f 648//1568 96//1568 99//1568
f 657//1569 1065//1569 658//1569
f 1066//1570 101//1570 102//1570
f 1066//1571 102//1571 103//1571
f 1066//1572 648//1572 101//1572
f 1067//1573 658//1573 648//1573
f 1067//1574 1068//1574 656//1574
f 1067//1575 1069//1575 1068//1575
f 1067//1576 648//1576 1066//1576
f 1067//1577 656//1577 658//1577
f 1070//1578 103//1578 104//1578
f 1070//1579 104//1579 105//1579
f 1070//1580 1066//1580 103//1580
f 1071//1581 1069//1581 1067//1581
f 1071//1582 1067//1582 1066//1582
f 1071//1583 1072//1583 1069//1583
f 1071//1584 1073//1584 1072//1584
f 1071//1585 1066//1585 1070//1585
f 1074//1586 105//1586 113//1586
f 1074//1587 113//1587 115//1587
f 1074//1588 1070//1588 105//1588
f 1075//1589 1071//1589 1070//1589
f 1075//1590 1070//1590 1074//1590
f 1075//1591 1076//1591 1073//1591
f 1075//1592 1077//1592 1076//1592
f 1075//1593 1073//1593 1071//1593
f 1078//1594 115//1594 117//1594
f 1078//1595 117//1595 119//1595
f 1078//1596 1074//1596 115//1596
f 1079//1597 1074//1597 1078//1597
f 1079//1598 1080//1598 1077//1598
f 1079//1599 1081//1599 1080//1599
f 1079//1600 1075//1600 1074//1600
f 1079//1601 1077//1601 1075//1601
f 1082//1602 119//1602 121//1602
f 1082//1603 121//1603 123//1603
f 1082//1604 1078//1604 119//1604
f 1083//1605 1079//1605 1078//1605
f 1083//1606 1084//1606 1081//1606
f 1083//1607 1085//1607 1084//1607
f 1083//1608 1081//1608 1079//1608
f 1083//1609 1078//1609 1082//1609
f 1086//1610 1082//1610 123//1610
f 1086//1611 123//1611 126//1611
f 1086//1612 126//1612 128//1612
f 1087//1613 1085//1613 1083//1613
f 1087//1614 1083//1614 1082//1614
f 1087//1615 1088//1615 1085//1615
f 1087//1616 1089//1616 1088//1616
f 1087//1617 1082//1617 1086//1617
f 1090//1618 128//1618 131//1618
f 1090//1619 131//1619 138//1619
f 1090//1620 1086//1620 128//1620
f 1091//1621 1089//1621 1087//1621
f 1091//1622 1087//1622 1086//1622
f 1091//1623 1092//1623 1089//1623
f 1091//1624 1093//1624 1092//1624
f 1091//1625 1086//1625 1090//1625
f 637//1626 138//1626 139//1626
f 637//1627 139//1627 140//1627
f 637//1628 1090//1628 138//1628
f 642//1629 1093//1629 1091//1629
f 642//1630 1090//1630 637//1630
f 642//1631 1094//1631 1093//1631
f 642//1632 640//1632 1094//1632
f 642//1633 1091//1633 1090//1633
f 638//1634 140//1634 141//1634
f 638//1635 141//1635 142//1635
f 638//1636 637//1636 140//1636
f 304//1637 1095//1637 296//1637
f 1096//1638 1095//1638 304//1638
f 1095//1639 1097//1639 233//1639
f 1095//1640 233//1640 296//1640
f 1098//1641 1096//1641 304//1641
f 1098//1642 304//1642 299//1642
f 233//1643 1099//1643 202//1643
f 1097//1644 1099//1644 233//1644
f 234//1645 1098//1645 299//1645
f 1100//1646 1098//1646 234//1646
f 1099//1647 1100//1647 234//1647
f 1099//1648 234//1648 202//1648
f 1101//1649 1102//1649 305//1649
f 1101//1650 305//1650 306//1650
f 1102//1651 1103//1651 301//1651
f 1102//1652 301//1652 305//1652
f 300//1653 1101//1653 306//1653
f 1104//1654 1101//1654 300//1654
f 1103//1655 1105//1655 282//1655
f 1103//1656 282//1656 301//1656
f 267//1657 1104//1657 300//1657
f 1106//1658 1104//1658 267//1658
f 282//1659 1106//1659 267//1659
f 1105//1660 1106//1660 282//1660
f 591//1661 593//1661 588//1661
f 588//1662 593//1662 549//1662
f 595//1663 596//1663 310//1663
f 310//1664 596//1664 348//1664
f 593//1665 418//1665 549//1665
f 593//1666 1107//1666 418//1666
f 1108//1667 595//1667 309//1667
f 309//1668 595//1668 310//1668
f 1107//1669 1109//1669 418//1669
f 418//1670 1109//1670 313//1670
f 1109//1671 309//1671 313//1671
f 1109//1672 1108//1672 309//1672
f 1110//1673 308//1673 307//1673
f 1110//1674 1111//1674 308//1674
f 1112//1675 1110//1675 311//1675
f 311//1676 1110//1676 307//1676
f 1111//1677 1113//1677 308//1677
f 308//1678 1113//1678 312//1678
f 1114//1679 311//1679 322//1679
f 1114//1680 1112//1680 311//1680
f 1113//1681 1115//1681 312//1681
f 312//1682 1115//1682 321//1682
f 1115//1683 322//1683 321//1683
f 1115//1684 1114//1684 322//1684
f 1116//1685 1117//1685 319//1685
f 319//1686 1117//1686 316//1686
f 1118//1687 319//1687 381//1687
f 1118//1688 1116//1688 319//1688
f 1117//1689 1119//1689 316//1689
f 316//1690 1119//1690 315//1690
f 1120//1691 1118//1691 390//1691
f 390//1692 1118//1692 381//1692
f 1119//1693 352//1693 315//1693
f 1119//1694 1121//1694 352//1694
f 1121//1695 390//1695 352//1695
f 1121//1696 1120//1696 390//1696
f 1122//1697 427//1697 477//1697
f 1122//1698 1123//1698 427//1698
f 1124//1699 1122//1699 485//1699
f 485//1700 1122//1700 477//1700
f 1123//1701 1125//1701 427//1701
f 427//1702 1125//1702 408//1702
f 1126//1703 1124//1703 460//1703
f 460//1704 1124//1704 485//1704
f 1125//1705 428//1705 408//1705
f 1125//1706 1127//1706 428//1706
f 1127//1707 460//1707 428//1707
f 1127//1708 1126//1708 460//1708
f 1128//1709 1129//1709 587//1709
f 587//1710 1129//1710 581//1710
f 1130//1711 1128//1711 583//1711
f 583//1712 1128//1712 587//1712
f 1129//1713 516//1713 581//1713
f 1129//1714 1131//1714 516//1714
f 1132//1715 1130//1715 533//1715
f 533//1716 1130//1716 583//1716
f 1131//1717 486//1717 516//1717
f 1131//1718 1133//1718 486//1718
f 1133//1719 533//1719 486//1719
f 1133//1720 1132//1720 533//1720
f 1134//1721 1135//1721 314//1721
f 314//1722 1135//1722 318//1722
f 1136//1723 314//1723 317//1723
f 1136//1724 1134//1724 314//1724
f 1135//1725 1137//1725 318//1725
f 318//1726 1137//1726 415//1726
f 1138//1727 1136//1727 354//1727
f 354//1728 1136//1728 317//1728
f 1137//1729 1139//1729 415//1729
f 415//1730 1139//1730 384//1730
f 1139//1731 1138//1731 384//1731
f 384//1732 1138//1732 354//1732
f 1140//1733 469//1733 419//1733
f 1140//1734 1141//1734 469//1734
f 1142//1735 1140//1735 416//1735
f 416//1736 1140//1736 419//1736
f 1141//1737 1143//1737 469//1737
f 469//1738 1143//1738 484//1738
f 1144//1739 416//1739 420//1739
f 1144//1740 1142//1740 416//1740
f 1143//1741 452//1741 484//1741
f 1143//1742 1145//1742 452//1742
f 1145//1743 1144//1743 452//1743
f 452//1744 1144//1744 420//1744
f 1146//1745 1147//1745 1148//1745
f 1149//1746 1147//1746 1150//1746
f 1151//1747 1147//1747 1149//1747
f 1152//1748 1147//1748 1146//1748
f 1150//1749 1147//1749 1152//1749
f 425//1750 1153//1750 426//1750
f 426//1751 1153//1751 435//1751
f 1148//1752 1153//1752 425//1752
f 1147//1753 1154//1753 1148//1753
f 1151//1754 1154//1754 1147//1754
f 1155//1755 1154//1755 1151//1755
f 1156//1756 1154//1756 1155//1756
f 1148//1757 1154//1757 1153//1757
f 435//1758 1157//1758 437//1758
f 437//1759 1157//1759 439//1759
f 383//1760 1158//1760 385//1760
f 1154//1761 1157//1761 1153//1761
f 1153//1762 1157//1762 435//1762
f 1156//1763 1159//1763 1154//1763
f 1160//1764 1159//1764 1156//1764
f 1161//1765 1159//1765 1160//1765
f 1154//1766 1159//1766 1157//1766
f 439//1767 1162//1767 441//1767
f 441//1768 1162//1768 443//1768
f 1157//1769 1162//1769 439//1769
f 1161//1770 1163//1770 1159//1770
f 1159//1771 1163//1771 1157//1771
f 1157//1772 1163//1772 1162//1772
f 1164//1773 1163//1773 1161//1773
f 1165//1774 1163//1774 1164//1774
f 1166//1775 1167//1775 1168//1775
f 443//1776 1169//1776 445//1776
f 445//1777 1169//1777 447//1777
f 1162//1778 1169//1778 443//1778
f 1162//1779 1170//1779 1169//1779
f 1171//1780 1170//1780 1165//1780
f 1172//1781 1170//1781 1171//1781
f 1163//1782 1170//1782 1162//1782
f 1165//1783 1170//1783 1163//1783
f 1169//1784 1173//1784 447//1784
f 447//1785 1173//1785 449//1785
f 449//1786 1173//1786 451//1786
f 1170//1787 1173//1787 1169//1787
f 1170//1788 1174//1788 1173//1788
f 1175//1789 1174//1789 1172//1789
f 1176//1790 1174//1790 1175//1790
f 1172//1791 1174//1791 1170//1791
f 1173//1792 1177//1792 451//1792
f 451//1793 1177//1793 453//1793
f 453//1794 1177//1794 454//1794
f 1174//1795 1178//1795 1173//1795
f 1176//1796 1178//1796 1174//1796
f 1173//1797 1178//1797 1177//1797
f 1179//1798 1178//1798 1176//1798
f 1180//1799 1178//1799 1179//1799
f 454//1800 1181//1800 455//1800
f 455//1801 1181//1801 456//1801
f 1177//1802 1181//1802 454//1802
f 1178//1803 1182//1803 1177//1803
f 1180//1804 1182//1804 1178//1804
f 1177//1805 1182//1805 1181//1805
f 1183//1806 1182//1806 1180//1806
f 1184//1807 1182//1807 1183//1807
f 456//1808 1185//1808 457//1808
f 457//1809 1185//1809 458//1809
f 1181//1810 1185//1810 456//1810
f 1182//1811 1185//1811 1181//1811
f 1184//1812 1186//1812 1182//1812
f 1182//1813 1186//1813 1185//1813
f 1187//1814 1186//1814 1184//1814
f 1188//1815 1186//1815 1187//1815
f 1185//1816 1189//1816 458//1816
f 458//1817 1189//1817 459//1817
f 459//1818 1189//1818 470//1818
f 1186//1819 1189//1819 1185//1819
f 1186//1820 1190//1820 1189//1820
f 1191//1821 1190//1821 1188//1821
f 1192//1822 1190//1822 1191//1822
f 1188//1823 1190//1823 1186//1823
f 1189//1824 1193//1824 470//1824
f 470//1825 1193//1825 472//1825
f 472//1826 1193//1826 474//1826
f 1190//1827 1194//1827 1189//1827
f 1192//1828 1194//1828 1190//1828
f 1195//1829 1194//1829 1192//1829
f 1196//1830 1194//1830 1195//1830
f 1189//1831 1194//1831 1193//1831
f 474//1832 1197//1832 476//1832
f 476//1833 1197//1833 479//1833
f 1193//1834 1197//1834 474//1834
f 1194//1835 1198//1835 1193//1835
f 1196//1836 1198//1836 1194//1836
f 1193//1837 1198//1837 1197//1837
f 1199//1838 1198//1838 1196//1838
f 1200//1839 1198//1839 1199//1839
f 479//1840 1201//1840 481//1840
f 481//1841 1201//1841 483//1841
f 1197//1842 1201//1842 479//1842
f 1198//1843 1202//1843 1197//1843
f 1197//1844 1202//1844 1201//1844
f 1200//1845 1202//1845 1198//1845
f 1203//1846 1202//1846 1200//1846
f 1204//1847 1202//1847 1203//1847
f 1201//1848 1205//1848 483//1848
f 483//1849 1205//1849 497//1849
f 497//1850 1205//1850 498//1850
f 1202//1851 1205//1851 1201//1851
f 1204//1852 1206//1852 1202//1852
f 1202//1853 1206//1853 1205//1853
f 1207//1854 1206//1854 1204//1854
f 1208//1855 1206//1855 1207//1855
f 1205//1856 1209//1856 498//1856
f 498//1857 1209//1857 499//1857
f 1206//1858 1209//1858 1205//1858
f 499//1859 1209//1859 500//1859
f 1208//1860 1210//1860 1206//1860
f 1211//1861 1210//1861 1208//1861
f 1212//1862 1210//1862 1211//1862
f 1206//1863 1210//1863 1209//1863
f 1209//1864 1213//1864 500//1864
f 500//1865 1213//1865 501//1865
f 501//1866 1213//1866 502//1866
f 1210//1867 1214//1867 1209//1867
f 1212//1868 1214//1868 1210//1868
f 1209//1869 1214//1869 1213//1869
f 1215//1870 1214//1870 1212//1870
f 1216//1871 1214//1871 1215//1871
f 502//1872 1217//1872 503//1872
f 503//1873 1217//1873 504//1873
f 1213//1874 1217//1874 502//1874
f 1213//1875 1218//1875 1217//1875
f 1214//1876 1218//1876 1213//1876
f 1219//1877 1218//1877 1216//1877
f 1220//1878 1218//1878 1219//1878
f 1216//1879 1218//1879 1214//1879
f 504//1880 1221//1880 505//1880
f 505//1881 1221//1881 507//1881
f 1218//1882 1221//1882 1217//1882
f 1217//1883 1221//1883 504//1883
f 1220//1884 1222//1884 1218//1884
f 1218//1885 1222//1885 1221//1885
f 1223//1886 1222//1886 1220//1886
f 1224//1887 1222//1887 1223//1887
f 1222//1888 1225//1888 1221//1888
f 507//1889 1225//1889 509//1889
f 509//1890 1225//1890 511//1890
f 1221//1891 1225//1891 507//1891
f 1224//1892 1226//1892 1222//1892
f 1222//1893 1226//1893 1225//1893
f 1227//1894 1226//1894 1224//1894
f 1228//1895 1226//1895 1227//1895
f 1225//1896 1229//1896 511//1896
f 511//1897 1229//1897 513//1897
f 513//1898 1229//1898 515//1898
f 1225//1899 1230//1899 1229//1899
f 1228//1900 1230//1900 1226//1900
f 1231//1901 1230//1901 1228//1901
f 1232//1902 1230//1902 1231//1902
f 1226//1903 1230//1903 1225//1903
f 1229//1904 1233//1904 515//1904
f 515//1905 1233//1905 519//1905
f 519//1906 1233//1906 520//1906
f 1229//1907 1234//1907 1233//1907
f 1230//1908 1234//1908 1229//1908
f 1232//1909 1234//1909 1230//1909
f 1235//1910 1234//1910 1232//1910
f 1236//1911 1234//1911 1235//1911
f 1233//1912 1237//1912 520//1912
f 520//1913 1237//1913 521//1913
f 521//1914 1237//1914 522//1914
f 1233//1915 1238//1915 1237//1915
f 1234//1916 1238//1916 1233//1916
f 1236//1917 1238//1917 1234//1917
f 1239//1918 1238//1918 1236//1918
f 1240//1919 1238//1919 1239//1919
f 1238//1920 1241//1920 1237//1920
f 1237//1921 1241//1921 522//1921
f 522//1922 1241//1922 523//1922
f 523//1923 1241//1923 524//1923
f 1238//1924 1242//1924 1241//1924
f 1240//1925 1242//1925 1238//1925
f 1243//1926 1242//1926 1240//1926
f 1244//1927 1242//1927 1243//1927
f 1241//1928 1245//1928 524//1928
f 524//1929 1245//1929 525//1929
f 525//1930 1245//1930 526//1930
f 1241//1931 1246//1931 1245//1931
f 1244//1932 1246//1932 1242//1932
f 1242//1933 1246//1933 1241//1933
f 1247//1934 1246//1934 1244//1934
f 1248//1935 1246//1935 1247//1935
f 526//1936 1249//1936 527//1936
f 527//1937 1249//1937 528//1937
f 1245//1938 1249//1938 526//1938
f 1246//1939 1250//1939 1245//1939
f 1245//1940 1250//1940 1249//1940
f 1248//1941 1250//1941 1246//1941
f 1251//1942 1250//1942 1248//1942
f 1252//1943 1250//1943 1251//1943
f 528//1944 1253//1944 529//1944
f 529//1945 1253//1945 530//1945
f 1249//1946 1253//1946 528//1946
f 1254//1947 1255//1947 1252//1947
f 1256//1948 1255//1948 1254//1948
f 1249//1949 1255//1949 1253//1949
f 1252//1950 1255//1950 1250//1950
f 1250//1951 1255//1951 1249//1951
f 530//1952 1257//1952 531//1952
f 531//1953 1257//1953 532//1953
f 1253//1954 1257//1954 530//1954
f 1258//1955 1259//1955 1256//1955
f 1260//1956 1259//1956 1258//1956
f 1255//1957 1259//1957 1253//1957
f 1256//1958 1259//1958 1255//1958
f 1253//1959 1259//1959 1257//1959
f 1257//1960 1261//1960 532//1960
f 532//1961 1261//1961 566//1961
f 566//1962 1261//1962 567//1962
f 1262//1963 1263//1963 1260//1963
f 1264//1964 1263//1964 1262//1964
f 1260//1965 1263//1965 1259//1965
f 1257//1966 1263//1966 1261//1966
f 1259//1967 1263//1967 1257//1967
f 1261//1968 1265//1968 567//1968
f 567//1969 1265//1969 568//1969
f 568//1970 1265//1970 569//1970
f 1266//1971 1267//1971 1264//1971
f 1268//1972 1267//1972 1266//1972
f 1261//1973 1267//1973 1265//1973
f 1264//1974 1267//1974 1263//1974
f 1263//1975 1267//1975 1261//1975
f 1265//1976 1269//1976 569//1976
f 569//1977 1269//1977 570//1977
f 570//1978 1269//1978 571//1978
f 1267//1979 1270//1979 1265//1979
f 1271//1980 1270//1980 1268//1980
f 1272//1981 1270//1981 1271//1981
f 1268//1982 1270//1982 1267//1982
f 1265//1983 1270//1983 1269//1983
f 1269//1984 1273//1984 571//1984
f 571//1985 1273//1985 572//1985
f 572//1986 1273//1986 573//1986
f 1272//1987 1274//1987 1270//1987
f 1270//1988 1274//1988 1269//1988
f 1275//1989 1274//1989 1272//1989
f 1276//1990 1274//1990 1275//1990
f 1269//1991 1274//1991 1273//1991
f 1273//1992 1277//1992 573//1992
f 573//1993 1277//1993 574//1993
f 574//1994 1277//1994 575//1994
f 1278//1995 1279//1995 1276//1995
f 1280//1996 1279//1996 1278//1996
f 1276//1997 1279//1997 1274//1997
f 1273//1998 1279//1998 1277//1998
f 1274//1999 1279//1999 1273//1999
f 1277//2000 1281//2000 575//2000
f 575//2001 1281//2001 576//2001
f 576//2002 1281//2002 577//2002
f 1277//2003 1282//2003 1281//2003
f 1280//2004 1282//2004 1279//2004
f 1283//2005 1282//2005 1280//2005
f 1284//2006 1282//2006 1283//2006
f 1279//2007 1282//2007 1277//2007
f 1281//2008 1285//2008 577//2008
f 577//2009 1285//2009 578//2009
f 578//2010 1285//2010 579//2010
f 1286//2011 1287//2011 1284//2011
f 1288//2012 1287//2012 1286//2012
f 1282//2013 1287//2013 1281//2013
f 1281//2014 1287//2014 1285//2014
f 1284//2015 1287//2015 1282//2015
f 1285//2016 1289//2016 579//2016
f 579//2017 1289//2017 551//2017
f 551//2018 1289//2018 552//2018
f 1290//2019 1291//2019 1288//2019
f 1292//2020 1291//2020 1290//2020
f 1285//2021 1291//2021 1289//2021
f 1288//2022 1291//2022 1287//2022
f 1287//2023 1291//2023 1285//2023
f 1289//2024 1293//2024 552//2024
f 552//2025 1293//2025 553//2025
f 553//2026 1293//2026 554//2026
f 1292//2027 1294//2027 1291//2027
f 1295//2028 1294//2028 1292//2028
f 1296//2029 1294//2029 1295//2029
f 1289//2030 1294//2030 1293//2030
f 1291//2031 1294//2031 1289//2031
f 1293//2032 1297//2032 554//2032
f 554//2033 1297//2033 555//2033
f 555//2034 1297//2034 556//2034
f 1296//2035 1298//2035 1294//2035
f 1299//2036 1298//2036 1296//2036
f 1300//2037 1298//2037 1299//2037
f 1294//2038 1298//2038 1293//2038
f 1293//2039 1298//2039 1297//2039
f 1297//2040 1301//2040 556//2040
f 556//2041 1301//2041 557//2041
f 557//2042 1301//2042 558//2042
f 1302//2043 1303//2043 1300//2043
f 1304//2044 1303//2044 1302//2044
f 1298//2045 1303//2045 1297//2045
f 1297//2046 1303//2046 1301//2046
f 1300//2047 1303//2047 1298//2047
f 1301//2048 1305//2048 558//2048
f 558//2049 1305//2049 559//2049
f 559//2050 1305//2050 560//2050
f 1301//2051 1306//2051 1305//2051
f 1307//2052 1306//2052 1304//2052
f 1303//2053 1306//2053 1301//2053
f 1308//2054 1306//2054 1307//2054
f 1304//2055 1306//2055 1303//2055
f 1305//2056 1309//2056 560//2056
f 560//2057 1309//2057 561//2057
f 561//2058 1309//2058 562//2058
f 1310//2059 1311//2059 1308//2059
f 1312//2060 1311//2060 1310//2060
f 1306//2061 1311//2061 1305//2061
f 1305//2062 1311//2062 1309//2062
f 1308//2063 1311//2063 1306//2063
f 562//2064 1313//2064 563//2064
f 563//2065 1313//2065 564//2065
f 1309//2066 1313//2066 562//2066
f 1314//2067 1315//2067 1312//2067
f 1316//2068 1315//2068 1314//2068
f 1312//2069 1315//2069 1311//2069
f 1311//2070 1315//2070 1309//2070
f 1309//2071 1315//2071 1313//2071
f 564//2072 1317//2072 548//2072
f 548//2073 1317//2073 534//2073
f 1313//2074 1317//2074 564//2074
f 1315//2075 1318//2075 1313//2075
f 1319//2076 1318//2076 1316//2076
f 1320//2077 1318//2077 1319//2077
f 1316//2078 1318//2078 1315//2078
f 1313//2079 1318//2079 1317//2079
f 534//2080 1321//2080 535//2080
f 535//2081 1321//2081 536//2081
f 1317//2082 1321//2082 534//2082
f 1317//2083 1322//2083 1321//2083
f 1323//2084 1322//2084 1320//2084
f 1324//2085 1322//2085 1323//2085
f 1318//2086 1322//2086 1317//2086
f 1320//2087 1322//2087 1318//2087
f 536//2088 1325//2088 537//2088
f 537//2089 1325//2089 538//2089
f 1321//2090 1325//2090 536//2090
f 1321//2091 1326//2091 1325//2091
f 1322//2092 1326//2092 1321//2092
f 1327//2093 1326//2093 1324//2093
f 1328//2094 1326//2094 1327//2094
f 1324//2095 1326//2095 1322//2095
f 538//2096 1329//2096 539//2096
f 539//2097 1329//2097 540//2097
f 1325//2098 1329//2098 538//2098
f 1326//2099 1329//2099 1325//2099
f 1330//2100 1331//2100 1328//2100
f 1332//2101 1331//2101 1330//2101
f 1326//2102 1331//2102 1329//2102
f 1328//2103 1331//2103 1326//2103
f 1329//2104 1333//2104 540//2104
f 540//2105 1333//2105 541//2105
f 541//2106 1333//2106 542//2106
f 1332//2107 1334//2107 1331//2107
f 1335//2108 1334//2108 1332//2108
f 1336//2109 1334//2109 1335//2109
f 1331//2110 1334//2110 1329//2110
f 1329//2111 1334//2111 1333//2111
f 542//2112 1337//2112 543//2112
f 543//2113 1337//2113 544//2113
f 1333//2114 1337//2114 542//2114
f 1334//2115 1338//2115 1333//2115
f 1339//2116 1338//2116 1336//2116
f 1340//2117 1338//2117 1339//2117
f 1336//2118 1338//2118 1334//2118
f 1333//2119 1338//2119 1337//2119
f 544//2120 1341//2120 545//2120
f 545//2121 1341//2121 546//2121
f 1337//2122 1341//2122 544//2122
f 1340//2123 1342//2123 1338//2123
f 1337//2124 1342//2124 1341//2124
f 1343//2125 1342//2125 1340//2125
f 1344//2126 1342//2126 1343//2126
f 1338//2127 1342//2127 1337//2127
f 546//2128 1345//2128 547//2128
f 547//2129 1345//2129 514//2129
f 1341//2130 1345//2130 546//2130
f 1344//2131 1346//2131 1342//2131
f 1341//2132 1346//2132 1345//2132
f 1347//2133 1346//2133 1344//2133
f 1342//2134 1346//2134 1341//2134
f 514//2135 1348//2135 512//2135
f 1345//2136 1348//2136 514//2136
f 1347//2137 1349//2137 1346//2137
f 1346//2138 1349//2138 1345//2138
f 1345//2139 1349//2139 1348//2139
f 1350//2140 1349//2140 1347//2140
f 1351//2141 1349//2141 1350//2141
f 512//2142 1352//2142 510//2142
f 510//2143 1352//2143 508//2143
f 1348//2144 1352//2144 512//2144
f 1349//2145 1353//2145 1348//2145
f 1354//2146 1353//2146 1351//2146
f 1355//2147 1353//2147 1354//2147
f 1351//2148 1353//2148 1349//2148
f 1348//2149 1353//2149 1352//2149
f 508//2150 1356//2150 506//2150
f 506//2151 1356//2151 487//2151
f 1352//2152 1356//2152 508//2152
f 1357//2153 1358//2153 1355//2153
f 1359//2154 1358//2154 1357//2154
f 1353//2155 1358//2155 1352//2155
f 1352//2156 1358//2156 1356//2156
f 1355//2157 1358//2157 1353//2157
f 487//2158 1360//2158 488//2158
f 488//2159 1360//2159 489//2159
f 1356//2160 1360//2160 487//2160
f 1356//2161 1361//2161 1360//2161
f 1358//2162 1361//2162 1356//2162
f 1359//2163 1361//2163 1358//2163
f 1362//2164 1361//2164 1359//2164
f 1363//2165 1361//2165 1362//2165
f 489//2166 1364//2166 490//2166
f 490//2167 1364//2167 491//2167
f 1360//2168 1364//2168 489//2168
f 1360//2169 1365//2169 1364//2169
f 1361//2170 1365//2170 1360//2170
f 1366//2171 1365//2171 1363//2171
f 1367//2172 1365//2172 1366//2172
f 1363//2173 1365//2173 1361//2173
f 491//2174 1368//2174 492//2174
f 1364//2175 1368//2175 491//2175
f 492//2176 1368//2176 493//2176
f 1364//2177 1369//2177 1368//2177
f 1367//2178 1369//2178 1365//2178
f 1370//2179 1369//2179 1367//2179
f 1371//2180 1369//2180 1370//2180
f 1365//2181 1369//2181 1364//2181
f 493//2182 1372//2182 494//2182
f 494//2183 1372//2183 495//2183
f 1368//2184 1372//2184 493//2184
f 1371//2185 1373//2185 1369//2185
f 1374//2186 1373//2186 1371//2186
f 1375//2187 1373//2187 1374//2187
f 1369//2188 1373//2188 1368//2188
f 1368//2189 1373//2189 1372//2189
f 1372//2190 1376//2190 495//2190
f 495//2191 1376//2191 482//2191
f 482//2192 1376//2192 480//2192
f 1375//2193 1377//2193 1373//2193
f 1372//2194 1377//2194 1376//2194
f 1373//2195 1377//2195 1372//2195
f 1378//2196 1377//2196 1375//2196
f 1379//2197 1377//2197 1378//2197
f 480//2198 1380//2198 478//2198
f 478//2199 1380//2199 475//2199
f 1376//2200 1380//2200 480//2200
f 1379//2201 1381//2201 1377//2201
f 1376//2202 1381//2202 1380//2202
f 1382//2203 1381//2203 1379//2203
f 1383//2204 1381//2204 1382//2204
f 1377//2205 1381//2205 1376//2205
f 475//2206 1384//2206 473//2206
f 473//2207 1384//2207 471//2207
f 1380//2208 1384//2208 475//2208
f 1380//2209 1385//2209 1384//2209
f 1381//2210 1385//2210 1380//2210
f 1383//2211 1385//2211 1381//2211
f 1386//2212 1385//2212 1383//2212
f 1387//2213 1385//2213 1386//2213
f 1384//2214 1388//2214 471//2214
f 471//2215 1388//2215 461//2215
f 461//2216 1388//2216 462//2216
f 1389//2217 1390//2217 1387//2217
f 1391//2218 1390//2218 1389//2218
f 1385//2219 1390//2219 1384//2219
f 1384//2220 1390//2220 1388//2220
f 1387//2221 1390//2221 1385//2221
f 462//2222 1392//2222 463//2222
f 463//2223 1392//2223 464//2223
f 1388//2224 1392//2224 462//2224
f 1388//2225 1393//2225 1392//2225
f 1391//2226 1393//2226 1390//2226
f 1394//2227 1393//2227 1391//2227
f 1395//2228 1393//2228 1394//2228
f 1390//2229 1393//2229 1388//2229
f 1392//2230 1396//2230 464//2230
f 464//2231 1396//2231 465//2231
f 465//2232 1396//2232 466//2232
f 1395//2233 1397//2233 1393//2233
f 1392//2234 1397//2234 1396//2234
f 1398//2235 1397//2235 1395//2235
f 1399//2236 1397//2236 1398//2236
f 1393//2237 1397//2237 1392//2237
f 466//2238 1400//2238 467//2238
f 467//2239 1400//2239 468//2239
f 1396//2240 1400//2240 466//2240
f 1399//2241 1401//2241 1397//2241
f 1397//2242 1401//2242 1396//2242
f 1396//2243 1401//2243 1400//2243
f 1402//2244 1401//2244 1399//2244
f 1403//2245 1401//2245 1402//2245
f 468//2246 1404//2246 450//2246
f 450//2247 1404//2247 448//2247
f 1400//2248 1404//2248 468//2248
f 1403//2249 1405//2249 1401//2249
f 1401//2250 1405//2250 1400//2250
f 1406//2251 1405//2251 1403//2251
f 1407//2252 1405//2252 1406//2252
f 1400//2253 1405//2253 1404//2253
f 448//2254 1408//2254 446//2254
f 446//2255 1408//2255 444//2255
f 1404//2256 1408//2256 448//2256
f 1404//2257 1409//2257 1408//2257
f 1407//2258 1409//2258 1405//2258
f 1410//2259 1409//2259 1407//2259
f 1405//2260 1409//2260 1404//2260
f 1411//2261 1409//2261 1410//2261
f 1408//2262 1412//2262 444//2262
f 444//2263 1412//2263 442//2263
f 442//2264 1412//2264 440//2264
f 1408//2265 1413//2265 1412//2265
f 1411//2266 1413//2266 1409//2266
f 1409//2267 1413//2267 1408//2267
f 1414//2268 1413//2268 1411//2268
f 1415//2269 1413//2269 1414//2269
f 1412//2270 1416//2270 440//2270
f 1413//2271 1416//2271 1412//2271
f 440//2272 1416//2272 438//2272
f 438//2273 1416//2273 436//2273
f 1413//2274 1417//2274 1416//2274
f 1418//2275 1417//2275 1415//2275
f 1419//2276 1417//2276 1418//2276
f 1415//2277 1417//2277 1413//2277
f 436//2278 1420//2278 434//2278
f 434//2279 1420//2279 431//2279
f 1416//2280 1420//2280 436//2280
f 1417//2281 1421//2281 1416//2281
f 1416//2282 1421//2282 1420//2282
f 1419//2283 1421//2283 1417//2283
f 1422//2284 1421//2284 1419//2284
f 1423//2285 1421//2285 1422//2285
f 431//2286 1424//2286 432//2286
f 432//2287 1424//2287 433//2287
f 1420//2288 1424//2288 431//2288
f 1423//2289 1425//2289 1421//2289
f 1421//2290 1425//2290 1420//2290
f 1426//2291 1425//2291 1423//2291
f 1427//2292 1425//2292 1426//2292
f 1420//2293 1425//2293 1424//2293
f 1424//2294 1428//2294 433//2294
f 433//2295 1428//2295 429//2295
f 429//2296 1428//2296 430//2296
f 1427//2297 1429//2297 1425//2297
f 1425//2298 1429//2298 1424//2298
f 1430//2299 1429//2299 1427//2299
f 1431//2300 1429//2300 1430//2300
f 1424//2301 1429//2301 1428//2301
f 430//2302 1432//2302 417//2302
f 417//2303 1432//2303 413//2303
f 1428//2304 1432//2304 430//2304
f 1428//2305 1433//2305 1432//2305
f 1429//2306 1433//2306 1428//2306
f 1434//2307 1433//2307 1431//2307
f 1435//2308 1433//2308 1434//2308
f 1431//2309 1433//2309 1429//2309
f 413//2310 1436//2310 411//2310
f 411//2311 1436//2311 409//2311
f 1432//2312 1436//2312 413//2312
f 1432//2313 1437//2313 1436//2313
f 1433//2314 1437//2314 1432//2314
f 1435//2315 1437//2315 1433//2315
f 1438//2316 1437//2316 1435//2316
f 1439//2317 1437//2317 1438//2317
f 1436//2318 1440//2318 409//2318
f 409//2319 1440//2319 406//2319
f 406//2320 1440//2320 404//2320
f 1436//2321 1441//2321 1440//2321
f 1437//2322 1441//2322 1436//2322
f 1439//2323 1441//2323 1437//2323
f 1442//2324 1441//2324 1439//2324
f 1443//2325 1441//2325 1442//2325
f 1440//2326 1444//2326 404//2326
f 404//2327 1444//2327 402//2327
f 402//2328 1444//2328 400//2328
f 1440//2329 1445//2329 1444//2329
f 1446//2330 1445//2330 1443//2330
f 1441//2331 1445//2331 1440//2331
f 1447//2332 1445//2332 1446//2332
f 1443//2333 1445//2333 1441//2333
f 1444//2334 1448//2334 400//2334
f 400//2335 1448//2335 398//2335
f 398//2336 1448//2336 396//2336
f 1447//2337 1449//2337 1445//2337
f 1444//2338 1449//2338 1448//2338
f 1450//2339 1449//2339 1447//2339
f 1451//2340 1449//2340 1450//2340
f 1445//2341 1449//2341 1444//2341
f 1448//2342 1452//2342 396//2342
f 396//2343 1452//2343 391//2343
f 391//2344 1452//2344 392//2344
f 1451//2345 1453//2345 1449//2345
f 1449//2346 1453//2346 1448//2346
f 1448//2347 1453//2347 1452//2347
f 1454//2348 1453//2348 1451//2348
f 1455//2349 1453//2349 1454//2349
f 1452//2350 1456//2350 392//2350
f 392//2351 1456//2351 393//2351
f 393//2352 1456//2352 394//2352
f 1457//2353 1458//2353 1455//2353
f 1459//2354 1458//2354 1457//2354
f 1453//2355 1458//2355 1452//2355
f 1452//2356 1458//2356 1456//2356
f 1455//2357 1458//2357 1453//2357
f 1456//2358 1460//2358 394//2358
f 394//2359 1460//2359 395//2359
f 395//2360 1460//2360 382//2360
f 1461//2361 1462//2361 1459//2361
f 1463//2362 1462//2362 1461//2362
f 1459//2363 1462//2363 1458//2363
f 1458//2364 1462//2364 1456//2364
f 1456//2365 1462//2365 1460//2365
f 1460//2366 1464//2366 382//2366
f 382//2367 1464//2367 379//2367
f 379//2368 1464//2368 377//2368
f 1465//2369 1466//2369 1463//2369
f 1467//2370 1466//2370 1465//2370
f 1463//2371 1466//2371 1462//2371
f 1462//2372 1466//2372 1460//2372
f 1460//2373 1466//2373 1464//2373
f 1464//2374 1468//2374 377//2374
f 377//2375 1468//2375 375//2375
f 375//2376 1468//2376 373//2376
f 1469//2377 1470//2377 1467//2377
f 1471//2378 1470//2378 1469//2378
f 1467//2379 1470//2379 1466//2379
f 1466//2380 1470//2380 1464//2380
f 1464//2381 1470//2381 1468//2381
f 1468//2382 1472//2382 373//2382
f 373//2383 1472//2383 371//2383
f 371//2384 1472//2384 369//2384
f 1473//2385 1474//2385 1471//2385
f 1475//2386 1474//2386 1473//2386
f 1471//2387 1474//2387 1470//2387
f 1470//2388 1474//2388 1468//2388
f 1468//2389 1474//2389 1472//2389
f 1472//2390 1476//2390 369//2390
f 369//2391 1476//2391 367//2391
f 367//2392 1476//2392 365//2392
f 1477//2393 1478//2393 1475//2393
f 1479//2394 1478//2394 1477//2394
f 1475//2395 1478//2395 1474//2395
f 1474//2396 1478//2396 1472//2396
f 1472//2397 1478//2397 1476//2397
f 1476//2398 1480//2398 365//2398
f 365//2399 1480//2399 363//2399
f 363//2400 1480//2400 361//2400
f 1481//2401 1482//2401 1479//2401
f 1483//2402 1482//2402 1481//2402
f 1479//2403 1482//2403 1478//2403
f 1478//2404 1482//2404 1476//2404
f 1476//2405 1482//2405 1480//2405
f 1480//2406 1484//2406 361//2406
f 361//2407 1484//2407 359//2407
f 359//2408 1484//2408 357//2408
f 1480//2409 1485//2409 1484//2409
f 1486//2410 1485//2410 1483//2410
f 1487//2411 1485//2411 1486//2411
f 1483//2412 1485//2412 1482//2412
f 1482//2413 1485//2413 1480//2413
f 1484//2414 1488//2414 357//2414
f 357//2415 1488//2415 355//2415
f 355//2416 1488//2416 351//2416
f 1484//2417 1489//2417 1488//2417
f 1485//2418 1489//2418 1484//2418
f 1490//2419 1489//2419 1487//2419
f 1491//2420 1489//2420 1490//2420
f 1487//2421 1489//2421 1485//2421
f 1488//2422 1492//2422 351//2422
f 351//2423 1492//2423 349//2423
f 349//2424 1492//2424 346//2424
f 1493//2425 1494//2425 1491//2425
f 1495//2426 1494//2426 1493//2426
f 1488//2427 1494//2427 1492//2427
f 1489//2428 1494//2428 1488//2428
f 1491//2429 1494//2429 1489//2429
f 1492//2430 1496//2430 346//2430
f 346//2431 1496//2431 344//2431
f 344//2432 1496//2432 342//2432
f 1497//2433 1498//2433 1495//2433
f 1499//2434 1498//2434 1497//2434
f 1492//2435 1498//2435 1496//2435
f 1495//2436 1498//2436 1494//2436
f 1494//2437 1498//2437 1492//2437
f 1496//2438 1500//2438 342//2438
f 342//2439 1500//2439 340//2439
f 340//2440 1500//2440 338//2440
f 1498//2441 1501//2441 1496//2441
f 1502//2442 1501//2442 1499//2442
f 1503//2443 1501//2443 1502//2443
f 1499//2444 1501//2444 1498//2444
f 1496//2445 1501//2445 1500//2445
f 1500//2446 1504//2446 338//2446
f 338//2447 1504//2447 336//2447
f 336//2448 1504//2448 334//2448
f 1505//2449 1506//2449 1503//2449
f 1507//2450 1506//2450 1505//2450
f 1500//2451 1506//2451 1504//2451
f 1501//2452 1506//2452 1500//2452
f 1503//2453 1506//2453 1501//2453
f 1504//2454 1508//2454 334//2454
f 1506//2455 1508//2455 1504//2455
f 334//2456 1508//2456 332//2456
f 332//2457 1508//2457 330//2457
f 1509//2458 1510//2458 1507//2458
f 1511//2459 1510//2459 1509//2459
f 1506//2460 1510//2460 1508//2460
f 1507//2461 1510//2461 1506//2461
f 1508//2462 1512//2462 330//2462
f 1510//2463 1512//2463 1508//2463
f 330//2464 1512//2464 328//2464
f 328//2465 1512//2465 326//2465
f 1513//2466 1514//2466 1511//2466
f 1515//2467 1514//2467 1513//2467
f 1511//2468 1514//2468 1510//2468
f 1510//2469 1514//2469 1512//2469
f 326//2470 1516//2470 324//2470
f 324//2471 1516//2471 320//2471
f 1514//2472 1516//2472 1512//2472
f 1512//2473 1516//2473 326//2473
f 1517//2474 1518//2474 1515//2474
f 1519//2475 1518//2475 1517//2475
f 1515//2476 1518//2476 1514//2476
f 1514//2477 1518//2477 1516//2477
f 320//2478 1520//2478 323//2478
f 323//2479 1520//2479 325//2479
f 1516//2480 1520//2480 320//2480
f 1519//2481 1521//2481 1518//2481
f 1518//2482 1521//2482 1516//2482
f 1522//2483 1521//2483 1519//2483
f 1523//2484 1521//2484 1522//2484
f 1516//2485 1521//2485 1520//2485
f 325//2486 1524//2486 327//2486
f 327//2487 1524//2487 329//2487
f 1520//2488 1524//2488 325//2488
f 1523//2489 1525//2489 1521//2489
f 1520//2490 1525//2490 1524//2490
f 1526//2491 1525//2491 1523//2491
f 1527//2492 1525//2492 1526//2492
f 1521//2493 1525//2493 1520//2493
f 329//2494 1528//2494 331//2494
f 331//2495 1528//2495 333//2495
f 1524//2496 1528//2496 329//2496
f 1527//2497 1529//2497 1525//2497
f 1524//2498 1529//2498 1528//2498
f 1530//2499 1529//2499 1527//2499
f 1531//2500 1529//2500 1530//2500
f 1525//2501 1529//2501 1524//2501
f 333//2502 1532//2502 335//2502
f 335//2503 1532//2503 337//2503
f 1528//2504 1532//2504 333//2504
f 1529//2505 1532//2505 1528//2505
f 1529//2506 1533//2506 1532//2506
f 1531//2507 1533//2507 1529//2507
f 1534//2508 1533//2508 1531//2508
f 1535//2509 1533//2509 1534//2509
f 337//2510 1536//2510 339//2510
f 339//2511 1536//2511 341//2511
f 1532//2512 1536//2512 337//2512
f 1532//2513 1537//2513 1536//2513
f 1533//2514 1537//2514 1532//2514
f 1535//2515 1537//2515 1533//2515
f 1538//2516 1537//2516 1535//2516
f 1539//2517 1537//2517 1538//2517
f 341//2518 1540//2518 343//2518
f 343//2519 1540//2519 345//2519
f 1536//2520 1540//2520 341//2520
f 1536//2521 1541//2521 1540//2521
f 1537//2522 1541//2522 1536//2522
f 1539//2523 1541//2523 1537//2523
f 1542//2524 1541//2524 1539//2524
f 1543//2525 1541//2525 1542//2525
f 1540//2526 1544//2526 345//2526
f 345//2527 1544//2527 347//2527
f 347//2528 1544//2528 350//2528
f 1541//2529 1544//2529 1540//2529
f 1541//2530 1545//2530 1544//2530
f 1546//2531 1545//2531 1543//2531
f 1543//2532 1545//2532 1541//2532
f 1547//2533 1545//2533 1546//2533
f 1544//2534 1548//2534 350//2534
f 350//2535 1548//2535 353//2535
f 353//2536 1548//2536 356//2536
f 1545//2537 1548//2537 1544//2537
f 1549//2538 1550//2538 1547//2538
f 1551//2539 1550//2539 1549//2539
f 1547//2540 1550//2540 1545//2540
f 1545//2541 1550//2541 1548//2541
f 356//2542 1552//2542 358//2542
f 358//2543 1552//2543 360//2543
f 1548//2544 1552//2544 356//2544
f 1548//2545 1553//2545 1552//2545
f 1554//2546 1553//2546 1551//2546
f 1555//2547 1553//2547 1554//2547
f 1550//2548 1553//2548 1548//2548
f 1551//2549 1553//2549 1550//2549
f 360//2550 1556//2550 362//2550
f 362//2551 1556//2551 364//2551
f 1552//2552 1556//2552 360//2552
f 1553//2553 1557//2553 1552//2553
f 1558//2554 1557//2554 1555//2554
f 1559//2555 1557//2555 1558//2555
f 1552//2556 1557//2556 1556//2556
f 1555//2557 1557//2557 1553//2557
f 364//2558 1560//2558 366//2558
f 366//2559 1560//2559 368//2559
f 1556//2560 1560//2560 364//2560
f 1561//2561 1562//2561 1559//2561
f 1563//2562 1562//2562 1561//2562
f 1556//2563 1562//2563 1560//2563
f 1559//2564 1562//2564 1557//2564
f 1557//2565 1562//2565 1556//2565
f 368//2566 1564//2566 370//2566
f 370//2567 1564//2567 372//2567
f 1560//2568 1564//2568 368//2568
f 1562//2569 1564//2569 1560//2569
f 1565//2570 1566//2570 1563//2570
f 1567//2571 1566//2571 1565//2571
f 1563//2572 1566//2572 1562//2572
f 1562//2573 1566//2573 1564//2573
f 372//2574 1568//2574 374//2574
f 374//2575 1568//2575 376//2575
f 1564//2576 1568//2576 372//2576
f 1566//2577 1568//2577 1564//2577
f 1569//2578 1570//2578 1567//2578
f 1571//2579 1570//2579 1569//2579
f 1567//2580 1570//2580 1566//2580
f 1566//2581 1570//2581 1568//2581
f 376//2582 1572//2582 378//2582
f 378//2583 1572//2583 380//2583
f 380//2584 1572//2584 1158//2584
f 1568//2585 1572//2585 376//2585
f 1570//2586 1572//2586 1568//2586
f 1158//2587 1573//2587 1168//2587
f 1574//2588 1573//2588 1571//2588
f 1575//2589 1573//2589 1574//2589
f 1168//2590 1573//2590 1575//2590
f 1571//2591 1573//2591 1570//2591
f 1572//2592 1573//2592 1158//2592
f 1570//2593 1573//2593 1572//2593
f 380//2594 1158//2594 383//2594
f 1575//2595 1166//2595 1168//2595
f 385//2596 1576//2596 386//2596
f 386//2597 1576//2597 387//2597
f 1158//2598 1576//2598 385//2598
f 1168//2599 1577//2599 1158//2599
f 1578//2600 1577//2600 1167//2600
f 1579//2601 1577//2601 1578//2601
f 1158//2602 1577//2602 1576//2602
f 1167//2603 1577//2603 1168//2603
f 387//2604 1580//2604 388//2604
f 388//2605 1580//2605 389//2605
f 1576//2606 1580//2606 387//2606
f 1579//2607 1581//2607 1577//2607
f 1577//2608 1581//2608 1576//2608
f 1582//2609 1581//2609 1579//2609
f 1583//2610 1581//2610 1582//2610
f 1576//2611 1581//2611 1580//2611
f 389//2612 1584//2612 397//2612
f 397//2613 1584//2613 399//2613
f 1580//2614 1584//2614 389//2614
f 1581//2615 1585//2615 1580//2615
f 1580//2616 1585//2616 1584//2616
f 1586//2617 1585//2617 1583//2617
f 1587//2618 1585//2618 1586//2618
f 1583//2619 1585//2619 1581//2619
f 399//2620 1588//2620 401//2620
f 401//2621 1588//2621 403//2621
f 1584//2622 1588//2622 399//2622
f 1584//2623 1589//2623 1588//2623
f 1590//2624 1589//2624 1587//2624
f 1591//2625 1589//2625 1590//2625
f 1585//2626 1589//2626 1584//2626
f 1587//2627 1589//2627 1585//2627
f 403//2628 1592//2628 405//2628
f 405//2629 1592//2629 407//2629
f 1588//2630 1592//2630 403//2630
f 1589//2631 1593//2631 1588//2631
f 1594//2632 1593//2632 1591//2632
f 1595//2633 1593//2633 1594//2633
f 1591//2634 1593//2634 1589//2634
f 1588//2635 1593//2635 1592//2635
f 1592//2636 1596//2636 407//2636
f 407//2637 1596//2637 410//2637
f 410//2638 1596//2638 412//2638
f 1595//2639 1597//2639 1593//2639
f 1593//2640 1597//2640 1592//2640
f 1598//2641 1597//2641 1595//2641
f 1599//2642 1597//2642 1598//2642
f 1592//2643 1597//2643 1596//2643
f 412//2644 1600//2644 414//2644
f 414//2645 1600//2645 421//2645
f 1596//2646 1600//2646 412//2646
f 1599//2647 1601//2647 1597//2647
f 1597//2648 1601//2648 1596//2648
f 1602//2649 1601//2649 1599//2649
f 1603//2650 1601//2650 1602//2650
f 1596//2651 1601//2651 1600//2651
f 421//2652 1146//2652 422//2652
f 422//2653 1146//2653 423//2653
f 1600//2654 1146//2654 421//2654
f 1603//2655 1152//2655 1601//2655
f 1600//2656 1152//2656 1146//2656
f 1604//2657 1152//2657 1603//2657
f 1150//2658 1152//2658 1604//2658
f 1601//2659 1152//2659 1600//2659
f 423//2660 1148//2660 424//2660
f 424//2661 1148//2661 425//2661
f 1146//2662 1148//2662 423//2662
f 1605//2663 586//2663 580//2663
f 1605//2664 1606//2664 586//2664
f 1607//2665 1605//2665 517//2665
f 517//2666 1605//2666 580//2666
f 1606//2667 582//2667 586//2667
f 1606//2668 1608//2668 582//2668
f 1609//2669 1607//2669 496//2669
f 496//2670 1607//2670 517//2670
f 1608//2671 1610//2671 582//2671
f 582//2672 1610//2672 518//2672
f 1610//2673 496//2673 518//2673
f 1610//2674 1609//2674 496//2674
f 1611//2675 1612//2675 589//2675
f 589//2676 1612//2676 590//2676
f 1613//2677 589//2677 584//2677
f 1613//2678 1611//2678 589//2678
f 1612//2679 585//2679 590//2679
f 1612//2680 1614//2680 585//2680
f 1615//2681 1613//2681 565//2681
f 565//2682 1613//2682 584//2682
f 1614//2683 550//2683 585//2683
f 1614//2684 1616//2684 550//2684
f 1616//2685 1615//2685 550//2685
f 550//2686 1615//2686 565//2686
f 592//2687 1617//2687 593//2687
f 593//2688 1617//2688 1618//2688
f 1619//2689 594//2689 1620//2689
f 1620//2690 594//2690 595//2690
f 1617//2691 1621//2691 1618//2691
f 1618//2692 1621//2692 1622//2692
f 1621//2693 1619//2693 1622//2693
f 1622//2694 1619//2694 1620//2694
f 601//2695 600//2695 1111//2695
f 601//2696 1111//2696 1110//2696
f 602//2697 601//2697 1110//2697
f 602//2698 1110//2698 1112//2698
f 600//2699 603//2699 1113//2699
f 600//2700 1113//2700 1111//2700
f 604//2701 602//2701 1112//2701
f 604//2702 1112//2702 1114//2702
f 603//2703 605//2703 1115//2703
f 603//2704 1115//2704 1113//2704
f 605//2705 604//2705 1114//2705
f 605//2706 1114//2706 1115//2706
f 607//2707 606//2707 1117//2707
f 607//2708 1117//2708 1116//2708
f 608//2709 607//2709 1116//2709
f 608//2710 1116//2710 1118//2710
f 606//2711 609//2711 1119//2711
f 606//2712 1119//2712 1117//2712
f 610//2713 608//2713 1118//2713
f 610//2714 1118//2714 1120//2714
f 609//2715 611//2715 1121//2715
f 609//2716 1121//2716 1119//2716
f 611//2717 610//2717 1120//2717
f 611//2718 1120//2718 1121//2718
f 612//2719 613//2719 1123//2719
f 612//2720 1123//2720 1122//2720
f 614//2721 612//2721 1122//2721
f 614//2722 1122//2722 1124//2722
f 613//2723 615//2723 1125//2723
f 613//2724 1125//2724 1123//2724
f 616//2725 614//2725 1124//2725
f 616//2726 1124//2726 1126//2726
f 615//2727 617//2727 1127//2727
f 615//2728 1127//2728 1125//2728
f 617//2729 616//2729 1126//2729
f 617//2730 1126//2730 1127//2730
f 618//2731 619//2731 1129//2731
f 618//2732 1129//2732 1128//2732
f 620//2733 618//2733 1128//2733
f 620//2734 1128//2734 1130//2734
f 619//2735 621//2735 1131//2735
f 619//2736 1131//2736 1129//2736
f 622//2737 620//2737 1130//2737
f 622//2738 1130//2738 1132//2738
f 621//2739 623//2739 1133//2739
f 621//2740 1133//2740 1131//2740
f 623//2741 622//2741 1132//2741
f 623//2742 1132//2742 1133//2742
f 624//2743 625//2743 1135//2743
f 624//2744 1135//2744 1134//2744
f 626//2745 624//2745 1134//2745
f 626//2746 1134//2746 1136//2746
f 625//2747 627//2747 1137//2747
f 625//2748 1137//2748 1135//2748
f 628//2749 626//2749 1136//2749
f 628//2750 1136//2750 1138//2750
f 627//2751 629//2751 1139//2751
f 627//2752 1139//2752 1137//2752
f 629//2753 628//2753 1138//2753
f 629//2754 1138//2754 1139//2754
f 630//2755 631//2755 1141//2755
f 630//2756 1141//2756 1140//2756
f 632//2757 630//2757 1140//2757
f 632//2758 1140//2758 1142//2758
f 631//2759 633//2759 1143//2759
f 631//2760 1143//2760 1141//2760
f 634//2761 632//2761 1142//2761
f 634//2762 1142//2762 1144//2762
f 633//2763 635//2763 1145//2763
f 633//2764 1145//2764 1143//2764
f 635//2765 634//2765 1144//2765
f 635//2766 1144//2766 1145//2766
f 1623//2767 1166//2767 657//2767
f 1623//2768 657//2768 656//2768
f 1624//2769 656//2769 1068//2769
f 1624//2770 1623//2770 656//2770
f 1579//2771 1068//2771 1069//2771
f 1579//2772 1624//2772 1068//2772
f 1625//2773 1069//2773 1072//2773
f 1625//2774 1579//2774 1069//2774
f 1626//2775 1072//2775 1073//2775
f 1626//2776 1625//2776 1072//2776
f 1627//2777 1073//2777 1076//2777
f 1627//2778 1626//2778 1073//2778
f 1628//2779 1076//2779 1077//2779
f 1628//2780 1627//2780 1076//2780
f 1629//2781 1077//2781 1080//2781
f 1629//2782 1628//2782 1077//2782
f 1630//2783 1080//2783 1631//2783
f 1630//2784 1629//2784 1080//2784
f 1632//2785 1630//2785 1631//2785
f 1632//2786 1631//2786 1633//2786
f 1634//2787 1632//2787 1633//2787
f 1634//2788 1633//2788 1635//2788
f 1636//2789 1634//2789 1635//2789
f 1636//2790 1635//2790 1637//2790
f 1638//2791 1637//2791 1639//2791
f 1638//2792 1636//2792 1637//2792
f 1640//2793 1639//2793 1641//2793
f 1640//2794 1638//2794 1639//2794
f 1642//2795 1641//2795 1643//2795
f 1642//2796 1640//2796 1641//2796
f 1644//2797 1643//2797 1645//2797
f 1644//2798 1642//2798 1643//2798
f 1646//2799 1645//2799 1647//2799
f 1646//2800 1644//2800 1645//2800
f 1648//2801 1647//2801 1649//2801
f 1648//2802 1646//2802 1647//2802
f 1650//2803 1649//2803 1651//2803
f 1650//2804 1648//2804 1649//2804
f 1652//2805 1651//2805 1653//2805
f 1652//2806 1650//2806 1651//2806
f 1654//2807 1653//2807 1655//2807
f 1654//2808 1652//2808 1653//2808
f 1656//2809 1655//2809 1657//2809
f 1656//2810 1654//2810 1655//2810
f 1658//2811 1657//2811 1659//2811
f 1658//2812 1659//2812 1660//2812
f 1658//2813 1656//2813 1657//2813
f 1661//2814 1658//2814 1660//2814
f 1662//2815 1660//2815 1663//2815
f 1662//2816 1661//2816 1660//2816
f 1664//2817 1663//2817 1665//2817
f 1664//2818 1662//2818 1663//2818
f 1666//2819 1665//2819 1667//2819
f 1666//2820 1664//2820 1665//2820
f 1668//2821 1667//2821 1669//2821
f 1668//2822 1666//2822 1667//2822
f 1670//2823 1669//2823 1671//2823
f 1670//2824 1668//2824 1669//2824
f 1672//2825 1671//2825 1673//2825
f 1672//2826 1670//2826 1671//2826
f 1674//2827 1673//2827 670//2827
f 1674//2828 1672//2828 1673//2828
f 1675//2829 670//2829 1676//2829
f 1675//2830 1674//2830 670//2830
f 1677//2831 1676//2831 674//2831
f 1677//2832 1675//2832 1676//2832
f 1678//2833 674//2833 677//2833
f 1678//2834 1677//2834 674//2834
f 1679//2835 677//2835 678//2835
f 1679//2836 1678//2836 677//2836
f 1680//2837 678//2837 681//2837
f 1680//2838 1679//2838 678//2838
f 1681//2839 1680//2839 681//2839
f 1681//2840 681//2840 682//2840
f 1682//2841 1681//2841 682//2841
f 1682//2842 682//2842 685//2842
f 1683//2843 1682//2843 685//2843
f 1683//2844 685//2844 686//2844
f 1684//2845 1683//2845 686//2845
f 1684//2846 686//2846 689//2846
f 1685//2847 1684//2847 689//2847
f 1685//2848 689//2848 1686//2848
f 1687//2849 1685//2849 1686//2849
f 1687//2850 1686//2850 693//2850
f 1688//2851 1687//2851 693//2851
f 1688//2852 693//2852 694//2852
f 1689//2853 1688//2853 694//2853
f 1689//2854 694//2854 1690//2854
f 1691//2855 1689//2855 1690//2855
f 1691//2856 1690//2856 1692//2856
f 1693//2857 1691//2857 1692//2857
f 1693//2858 1692//2858 701//2858
f 1694//2859 701//2859 1695//2859
f 1694//2860 1693//2860 701//2860
f 1694//2861 1695//2861 705//2861
f 1696//2862 1694//2862 705//2862
f 1697//2863 705//2863 706//2863
f 1697//2864 1696//2864 705//2864
f 1698//2865 706//2865 709//2865
f 1698//2866 1697//2866 706//2866
f 1699//2867 709//2867 710//2867
f 1699//2868 1698//2868 709//2868
f 1700//2869 710//2869 713//2869
f 1700//2870 1699//2870 710//2870
f 1701//2871 713//2871 714//2871
f 1701//2872 1700//2872 713//2872
f 1702//2873 714//2873 717//2873
f 1702//2874 1701//2874 714//2874
f 1703//2875 717//2875 718//2875
f 1703//2876 1702//2876 717//2876
f 1704//2877 718//2877 721//2877
f 1704//2878 721//2878 722//2878
f 1704//2879 1703//2879 718//2879
f 1705//2880 1704//2880 722//2880
f 1706//2881 722//2881 725//2881
f 1706//2882 1705//2882 722//2882
f 1707//2883 725//2883 726//2883
f 1707//2884 726//2884 729//2884
f 1707//2885 1706//2885 725//2885
f 1708//2886 1707//2886 729//2886
f 1709//2887 1708//2887 729//2887
f 1709//2888 729//2888 730//2888
f 1710//2889 1709//2889 730//2889
f 1710//2890 730//2890 733//2890
f 1711//2891 1710//2891 733//2891
f 1711//2892 733//2892 734//2892
f 1711//2893 734//2893 737//2893
f 1712//2894 1711//2894 737//2894
f 1713//2895 1712//2895 737//2895
f 1713//2896 737//2896 738//2896
f 1714//2897 1713//2897 738//2897
f 1714//2898 738//2898 741//2898
f 1714//2899 741//2899 1715//2899
f 1716//2900 1714//2900 1715//2900
f 1717//2901 1716//2901 1715//2901
f 1717//2902 1715//2902 745//2902
f 1256//2903 1717//2903 745//2903
f 1256//2904 745//2904 1718//2904
f 1258//2905 1256//2905 1718//2905
f 1258//2906 1718//2906 1719//2906
f 1260//2907 1258//2907 1719//2907
f 1260//2908 1719//2908 1720//2908
f 1262//2909 1260//2909 1720//2909
f 1262//2910 1720//2910 1721//2910
f 1264//2911 1262//2911 1721//2911
f 1264//2912 1721//2912 1722//2912
f 1266//2913 1264//2913 1722//2913
f 1266//2914 1722//2914 1723//2914
f 1268//2915 1266//2915 1723//2915
f 1268//2916 1723//2916 1724//2916
f 1268//2917 1724//2917 1725//2917
f 1271//2918 1268//2918 1725//2918
f 1272//2919 1271//2919 1725//2919
f 1272//2920 1725//2920 1726//2920
f 1275//2921 1272//2921 1726//2921
f 1275//2922 1726//2922 1727//2922
f 1275//2923 1727//2923 1728//2923
f 1276//2924 1275//2924 1728//2924
f 1278//2925 1276//2925 1728//2925
f 1278//2926 1728//2926 1729//2926
f 1278//2927 1729//2927 1730//2927
f 1280//2928 1278//2928 1730//2928
f 1283//2929 1730//2929 1731//2929
f 1283//2930 1280//2930 1730//2930
f 1284//2931 1731//2931 1732//2931
f 1284//2932 1283//2932 1731//2932
f 1286//2933 1732//2933 1733//2933
f 1286//2934 1284//2934 1732//2934
f 1288//2935 1733//2935 1734//2935
f 1288//2936 1286//2936 1733//2936
f 1290//2937 1734//2937 1735//2937
f 1290//2938 1288//2938 1734//2938
f 1290//2939 1735//2939 1736//2939
f 1292//2940 1290//2940 1736//2940
f 1292//2941 1736//2941 1737//2941
f 1295//2942 1292//2942 1737//2942
f 1296//2943 1295//2943 1737//2943
f 1296//2944 1737//2944 1738//2944
f 1299//2945 1296//2945 1738//2945
f 1299//2946 1738//2946 1739//2946
f 1300//2947 1299//2947 1739//2947
f 1300//2948 1739//2948 1740//2948
f 1302//2949 1300//2949 1740//2949
f 1302//2950 1740//2950 1741//2950
f 1302//2951 1741//2951 1742//2951
f 1304//2952 1302//2952 1742//2952
f 1307//2953 1304//2953 1742//2953
f 1307//2954 1742//2954 1743//2954
f 1307//2955 1743//2955 1744//2955
f 1308//2956 1307//2956 1744//2956
f 1310//2957 1308//2957 1744//2957
f 1310//2958 1744//2958 1745//2958
f 1312//2959 1310//2959 1745//2959
f 1312//2960 1745//2960 1746//2960
f 1312//2961 1746//2961 1747//2961
f 1314//2962 1312//2962 1747//2962
f 1314//2963 1747//2963 1748//2963
f 1316//2964 1748//2964 1749//2964
f 1316//2965 1314//2965 1748//2965
f 1319//2966 1316//2966 1749//2966
f 1320//2967 1749//2967 1750//2967
f 1320//2968 1319//2968 1749//2968
f 1323//2969 1750//2969 1751//2969
f 1323//2970 1751//2970 1752//2970
f 1323//2971 1320//2971 1750//2971
f 1324//2972 1323//2972 1752//2972
f 1327//2973 1752//2973 1753//2973
f 1327//2974 1324//2974 1752//2974
f 1328//2975 1753//2975 1754//2975
f 1328//2976 1327//2976 1753//2976
f 1330//2977 1754//2977 1755//2977
f 1330//2978 1755//2978 822//2978
f 1330//2979 1328//2979 1754//2979
f 1332//2980 1330//2980 822//2980
f 1335//2981 822//2981 825//2981
f 1335//2982 1332//2982 822//2982
f 1336//2983 825//2983 1756//2983
f 1336//2984 1756//2984 829//2984
f 1336//2985 1335//2985 825//2985
f 1339//2986 1336//2986 829//2986
f 1340//2987 1339//2987 829//2987
f 1340//2988 829//2988 830//2988
f 1340//2989 830//2989 1757//2989
f 1343//2990 1340//2990 1757//2990
f 1343//2991 1757//2991 834//2991
f 1344//2992 1343//2992 834//2992
f 1347//2993 834//2993 1758//2993
f 1347//2994 1344//2994 834//2994
f 1350//2995 1758//2995 840//2995
f 1350//2996 1347//2996 1758//2996
f 1350//2997 840//2997 841//2997
f 1351//2998 841//2998 844//2998
f 1351//2999 1350//2999 841//2999
f 1354//3000 1351//3000 844//3000
f 1355//3001 844//3001 845//3001
f 1355//3002 1354//3002 844//3002
f 1357//3003 845//3003 848//3003
f 1357//3004 848//3004 849//3004
f 1357//3005 1355//3005 845//3005
f 1359//3006 849//3006 852//3006
f 1359//3007 1357//3007 849//3007
f 1362//3008 1359//3008 852//3008
f 1363//3009 852//3009 1759//3009
f 1363//3010 1362//3010 852//3010
f 1366//3011 1759//3011 1760//3011
f 1366//3012 1363//3012 1759//3012
f 1367//3013 1760//3013 1761//3013
f 1367//3014 1761//3014 1762//3014
f 1367//3015 1366//3015 1760//3015
f 1370//3016 1367//3016 1762//3016
f 1371//3017 1762//3017 1763//3017
f 1371//3018 1370//3018 1762//3018
f 1374//3019 1763//3019 1764//3019
f 1374//3020 1764//3020 1765//3020
f 1374//3021 1371//3021 1763//3021
f 1375//3022 1374//3022 1765//3022
f 1378//3023 1765//3023 1766//3023
f 1378//3024 1375//3024 1765//3024
f 1379//3025 1766//3025 1767//3025
f 1379//3026 1378//3026 1766//3026
f 1382//3027 1767//3027 1768//3027
f 1382//3028 1379//3028 1767//3028
f 1383//3029 1768//3029 1769//3029
f 1383//3030 1382//3030 1768//3030
f 1386//3031 1769//3031 1770//3031
f 1386//3032 1383//3032 1769//3032
f 1387//3033 1770//3033 1771//3033
f 1387//3034 1386//3034 1770//3034
f 1389//3035 1771//3035 1772//3035
f 1389//3036 1387//3036 1771//3036
f 1391//3037 1772//3037 1773//3037
f 1391//3038 1389//3038 1772//3038
f 1394//3039 1391//3039 1773//3039
f 1394//3040 1773//3040 1774//3040
f 1395//3041 1394//3041 1774//3041
f 1395//3042 1774//3042 1775//3042
f 1395//3043 1775//3043 1776//3043
f 1398//3044 1395//3044 1776//3044
f 1399//3045 1398//3045 1776//3045
f 1399//3046 1776//3046 1777//3046
f 1402//3047 1399//3047 1777//3047
f 1402//3048 1777//3048 1778//3048
f 1403//3049 1402//3049 1778//3049
f 1403//3050 1778//3050 1779//3050
f 1406//3051 1403//3051 1779//3051
f 1406//3052 1779//3052 1780//3052
f 1407//3053 1406//3053 1780//3053
f 1407//3054 1780//3054 1781//3054
f 1410//3055 1407//3055 1781//3055
f 1410//3056 1781//3056 1782//3056
f 1411//3057 1410//3057 1782//3057
f 1411//3058 1782//3058 1783//3058
f 1414//3059 1411//3059 1783//3059
f 1414//3060 1783//3060 1784//3060
f 1415//3061 1784//3061 1785//3061
f 1415//3062 1414//3062 1784//3062
f 1418//3063 1785//3063 1786//3063
f 1418//3064 1415//3064 1785//3064
f 1419//3065 1786//3065 1787//3065
f 1419//3066 1418//3066 1786//3066
f 1422//3067 1787//3067 1788//3067
f 1422//3068 1788//3068 1789//3068
f 1422//3069 1419//3069 1787//3069
f 1423//3070 1422//3070 1789//3070
f 1426//3071 1789//3071 1790//3071
f 1426//3072 1790//3072 1791//3072
f 1426//3073 1423//3073 1789//3073
f 1427//3074 1426//3074 1791//3074
f 1430//3075 1791//3075 1792//3075
f 1430//3076 1792//3076 1793//3076
f 1430//3077 1427//3077 1791//3077
f 1431//3078 1430//3078 1793//3078
f 1434//3079 1793//3079 1794//3079
f 1434//3080 1431//3080 1793//3080
f 1435//3081 1794//3081 1795//3081
f 1435//3082 1434//3082 1794//3082
f 1438//3083 1795//3083 1796//3083
f 1438//3084 1796//3084 1797//3084
f 1438//3085 1435//3085 1795//3085
f 1439//3086 1438//3086 1797//3086
f 1798//3087 1797//3087 1799//3087
f 1798//3088 1799//3088 933//3088
f 1798//3089 1439//3089 1797//3089
f 1800//3090 1798//3090 933//3090
f 1801//3091 1800//3091 933//3091
f 1801//3092 933//3092 936//3092
f 1802//3093 1801//3093 936//3093
f 1802//3094 936//3094 937//3094
f 1802//3095 937//3095 940//3095
f 1803//3096 1802//3096 940//3096
f 1804//3097 1803//3097 940//3097
f 1804//3098 940//3098 941//3098
f 1805//3099 1804//3099 941//3099
f 1805//3100 941//3100 944//3100
f 1806//3101 1805//3101 944//3101
f 1806//3102 944//3102 945//3102
f 1806//3103 945//3103 948//3103
f 1807//3104 1806//3104 948//3104
f 1808//3105 1807//3105 948//3105
f 1808//3106 948//3106 949//3106
f 1809//3107 1808//3107 949//3107
f 1809//3108 949//3108 952//3108
f 1810//3109 1809//3109 952//3109
f 1810//3110 952//3110 953//3110
f 1811//3111 1810//3111 953//3111
f 1811//3112 953//3112 956//3112
f 1812//3113 1811//3113 956//3113
f 1812//3114 956//3114 957//3114
f 1812//3115 957//3115 960//3115
f 1813//3116 1812//3116 960//3116
f 1814//3117 1813//3117 960//3117
f 1814//3118 960//3118 961//3118
f 1815//3119 1814//3119 961//3119
f 1815//3120 961//3120 964//3120
f 1815//3121 964//3121 965//3121
f 1816//3122 1815//3122 965//3122
f 1817//3123 1816//3123 965//3123
f 1817//3124 965//3124 968//3124
f 1817//3125 968//3125 969//3125
f 1818//3126 1817//3126 969//3126
f 1819//3127 1818//3127 969//3127
f 1819//3128 969//3128 972//3128
f 1819//3129 972//3129 973//3129
f 1820//3130 1819//3130 973//3130
f 1821//3131 1820//3131 973//3131
f 1821//3132 973//3132 1822//3132
f 1823//3133 1822//3133 977//3133
f 1823//3134 977//3134 980//3134
f 1823//3135 1821//3135 1822//3135
f 1824//3136 1823//3136 980//3136
f 1825//3137 980//3137 981//3137
f 1825//3138 981//3138 1826//3138
f 1825//3139 1824//3139 980//3139
f 1827//3140 1825//3140 1826//3140
f 1827//3141 1826//3141 985//3141
f 1828//3142 1827//3142 985//3142
f 1828//3143 985//3143 988//3143
f 1829//3144 1828//3144 988//3144
f 1830//3145 1829//3145 988//3145
f 1830//3146 988//3146 989//3146
f 1830//3147 989//3147 992//3147
f 1831//3148 1830//3148 992//3148
f 1832//3149 1831//3149 992//3149
f 1832//3150 992//3150 993//3150
f 1833//3151 1832//3151 993//3151
f 1833//3152 993//3152 1834//3152
f 1835//3153 1833//3153 1834//3153
f 1835//3154 1834//3154 1836//3154
f 1837//3155 1835//3155 1836//3155
f 1837//3156 1836//3156 1000//3156
f 1838//3157 1837//3157 1000//3157
f 1838//3158 1000//3158 1001//3158
f 1839//3159 1838//3159 1001//3159
f 1839//3160 1001//3160 1004//3160
f 1840//3161 1839//3161 1004//3161
f 1840//3162 1004//3162 1841//3162
f 1842//3163 1840//3163 1841//3163
f 1842//3164 1841//3164 1843//3164
f 1842//3165 1843//3165 1844//3165
f 1845//3166 1844//3166 1846//3166
f 1845//3167 1842//3167 1844//3167
f 1847//3168 1845//3168 1846//3168
f 1848//3169 1846//3169 1849//3169
f 1848//3170 1847//3170 1846//3170
f 1850//3171 1849//3171 1851//3171
f 1850//3172 1851//3172 1852//3172
f 1850//3173 1848//3173 1849//3173
f 1853//3174 1850//3174 1852//3174
f 1854//3175 1852//3175 1855//3175
f 1854//3176 1855//3176 1856//3176
f 1854//3177 1853//3177 1852//3177
f 1857//3178 1854//3178 1856//3178
f 1858//3179 1856//3179 1859//3179
f 1858//3180 1857//3180 1856//3180
f 1860//3181 1859//3181 1861//3181
f 1860//3182 1858//3182 1859//3182
f 1862//3183 1861//3183 1863//3183
f 1862//3184 1860//3184 1861//3184
f 1864//3185 1863//3185 1865//3185
f 1864//3186 1862//3186 1863//3186
f 1866//3187 1865//3187 1867//3187
f 1866//3188 1864//3188 1865//3188
f 1868//3189 1866//3189 1867//3189
f 1868//3190 1867//3190 1869//3190
f 1868//3191 1869//3191 1870//3191
f 1871//3192 1868//3192 1870//3192
f 1872//3193 1871//3193 1870//3193
f 1872//3194 1870//3194 1873//3194
f 1874//3195 1872//3195 1873//3195
f 1874//3196 1873//3196 1875//3196
f 1874//3197 1875//3197 1876//3197
f 1877//3198 1874//3198 1876//3198
f 1878//3199 1876//3199 1879//3199
f 1878//3200 1879//3200 1880//3200
f 1878//3201 1877//3201 1876//3201
f 1881//3202 1878//3202 1880//3202
f 1882//3203 1880//3203 1883//3203
f 1882//3204 1883//3204 1884//3204
f 1882//3205 1881//3205 1880//3205
f 1885//3206 1882//3206 1884//3206
f 1885//3207 1884//3207 1052//3207
f 1886//3208 1885//3208 1052//3208
f 1563//3209 1052//3209 1053//3209
f 1563//3210 1053//3210 1056//3210
f 1563//3211 1886//3211 1052//3211
f 1565//3212 1563//3212 1056//3212
f 1567//3213 1056//3213 1057//3213
f 1567//3214 1057//3214 1060//3214
f 1567//3215 1565//3215 1056//3215
f 1887//3216 1567//3216 1060//3216
f 1888//3217 1060//3217 1061//3217
f 1888//3218 1887//3218 1060//3218
f 1889//3219 1061//3219 1064//3219
f 1889//3220 1888//3220 1061//3220
f 1575//3221 1064//3221 1065//3221
f 1575//3222 1065//3222 657//3222
f 1575//3223 1889//3223 1064//3223
f 1166//3224 1575//3224 657//3224
f 1095//3225 1096//3225 1606//3225
f 1095//3226 1606//3226 1605//3226
f 1097//3227 1095//3227 1605//3227
f 1097//3228 1605//3228 1607//3228
f 1096//3229 1098//3229 1608//3229
f 1096//3230 1608//3230 1606//3230
f 1099//3231 1097//3231 1607//3231
f 1099//3232 1607//3232 1609//3232
f 1098//3233 1100//3233 1610//3233
f 1098//3234 1610//3234 1608//3234
f 1100//3235 1099//3235 1609//3235
f 1100//3236 1609//3236 1610//3236
f 1102//3237 1101//3237 1612//3237
f 1102//3238 1612//3238 1611//3238
f 1103//3239 1102//3239 1611//3239
f 1103//3240 1611//3240 1613//3240
f 1101//3241 1104//3241 1614//3241
f 1101//3242 1614//3242 1612//3242
f 1105//3243 1103//3243 1613//3243
f 1105//3244 1613//3244 1615//3244
f 1104//3245 1106//3245 1616//3245
f 1104//3246 1616//3246 1614//3246
f 1106//3247 1105//3247 1615//3247
f 1106//3248 1615//3248 1616//3248
