# Created by FreeCAD <http://www.freecad.org>
v -53.000000 -22.000000 52.000000
v -48.000000 -22.000000 53.000000
v -53.000000 -22.000000 53.000000
v -48.000000 -22.000000 52.000000
v -55.000000 -20.000000 53.000000
v -55.000000 -20.000000 52.000000
v -52.585785 -21.000000 54.000000
v -48.414215 -21.000000 54.000000
v -46.000000 -20.000000 52.000000
v -46.000000 -20.000000 53.000000
v -55.000000 -17.900000 52.000000
v -46.000000 -17.900000 52.000000
v -54.000000 -19.585787 54.000000
v -55.000000 14.900000 52.000000
v -55.000000 17.000000 53.000000
v -55.000000 17.000000 52.000000
v -55.000000 -17.900000 46.000000
v -55.000000 14.900000 46.000000
v -47.000000 -19.585787 54.000000
v -51.879856 -14.447755 54.000000
v -51.919056 -14.409355 54.000000
v -51.957184 -14.369894 54.000000
v -51.839619 -14.485065 54.000000
v -51.994221 -14.329402 54.000000
v -51.798374 -14.521257 54.000000
v -52.030128 -14.287910 54.000000
v -51.756153 -14.556304 54.000000
v -52.064884 -14.245447 54.000000
v -51.712982 -14.590180 54.000000
v -52.098461 -14.202047 54.000000
v -51.668900 -14.622858 54.000000
v -52.130836 -14.157743 54.000000
v -51.623940 -14.654315 54.000000
v -52.161987 -14.112566 54.000000
v -51.578133 -14.684526 54.000000
v -52.191883 -14.066552 54.000000
v -51.531513 -14.713470 54.000000
v -52.220505 -14.019735 54.000000
v -51.484116 -14.741124 54.000000
v -52.247833 -13.972151 54.000000
v -51.435982 -14.767467 54.000000
v -52.273846 -13.923835 54.000000
v -51.387138 -14.792480 54.000000
v -52.298523 -13.874824 54.000000
v -51.337631 -14.816143 54.000000
v -52.321846 -13.825153 54.000000
v -51.287491 -14.838439 54.000000
v -52.343796 -13.774862 54.000000
v -51.236759 -14.859351 54.000000
v -52.364361 -13.723989 54.000000
v -51.185471 -14.878863 54.000000
v -52.383522 -13.672568 54.000000
v -51.133671 -14.896961 54.000000
v -52.401264 -13.620643 54.000000
v -51.081390 -14.913631 54.000000
v -52.417576 -13.568250 54.000000
v -51.028671 -14.928862 54.000000
v -52.432442 -13.515429 54.000000
v -50.975555 -14.942638 54.000000
v -52.445854 -13.462220 54.000000
v -50.922085 -14.954954 54.000000
v -52.457802 -13.408664 54.000000
v -50.868294 -14.965797 54.000000
v -52.468277 -13.354799 54.000000
v -50.814224 -14.975162 54.000000
v -52.477272 -13.300668 54.000000
v -50.759918 -14.983039 54.000000
v -52.484776 -13.246310 54.000000
v -50.705418 -14.989423 54.000000
v -52.490784 -13.191768 54.000000
v -50.650764 -14.994309 54.000000
v -52.495296 -13.137080 54.000000
v -50.595993 -14.997695 54.000000
v -52.498306 -13.082290 54.000000
v -50.541153 -14.999577 54.000000
v -52.499813 -13.027436 54.000000
v -50.486282 -14.999953 54.000000
v -52.499813 -12.972564 54.000000
v -50.431419 -14.998824 54.000000
v -52.498306 -12.917710 54.000000
v -50.376610 -14.996190 54.000000
v -52.495296 -12.862920 54.000000
v -50.321892 -14.992054 54.000000
v -52.490784 -12.808232 54.000000
v -50.267311 -14.986418 54.000000
v -50.212902 -14.979286 54.000000
v -50.158710 -14.970665 54.000000
v -50.104774 -14.960561 54.000000
v -50.051136 -14.948980 54.000000
v -49.997837 -14.935932 54.000000
v -49.944916 -14.921427 54.000000
v -49.892414 -14.905476 54.000000
v -49.840366 -14.888090 54.000000
v -49.788818 -14.869283 54.000000
v -49.737804 -14.849069 54.000000
v -49.687363 -14.827463 54.000000
v -49.637535 -14.804481 54.000000
v -49.588352 -14.780141 54.000000
v -49.539860 -14.754460 54.000000
v -49.492088 -14.727460 54.000000
v -49.445080 -14.699159 54.000000
v -49.398861 -14.669579 54.000000
v -49.353470 -14.638741 54.000000
v -49.308945 -14.606670 54.000000
v -49.265316 -14.573390 54.000000
v -49.222618 -14.538926 54.000000
v -49.180878 -14.503303 54.000000
v -49.140133 -14.466548 54.000000
v -49.100410 -14.428689 54.000000
v -49.061745 -14.389755 54.000000
v -49.024158 -14.349775 54.000000
v -48.987686 -14.308779 54.000000
v -48.952347 -14.266797 54.000000
v -48.918179 -14.223862 54.000000
v -48.885197 -14.180006 54.000000
v -48.853432 -14.135261 54.000000
v -48.822906 -14.089662 54.000000
v -48.793644 -14.043242 54.000000
v -48.765667 -13.996037 54.000000
v -48.738995 -13.948083 54.000000
v -48.713646 -13.899414 54.000000
v -48.689644 -13.850069 54.000000
v -48.667007 -13.800083 54.000000
v -48.645748 -13.749496 54.000000
v -48.625881 -13.698344 54.000000
v -48.607430 -13.646667 54.000000
v -48.590401 -13.594502 54.000000
v -48.574810 -13.541890 54.000000
v -48.560669 -13.488871 54.000000
v -48.547989 -13.435483 54.000000
v -48.536774 -13.381767 54.000000
v -48.527039 -13.327765 54.000000
v -48.518791 -13.273515 54.000000
v -48.512032 -13.219060 54.000000
v -48.506771 -13.164439 54.000000
v -48.503010 -13.109694 54.000000
v -48.500751 -13.054868 54.000000
v -48.500000 -13.000000 54.000000
v -48.500751 -12.945132 54.000000
v -48.503010 -12.890306 54.000000
v -48.506771 -12.835561 54.000000
v -51.919056 8.590645 54.000000
v -51.957184 -11.630106 54.000000
v -51.919056 -11.590645 54.000000
v -51.879856 8.552245 54.000000
v -51.879856 -11.552245 54.000000
v -51.957184 8.630106 54.000000
v -51.839619 8.514935 54.000000
v -51.839619 -11.514935 54.000000
v -51.994221 8.670598 54.000000
v -52.030128 -11.712090 54.000000
v -51.994221 -11.670598 54.000000
v -51.798374 8.478743 54.000000
v -51.798374 -11.478743 54.000000
v -52.030128 8.712090 54.000000
v -52.064884 -11.754553 54.000000
v -51.756153 8.443696 54.000000
v -51.756153 -11.443696 54.000000
v -52.064884 8.754553 54.000000
v -51.712982 8.409820 54.000000
v -51.712982 -11.409820 54.000000
v -52.098461 8.797953 54.000000
v -52.098461 -11.797953 54.000000
v -51.668900 8.377142 54.000000
v -51.668900 -11.377142 54.000000
v -52.130836 8.842257 54.000000
v -52.130836 -11.842257 54.000000
v -51.623940 8.345685 54.000000
v -51.623940 -11.345685 54.000000
v -52.161987 8.887434 54.000000
v -52.161987 -11.887434 54.000000
v -51.578133 8.315474 54.000000
v -51.578133 -11.315474 54.000000
v -52.191883 8.933448 54.000000
v -52.191883 -11.933448 54.000000
v -51.531513 8.286530 54.000000
v -51.531513 -11.286530 54.000000
v -52.220505 8.980265 54.000000
v -52.220505 -11.980265 54.000000
v -51.484116 8.258876 54.000000
v -51.484116 -11.258876 54.000000
v -52.247833 9.027849 54.000000
v -52.273846 -12.076165 54.000000
v -52.247833 -12.027849 54.000000
v -51.435982 8.232533 54.000000
v -51.435982 -11.232533 54.000000
v -52.273846 9.076165 54.000000
v -51.387138 8.207520 54.000000
v -51.387138 -11.207520 54.000000
v -52.298523 9.125176 54.000000
v -52.298523 -12.125176 54.000000
v -51.337631 8.183857 54.000000
v -51.337631 -11.183857 54.000000
v -52.321846 9.174847 54.000000
v -52.343796 -12.225138 54.000000
v -52.321846 -12.174847 54.000000
v -51.287491 8.161561 54.000000
v -51.287491 -11.161561 54.000000
v -52.343796 9.225138 54.000000
v -51.236759 8.140649 54.000000
v -51.236759 -11.140649 54.000000
v -52.364361 9.276011 54.000000
v -52.364361 -12.276011 54.000000
v -51.185471 8.121137 54.000000
v -51.185471 -11.121137 54.000000
v -52.383522 9.327432 54.000000
v -52.383522 -12.327432 54.000000
v -51.133671 8.103039 54.000000
v -51.133671 -11.103039 54.000000
v -51.081390 8.086369 54.000000
v -51.081390 -11.086369 54.000000
v -51.028671 8.071138 54.000000
v -51.028671 -11.071138 54.000000
v -50.975555 8.057362 54.000000
v -50.975555 -11.057362 54.000000
v -50.922085 8.045046 54.000000
v -50.922085 -11.045046 54.000000
v -50.868294 8.034203 54.000000
v -50.868294 -11.034203 54.000000
v -50.814224 8.024838 54.000000
v -50.814224 -11.024838 54.000000
v -50.759918 8.016961 54.000000
v -50.759918 -11.016961 54.000000
v -50.705418 8.010577 54.000000
v -50.705418 -11.010577 54.000000
v -50.650764 8.005691 54.000000
v -50.650764 -11.005691 54.000000
v -50.595993 8.002305 54.000000
v -50.595993 -11.002305 54.000000
v -50.541153 8.000423 54.000000
v -50.541153 -11.000423 54.000000
v -50.486282 8.000047 54.000000
v -50.486282 -11.000047 54.000000
v -50.431419 8.001176 54.000000
v -50.431419 -11.001176 54.000000
v -50.376610 8.003810 54.000000
v -50.376610 -11.003810 54.000000
v -50.321892 8.007946 54.000000
v -50.321892 -11.007946 54.000000
v -50.267311 8.013582 54.000000
v -50.267311 -11.013582 54.000000
v -50.212902 8.020714 54.000000
v -50.212902 -11.020714 54.000000
v -50.158710 8.029335 54.000000
v -50.158710 -11.029335 54.000000
v -50.104774 8.039439 54.000000
v -50.104774 -11.039439 54.000000
v -50.051136 8.051020 54.000000
v -50.051136 -11.051020 54.000000
v -49.997837 8.064068 54.000000
v -49.997837 -11.064068 54.000000
v -49.944916 8.078573 54.000000
v -49.944916 -11.078573 54.000000
v -49.892414 8.094524 54.000000
v -49.892414 -11.094524 54.000000
v -49.840366 8.111910 54.000000
v -49.840366 -11.111910 54.000000
v -49.788818 8.130717 54.000000
v -49.788818 -11.130717 54.000000
v -49.737804 8.150931 54.000000
v -49.737804 -11.150931 54.000000
v -49.687363 8.172537 54.000000
v -49.687363 -11.172537 54.000000
v -49.637535 -11.195519 54.000000
v -49.637535 8.195519 54.000000
v -49.588352 -11.219859 54.000000
v -49.588352 8.219859 54.000000
v -49.539860 8.245540 54.000000
v -49.539860 -11.245540 54.000000
v -49.492088 -11.272540 54.000000
v -49.492088 8.272540 54.000000
v -49.445080 8.300841 54.000000
v -49.445080 -11.300841 54.000000
v -49.398861 8.330421 54.000000
v -49.398861 -11.330421 54.000000
v -49.353470 8.361259 54.000000
v -49.353470 -11.361259 54.000000
v -49.308945 8.393330 54.000000
v -49.308945 -11.393330 54.000000
v -49.265316 8.426610 54.000000
v -49.265316 -11.426610 54.000000
v -49.222618 8.461074 54.000000
v -49.222618 -11.461074 54.000000
v -49.180878 8.496697 54.000000
v -49.180878 -11.496697 54.000000
v -49.140133 8.533452 54.000000
v -49.140133 -11.533452 54.000000
v -49.100410 8.571311 54.000000
v -49.100410 -11.571311 54.000000
v -49.061745 8.610245 54.000000
v -49.061745 -11.610245 54.000000
v -49.024158 -11.650225 54.000000
v -49.024158 8.650225 54.000000
v -48.987686 -11.691221 54.000000
v -48.987686 8.691221 54.000000
v -48.952347 8.733203 54.000000
v -48.952347 -11.733203 54.000000
v -48.918179 8.776138 54.000000
v -48.918179 -11.776138 54.000000
v -48.885197 -11.819994 54.000000
v -48.885197 8.819994 54.000000
v -48.853432 -11.864739 54.000000
v -48.853432 8.864739 54.000000
v -48.822906 8.910338 54.000000
v -48.822906 -11.910338 54.000000
v -48.793644 8.956758 54.000000
v -48.793644 -11.956758 54.000000
v -48.765667 9.003963 54.000000
v -48.765667 -12.003963 54.000000
v -48.738995 -12.051917 54.000000
v -48.738995 9.051917 54.000000
v -48.713646 9.100586 54.000000
v -48.713646 -12.100586 54.000000
v -48.689644 -12.149931 54.000000
v -48.689644 9.149931 54.000000
v -48.667007 -12.199917 54.000000
v -48.667007 9.199917 54.000000
v -48.645748 9.250504 54.000000
v -48.645748 -12.250504 54.000000
v -48.625881 9.301656 54.000000
v -48.625881 -12.301656 54.000000
v -54.000000 16.585787 54.000000
v -50.814224 11.975162 54.000000
v -50.759918 11.983039 54.000000
v -52.484776 9.753690 54.000000
v -52.490784 9.808232 54.000000
v -52.495296 9.862920 54.000000
v -52.498306 9.917710 54.000000
v -52.499813 9.972564 54.000000
v -52.499813 10.027436 54.000000
v -52.498306 10.082290 54.000000
v -52.495296 10.137080 54.000000
v -52.490784 10.191768 54.000000
v -52.484776 10.246310 54.000000
v -52.477272 10.300668 54.000000
v -52.468277 10.354799 54.000000
v -52.457802 10.408664 54.000000
v -52.445854 10.462220 54.000000
v -52.432442 10.515429 54.000000
v -52.417576 10.568250 54.000000
v -52.401264 10.620643 54.000000
v -52.383522 10.672568 54.000000
v -52.364361 10.723989 54.000000
v -52.343796 10.774862 54.000000
v -52.321846 10.825153 54.000000
v -52.298523 10.874824 54.000000
v -52.273846 10.923835 54.000000
v -52.247833 10.972151 54.000000
v -52.220505 11.019735 54.000000
v -52.191883 11.066552 54.000000
v -52.161987 11.112566 54.000000
v -52.130836 11.157743 54.000000
v -52.098461 11.202047 54.000000
v -52.064884 11.245447 54.000000
v -52.030128 11.287910 54.000000
v -51.994221 11.329402 54.000000
v -51.957184 11.369894 54.000000
v -51.919056 11.409355 54.000000
v -51.879856 11.447755 54.000000
v -51.839619 11.485065 54.000000
v -51.798374 11.521257 54.000000
v -51.756153 11.556304 54.000000
v -51.712982 11.590180 54.000000
v -51.668900 11.622858 54.000000
v -51.623940 11.654315 54.000000
v -51.578133 11.684526 54.000000
v -51.531513 11.713470 54.000000
v -51.484116 11.741124 54.000000
v -51.435982 11.767467 54.000000
v -51.387138 11.792480 54.000000
v -51.337631 11.816143 54.000000
v -51.287491 11.838439 54.000000
v -51.236759 11.859351 54.000000
v -51.185471 11.878863 54.000000
v -51.133671 11.896961 54.000000
v -51.081390 11.913631 54.000000
v -51.028671 11.928862 54.000000
v -50.975555 11.942638 54.000000
v -50.922085 11.954954 54.000000
v -50.868294 11.965797 54.000000
v -52.585785 18.000000 54.000000
v -50.705418 11.989423 54.000000
v -50.650764 11.994309 54.000000
v -50.595993 11.997695 54.000000
v -50.541153 11.999577 54.000000
v -50.486282 11.999953 54.000000
v -47.000000 16.585787 54.000000
v -50.267311 11.986418 54.000000
v -50.212902 11.979286 54.000000
v -50.158710 11.970665 54.000000
v -50.104774 11.960561 54.000000
v -50.051136 11.948980 54.000000
v -49.997837 11.935932 54.000000
v -49.944916 11.921427 54.000000
v -49.892414 11.905476 54.000000
v -49.840366 11.888090 54.000000
v -49.788818 11.869283 54.000000
v -49.737804 11.849069 54.000000
v -49.687363 11.827463 54.000000
v -49.637535 11.804481 54.000000
v -49.588352 11.780141 54.000000
v -49.539860 11.754460 54.000000
v -49.492088 11.727460 54.000000
v -49.445080 11.699159 54.000000
v -49.398861 11.669579 54.000000
v -49.353470 11.638741 54.000000
v -49.308945 11.606670 54.000000
v -49.265316 11.573390 54.000000
v -49.222618 11.538926 54.000000
v -49.180878 11.503303 54.000000
v -49.140133 11.466548 54.000000
v -49.100410 11.428689 54.000000
v -49.061745 11.389755 54.000000
v -49.024158 11.349775 54.000000
v -48.500000 10.000000 54.000000
v -48.500751 9.945132 54.000000
v -48.987686 11.308779 54.000000
v -48.503010 9.890306 54.000000
v -48.952347 11.266797 54.000000
v -48.506771 9.835561 54.000000
v -48.918179 11.223862 54.000000
v -48.512032 9.780940 54.000000
v -48.885197 11.180006 54.000000
v -48.853432 11.135261 54.000000
v -48.822906 11.089662 54.000000
v -48.793644 11.043242 54.000000
v -48.765667 10.996037 54.000000
v -48.738995 10.948083 54.000000
v -48.713646 10.899414 54.000000
v -48.689644 10.850069 54.000000
v -48.667007 10.800083 54.000000
v -48.645748 10.749496 54.000000
v -48.625881 10.698344 54.000000
v -48.607430 10.646667 54.000000
v -48.590401 10.594502 54.000000
v -48.574810 10.541890 54.000000
v -48.560669 10.488871 54.000000
v -48.547989 10.435483 54.000000
v -48.536774 10.381767 54.000000
v -48.527039 10.327765 54.000000
v -48.518791 10.273515 54.000000
v -48.512032 10.219060 54.000000
v -48.506771 10.164439 54.000000
v -48.503010 10.109694 54.000000
v -48.500751 10.054868 54.000000
v -48.414215 18.000000 54.000000
v -50.431419 11.998824 54.000000
v -50.376610 11.996190 54.000000
v -50.321892 11.992054 54.000000
v -48.512032 -12.780940 54.000000
v -48.518791 -12.726485 54.000000
v -48.527039 -12.672235 54.000000
v -48.536774 -12.618233 54.000000
v -48.547989 -12.564517 54.000000
v -48.560669 -12.511129 54.000000
v -48.574810 -12.458110 54.000000
v -48.590401 -12.405498 54.000000
v -48.607430 -12.353333 54.000000
v -48.518791 9.726485 54.000000
v -48.527039 9.672235 54.000000
v -48.536774 9.618233 54.000000
v -48.547989 9.564517 54.000000
v -48.560669 9.511129 54.000000
v -48.574810 9.458110 54.000000
v -48.590401 9.405498 54.000000
v -48.607430 9.353333 54.000000
v -52.484776 -12.753690 54.000000
v -52.477272 -12.699332 54.000000
v -52.468277 -12.645201 54.000000
v -52.457802 -12.591336 54.000000
v -52.445854 -12.537780 54.000000
v -52.432442 -12.484571 54.000000
v -52.417576 -12.431750 54.000000
v -52.401264 -12.379357 54.000000
v -52.477272 9.699332 54.000000
v -52.468277 9.645201 54.000000
v -52.457802 9.591336 54.000000
v -52.445854 9.537780 54.000000
v -52.432442 9.484571 54.000000
v -52.417576 9.431750 54.000000
v -52.401264 9.379357 54.000000
v -46.000000 14.900000 52.000000
v -46.000000 17.000000 52.000000
v -46.000000 17.000000 53.000000
v -46.000000 -17.900000 46.000000
v -46.000000 14.900000 46.000000
v -53.000000 19.000000 52.000000
v -53.000000 19.000000 53.000000
v -48.000000 19.000000 52.000000
v -51.635246 -14.127484 46.000000
v -51.603886 -14.158204 46.000000
v -51.665749 -14.095915 46.000000
v -51.571697 -14.188052 46.000000
v -51.695374 -14.063521 46.000000
v -51.538700 -14.217006 46.000000
v -51.724102 -14.030327 46.000000
v -51.504921 -14.245044 46.000000
v -51.751907 -13.996357 46.000000
v -51.470387 -14.272144 46.000000
v -51.778770 -13.961637 46.000000
v -51.435120 -14.298286 46.000000
v -51.804672 -13.926194 46.000000
v -51.399151 -14.323452 46.000000
v -51.829590 -13.890053 46.000000
v -51.362507 -14.347622 46.000000
v -51.853504 -13.853242 46.000000
v -51.325211 -14.370776 46.000000
v -51.876404 -13.815788 46.000000
v -51.287292 -14.392900 46.000000
v -51.898266 -13.777721 46.000000
v -51.248783 -14.413974 46.000000
v -51.919075 -13.739068 46.000000
v -51.209713 -14.433984 46.000000
v -51.938820 -13.699859 46.000000
v -51.170105 -14.452914 46.000000
v -51.957478 -13.660123 46.000000
v -51.129993 -14.470751 46.000000
v -51.975037 -13.619890 46.000000
v -51.089409 -14.487481 46.000000
v -51.991489 -13.579190 46.000000
v -51.048378 -14.503091 46.000000
v -52.006817 -13.538054 46.000000
v -51.006935 -14.517570 46.000000
v -52.021011 -13.496514 46.000000
v -50.965111 -14.530906 46.000000
v -52.034061 -13.454600 46.000000
v -50.922939 -14.543089 46.000000
v -52.045952 -13.412343 46.000000
v -50.880447 -14.554111 46.000000
v -52.056683 -13.369777 46.000000
v -50.837666 -14.563963 46.000000
v -52.066242 -13.326931 46.000000
v -50.794632 -14.572639 46.000000
v -52.074623 -13.283839 46.000000
v -50.751381 -14.580130 46.000000
v -52.081818 -13.240535 46.000000
v -50.707935 -14.586431 46.000000
v -52.087818 -13.197048 46.000000
v -50.664333 -14.591538 46.000000
v -52.092628 -13.153414 46.000000
v -50.620609 -14.595448 46.000000
v -52.096237 -13.109664 46.000000
v -50.576794 -14.598156 46.000000
v -52.098644 -13.065831 46.000000
v -50.532921 -14.599661 46.000000
v -52.099850 -13.021950 46.000000
v -50.489025 -14.599962 46.000000
v -52.099850 -12.978050 46.000000
v -52.098644 -12.934169 46.000000
v -52.096237 -12.890336 46.000000
v -52.092628 -12.846586 46.000000
v -52.087818 -12.802952 46.000000
v -52.081818 -12.759465 46.000000
v -52.074623 -12.716161 46.000000
v -52.066242 -12.673069 46.000000
v -52.056683 -12.630223 46.000000
v -52.045952 -12.587657 46.000000
v -52.034061 -12.545400 46.000000
v -52.021011 -12.503486 46.000000
v -52.006817 -12.461946 46.000000
v -51.991489 -12.420810 46.000000
v -51.975037 -12.380110 46.000000
v -49.619087 -14.335663 46.000000
v -49.656063 -14.359327 46.000000
v -49.693672 -14.381968 46.000000
v -49.731888 -14.403568 46.000000
v -49.770683 -14.424112 46.000000
v -49.810028 -14.443584 46.000000
v -49.849892 -14.461970 46.000000
v -49.890244 -14.479255 46.000000
v -49.931053 -14.495426 46.000000
v -49.972294 -14.510472 46.000000
v -50.013931 -14.524381 46.000000
v -50.055935 -14.537142 46.000000
v -50.098270 -14.548746 46.000000
v -50.140911 -14.559184 46.000000
v -50.183819 -14.568448 46.000000
v -50.226967 -14.576532 46.000000
v -50.270321 -14.583429 46.000000
v -50.313847 -14.589134 46.000000
v -50.357513 -14.593643 46.000000
v -50.401287 -14.596952 46.000000
v -50.445137 -14.599059 46.000000
v -49.582779 -14.310993 46.000000
v -49.547157 -14.285336 46.000000
v -49.512253 -14.258712 46.000000
v -49.478092 -14.231140 46.000000
v -49.444702 -14.202642 46.000000
v -49.412106 -14.173239 46.000000
v -49.380329 -14.142952 46.000000
v -49.349396 -14.111804 46.000000
v -49.319328 -14.079820 46.000000
v -49.290146 -14.047023 46.000000
v -49.261879 -14.013437 46.000000
v -49.234543 -13.979090 46.000000
v -49.208157 -13.944004 46.000000
v -49.182747 -13.908209 46.000000
v -49.158325 -13.871729 46.000000
v -49.134914 -13.834594 46.000000
v -49.112534 -13.796830 46.000000
v -49.091194 -13.758466 46.000000
v -49.070919 -13.719531 46.000000
v -49.051716 -13.680055 46.000000
v -49.033604 -13.640067 46.000000
v -49.016598 -13.599597 46.000000
v -49.000706 -13.558675 46.000000
v -48.985943 -13.517333 46.000000
v -48.972321 -13.475602 46.000000
v -48.959846 -13.433513 46.000000
v -48.948536 -13.391097 46.000000
v -48.938389 -13.348387 46.000000
v -48.929420 -13.305414 46.000000
v -48.921631 -13.262212 46.000000
v -48.915031 -13.218812 46.000000
v -48.909626 -13.175247 46.000000
v -48.905418 -13.131552 46.000000
v -48.902409 -13.087756 46.000000
v -48.900600 -13.043895 46.000000
v -48.900002 -13.000000 46.000000
v -48.900600 -12.956105 46.000000
v -48.902409 -12.912244 46.000000
v -48.905418 -12.868448 46.000000
v -48.909626 -12.824753 46.000000
v -48.915031 -12.781188 46.000000
v -48.921631 -12.737788 46.000000
v -48.929420 -12.694586 46.000000
v -48.938389 -12.651613 46.000000
v -48.948536 -12.608903 46.000000
v -48.959846 -12.566487 46.000000
v -48.972321 -12.524398 46.000000
v -48.985943 -12.482667 46.000000
v -49.000706 -12.441325 46.000000
v -49.016598 -12.400403 46.000000
v -51.635246 -11.872516 46.000000
v -51.603886 8.841796 46.000000
v -51.603886 -11.841796 46.000000
v -51.571697 -11.811948 46.000000
v -51.635246 8.872516 46.000000
v -51.665749 -11.904085 46.000000
v -51.665749 8.904085 46.000000
v -51.571697 8.811948 46.000000
v -51.695374 8.936479 46.000000
v -51.724102 -11.969673 46.000000
v -51.695374 -11.936479 46.000000
v -51.538700 8.782994 46.000000
v -51.538700 -11.782994 46.000000
v -51.724102 8.969673 46.000000
v -51.504921 8.754956 46.000000
v -51.504921 -11.754956 46.000000
v -51.751907 -12.003643 46.000000
v -51.751907 9.003643 46.000000
v -51.470387 8.727856 46.000000
v -51.470387 -11.727856 46.000000
v -51.778770 -12.038363 46.000000
v -51.778770 9.038363 46.000000
v -51.435120 8.701714 46.000000
v -51.435120 -11.701714 46.000000
v -51.829590 -12.109947 46.000000
v -51.804672 9.073806 46.000000
v -51.804672 -12.073806 46.000000
v -51.399151 8.676548 46.000000
v -51.399151 -11.676548 46.000000
v -51.853504 -12.146758 46.000000
v -51.829590 9.109947 46.000000
v -51.362507 8.652378 46.000000
v -51.362507 -11.652378 46.000000
v -51.853504 9.146758 46.000000
v -51.325211 8.629224 46.000000
v -51.325211 -11.629224 46.000000
v -51.876404 9.184212 46.000000
v -51.898266 -12.222279 46.000000
v -51.876404 -12.184212 46.000000
v -51.287292 8.607100 46.000000
v -51.287292 -11.607100 46.000000
v -51.248783 -11.586026 46.000000
v -51.898266 9.222279 46.000000
v -51.248783 8.586026 46.000000
v -51.938820 -12.300141 46.000000
v -51.919075 9.260932 46.000000
v -51.919075 -12.260932 46.000000
v -51.209713 8.566016 46.000000
v -51.209713 -11.566016 46.000000
v -51.170105 -11.547086 46.000000
v -51.957478 -12.339877 46.000000
v -51.938820 9.300141 46.000000
v -51.170105 8.547086 46.000000
v -51.957478 9.339877 46.000000
v -51.129993 8.529249 46.000000
v -51.129993 -11.529249 46.000000
v -51.975037 9.380110 46.000000
v -51.089409 8.512519 46.000000
v -51.089409 -11.512519 46.000000
v -51.048378 8.496909 46.000000
v -51.048378 -11.496909 46.000000
v -51.006935 8.482430 46.000000
v -51.006935 -11.482430 46.000000
v -50.965111 8.469094 46.000000
v -50.965111 -11.469094 46.000000
v -50.922939 8.456911 46.000000
v -50.922939 -11.456911 46.000000
v -50.880447 8.445889 46.000000
v -50.880447 -11.445889 46.000000
v -50.837666 8.436037 46.000000
v -50.837666 -11.436037 46.000000
v -50.794632 8.427361 46.000000
v -50.794632 -11.427361 46.000000
v -50.751381 -11.419870 46.000000
v -50.751381 8.419870 46.000000
v -50.707935 8.413569 46.000000
v -50.707935 -11.413569 46.000000
v -50.664333 -11.408462 46.000000
v -50.664333 8.408462 46.000000
v -50.620609 8.404552 46.000000
v -50.620609 -11.404552 46.000000
v -50.576794 8.401844 46.000000
v -50.576794 -11.401844 46.000000
v -50.532921 8.400339 46.000000
v -50.532921 -11.400339 46.000000
v -50.489025 8.400038 46.000000
v -50.489025 -11.400038 46.000000
v -50.445137 8.400941 46.000000
v -50.445137 -11.400941 46.000000
v -50.401287 -11.403048 46.000000
v -50.401287 8.403048 46.000000
v -50.357513 8.406357 46.000000
v -50.357513 -11.406357 46.000000
v -50.313847 8.410866 46.000000
v -50.313847 -11.410866 46.000000
v -50.270321 -11.416571 46.000000
v -50.270321 8.416571 46.000000
v -50.226967 8.423468 46.000000
v -50.226967 -11.423468 46.000000
v -50.183819 8.431552 46.000000
v -50.183819 -11.431552 46.000000
v -50.140911 -11.440816 46.000000
v -50.140911 8.440816 46.000000
v -50.098270 8.451254 46.000000
v -50.098270 -11.451254 46.000000
v -50.055935 8.462858 46.000000
v -50.055935 -11.462858 46.000000
v -50.013931 8.475619 46.000000
v -50.013931 -11.475619 46.000000
v -49.972294 8.489528 46.000000
v -49.972294 -11.489528 46.000000
v -49.931053 8.504574 46.000000
v -49.931053 -11.504574 46.000000
v -49.890244 8.520745 46.000000
v -49.890244 -11.520745 46.000000
v -49.849892 8.538030 46.000000
v -49.849892 -11.538030 46.000000
v -49.810028 8.556416 46.000000
v -49.810028 -11.556416 46.000000
v -49.770683 8.575888 46.000000
v -49.770683 -11.575888 46.000000
v -49.731888 8.596432 46.000000
v -49.731888 -11.596432 46.000000
v -49.693672 8.618032 46.000000
v -49.693672 -11.618032 46.000000
v -49.656063 8.640673 46.000000
v -49.656063 -11.640673 46.000000
v -49.619087 8.664337 46.000000
v -49.619087 -11.664337 46.000000
v -49.582779 8.689007 46.000000
v -49.582779 -11.689007 46.000000
v -49.547157 -11.714664 46.000000
v -49.547157 8.714664 46.000000
v -49.512253 8.741288 46.000000
v -49.512253 -11.741288 46.000000
v -49.478092 -11.768860 46.000000
v -49.478092 8.768860 46.000000
v -49.444702 8.797358 46.000000
v -49.444702 -11.797358 46.000000
v -49.412106 8.826761 46.000000
v -49.412106 -11.826761 46.000000
v -49.380329 8.857048 46.000000
v -49.380329 -11.857048 46.000000
v -49.349396 -11.888196 46.000000
v -49.349396 8.888196 46.000000
v -49.319328 8.920180 46.000000
v -49.319328 -11.920180 46.000000
v -49.290146 8.952977 46.000000
v -49.290146 -11.952977 46.000000
v -49.261879 8.986563 46.000000
v -49.261879 -11.986563 46.000000
v -49.234543 9.020910 46.000000
v -49.234543 -12.020910 46.000000
v -49.208157 9.055996 46.000000
v -49.208157 -12.055996 46.000000
v -51.991489 9.420810 46.000000
v -52.006817 9.461946 46.000000
v -52.021011 9.503486 46.000000
v -52.034061 9.545400 46.000000
v -52.045952 9.587657 46.000000
v -52.056683 9.630223 46.000000
v -52.066242 9.673069 46.000000
v -52.074623 9.716161 46.000000
v -52.081818 9.759465 46.000000
v -52.087818 9.802952 46.000000
v -52.092628 9.846586 46.000000
v -52.096237 9.890336 46.000000
v -52.098644 9.934169 46.000000
v -52.099850 9.978050 46.000000
v -52.099850 10.021950 46.000000
v -52.098644 10.065831 46.000000
v -52.096237 10.109664 46.000000
v -52.092628 10.153414 46.000000
v -52.087818 10.197048 46.000000
v -52.081818 10.240535 46.000000
v -52.074623 10.283839 46.000000
v -52.066242 10.326931 46.000000
v -52.056683 10.369777 46.000000
v -52.045952 10.412343 46.000000
v -52.034061 10.454600 46.000000
v -52.021011 10.496514 46.000000
v -52.006817 10.538054 46.000000
v -51.991489 10.579190 46.000000
v -51.975037 10.619890 46.000000
v -51.957478 10.660123 46.000000
v -51.938820 10.699859 46.000000
v -51.919075 10.739068 46.000000
v -51.898266 10.777721 46.000000
v -51.876404 10.815788 46.000000
v -51.853504 10.853242 46.000000
v -51.829590 10.890053 46.000000
v -51.804672 10.926194 46.000000
v -51.778770 10.961637 46.000000
v -51.751907 10.996357 46.000000
v -51.724102 11.030327 46.000000
v -51.695374 11.063521 46.000000
v -51.665749 11.095915 46.000000
v -51.635246 11.127484 46.000000
v -51.603886 11.158204 46.000000
v -51.571697 11.188052 46.000000
v -51.538700 11.217006 46.000000
v -51.504921 11.245044 46.000000
v -51.470387 11.272144 46.000000
v -51.435120 11.298286 46.000000
v -49.182747 9.091791 46.000000
v -49.182747 -12.091791 46.000000
v -51.399151 11.323452 46.000000
v -49.158325 9.128271 46.000000
v -49.158325 -12.128271 46.000000
v -51.362507 11.347622 46.000000
v -49.134914 9.165406 46.000000
v -49.134914 -12.165406 46.000000
v -49.112534 -12.203170 46.000000
v -51.325211 11.370776 46.000000
v -49.112534 9.203170 46.000000
v -51.287292 11.392900 46.000000
v -49.091194 9.241534 46.000000
v -49.091194 -12.241534 46.000000
v -51.248783 11.413974 46.000000
v -49.070919 9.280469 46.000000
v -49.070919 -12.280469 46.000000
v -51.209713 11.433984 46.000000
v -49.051716 9.319945 46.000000
v -49.051716 -12.319945 46.000000
v -51.170105 11.452914 46.000000
v -49.033604 9.359933 46.000000
v -49.033604 -12.359933 46.000000
v -51.129993 11.470751 46.000000
v -49.016598 9.400403 46.000000
v -51.089409 11.487481 46.000000
v -51.048378 11.503091 46.000000
v -51.006935 11.517570 46.000000
v -50.965111 11.530906 46.000000
v -50.922939 11.543089 46.000000
v -50.880447 11.554111 46.000000
v -50.837666 11.563963 46.000000
v -50.794632 11.572639 46.000000
v -50.751381 11.580130 46.000000
v -50.707935 11.586431 46.000000
v -50.664333 11.591538 46.000000
v -50.620609 11.595448 46.000000
v -50.576794 11.598156 46.000000
v -50.532921 11.599661 46.000000
v -50.489025 11.599962 46.000000
v -50.445137 11.599059 46.000000
v -50.401287 11.596952 46.000000
v -50.357513 11.593643 46.000000
v -50.313847 11.589134 46.000000
v -50.270321 11.583429 46.000000
v -50.226967 11.576532 46.000000
v -50.183819 11.568448 46.000000
v -50.140911 11.559184 46.000000
v -50.098270 11.548746 46.000000
v -50.055935 11.537142 46.000000
v -50.013931 11.524381 46.000000
v -49.972294 11.510472 46.000000
v -49.931053 11.495426 46.000000
v -49.890244 11.479255 46.000000
v -49.849892 11.461970 46.000000
v -49.810028 11.443584 46.000000
v -49.770683 11.424112 46.000000
v -49.731888 11.403568 46.000000
v -49.693672 11.381968 46.000000
v -49.656063 11.359327 46.000000
v -49.619087 11.335663 46.000000
v -49.582779 11.310993 46.000000
v -49.547157 11.285336 46.000000
v -49.512253 11.258712 46.000000
v -49.478092 11.231140 46.000000
v -49.444702 11.202642 46.000000
v -49.412106 11.173239 46.000000
v -49.380329 11.142952 46.000000
v -49.349396 11.111804 46.000000
v -49.319328 11.079820 46.000000
v -48.900002 10.000000 46.000000
v -48.900600 9.956105 46.000000
v -49.290146 11.047023 46.000000
v -48.902409 9.912244 46.000000
v -49.261879 11.013437 46.000000
v -48.905418 9.868448 46.000000
v -49.234543 10.979090 46.000000
v -48.909626 9.824753 46.000000
v -49.208157 10.944004 46.000000
v -48.915031 9.781188 46.000000
v -49.182747 10.908209 46.000000
v -48.921631 9.737788 46.000000
v -49.158325 10.871729 46.000000
v -48.929420 9.694586 46.000000
v -49.134914 10.834594 46.000000
v -48.938389 9.651613 46.000000
v -49.112534 10.796830 46.000000
v -48.948536 9.608903 46.000000
v -49.091194 10.758466 46.000000
v -48.959846 9.566487 46.000000
v -49.070919 10.719531 46.000000
v -48.972321 9.524398 46.000000
v -49.051716 10.680055 46.000000
v -48.985943 9.482667 46.000000
v -49.033604 10.640067 46.000000
v -49.000706 9.441325 46.000000
v -49.016598 10.599597 46.000000
v -49.000706 10.558675 46.000000
v -48.985943 10.517333 46.000000
v -48.972321 10.475602 46.000000
v -48.959846 10.433513 46.000000
v -48.948536 10.391097 46.000000
v -48.938389 10.348387 46.000000
v -48.929420 10.305414 46.000000
v -48.921631 10.262212 46.000000
v -48.915031 10.218812 46.000000
v -48.909626 10.175247 46.000000
v -48.905418 10.131552 46.000000
v -48.902409 10.087756 46.000000
v -48.900600 10.043895 46.000000
v -48.000000 19.000000 53.000000
v -48.500000 -13.000000 48.500000
v -48.500751 -12.945132 48.500000
v -48.503010 -12.890306 48.500000
v -48.506771 -12.835561 48.500000
v -48.512032 -12.780940 48.500000
v -48.518791 -12.726485 48.500000
v -48.527039 -12.672235 48.500000
v -48.536774 -12.618233 48.500000
v -48.547989 -12.564517 48.500000
v -48.560669 -12.511129 48.500000
v -48.574810 -12.458110 48.500000
v -48.590401 -12.405498 48.500000
v -48.607430 -12.353333 48.500000
v -48.625881 -12.301656 48.500000
v -48.645748 -12.250504 48.500000
v -48.667007 -12.199917 48.500000
v -48.689644 -12.149931 48.500000
v -48.713646 -12.100586 48.500000
v -48.738995 -12.051917 48.500000
v -48.765667 -12.003963 48.500000
v -48.793644 -11.956758 48.500000
v -48.822906 -11.910338 48.500000
v -48.853432 -11.864739 48.500000
v -48.885197 -11.819994 48.500000
v -48.918179 -11.776138 48.500000
v -48.952347 -11.733203 48.500000
v -48.987686 -11.691221 48.500000
v -49.024158 -11.650225 48.500000
v -49.061745 -11.610245 48.500000
v -49.100410 -11.571311 48.500000
v -49.140133 -11.533452 48.500000
v -49.180878 -11.496697 48.500000
v -49.222618 -11.461074 48.500000
v -49.265316 -11.426610 48.500000
v -49.308945 -11.393330 48.500000
v -49.353470 -11.361259 48.500000
v -49.398861 -11.330421 48.500000
v -49.445080 -11.300841 48.500000
v -49.492088 -11.272540 48.500000
v -49.539860 -11.245540 48.500000
v -49.588352 -11.219859 48.500000
v -49.637535 -11.195519 48.500000
v -49.687363 -11.172537 48.500000
v -49.737804 -11.150931 48.500000
v -49.788818 -11.130717 48.500000
v -49.840366 -11.111910 48.500000
v -49.892414 -11.094524 48.500000
v -49.944916 -11.078573 48.500000
v -49.997837 -11.064068 48.500000
v -50.051136 -11.051020 48.500000
v -50.104774 -11.039439 48.500000
v -50.158710 -11.029335 48.500000
v -50.212902 -11.020714 48.500000
v -50.267311 -11.013582 48.500000
v -50.321892 -11.007946 48.500000
v -50.376610 -11.003810 48.500000
v -50.431419 -11.001176 48.500000
v -50.486282 -11.000047 48.500000
v -50.541153 -11.000423 48.500000
v -50.595993 -11.002305 48.500000
v -50.650764 -11.005691 48.500000
v -50.705418 -11.010577 48.500000
v -50.759918 -11.016961 48.500000
v -50.814224 -11.024838 48.500000
v -50.868294 -11.034203 48.500000
v -50.922085 -11.045046 48.500000
v -50.975555 -11.057362 48.500000
v -51.028671 -11.071138 48.500000
v -51.081390 -11.086369 48.500000
v -51.133671 -11.103039 48.500000
v -51.185471 -11.121137 48.500000
v -51.236759 -11.140649 48.500000
v -51.287491 -11.161561 48.500000
v -51.337631 -11.183857 48.500000
v -51.387138 -11.207520 48.500000
v -51.435982 -11.232533 48.500000
v -51.484116 -11.258876 48.500000
v -51.531513 -11.286530 48.500000
v -51.578133 -11.315474 48.500000
v -51.623940 -11.345685 48.500000
v -51.668900 -11.377142 48.500000
v -51.712982 -11.409820 48.500000
v -51.756153 -11.443696 48.500000
v -51.798374 -11.478743 48.500000
v -51.839619 -11.514935 48.500000
v -51.879856 -11.552245 48.500000
v -51.919056 -11.590645 48.500000
v -51.957184 -11.630106 48.500000
v -51.994221 -11.670598 48.500000
v -52.030128 -11.712090 48.500000
v -52.064884 -11.754553 48.500000
v -52.098461 -11.797953 48.500000
v -52.130836 -11.842257 48.500000
v -52.161987 -11.887434 48.500000
v -52.191883 -11.933448 48.500000
v -52.220505 -11.980265 48.500000
v -52.247833 -12.027849 48.500000
v -52.273846 -12.076165 48.500000
v -52.298523 -12.125176 48.500000
v -52.321846 -12.174847 48.500000
v -52.343796 -12.225138 48.500000
v -52.364361 -12.276011 48.500000
v -52.383522 -12.327432 48.500000
v -52.401264 -12.379357 48.500000
v -52.417576 -12.431750 48.500000
v -52.432442 -12.484571 48.500000
v -52.445854 -12.537780 48.500000
v -52.457802 -12.591336 48.500000
v -52.468277 -12.645201 48.500000
v -52.477272 -12.699332 48.500000
v -52.484776 -12.753690 48.500000
v -52.490784 -12.808232 48.500000
v -52.495296 -12.862920 48.500000
v -52.498306 -12.917710 48.500000
v -52.499813 -12.972564 48.500000
v -52.499813 -13.027436 48.500000
v -52.498306 -13.082290 48.500000
v -52.495296 -13.137080 48.500000
v -52.490784 -13.191768 48.500000
v -52.484776 -13.246310 48.500000
v -52.477272 -13.300668 48.500000
v -52.468277 -13.354799 48.500000
v -52.457802 -13.408664 48.500000
v -52.445854 -13.462220 48.500000
v -52.432442 -13.515429 48.500000
v -52.417576 -13.568250 48.500000
v -52.401264 -13.620643 48.500000
v -52.383522 -13.672568 48.500000
v -52.364361 -13.723989 48.500000
v -52.343796 -13.774862 48.500000
v -52.321846 -13.825153 48.500000
v -52.298523 -13.874824 48.500000
v -52.273846 -13.923835 48.500000
v -52.247833 -13.972151 48.500000
v -52.220505 -14.019735 48.500000
v -52.191883 -14.066552 48.500000
v -52.161987 -14.112566 48.500000
v -52.130836 -14.157743 48.500000
v -52.098461 -14.202047 48.500000
v -52.064884 -14.245447 48.500000
v -52.030128 -14.287910 48.500000
v -51.994221 -14.329402 48.500000
v -51.957184 -14.369894 48.500000
v -51.919056 -14.409355 48.500000
v -51.879856 -14.447755 48.500000
v -51.839619 -14.485065 48.500000
v -51.798374 -14.521257 48.500000
v -51.756153 -14.556304 48.500000
v -51.712982 -14.590180 48.500000
v -51.668900 -14.622858 48.500000
v -51.623940 -14.654315 48.500000
v -51.578133 -14.684526 48.500000
v -51.531513 -14.713470 48.500000
v -51.484116 -14.741124 48.500000
v -51.435982 -14.767467 48.500000
v -51.387138 -14.792480 48.500000
v -51.337631 -14.816143 48.500000
v -51.287491 -14.838439 48.500000
v -51.236759 -14.859351 48.500000
v -51.185471 -14.878863 48.500000
v -51.133671 -14.896961 48.500000
v -51.081390 -14.913631 48.500000
v -51.028671 -14.928862 48.500000
v -50.975555 -14.942638 48.500000
v -50.922085 -14.954954 48.500000
v -50.868294 -14.965797 48.500000
v -50.814224 -14.975162 48.500000
v -50.759918 -14.983039 48.500000
v -50.705418 -14.989423 48.500000
v -50.650764 -14.994309 48.500000
v -50.595993 -14.997695 48.500000
v -50.541153 -14.999577 48.500000
v -50.486282 -14.999953 48.500000
v -50.431419 -14.998824 48.500000
v -50.376610 -14.996190 48.500000
v -50.321892 -14.992054 48.500000
v -50.267311 -14.986418 48.500000
v -50.212902 -14.979286 48.500000
v -50.158710 -14.970665 48.500000
v -50.104774 -14.960561 48.500000
v -50.051136 -14.948980 48.500000
v -49.997837 -14.935932 48.500000
v -49.944916 -14.921427 48.500000
v -49.892414 -14.905476 48.500000
v -49.840366 -14.888090 48.500000
v -49.788818 -14.869283 48.500000
v -49.737804 -14.849069 48.500000
v -49.687363 -14.827463 48.500000
v -49.637535 -14.804481 48.500000
v -49.588352 -14.780141 48.500000
v -49.539860 -14.754460 48.500000
v -49.492088 -14.727460 48.500000
v -49.445080 -14.699159 48.500000
v -49.398861 -14.669579 48.500000
v -49.353470 -14.638741 48.500000
v -49.308945 -14.606670 48.500000
v -49.265316 -14.573390 48.500000
v -49.222618 -14.538926 48.500000
v -49.180878 -14.503303 48.500000
v -49.140133 -14.466548 48.500000
v -49.100410 -14.428689 48.500000
v -49.061745 -14.389755 48.500000
v -49.024158 -14.349775 48.500000
v -48.987686 -14.308779 48.500000
v -48.952347 -14.266797 48.500000
v -48.918179 -14.223862 48.500000
v -48.885197 -14.180006 48.500000
v -48.853432 -14.135261 48.500000
v -48.822906 -14.089662 48.500000
v -48.793644 -14.043242 48.500000
v -48.765667 -13.996037 48.500000
v -48.738995 -13.948083 48.500000
v -48.713646 -13.899414 48.500000
v -48.689644 -13.850069 48.500000
v -48.667007 -13.800083 48.500000
v -48.645748 -13.749496 48.500000
v -48.625881 -13.698344 48.500000
v -48.607430 -13.646667 48.500000
v -48.590401 -13.594502 48.500000
v -48.574810 -13.541890 48.500000
v -48.560669 -13.488871 48.500000
v -48.547989 -13.435483 48.500000
v -48.536774 -13.381767 48.500000
v -48.527039 -13.327765 48.500000
v -48.518791 -13.273515 48.500000
v -48.512032 -13.219060 48.500000
v -48.506771 -13.164439 48.500000
v -48.503010 -13.109694 48.500000
v -48.500751 -13.054868 48.500000
v -48.500000 10.000000 48.500000
v -48.500751 10.054868 48.500000
v -48.503010 10.109694 48.500000
v -48.506771 10.164439 48.500000
v -48.512032 10.219060 48.500000
v -48.518791 10.273515 48.500000
v -48.527039 10.327765 48.500000
v -48.536774 10.381767 48.500000
v -48.547989 10.435483 48.500000
v -48.560669 10.488871 48.500000
v -48.574810 10.541890 48.500000
v -48.590401 10.594502 48.500000
v -48.607430 10.646667 48.500000
v -48.625881 10.698344 48.500000
v -48.645748 10.749496 48.500000
v -48.667007 10.800083 48.500000
v -48.689644 10.850069 48.500000
v -48.713646 10.899414 48.500000
v -48.738995 10.948083 48.500000
v -48.765667 10.996037 48.500000
v -48.793644 11.043242 48.500000
v -48.822906 11.089662 48.500000
v -48.853432 11.135261 48.500000
v -48.885197 11.180006 48.500000
v -48.918179 11.223862 48.500000
v -48.952347 11.266797 48.500000
v -48.987686 11.308779 48.500000
v -49.024158 11.349775 48.500000
v -49.061745 11.389755 48.500000
v -49.100410 11.428689 48.500000
v -49.140133 11.466548 48.500000
v -49.180878 11.503303 48.500000
v -49.222618 11.538926 48.500000
v -49.265316 11.573390 48.500000
v -49.308945 11.606670 48.500000
v -49.353470 11.638741 48.500000
v -49.398861 11.669579 48.500000
v -49.445080 11.699159 48.500000
v -49.492088 11.727460 48.500000
v -49.539860 11.754460 48.500000
v -49.588352 11.780141 48.500000
v -49.637535 11.804481 48.500000
v -49.687363 11.827463 48.500000
v -49.737804 11.849069 48.500000
v -49.788818 11.869283 48.500000
v -49.840366 11.888090 48.500000
v -49.892414 11.905476 48.500000
v -49.944916 11.921427 48.500000
v -49.997837 11.935932 48.500000
v -50.051136 11.948980 48.500000
v -50.104774 11.960561 48.500000
v -50.158710 11.970665 48.500000
v -50.212902 11.979286 48.500000
v -50.267311 11.986418 48.500000
v -50.321892 11.992054 48.500000
v -50.376610 11.996190 48.500000
v -50.431419 11.998824 48.500000
v -50.486282 11.999953 48.500000
v -50.541153 11.999577 48.500000
v -50.595993 11.997695 48.500000
v -50.650764 11.994309 48.500000
v -50.705418 11.989423 48.500000
v -50.759918 11.983039 48.500000
v -50.814224 11.975162 48.500000
v -50.868294 11.965797 48.500000
v -50.922085 11.954954 48.500000
v -50.975555 11.942638 48.500000
v -51.028671 11.928862 48.500000
v -51.081390 11.913631 48.500000
v -51.133671 11.896961 48.500000
v -51.185471 11.878863 48.500000
v -51.236759 11.859351 48.500000
v -51.287491 11.838439 48.500000
v -51.337631 11.816143 48.500000
v -51.387138 11.792480 48.500000
v -51.435982 11.767467 48.500000
v -51.484116 11.741124 48.500000
v -51.531513 11.713470 48.500000
v -51.578133 11.684526 48.500000
v -51.623940 11.654315 48.500000
v -51.668900 11.622858 48.500000
v -51.712982 11.590180 48.500000
v -51.756153 11.556304 48.500000
v -51.798374 11.521257 48.500000
v -51.839619 11.485065 48.500000
v -51.879856 11.447755 48.500000
v -51.919056 11.409355 48.500000
v -51.957184 11.369894 48.500000
v -51.994221 11.329402 48.500000
v -52.030128 11.287910 48.500000
v -52.064884 11.245447 48.500000
v -52.098461 11.202047 48.500000
v -52.130836 11.157743 48.500000
v -52.161987 11.112566 48.500000
v -52.191883 11.066552 48.500000
v -52.220505 11.019735 48.500000
v -52.247833 10.972151 48.500000
v -52.273846 10.923835 48.500000
v -52.298523 10.874824 48.500000
v -52.321846 10.825153 48.500000
v -52.343796 10.774862 48.500000
v -52.364361 10.723989 48.500000
v -52.383522 10.672568 48.500000
v -52.401264 10.620643 48.500000
v -52.417576 10.568250 48.500000
v -52.432442 10.515429 48.500000
v -52.445854 10.462220 48.500000
v -52.457802 10.408664 48.500000
v -52.468277 10.354799 48.500000
v -52.477272 10.300668 48.500000
v -52.484776 10.246310 48.500000
v -52.490784 10.191768 48.500000
v -52.495296 10.137080 48.500000
v -52.498306 10.082290 48.500000
v -52.499813 10.027436 48.500000
v -52.499813 9.972564 48.500000
v -52.498306 9.917710 48.500000
v -52.495296 9.862920 48.500000
v -52.490784 9.808232 48.500000
v -52.484776 9.753690 48.500000
v -52.477272 9.699332 48.500000
v -52.468277 9.645201 48.500000
v -52.457802 9.591336 48.500000
v -52.445854 9.537780 48.500000
v -52.432442 9.484571 48.500000
v -52.417576 9.431750 48.500000
v -52.401264 9.379357 48.500000
v -52.383522 9.327432 48.500000
v -52.364361 9.276011 48.500000
v -52.343796 9.225138 48.500000
v -52.321846 9.174847 48.500000
v -52.298523 9.125176 48.500000
v -52.273846 9.076165 48.500000
v -52.247833 9.027849 48.500000
v -52.220505 8.980265 48.500000
v -52.191883 8.933448 48.500000
v -52.161987 8.887434 48.500000
v -52.130836 8.842257 48.500000
v -52.098461 8.797953 48.500000
v -52.064884 8.754553 48.500000
v -52.030128 8.712090 48.500000
v -51.994221 8.670598 48.500000
v -51.957184 8.630106 48.500000
v -51.919056 8.590645 48.500000
v -51.879856 8.552245 48.500000
v -51.839619 8.514935 48.500000
v -51.798374 8.478743 48.500000
v -51.756153 8.443696 48.500000
v -51.712982 8.409820 48.500000
v -51.668900 8.377142 48.500000
v -51.623940 8.345685 48.500000
v -51.578133 8.315474 48.500000
v -51.531513 8.286530 48.500000
v -51.484116 8.258876 48.500000
v -51.435982 8.232533 48.500000
v -51.387138 8.207520 48.500000
v -51.337631 8.183857 48.500000
v -51.287491 8.161561 48.500000
v -51.236759 8.140649 48.500000
v -51.185471 8.121137 48.500000
v -51.133671 8.103039 48.500000
v -51.081390 8.086369 48.500000
v -51.028671 8.071138 48.500000
v -50.975555 8.057362 48.500000
v -50.922085 8.045046 48.500000
v -50.868294 8.034203 48.500000
v -50.814224 8.024838 48.500000
v -50.759918 8.016961 48.500000
v -50.705418 8.010577 48.500000
v -50.650764 8.005691 48.500000
v -50.595993 8.002305 48.500000
v -50.541153 8.000423 48.500000
v -50.486282 8.000047 48.500000
v -50.431419 8.001176 48.500000
v -50.376610 8.003810 48.500000
v -50.321892 8.007946 48.500000
v -50.267311 8.013582 48.500000
v -50.212902 8.020714 48.500000
v -50.158710 8.029335 48.500000
v -50.104774 8.039439 48.500000
v -50.051136 8.051020 48.500000
v -49.997837 8.064068 48.500000
v -49.944916 8.078573 48.500000
v -49.892414 8.094524 48.500000
v -49.840366 8.111910 48.500000
v -49.788818 8.130717 48.500000
v -49.737804 8.150931 48.500000
v -49.687363 8.172537 48.500000
v -49.637535 8.195519 48.500000
v -49.588352 8.219859 48.500000
v -49.539860 8.245540 48.500000
v -49.492088 8.272540 48.500000
v -49.445080 8.300841 48.500000
v -49.398861 8.330421 48.500000
v -49.353470 8.361259 48.500000
v -49.308945 8.393330 48.500000
v -49.265316 8.426610 48.500000
v -49.222618 8.461074 48.500000
v -49.180878 8.496697 48.500000
v -49.140133 8.533452 48.500000
v -49.100410 8.571311 48.500000
v -49.061745 8.610245 48.500000
v -49.024158 8.650225 48.500000
v -48.987686 8.691221 48.500000
v -48.952347 8.733203 48.500000
v -48.918179 8.776138 48.500000
v -48.885197 8.819994 48.500000
v -48.853432 8.864739 48.500000
v -48.822906 8.910338 48.500000
v -48.793644 8.956758 48.500000
v -48.765667 9.003963 48.500000
v -48.738995 9.051917 48.500000
v -48.713646 9.100586 48.500000
v -48.689644 9.149931 48.500000
v -48.667007 9.199917 48.500000
v -48.645748 9.250504 48.500000
v -48.625881 9.301656 48.500000
v -48.607430 9.353333 48.500000
v -48.590401 9.405498 48.500000
v -48.574810 9.458110 48.500000
v -48.560669 9.511129 48.500000
v -48.547989 9.564517 48.500000
v -48.536774 9.618233 48.500000
v -48.527039 9.672235 48.500000
v -48.518791 9.726485 48.500000
v -48.512032 9.780940 48.500000
v -48.506771 9.835561 48.500000
v -48.503010 9.890306 48.500000
v -48.500751 9.945132 48.500000
v -48.000000 19.000000 53.000000
v -53.000000 19.000000 52.000000
v -53.000000 19.000000 53.000000
v -48.000000 19.000000 52.000000
v -48.900002 -13.000000 48.500000
v -48.900600 -12.956105 48.500000
v -48.902409 -12.912244 48.500000
v -48.905418 -12.868448 48.500000
v -48.909626 -12.824753 48.500000
v -48.915031 -12.781188 48.500000
v -48.921631 -12.737788 48.500000
v -48.929420 -12.694586 48.500000
v -48.938389 -12.651613 48.500000
v -48.948536 -12.608903 48.500000
v -48.959846 -12.566487 48.500000
v -48.972321 -12.524398 48.500000
v -48.985943 -12.482667 48.500000
v -49.000706 -12.441325 48.500000
v -49.016598 -12.400403 48.500000
v -49.033604 -12.359933 48.500000
v -49.051716 -12.319945 48.500000
v -49.070919 -12.280469 48.500000
v -49.091194 -12.241534 48.500000
v -49.112534 -12.203170 48.500000
v -49.134914 -12.165406 48.500000
v -49.158325 -12.128271 48.500000
v -49.182747 -12.091791 48.500000
v -49.208157 -12.055996 48.500000
v -49.234543 -12.020910 48.500000
v -49.261879 -11.986563 48.500000
v -49.290146 -11.952977 48.500000
v -49.319328 -11.920180 48.500000
v -49.349396 -11.888196 48.500000
v -49.380329 -11.857048 48.500000
v -49.412106 -11.826761 48.500000
v -49.444702 -11.797358 48.500000
v -49.478092 -11.768860 48.500000
v -49.512253 -11.741288 48.500000
v -49.547157 -11.714664 48.500000
v -49.582779 -11.689007 48.500000
v -49.619087 -11.664337 48.500000
v -49.656063 -11.640673 48.500000
v -49.693672 -11.618032 48.500000
v -49.731888 -11.596432 48.500000
v -49.770683 -11.575888 48.500000
v -49.810028 -11.556416 48.500000
v -49.849892 -11.538030 48.500000
v -49.890244 -11.520745 48.500000
v -49.931053 -11.504574 48.500000
v -49.972294 -11.489528 48.500000
v -50.013931 -11.475619 48.500000
v -50.055935 -11.462858 48.500000
v -50.098270 -11.451254 48.500000
v -50.140911 -11.440816 48.500000
v -50.183819 -11.431552 48.500000
v -50.226967 -11.423468 48.500000
v -50.270321 -11.416571 48.500000
v -50.313847 -11.410866 48.500000
v -50.357513 -11.406357 48.500000
v -50.401287 -11.403048 48.500000
v -50.445137 -11.400941 48.500000
v -50.489025 -11.400038 48.500000
v -50.532921 -11.400339 48.500000
v -50.576794 -11.401844 48.500000
v -50.620609 -11.404552 48.500000
v -50.664333 -11.408462 48.500000
v -50.707935 -11.413569 48.500000
v -50.751381 -11.419870 48.500000
v -50.794632 -11.427361 48.500000
v -50.837666 -11.436037 48.500000
v -50.880447 -11.445889 48.500000
v -50.922939 -11.456911 48.500000
v -50.965111 -11.469094 48.500000
v -51.006935 -11.482430 48.500000
v -51.048378 -11.496909 48.500000
v -51.089409 -11.512519 48.500000
v -51.129993 -11.529249 48.500000
v -51.170105 -11.547086 48.500000
v -51.209713 -11.566016 48.500000
v -51.248783 -11.586026 48.500000
v -51.287292 -11.607100 48.500000
v -51.325211 -11.629224 48.500000
v -51.362507 -11.652378 48.500000
v -51.399151 -11.676548 48.500000
v -51.435120 -11.701714 48.500000
v -51.470387 -11.727856 48.500000
v -51.504921 -11.754956 48.500000
v -51.538700 -11.782994 48.500000
v -51.571697 -11.811948 48.500000
v -51.603886 -11.841796 48.500000
v -51.635246 -11.872516 48.500000
v -51.665749 -11.904085 48.500000
v -51.695374 -11.936479 48.500000
v -51.724102 -11.969673 48.500000
v -51.751907 -12.003643 48.500000
v -51.778770 -12.038363 48.500000
v -51.804672 -12.073806 48.500000
v -51.829590 -12.109947 48.500000
v -51.853504 -12.146758 48.500000
v -51.876404 -12.184212 48.500000
v -51.898266 -12.222279 48.500000
v -51.919075 -12.260932 48.500000
v -51.938820 -12.300141 48.500000
v -51.957478 -12.339877 48.500000
v -51.975037 -12.380110 48.500000
v -51.991489 -12.420810 48.500000
v -52.006817 -12.461946 48.500000
v -52.021011 -12.503486 48.500000
v -52.034061 -12.545400 48.500000
v -52.045952 -12.587657 48.500000
v -52.056683 -12.630223 48.500000
v -52.066242 -12.673069 48.500000
v -52.074623 -12.716161 48.500000
v -52.081818 -12.759465 48.500000
v -52.087818 -12.802952 48.500000
v -52.092628 -12.846586 48.500000
v -52.096237 -12.890336 48.500000
v -52.098644 -12.934169 48.500000
v -52.099850 -12.978050 48.500000
v -52.099850 -13.021950 48.500000
v -52.098644 -13.065831 48.500000
v -52.096237 -13.109664 48.500000
v -52.092628 -13.153414 48.500000
v -52.087818 -13.197048 48.500000
v -52.081818 -13.240535 48.500000
v -52.074623 -13.283839 48.500000
v -52.066242 -13.326931 48.500000
v -52.056683 -13.369777 48.500000
v -52.045952 -13.412343 48.500000
v -52.034061 -13.454600 48.500000
v -52.021011 -13.496514 48.500000
v -52.006817 -13.538054 48.500000
v -51.991489 -13.579190 48.500000
v -51.975037 -13.619890 48.500000
v -51.957478 -13.660123 48.500000
v -51.938820 -13.699859 48.500000
v -51.919075 -13.739068 48.500000
v -51.898266 -13.777721 48.500000
v -51.876404 -13.815788 48.500000
v -51.853504 -13.853242 48.500000
v -51.829590 -13.890053 48.500000
v -51.804672 -13.926194 48.500000
v -51.778770 -13.961637 48.500000
v -51.751907 -13.996357 48.500000
v -51.724102 -14.030327 48.500000
v -51.695374 -14.063521 48.500000
v -51.665749 -14.095915 48.500000
v -51.635246 -14.127484 48.500000
v -51.603886 -14.158204 48.500000
v -51.571697 -14.188052 48.500000
v -51.538700 -14.217006 48.500000
v -51.504921 -14.245044 48.500000
v -51.470387 -14.272144 48.500000
v -51.435120 -14.298286 48.500000
v -51.399151 -14.323452 48.500000
v -51.362507 -14.347622 48.500000
v -51.325211 -14.370776 48.500000
v -51.287292 -14.392900 48.500000
v -51.248783 -14.413974 48.500000
v -51.209713 -14.433984 48.500000
v -51.170105 -14.452914 48.500000
v -51.129993 -14.470751 48.500000
v -51.089409 -14.487481 48.500000
v -51.048378 -14.503091 48.500000
v -51.006935 -14.517570 48.500000
v -50.965111 -14.530906 48.500000
v -50.922939 -14.543089 48.500000
v -50.880447 -14.554111 48.500000
v -50.837666 -14.563963 48.500000
v -50.794632 -14.572639 48.500000
v -50.751381 -14.580130 48.500000
v -50.707935 -14.586431 48.500000
v -50.664333 -14.591538 48.500000
v -50.620609 -14.595448 48.500000
v -50.576794 -14.598156 48.500000
v -50.532921 -14.599661 48.500000
v -50.489025 -14.599962 48.500000
v -50.445137 -14.599059 48.500000
v -50.401287 -14.596952 48.500000
v -50.357513 -14.593643 48.500000
v -50.313847 -14.589134 48.500000
v -50.270321 -14.583429 48.500000
v -50.226967 -14.576532 48.500000
v -50.183819 -14.568448 48.500000
v -50.140911 -14.559184 48.500000
v -50.098270 -14.548746 48.500000
v -50.055935 -14.537142 48.500000
v -50.013931 -14.524381 48.500000
v -49.972294 -14.510472 48.500000
v -49.931053 -14.495426 48.500000
v -49.890244 -14.479255 48.500000
v -49.849892 -14.461970 48.500000
v -49.810028 -14.443584 48.500000
v -49.770683 -14.424112 48.500000
v -49.731888 -14.403568 48.500000
v -49.693672 -14.381968 48.500000
v -49.656063 -14.359327 48.500000
v -49.619087 -14.335663 48.500000
v -49.582779 -14.310993 48.500000
v -49.547157 -14.285336 48.500000
v -49.512253 -14.258712 48.500000
v -49.478092 -14.231140 48.500000
v -49.444702 -14.202642 48.500000
v -49.412106 -14.173239 48.500000
v -49.380329 -14.142952 48.500000
v -49.349396 -14.111804 48.500000
v -49.319328 -14.079820 48.500000
v -49.290146 -14.047023 48.500000
v -49.261879 -14.013437 48.500000
v -49.234543 -13.979090 48.500000
v -49.208157 -13.944004 48.500000
v -49.182747 -13.908209 48.500000
v -49.158325 -13.871729 48.500000
v -49.134914 -13.834594 48.500000
v -49.112534 -13.796830 48.500000
v -49.091194 -13.758466 48.500000
v -49.070919 -13.719531 48.500000
v -49.051716 -13.680055 48.500000
v -49.033604 -13.640067 48.500000
v -49.016598 -13.599597 48.500000
v -49.000706 -13.558675 48.500000
v -48.985943 -13.517333 48.500000
v -48.972321 -13.475602 48.500000
v -48.959846 -13.433513 48.500000
v -48.948536 -13.391097 48.500000
v -48.938389 -13.348387 48.500000
v -48.929420 -13.305414 48.500000
v -48.921631 -13.262212 48.500000
v -48.915031 -13.218812 48.500000
v -48.909626 -13.175247 48.500000
v -48.905418 -13.131552 48.500000
v -48.902409 -13.087756 48.500000
v -48.900600 -13.043895 48.500000
v -48.900002 10.000000 48.500000
v -48.900600 10.043895 48.500000
v -48.902409 10.087756 48.500000
v -48.905418 10.131552 48.500000
v -48.909626 10.175247 48.500000
v -48.915031 10.218812 48.500000
v -48.921631 10.262212 48.500000
v -48.929420 10.305414 48.500000
v -48.938389 10.348387 48.500000
v -48.948536 10.391097 48.500000
v -48.959846 10.433513 48.500000
v -48.972321 10.475602 48.500000
v -48.985943 10.517333 48.500000
v -49.000706 10.558675 48.500000
v -49.016598 10.599597 48.500000
v -49.033604 10.640067 48.500000
v -49.051716 10.680055 48.500000
v -49.070919 10.719531 48.500000
v -49.091194 10.758466 48.500000
v -49.112534 10.796830 48.500000
v -49.134914 10.834594 48.500000
v -49.158325 10.871729 48.500000
v -49.182747 10.908209 48.500000
v -49.208157 10.944004 48.500000
v -49.234543 10.979090 48.500000
v -49.261879 11.013437 48.500000
v -49.290146 11.047023 48.500000
v -49.319328 11.079820 48.500000
v -49.349396 11.111804 48.500000
v -49.380329 11.142952 48.500000
v -49.412106 11.173239 48.500000
v -49.444702 11.202642 48.500000
v -49.478092 11.231140 48.500000
v -49.512253 11.258712 48.500000
v -49.547157 11.285336 48.500000
v -49.582779 11.310993 48.500000
v -49.619087 11.335663 48.500000
v -49.656063 11.359327 48.500000
v -49.693672 11.381968 48.500000
v -49.731888 11.403568 48.500000
v -49.770683 11.424112 48.500000
v -49.810028 11.443584 48.500000
v -49.849892 11.461970 48.500000
v -49.890244 11.479255 48.500000
v -49.931053 11.495426 48.500000
v -49.972294 11.510472 48.500000
v -50.013931 11.524381 48.500000
v -50.055935 11.537142 48.500000
v -50.098270 11.548746 48.500000
v -50.140911 11.559184 48.500000
v -50.183819 11.568448 48.500000
v -50.226967 11.576532 48.500000
v -50.270321 11.583429 48.500000
v -50.313847 11.589134 48.500000
v -50.357513 11.593643 48.500000
v -50.401287 11.596952 48.500000
v -50.445137 11.599059 48.500000
v -50.489025 11.599962 48.500000
v -50.532921 11.599661 48.500000
v -50.576794 11.598156 48.500000
v -50.620609 11.595448 48.500000
v -50.664333 11.591538 48.500000
v -50.707935 11.586431 48.500000
v -50.751381 11.580130 48.500000
v -50.794632 11.572639 48.500000
v -50.837666 11.563963 48.500000
v -50.880447 11.554111 48.500000
v -50.922939 11.543089 48.500000
v -50.965111 11.530906 48.500000
v -51.006935 11.517570 48.500000
v -51.048378 11.503091 48.500000
v -51.089409 11.487481 48.500000
v -51.129993 11.470751 48.500000
v -51.170105 11.452914 48.500000
v -51.209713 11.433984 48.500000
v -51.248783 11.413974 48.500000
v -51.287292 11.392900 48.500000
v -51.325211 11.370776 48.500000
v -51.362507 11.347622 48.500000
v -51.399151 11.323452 48.500000
v -51.435120 11.298286 48.500000
v -51.470387 11.272144 48.500000
v -51.504921 11.245044 48.500000
v -51.538700 11.217006 48.500000
v -51.571697 11.188052 48.500000
v -51.603886 11.158204 48.500000
v -51.635246 11.127484 48.500000
v -51.665749 11.095915 48.500000
v -51.695374 11.063521 48.500000
v -51.724102 11.030327 48.500000
v -51.751907 10.996357 48.500000
v -51.778770 10.961637 48.500000
v -51.804672 10.926194 48.500000
v -51.829590 10.890053 48.500000
v -51.853504 10.853242 48.500000
v -51.876404 10.815788 48.500000
v -51.898266 10.777721 48.500000
v -51.919075 10.739068 48.500000
v -51.938820 10.699859 48.500000
v -51.957478 10.660123 48.500000
v -51.975037 10.619890 48.500000
v -51.991489 10.579190 48.500000
v -52.006817 10.538054 48.500000
v -52.021011 10.496514 48.500000
v -52.034061 10.454600 48.500000
v -52.045952 10.412343 48.500000
v -52.056683 10.369777 48.500000
v -52.066242 10.326931 48.500000
v -52.074623 10.283839 48.500000
v -52.081818 10.240535 48.500000
v -52.087818 10.197048 48.500000
v -52.092628 10.153414 48.500000
v -52.096237 10.109664 48.500000
v -52.098644 10.065831 48.500000
v -52.099850 10.021950 48.500000
v -52.099850 9.978050 48.500000
v -52.098644 9.934169 48.500000
v -52.096237 9.890336 48.500000
v -52.092628 9.846586 48.500000
v -52.087818 9.802952 48.500000
v -52.081818 9.759465 48.500000
v -52.074623 9.716161 48.500000
v -52.066242 9.673069 48.500000
v -52.056683 9.630223 48.500000
v -52.045952 9.587657 48.500000
v -52.034061 9.545400 48.500000
v -52.021011 9.503486 48.500000
v -52.006817 9.461946 48.500000
v -51.991489 9.420810 48.500000
v -51.975037 9.380110 48.500000
v -51.957478 9.339877 48.500000
v -51.938820 9.300141 48.500000
v -51.919075 9.260932 48.500000
v -51.898266 9.222279 48.500000
v -51.876404 9.184212 48.500000
v -51.853504 9.146758 48.500000
v -51.829590 9.109947 48.500000
v -51.804672 9.073806 48.500000
v -51.778770 9.038363 48.500000
v -51.751907 9.003643 48.500000
v -51.724102 8.969673 48.500000
v -51.695374 8.936479 48.500000
v -51.665749 8.904085 48.500000
v -51.635246 8.872516 48.500000
v -51.603886 8.841796 48.500000
v -51.571697 8.811948 48.500000
v -51.538700 8.782994 48.500000
v -51.504921 8.754956 48.500000
v -51.470387 8.727856 48.500000
v -51.435120 8.701714 48.500000
v -51.399151 8.676548 48.500000
v -51.362507 8.652378 48.500000
v -51.325211 8.629224 48.500000
v -51.287292 8.607100 48.500000
v -51.248783 8.586026 48.500000
v -51.209713 8.566016 48.500000
v -51.170105 8.547086 48.500000
v -51.129993 8.529249 48.500000
v -51.089409 8.512519 48.500000
v -51.048378 8.496909 48.500000
v -51.006935 8.482430 48.500000
v -50.965111 8.469094 48.500000
v -50.922939 8.456911 48.500000
v -50.880447 8.445889 48.500000
v -50.837666 8.436037 48.500000
v -50.794632 8.427361 48.500000
v -50.751381 8.419870 48.500000
v -50.707935 8.413569 48.500000
v -50.664333 8.408462 48.500000
v -50.620609 8.404552 48.500000
v -50.576794 8.401844 48.500000
v -50.532921 8.400339 48.500000
v -50.489025 8.400038 48.500000
v -50.445137 8.400941 48.500000
v -50.401287 8.403048 48.500000
v -50.357513 8.406357 48.500000
v -50.313847 8.410866 48.500000
v -50.270321 8.416571 48.500000
v -50.226967 8.423468 48.500000
v -50.183819 8.431552 48.500000
v -50.140911 8.440816 48.500000
v -50.098270 8.451254 48.500000
v -50.055935 8.462858 48.500000
v -50.013931 8.475619 48.500000
v -49.972294 8.489528 48.500000
v -49.931053 8.504574 48.500000
v -49.890244 8.520745 48.500000
v -49.849892 8.538030 48.500000
v -49.810028 8.556416 48.500000
v -49.770683 8.575888 48.500000
v -49.731888 8.596432 48.500000
v -49.693672 8.618032 48.500000
v -49.656063 8.640673 48.500000
v -49.619087 8.664337 48.500000
v -49.582779 8.689007 48.500000
v -49.547157 8.714664 48.500000
v -49.512253 8.741288 48.500000
v -49.478092 8.768860 48.500000
v -49.444702 8.797358 48.500000
v -49.412106 8.826761 48.500000
v -49.380329 8.857048 48.500000
v -49.349396 8.888196 48.500000
v -49.319328 8.920180 48.500000
v -49.290146 8.952977 48.500000
v -49.261879 8.986563 48.500000
v -49.234543 9.020910 48.500000
v -49.208157 9.055996 48.500000
v -49.182747 9.091791 48.500000
v -49.158325 9.128271 48.500000
v -49.134914 9.165406 48.500000
v -49.112534 9.203170 48.500000
v -49.091194 9.241534 48.500000
v -49.070919 9.280469 48.500000
v -49.051716 9.319945 48.500000
v -49.033604 9.359933 48.500000
v -49.016598 9.400403 48.500000
v -49.000706 9.441325 48.500000
v -48.985943 9.482667 48.500000
v -48.972321 9.524398 48.500000
v -48.959846 9.566487 48.500000
v -48.948536 9.608903 48.500000
v -48.938389 9.651613 48.500000
v -48.929420 9.694586 48.500000
v -48.921631 9.737788 48.500000
v -48.915031 9.781188 48.500000
v -48.909626 9.824753 48.500000
v -48.905418 9.868448 48.500000
v -48.902409 9.912244 48.500000
v -48.900600 9.956105 48.500000
vn 0.000000 -1.000000 0.000000
vn 0.000000 -1.000000 0.000000
vn -0.707107 -0.707107 0.000000
vn -0.707107 -0.707107 -0.000000
vn 0.000000 -0.707107 0.707107
vn 0.000000 -0.707107 0.707107
vn 0.707107 -0.707107 0.000000
vn 0.707107 -0.707107 0.000000
vn 0.000000 0.000000 -1.000000
vn 0.000000 0.000000 -1.000000
vn 0.000000 0.000000 -1.000000
vn 0.000000 0.000000 -1.000000
vn -0.500000 -0.500000 0.707107
vn -0.500000 -0.500000 0.707107
vn -1.000000 0.000000 0.000000
vn -1.000000 0.000000 0.000000
vn -1.000000 0.000000 0.000000
vn -1.000000 0.000000 0.000000
vn -1.000000 0.000000 0.000000
vn -1.000000 0.000000 0.000000
vn 0.499999 -0.500000 0.707107
vn 0.500000 -0.500000 0.707107
vn 0.000000 0.000000 1.000000
vn 0.000000 0.000000 1.000000
vn 0.000000 0.000000 1.000000
vn 0.000000 0.000000 1.000000
vn 0.000000 0.000000 1.000000
vn 0.000000 0.000000 1.000000
vn 0.000000 0.000000 1.000000
vn 0.000000 0.000000 1.000000
vn 0.000000 0.000000 1.000000
vn 0.000000 0.000000 1.000000
vn 0.000000 0.000000 1.000000
vn 0.000000 0.000000 1.000000
vn 0.000000 0.000000 1.000000
vn 0.000000 0.000000 1.000000
vn 0.000000 0.000000 1.000000
vn 0.000000 0.000000 1.000000
vn 0.000000 0.000000 1.000000
vn 0.000000 0.000000 1.000000
vn 0.000000 0.000000 1.000000
vn 0.000000 0.000000 1.000000
vn 0.000000 0.000000 1.000000
vn 0.000000 0.000000 1.000000
vn 0.000000 0.000000 1.000000
vn 0.000000 0.000000 1.000000
vn 0.000000 0.000000 1.000000
vn 0.000000 0.000000 1.000000
vn 0.000000 0.000000 1.000000
vn 0.000000 0.000000 1.000000
vn 0.000000 0.000000 1.000000
vn 0.000000 0.000000 1.000000
vn 0.000000 0.000000 1.000000
vn 0.000000 0.000000 1.000000
vn 0.000000 0.000000 1.000000
vn 0.000000 0.000000 1.000000
vn 0.000000 0.000000 1.000000
vn 0.000000 0.000000 1.000000
vn 0.000000 0.000000 1.000000
vn 0.000000 0.000000 1.000000
vn 0.000000 0.000000 1.000000
vn 0.000000 0.000000 1.000000
vn 0.000000 0.000000 1.000000
vn 0.000000 0.000000 1.000000
vn 0.000000 0.000000 1.000000
vn 0.000000 0.000000 1.000000
vn 0.000000 0.000000 1.000000
vn 0.000000 0.000000 1.000000
vn 0.000000 0.000000 1.000000
vn 0.000000 0.000000 1.000000
vn 0.000000 0.000000 1.000000
vn 0.000000 0.000000 1.000000
vn 0.000000 0.000000 1.000000
vn 0.000000 0.000000 1.000000
vn 0.000000 0.000000 1.000000
vn 0.000000 0.000000 1.000000
vn 0.000000 0.000000 1.000000
vn 0.000000 0.000000 1.000000
vn 0.000000 0.000000 1.000000
vn 0.000000 0.000000 1.000000
vn 0.000000 0.000000 1.000000
vn 0.000000 0.000000 1.000000
vn 0.000000 0.000000 1.000000
vn 0.000000 0.000000 1.000000
vn 0.000000 0.000000 1.000000
vn 0.000000 0.000000 1.000000
vn 0.000000 0.000000 1.000000
vn 0.000000 0.000000 1.000000
vn 0.000000 0.000000 1.000000
vn 0.000000 0.000000 1.000000
vn 0.000000 0.000000 1.000000
vn 0.000000 0.000000 1.000000
vn 0.000000 0.000000 1.000000
vn 0.000000 0.000000 1.000000
vn 0.000000 0.000000 1.000000
vn 0.000000 0.000000 1.000000
vn 0.000000 0.000000 1.000000
vn 0.000000 0.000000 1.000000
vn 0.000000 0.000000 1.000000
vn 0.000000 0.000000 1.000000
vn 0.000000 0.000000 1.000000
vn 0.000000 0.000000 1.000000
vn 0.000000 0.000000 1.000000
vn 0.000000 0.000000 1.000000
vn 0.000000 0.000000 1.000000
vn 0.000000 0.000000 1.000000
vn 0.000000 0.000000 1.000000
vn 0.000000 0.000000 1.000000
vn 0.000000 0.000000 1.000000
vn 0.000000 0.000000 1.000000
vn 0.000000 0.000000 1.000000
vn 0.000000 0.000000 1.000000
vn 0.000000 0.000000 1.000000
vn 0.000000 0.000000 1.000000
vn 0.000000 0.000000 1.000000
vn 0.000000 0.000000 1.000000
vn 0.000000 0.000000 1.000000
vn 0.000000 0.000000 1.000000
vn 0.000000 0.000000 1.000000
vn 0.000000 0.000000 1.000000
vn 0.000000 0.000000 1.000000
vn 0.000000 0.000000 1.000000
vn 0.000000 0.000000 1.000000
vn 0.000000 0.000000 1.000000
vn 0.000000 0.000000 1.000000
vn 0.000000 0.000000 1.000000
vn 0.000000 0.000000 1.000000
vn 0.000000 0.000000 1.000000
vn 0.000000 0.000000 1.000000
vn 0.000000 0.000000 1.000000
vn 0.000000 0.000000 1.000000
vn 0.000000 0.000000 1.000000
vn 0.000000 0.000000 1.000000
vn 0.000000 0.000000 1.000000
vn 0.000000 0.000000 1.000000
vn 0.000000 0.000000 1.000000
vn 0.000000 0.000000 1.000000
vn 0.000000 0.000000 1.000000
vn 0.000000 0.000000 1.000000
vn 0.000000 0.000000 1.000000
vn 0.000000 0.000000 1.000000
vn 0.000000 0.000000 1.000000
vn 0.000000 0.000000 1.000000
vn 0.000000 0.000000 1.000000
vn 0.000000 0.000000 1.000000
vn 0.000000 0.000000 1.000000
vn 0.000000 0.000000 1.000000
vn 0.000000 0.000000 1.000000
vn 0.000000 0.000000 1.000000
vn 0.000000 0.000000 1.000000
vn 0.000000 0.000000 1.000000
vn 0.000000 0.000000 1.000000
vn 0.000000 0.000000 1.000000
vn 0.000000 0.000000 1.000000
vn 0.000000 0.000000 1.000000
vn 0.000000 0.000000 1.000000
vn 0.000000 0.000000 1.000000
vn 0.000000 0.000000 1.000000
vn 0.000000 0.000000 1.000000
vn 0.000000 0.000000 1.000000
vn 0.000000 0.000000 1.000000
vn 0.000000 0.000000 1.000000
vn 0.000000 0.000000 1.000000
vn 0.000000 0.000000 1.000000
vn 0.000000 0.000000 1.000000
vn 0.000000 0.000000 1.000000
vn 0.000000 0.000000 1.000000
vn 0.000000 0.000000 1.000000
vn 0.000000 0.000000 1.000000
vn 0.000000 0.000000 1.000000
vn 0.000000 0.000000 1.000000
vn 0.000000 0.000000 1.000000
vn 0.000000 0.000000 1.000000
vn 0.000000 0.000000 1.000000
vn 0.000000 0.000000 1.000000
vn 0.000000 0.000000 1.000000
vn 0.000000 0.000000 1.000000
vn 0.000000 0.000000 1.000000
vn 0.000000 0.000000 1.000000
vn 0.000000 0.000000 1.000000
vn 0.000000 0.000000 1.000000
vn 0.000000 0.000000 1.000000
vn 0.000000 0.000000 1.000000
vn 0.000000 0.000000 1.000000
vn 0.000000 0.000000 1.000000
vn 0.000000 0.000000 1.000000
vn 0.000000 0.000000 1.000000
vn 0.000000 0.000000 1.000000
vn 0.000000 0.000000 1.000000
vn 0.000000 0.000000 1.000000
vn 0.000000 0.000000 1.000000
vn 0.000000 0.000000 1.000000
vn 0.000000 0.000000 1.000000
vn 0.000000 0.000000 1.000000
vn 0.000000 0.000000 1.000000
vn 0.000000 0.000000 1.000000
vn 0.000000 0.000000 1.000000
vn 0.000000 0.000000 1.000000
vn 0.000000 0.000000 1.000000
vn 0.000000 0.000000 1.000000
vn 0.000000 0.000000 1.000000
vn 0.000000 0.000000 1.000000
vn 0.000000 0.000000 1.000000
vn 0.000000 0.000000 1.000000
vn 0.000000 0.000000 1.000000
vn 0.000000 0.000000 1.000000
vn 0.000000 0.000000 1.000000
vn 0.000000 0.000000 1.000000
vn 0.000000 0.000000 1.000000
vn 0.000000 0.000000 1.000000
vn 0.000000 0.000000 1.000000
vn 0.000000 0.000000 1.000000
vn 0.000000 0.000000 1.000000
vn 0.000000 0.000000 1.000000
vn 0.000000 0.000000 1.000000
vn 0.000000 0.000000 1.000000
vn 0.000000 0.000000 1.000000
vn 0.000000 0.000000 1.000000
vn 0.000000 0.000000 1.000000
vn 0.000000 0.000000 1.000000
vn 0.000000 0.000000 1.000000
vn 0.000000 0.000000 1.000000
vn 0.000000 0.000000 1.000000
vn 0.000000 0.000000 1.000000
vn 0.000000 0.000000 1.000000
vn 0.000000 0.000000 1.000000
vn 0.000000 0.000000 1.000000
vn 0.000000 0.000000 1.000000
vn 0.000000 0.000000 1.000000
vn 0.000000 0.000000 1.000000
vn 0.000000 0.000000 1.000000
vn 0.000000 0.000000 1.000000
vn 0.000000 0.000000 1.000000
vn 0.000000 0.000000 1.000000
vn 0.000000 0.000000 1.000000
vn 0.000000 0.000000 1.000000
vn 0.000000 0.000000 1.000000
vn 0.000000 0.000000 1.000000
vn 0.000000 0.000000 1.000000
vn 0.000000 0.000000 1.000000
vn 0.000000 0.000000 1.000000
vn 0.000000 0.000000 1.000000
vn 0.000000 0.000000 1.000000
vn 0.000000 0.000000 1.000000
vn 0.000000 0.000000 1.000000
vn 0.000000 0.000000 1.000000
vn 0.000000 0.000000 1.000000
vn 0.000000 0.000000 1.000000
vn 0.000000 0.000000 1.000000
vn 0.000000 0.000000 1.000000
vn 0.000000 0.000000 1.000000
vn 0.000000 0.000000 1.000000
vn 0.000000 0.000000 1.000000
vn 0.000000 0.000000 1.000000
vn 0.000000 0.000000 1.000000
vn 0.000000 0.000000 1.000000
vn 0.000000 0.000000 1.000000
vn 0.000000 0.000000 1.000000
vn 0.000000 0.000000 1.000000
vn 0.000000 0.000000 1.000000
vn 0.000000 0.000000 1.000000
vn 0.000000 0.000000 1.000000
vn 0.000000 0.000000 1.000000
vn 0.000000 0.000000 1.000000
vn 0.000000 0.000000 1.000000
vn 0.000000 0.000000 1.000000
vn 0.000000 0.000000 1.000000
vn 0.000000 0.000000 1.000000
vn 0.000000 0.000000 1.000000
vn 0.000000 0.000000 1.000000
vn 0.000000 0.000000 1.000000
vn 0.000000 0.000000 1.000000
vn 0.000000 0.000000 1.000000
vn 0.000000 0.000000 1.000000
vn 0.000000 0.000000 1.000000
vn 0.000000 0.000000 1.000000
vn 0.000000 0.000000 1.000000
vn 0.000000 0.000000 1.000000
vn 0.000000 0.000000 1.000000
vn 0.000000 0.000000 1.000000
vn 0.000000 0.000000 1.000000
vn 0.000000 0.000000 1.000000
vn 0.000000 0.000000 1.000000
vn 0.000000 0.000000 1.000000
vn 0.000000 0.000000 1.000000
vn 0.000000 0.000000 1.000000
vn 0.000000 0.000000 1.000000
vn 0.000000 0.000000 1.000000
vn 0.000000 0.000000 1.000000
vn 0.000000 0.000000 1.000000
vn 0.000000 0.000000 1.000000
vn 0.000000 0.000000 1.000000
vn 0.000000 0.000000 1.000000
vn 0.000000 0.000000 1.000000
vn 0.000000 0.000000 1.000000
vn 0.000000 0.000000 1.000000
vn 0.000000 0.000000 1.000000
vn 0.000000 0.000000 1.000000
vn 0.000000 0.000000 1.000000
vn 0.000000 0.000000 1.000000
vn 0.000000 0.000000 1.000000
vn 0.000000 0.000000 1.000000
vn 0.000000 0.000000 1.000000
vn 0.000000 0.000000 1.000000
vn 0.000000 0.000000 1.000000
vn 0.000000 0.000000 1.000000
vn 0.000000 0.000000 1.000000
vn 0.000000 0.000000 1.000000
vn 0.000000 0.000000 1.000000
vn 0.000000 0.000000 1.000000
vn 0.000000 0.000000 1.000000
vn 0.000000 0.000000 1.000000
vn 0.000000 0.000000 1.000000
vn 0.000000 0.000000 1.000000
vn 0.000000 0.000000 1.000000
vn 0.000000 0.000000 1.000000
vn 0.000000 0.000000 1.000000
vn 0.000000 0.000000 1.000000
vn 0.000000 0.000000 1.000000
vn 0.000000 0.000000 1.000000
vn 0.000000 0.000000 1.000000
vn 0.000000 0.000000 1.000000
vn 0.000000 0.000000 1.000000
vn 0.000000 0.000000 1.000000
vn 0.000000 0.000000 1.000000
vn 0.000000 0.000000 1.000000
vn 0.000000 0.000000 1.000000
vn 0.000000 0.000000 1.000000
vn 0.000000 0.000000 1.000000
vn 0.000000 0.000000 1.000000
vn 0.000000 0.000000 1.000000
vn 0.000000 0.000000 1.000000
vn 0.000000 0.000000 1.000000
vn 0.000000 0.000000 1.000000
vn 0.000000 0.000000 1.000000
vn 0.000000 0.000000 1.000000
vn 0.000000 0.000000 1.000000
vn 0.000000 0.000000 1.000000
vn 0.000000 0.000000 1.000000
vn 0.000000 0.000000 1.000000
vn 0.000000 0.000000 1.000000
vn 0.000000 0.000000 1.000000
vn 0.000000 0.000000 1.000000
vn 0.000000 0.000000 1.000000
vn 0.000000 0.000000 1.000000
vn 0.000000 0.000000 1.000000
vn 0.000000 0.000000 1.000000
vn 0.000000 0.000000 1.000000
vn 0.000000 0.000000 1.000000
vn 0.000000 0.000000 1.000000
vn 0.000000 0.000000 1.000000
vn 0.000000 0.000000 1.000000
vn 0.000000 0.000000 1.000000
vn 0.000000 0.000000 1.000000
vn 0.000000 0.000000 1.000000
vn 0.000000 0.000000 1.000000
vn 0.000000 0.000000 1.000000
vn 0.000000 0.000000 1.000000
vn 0.000000 0.000000 1.000000
vn 0.000000 0.000000 1.000000
vn 0.000000 0.000000 1.000000
vn 0.000000 0.000000 1.000000
vn 0.000000 0.000000 1.000000
vn 0.000000 0.000000 1.000000
vn 0.000000 0.000000 1.000000
vn 0.000000 0.000000 1.000000
vn 0.000000 0.000000 1.000000
vn 0.000000 0.000000 1.000000
vn 0.000000 0.000000 1.000000
vn 0.000000 0.000000 1.000000
vn 0.000000 0.000000 1.000000
vn 0.000000 0.000000 1.000000
vn 0.000000 0.000000 1.000000
vn 0.000000 0.000000 1.000000
vn 0.000000 0.000000 1.000000
vn 0.000000 0.000000 1.000000
vn 0.000000 0.000000 1.000000
vn 0.000000 0.000000 1.000000
vn 0.000000 0.000000 1.000000
vn 0.000000 0.000000 1.000000
vn 0.000000 0.000000 1.000000
vn 0.000000 0.000000 1.000000
vn 0.000000 0.000000 1.000000
vn 0.000000 0.000000 1.000000
vn 0.000000 0.000000 1.000000
vn 0.000000 0.000000 1.000000
vn 0.000000 0.000000 1.000000
vn 0.000000 0.000000 1.000000
vn 0.000000 0.000000 1.000000
vn 0.000000 0.000000 1.000000
vn 0.000000 0.000000 1.000000
vn 0.000000 0.000000 1.000000
vn 0.000000 0.000000 1.000000
vn 0.000000 0.000000 1.000000
vn 0.000000 0.000000 1.000000
vn 0.000000 0.000000 1.000000
vn 0.000000 0.000000 1.000000
vn 0.000000 0.000000 1.000000
vn 0.000000 0.000000 1.000000
vn 0.000000 0.000000 1.000000
vn 0.000000 0.000000 1.000000
vn 0.000000 0.000000 1.000000
vn 0.000000 0.000000 1.000000
vn 0.000000 0.000000 1.000000
vn 0.000000 0.000000 1.000000
vn 0.000000 0.000000 1.000000
vn 0.000000 0.000000 1.000000
vn 0.000000 0.000000 1.000000
vn 0.000000 0.000000 1.000000
vn 0.000000 0.000000 1.000000
vn 0.000000 0.000000 1.000000
vn 0.000000 0.000000 1.000000
vn 0.000000 0.000000 1.000000
vn 0.000000 0.000000 1.000000
vn 0.000000 0.000000 1.000000
vn 0.000000 0.000000 1.000000
vn 0.000000 0.000000 1.000000
vn 0.000000 0.000000 1.000000
vn 0.000000 0.000000 1.000000
vn 0.000000 0.000000 1.000000
vn 0.000000 0.000000 1.000000
vn 0.000000 0.000000 1.000000
vn 0.000000 0.000000 1.000000
vn 0.000000 0.000000 1.000000
vn 0.000000 0.000000 1.000000
vn 0.000000 0.000000 1.000000
vn 0.000000 0.000000 1.000000
vn 0.000000 0.000000 1.000000
vn 0.000000 0.000000 1.000000
vn 0.000000 0.000000 1.000000
vn 0.000000 0.000000 1.000000
vn 0.000000 0.000000 1.000000
vn 0.000000 0.000000 1.000000
vn 0.000000 0.000000 1.000000
vn 0.000000 0.000000 1.000000
vn 0.000000 0.000000 1.000000
vn 0.000000 0.000000 1.000000
vn 0.000000 0.000000 1.000000
vn 0.000000 0.000000 1.000000
vn 0.000000 0.000000 1.000000
vn 0.000000 0.000000 1.000000
vn 0.000000 0.000000 1.000000
vn 0.000000 0.000000 1.000000
vn 0.000000 0.000000 1.000000
vn 0.000000 0.000000 1.000000
vn 0.000000 0.000000 1.000000
vn 0.000000 0.000000 1.000000
vn 0.000000 0.000000 1.000000
vn 0.000000 0.000000 1.000000
vn 0.000000 0.000000 1.000000
vn 0.000000 -0.000000 1.000000
vn 0.000000 -0.000000 1.000000
vn 0.000000 -0.000000 1.000000
vn 0.000000 -0.000000 1.000000
vn 0.000000 -0.000000 1.000000
vn 0.000000 -0.000000 1.000000
vn 0.000000 -0.000000 1.000000
vn 0.000000 -0.000000 1.000000
vn 0.000000 -0.000000 1.000000
vn 0.000000 -0.000000 1.000000
vn 0.000000 -0.000000 1.000000
vn 0.000000 0.000000 1.000000
vn 0.000000 0.000000 1.000000
vn 0.000000 0.000000 1.000000
vn 0.000000 0.000000 1.000000
vn 0.000000 0.000000 1.000000
vn 0.000000 0.000000 1.000000
vn 0.000000 0.000000 1.000000
vn 0.000000 0.000000 1.000000
vn 0.000000 0.000000 1.000000
vn 0.000000 0.000000 1.000000
vn 0.000000 0.000000 1.000000
vn 0.000000 0.000000 1.000000
vn 0.000000 0.000000 1.000000
vn 0.000000 0.000000 1.000000
vn 0.000000 0.000000 1.000000
vn 0.000000 0.000000 1.000000
vn 0.000000 0.000000 1.000000
vn 0.000000 0.000000 1.000000
vn 0.000000 0.000000 1.000000
vn 0.000000 0.000000 1.000000
vn 0.000000 0.000000 1.000000
vn 0.000000 0.000000 1.000000
vn 0.000000 0.000000 1.000000
vn 0.000000 0.000000 1.000000
vn 0.000000 0.000000 1.000000
vn 0.000000 0.000000 1.000000
vn 0.000000 0.000000 1.000000
vn 0.000000 0.000000 1.000000
vn 0.000000 0.000000 1.000000
vn 1.000000 0.000000 0.000000
vn 1.000000 0.000000 0.000000
vn 1.000000 -0.000000 0.000000
vn 1.000000 0.000000 0.000000
vn 1.000000 0.000000 0.000000
vn 1.000000 0.000000 0.000000
vn 0.000000 -1.000000 0.000000
vn 0.000000 -1.000000 0.000000
vn -0.707107 0.000000 0.707107
vn -0.707107 0.000000 0.707107
vn -0.707107 0.707107 0.000000
vn -0.707107 0.707107 0.000000
vn 0.000000 0.000000 -1.000000
vn 0.000000 -0.000000 -1.000000
vn 0.000000 0.000000 -1.000000
vn 0.000000 0.000000 -1.000000
vn 0.000000 1.000000 0.000000
vn 0.000000 1.000000 0.000000
vn 0.000000 -0.000000 -1.000000
vn 0.000000 0.000000 -1.000000
vn 0.000000 -0.000000 -1.000000
vn 0.000000 0.000000 -1.000000
vn 0.000000 -0.000000 -1.000000
vn 0.000000 0.000000 -1.000000
vn 0.000000 -0.000000 -1.000000
vn 0.000000 0.000000 -1.000000
vn 0.000000 -0.000000 -1.000000
vn 0.000000 0.000000 -1.000000
vn 0.000000 -0.000000 -1.000000
vn 0.000000 0.000000 -1.000000
vn 0.000000 -0.000000 -1.000000
vn 0.000000 0.000000 -1.000000
vn 0.000000 -0.000000 -1.000000
vn 0.000000 0.000000 -1.000000
vn 0.000000 -0.000000 -1.000000
vn 0.000000 0.000000 -1.000000
vn 0.000000 -0.000000 -1.000000
vn 0.000000 0.000000 -1.000000
vn 0.000000 -0.000000 -1.000000
vn 0.000000 0.000000 -1.000000
vn 0.000000 -0.000000 -1.000000
vn 0.000000 0.000000 -1.000000
vn 0.000000 -0.000000 -1.000000
vn 0.000000 0.000000 -1.000000
vn 0.000000 -0.000000 -1.000000
vn 0.000000 0.000000 -1.000000
vn 0.000000 -0.000000 -1.000000
vn 0.000000 0.000000 -1.000000
vn 0.000000 -0.000000 -1.000000
vn 0.000000 0.000000 -1.000000
vn 0.000000 -0.000000 -1.000000
vn 0.000000 0.000000 -1.000000
vn 0.000000 -0.000000 -1.000000
vn 0.000000 0.000000 -1.000000
vn 0.000000 -0.000000 -1.000000
vn 0.000000 0.000000 -1.000000
vn 0.000000 -0.000000 -1.000000
vn 0.000000 0.000000 -1.000000
vn 0.000000 -0.000000 -1.000000
vn 0.000000 0.000000 -1.000000
vn 0.000000 -0.000000 -1.000000
vn 0.000000 0.000000 -1.000000
vn 0.000000 -0.000000 -1.000000
vn 0.000000 0.000000 -1.000000
vn 0.000000 -0.000000 -1.000000
vn 0.000000 0.000000 -1.000000
vn 0.000000 -0.000000 -1.000000
vn 0.000000 0.000000 -1.000000
vn 0.000000 -0.000000 -1.000000
vn 0.000000 0.000000 -1.000000
vn 0.000000 -0.000000 -1.000000
vn 0.000000 0.000000 -1.000000
vn 0.000000 -0.000000 -1.000000
vn 0.000000 0.000000 -1.000000
vn 0.000000 -0.000000 -1.000000
vn 0.000000 0.000000 -1.000000
vn 0.000000 0.000000 -1.000000
vn 0.000000 0.000000 -1.000000
vn 0.000000 0.000000 -1.000000
vn 0.000000 0.000000 -1.000000
vn 0.000000 0.000000 -1.000000
vn 0.000000 0.000000 -1.000000
vn 0.000000 0.000000 -1.000000
vn 0.000000 0.000000 -1.000000
vn 0.000000 0.000000 -1.000000
vn 0.000000 0.000000 -1.000000
vn 0.000000 0.000000 -1.000000
vn 0.000000 0.000000 -1.000000
vn 0.000000 0.000000 -1.000000
vn 0.000000 0.000000 -1.000000
vn 0.000000 -0.000000 -1.000000
vn 0.000000 -0.000000 -1.000000
vn 0.000000 -0.000000 -1.000000
vn 0.000000 -0.000000 -1.000000
vn 0.000000 -0.000000 -1.000000
vn 0.000000 -0.000000 -1.000000
vn 0.000000 -0.000000 -1.000000
vn 0.000000 -0.000000 -1.000000
vn 0.000000 -0.000000 -1.000000
vn 0.000000 -0.000000 -1.000000
vn 0.000000 -0.000000 -1.000000
vn 0.000000 -0.000000 -1.000000
vn 0.000000 -0.000000 -1.000000
vn 0.000000 -0.000000 -1.000000
vn 0.000000 -0.000000 -1.000000
vn 0.000000 -0.000000 -1.000000
vn 0.000000 -0.000000 -1.000000
vn 0.000000 -0.000000 -1.000000
vn 0.000000 -0.000000 -1.000000
vn 0.000000 -0.000000 -1.000000
vn 0.000000 -0.000000 -1.000000
vn 0.000000 -0.000000 -1.000000
vn 0.000000 0.000000 -1.000000
vn 0.000000 0.000000 -1.000000
vn 0.000000 0.000000 -1.000000
vn 0.000000 0.000000 -1.000000
vn 0.000000 0.000000 -1.000000
vn 0.000000 0.000000 -1.000000
vn 0.000000 0.000000 -1.000000
vn 0.000000 0.000000 -1.000000
vn 0.000000 0.000000 -1.000000
vn 0.000000 0.000000 -1.000000
vn 0.000000 0.000000 -1.000000
vn 0.000000 0.000000 -1.000000
vn 0.000000 0.000000 -1.000000
vn 0.000000 0.000000 -1.000000
vn 0.000000 0.000000 -1.000000
vn 0.000000 0.000000 -1.000000
vn 0.000000 0.000000 -1.000000
vn 0.000000 0.000000 -1.000000
vn 0.000000 0.000000 -1.000000
vn 0.000000 0.000000 -1.000000
vn 0.000000 0.000000 -1.000000
vn 0.000000 0.000000 -1.000000
vn 0.000000 0.000000 -1.000000
vn 0.000000 0.000000 -1.000000
vn 0.000000 0.000000 -1.000000
vn 0.000000 0.000000 -1.000000
vn 0.000000 0.000000 -1.000000
vn 0.000000 0.000000 -1.000000
vn 0.000000 0.000000 -1.000000
vn 0.000000 0.000000 -1.000000
vn 0.000000 0.000000 -1.000000
vn 0.000000 0.000000 -1.000000
vn 0.000000 0.000000 -1.000000
vn 0.000000 0.000000 -1.000000
vn 0.000000 0.000000 -1.000000
vn 0.000000 0.000000 -1.000000
vn 0.000000 0.000000 -1.000000
vn 0.000000 0.000000 -1.000000
vn 0.000000 0.000000 -1.000000
vn 0.000000 0.000000 -1.000000
vn 0.000000 0.000000 -1.000000
vn 0.000000 0.000000 -1.000000
vn 0.000000 0.000000 -1.000000
vn 0.000000 0.000000 -1.000000
vn 0.000000 0.000000 -1.000000
vn 0.000000 0.000000 -1.000000
vn 0.000000 0.000000 -1.000000
vn 0.000000 0.000000 -1.000000
vn 0.000000 0.000000 -1.000000
vn 0.000000 0.000000 -1.000000
vn 0.000000 0.000000 -1.000000
vn 0.000000 0.000000 -1.000000
vn 0.000000 0.000000 -1.000000
vn 0.000000 0.000000 -1.000000
vn 0.000000 0.000000 -1.000000
vn 0.000000 0.000000 -1.000000
vn 0.000000 0.000000 -1.000000
vn 0.000000 0.000000 -1.000000
vn 0.000000 0.000000 -1.000000
vn 0.000000 0.000000 -1.000000
vn 0.000000 0.000000 -1.000000
vn 0.000000 0.000000 -1.000000
vn 0.000000 0.000000 -1.000000
vn 0.000000 0.000000 -1.000000
vn 0.000000 0.000000 -1.000000
vn 0.000000 0.000000 -1.000000
vn 0.000000 0.000000 -1.000000
vn 0.000000 0.000000 -1.000000
vn 0.000000 0.000000 -1.000000
vn 0.000000 0.000000 -1.000000
vn 0.000000 0.000000 -1.000000
vn 0.000000 0.000000 -1.000000
vn 0.000000 0.000000 -1.000000
vn 0.000000 0.000000 -1.000000
vn 0.000000 0.000000 -1.000000
vn 0.000000 0.000000 -1.000000
vn 0.000000 0.000000 -1.000000
vn 0.000000 0.000000 -1.000000
vn 0.000000 0.000000 -1.000000
vn 0.000000 0.000000 -1.000000
vn 0.000000 0.000000 -1.000000
vn 0.000000 0.000000 -1.000000
vn 0.000000 0.000000 -1.000000
vn 0.000000 0.000000 -1.000000
vn 0.000000 0.000000 -1.000000
vn 0.000000 0.000000 -1.000000
vn 0.000000 0.000000 -1.000000
vn 0.000000 0.000000 -1.000000
vn 0.000000 0.000000 -1.000000
vn 0.000000 0.000000 -1.000000
vn 0.000000 0.000000 -1.000000
vn 0.000000 0.000000 -1.000000
vn 0.000000 0.000000 -1.000000
vn 0.000000 0.000000 -1.000000
vn 0.000000 0.000000 -1.000000
vn 0.000000 0.000000 -1.000000
vn 0.000000 0.000000 -1.000000
vn 0.000000 0.000000 -1.000000
vn 0.000000 0.000000 -1.000000
vn 0.000000 0.000000 -1.000000
vn 0.000000 0.000000 -1.000000
vn 0.000000 0.000000 -1.000000
vn 0.000000 0.000000 -1.000000
vn 0.000000 0.000000 -1.000000
vn 0.000000 0.000000 -1.000000
vn 0.000000 0.000000 -1.000000
vn 0.000000 0.000000 -1.000000
vn 0.000000 0.000000 -1.000000
vn 0.000000 0.000000 -1.000000
vn 0.000000 0.000000 -1.000000
vn 0.000000 0.000000 -1.000000
vn 0.000000 0.000000 -1.000000
vn 0.000000 0.000000 -1.000000
vn 0.000000 0.000000 -1.000000
vn 0.000000 0.000000 -1.000000
vn 0.000000 0.000000 -1.000000
vn 0.000000 0.000000 -1.000000
vn 0.000000 0.000000 -1.000000
vn 0.000000 0.000000 -1.000000
vn 0.000000 0.000000 -1.000000
vn 0.000000 0.000000 -1.000000
vn 0.000000 0.000000 -1.000000
vn 0.000000 0.000000 -1.000000
vn 0.000000 0.000000 -1.000000
vn 0.000000 0.000000 -1.000000
vn 0.000000 0.000000 -1.000000
vn 0.000000 0.000000 -1.000000
vn 0.000000 0.000000 -1.000000
vn 0.000000 0.000000 -1.000000
vn 0.000000 0.000000 -1.000000
vn 0.000000 0.000000 -1.000000
vn 0.000000 0.000000 -1.000000
vn 0.000000 0.000000 -1.000000
vn 0.000000 0.000000 -1.000000
vn 0.000000 0.000000 -1.000000
vn 0.000000 0.000000 -1.000000
vn 0.000000 0.000000 -1.000000
vn 0.000000 0.000000 -1.000000
vn 0.000000 0.000000 -1.000000
vn 0.000000 0.000000 -1.000000
vn 0.000000 0.000000 -1.000000
vn 0.000000 0.000000 -1.000000
vn 0.000000 0.000000 -1.000000
vn 0.000000 0.000000 -1.000000
vn 0.000000 0.000000 -1.000000
vn 0.000000 0.000000 -1.000000
vn 0.000000 0.000000 -1.000000
vn 0.000000 0.000000 -1.000000
vn 0.000000 0.000000 -1.000000
vn 0.000000 0.000000 -1.000000
vn 0.000000 0.000000 -1.000000
vn 0.000000 0.000000 -1.000000
vn 0.000000 0.000000 -1.000000
vn 0.000000 0.000000 -1.000000
vn 0.000000 0.000000 -1.000000
vn 0.000000 0.000000 -1.000000
vn 0.000000 0.000000 -1.000000
vn 0.000000 0.000000 -1.000000
vn 0.000000 0.000000 -1.000000
vn 0.000000 0.000000 -1.000000
vn 0.000000 0.000000 -1.000000
vn 0.000000 0.000000 -1.000000
vn 0.000000 0.000000 -1.000000
vn 0.000000 0.000000 -1.000000
vn 0.000000 0.000000 -1.000000
vn 0.000000 0.000000 -1.000000
vn 0.000000 0.000000 -1.000000
vn 0.000000 0.000000 -1.000000
vn 0.000000 0.000000 -1.000000
vn 0.000000 0.000000 -1.000000
vn 0.000000 0.000000 -1.000000
vn 0.000000 0.000000 -1.000000
vn 0.000000 0.000000 -1.000000
vn 0.000000 0.000000 -1.000000
vn 0.000000 0.000000 -1.000000
vn 0.000000 0.000000 -1.000000
vn 0.000000 0.000000 -1.000000
vn 0.000000 0.000000 -1.000000
vn 0.000000 0.000000 -1.000000
vn 0.000000 0.000000 -1.000000
vn 0.000000 0.000000 -1.000000
vn 0.000000 0.000000 -1.000000
vn 0.000000 0.000000 -1.000000
vn 0.000000 0.000000 -1.000000
vn 0.000000 0.000000 -1.000000
vn 0.000000 0.000000 -1.000000
vn 0.000000 0.000000 -1.000000
vn 0.000000 0.000000 -1.000000
vn 0.000000 0.000000 -1.000000
vn 0.000000 0.000000 -1.000000
vn 0.000000 0.000000 -1.000000
vn 0.000000 0.000000 -1.000000
vn 0.000000 0.000000 -1.000000
vn 0.000000 0.000000 -1.000000
vn 0.000000 0.000000 -1.000000
vn 0.000000 0.000000 -1.000000
vn 0.000000 0.000000 -1.000000
vn 0.000000 0.000000 -1.000000
vn 0.000000 0.000000 -1.000000
vn 0.000000 0.000000 -1.000000
vn 0.000000 0.000000 -1.000000
vn 0.000000 0.000000 -1.000000
vn 0.000000 0.000000 -1.000000
vn 0.000000 0.000000 -1.000000
vn 0.000000 0.000000 -1.000000
vn 0.000000 0.000000 -1.000000
vn 0.000000 0.000000 -1.000000
vn 0.000000 0.000000 -1.000000
vn 0.000000 0.000000 -1.000000
vn 0.000000 0.000000 -1.000000
vn 0.000000 0.000000 -1.000000
vn 0.000000 0.000000 -1.000000
vn 0.000000 0.000000 -1.000000
vn 0.000000 0.000000 -1.000000
vn 0.000000 0.000000 -1.000000
vn 0.000000 0.000000 -1.000000
vn 0.000000 0.000000 -1.000000
vn 0.000000 0.000000 -1.000000
vn 0.000000 0.000000 -1.000000
vn 0.000000 0.000000 -1.000000
vn 0.000000 0.000000 -1.000000
vn 0.000000 0.000000 -1.000000
vn 0.000000 0.000000 -1.000000
vn 0.000000 0.000000 -1.000000
vn 0.000000 0.000000 -1.000000
vn 0.000000 0.000000 -1.000000
vn 0.000000 0.000000 -1.000000
vn 0.000000 0.000000 -1.000000
vn 0.000000 0.000000 -1.000000
vn 0.000000 0.000000 -1.000000
vn 0.000000 0.000000 -1.000000
vn 0.000000 0.000000 -1.000000
vn 0.000000 0.000000 -1.000000
vn 0.000000 0.000000 -1.000000
vn 0.000000 0.000000 -1.000000
vn 0.000000 0.000000 -1.000000
vn 0.000000 0.000000 -1.000000
vn 0.000000 0.000000 -1.000000
vn 0.000000 0.000000 -1.000000
vn 0.000000 0.000000 -1.000000
vn 0.000000 0.000000 -1.000000
vn 0.000000 0.000000 -1.000000
vn 0.000000 0.000000 -1.000000
vn 0.000000 0.000000 -1.000000
vn 0.000000 0.000000 -1.000000
vn 0.000000 0.000000 -1.000000
vn 0.000000 0.000000 -1.000000
vn 0.000000 0.000000 -1.000000
vn 0.000000 0.000000 -1.000000
vn 0.000000 0.000000 -1.000000
vn 0.000000 0.000000 -1.000000
vn 0.000000 0.000000 -1.000000
vn 0.000000 0.000000 -1.000000
vn 0.000000 0.000000 -1.000000
vn 0.000000 0.000000 -1.000000
vn 0.000000 0.000000 -1.000000
vn 0.000000 0.000000 -1.000000
vn 0.000000 0.000000 -1.000000
vn 0.000000 0.000000 -1.000000
vn 0.000000 0.000000 -1.000000
vn 0.000000 0.000000 -1.000000
vn 0.000000 0.000000 -1.000000
vn 0.000000 0.000000 -1.000000
vn 0.000000 0.000000 -1.000000
vn 0.000000 0.000000 -1.000000
vn 0.000000 0.000000 -1.000000
vn 0.000000 0.000000 -1.000000
vn 0.000000 0.000000 -1.000000
vn 0.000000 0.000000 -1.000000
vn 0.000000 0.000000 -1.000000
vn 0.000000 0.000000 -1.000000
vn 0.000000 0.000000 -1.000000
vn 0.000000 0.000000 -1.000000
vn 0.000000 0.000000 -1.000000
vn 0.000000 0.000000 -1.000000
vn 0.000000 0.000000 -1.000000
vn 0.000000 0.000000 -1.000000
vn 0.000000 0.000000 -1.000000
vn 0.000000 0.000000 -1.000000
vn 0.000000 0.000000 -1.000000
vn 0.000000 0.000000 -1.000000
vn 0.000000 0.000000 -1.000000
vn 0.000000 0.000000 -1.000000
vn 0.000000 0.000000 -1.000000
vn 0.000000 0.000000 -1.000000
vn 0.000000 0.000000 -1.000000
vn 0.000000 0.000000 -1.000000
vn 0.000000 0.000000 -1.000000
vn 0.000000 0.000000 -1.000000
vn 0.000000 0.000000 -1.000000
vn 0.000000 0.000000 -1.000000
vn 0.000000 0.000000 -1.000000
vn 0.000000 0.000000 -1.000000
vn 0.000000 0.000000 -1.000000
vn 0.000000 0.000000 -1.000000
vn 0.000000 0.000000 -1.000000
vn 0.000000 0.000000 -1.000000
vn 0.000000 0.000000 -1.000000
vn 0.000000 0.000000 -1.000000
vn 0.000000 0.000000 -1.000000
vn 0.000000 0.000000 -1.000000
vn 0.000000 0.000000 -1.000000
vn 0.000000 0.000000 -1.000000
vn 0.000000 0.000000 -1.000000
vn 0.000000 0.000000 -1.000000
vn 0.000000 0.000000 -1.000000
vn 0.000000 0.000000 -1.000000
vn 0.000000 0.000000 -1.000000
vn 0.000000 0.000000 -1.000000
vn 0.000000 0.000000 -1.000000
vn 0.000000 0.000000 -1.000000
vn 0.000000 0.000000 -1.000000
vn 0.000000 0.000000 -1.000000
vn 0.000000 0.000000 -1.000000
vn 0.000000 0.000000 -1.000000
vn 0.000000 0.000000 -1.000000
vn 0.000000 0.000000 -1.000000
vn 0.000000 0.000000 -1.000000
vn 0.000000 0.000000 -1.000000
vn 0.000000 0.000000 -1.000000
vn 0.000000 0.000000 -1.000000
vn 0.000000 0.000000 -1.000000
vn 0.000000 0.000000 -1.000000
vn 0.000000 0.000000 -1.000000
vn 0.000000 0.000000 -1.000000
vn 0.000000 0.000000 -1.000000
vn 0.000000 0.000000 -1.000000
vn 0.000000 0.000000 -1.000000
vn 0.000000 -0.000000 -1.000000
vn 0.000000 0.000000 -1.000000
vn 0.000000 -0.000000 -1.000000
vn 0.000000 0.000000 -1.000000
vn 0.000000 -0.000000 -1.000000
vn 0.000000 0.000000 -1.000000
vn 0.000000 -0.000000 -1.000000
vn 0.000000 0.000000 -1.000000
vn 0.000000 -0.000000 -1.000000
vn 0.000000 0.000000 -1.000000
vn 0.000000 -0.000000 -1.000000
vn 0.000000 0.000000 -1.000000
vn 0.000000 -0.000000 -1.000000
vn 0.000000 0.000000 -1.000000
vn 0.000000 -0.000000 -1.000000
vn 0.000000 0.000000 -1.000000
vn 0.000000 -0.000000 -1.000000
vn 0.000000 0.000000 -1.000000
vn 0.000000 -0.000000 -1.000000
vn 0.000000 0.000000 -1.000000
vn 0.000000 -0.000000 -1.000000
vn 0.000000 0.000000 -1.000000
vn 0.000000 -0.000000 -1.000000
vn 0.000000 0.000000 -1.000000
vn 0.000000 -0.000000 -1.000000
vn 0.000000 0.000000 -1.000000
vn 0.000000 -0.000000 -1.000000
vn 0.000000 0.000000 -1.000000
vn 0.000000 0.000000 -1.000000
vn 0.000000 0.000000 -1.000000
vn 0.000000 0.000000 -1.000000
vn 0.000000 0.000000 -1.000000
vn 0.000000 0.000000 -1.000000
vn 0.000000 0.000000 -1.000000
vn 0.000000 0.000000 -1.000000
vn 0.000000 0.000000 -1.000000
vn 0.000000 0.000000 -1.000000
vn 0.000000 0.000000 -1.000000
vn 0.000000 0.000000 -1.000000
vn 0.000000 0.000000 -1.000000
vn 0.000000 0.000000 -1.000000
vn 0.000000 0.000000 -1.000000
vn 0.707107 0.000000 0.707107
vn 0.707107 -0.000000 0.707107
vn -0.500000 0.500000 0.707107
vn -0.500000 0.500000 0.707107
vn 0.500000 0.500000 0.707107
vn 0.500000 0.500000 0.707107
vn 0.000000 0.707107 0.707107
vn 0.000000 0.707107 0.707107
vn -0.999906 -0.013695 0.000000
vn -0.999153 -0.041155 0.000000
vn -0.999906 -0.013695 0.000000
vn -0.997648 -0.068544 0.000000
vn -0.999153 -0.041155 0.000000
vn -0.995394 -0.095865 0.000000
vn -0.997648 -0.068544 0.000000
vn -0.992383 -0.123188 0.000000
vn -0.995394 -0.095865 0.000000
vn -0.988641 -0.150299 0.000000
vn -0.992383 -0.123188 0.000000
vn -0.984137 -0.177411 0.000000
vn -0.988641 -0.150299 0.000000
vn -0.978891 -0.204381 0.000000
vn -0.984137 -0.177411 0.000000
vn -0.972935 -0.231081 0.000000
vn -0.978891 -0.204381 0.000000
vn -0.966223 -0.257706 0.000000
vn -0.972935 -0.231081 0.000000
vn -0.966223 -0.257706 0.000000
vn -0.958789 -0.284119 0.000000
vn -0.958789 -0.284119 0.000000
vn -0.950629 -0.310330 0.000000
vn -0.950629 -0.310330 0.000000
vn -0.941769 -0.336262 0.000000
vn -0.941769 -0.336262 0.000000
vn -0.932160 -0.362047 0.000000
vn -0.932160 -0.362047 0.000000
vn -0.921901 -0.387426 0.000000
vn -0.921901 -0.387426 0.000000
vn -0.910945 -0.412527 0.000000
vn -0.910945 -0.412527 0.000000
vn -0.899261 -0.437413 0.000000
vn -0.899261 -0.437413 0.000000
vn -0.886912 -0.461939 0.000000
vn -0.886912 -0.461939 0.000000
vn -0.873918 -0.486074 0.000000
vn -0.860262 -0.509852 0.000000
vn -0.873918 -0.486074 0.000000
vn -0.860262 -0.509852 0.000000
vn -0.845940 -0.533279 0.000000
vn -0.830990 -0.556287 0.000000
vn -0.845940 -0.533279 0.000000
vn -0.815420 -0.578870 0.000000
vn -0.830990 -0.556287 0.000000
vn -0.799211 -0.601051 0.000000
vn -0.815420 -0.578870 0.000000
vn -0.782467 -0.622692 0.000000
vn -0.799211 -0.601051 0.000000
vn -0.765034 -0.643990 0.000000
vn -0.782467 -0.622692 0.000000
vn -0.747129 -0.664679 0.000000
vn -0.765034 -0.643990 0.000000
vn -0.728581 -0.684959 0.000000
vn -0.747129 -0.664679 0.000000
vn -0.709544 -0.704661 0.000000
vn -0.728581 -0.684959 0.000000
vn -0.689923 -0.723882 0.000000
vn -0.709544 -0.704661 0.000000
vn -0.669813 -0.742530 0.000000
vn -0.689923 -0.723882 0.000000
vn -0.649173 -0.760641 0.000000
vn -0.669813 -0.742530 0.000000
vn -0.628085 -0.778145 0.000000
vn -0.649173 -0.760641 0.000000
vn -0.606498 -0.795085 0.000000
vn -0.628085 -0.778145 0.000000
vn -0.584461 -0.811422 0.000000
vn -0.606498 -0.795085 0.000000
vn -0.584461 -0.811422 0.000000
vn -0.561950 -0.827171 0.000000
vn -0.561950 -0.827171 0.000000
vn -0.539054 -0.842271 0.000000
vn -0.539054 -0.842271 0.000000
vn -0.515783 -0.856719 0.000000
vn -0.515783 -0.856719 0.000000
vn -0.492046 -0.870569 0.000000
vn -0.492046 -0.870569 0.000000
vn -0.468003 -0.883727 0.000000
vn -0.443539 -0.896255 0.000000
vn -0.468003 -0.883727 0.000000
vn -0.418837 -0.908062 0.000000
vn -0.443539 -0.896255 0.000000
vn -0.393728 -0.919227 0.000000
vn -0.418837 -0.908062 0.000000
vn -0.368380 -0.929675 0.000000
vn -0.393728 -0.919227 0.000000
vn -0.342752 -0.939426 0.000000
vn -0.368380 -0.929675 0.000000
vn -0.316822 -0.948485 0.000000
vn -0.342752 -0.939426 0.000000
vn -0.290701 -0.956814 0.000000
vn -0.316822 -0.948485 0.000000
vn -0.290701 -0.956814 0.000000
vn -0.237789 -0.971317 0.000000
vn -0.264344 -0.964429 0.000000
vn -0.264344 -0.964429 0.000000
vn -0.211036 -0.977478 0.000000
vn -0.237789 -0.971317 0.000000
vn -0.184133 -0.982901 0.000000
vn -0.211036 -0.977478 0.000000
vn -0.184133 -0.982901 0.000000
vn -0.129962 -0.991519 0.000000
vn -0.157112 -0.987581 0.000000
vn -0.157112 -0.987581 0.000000
vn -0.102718 -0.994711 0.000000
vn -0.129962 -0.991519 0.000000
vn -0.075374 -0.997155 0.000000
vn -0.102718 -0.994711 0.000000
vn -0.048003 -0.998847 0.000000
vn -0.075374 -0.997155 0.000000
vn -0.048003 -0.998847 0.000000
vn -0.020577 -0.999788 0.000000
vn -0.020577 -0.999788 0.000000
vn 0.006865 -0.999976 0.000000
vn 0.006865 -0.999976 0.000000
vn 0.034290 -0.999412 0.000000
vn 0.061694 -0.998095 0.000000
vn 0.034290 -0.999412 0.000000
vn 0.061694 -0.998095 0.000000
vn 0.089056 -0.996027 0.000000
vn 0.116339 -0.993210 0.000000
vn 0.089056 -0.996027 0.000000
vn 0.116339 -0.993210 0.000000
vn 0.143552 -0.989643 0.000000
vn 0.143552 -0.989643 0.000000
vn 0.170647 -0.985332 0.000000
vn 0.197607 -0.980281 0.000000
vn 0.170647 -0.985332 0.000000
vn 0.197607 -0.980281 0.000000
vn 0.224451 -0.974485 0.000000
vn 0.251065 -0.967970 0.000000
vn 0.224451 -0.974485 0.000000
vn 0.251065 -0.967970 0.000000
vn 0.277543 -0.960713 0.000000
vn 0.303792 -0.952738 0.000000
vn 0.277543 -0.960713 0.000000
vn 0.303792 -0.952738 0.000000
vn 0.329830 -0.944040 0.000000
vn 0.329830 -0.944040 0.000000
vn 0.355576 -0.934647 0.000000
vn 0.355576 -0.934647 0.000000
vn 0.381103 -0.924533 0.000000
vn 0.406311 -0.913735 0.000000
vn 0.381103 -0.924533 0.000000
vn 0.406311 -0.913735 0.000000
vn 0.431251 -0.902232 0.000000
vn 0.455799 -0.890083 0.000000
vn 0.431251 -0.902232 0.000000
vn 0.455799 -0.890083 0.000000
vn 0.480095 -0.877217 0.000000
vn 0.503940 -0.863739 0.000000
vn 0.480095 -0.877217 0.000000
vn 0.503940 -0.863739 0.000000
vn 0.527466 -0.849576 0.000000
vn 0.550574 -0.834786 0.000000
vn 0.527466 -0.849576 0.000000
vn 0.550574 -0.834786 0.000000
vn 0.573278 -0.819361 0.000000
vn 0.595508 -0.803349 0.000000
vn 0.573278 -0.819361 0.000000
vn 0.617330 -0.786704 0.000000
vn 0.595508 -0.803349 0.000000
vn 0.617330 -0.786704 0.000000
vn 0.659567 -0.751646 0.000000
vn 0.638703 -0.769454 0.000000
vn 0.638703 -0.769454 0.000000
vn 0.659567 -0.751646 0.000000
vn 0.679935 -0.733272 0.000000
vn 0.679935 -0.733272 0.000000
vn 0.699779 -0.714360 0.000000
vn 0.719151 -0.694854 0.000000
vn 0.699779 -0.714360 0.000000
vn 0.719151 -0.694854 0.000000
vn 0.737887 -0.674924 0.000000
vn 0.756161 -0.654385 0.000000
vn 0.737887 -0.674924 0.000000
vn 0.756161 -0.654385 0.000000
vn 0.773834 -0.633388 0.000000
vn 0.790926 -0.611912 0.000000
vn 0.773834 -0.633388 0.000000
vn 0.790926 -0.611912 0.000000
vn 0.807402 -0.590001 0.000000
vn 0.823259 -0.567666 0.000000
vn 0.807402 -0.590001 0.000000
vn 0.823259 -0.567666 0.000000
vn 0.838554 -0.544819 0.000000
vn 0.838554 -0.544819 0.000000
vn 0.853189 -0.521601 0.000000
vn 0.853189 -0.521601 0.000000
vn 0.867163 -0.498024 0.000000
vn 0.867163 -0.498024 0.000000
vn 0.880501 -0.474045 0.000000
vn 0.880501 -0.474045 0.000000
vn 0.893172 -0.449715 0.000000
vn 0.905178 -0.425034 0.000000
vn 0.893172 -0.449715 0.000000
vn 0.905178 -0.425034 0.000000
vn 0.916509 -0.400015 0.000000
vn 0.916509 -0.400015 0.000000
vn 0.927116 -0.374774 0.000000
vn 0.927116 -0.374774 0.000000
vn 0.937054 -0.349184 0.000000
vn 0.937054 -0.349184 0.000000
vn 0.946286 -0.323331 0.000000
vn 0.946286 -0.323331 0.000000
vn 0.954797 -0.297260 0.000000
vn 0.954797 -0.297260 0.000000
vn 0.962603 -0.270918 0.000000
vn 0.962603 -0.270918 0.000000
vn 0.969668 -0.244424 0.000000
vn 0.969668 -0.244424 0.000000
vn 0.976008 -0.217733 0.000000
vn 0.976008 -0.217733 0.000000
vn 0.981610 -0.190896 0.000000
vn 0.981610 -0.190896 0.000000
vn 0.990606 -0.136743 0.000000
vn 0.986473 -0.163923 0.000000
vn 0.986473 -0.163923 0.000000
vn 0.990606 -0.136743 0.000000
vn 0.993988 -0.109493 0.000000
vn 0.996613 -0.082240 0.000000
vn 0.993988 -0.109493 0.000000
vn 0.996613 -0.082240 0.000000
vn 0.998495 -0.054850 0.000000
vn 0.999623 -0.027459 0.000000
vn 0.998495 -0.054850 0.000000
vn 0.999623 -0.027459 0.000000
vn 1.000000 0.000000 0.000000
vn 1.000000 0.000000 0.000000
vn 0.999623 0.027459 0.000000
vn 0.998495 0.054850 -0.000000
vn 0.999623 0.027459 -0.000000
vn 0.998495 0.054850 -0.000000
vn 0.996613 0.082240 0.000000
vn 0.996613 0.082240 -0.000000
vn 0.993988 0.109493 0.000000
vn 0.993988 0.109493 -0.000000
vn 0.986473 0.163923 -0.000000
vn 0.990606 0.136743 -0.000000
vn 0.990606 0.136743 0.000000
vn 0.986473 0.163923 -0.000000
vn 0.976008 0.217733 -0.000000
vn 0.981610 0.190896 -0.000000
vn 0.981610 0.190896 0.000000
vn 0.976008 0.217733 -0.000000
vn 0.962603 0.270918 -0.000000
vn 0.969668 0.244424 -0.000000
vn 0.969668 0.244424 0.000000
vn 0.962603 0.270918 -0.000000
vn 0.946286 0.323331 -0.000000
vn 0.954797 0.297260 -0.000000
vn 0.954797 0.297260 0.000000
vn 0.937054 0.349184 -0.000000
vn 0.946286 0.323331 -0.000000
vn 0.937054 0.349184 -0.000000
vn 0.927116 0.374774 -0.000000
vn 0.927116 0.374774 0.000000
vn 0.905178 0.425034 -0.000000
vn 0.916509 0.400015 -0.000000
vn 0.916509 0.400015 0.000000
vn 0.905178 0.425034 -0.000000
vn 0.880501 0.474045 -0.000000
vn 0.893172 0.449715 -0.000000
vn 0.893172 0.449715 0.000000
vn 0.867163 0.498024 -0.000000
vn 0.880501 0.474045 -0.000000
vn 0.867163 0.498024 -0.000000
vn 0.853189 0.521601 -0.000000
vn 0.853189 0.521601 0.000000
vn 0.823259 0.567666 -0.000000
vn 0.838554 0.544819 -0.000000
vn 0.838554 0.544819 0.000000
vn 0.823259 0.567666 -0.000000
vn 0.807402 0.590001 0.000000
vn 0.807402 0.590001 -0.000000
vn 0.790926 0.611912 0.000000
vn 0.790926 0.611912 -0.000000
vn 0.773834 0.633388 -0.000000
vn 0.773834 0.633388 0.000000
vn 0.756161 0.654385 -0.000000
vn 0.756161 0.654385 0.000000
vn 0.737887 0.674924 0.000000
vn 0.737887 0.674924 -0.000000
vn 0.699779 0.714360 -0.000000
vn 0.719151 0.694854 -0.000000
vn 0.719151 0.694854 0.000000
vn 0.699779 0.714360 -0.000000
vn 0.659567 0.751646 -0.000000
vn 0.679935 0.733272 -0.000000
vn 0.679935 0.733272 0.000000
vn 0.659567 0.751646 -0.000000
vn 0.638703 0.769454 -0.000000
vn 0.638703 0.769454 0.000000
vn 0.595508 0.803349 -0.000000
vn 0.617330 0.786704 -0.000000
vn 0.617330 0.786704 0.000000
vn 0.595508 0.803349 -0.000000
vn 0.573278 0.819361 -0.000000
vn 0.573278 0.819361 0.000000
vn 0.550574 0.834786 -0.000000
vn 0.550574 0.834786 0.000000
vn 0.503940 0.863739 -0.000000
vn 0.527466 0.849576 -0.000000
vn 0.527466 0.849576 0.000000
vn 0.503940 0.863739 -0.000000
vn 0.480095 0.877217 -0.000000
vn 0.480095 0.877217 0.000000
vn 0.455799 0.890083 -0.000000
vn 0.455799 0.890083 0.000000
vn 0.431251 0.902232 -0.000000
vn 0.431251 0.902232 0.000000
vn 0.406311 0.913735 -0.000000
vn 0.406311 0.913735 0.000000
vn 0.381103 0.924533 0.000000
vn 0.381103 0.924533 -0.000000
vn 0.355576 0.934647 0.000000
vn 0.355576 0.934647 -0.000000
vn 0.329830 0.944040 -0.000000
vn 0.329830 0.944040 0.000000
vn 0.303792 0.952738 0.000000
vn 0.303792 0.952738 -0.000000
vn 0.277543 0.960713 0.000000
vn 0.277543 0.960713 -0.000000
vn 0.251065 0.967970 0.000000
vn 0.251065 0.967970 -0.000000
vn 0.224451 0.974485 0.000000
vn 0.224451 0.974485 -0.000000
vn 0.197607 0.980281 0.000000
vn 0.197607 0.980281 -0.000000
vn 0.170647 0.985332 0.000000
vn 0.170647 0.985332 -0.000000
vn 0.143552 0.989643 0.000000
vn 0.143552 0.989643 -0.000000
vn 0.116339 0.993210 0.000000
vn 0.116339 0.993210 -0.000000
vn 0.089056 0.996027 0.000000
vn 0.089056 0.996027 -0.000000
vn 0.061694 0.998095 0.000000
vn 0.061694 0.998095 -0.000000
vn 0.034290 0.999412 0.000000
vn 0.034290 0.999412 -0.000000
vn 0.006865 0.999976 0.000000
vn 0.006865 0.999976 -0.000000
vn -0.020577 0.999788 0.000000
vn -0.020577 0.999788 0.000000
vn -0.048003 0.998847 0.000000
vn -0.048003 0.998847 0.000000
vn -0.075374 0.997155 0.000000
vn -0.075374 0.997155 0.000000
vn -0.102718 0.994711 0.000000
vn -0.129962 0.991519 0.000000
vn -0.102718 0.994711 0.000000
vn -0.129962 0.991519 0.000000
vn -0.157112 0.987581 0.000000
vn -0.157112 0.987581 0.000000
vn -0.184133 0.982901 0.000000
vn -0.184133 0.982901 0.000000
vn -0.211036 0.977478 0.000000
vn -0.237789 0.971317 0.000000
vn -0.211036 0.977478 0.000000
vn -0.237789 0.971317 0.000000
vn -0.264344 0.964429 0.000000
vn -0.264344 0.964429 0.000000
vn -0.290701 0.956814 0.000000
vn -0.290701 0.956814 0.000000
vn -0.342752 0.939426 0.000000
vn -0.316822 0.948485 0.000000
vn -0.316822 0.948485 0.000000
vn -0.342752 0.939426 0.000000
vn -0.368380 0.929675 0.000000
vn -0.393728 0.919227 0.000000
vn -0.368380 0.929675 0.000000
vn -0.393728 0.919227 0.000000
vn -0.418837 0.908062 0.000000
vn -0.443539 0.896255 0.000000
vn -0.418837 0.908062 0.000000
vn -0.443539 0.896255 0.000000
vn -0.468003 0.883727 0.000000
vn -0.468003 0.883727 0.000000
vn -0.492046 0.870569 0.000000
vn -0.492046 0.870569 0.000000
vn -0.515783 0.856719 0.000000
vn -0.515783 0.856719 0.000000
vn -0.539054 0.842271 0.000000
vn -0.539054 0.842271 0.000000
vn -0.561950 0.827171 0.000000
vn -0.561950 0.827171 0.000000
vn -0.584461 0.811422 0.000000
vn -0.584461 0.811422 0.000000
vn -0.606498 0.795085 0.000000
vn -0.606498 0.795085 0.000000
vn -0.628085 0.778145 0.000000
vn -0.628085 0.778145 0.000000
vn -0.649173 0.760641 0.000000
vn -0.649173 0.760641 0.000000
vn -0.669813 0.742530 0.000000
vn -0.689923 0.723882 0.000000
vn -0.669813 0.742530 0.000000
vn -0.689923 0.723882 0.000000
vn -0.709544 0.704661 0.000000
vn -0.709544 0.704661 0.000000
vn -0.728581 0.684959 0.000000
vn -0.728581 0.684959 0.000000
vn -0.747129 0.664679 0.000000
vn -0.747129 0.664679 0.000000
vn -0.765034 0.643990 0.000000
vn -0.765034 0.643990 0.000000
vn -0.782467 0.622692 0.000000
vn -0.782467 0.622692 0.000000
vn -0.815420 0.578870 0.000000
vn -0.799211 0.601051 0.000000
vn -0.799211 0.601051 0.000000
vn -0.830990 0.556287 0.000000
vn -0.815420 0.578870 0.000000
vn -0.830990 0.556287 0.000000
vn -0.845940 0.533279 0.000000
vn -0.845940 0.533279 0.000000
vn -0.860262 0.509852 0.000000
vn -0.860262 0.509852 0.000000
vn -0.873918 0.486074 0.000000
vn -0.873918 0.486074 0.000000
vn -0.886912 0.461939 0.000000
vn -0.886912 0.461939 0.000000
vn -0.899261 0.437413 0.000000
vn -0.899261 0.437413 0.000000
vn -0.910945 0.412527 0.000000
vn -0.910945 0.412527 0.000000
vn -0.921901 0.387426 0.000000
vn -0.921901 0.387426 0.000000
vn -0.932160 0.362047 0.000000
vn -0.932160 0.362047 0.000000
vn -0.941769 0.336262 0.000000
vn -0.941769 0.336262 0.000000
vn -0.950629 0.310330 0.000000
vn -0.950629 0.310330 0.000000
vn -0.958789 0.284119 0.000000
vn -0.958789 0.284119 0.000000
vn -0.966223 0.257706 0.000000
vn -0.972935 0.231081 0.000000
vn -0.966223 0.257706 0.000000
vn -0.972935 0.231081 0.000000
vn -0.978891 0.204381 0.000000
vn -0.978891 0.204381 0.000000
vn -0.984137 0.177411 0.000000
vn -0.984137 0.177411 0.000000
vn -0.992383 0.123188 0.000000
vn -0.988641 0.150299 0.000000
vn -0.988641 0.150299 0.000000
vn -0.992383 0.123188 0.000000
vn -0.997648 0.068544 0.000000
vn -0.995394 0.095865 0.000000
vn -0.995394 0.095865 0.000000
vn -0.997648 0.068544 0.000000
vn -0.999153 0.041155 0.000000
vn -0.999153 0.041155 0.000000
vn -0.999906 0.013695 0.000000
vn -0.999906 0.013695 0.000000
vn -0.999906 -0.013695 0.000000
vn -0.999153 -0.041155 0.000000
vn -0.999906 -0.013695 0.000000
vn -0.997648 -0.068544 0.000000
vn -0.999153 -0.041155 0.000000
vn -0.995394 -0.095865 0.000000
vn -0.997648 -0.068544 0.000000
vn -0.992383 -0.123188 0.000000
vn -0.995394 -0.095865 0.000000
vn -0.988641 -0.150299 0.000000
vn -0.992383 -0.123188 0.000000
vn -0.984137 -0.177411 0.000000
vn -0.988641 -0.150299 0.000000
vn -0.978891 -0.204381 0.000000
vn -0.984137 -0.177411 0.000000
vn -0.972935 -0.231081 0.000000
vn -0.978891 -0.204381 0.000000
vn -0.966223 -0.257706 0.000000
vn -0.972935 -0.231081 0.000000
vn -0.966223 -0.257706 0.000000
vn -0.958789 -0.284119 0.000000
vn -0.958789 -0.284119 0.000000
vn -0.950629 -0.310330 0.000000
vn -0.950629 -0.310330 0.000000
vn -0.941769 -0.336262 0.000000
vn -0.941769 -0.336262 0.000000
vn -0.932160 -0.362047 0.000000
vn -0.932160 -0.362047 0.000000
vn -0.921901 -0.387426 0.000000
vn -0.921901 -0.387426 0.000000
vn -0.910945 -0.412527 0.000000
vn -0.910945 -0.412527 0.000000
vn -0.899261 -0.437413 0.000000
vn -0.899261 -0.437413 0.000000
vn -0.886912 -0.461939 0.000000
vn -0.886912 -0.461939 0.000000
vn -0.873918 -0.486074 0.000000
vn -0.860262 -0.509852 0.000000
vn -0.873918 -0.486074 0.000000
vn -0.860262 -0.509852 0.000000
vn -0.845940 -0.533279 0.000000
vn -0.830990 -0.556287 0.000000
vn -0.845940 -0.533279 0.000000
vn -0.815420 -0.578870 0.000000
vn -0.830990 -0.556287 0.000000
vn -0.799211 -0.601051 0.000000
vn -0.815420 -0.578870 0.000000
vn -0.782467 -0.622692 0.000000
vn -0.799211 -0.601051 0.000000
vn -0.765034 -0.643990 0.000000
vn -0.782467 -0.622692 0.000000
vn -0.747129 -0.664679 0.000000
vn -0.765034 -0.643990 0.000000
vn -0.728581 -0.684959 0.000000
vn -0.747129 -0.664679 0.000000
vn -0.709544 -0.704661 0.000000
vn -0.728581 -0.684959 0.000000
vn -0.689923 -0.723882 0.000000
vn -0.709544 -0.704661 0.000000
vn -0.669813 -0.742530 0.000000
vn -0.689923 -0.723882 0.000000
vn -0.649173 -0.760641 0.000000
vn -0.669813 -0.742530 0.000000
vn -0.628085 -0.778145 0.000000
vn -0.649173 -0.760641 0.000000
vn -0.606498 -0.795085 0.000000
vn -0.628085 -0.778145 0.000000
vn -0.584461 -0.811422 0.000000
vn -0.606498 -0.795085 0.000000
vn -0.584461 -0.811422 0.000000
vn -0.561950 -0.827171 0.000000
vn -0.561950 -0.827171 0.000000
vn -0.539054 -0.842271 0.000000
vn -0.539054 -0.842271 0.000000
vn -0.515783 -0.856719 0.000000
vn -0.515783 -0.856719 0.000000
vn -0.492046 -0.870569 0.000000
vn -0.492046 -0.870569 0.000000
vn -0.468003 -0.883727 0.000000
vn -0.443539 -0.896255 0.000000
vn -0.468003 -0.883727 0.000000
vn -0.418837 -0.908062 0.000000
vn -0.443539 -0.896255 0.000000
vn -0.393728 -0.919227 0.000000
vn -0.418837 -0.908062 0.000000
vn -0.368380 -0.929675 0.000000
vn -0.393728 -0.919227 0.000000
vn -0.342752 -0.939426 0.000000
vn -0.368380 -0.929675 0.000000
vn -0.316822 -0.948485 0.000000
vn -0.342752 -0.939426 0.000000
vn -0.290701 -0.956814 0.000000
vn -0.316822 -0.948485 0.000000
vn -0.290701 -0.956814 0.000000
vn -0.237789 -0.971317 0.000000
vn -0.264344 -0.964429 0.000000
vn -0.264344 -0.964429 0.000000
vn -0.211036 -0.977478 0.000000
vn -0.237789 -0.971317 0.000000
vn -0.184133 -0.982901 0.000000
vn -0.211036 -0.977478 0.000000
vn -0.184133 -0.982901 0.000000
vn -0.129962 -0.991519 0.000000
vn -0.157112 -0.987581 0.000000
vn -0.157112 -0.987581 0.000000
vn -0.102718 -0.994711 0.000000
vn -0.129962 -0.991519 0.000000
vn -0.075374 -0.997155 0.000000
vn -0.102718 -0.994711 0.000000
vn -0.048003 -0.998847 0.000000
vn -0.075374 -0.997155 0.000000
vn -0.048003 -0.998847 0.000000
vn -0.020577 -0.999788 0.000000
vn -0.020577 -0.999788 0.000000
vn 0.006865 -0.999976 0.000000
vn 0.006865 -0.999976 0.000000
vn 0.034290 -0.999412 0.000000
vn 0.061694 -0.998095 0.000000
vn 0.034290 -0.999412 0.000000
vn 0.061694 -0.998095 0.000000
vn 0.089056 -0.996027 0.000000
vn 0.116339 -0.993210 0.000000
vn 0.089056 -0.996027 0.000000
vn 0.116339 -0.993210 0.000000
vn 0.143552 -0.989643 0.000000
vn 0.143552 -0.989643 0.000000
vn 0.170647 -0.985332 0.000000
vn 0.197607 -0.980281 0.000000
vn 0.170647 -0.985332 0.000000
vn 0.197607 -0.980281 0.000000
vn 0.224451 -0.974485 0.000000
vn 0.251065 -0.967970 0.000000
vn 0.224451 -0.974485 0.000000
vn 0.251065 -0.967970 0.000000
vn 0.277543 -0.960713 0.000000
vn 0.303792 -0.952738 0.000000
vn 0.277543 -0.960713 0.000000
vn 0.303792 -0.952738 0.000000
vn 0.329830 -0.944040 0.000000
vn 0.329830 -0.944040 0.000000
vn 0.355576 -0.934647 0.000000
vn 0.355576 -0.934647 0.000000
vn 0.381103 -0.924533 0.000000
vn 0.406311 -0.913735 0.000000
vn 0.381103 -0.924533 0.000000
vn 0.406311 -0.913735 0.000000
vn 0.431251 -0.902232 0.000000
vn 0.455799 -0.890083 0.000000
vn 0.431251 -0.902232 0.000000
vn 0.455799 -0.890083 0.000000
vn 0.480095 -0.877217 0.000000
vn 0.503940 -0.863739 0.000000
vn 0.480095 -0.877217 0.000000
vn 0.503940 -0.863739 0.000000
vn 0.527466 -0.849576 0.000000
vn 0.550574 -0.834786 0.000000
vn 0.527466 -0.849576 0.000000
vn 0.550574 -0.834786 0.000000
vn 0.573278 -0.819361 0.000000
vn 0.595508 -0.803349 0.000000
vn 0.573278 -0.819361 0.000000
vn 0.617330 -0.786704 0.000000
vn 0.595508 -0.803349 0.000000
vn 0.617330 -0.786704 0.000000
vn 0.659567 -0.751646 0.000000
vn 0.638703 -0.769454 0.000000
vn 0.638703 -0.769454 0.000000
vn 0.659567 -0.751646 0.000000
vn 0.679935 -0.733272 0.000000
vn 0.679935 -0.733272 0.000000
vn 0.699779 -0.714360 0.000000
vn 0.719151 -0.694854 0.000000
vn 0.699779 -0.714360 0.000000
vn 0.719151 -0.694854 0.000000
vn 0.737887 -0.674924 0.000000
vn 0.756161 -0.654385 0.000000
vn 0.737887 -0.674924 0.000000
vn 0.756161 -0.654385 0.000000
vn 0.773834 -0.633388 0.000000
vn 0.790926 -0.611912 0.000000
vn 0.773834 -0.633388 0.000000
vn 0.790926 -0.611912 0.000000
vn 0.807402 -0.590001 0.000000
vn 0.823259 -0.567666 0.000000
vn 0.807402 -0.590001 0.000000
vn 0.823259 -0.567666 0.000000
vn 0.838554 -0.544819 0.000000
vn 0.838554 -0.544819 0.000000
vn 0.853189 -0.521601 0.000000
vn 0.853189 -0.521601 0.000000
vn 0.867163 -0.498024 0.000000
vn 0.867163 -0.498024 0.000000
vn 0.880501 -0.474045 0.000000
vn 0.880501 -0.474045 0.000000
vn 0.893172 -0.449715 0.000000
vn 0.905178 -0.425034 0.000000
vn 0.893172 -0.449715 0.000000
vn 0.905178 -0.425034 0.000000
vn 0.916509 -0.400015 0.000000
vn 0.916509 -0.400015 0.000000
vn 0.927116 -0.374774 0.000000
vn 0.927116 -0.374774 0.000000
vn 0.937054 -0.349184 0.000000
vn 0.937054 -0.349184 0.000000
vn 0.946286 -0.323331 0.000000
vn 0.946286 -0.323331 0.000000
vn 0.954797 -0.297260 0.000000
vn 0.954797 -0.297260 0.000000
vn 0.962603 -0.270918 0.000000
vn 0.962603 -0.270918 0.000000
vn 0.969668 -0.244424 0.000000
vn 0.969668 -0.244424 0.000000
vn 0.976008 -0.217733 0.000000
vn 0.976008 -0.217733 0.000000
vn 0.981610 -0.190896 0.000000
vn 0.981610 -0.190896 0.000000
vn 0.990606 -0.136743 0.000000
vn 0.986473 -0.163923 0.000000
vn 0.986473 -0.163923 0.000000
vn 0.990606 -0.136743 0.000000
vn 0.993988 -0.109493 0.000000
vn 0.996613 -0.082240 0.000000
vn 0.993988 -0.109493 0.000000
vn 0.996613 -0.082240 0.000000
vn 0.998495 -0.054850 0.000000
vn 0.999623 -0.027459 0.000000
vn 0.998495 -0.054850 0.000000
vn 0.999623 -0.027459 0.000000
vn 1.000000 0.000000 0.000000
vn 1.000000 0.000000 0.000000
vn 0.999623 0.027459 0.000000
vn 0.998495 0.054850 -0.000000
vn 0.999623 0.027459 -0.000000
vn 0.998495 0.054850 -0.000000
vn 0.996613 0.082240 0.000000
vn 0.996613 0.082240 -0.000000
vn 0.993988 0.109493 0.000000
vn 0.993988 0.109493 -0.000000
vn 0.986473 0.163923 -0.000000
vn 0.990606 0.136743 -0.000000
vn 0.990606 0.136743 0.000000
vn 0.986473 0.163923 -0.000000
vn 0.976008 0.217733 -0.000000
vn 0.981610 0.190896 -0.000000
vn 0.981610 0.190896 0.000000
vn 0.976008 0.217733 -0.000000
vn 0.962603 0.270918 -0.000000
vn 0.969668 0.244424 -0.000000
vn 0.969668 0.244424 0.000000
vn 0.962603 0.270918 -0.000000
vn 0.946286 0.323331 -0.000000
vn 0.954797 0.297260 -0.000000
vn 0.954797 0.297260 0.000000
vn 0.937054 0.349184 -0.000000
vn 0.946286 0.323331 -0.000000
vn 0.937054 0.349184 -0.000000
vn 0.927116 0.374774 -0.000000
vn 0.927116 0.374774 0.000000
vn 0.905178 0.425034 -0.000000
vn 0.916509 0.400015 -0.000000
vn 0.916509 0.400015 0.000000
vn 0.905178 0.425034 -0.000000
vn 0.880501 0.474045 -0.000000
vn 0.893172 0.449715 -0.000000
vn 0.893172 0.449715 0.000000
vn 0.867163 0.498024 -0.000000
vn 0.880501 0.474045 -0.000000
vn 0.867163 0.498024 -0.000000
vn 0.853189 0.521601 -0.000000
vn 0.853189 0.521601 0.000000
vn 0.823259 0.567666 -0.000000
vn 0.838554 0.544819 -0.000000
vn 0.838554 0.544819 0.000000
vn 0.823259 0.567666 -0.000000
vn 0.807402 0.590001 0.000000
vn 0.807402 0.590001 -0.000000
vn 0.790926 0.611912 0.000000
vn 0.790926 0.611912 -0.000000
vn 0.773834 0.633388 -0.000000
vn 0.773834 0.633388 0.000000
vn 0.756161 0.654385 -0.000000
vn 0.756161 0.654385 0.000000
vn 0.737887 0.674924 0.000000
vn 0.737887 0.674924 -0.000000
vn 0.699779 0.714360 -0.000000
vn 0.719151 0.694854 -0.000000
vn 0.719151 0.694854 0.000000
vn 0.699779 0.714360 -0.000000
vn 0.659567 0.751646 -0.000000
vn 0.679935 0.733272 -0.000000
vn 0.679935 0.733272 0.000000
vn 0.659567 0.751646 -0.000000
vn 0.638703 0.769454 -0.000000
vn 0.638703 0.769454 0.000000
vn 0.595508 0.803349 -0.000000
vn 0.617330 0.786704 -0.000000
vn 0.617330 0.786704 0.000000
vn 0.595508 0.803349 -0.000000
vn 0.573278 0.819361 -0.000000
vn 0.573278 0.819361 0.000000
vn 0.550574 0.834786 -0.000000
vn 0.550574 0.834786 0.000000
vn 0.503940 0.863739 -0.000000
vn 0.527466 0.849576 -0.000000
vn 0.527466 0.849576 0.000000
vn 0.503940 0.863739 -0.000000
vn 0.480095 0.877217 -0.000000
vn 0.480095 0.877217 0.000000
vn 0.455799 0.890083 -0.000000
vn 0.455799 0.890083 0.000000
vn 0.431251 0.902232 -0.000000
vn 0.431251 0.902232 0.000000
vn 0.406311 0.913735 -0.000000
vn 0.406311 0.913735 0.000000
vn 0.381103 0.924533 0.000000
vn 0.381103 0.924533 -0.000000
vn 0.355576 0.934647 0.000000
vn 0.355576 0.934647 -0.000000
vn 0.329830 0.944040 -0.000000
vn 0.329830 0.944040 0.000000
vn 0.303792 0.952738 0.000000
vn 0.303792 0.952738 -0.000000
vn 0.277543 0.960713 0.000000
vn 0.277543 0.960713 -0.000000
vn 0.251065 0.967970 0.000000
vn 0.251065 0.967970 -0.000000
vn 0.224451 0.974485 0.000000
vn 0.224451 0.974485 -0.000000
vn 0.197607 0.980281 0.000000
vn 0.197607 0.980281 -0.000000
vn 0.170647 0.985332 0.000000
vn 0.170647 0.985332 -0.000000
vn 0.143552 0.989643 0.000000
vn 0.143552 0.989643 -0.000000
vn 0.116339 0.993210 0.000000
vn 0.116339 0.993210 -0.000000
vn 0.089056 0.996027 0.000000
vn 0.089056 0.996027 -0.000000
vn 0.061694 0.998095 0.000000
vn 0.061694 0.998095 -0.000000
vn 0.034290 0.999412 0.000000
vn 0.034290 0.999412 -0.000000
vn 0.006865 0.999976 0.000000
vn 0.006865 0.999976 -0.000000
vn -0.020577 0.999788 0.000000
vn -0.020577 0.999788 0.000000
vn -0.048003 0.998847 0.000000
vn -0.048003 0.998847 0.000000
vn -0.075374 0.997155 0.000000
vn -0.075374 0.997155 0.000000
vn -0.102718 0.994711 0.000000
vn -0.129962 0.991519 0.000000
vn -0.102718 0.994711 0.000000
vn -0.129962 0.991519 0.000000
vn -0.157112 0.987581 0.000000
vn -0.157112 0.987581 0.000000
vn -0.184133 0.982901 0.000000
vn -0.184133 0.982901 0.000000
vn -0.211036 0.977478 0.000000
vn -0.237789 0.971317 0.000000
vn -0.211036 0.977478 0.000000
vn -0.237789 0.971317 0.000000
vn -0.264344 0.964429 0.000000
vn -0.264344 0.964429 0.000000
vn -0.290701 0.956814 0.000000
vn -0.290701 0.956814 0.000000
vn -0.342752 0.939426 0.000000
vn -0.316822 0.948485 0.000000
vn -0.316822 0.948485 0.000000
vn -0.342752 0.939426 0.000000
vn -0.368380 0.929675 0.000000
vn -0.393728 0.919227 0.000000
vn -0.368380 0.929675 0.000000
vn -0.393728 0.919227 0.000000
vn -0.418837 0.908062 0.000000
vn -0.443539 0.896255 0.000000
vn -0.418837 0.908062 0.000000
vn -0.443539 0.896255 0.000000
vn -0.468003 0.883727 0.000000
vn -0.468003 0.883727 0.000000
vn -0.492046 0.870569 0.000000
vn -0.492046 0.870569 0.000000
vn -0.515783 0.856719 0.000000
vn -0.515783 0.856719 0.000000
vn -0.539054 0.842271 0.000000
vn -0.539054 0.842271 0.000000
vn -0.561950 0.827171 0.000000
vn -0.561950 0.827171 0.000000
vn -0.584461 0.811422 0.000000
vn -0.584461 0.811422 0.000000
vn -0.606498 0.795085 0.000000
vn -0.606498 0.795085 0.000000
vn -0.628085 0.778145 0.000000
vn -0.628085 0.778145 0.000000
vn -0.649173 0.760641 0.000000
vn -0.649173 0.760641 0.000000
vn -0.669813 0.742530 0.000000
vn -0.689923 0.723882 0.000000
vn -0.669813 0.742530 0.000000
vn -0.689923 0.723882 0.000000
vn -0.709544 0.704661 0.000000
vn -0.709544 0.704661 0.000000
vn -0.728581 0.684959 0.000000
vn -0.728581 0.684959 0.000000
vn -0.747129 0.664679 0.000000
vn -0.747129 0.664679 0.000000
vn -0.765034 0.643990 0.000000
vn -0.765034 0.643990 0.000000
vn -0.782467 0.622692 0.000000
vn -0.782467 0.622692 0.000000
vn -0.815420 0.578870 0.000000
vn -0.799211 0.601051 0.000000
vn -0.799211 0.601051 0.000000
vn -0.830990 0.556287 0.000000
vn -0.815420 0.578870 0.000000
vn -0.830990 0.556287 0.000000
vn -0.845940 0.533279 0.000000
vn -0.845940 0.533279 0.000000
vn -0.860262 0.509852 0.000000
vn -0.860262 0.509852 0.000000
vn -0.873918 0.486074 0.000000
vn -0.873918 0.486074 0.000000
vn -0.886912 0.461939 0.000000
vn -0.886912 0.461939 0.000000
vn -0.899261 0.437413 0.000000
vn -0.899261 0.437413 0.000000
vn -0.910945 0.412527 0.000000
vn -0.910945 0.412527 0.000000
vn -0.921901 0.387426 0.000000
vn -0.921901 0.387426 0.000000
vn -0.932160 0.362047 0.000000
vn -0.932160 0.362047 0.000000
vn -0.941769 0.336262 0.000000
vn -0.941769 0.336262 0.000000
vn -0.950629 0.310330 0.000000
vn -0.950629 0.310330 0.000000
vn -0.958789 0.284119 0.000000
vn -0.958789 0.284119 0.000000
vn -0.966223 0.257706 0.000000
vn -0.972935 0.231081 0.000000
vn -0.966223 0.257706 0.000000
vn -0.972935 0.231081 0.000000
vn -0.978891 0.204381 0.000000
vn -0.978891 0.204381 0.000000
vn -0.984137 0.177411 0.000000
vn -0.984137 0.177411 0.000000
vn -0.992383 0.123188 0.000000
vn -0.988641 0.150299 0.000000
vn -0.988641 0.150299 0.000000
vn -0.992383 0.123188 0.000000
vn -0.997648 0.068544 0.000000
vn -0.995394 0.095865 0.000000
vn -0.995394 0.095865 0.000000
vn -0.997648 0.068544 0.000000
vn -0.999153 0.041155 0.000000
vn -0.999153 0.041155 0.000000
vn -0.999906 0.013695 0.000000
vn -0.999906 0.013695 0.000000
vn 0.707107 0.707107 0.000000
vn 0.707107 0.707107 0.000000
vn 0.000000 1.000000 0.000000
vn 0.000000 1.000000 0.000000
vn -0.999907 -0.013643 0.000000
vn -0.999907 -0.013643 0.000000
vn -0.999151 -0.041190 0.000000
vn -0.999151 -0.041190 0.000000
vn -0.997647 -0.068562 0.000000
vn -0.997647 -0.068562 0.000000
vn -0.995396 -0.095851 0.000000
vn -0.995396 -0.095851 0.000000
vn -0.988635 -0.150333 0.000000
vn -0.992390 -0.123134 0.000000
vn -0.992390 -0.123134 0.000000
vn -0.988635 -0.150333 0.000000
vn -0.984131 -0.177444 0.000000
vn -0.984131 -0.177444 0.000000
vn -0.978909 -0.204298 0.000000
vn -0.978909 -0.204298 0.000000
vn -0.972919 -0.231146 0.000000
vn -0.972919 -0.231146 0.000000
vn -0.966236 -0.257657 0.000000
vn -0.966236 -0.257657 0.000000
vn -0.958779 -0.284153 0.000000
vn -0.950633 -0.310317 0.000000
vn -0.958779 -0.284153 0.000000
vn -0.950633 -0.310317 0.000000
vn -0.941757 -0.336295 0.000000
vn -0.941757 -0.336295 0.000000
vn -0.932175 -0.362008 0.000000
vn -0.932175 -0.362008 0.000000
vn -0.921913 -0.387396 0.000000
vn -0.910915 -0.412595 0.000000
vn -0.921913 -0.387396 0.000000
vn -0.910915 -0.412595 0.000000
vn -0.899249 -0.437437 0.000000
vn -0.899249 -0.437437 0.000000
vn -0.886946 -0.461874 0.000000
vn -0.886946 -0.461874 0.000000
vn -0.873907 -0.486093 0.000000
vn -0.873907 -0.486093 0.000000
vn -0.860268 -0.509843 0.000000
vn -0.860268 -0.509843 0.000000
vn -0.830979 -0.556303 0.000000
vn -0.845931 -0.533293 0.000000
vn -0.845931 -0.533293 0.000000
vn -0.830979 -0.556303 0.000000
vn -0.815436 -0.578848 0.000000
vn -0.815436 -0.578848 0.000000
vn -0.799212 -0.601049 0.000000
vn -0.799212 -0.601049 0.000000
vn -0.765087 -0.643927 0.000000
vn -0.782443 -0.622722 0.000000
vn -0.782443 -0.622722 0.000000
vn -0.765087 -0.643927 0.000000
vn -0.728603 -0.684936 0.000000
vn -0.747074 -0.664741 0.000000
vn -0.747074 -0.664741 0.000000
vn -0.728603 -0.684936 0.000000
vn -0.689936 -0.723870 0.000000
vn -0.709547 -0.704659 0.000000
vn -0.709547 -0.704659 0.000000
vn -0.689936 -0.723870 0.000000
vn -0.669804 -0.742537 0.000000
vn -0.669804 -0.742537 0.000000
vn -0.649183 -0.760632 0.000000
vn -0.649183 -0.760632 0.000000
vn -0.606487 -0.795093 0.000000
vn -0.628067 -0.778159 0.000000
vn -0.628067 -0.778159 0.000000
vn -0.606487 -0.795093 0.000000
vn -0.584441 -0.811436 0.000000
vn -0.561999 -0.827138 0.000000
vn -0.584441 -0.811436 0.000000
vn -0.561999 -0.827138 0.000000
vn -0.539052 -0.842272 0.000000
vn -0.539052 -0.842272 0.000000
vn -0.515748 -0.856741 0.000000
vn -0.515748 -0.856741 0.000000
vn -0.467982 -0.883738 0.000000
vn -0.492067 -0.870557 0.000000
vn -0.492067 -0.870557 0.000000
vn -0.467982 -0.883738 0.000000
vn -0.418820 -0.908069 0.000000
vn -0.443560 -0.896245 0.000000
vn -0.443560 -0.896245 0.000000
vn -0.418820 -0.908069 0.000000
vn -0.393741 -0.919221 0.000000
vn -0.393741 -0.919221 0.000000
vn -0.342739 -0.939431 0.000000
vn -0.368396 -0.929669 0.000000
vn -0.368396 -0.929669 0.000000
vn -0.342739 -0.939431 0.000000
vn -0.316827 -0.948483 0.000000
vn -0.316827 -0.948483 0.000000
vn -0.290690 -0.956817 0.000000
vn -0.290690 -0.956817 0.000000
vn -0.237769 -0.971322 0.000000
vn -0.264353 -0.964426 0.000000
vn -0.264353 -0.964426 0.000000
vn -0.237769 -0.971322 0.000000
vn -0.184157 -0.982897 0.000000
vn -0.211042 -0.977477 0.000000
vn -0.211042 -0.977477 0.000000
vn -0.184157 -0.982897 0.000000
vn -0.157109 -0.987581 0.000000
vn -0.157109 -0.987581 0.000000
vn -0.129958 -0.991520 0.000000
vn -0.129958 -0.991520 0.000000
vn -0.075384 -0.997155 0.000000
vn -0.102712 -0.994711 0.000000
vn -0.102712 -0.994711 0.000000
vn -0.075384 -0.997155 0.000000
vn -0.047987 -0.998848 0.000000
vn -0.047987 -0.998848 0.000000
vn -0.020574 -0.999788 0.000000
vn -0.020574 -0.999788 0.000000
vn 0.006865 -0.999976 0.000000
vn 0.006865 -0.999976 0.000000
vn 0.034281 -0.999412 0.000000
vn 0.061697 -0.998095 0.000000
vn 0.034281 -0.999412 0.000000
vn 0.061697 -0.998095 0.000000
vn 0.089049 -0.996027 0.000000
vn 0.089049 -0.996027 0.000000
vn 0.116352 -0.993208 0.000000
vn 0.143529 -0.989646 0.000000
vn 0.116352 -0.993208 0.000000
vn 0.143529 -0.989646 0.000000
vn 0.170660 -0.985330 0.000000
vn 0.170660 -0.985330 0.000000
vn 0.197624 -0.980278 0.000000
vn 0.197624 -0.980278 0.000000
vn 0.224399 -0.974497 0.000000
vn 0.224399 -0.974497 0.000000
vn 0.251093 -0.967963 0.000000
vn 0.251093 -0.967963 0.000000
vn 0.277546 -0.960712 0.000000
vn 0.303792 -0.952738 0.000000
vn 0.277546 -0.960712 0.000000
vn 0.303792 -0.952738 0.000000
vn 0.329816 -0.944045 0.000000
vn 0.329816 -0.944045 0.000000
vn 0.355576 -0.934647 0.000000
vn 0.355576 -0.934647 0.000000
vn 0.381120 -0.924525 0.000000
vn 0.381120 -0.924525 0.000000
vn 0.406314 -0.913734 0.000000
vn 0.406314 -0.913734 0.000000
vn 0.431223 -0.902245 0.000000
vn 0.431223 -0.902245 0.000000
vn 0.455848 -0.890058 0.000000
vn 0.455848 -0.890058 0.000000
vn 0.480066 -0.877232 0.000000
vn 0.480066 -0.877232 0.000000
vn 0.503947 -0.863735 0.000000
vn 0.503947 -0.863735 0.000000
vn 0.527442 -0.849591 0.000000
vn 0.527442 -0.849591 0.000000
vn 0.550602 -0.834768 0.000000
vn 0.550602 -0.834768 0.000000
vn 0.573270 -0.819367 0.000000
vn 0.573270 -0.819367 0.000000
vn 0.595500 -0.803356 0.000000
vn 0.595500 -0.803356 0.000000
vn 0.617347 -0.786691 0.000000
vn 0.617347 -0.786691 0.000000
vn 0.638687 -0.769466 0.000000
vn 0.638687 -0.769466 0.000000
vn 0.659550 -0.751661 0.000000
vn 0.659550 -0.751661 0.000000
vn 0.699770 -0.714368 0.000000
vn 0.679948 -0.733261 0.000000
vn 0.679948 -0.733261 0.000000
vn 0.699770 -0.714368 0.000000
vn 0.719157 -0.694847 0.000000
vn 0.719157 -0.694847 0.000000
vn 0.737937 -0.674869 0.000000
vn 0.737937 -0.674869 0.000000
vn 0.756141 -0.654409 0.000000
vn 0.756141 -0.654409 0.000000
vn 0.773826 -0.633399 0.000000
vn 0.790905 -0.611938 0.000000
vn 0.773826 -0.633399 0.000000
vn 0.790905 -0.611938 0.000000
vn 0.807381 -0.590030 0.000000
vn 0.807381 -0.590030 0.000000
vn 0.823293 -0.567617 0.000000
vn 0.823293 -0.567617 0.000000
vn 0.838576 -0.544784 0.000000
vn 0.838576 -0.544784 0.000000
vn 0.853167 -0.521637 0.000000
vn 0.853167 -0.521637 0.000000
vn 0.867166 -0.498019 0.000000
vn 0.867166 -0.498019 0.000000
vn 0.880511 -0.474026 0.000000
vn 0.893146 -0.449766 0.000000
vn 0.880511 -0.474026 0.000000
vn 0.893146 -0.449766 0.000000
vn 0.905183 -0.425023 0.000000
vn 0.905183 -0.425023 0.000000
vn 0.916514 -0.400002 0.000000
vn 0.916514 -0.400002 0.000000
vn 0.927113 -0.374782 0.000000
vn 0.927113 -0.374782 0.000000
vn 0.937065 -0.349156 0.000000
vn 0.937065 -0.349156 0.000000
vn 0.946280 -0.323349 0.000000
vn 0.946280 -0.323349 0.000000
vn 0.962618 -0.270863 0.000000
vn 0.954791 -0.297278 0.000000
vn 0.954791 -0.297278 0.000000
vn 0.962618 -0.270863 0.000000
vn 0.976002 -0.217763 0.000000
vn 0.969663 -0.244447 0.000000
vn 0.969663 -0.244447 0.000000
vn 0.981607 -0.190912 0.000000
vn 0.976002 -0.217763 0.000000
vn 0.981607 -0.190912 0.000000
vn 0.986478 -0.163892 0.000000
vn 0.986478 -0.163892 0.000000
vn 0.990614 -0.136690 0.000000
vn 0.990614 -0.136690 0.000000
vn 0.993978 -0.109578 0.000000
vn 0.993978 -0.109578 0.000000
vn 0.996615 -0.082206 0.000000
vn 0.998496 -0.054832 0.000000
vn 0.996615 -0.082206 0.000000
vn 0.998496 -0.054832 0.000000
vn 0.999623 -0.027460 0.000000
vn 0.999623 -0.027460 0.000000
vn 1.000000 0.000000 0.000000
vn 0.999623 0.027460 -0.000000
vn 1.000000 0.000000 0.000000
vn 0.999623 0.027460 -0.000000
vn 0.998496 0.054832 0.000000
vn 0.998496 0.054832 -0.000000
vn 0.996615 0.082206 0.000000
vn 0.993978 0.109578 -0.000000
vn 0.996615 0.082206 -0.000000
vn 0.993978 0.109578 -0.000000
vn 0.990614 0.136690 0.000000
vn 0.986478 0.163892 -0.000000
vn 0.990614 0.136690 -0.000000
vn 0.986478 0.163892 -0.000000
vn 0.976002 0.217763 -0.000000
vn 0.981607 0.190912 -0.000000
vn 0.981607 0.190912 0.000000
vn 0.969663 0.244447 -0.000000
vn 0.976002 0.217763 -0.000000
vn 0.962618 0.270863 -0.000000
vn 0.969663 0.244447 -0.000000
vn 0.954791 0.297278 -0.000000
vn 0.962618 0.270863 -0.000000
vn 0.954791 0.297278 -0.000000
vn 0.946280 0.323349 -0.000000
vn 0.946280 0.323349 0.000000
vn 0.937065 0.349156 -0.000000
vn 0.937065 0.349156 0.000000
vn 0.916514 0.400002 -0.000000
vn 0.927113 0.374782 -0.000000
vn 0.927113 0.374782 0.000000
vn 0.916514 0.400002 -0.000000
vn 0.893146 0.449766 -0.000000
vn 0.905183 0.425023 -0.000000
vn 0.905183 0.425023 0.000000
vn 0.893146 0.449766 -0.000000
vn 0.867166 0.498019 -0.000000
vn 0.880511 0.474026 -0.000000
vn 0.880511 0.474026 0.000000
vn 0.853167 0.521637 -0.000000
vn 0.867166 0.498019 -0.000000
vn 0.853167 0.521637 -0.000000
vn 0.838576 0.544784 0.000000
vn 0.823293 0.567617 -0.000000
vn 0.838576 0.544784 -0.000000
vn 0.823293 0.567617 -0.000000
vn 0.807381 0.590030 0.000000
vn 0.790905 0.611938 -0.000000
vn 0.807381 0.590030 -0.000000
vn 0.790905 0.611938 -0.000000
vn 0.773826 0.633399 0.000000
vn 0.773826 0.633399 -0.000000
vn 0.756141 0.654409 -0.000000
vn 0.756141 0.654409 0.000000
vn 0.719157 0.694847 -0.000000
vn 0.737937 0.674869 -0.000000
vn 0.737937 0.674869 0.000000
vn 0.719157 0.694847 -0.000000
vn 0.679948 0.733261 -0.000000
vn 0.699770 0.714368 -0.000000
vn 0.699770 0.714368 0.000000
vn 0.659550 0.751661 -0.000000
vn 0.679948 0.733261 -0.000000
vn 0.659550 0.751661 -0.000000
vn 0.617347 0.786691 -0.000000
vn 0.638687 0.769466 -0.000000
vn 0.638687 0.769466 0.000000
vn 0.617347 0.786691 -0.000000
vn 0.595500 0.803356 -0.000000
vn 0.595500 0.803356 0.000000
vn 0.550602 0.834768 -0.000000
vn 0.573270 0.819367 -0.000000
vn 0.573270 0.819367 0.000000
vn 0.527442 0.849591 -0.000000
vn 0.550602 0.834768 -0.000000
vn 0.527442 0.849591 -0.000000
vn 0.480066 0.877232 -0.000000
vn 0.503947 0.863735 -0.000000
vn 0.503947 0.863735 0.000000
vn 0.480066 0.877232 -0.000000
vn 0.431223 0.902245 -0.000000
vn 0.455848 0.890058 -0.000000
vn 0.455848 0.890058 0.000000
vn 0.431223 0.902245 -0.000000
vn 0.381120 0.924525 -0.000000
vn 0.406314 0.913734 -0.000000
vn 0.406314 0.913734 0.000000
vn 0.381120 0.924525 -0.000000
vn 0.355576 0.934647 0.000000
vn 0.329816 0.944045 -0.000000
vn 0.355576 0.934647 -0.000000
vn 0.329816 0.944045 -0.000000
vn 0.303792 0.952738 -0.000000
vn 0.303792 0.952738 -0.000000
vn 0.277546 0.960712 0.000000
vn 0.251093 0.967963 -0.000000
vn 0.277546 0.960712 -0.000000
vn 0.251093 0.967963 -0.000000
vn 0.224399 0.974497 0.000000
vn 0.197624 0.980278 -0.000000
vn 0.224399 0.974497 -0.000000
vn 0.197624 0.980278 -0.000000
vn 0.170660 0.985330 0.000000
vn 0.143529 0.989646 -0.000000
vn 0.170660 0.985330 -0.000000
vn 0.143529 0.989646 -0.000000
vn 0.116352 0.993208 0.000000
vn 0.089049 0.996027 -0.000000
vn 0.116352 0.993208 -0.000000
vn 0.089049 0.996027 -0.000000
vn 0.061697 0.998095 -0.000000
vn 0.061697 0.998095 -0.000000
vn 0.034281 0.999412 0.000000
vn 0.006865 0.999976 -0.000000
vn 0.034281 0.999412 -0.000000
vn 0.006865 0.999976 -0.000000
vn -0.020574 0.999788 0.000000
vn -0.047987 0.998848 0.000000
vn -0.020574 0.999788 0.000000
vn -0.047987 0.998848 0.000000
vn -0.075384 0.997155 0.000000
vn -0.102712 0.994711 0.000000
vn -0.075384 0.997155 0.000000
vn -0.102712 0.994711 0.000000
vn -0.129958 0.991520 0.000000
vn -0.157109 0.987581 0.000000
vn -0.129958 0.991520 0.000000
vn -0.157109 0.987581 0.000000
vn -0.184157 0.982897 0.000000
vn -0.184157 0.982897 0.000000
vn -0.211042 0.977477 0.000000
vn -0.237769 0.971322 0.000000
vn -0.211042 0.977477 0.000000
vn -0.237769 0.971322 0.000000
vn -0.290690 0.956817 0.000000
vn -0.264353 0.964426 0.000000
vn -0.264353 0.964426 0.000000
vn -0.316827 0.948483 0.000000
vn -0.290690 0.956817 0.000000
vn -0.316827 0.948483 0.000000
vn -0.342739 0.939431 0.000000
vn -0.342739 0.939431 0.000000
vn -0.368396 0.929669 0.000000
vn -0.368396 0.929669 0.000000
vn -0.393741 0.919221 0.000000
vn -0.393741 0.919221 0.000000
vn -0.418820 0.908069 0.000000
vn -0.418820 0.908069 0.000000
vn -0.443560 0.896245 0.000000
vn -0.467982 0.883738 0.000000
vn -0.443560 0.896245 0.000000
vn -0.467982 0.883738 0.000000
vn -0.492067 0.870557 0.000000
vn -0.515748 0.856741 0.000000
vn -0.492067 0.870557 0.000000
vn -0.515748 0.856741 0.000000
vn -0.539052 0.842272 0.000000
vn -0.539052 0.842272 0.000000
vn -0.561999 0.827138 0.000000
vn -0.584441 0.811436 0.000000
vn -0.561999 0.827138 0.000000
vn -0.584441 0.811436 0.000000
vn -0.606487 0.795093 0.000000
vn -0.628067 0.778159 0.000000
vn -0.606487 0.795093 0.000000
vn -0.628067 0.778159 0.000000
vn -0.649183 0.760632 0.000000
vn -0.669804 0.742537 0.000000
vn -0.649183 0.760632 0.000000
vn -0.669804 0.742537 0.000000
vn -0.689936 0.723870 0.000000
vn -0.689936 0.723870 0.000000
vn -0.728603 0.684936 0.000000
vn -0.709547 0.704659 0.000000
vn -0.709547 0.704659 0.000000
vn -0.728603 0.684936 0.000000
vn -0.747074 0.664741 0.000000
vn -0.747074 0.664741 0.000000
vn -0.765087 0.643927 0.000000
vn -0.765087 0.643927 0.000000
vn -0.799212 0.601049 0.000000
vn -0.782443 0.622722 0.000000
vn -0.782443 0.622722 0.000000
vn -0.799212 0.601049 0.000000
vn -0.815436 0.578848 0.000000
vn -0.815436 0.578848 0.000000
vn -0.845931 0.533293 0.000000
vn -0.830979 0.556303 0.000000
vn -0.830979 0.556303 0.000000
vn -0.845931 0.533293 0.000000
vn -0.873907 0.486093 0.000000
vn -0.860268 0.509843 0.000000
vn -0.860268 0.509843 0.000000
vn -0.873907 0.486093 0.000000
vn -0.899249 0.437437 0.000000
vn -0.886946 0.461874 0.000000
vn -0.886946 0.461874 0.000000
vn -0.899249 0.437437 0.000000
vn -0.910915 0.412595 0.000000
vn -0.910915 0.412595 0.000000
vn -0.921913 0.387396 0.000000
vn -0.932175 0.362008 0.000000
vn -0.921913 0.387396 0.000000
vn -0.932175 0.362008 0.000000
vn -0.941757 0.336295 0.000000
vn -0.941757 0.336295 0.000000
vn -0.950633 0.310317 0.000000
vn -0.950633 0.310317 0.000000
vn -0.958779 0.284153 0.000000
vn -0.958779 0.284153 0.000000
vn -0.966236 0.257657 0.000000
vn -0.966236 0.257657 0.000000
vn -0.972919 0.231146 0.000000
vn -0.972919 0.231146 0.000000
vn -0.978909 0.204298 0.000000
vn -0.984131 0.177444 0.000000
vn -0.978909 0.204298 0.000000
vn -0.984131 0.177444 0.000000
vn -0.988635 0.150333 0.000000
vn -0.988635 0.150333 0.000000
vn -0.992390 0.123134 0.000000
vn -0.992390 0.123134 0.000000
vn -0.995396 0.095851 0.000000
vn -0.995396 0.095851 0.000000
vn -0.999151 0.041190 0.000000
vn -0.997647 0.068562 0.000000
vn -0.997647 0.068562 0.000000
vn -0.999151 0.041190 0.000000
vn -0.999907 0.013643 0.000000
vn -0.999907 0.013643 0.000000
vn -0.999907 -0.013643 0.000000
vn -0.999907 -0.013643 0.000000
vn -0.999151 -0.041190 0.000000
vn -0.999151 -0.041190 0.000000
vn -0.997647 -0.068562 0.000000
vn -0.997647 -0.068562 0.000000
vn -0.995396 -0.095851 0.000000
vn -0.995396 -0.095851 0.000000
vn -0.988635 -0.150333 0.000000
vn -0.992390 -0.123134 0.000000
vn -0.992390 -0.123134 0.000000
vn -0.988635 -0.150333 0.000000
vn -0.984131 -0.177444 0.000000
vn -0.984131 -0.177444 0.000000
vn -0.978909 -0.204298 0.000000
vn -0.978909 -0.204298 0.000000
vn -0.972919 -0.231146 0.000000
vn -0.972919 -0.231146 0.000000
vn -0.966236 -0.257657 0.000000
vn -0.966236 -0.257657 0.000000
vn -0.958779 -0.284153 0.000000
vn -0.950633 -0.310317 0.000000
vn -0.958779 -0.284153 0.000000
vn -0.950633 -0.310317 0.000000
vn -0.941757 -0.336295 0.000000
vn -0.941757 -0.336295 0.000000
vn -0.932175 -0.362008 0.000000
vn -0.932175 -0.362008 0.000000
vn -0.921913 -0.387396 0.000000
vn -0.910915 -0.412595 0.000000
vn -0.921913 -0.387396 0.000000
vn -0.910915 -0.412595 0.000000
vn -0.899249 -0.437437 0.000000
vn -0.899249 -0.437437 0.000000
vn -0.886946 -0.461874 0.000000
vn -0.886946 -0.461874 0.000000
vn -0.873907 -0.486093 0.000000
vn -0.873907 -0.486093 0.000000
vn -0.860268 -0.509843 0.000000
vn -0.860268 -0.509843 0.000000
vn -0.830979 -0.556303 0.000000
vn -0.845931 -0.533293 0.000000
vn -0.845931 -0.533293 0.000000
vn -0.830979 -0.556303 0.000000
vn -0.815436 -0.578848 0.000000
vn -0.815436 -0.578848 0.000000
vn -0.799212 -0.601049 0.000000
vn -0.799212 -0.601049 0.000000
vn -0.765087 -0.643927 0.000000
vn -0.782443 -0.622722 0.000000
vn -0.782443 -0.622722 0.000000
vn -0.765087 -0.643927 0.000000
vn -0.728603 -0.684936 0.000000
vn -0.747074 -0.664741 0.000000
vn -0.747074 -0.664741 0.000000
vn -0.728603 -0.684936 0.000000
vn -0.689936 -0.723870 0.000000
vn -0.709547 -0.704659 0.000000
vn -0.709547 -0.704659 0.000000
vn -0.689936 -0.723870 0.000000
vn -0.669804 -0.742537 0.000000
vn -0.669804 -0.742537 0.000000
vn -0.649183 -0.760632 0.000000
vn -0.649183 -0.760632 0.000000
vn -0.606487 -0.795093 0.000000
vn -0.628067 -0.778159 0.000000
vn -0.628067 -0.778159 0.000000
vn -0.606487 -0.795093 0.000000
vn -0.584441 -0.811436 0.000000
vn -0.561999 -0.827138 0.000000
vn -0.584441 -0.811436 0.000000
vn -0.561999 -0.827138 0.000000
vn -0.539052 -0.842272 0.000000
vn -0.539052 -0.842272 0.000000
vn -0.515748 -0.856741 0.000000
vn -0.515748 -0.856741 0.000000
vn -0.467982 -0.883738 0.000000
vn -0.492067 -0.870557 0.000000
vn -0.492067 -0.870557 0.000000
vn -0.467982 -0.883738 0.000000
vn -0.418820 -0.908069 0.000000
vn -0.443560 -0.896245 0.000000
vn -0.443560 -0.896245 0.000000
vn -0.418820 -0.908069 0.000000
vn -0.393741 -0.919221 0.000000
vn -0.393741 -0.919221 0.000000
vn -0.342739 -0.939431 0.000000
vn -0.368396 -0.929669 0.000000
vn -0.368396 -0.929669 0.000000
vn -0.342739 -0.939431 0.000000
vn -0.316827 -0.948483 0.000000
vn -0.316827 -0.948483 0.000000
vn -0.290690 -0.956817 0.000000
vn -0.290690 -0.956817 0.000000
vn -0.237769 -0.971322 0.000000
vn -0.264353 -0.964426 0.000000
vn -0.264353 -0.964426 0.000000
vn -0.237769 -0.971322 0.000000
vn -0.184157 -0.982897 0.000000
vn -0.211042 -0.977477 0.000000
vn -0.211042 -0.977477 0.000000
vn -0.184157 -0.982897 0.000000
vn -0.157109 -0.987581 0.000000
vn -0.157109 -0.987581 0.000000
vn -0.129958 -0.991520 0.000000
vn -0.129958 -0.991520 0.000000
vn -0.075384 -0.997155 0.000000
vn -0.102712 -0.994711 0.000000
vn -0.102712 -0.994711 0.000000
vn -0.075384 -0.997155 0.000000
vn -0.047987 -0.998848 0.000000
vn -0.047987 -0.998848 0.000000
vn -0.020574 -0.999788 0.000000
vn -0.020574 -0.999788 0.000000
vn 0.006865 -0.999976 0.000000
vn 0.006865 -0.999976 0.000000
vn 0.034281 -0.999412 0.000000
vn 0.061697 -0.998095 0.000000
vn 0.034281 -0.999412 0.000000
vn 0.061697 -0.998095 0.000000
vn 0.089049 -0.996027 0.000000
vn 0.089049 -0.996027 0.000000
vn 0.116352 -0.993208 0.000000
vn 0.143529 -0.989646 0.000000
vn 0.116352 -0.993208 0.000000
vn 0.143529 -0.989646 0.000000
vn 0.170660 -0.985330 0.000000
vn 0.170660 -0.985330 0.000000
vn 0.197624 -0.980278 0.000000
vn 0.197624 -0.980278 0.000000
vn 0.224399 -0.974497 0.000000
vn 0.224399 -0.974497 0.000000
vn 0.251093 -0.967963 0.000000
vn 0.251093 -0.967963 0.000000
vn 0.277546 -0.960712 0.000000
vn 0.303792 -0.952738 0.000000
vn 0.277546 -0.960712 0.000000
vn 0.303792 -0.952738 0.000000
vn 0.329816 -0.944045 0.000000
vn 0.329816 -0.944045 0.000000
vn 0.355576 -0.934647 0.000000
vn 0.355576 -0.934647 0.000000
vn 0.381120 -0.924525 0.000000
vn 0.381120 -0.924525 0.000000
vn 0.406314 -0.913734 0.000000
vn 0.406314 -0.913734 0.000000
vn 0.431223 -0.902245 0.000000
vn 0.431223 -0.902245 0.000000
vn 0.455848 -0.890058 0.000000
vn 0.455848 -0.890058 0.000000
vn 0.480066 -0.877232 0.000000
vn 0.480066 -0.877232 0.000000
vn 0.503947 -0.863735 0.000000
vn 0.503947 -0.863735 0.000000
vn 0.527442 -0.849591 0.000000
vn 0.527442 -0.849591 0.000000
vn 0.550602 -0.834768 0.000000
vn 0.550602 -0.834768 0.000000
vn 0.573270 -0.819367 0.000000
vn 0.573270 -0.819367 0.000000
vn 0.595500 -0.803356 0.000000
vn 0.595500 -0.803356 0.000000
vn 0.617347 -0.786691 0.000000
vn 0.617347 -0.786691 0.000000
vn 0.638687 -0.769466 0.000000
vn 0.638687 -0.769466 0.000000
vn 0.659550 -0.751661 0.000000
vn 0.659550 -0.751661 0.000000
vn 0.699770 -0.714368 0.000000
vn 0.679948 -0.733261 0.000000
vn 0.679948 -0.733261 0.000000
vn 0.699770 -0.714368 0.000000
vn 0.719157 -0.694847 0.000000
vn 0.719157 -0.694847 0.000000
vn 0.737937 -0.674869 0.000000
vn 0.737937 -0.674869 0.000000
vn 0.756141 -0.654409 0.000000
vn 0.756141 -0.654409 0.000000
vn 0.773826 -0.633399 0.000000
vn 0.790905 -0.611938 0.000000
vn 0.773826 -0.633399 0.000000
vn 0.790905 -0.611938 0.000000
vn 0.807381 -0.590030 0.000000
vn 0.807381 -0.590030 0.000000
vn 0.823293 -0.567617 0.000000
vn 0.823293 -0.567617 0.000000
vn 0.838576 -0.544784 0.000000
vn 0.838576 -0.544784 0.000000
vn 0.853167 -0.521637 0.000000
vn 0.853167 -0.521637 0.000000
vn 0.867166 -0.498019 0.000000
vn 0.867166 -0.498019 0.000000
vn 0.880511 -0.474026 0.000000
vn 0.893146 -0.449766 0.000000
vn 0.880511 -0.474026 0.000000
vn 0.893146 -0.449766 0.000000
vn 0.905183 -0.425023 0.000000
vn 0.905183 -0.425023 0.000000
vn 0.916514 -0.400002 0.000000
vn 0.916514 -0.400002 0.000000
vn 0.927113 -0.374782 0.000000
vn 0.927113 -0.374782 0.000000
vn 0.937065 -0.349156 0.000000
vn 0.937065 -0.349156 0.000000
vn 0.946280 -0.323349 0.000000
vn 0.946280 -0.323349 0.000000
vn 0.962618 -0.270863 0.000000
vn 0.954791 -0.297278 0.000000
vn 0.954791 -0.297278 0.000000
vn 0.962618 -0.270863 0.000000
vn 0.976002 -0.217763 0.000000
vn 0.969663 -0.244447 0.000000
vn 0.969663 -0.244447 0.000000
vn 0.981607 -0.190912 0.000000
vn 0.976002 -0.217763 0.000000
vn 0.981607 -0.190912 0.000000
vn 0.986478 -0.163892 0.000000
vn 0.986478 -0.163892 0.000000
vn 0.990614 -0.136690 0.000000
vn 0.990614 -0.136690 0.000000
vn 0.993978 -0.109578 0.000000
vn 0.993978 -0.109578 0.000000
vn 0.996615 -0.082206 0.000000
vn 0.998496 -0.054832 0.000000
vn 0.996615 -0.082206 0.000000
vn 0.998496 -0.054832 0.000000
vn 0.999623 -0.027460 0.000000
vn 0.999623 -0.027460 0.000000
vn 1.000000 0.000000 0.000000
vn 0.999623 0.027460 -0.000000
vn 1.000000 0.000000 0.000000
vn 0.999623 0.027460 -0.000000
vn 0.998496 0.054832 0.000000
vn 0.998496 0.054832 -0.000000
vn 0.996615 0.082206 0.000000
vn 0.993978 0.109578 -0.000000
vn 0.996615 0.082206 -0.000000
vn 0.993978 0.109578 -0.000000
vn 0.990614 0.136690 0.000000
vn 0.986478 0.163892 -0.000000
vn 0.990614 0.136690 -0.000000
vn 0.986478 0.163892 -0.000000
vn 0.976002 0.217763 -0.000000
vn 0.981607 0.190912 -0.000000
vn 0.981607 0.190912 0.000000
vn 0.969663 0.244447 -0.000000
vn 0.976002 0.217763 -0.000000
vn 0.962618 0.270863 -0.000000
vn 0.969663 0.244447 -0.000000
vn 0.954791 0.297278 -0.000000
vn 0.962618 0.270863 -0.000000
vn 0.954791 0.297278 -0.000000
vn 0.946280 0.323349 -0.000000
vn 0.946280 0.323349 0.000000
vn 0.937065 0.349156 -0.000000
vn 0.937065 0.349156 0.000000
vn 0.916514 0.400002 -0.000000
vn 0.927113 0.374782 -0.000000
vn 0.927113 0.374782 0.000000
vn 0.916514 0.400002 -0.000000
vn 0.893146 0.449766 -0.000000
vn 0.905183 0.425023 -0.000000
vn 0.905183 0.425023 0.000000
vn 0.893146 0.449766 -0.000000
vn 0.867166 0.498019 -0.000000
vn 0.880511 0.474026 -0.000000
vn 0.880511 0.474026 0.000000
vn 0.853167 0.521637 -0.000000
vn 0.867166 0.498019 -0.000000
vn 0.853167 0.521637 -0.000000
vn 0.838576 0.544784 0.000000
vn 0.823293 0.567617 -0.000000
vn 0.838576 0.544784 -0.000000
vn 0.823293 0.567617 -0.000000
vn 0.807381 0.590030 0.000000
vn 0.790905 0.611938 -0.000000
vn 0.807381 0.590030 -0.000000
vn 0.790905 0.611938 -0.000000
vn 0.773826 0.633399 0.000000
vn 0.773826 0.633399 -0.000000
vn 0.756141 0.654409 -0.000000
vn 0.756141 0.654409 0.000000
vn 0.719157 0.694847 -0.000000
vn 0.737937 0.674869 -0.000000
vn 0.737937 0.674869 0.000000
vn 0.719157 0.694847 -0.000000
vn 0.679948 0.733261 -0.000000
vn 0.699770 0.714368 -0.000000
vn 0.699770 0.714368 0.000000
vn 0.659550 0.751661 -0.000000
vn 0.679948 0.733261 -0.000000
vn 0.659550 0.751661 -0.000000
vn 0.617347 0.786691 -0.000000
vn 0.638687 0.769466 -0.000000
vn 0.638687 0.769466 0.000000
vn 0.617347 0.786691 -0.000000
vn 0.595500 0.803356 -0.000000
vn 0.595500 0.803356 0.000000
vn 0.550602 0.834768 -0.000000
vn 0.573270 0.819367 -0.000000
vn 0.573270 0.819367 0.000000
vn 0.527442 0.849591 -0.000000
vn 0.550602 0.834768 -0.000000
vn 0.527442 0.849591 -0.000000
vn 0.480066 0.877232 -0.000000
vn 0.503947 0.863735 -0.000000
vn 0.503947 0.863735 0.000000
vn 0.480066 0.877232 -0.000000
vn 0.431223 0.902245 -0.000000
vn 0.455848 0.890058 -0.000000
vn 0.455848 0.890058 0.000000
vn 0.431223 0.902245 -0.000000
vn 0.381120 0.924525 -0.000000
vn 0.406314 0.913734 -0.000000
vn 0.406314 0.913734 0.000000
vn 0.381120 0.924525 -0.000000
vn 0.355576 0.934647 0.000000
vn 0.329816 0.944045 -0.000000
vn 0.355576 0.934647 -0.000000
vn 0.329816 0.944045 -0.000000
vn 0.303792 0.952738 -0.000000
vn 0.303792 0.952738 -0.000000
vn 0.277546 0.960712 0.000000
vn 0.251093 0.967963 -0.000000
vn 0.277546 0.960712 -0.000000
vn 0.251093 0.967963 -0.000000
vn 0.224399 0.974497 0.000000
vn 0.197624 0.980278 -0.000000
vn 0.224399 0.974497 -0.000000
vn 0.197624 0.980278 -0.000000
vn 0.170660 0.985330 0.000000
vn 0.143529 0.989646 -0.000000
vn 0.170660 0.985330 -0.000000
vn 0.143529 0.989646 -0.000000
vn 0.116352 0.993208 0.000000
vn 0.089049 0.996027 -0.000000
vn 0.116352 0.993208 -0.000000
vn 0.089049 0.996027 -0.000000
vn 0.061697 0.998095 -0.000000
vn 0.061697 0.998095 -0.000000
vn 0.034281 0.999412 0.000000
vn 0.006865 0.999976 -0.000000
vn 0.034281 0.999412 -0.000000
vn 0.006865 0.999976 -0.000000
vn -0.020574 0.999788 0.000000
vn -0.047987 0.998848 0.000000
vn -0.020574 0.999788 0.000000
vn -0.047987 0.998848 0.000000
vn -0.075384 0.997155 0.000000
vn -0.102712 0.994711 0.000000
vn -0.075384 0.997155 0.000000
vn -0.102712 0.994711 0.000000
vn -0.129958 0.991520 0.000000
vn -0.157109 0.987581 0.000000
vn -0.129958 0.991520 0.000000
vn -0.157109 0.987581 0.000000
vn -0.184157 0.982897 0.000000
vn -0.184157 0.982897 0.000000
vn -0.211042 0.977477 0.000000
vn -0.237769 0.971322 0.000000
vn -0.211042 0.977477 0.000000
vn -0.237769 0.971322 0.000000
vn -0.290690 0.956817 0.000000
vn -0.264353 0.964426 0.000000
vn -0.264353 0.964426 0.000000
vn -0.316827 0.948483 0.000000
vn -0.290690 0.956817 0.000000
vn -0.316827 0.948483 0.000000
vn -0.342739 0.939431 0.000000
vn -0.342739 0.939431 0.000000
vn -0.368396 0.929669 0.000000
vn -0.368396 0.929669 0.000000
vn -0.393741 0.919221 0.000000
vn -0.393741 0.919221 0.000000
vn -0.418820 0.908069 0.000000
vn -0.418820 0.908069 0.000000
vn -0.443560 0.896245 0.000000
vn -0.467982 0.883738 0.000000
vn -0.443560 0.896245 0.000000
vn -0.467982 0.883738 0.000000
vn -0.492067 0.870557 0.000000
vn -0.515748 0.856741 0.000000
vn -0.492067 0.870557 0.000000
vn -0.515748 0.856741 0.000000
vn -0.539052 0.842272 0.000000
vn -0.539052 0.842272 0.000000
vn -0.561999 0.827138 0.000000
vn -0.584441 0.811436 0.000000
vn -0.561999 0.827138 0.000000
vn -0.584441 0.811436 0.000000
vn -0.606487 0.795093 0.000000
vn -0.628067 0.778159 0.000000
vn -0.606487 0.795093 0.000000
vn -0.628067 0.778159 0.000000
vn -0.649183 0.760632 0.000000
vn -0.669804 0.742537 0.000000
vn -0.649183 0.760632 0.000000
vn -0.669804 0.742537 0.000000
vn -0.689936 0.723870 0.000000
vn -0.689936 0.723870 0.000000
vn -0.728603 0.684936 0.000000
vn -0.709547 0.704659 0.000000
vn -0.709547 0.704659 0.000000
vn -0.728603 0.684936 0.000000
vn -0.747074 0.664741 0.000000
vn -0.747074 0.664741 0.000000
vn -0.765087 0.643927 0.000000
vn -0.765087 0.643927 0.000000
vn -0.799212 0.601049 0.000000
vn -0.782443 0.622722 0.000000
vn -0.782443 0.622722 0.000000
vn -0.799212 0.601049 0.000000
vn -0.815436 0.578848 0.000000
vn -0.815436 0.578848 0.000000
vn -0.845931 0.533293 0.000000
vn -0.830979 0.556303 0.000000
vn -0.830979 0.556303 0.000000
vn -0.845931 0.533293 0.000000
vn -0.873907 0.486093 0.000000
vn -0.860268 0.509843 0.000000
vn -0.860268 0.509843 0.000000
vn -0.873907 0.486093 0.000000
vn -0.899249 0.437437 0.000000
vn -0.886946 0.461874 0.000000
vn -0.886946 0.461874 0.000000
vn -0.899249 0.437437 0.000000
vn -0.910915 0.412595 0.000000
vn -0.910915 0.412595 0.000000
vn -0.921913 0.387396 0.000000
vn -0.932175 0.362008 0.000000
vn -0.921913 0.387396 0.000000
vn -0.932175 0.362008 0.000000
vn -0.941757 0.336295 0.000000
vn -0.941757 0.336295 0.000000
vn -0.950633 0.310317 0.000000
vn -0.950633 0.310317 0.000000
vn -0.958779 0.284153 0.000000
vn -0.958779 0.284153 0.000000
vn -0.966236 0.257657 0.000000
vn -0.966236 0.257657 0.000000
vn -0.972919 0.231146 0.000000
vn -0.972919 0.231146 0.000000
vn -0.978909 0.204298 0.000000
vn -0.984131 0.177444 0.000000
vn -0.978909 0.204298 0.000000
vn -0.984131 0.177444 0.000000
vn -0.988635 0.150333 0.000000
vn -0.988635 0.150333 0.000000
vn -0.992390 0.123134 0.000000
vn -0.992390 0.123134 0.000000
vn -0.995396 0.095851 0.000000
vn -0.995396 0.095851 0.000000
vn -0.999151 0.041190 0.000000
vn -0.997647 0.068562 0.000000
vn -0.997647 0.068562 0.000000
vn -0.999151 0.041190 0.000000
vn -0.999907 0.013643 0.000000
vn -0.999907 0.013643 0.000000
vn 0.000000 0.000000 1.000000
vn 0.000000 0.000000 1.000000
vn 0.000000 0.000000 1.000000
vn 0.000000 0.000000 1.000000
vn 0.000000 0.000000 1.000000
vn 0.000000 0.000000 1.000000
vn 0.000000 0.000000 1.000000
vn 0.000000 0.000000 1.000000
vn 0.000000 0.000000 1.000000
vn 0.000000 0.000000 1.000000
vn 0.000000 0.000000 1.000000
vn 0.000000 0.000000 1.000000
vn 0.000000 0.000000 1.000000
vn 0.000000 0.000000 1.000000
vn 0.000000 0.000000 1.000000
vn 0.000000 0.000000 1.000000
vn 0.000000 0.000000 1.000000
vn 0.000000 0.000000 1.000000
vn 0.000000 0.000000 1.000000
vn 0.000000 0.000000 1.000000
vn 0.000000 0.000000 1.000000
vn 0.000000 0.000000 1.000000
vn 0.000000 0.000000 1.000000
vn 0.000000 0.000000 1.000000
vn 0.000000 0.000000 1.000000
vn 0.000000 0.000000 1.000000
vn 0.000000 0.000000 1.000000
vn 0.000000 0.000000 1.000000
vn 0.000000 0.000000 1.000000
vn 0.000000 0.000000 1.000000
vn 0.000000 0.000000 1.000000
vn 0.000000 0.000000 1.000000
vn 0.000000 0.000000 1.000000
vn 0.000000 0.000000 1.000000
vn 0.000000 0.000000 1.000000
vn 0.000000 0.000000 1.000000
vn 0.000000 0.000000 1.000000
vn 0.000000 0.000000 1.000000
vn 0.000000 0.000000 1.000000
vn 0.000000 0.000000 1.000000
vn 0.000000 0.000000 1.000000
vn 0.000000 0.000000 1.000000
vn 0.000000 0.000000 1.000000
vn 0.000000 0.000000 1.000000
vn 0.000000 0.000000 1.000000
vn 0.000000 0.000000 1.000000
vn 0.000000 0.000000 1.000000
vn 0.000000 0.000000 1.000000
vn 0.000000 0.000000 1.000000
vn 0.000000 0.000000 1.000000
vn 0.000000 0.000000 1.000000
vn 0.000000 0.000000 1.000000
vn 0.000000 0.000000 1.000000
vn 0.000000 0.000000 1.000000
vn 0.000000 0.000000 1.000000
vn 0.000000 0.000000 1.000000
vn 0.000000 0.000000 1.000000
vn 0.000000 0.000000 1.000000
vn 0.000000 0.000000 1.000000
vn 0.000000 0.000000 1.000000
vn 0.000000 0.000000 1.000000
vn 0.000000 0.000000 1.000000
vn 0.000000 0.000000 1.000000
vn 0.000000 0.000000 1.000000
vn 0.000000 0.000000 1.000000
vn 0.000000 0.000000 1.000000
vn 0.000000 0.000000 1.000000
vn 0.000000 0.000000 1.000000
vn 0.000000 0.000000 1.000000
vn 0.000000 0.000000 1.000000
vn 0.000000 0.000000 1.000000
vn 0.000000 0.000000 1.000000
vn 0.000000 0.000000 1.000000
vn 0.000000 0.000000 1.000000
vn 0.000000 0.000000 1.000000
vn 0.000000 0.000000 1.000000
vn 0.000000 0.000000 1.000000
vn 0.000000 0.000000 1.000000
vn 0.000000 0.000000 1.000000
vn 0.000000 0.000000 1.000000
vn 0.000000 0.000000 1.000000
vn 0.000000 0.000000 1.000000
vn 0.000000 0.000000 1.000000
vn 0.000000 0.000000 1.000000
vn 0.000000 0.000000 1.000000
vn 0.000000 0.000000 1.000000
vn 0.000000 0.000000 1.000000
vn 0.000000 0.000000 1.000000
vn 0.000000 0.000000 1.000000
vn 0.000000 0.000000 1.000000
vn 0.000000 0.000000 1.000000
vn 0.000000 0.000000 1.000000
vn 0.000000 0.000000 1.000000
vn 0.000000 0.000000 1.000000
vn 0.000000 0.000000 1.000000
vn 0.000000 0.000000 1.000000
vn 0.000000 0.000000 1.000000
vn 0.000000 0.000000 1.000000
vn 0.000000 0.000000 1.000000
vn 0.000000 0.000000 1.000000
vn 0.000000 0.000000 1.000000
vn 0.000000 0.000000 1.000000
vn 0.000000 0.000000 1.000000
vn 0.000000 0.000000 1.000000
vn 0.000000 0.000000 1.000000
vn 0.000000 0.000000 1.000000
vn 0.000000 0.000000 1.000000
vn 0.000000 0.000000 1.000000
vn 0.000000 0.000000 1.000000
vn 0.000000 0.000000 1.000000
vn 0.000000 0.000000 1.000000
vn 0.000000 0.000000 1.000000
vn 0.000000 0.000000 1.000000
vn 0.000000 0.000000 1.000000
vn 0.000000 0.000000 1.000000
vn 0.000000 0.000000 1.000000
vn 0.000000 0.000000 1.000000
vn 0.000000 0.000000 1.000000
vn 0.000000 0.000000 1.000000
vn 0.000000 0.000000 1.000000
vn 0.000000 0.000000 1.000000
vn 0.000000 0.000000 1.000000
vn 0.000000 0.000000 1.000000
vn 0.000000 0.000000 1.000000
vn 0.000000 0.000000 1.000000
vn 0.000000 0.000000 1.000000
vn 0.000000 0.000000 1.000000
vn 0.000000 0.000000 1.000000
vn 0.000000 0.000000 1.000000
vn 0.000000 0.000000 1.000000
vn 0.000000 0.000000 1.000000
vn 0.000000 0.000000 1.000000
vn 0.000000 0.000000 1.000000
vn 0.000000 0.000000 1.000000
vn 0.000000 0.000000 1.000000
vn 0.000000 0.000000 1.000000
vn 0.000000 0.000000 1.000000
vn 0.000000 0.000000 1.000000
vn 0.000000 0.000000 1.000000
vn 0.000000 0.000000 1.000000
vn 0.000000 0.000000 1.000000
vn 0.000000 0.000000 1.000000
vn 0.000000 0.000000 1.000000
vn 0.000000 0.000000 1.000000
vn 0.000000 0.000000 1.000000
vn 0.000000 0.000000 1.000000
vn 0.000000 0.000000 1.000000
vn 0.000000 0.000000 1.000000
vn 0.000000 0.000000 1.000000
vn 0.000000 0.000000 1.000000
vn 0.000000 0.000000 1.000000
vn 0.000000 0.000000 1.000000
vn 0.000000 0.000000 1.000000
vn 0.000000 0.000000 1.000000
vn 0.000000 0.000000 1.000000
vn 0.000000 0.000000 1.000000
vn 0.000000 0.000000 1.000000
vn 0.000000 0.000000 1.000000
vn 0.000000 0.000000 1.000000
vn 0.000000 0.000000 1.000000
vn 0.000000 0.000000 1.000000
vn 0.000000 0.000000 1.000000
vn 0.000000 0.000000 1.000000
vn 0.000000 0.000000 1.000000
vn 0.000000 0.000000 1.000000
vn 0.000000 0.000000 1.000000
vn 0.000000 0.000000 1.000000
vn 0.000000 0.000000 1.000000
vn 0.000000 0.000000 1.000000
vn 0.000000 0.000000 1.000000
vn 0.000000 0.000000 1.000000
vn 0.000000 0.000000 1.000000
vn 0.000000 0.000000 1.000000
vn 0.000000 0.000000 1.000000
vn 0.000000 0.000000 1.000000
vn 0.000000 0.000000 1.000000
vn 0.000000 0.000000 1.000000
vn 0.000000 0.000000 1.000000
vn 0.000000 0.000000 1.000000
vn 0.000000 0.000000 1.000000
vn 0.000000 0.000000 1.000000
vn 0.000000 0.000000 1.000000
vn 0.000000 0.000000 1.000000
vn 0.000000 0.000000 1.000000
vn 0.000000 0.000000 1.000000
vn 0.000000 0.000000 1.000000
vn 0.000000 0.000000 1.000000
vn 0.000000 0.000000 1.000000
vn 0.000000 0.000000 1.000000
vn 0.000000 0.000000 1.000000
vn 0.000000 0.000000 1.000000
vn 0.000000 0.000000 1.000000
vn 0.000000 0.000000 1.000000
vn 0.000000 0.000000 1.000000
vn 0.000000 0.000000 1.000000
vn 0.000000 0.000000 1.000000
vn 0.000000 0.000000 1.000000
vn 0.000000 0.000000 1.000000
vn 0.000000 0.000000 1.000000
vn 0.000000 0.000000 1.000000
vn 0.000000 0.000000 1.000000
vn 0.000000 0.000000 1.000000
vn 0.000000 0.000000 1.000000
vn 0.000000 0.000000 1.000000
vn 0.000000 0.000000 1.000000
vn 0.000000 0.000000 1.000000
vn 0.000000 0.000000 1.000000
vn 0.000000 0.000000 1.000000
vn 0.000000 0.000000 1.000000
vn 0.000000 0.000000 1.000000
vn 0.000000 0.000000 1.000000
vn 0.000000 0.000000 1.000000
vn 0.000000 0.000000 1.000000
vn 0.000000 0.000000 1.000000
vn 0.000000 0.000000 1.000000
vn 0.000000 0.000000 1.000000
vn 0.000000 0.000000 1.000000
vn 0.000000 0.000000 1.000000
vn 0.000000 0.000000 1.000000
vn 0.000000 0.000000 1.000000
vn 0.000000 0.000000 1.000000
vn 0.000000 0.000000 1.000000
vn 0.000000 0.000000 1.000000
vn 0.000000 0.000000 1.000000
vn 0.000000 0.000000 1.000000
vn 0.000000 0.000000 1.000000
vn 0.000000 0.000000 1.000000
vn 0.000000 0.000000 1.000000
vn 0.000000 0.000000 1.000000
vn 0.000000 0.000000 1.000000
vn 0.000000 0.000000 1.000000
vn 0.000000 0.000000 1.000000
vn 0.000000 0.000000 1.000000
vn 0.000000 0.000000 1.000000
vn 0.000000 0.000000 1.000000
vn 0.000000 0.000000 1.000000
vn 0.000000 0.000000 1.000000
vn 0.000000 0.000000 1.000000
vn 0.000000 0.000000 1.000000
vn 0.000000 0.000000 1.000000
vn 0.000000 0.000000 1.000000
vn 0.000000 0.000000 1.000000
vn 0.000000 0.000000 1.000000
vn 0.000000 0.000000 1.000000
vn 0.000000 0.000000 1.000000
vn 0.000000 0.000000 1.000000
vn 0.000000 0.000000 1.000000
vn 0.000000 0.000000 1.000000
vn 0.000000 0.000000 1.000000
vn 0.000000 0.000000 1.000000
vn 0.000000 0.000000 1.000000
vn 0.000000 0.000000 1.000000
vn 0.000000 0.000000 1.000000
vn 0.000000 0.000000 1.000000
vn 0.000000 0.000000 1.000000
vn 0.000000 0.000000 1.000000
vn 0.000000 0.000000 1.000000
vn 0.000000 0.000000 1.000000
vn 0.000000 0.000000 1.000000
vn 0.000000 0.000000 1.000000
vn 0.000000 0.000000 1.000000
vn 0.000000 0.000000 1.000000
vn 0.000000 0.000000 1.000000
vn 0.000000 0.000000 1.000000
vn 0.000000 0.000000 1.000000
vn 0.000000 0.000000 1.000000
vn 0.000000 0.000000 1.000000
vn 0.000000 0.000000 1.000000
vn 0.000000 0.000000 1.000000
vn 0.000000 0.000000 1.000000
vn 0.000000 0.000000 1.000000
vn 0.000000 0.000000 1.000000
vn 0.000000 0.000000 1.000000
vn 0.000000 0.000000 1.000000
vn 0.000000 0.000000 1.000000
vn 0.000000 0.000000 1.000000
vn 0.000000 0.000000 1.000000
vn 0.000000 0.000000 1.000000
vn 0.000000 0.000000 1.000000
vn 0.000000 0.000000 1.000000
vn 0.000000 0.000000 1.000000
vn 0.000000 0.000000 1.000000
vn 0.000000 0.000000 1.000000
vn 0.000000 0.000000 1.000000
vn 0.000000 0.000000 1.000000
vn 0.000000 0.000000 1.000000
vn 0.000000 0.000000 1.000000
vn 0.000000 0.000000 1.000000
vn 0.000000 0.000000 1.000000
vn 0.000000 0.000000 1.000000
vn 0.000000 0.000000 1.000000
vn 0.000000 0.000000 1.000000
vn 0.000000 0.000000 1.000000
vn 0.000000 0.000000 1.000000
vn 0.000000 0.000000 1.000000
vn 0.000000 0.000000 1.000000
vn 0.000000 0.000000 1.000000
vn 0.000000 0.000000 1.000000
vn 0.000000 0.000000 1.000000
vn 0.000000 0.000000 1.000000
vn 0.000000 0.000000 1.000000
vn 0.000000 0.000000 1.000000
vn 0.000000 0.000000 1.000000
vn 0.000000 0.000000 1.000000
vn 0.000000 0.000000 1.000000
vn 0.000000 0.000000 1.000000
vn 0.000000 0.000000 1.000000
vn 0.000000 0.000000 1.000000
vn 0.000000 0.000000 1.000000
vn 0.000000 0.000000 1.000000
vn 0.000000 0.000000 1.000000
vn 0.000000 0.000000 1.000000
vn 0.000000 0.000000 1.000000
vn 0.000000 0.000000 1.000000
vn 0.000000 0.000000 1.000000
vn 0.000000 0.000000 1.000000
vn 0.000000 0.000000 1.000000
vn 0.000000 0.000000 1.000000
vn 0.000000 0.000000 1.000000
vn 0.000000 0.000000 1.000000
vn 0.000000 0.000000 1.000000
vn 0.000000 0.000000 1.000000
vn 0.000000 0.000000 1.000000
vn 0.000000 0.000000 1.000000
vn 0.000000 0.000000 1.000000
vn 0.000000 0.000000 1.000000
vn 0.000000 0.000000 1.000000
vn 0.000000 0.000000 1.000000
vn 0.000000 0.000000 1.000000
vn 0.000000 0.000000 1.000000
vn 0.000000 0.000000 1.000000
vn 0.000000 0.000000 1.000000
vn 0.000000 0.000000 1.000000
vn 0.000000 0.000000 1.000000
vn 0.000000 0.000000 1.000000
vn 0.000000 0.000000 1.000000
vn 0.000000 0.000000 1.000000
vn 0.000000 0.000000 1.000000
vn 0.000000 0.000000 1.000000
vn 0.000000 0.000000 1.000000
vn 0.000000 0.000000 1.000000
vn 0.000000 0.000000 1.000000
vn 0.000000 0.000000 1.000000
vn 0.000000 0.000000 1.000000
vn 0.000000 0.000000 1.000000
vn 0.000000 0.000000 1.000000
vn 0.000000 0.000000 1.000000
vn 0.000000 0.000000 1.000000
vn 0.000000 0.000000 1.000000
vn 0.000000 0.000000 1.000000
vn 0.000000 0.000000 1.000000
vn 0.000000 0.000000 1.000000
vn 0.000000 0.000000 1.000000
vn 0.000000 0.000000 1.000000
vn 0.000000 0.000000 1.000000
vn 0.000000 0.000000 1.000000
vn 0.000000 0.000000 1.000000
vn 0.000000 0.000000 1.000000
vn 0.000000 0.000000 1.000000
vn 0.000000 0.000000 1.000000
vn 0.000000 0.000000 1.000000
vn 0.000000 0.000000 1.000000
vn 0.000000 0.000000 1.000000
vn 0.000000 0.000000 1.000000
vn 0.000000 0.000000 1.000000
vn 0.000000 0.000000 1.000000
vn 0.000000 0.000000 1.000000
vn 0.000000 0.000000 1.000000
vn 0.000000 0.000000 1.000000
vn 0.000000 0.000000 1.000000
vn 0.000000 0.000000 1.000000
vn 0.000000 0.000000 1.000000
vn 0.000000 0.000000 1.000000
vn 0.000000 0.000000 1.000000
vn 0.000000 0.000000 1.000000
vn 0.000000 0.000000 1.000000
vn 0.000000 0.000000 1.000000
vn 0.000000 0.000000 1.000000
vn 0.000000 0.000000 1.000000
vn 0.000000 0.000000 1.000000
vn 0.000000 0.000000 1.000000
vn 0.000000 0.000000 1.000000
vn 0.000000 0.000000 1.000000
vn 0.000000 0.000000 1.000000
vn 0.000000 0.000000 1.000000
vn 0.000000 0.000000 1.000000
vn 0.000000 0.000000 1.000000
vn 0.000000 0.000000 1.000000
vn 0.000000 0.000000 1.000000
vn 0.000000 0.000000 1.000000
vn 0.000000 0.000000 1.000000
vn 0.000000 0.000000 1.000000
vn 0.000000 0.000000 1.000000
vn 0.000000 0.000000 1.000000
vn 0.000000 0.000000 1.000000
vn 0.000000 0.000000 1.000000
vn 0.000000 0.000000 1.000000
vn 0.000000 0.000000 1.000000
vn 0.000000 0.000000 1.000000
vn 0.000000 0.000000 1.000000
vn 0.000000 0.000000 1.000000
vn 0.000000 0.000000 1.000000
vn 0.000000 0.000000 1.000000
vn 0.000000 0.000000 1.000000
vn 0.000000 0.000000 1.000000
vn 0.000000 0.000000 1.000000
vn 0.000000 0.000000 1.000000
vn 0.000000 0.000000 1.000000
vn 0.000000 0.000000 1.000000
vn 0.000000 0.000000 1.000000
vn 0.000000 0.000000 1.000000
vn 0.000000 0.000000 1.000000
vn 0.000000 0.000000 1.000000
vn 0.000000 0.000000 1.000000
vn 0.000000 0.000000 1.000000
vn 0.000000 0.000000 1.000000
vn 0.000000 0.000000 1.000000
vn 0.000000 0.000000 1.000000
vn 0.000000 0.000000 1.000000
vn 0.000000 0.000000 1.000000
vn 0.000000 0.000000 1.000000
vn 0.000000 0.000000 1.000000
vn 0.000000 0.000000 1.000000
vn 0.000000 0.000000 1.000000
vn 0.000000 0.000000 1.000000
vn 0.000000 0.000000 1.000000
vn 0.000000 0.000000 1.000000
vn 0.000000 0.000000 1.000000
vn 0.000000 0.000000 1.000000
vn 0.000000 0.000000 1.000000
vn 0.000000 0.000000 1.000000
vn 0.000000 0.000000 1.000000
vn 0.000000 0.000000 1.000000
vn 0.000000 0.000000 1.000000
vn 0.000000 0.000000 1.000000
vn 0.000000 0.000000 1.000000
vn 0.000000 0.000000 1.000000
vn 0.000000 0.000000 1.000000
vn 0.000000 0.000000 1.000000
vn 0.000000 0.000000 1.000000
vn 0.000000 0.000000 1.000000
vn 0.000000 0.000000 1.000000
vn 0.000000 0.000000 1.000000
vn 0.000000 0.000000 1.000000
vn 0.000000 0.000000 1.000000
vn 0.000000 0.000000 1.000000
vn 0.000000 0.000000 1.000000
vn 0.000000 0.000000 1.000000
vn 0.000000 0.000000 1.000000
vn 0.000000 0.000000 1.000000
vn 0.000000 0.000000 1.000000
vn 0.000000 0.000000 1.000000
vn 0.000000 0.000000 1.000000
vn 0.000000 0.000000 1.000000
vn 0.000000 0.000000 1.000000
vn 0.000000 0.000000 1.000000
vn 0.000000 0.000000 1.000000
vn 0.000000 0.000000 1.000000
vn 0.000000 0.000000 1.000000
vn 0.000000 0.000000 1.000000
vn 0.000000 0.000000 1.000000
vn 0.000000 0.000000 1.000000
vn 0.000000 0.000000 1.000000
vn 0.000000 0.000000 1.000000
vn 0.000000 0.000000 1.000000
vn 0.000000 0.000000 1.000000
vn 0.000000 0.000000 1.000000
vn 0.000000 0.000000 1.000000
vn 0.000000 0.000000 1.000000
vn 0.000000 0.000000 1.000000
vn 0.000000 0.000000 1.000000
vn 0.000000 0.000000 1.000000
vn 0.000000 0.000000 1.000000
vn 0.000000 0.000000 1.000000
vn 0.000000 0.000000 1.000000
vn 0.000000 0.000000 1.000000
vn 0.000000 0.000000 1.000000
vn 0.000000 0.000000 1.000000
vn 0.000000 0.000000 1.000000
vn 0.000000 0.000000 1.000000
vn 0.000000 0.000000 1.000000
vn 0.000000 0.000000 1.000000
vn 0.000000 0.000000 1.000000
vn 0.000000 0.000000 1.000000
vn 0.000000 0.000000 1.000000
vn 0.000000 0.000000 1.000000
vn 0.000000 0.000000 1.000000
vn 0.000000 0.000000 1.000000
vn 0.000000 0.000000 1.000000
vn 0.000000 0.000000 1.000000
vn 0.000000 0.000000 1.000000
vn 0.000000 0.000000 1.000000
vn 0.000000 0.000000 1.000000
vn 0.000000 0.000000 1.000000
vn 0.000000 0.000000 1.000000
vn 0.000000 0.000000 1.000000
vn 0.000000 0.000000 1.000000
vn 0.000000 0.000000 1.000000
vn 0.000000 0.000000 1.000000
vn 0.000000 0.000000 1.000000
vn 0.000000 0.000000 1.000000
vn 0.000000 0.000000 1.000000
vn 0.000000 0.000000 1.000000
vn 0.000000 0.000000 1.000000
vn 0.000000 0.000000 1.000000
vn 0.000000 0.000000 1.000000
vn 0.000000 0.000000 1.000000
vn 0.000000 0.000000 1.000000
vn 0.000000 0.000000 1.000000
vn 0.000000 0.000000 1.000000
vn 0.000000 0.000000 1.000000
vn 0.000000 0.000000 1.000000
vn 0.000000 0.000000 1.000000
vn 0.000000 0.000000 1.000000
vn 0.000000 0.000000 1.000000
vn 0.000000 0.000000 1.000000
vn 0.000000 0.000000 1.000000
vn 0.000000 0.000000 1.000000
vn 0.000000 0.000000 1.000000
vn 0.000000 0.000000 1.000000
vn 0.000000 0.000000 1.000000
vn 0.000000 0.000000 1.000000
vn 0.000000 0.000000 1.000000
vn 0.000000 0.000000 1.000000
vn 0.000000 0.000000 1.000000
vn 0.000000 0.000000 1.000000
vn 0.000000 0.000000 1.000000
vn 0.000000 0.000000 1.000000
vn 0.000000 0.000000 1.000000
vn 0.000000 0.000000 1.000000
vn 0.000000 0.000000 1.000000
vn 0.000000 0.000000 1.000000
vn 0.000000 0.000000 1.000000
vn 0.000000 0.000000 1.000000
vn 0.000000 0.000000 1.000000
vn 0.000000 0.000000 1.000000
vn 0.000000 0.000000 1.000000
vn 0.000000 0.000000 1.000000
vn 0.000000 0.000000 1.000000
vn 0.000000 0.000000 1.000000
vn 0.000000 0.000000 1.000000
vn 0.000000 0.000000 1.000000
vn 0.000000 0.000000 1.000000
vn 0.000000 0.000000 1.000000
vn 0.000000 0.000000 1.000000
vn 0.000000 0.000000 1.000000
vn 0.000000 0.000000 1.000000
vn 0.000000 0.000000 1.000000
vn 0.000000 0.000000 1.000000
vn 0.000000 0.000000 1.000000
vn 0.000000 0.000000 1.000000
vn 0.000000 0.000000 1.000000
vn 0.000000 0.000000 1.000000
vn 0.000000 0.000000 1.000000
vn 0.000000 0.000000 1.000000
vn 0.000000 0.000000 1.000000
vn 0.000000 0.000000 1.000000
vn 0.000000 0.000000 1.000000
vn 0.000000 0.000000 1.000000
vn 0.000000 0.000000 1.000000
vn 0.000000 0.000000 1.000000
vn 0.000000 0.000000 1.000000
vn 0.000000 0.000000 1.000000
vn 0.000000 0.000000 1.000000
vn 0.000000 0.000000 1.000000
vn 0.000000 0.000000 1.000000
vn 0.000000 0.000000 1.000000
vn 0.000000 0.000000 1.000000
vn 0.000000 0.000000 1.000000
vn 0.000000 0.000000 1.000000
vn 0.000000 0.000000 1.000000
vn 0.000000 0.000000 1.000000
vn 0.000000 0.000000 1.000000
vn 0.000000 0.000000 1.000000
vn 0.000000 0.000000 1.000000
vn 0.000000 0.000000 1.000000
vn 0.000000 0.000000 1.000000
vn 0.000000 0.000000 1.000000
vn 0.000000 0.000000 1.000000
vn 0.000000 0.000000 1.000000
vn 0.000000 0.000000 1.000000
vn 0.000000 0.000000 1.000000
vn 0.000000 0.000000 1.000000
vn 0.000000 0.000000 1.000000
vn 0.000000 0.000000 1.000000
vn 0.000000 0.000000 1.000000
vn 0.000000 0.000000 1.000000
vn 0.000000 0.000000 1.000000
vn 0.000000 0.000000 1.000000
vn 0.000000 0.000000 1.000000
vn 0.000000 0.000000 1.000000
vn 0.000000 0.000000 1.000000
vn 0.000000 0.000000 1.000000
vn 0.000000 0.000000 1.000000
vn 0.000000 0.000000 1.000000
vn 0.000000 0.000000 1.000000
vn 0.000000 0.000000 1.000000
vn 0.000000 0.000000 1.000000
vn 0.000000 0.000000 1.000000
vn 0.000000 0.000000 1.000000
vn 0.000000 0.000000 1.000000
vn 0.000000 0.000000 1.000000
vn 0.000000 0.000000 1.000000
vn 0.000000 0.000000 1.000000
vn 0.000000 0.000000 1.000000
vn 0.000000 0.000000 1.000000
vn 0.000000 0.000000 1.000000
vn 0.000000 0.000000 1.000000
vn 0.000000 0.000000 1.000000
vn 0.000000 0.000000 1.000000
vn 0.000000 0.000000 1.000000
vn 0.000000 0.000000 1.000000
vn 0.000000 0.000000 1.000000
vn 0.000000 0.000000 1.000000
vn 0.000000 0.000000 1.000000
vn 0.000000 0.000000 1.000000
vn 0.000000 0.000000 1.000000
vn 0.000000 0.000000 1.000000
vn 0.000000 0.000000 1.000000
vn 0.000000 0.000000 1.000000
vn 0.000000 0.000000 1.000000
vn 0.000000 0.000000 1.000000
vn 0.000000 0.000000 1.000000
vn 0.000000 0.000000 1.000000
vn 0.000000 0.000000 1.000000
vn 0.000000 0.000000 1.000000
vn 0.000000 0.000000 1.000000
vn 0.000000 0.000000 1.000000
vn 0.000000 0.000000 1.000000
vn 0.000000 0.000000 1.000000
vn 0.000000 0.000000 1.000000
vn 0.000000 0.000000 1.000000
vn 0.000000 0.000000 1.000000
vn 0.000000 0.000000 1.000000
vn 0.000000 0.000000 1.000000
vn 0.000000 0.000000 1.000000
vn 0.000000 0.000000 1.000000
vn 0.000000 0.000000 1.000000
vn 0.000000 0.000000 1.000000
vn 0.000000 0.000000 1.000000
vn 0.000000 0.000000 1.000000
vn 0.000000 0.000000 1.000000
vn 0.000000 0.000000 1.000000
vn 0.000000 0.000000 1.000000
vn 0.000000 0.000000 1.000000
vn 0.000000 0.000000 1.000000
vn 0.000000 0.000000 1.000000
vn 0.000000 0.000000 1.000000
vn 0.000000 0.000000 1.000000
vn 0.000000 0.000000 1.000000
vn 0.000000 0.000000 1.000000
vn 0.000000 0.000000 1.000000
vn 0.000000 0.000000 1.000000
vn 0.000000 0.000000 1.000000
vn 0.000000 0.000000 1.000000
vn 0.000000 0.000000 1.000000
vn 0.000000 0.000000 1.000000
vn 0.000000 0.000000 1.000000
vn 0.000000 0.000000 1.000000
vn 0.000000 0.000000 1.000000
vn 0.000000 0.000000 1.000000
vn 0.000000 0.000000 1.000000
vn 0.000000 0.000000 1.000000
vn 0.000000 0.000000 1.000000
vn 0.000000 0.000000 1.000000
vn 0.000000 0.000000 1.000000
vn 0.000000 0.000000 1.000000
vn 0.000000 0.000000 1.000000
vn 0.000000 0.000000 1.000000
vn 0.000000 0.000000 1.000000
vn 0.000000 0.000000 1.000000
vn 0.000000 0.000000 1.000000
vn 0.000000 0.000000 1.000000
vn 0.000000 0.000000 1.000000
vn 0.000000 0.000000 1.000000
vn 0.000000 0.000000 1.000000
vn 0.000000 0.000000 1.000000
vn 0.000000 0.000000 1.000000
vn 0.000000 0.000000 1.000000
vn 0.000000 0.000000 1.000000
vn 0.000000 0.000000 1.000000
vn 0.000000 0.000000 1.000000
vn 0.000000 0.000000 1.000000
vn 0.000000 0.000000 1.000000
vn 0.000000 0.000000 1.000000
vn 0.000000 0.000000 1.000000
vn 0.000000 0.000000 1.000000
vn 0.000000 0.000000 1.000000
vn 0.000000 0.000000 1.000000
vn 0.000000 0.000000 1.000000
vn 0.000000 0.000000 1.000000
vn 0.000000 0.000000 1.000000
vn 0.000000 0.000000 1.000000
vn 0.000000 0.000000 1.000000
vn 0.000000 0.000000 1.000000
vn 0.000000 0.000000 1.000000
vn 0.000000 0.000000 1.000000
vn 0.000000 0.000000 1.000000
vn 0.000000 0.000000 1.000000
vn 0.000000 0.000000 1.000000
vn 0.000000 0.000000 1.000000
vn 0.000000 0.000000 1.000000
vn 0.000000 0.000000 1.000000
vn 0.000000 0.000000 1.000000
vn 0.000000 0.000000 1.000000
vn 0.000000 0.000000 1.000000
vn 0.000000 0.000000 1.000000
vn 0.000000 0.000000 1.000000
vn 0.000000 0.000000 1.000000
vn 0.000000 0.000000 1.000000
vn 0.000000 0.000000 1.000000
vn 0.000000 0.000000 1.000000
vn 0.000000 0.000000 1.000000
vn 0.000000 0.000000 1.000000
vn 0.000000 0.000000 1.000000
vn 0.000000 0.000000 1.000000
vn 0.000000 0.000000 1.000000
vn 0.000000 0.000000 1.000000
vn 0.000000 0.000000 1.000000
vn 0.000000 0.000000 1.000000
vn 0.000000 0.000000 1.000000
vn 0.000000 0.000000 1.000000
vn 0.000000 0.000000 1.000000
vn 0.000000 0.000000 1.000000
vn 0.000000 0.000000 1.000000
vn 0.000000 0.000000 1.000000
vn 0.000000 0.000000 1.000000
vn 0.000000 0.000000 1.000000
vn 0.000000 0.000000 1.000000
vn 0.000000 0.000000 1.000000
vn 0.000000 0.000000 1.000000
vn 0.000000 0.000000 1.000000
vn 0.000000 0.000000 1.000000
vn 0.000000 0.000000 1.000000
vn 0.000000 0.000000 1.000000
vn 0.000000 0.000000 1.000000
vn 0.000000 0.000000 1.000000
vn 0.000000 0.000000 1.000000
vn 0.000000 0.000000 1.000000
vn 0.000000 0.000000 1.000000
vn 0.000000 0.000000 1.000000
vn 0.000000 0.000000 1.000000
vn 0.000000 0.000000 1.000000
vn 0.000000 0.000000 1.000000
vn 0.000000 0.000000 1.000000
vn 0.000000 0.000000 1.000000
vn 0.000000 0.000000 1.000000
vn 0.000000 0.000000 1.000000
vn 0.000000 0.000000 1.000000
vn 0.000000 0.000000 1.000000
vn 0.000000 0.000000 1.000000
vn 0.000000 0.000000 1.000000
vn 0.000000 0.000000 1.000000
vn 0.000000 0.000000 1.000000
vn 0.000000 0.000000 1.000000
vn 0.000000 0.000000 1.000000
vn 0.000000 0.000000 1.000000
vn 0.000000 0.000000 1.000000
vn 0.000000 0.000000 1.000000
vn 0.000000 0.000000 1.000000
vn 0.000000 0.000000 1.000000
vn 0.000000 0.000000 1.000000
vn 0.000000 0.000000 1.000000
vn 0.000000 0.000000 1.000000
vn 0.000000 0.000000 1.000000
vn 0.000000 0.000000 1.000000
vn 0.000000 0.000000 1.000000
vn 0.000000 0.000000 1.000000
vn 0.000000 0.000000 1.000000
vn 0.000000 0.000000 1.000000
vn 0.000000 0.000000 1.000000
vn 0.000000 0.000000 1.000000
vn 0.000000 0.000000 1.000000
vn 0.000000 0.000000 1.000000
vn 0.000000 0.000000 1.000000
vn 0.000000 0.000000 1.000000
vn 0.000000 0.000000 1.000000
vn 0.000000 0.000000 1.000000
vn 0.000000 0.000000 1.000000
vn 0.000000 0.000000 1.000000
vn 0.000000 0.000000 1.000000
vn 0.000000 0.000000 1.000000
vn 0.000000 0.000000 1.000000
vn 0.000000 0.000000 1.000000
vn 0.000000 0.000000 1.000000
vn 0.000000 0.000000 1.000000
vn 0.000000 0.000000 1.000000
vn 0.000000 0.000000 1.000000
vn 0.000000 0.000000 1.000000
vn 0.000000 0.000000 1.000000
vn 0.000000 0.000000 1.000000
vn 0.000000 0.000000 1.000000
vn 0.000000 0.000000 1.000000
vn 0.000000 0.000000 1.000000
vn 0.000000 0.000000 1.000000
vn 0.000000 0.000000 1.000000
vn 0.000000 0.000000 1.000000
vn 0.000000 0.000000 1.000000
vn 0.000000 0.000000 1.000000
vn 0.000000 0.000000 1.000000
vn 0.000000 0.000000 1.000000
vn 0.000000 0.000000 1.000000
vn 0.000000 0.000000 1.000000
vn 0.000000 0.000000 1.000000
vn 0.000000 0.000000 1.000000
vn 0.000000 0.000000 1.000000
vn 0.000000 0.000000 1.000000
vn 0.000000 0.000000 1.000000
vn 0.000000 0.000000 1.000000
vn 0.000000 0.000000 1.000000
vn 0.000000 0.000000 1.000000
vn 0.000000 0.000000 1.000000
vn 0.000000 0.000000 1.000000
vn 0.000000 0.000000 1.000000
vn 0.000000 0.000000 1.000000
vn 0.000000 0.000000 1.000000
vn 0.000000 0.000000 1.000000
vn 0.000000 0.000000 1.000000
vn 0.000000 0.000000 1.000000
vn 0.000000 0.000000 1.000000
vn 0.000000 0.000000 1.000000
vn 0.000000 0.000000 1.000000
vn 0.000000 0.000000 1.000000
vn 0.000000 0.000000 1.000000
vn 0.000000 0.000000 1.000000
vn 0.000000 0.000000 1.000000
vn 0.000000 0.000000 1.000000
vn 0.000000 0.000000 1.000000
vn 0.000000 0.000000 1.000000
vn 0.000000 0.000000 1.000000
vn 0.000000 0.000000 1.000000
vn 0.000000 0.000000 1.000000
vn 0.000000 0.000000 1.000000
vn 0.000000 0.000000 1.000000
vn 0.000000 0.000000 1.000000
vn 0.000000 0.000000 1.000000
vn 0.000000 0.000000 1.000000
vn 0.000000 0.000000 1.000000
vn 0.000000 0.000000 1.000000
vn 0.000000 0.000000 1.000000
vn 0.000000 0.000000 1.000000
vn 0.000000 0.000000 1.000000
vn 0.000000 0.000000 1.000000
vn 0.000000 0.000000 1.000000
vn 0.000000 0.000000 1.000000
vn 0.000000 0.000000 1.000000
vn 0.000000 0.000000 1.000000
vn 0.000000 0.000000 1.000000
vn 0.000000 0.000000 1.000000
vn 0.000000 0.000000 1.000000
vn 0.000000 0.000000 1.000000
vn 0.000000 0.000000 1.000000
vn 0.000000 0.000000 1.000000
vn 0.000000 0.000000 1.000000
vn 0.000000 0.000000 1.000000
vn 0.000000 0.000000 1.000000
vn 0.000000 0.000000 1.000000
vn 0.000000 0.000000 1.000000
vn 0.000000 0.000000 1.000000
vn 0.000000 0.000000 1.000000
vn 0.000000 0.000000 1.000000
vn 0.000000 0.000000 1.000000
vn 0.000000 0.000000 1.000000
vn 0.000000 0.000000 1.000000
vn 0.000000 0.000000 1.000000
vn 0.000000 0.000000 1.000000
vn 0.000000 0.000000 1.000000
vn 0.000000 0.000000 1.000000
vn 0.000000 0.000000 1.000000
vn 0.000000 0.000000 1.000000
vn 0.000000 0.000000 1.000000
vn 0.000000 0.000000 1.000000
vn 0.000000 0.000000 1.000000
vn 0.000000 0.000000 1.000000
vn 0.000000 0.000000 1.000000
vn 0.000000 0.000000 1.000000
vn 0.000000 0.000000 1.000000
vn 0.000000 0.000000 1.000000
vn 0.000000 0.000000 1.000000
vn 0.000000 0.000000 1.000000
vn 0.000000 0.000000 1.000000
vn 0.000000 0.000000 1.000000
vn 0.000000 0.000000 1.000000
vn 0.000000 0.000000 1.000000
vn 0.000000 0.000000 1.000000
vn 0.000000 0.000000 1.000000
vn 0.000000 0.000000 1.000000
vn 0.000000 0.000000 1.000000
vn 0.000000 0.000000 1.000000
vn 0.000000 0.000000 1.000000
vn 0.000000 0.000000 1.000000
vn 0.000000 0.000000 1.000000
vn 0.000000 0.000000 1.000000
vn 0.000000 0.000000 1.000000
vn 0.000000 0.000000 1.000000
vn 0.000000 0.000000 1.000000
vn 0.000000 0.000000 1.000000
vn 0.000000 0.000000 1.000000
vn 0.000000 0.000000 1.000000
vn 0.000000 0.000000 1.000000
vn 0.000000 0.000000 1.000000
vn 0.000000 0.000000 1.000000
vn 0.000000 0.000000 1.000000
vn 0.000000 0.000000 1.000000
vn 0.000000 0.000000 1.000000
vn 0.000000 0.000000 1.000000
vn 0.000000 0.000000 1.000000
vn 0.000000 0.000000 1.000000
vn 0.000000 0.000000 1.000000
vn 0.000000 0.000000 1.000000
vn 0.000000 0.000000 1.000000
vn 0.000000 0.000000 1.000000
vn 0.000000 0.000000 1.000000
vn 0.000000 0.000000 1.000000
vn 0.000000 0.000000 1.000000
vn 0.000000 0.000000 1.000000
f 1//1 2//1 3//1
f 4//2 2//2 1//2
f 5//3 1//3 3//3
f 5//4 6//4 1//4
f 2//5 7//5 3//5
f 8//6 7//6 2//6
f 4//7 9//7 2//7
f 9//8 10//8 2//8
f 6//9 11//9 1//9
f 1//10 12//10 4//10
f 4//11 12//11 9//11
f 11//12 12//12 1//12
f 7//13 5//13 3//13
f 7//14 13//14 5//14
f 14//15 15//15 16//15
f 6//16 5//16 11//16
f 17//17 14//17 18//17
f 17//18 11//18 14//18
f 5//19 15//19 14//19
f 5//20 14//20 11//20
f 19//21 8//21 2//21
f 19//22 2//22 10//22
f 20//23 21//23 13//23
f 22//24 13//24 21//24
f 23//25 20//25 13//25
f 24//26 13//26 22//26
f 25//27 23//27 13//27
f 26//28 13//28 24//28
f 27//29 25//29 13//29
f 28//30 13//30 26//30
f 29//31 27//31 13//31
f 30//32 13//32 28//32
f 31//33 29//33 13//33
f 32//34 13//34 30//34
f 33//35 31//35 13//35
f 34//36 13//36 32//36
f 35//37 33//37 13//37
f 36//38 13//38 34//38
f 37//39 35//39 13//39
f 38//40 13//40 36//40
f 39//41 37//41 13//41
f 40//42 13//42 38//42
f 41//43 39//43 13//43
f 42//44 13//44 40//44
f 43//45 41//45 13//45
f 44//46 13//46 42//46
f 45//47 43//47 13//47
f 46//48 13//48 44//48
f 47//49 45//49 13//49
f 48//50 13//50 46//50
f 49//51 47//51 13//51
f 50//52 13//52 48//52
f 51//53 49//53 13//53
f 52//54 13//54 50//54
f 53//55 51//55 13//55
f 54//56 13//56 52//56
f 55//57 53//57 13//57
f 56//58 13//58 54//58
f 57//59 55//59 13//59
f 58//60 13//60 56//60
f 59//61 57//61 13//61
f 60//62 13//62 58//62
f 61//63 59//63 13//63
f 62//64 13//64 60//64
f 63//65 61//65 13//65
f 64//66 13//66 62//66
f 65//67 63//67 13//67
f 66//68 13//68 64//68
f 67//69 65//69 13//69
f 67//70 13//70 7//70
f 68//71 13//71 66//71
f 69//72 67//72 7//72
f 70//73 13//73 68//73
f 71//74 69//74 7//74
f 72//75 13//75 70//75
f 73//76 71//76 7//76
f 74//77 13//77 72//77
f 75//78 73//78 7//78
f 76//79 13//79 74//79
f 77//80 7//80 8//80
f 77//81 75//81 7//81
f 78//82 13//82 76//82
f 79//83 77//83 8//83
f 80//84 13//84 78//84
f 81//85 79//85 8//85
f 82//86 13//86 80//86
f 83//87 81//87 8//87
f 84//88 13//88 82//88
f 85//89 8//89 19//89
f 85//90 83//90 8//90
f 86//91 85//91 19//91
f 87//92 86//92 19//92
f 88//93 87//93 19//93
f 89//94 88//94 19//94
f 90//95 89//95 19//95
f 91//96 90//96 19//96
f 92//97 91//97 19//97
f 93//98 92//98 19//98
f 94//99 93//99 19//99
f 95//100 94//100 19//100
f 96//101 95//101 19//101
f 97//102 96//102 19//102
f 98//103 97//103 19//103
f 99//104 98//104 19//104
f 100//105 99//105 19//105
f 101//106 100//106 19//106
f 102//107 101//107 19//107
f 103//108 102//108 19//108
f 104//109 103//109 19//109
f 105//110 104//110 19//110
f 106//111 105//111 19//111
f 107//112 106//112 19//112
f 108//113 107//113 19//113
f 109//114 108//114 19//114
f 110//115 109//115 19//115
f 111//116 110//116 19//116
f 112//117 111//117 19//117
f 113//118 112//118 19//118
f 114//119 113//119 19//119
f 115//120 114//120 19//120
f 116//121 115//121 19//121
f 117//122 116//122 19//122
f 118//123 117//123 19//123
f 119//124 118//124 19//124
f 120//125 119//125 19//125
f 121//126 120//126 19//126
f 122//127 121//127 19//127
f 123//128 122//128 19//128
f 124//129 123//129 19//129
f 125//130 124//130 19//130
f 126//131 125//131 19//131
f 127//132 126//132 19//132
f 128//133 127//133 19//133
f 129//134 128//134 19//134
f 130//135 129//135 19//135
f 131//136 130//136 19//136
f 132//137 131//137 19//137
f 133//138 132//138 19//138
f 134//139 133//139 19//139
f 135//140 134//140 19//140
f 136//141 135//141 19//141
f 137//142 136//142 19//142
f 138//143 137//143 19//143
f 139//144 138//144 19//144
f 140//145 139//145 19//145
f 141//146 140//146 19//146
f 142//147 143//147 144//147
f 145//148 142//148 144//148
f 145//149 144//149 146//149
f 147//150 143//150 142//150
f 148//151 145//151 146//151
f 148//152 146//152 149//152
f 150//153 151//153 152//153
f 150//154 152//154 143//154
f 150//155 143//155 147//155
f 153//156 148//156 149//156
f 153//157 149//157 154//157
f 155//158 151//158 150//158
f 155//159 156//159 151//159
f 157//160 153//160 154//160
f 157//161 154//161 158//161
f 159//162 156//162 155//162
f 160//163 157//163 158//163
f 160//164 158//164 161//164
f 162//165 156//165 159//165
f 162//166 163//166 156//166
f 164//167 160//167 161//167
f 164//168 161//168 165//168
f 166//169 167//169 163//169
f 166//170 163//170 162//170
f 168//171 164//171 165//171
f 168//172 165//172 169//172
f 170//173 171//173 167//173
f 170//174 167//174 166//174
f 172//175 168//175 169//175
f 172//176 169//176 173//176
f 174//177 175//177 171//177
f 174//178 171//178 170//178
f 176//179 172//179 173//179
f 176//180 173//180 177//180
f 178//181 175//181 174//181
f 178//182 179//182 175//182
f 180//183 177//183 181//183
f 180//184 176//184 177//184
f 182//185 183//185 184//185
f 182//186 184//186 179//186
f 182//187 179//187 178//187
f 185//188 181//188 186//188
f 185//189 180//189 181//189
f 187//190 183//190 182//190
f 188//191 186//191 189//191
f 188//192 185//192 186//192
f 190//193 191//193 183//193
f 190//194 183//194 187//194
f 192//195 189//195 193//195
f 192//196 188//196 189//196
f 194//197 195//197 196//197
f 194//198 196//198 191//198
f 194//199 191//199 190//199
f 197//200 192//200 193//200
f 197//201 193//201 198//201
f 199//202 195//202 194//202
f 200//203 198//203 201//203
f 200//204 197//204 198//204
f 202//205 203//205 195//205
f 202//206 195//206 199//206
f 204//207 201//207 205//207
f 204//208 200//208 201//208
f 206//209 207//209 203//209
f 206//210 203//210 202//210
f 208//211 205//211 209//211
f 208//212 204//212 205//212
f 210//213 209//213 211//213
f 210//214 208//214 209//214
f 212//215 211//215 213//215
f 212//216 210//216 211//216
f 214//217 213//217 215//217
f 214//218 212//218 213//218
f 216//219 215//219 217//219
f 216//220 214//220 215//220
f 218//221 217//221 219//221
f 218//222 216//222 217//222
f 220//223 218//223 219//223
f 220//224 219//224 221//224
f 222//225 221//225 223//225
f 222//226 220//226 221//226
f 224//227 222//227 223//227
f 224//228 223//228 225//228
f 226//229 224//229 225//229
f 226//230 225//230 227//230
f 228//231 226//231 227//231
f 228//232 227//232 229//232
f 230//233 228//233 229//233
f 230//234 229//234 231//234
f 232//235 230//235 231//235
f 232//236 231//236 233//236
f 234//237 232//237 233//237
f 234//238 233//238 235//238
f 236//239 234//239 235//239
f 236//240 235//240 237//240
f 238//241 236//241 237//241
f 238//242 237//242 239//242
f 240//243 238//243 239//243
f 240//244 239//244 241//244
f 242//245 241//245 243//245
f 242//246 240//246 241//246
f 244//247 242//247 243//247
f 244//248 243//248 245//248
f 246//249 244//249 245//249
f 246//250 245//250 247//250
f 248//251 246//251 247//251
f 248//252 247//252 249//252
f 250//253 248//253 249//253
f 250//254 249//254 251//254
f 252//255 250//255 251//255
f 252//256 251//256 253//256
f 254//257 253//257 255//257
f 254//258 252//258 253//258
f 256//259 254//259 255//259
f 256//260 255//260 257//260
f 258//261 256//261 257//261
f 258//262 257//262 259//262
f 260//263 258//263 259//263
f 260//264 259//264 261//264
f 262//265 260//265 261//265
f 262//266 261//266 263//266
f 262//267 263//267 264//267
f 265//268 262//268 264//268
f 265//269 264//269 266//269
f 267//270 265//270 266//270
f 268//271 267//271 266//271
f 268//272 266//272 269//272
f 268//273 269//273 270//273
f 271//274 268//274 270//274
f 272//275 271//275 270//275
f 272//276 270//276 273//276
f 274//277 272//277 273//277
f 274//278 273//278 275//278
f 276//279 275//279 277//279
f 276//280 274//280 275//280
f 278//281 277//281 279//281
f 278//282 276//282 277//282
f 280//283 279//283 281//283
f 280//284 278//284 279//284
f 282//285 281//285 283//285
f 282//286 280//286 281//286
f 284//287 283//287 285//287
f 284//288 282//288 283//288
f 286//289 285//289 287//289
f 286//290 284//290 285//290
f 288//291 287//291 289//291
f 288//292 286//292 287//292
f 290//293 289//293 291//293
f 290//294 291//294 292//294
f 290//295 288//295 289//295
f 293//296 292//296 294//296
f 293//297 290//297 292//297
f 295//298 293//298 294//298
f 296//299 294//299 297//299
f 296//300 295//300 294//300
f 298//301 297//301 299//301
f 298//302 299//302 300//302
f 298//303 296//303 297//303
f 301//304 300//304 302//304
f 301//305 298//305 300//305
f 303//306 301//306 302//306
f 304//307 302//307 305//307
f 304//308 303//308 302//308
f 306//309 305//309 307//309
f 306//310 304//310 305//310
f 308//311 307//311 309//311
f 308//312 309//312 310//312
f 308//313 306//313 307//313
f 311//314 308//314 310//314
f 312//315 311//315 310//315
f 312//316 310//316 313//316
f 312//317 313//317 314//317
f 315//318 314//318 316//318
f 315//319 312//319 314//319
f 317//320 315//320 316//320
f 318//321 316//321 319//321
f 318//322 317//322 316//322
f 320//323 318//323 319//323
f 320//324 319//324 321//324
f 322//325 323//325 324//325
f 322//326 325//326 326//326
f 322//327 326//327 327//327
f 322//328 327//328 328//328
f 322//329 328//329 329//329
f 322//330 329//330 330//330
f 322//331 330//331 331//331
f 322//332 331//332 332//332
f 322//333 332//333 333//333
f 322//334 333//334 334//334
f 322//335 334//335 335//335
f 322//336 335//336 336//336
f 322//337 336//337 337//337
f 322//338 337//338 338//338
f 322//339 338//339 339//339
f 322//340 339//340 340//340
f 322//341 340//341 341//341
f 322//342 341//342 342//342
f 322//343 342//343 343//343
f 322//344 343//344 344//344
f 322//345 344//345 345//345
f 322//346 345//346 346//346
f 322//347 346//347 347//347
f 322//348 347//348 348//348
f 322//349 348//349 349//349
f 322//350 349//350 350//350
f 322//351 350//351 351//351
f 322//352 351//352 352//352
f 322//353 352//353 353//353
f 322//354 353//354 354//354
f 322//355 354//355 355//355
f 322//356 355//356 356//356
f 322//357 356//357 357//357
f 322//358 357//358 358//358
f 322//359 358//359 359//359
f 322//360 359//360 360//360
f 322//361 360//361 361//361
f 322//362 361//362 362//362
f 322//363 362//363 363//363
f 322//364 363//364 364//364
f 322//365 364//365 365//365
f 322//366 365//366 366//366
f 322//367 366//367 367//367
f 322//368 367//368 368//368
f 322//369 368//369 369//369
f 322//370 369//370 370//370
f 322//371 370//371 371//371
f 322//372 371//372 372//372
f 322//373 372//373 373//373
f 322//374 373//374 374//374
f 322//375 374//375 375//375
f 322//376 375//376 376//376
f 322//377 376//377 377//377
f 322//378 377//378 378//378
f 322//379 378//379 379//379
f 322//380 379//380 380//380
f 322//381 380//381 323//381
f 381//382 324//382 382//382
f 381//383 382//383 383//383
f 381//384 383//384 384//384
f 381//385 322//385 324//385
f 381//386 384//386 385//386
f 381//387 385//387 386//387
f 387//388 388//388 389//388
f 387//389 389//389 390//389
f 387//390 390//390 391//390
f 387//391 391//391 392//391
f 387//392 392//392 393//392
f 387//393 393//393 394//393
f 387//394 394//394 395//394
f 387//395 395//395 396//395
f 387//396 396//396 397//396
f 387//397 397//397 398//397
f 387//398 398//398 399//398
f 387//399 399//399 400//399
f 387//400 400//400 401//400
f 387//401 401//401 402//401
f 387//402 402//402 403//402
f 387//403 403//403 404//403
f 387//404 404//404 405//404
f 387//405 405//405 406//405
f 387//406 406//406 407//406
f 387//407 407//407 408//407
f 387//408 408//408 409//408
f 387//409 409//409 410//409
f 387//410 410//410 411//410
f 387//411 411//411 412//411
f 387//412 412//412 413//412
f 387//413 413//413 414//413
f 387//414 415//414 416//414
f 387//415 414//415 417//415
f 387//416 416//416 418//416
f 387//417 417//417 419//417
f 387//418 418//418 420//418
f 387//419 419//419 421//419
f 387//420 420//420 422//420
f 387//421 421//421 423//421
f 387//422 423//422 424//422
f 387//423 424//423 425//423
f 387//424 425//424 426//424
f 387//425 426//425 427//425
f 387//426 427//426 428//426
f 387//427 428//427 429//427
f 387//428 429//428 430//428
f 387//429 430//429 431//429
f 387//430 431//430 432//430
f 387//431 432//431 433//431
f 387//432 433//432 434//432
f 387//433 434//433 435//433
f 387//434 435//434 436//434
f 387//435 436//435 437//435
f 387//436 437//436 438//436
f 387//437 438//437 439//437
f 387//438 439//438 440//438
f 387//439 440//439 441//439
f 387//440 441//440 442//440
f 387//441 442//441 443//441
f 387//442 443//442 444//442
f 387//443 444//443 445//443
f 387//444 445//444 415//444
f 446//445 386//445 447//445
f 446//446 447//446 448//446
f 446//447 448//447 449//447
f 446//448 449//448 388//448
f 446//449 388//449 387//449
f 446//450 381//450 386//450
f 19//451 387//451 141//451
f 141//452 387//452 450//452
f 450//453 387//453 451//453
f 451//454 387//454 452//454
f 452//455 387//455 453//455
f 453//456 387//456 454//456
f 454//457 387//457 455//457
f 455//458 387//458 456//458
f 456//459 387//459 457//459
f 457//460 387//460 458//460
f 458//461 387//461 321//461
f 321//462 387//462 422//462
f 321//463 422//463 459//463
f 321//464 459//464 460//464
f 321//465 460//465 461//465
f 321//466 461//466 462//466
f 321//467 462//467 463//467
f 321//468 463//468 464//468
f 321//469 464//469 465//469
f 321//470 465//470 466//470
f 321//471 466//471 320//471
f 322//472 13//472 84//472
f 322//473 84//473 467//473
f 322//474 467//474 468//474
f 322//475 468//475 469//475
f 322//476 469//476 470//476
f 322//477 470//477 471//477
f 322//478 471//478 472//478
f 322//479 472//479 473//479
f 322//480 473//480 474//480
f 322//481 474//481 207//481
f 322//482 207//482 325//482
f 325//483 207//483 475//483
f 475//484 207//484 476//484
f 476//485 207//485 477//485
f 477//486 207//486 478//486
f 478//487 207//487 479//487
f 479//488 207//488 480//488
f 480//489 207//489 481//489
f 481//490 207//490 206//490
f 482//491 483//491 484//491
f 12//492 485//492 486//492
f 12//493 486//493 482//493
f 10//494 9//494 12//494
f 484//495 10//495 12//495
f 484//496 12//496 482//496
f 485//497 12//497 17//497
f 17//498 12//498 11//498
f 322//499 5//499 13//499
f 15//500 5//500 322//500
f 487//501 16//501 488//501
f 16//502 15//502 488//502
f 16//503 487//503 14//503
f 487//504 482//504 14//504
f 487//505 489//505 482//505
f 489//506 483//506 482//506
f 482//507 486//507 18//507
f 482//508 18//508 14//508
f 490//509 491//509 17//509
f 17//510 492//510 490//510
f 491//511 493//511 17//511
f 17//512 494//512 492//512
f 493//513 495//513 17//513
f 17//514 496//514 494//514
f 495//515 497//515 17//515
f 17//516 498//516 496//516
f 497//517 499//517 17//517
f 17//518 500//518 498//518
f 499//519 501//519 17//519
f 17//520 502//520 500//520
f 501//521 503//521 17//521
f 17//522 504//522 502//522
f 503//523 505//523 17//523
f 17//524 506//524 504//524
f 505//525 507//525 17//525
f 17//526 508//526 506//526
f 507//527 509//527 17//527
f 17//528 510//528 508//528
f 509//529 511//529 17//529
f 17//530 512//530 510//530
f 511//531 513//531 17//531
f 17//532 514//532 512//532
f 513//533 515//533 17//533
f 17//534 516//534 514//534
f 515//535 517//535 17//535
f 17//536 518//536 516//536
f 517//537 519//537 17//537
f 17//538 520//538 518//538
f 519//539 521//539 17//539
f 17//540 522//540 520//540
f 521//541 523//541 17//541
f 17//542 524//542 522//542
f 523//543 525//543 17//543
f 17//544 526//544 524//544
f 525//545 527//545 17//545
f 17//546 528//546 526//546
f 527//547 529//547 17//547
f 17//548 530//548 528//548
f 529//549 531//549 17//549
f 17//550 532//550 530//550
f 531//551 533//551 17//551
f 17//552 534//552 532//552
f 533//553 535//553 17//553
f 17//554 536//554 534//554
f 535//555 537//555 17//555
f 17//556 538//556 536//556
f 537//557 539//557 17//557
f 17//558 540//558 538//558
f 539//559 541//559 17//559
f 17//560 542//560 540//560
f 541//561 543//561 17//561
f 17//562 544//562 542//562
f 543//563 545//563 17//563
f 17//564 546//564 544//564
f 545//565 547//565 17//565
f 17//566 548//566 546//566
f 17//567 549//567 548//567
f 17//568 550//568 549//568
f 17//569 551//569 550//569
f 17//570 552//570 551//570
f 17//571 553//571 552//571
f 17//572 554//572 553//572
f 17//573 555//573 554//573
f 17//574 556//574 555//574
f 17//575 557//575 556//575
f 17//576 558//576 557//576
f 17//577 559//577 558//577
f 17//578 560//578 559//578
f 17//579 561//579 560//579
f 17//580 562//580 561//580
f 563//581 485//581 564//581
f 564//582 485//582 565//582
f 565//583 485//583 566//583
f 566//584 485//584 567//584
f 567//585 485//585 568//585
f 568//586 485//586 569//586
f 569//587 485//587 570//587
f 570//588 485//588 571//588
f 571//589 485//589 572//589
f 572//590 485//590 573//590
f 573//591 485//591 574//591
f 574//592 485//592 575//592
f 575//593 485//593 576//593
f 576//594 485//594 577//594
f 577//595 485//595 578//595
f 578//596 485//596 579//596
f 579//597 485//597 580//597
f 580//598 485//598 581//598
f 581//599 485//599 582//599
f 582//600 485//600 583//600
f 583//601 485//601 547//601
f 547//602 485//602 17//602
f 563//603 584//603 485//603
f 584//604 585//604 485//604
f 585//605 586//605 485//605
f 586//606 587//606 485//606
f 587//607 588//607 485//607
f 588//608 589//608 485//608
f 589//609 590//609 485//609
f 590//610 591//610 485//610
f 591//611 592//611 485//611
f 592//612 593//612 485//612
f 593//613 594//613 485//613
f 594//614 595//614 485//614
f 595//615 596//615 485//615
f 596//616 597//616 485//616
f 597//617 598//617 485//617
f 598//618 599//618 485//618
f 599//619 600//619 485//619
f 600//620 601//620 485//620
f 601//621 602//621 485//621
f 602//622 603//622 485//622
f 603//623 604//623 485//623
f 604//624 605//624 485//624
f 605//625 606//625 485//625
f 606//626 607//626 485//626
f 607//627 608//627 485//627
f 608//628 609//628 485//628
f 609//629 610//629 485//629
f 610//630 611//630 485//630
f 611//631 612//631 485//631
f 612//632 613//632 485//632
f 613//633 614//633 485//633
f 614//634 615//634 485//634
f 615//635 616//635 485//635
f 616//636 617//636 485//636
f 617//637 618//637 485//637
f 618//638 619//638 485//638
f 619//639 620//639 485//639
f 620//640 621//640 485//640
f 621//641 622//641 485//641
f 622//642 623//642 485//642
f 623//643 624//643 485//643
f 624//644 625//644 485//644
f 625//645 626//645 485//645
f 626//646 627//646 485//646
f 627//647 628//647 485//647
f 628//648 629//648 485//648
f 629//649 630//649 485//649
f 630//650 631//650 485//650
f 631//651 632//651 485//651
f 632//652 633//652 485//652
f 634//653 635//653 636//653
f 636//654 635//654 637//654
f 638//655 635//655 634//655
f 639//656 640//656 634//656
f 634//657 640//657 638//657
f 635//658 641//658 637//658
f 639//659 642//659 640//659
f 643//660 642//660 644//660
f 644//661 642//661 639//661
f 637//662 645//662 646//662
f 641//663 645//663 637//663
f 643//664 647//664 642//664
f 645//665 648//665 646//665
f 646//666 648//666 649//666
f 650//667 651//667 643//667
f 643//668 651//668 647//668
f 648//669 652//669 649//669
f 649//670 652//670 653//670
f 654//671 655//671 650//671
f 650//672 655//672 651//672
f 652//673 656//673 653//673
f 653//674 656//674 657//674
f 658//675 659//675 660//675
f 660//676 659//676 654//676
f 654//677 659//677 655//677
f 656//678 661//678 657//678
f 657//679 661//679 662//679
f 663//680 664//680 658//680
f 658//681 664//681 659//681
f 661//682 665//682 662//682
f 662//683 665//683 666//683
f 663//684 667//684 664//684
f 665//685 668//685 666//685
f 666//686 668//686 669//686
f 663//687 670//687 667//687
f 671//688 670//688 672//688
f 672//689 670//689 663//689
f 668//690 673//690 669//690
f 669//691 673//691 674//691
f 674//692 673//692 675//692
f 671//693 676//693 670//693
f 673//694 677//694 675//694
f 678//695 679//695 680//695
f 680//696 679//696 671//696
f 671//697 679//697 676//697
f 677//698 681//698 675//698
f 675//699 681//699 682//699
f 682//700 681//700 683//700
f 684//701 685//701 678//701
f 678//702 685//702 679//702
f 681//703 686//703 683//703
f 684//704 687//704 685//704
f 686//705 688//705 683//705
f 683//706 688//706 689//706
f 562//707 690//707 684//707
f 684//708 690//708 687//708
f 688//709 691//709 689//709
f 689//710 691//710 692//710
f 692//711 693//711 694//711
f 691//712 693//712 692//712
f 694//713 695//713 696//713
f 693//714 695//714 694//714
f 695//715 697//715 696//715
f 696//716 697//716 698//716
f 698//717 699//717 700//717
f 697//718 699//718 698//718
f 699//719 701//719 700//719
f 700//720 701//720 702//720
f 702//721 703//721 704//721
f 701//722 703//722 702//722
f 704//723 705//723 706//723
f 706//724 705//724 707//724
f 703//725 705//725 704//725
f 705//726 708//726 707//726
f 708//727 709//727 707//727
f 707//728 709//728 710//728
f 710//729 709//729 711//729
f 709//730 712//730 711//730
f 712//731 713//731 711//731
f 711//732 713//732 714//732
f 713//733 715//733 714//733
f 714//734 715//734 716//734
f 715//735 717//735 716//735
f 716//736 717//736 718//736
f 717//737 719//737 718//737
f 718//738 719//738 720//738
f 719//739 721//739 720//739
f 720//740 721//740 722//740
f 722//741 721//741 723//741
f 721//742 724//742 723//742
f 724//743 725//743 723//743
f 723//744 725//744 726//744
f 726//745 727//745 728//745
f 728//746 727//746 729//746
f 725//747 727//747 726//747
f 727//748 730//748 729//748
f 730//749 731//749 729//749
f 729//750 731//750 732//750
f 731//751 733//751 732//751
f 732//752 733//752 734//752
f 734//753 733//753 735//753
f 733//754 736//754 735//754
f 736//755 737//755 735//755
f 735//756 737//756 738//756
f 737//757 739//757 738//757
f 738//758 739//758 740//758
f 739//759 741//759 740//759
f 740//760 741//760 742//760
f 741//761 743//761 742//761
f 742//762 743//762 744//762
f 743//763 745//763 744//763
f 744//764 745//764 746//764
f 745//765 747//765 746//765
f 746//766 747//766 748//766
f 747//767 749//767 748//767
f 748//768 749//768 750//768
f 749//769 751//769 750//769
f 750//770 751//770 752//770
f 752//771 753//771 754//771
f 751//772 753//772 752//772
f 753//773 755//773 754//773
f 754//774 755//774 756//774
f 755//775 757//775 756//775
f 756//776 757//776 758//776
f 757//777 759//777 758//777
f 758//778 759//778 760//778
f 759//779 761//779 760//779
f 760//780 761//780 762//780
f 761//781 763//781 762//781
f 762//782 763//782 764//782
f 764//783 763//783 765//783
f 763//784 766//784 765//784
f 766//785 767//785 765//785
f 765//786 767//786 768//786
f 768//787 767//787 769//787
f 767//788 770//788 769//788
f 769//789 771//789 772//789
f 770//790 771//790 769//790
f 772//791 773//791 774//791
f 771//792 773//792 772//792
f 774//793 775//793 776//793
f 776//794 775//794 777//794
f 773//795 775//795 774//795
f 775//796 778//796 777//796
f 777//797 779//797 780//797
f 778//798 779//798 777//798
f 780//799 781//799 782//799
f 779//800 781//800 780//800
f 782//801 783//801 784//801
f 781//802 783//802 782//802
f 784//803 785//803 786//803
f 783//804 785//804 784//804
f 786//805 787//805 788//805
f 785//806 787//806 786//806
f 17//807 18//807 562//807
f 690//808 18//808 789//808
f 562//809 18//809 690//809
f 789//810 18//810 790//810
f 790//811 18//811 791//811
f 791//812 18//812 792//812
f 792//813 18//813 793//813
f 793//814 18//814 794//814
f 794//815 18//815 795//815
f 795//816 18//816 796//816
f 796//817 18//817 797//817
f 797//818 18//818 798//818
f 798//819 18//819 799//819
f 799//820 18//820 800//820
f 800//821 18//821 801//821
f 801//822 18//822 802//822
f 802//823 18//823 803//823
f 803//824 18//824 804//824
f 804//825 18//825 805//825
f 805//826 18//826 806//826
f 806//827 18//827 807//827
f 807//828 18//828 808//828
f 808//829 18//829 809//829
f 809//830 18//830 810//830
f 810//831 18//831 811//831
f 811//832 18//832 812//832
f 812//833 18//833 813//833
f 813//834 18//834 814//834
f 814//835 18//835 815//835
f 815//836 18//836 816//836
f 816//837 18//837 817//837
f 817//838 18//838 818//838
f 818//839 18//839 819//839
f 819//840 18//840 820//840
f 820//841 18//841 821//841
f 821//842 18//842 822//842
f 822//843 18//843 823//843
f 823//844 18//844 824//844
f 824//845 18//845 825//845
f 825//846 18//846 826//846
f 826//847 18//847 827//847
f 827//848 18//848 828//848
f 828//849 18//849 829//849
f 829//850 18//850 830//850
f 830//851 18//851 831//851
f 831//852 18//852 832//852
f 832//853 18//853 833//853
f 833//854 18//854 834//854
f 834//855 18//855 835//855
f 835//856 18//856 836//856
f 836//857 18//857 837//857
f 788//858 838//858 839//858
f 787//859 838//859 788//859
f 18//860 840//860 837//860
f 839//861 841//861 842//861
f 838//862 841//862 839//862
f 18//863 843//863 840//863
f 842//864 844//864 845//864
f 845//865 844//865 846//865
f 841//866 844//866 842//866
f 18//867 847//867 843//867
f 844//868 848//868 846//868
f 18//869 849//869 847//869
f 846//870 850//870 851//870
f 848//871 850//871 846//871
f 18//872 852//872 849//872
f 851//873 853//873 854//873
f 850//874 853//874 851//874
f 18//875 855//875 852//875
f 854//876 856//876 857//876
f 853//877 856//877 854//877
f 18//878 858//878 855//878
f 857//879 859//879 860//879
f 856//880 859//880 857//880
f 18//881 861//881 858//881
f 859//882 862//882 860//882
f 860//883 862//883 633//883
f 18//884 863//884 861//884
f 18//885 864//885 863//885
f 18//886 865//886 864//886
f 18//887 866//887 865//887
f 18//888 867//888 866//888
f 18//889 868//889 867//889
f 18//890 869//890 868//890
f 18//891 870//891 869//891
f 18//892 871//892 870//892
f 18//893 872//893 871//893
f 18//894 873//894 872//894
f 18//895 874//895 873//895
f 18//896 875//896 874//896
f 18//897 876//897 875//897
f 18//898 877//898 876//898
f 877//899 486//899 878//899
f 878//900 486//900 879//900
f 879//901 486//901 880//901
f 862//902 486//902 633//902
f 880//903 486//903 881//903
f 881//904 486//904 882//904
f 882//905 486//905 883//905
f 883//906 486//906 884//906
f 884//907 486//907 885//907
f 885//908 486//908 886//908
f 886//909 486//909 887//909
f 887//910 486//910 888//910
f 888//911 486//911 889//911
f 889//912 486//912 890//912
f 890//913 486//913 891//913
f 891//914 486//914 892//914
f 892//915 486//915 893//915
f 893//916 486//916 894//916
f 894//917 486//917 895//917
f 895//918 486//918 896//918
f 896//919 486//919 897//919
f 897//920 486//920 898//920
f 898//921 486//921 899//921
f 899//922 486//922 900//922
f 900//923 486//923 901//923
f 633//924 486//924 485//924
f 901//925 486//925 902//925
f 902//926 486//926 903//926
f 903//927 486//927 904//927
f 904//928 486//928 905//928
f 905//929 486//929 906//929
f 906//930 486//930 907//930
f 908//931 486//931 909//931
f 907//932 486//932 910//932
f 909//933 486//933 911//933
f 910//934 486//934 912//934
f 911//935 486//935 913//935
f 912//936 486//936 914//936
f 913//937 486//937 915//937
f 914//938 486//938 916//938
f 915//939 486//939 917//939
f 916//940 486//940 918//940
f 917//941 486//941 919//941
f 918//942 486//942 920//942
f 919//943 486//943 921//943
f 920//944 486//944 922//944
f 921//945 486//945 923//945
f 922//946 486//946 924//946
f 923//947 486//947 925//947
f 924//948 486//948 926//948
f 925//949 486//949 927//949
f 926//950 486//950 928//950
f 927//951 486//951 929//951
f 928//952 486//952 930//952
f 929//953 486//953 931//953
f 930//954 486//954 932//954
f 931//955 486//955 933//955
f 932//956 486//956 934//956
f 933//957 486//957 862//957
f 934//958 486//958 935//958
f 935//959 486//959 936//959
f 936//960 486//960 937//960
f 937//961 486//961 938//961
f 938//962 486//962 939//962
f 939//963 486//963 940//963
f 940//964 486//964 941//964
f 941//965 486//965 942//965
f 942//966 486//966 943//966
f 943//967 486//967 944//967
f 944//968 486//968 945//968
f 945//969 486//969 946//969
f 946//970 486//970 947//970
f 947//971 486//971 908//971
f 18//972 486//972 877//972
f 10//973 387//973 19//973
f 10//974 484//974 387//974
f 488//975 15//975 381//975
f 381//976 15//976 322//976
f 484//977 948//977 446//977
f 484//978 446//978 387//978
f 948//979 488//979 381//979
f 948//980 381//980 446//980
f 949//981 138//981 139//981
f 950//982 139//982 140//982
f 950//983 949//983 139//983
f 951//984 140//984 141//984
f 951//985 950//985 140//985
f 952//986 141//986 450//986
f 952//987 951//987 141//987
f 953//988 450//988 451//988
f 953//989 952//989 450//989
f 954//990 451//990 452//990
f 954//991 953//991 451//991
f 955//992 452//992 453//992
f 955//993 954//993 452//993
f 956//994 453//994 454//994
f 956//995 955//995 453//995
f 957//996 454//996 455//996
f 957//997 956//997 454//997
f 958//998 455//998 456//998
f 958//999 957//999 455//999
f 959//1000 958//1000 456//1000
f 959//1001 456//1001 457//1001
f 960//1002 959//1002 457//1002
f 960//1003 457//1003 458//1003
f 961//1004 960//1004 458//1004
f 961//1005 458//1005 321//1005
f 962//1006 961//1006 321//1006
f 962//1007 321//1007 319//1007
f 963//1008 962//1008 319//1008
f 963//1009 319//1009 316//1009
f 964//1010 963//1010 316//1010
f 964//1011 316//1011 314//1011
f 965//1012 964//1012 314//1012
f 965//1013 314//1013 313//1013
f 966//1014 965//1014 313//1014
f 966//1015 313//1015 310//1015
f 967//1016 966//1016 310//1016
f 967//1017 310//1017 309//1017
f 968//1018 309//1018 307//1018
f 968//1019 967//1019 309//1019
f 969//1020 968//1020 307//1020
f 969//1021 307//1021 305//1021
f 970//1022 305//1022 302//1022
f 970//1023 969//1023 305//1023
f 971//1024 302//1024 300//1024
f 971//1025 970//1025 302//1025
f 972//1026 300//1026 299//1026
f 972//1027 971//1027 300//1027
f 973//1028 299//1028 297//1028
f 973//1029 972//1029 299//1029
f 974//1030 297//1030 294//1030
f 974//1031 973//1031 297//1031
f 975//1032 294//1032 292//1032
f 975//1033 974//1033 294//1033
f 976//1034 292//1034 291//1034
f 976//1035 975//1035 292//1035
f 977//1036 291//1036 289//1036
f 977//1037 976//1037 291//1037
f 978//1038 289//1038 287//1038
f 978//1039 977//1039 289//1039
f 979//1040 287//1040 285//1040
f 979//1041 978//1041 287//1041
f 980//1042 285//1042 283//1042
f 980//1043 979//1043 285//1043
f 981//1044 283//1044 281//1044
f 981//1045 980//1045 283//1045
f 982//1046 281//1046 279//1046
f 982//1047 981//1047 281//1047
f 983//1048 279//1048 277//1048
f 983//1049 982//1049 279//1049
f 984//1050 983//1050 277//1050
f 984//1051 277//1051 275//1051
f 985//1052 984//1052 275//1052
f 985//1053 275//1053 273//1053
f 986//1054 985//1054 273//1054
f 986//1055 273//1055 270//1055
f 987//1056 986//1056 270//1056
f 987//1057 270//1057 269//1057
f 988//1058 987//1058 269//1058
f 988//1059 269//1059 266//1059
f 989//1060 266//1060 264//1060
f 989//1061 988//1061 266//1061
f 990//1062 264//1062 263//1062
f 990//1063 989//1063 264//1063
f 991//1064 263//1064 261//1064
f 991//1065 990//1065 263//1065
f 992//1066 261//1066 259//1066
f 992//1067 991//1067 261//1067
f 993//1068 259//1068 257//1068
f 993//1069 992//1069 259//1069
f 994//1070 257//1070 255//1070
f 994//1071 993//1071 257//1071
f 995//1072 255//1072 253//1072
f 995//1073 994//1073 255//1073
f 996//1074 995//1074 253//1074
f 997//1075 251//1075 249//1075
f 997//1076 253//1076 251//1076
f 997//1077 996//1077 253//1077
f 998//1078 249//1078 247//1078
f 998//1079 997//1079 249//1079
f 999//1080 247//1080 245//1080
f 999//1081 998//1081 247//1081
f 1000//1082 999//1082 245//1082
f 1001//1083 243//1083 241//1083
f 1001//1084 245//1084 243//1084
f 1001//1085 1000//1085 245//1085
f 1002//1086 241//1086 239//1086
f 1002//1087 1001//1087 241//1087
f 1003//1088 239//1088 237//1088
f 1003//1089 1002//1089 239//1089
f 1004//1090 237//1090 235//1090
f 1004//1091 1003//1091 237//1091
f 1005//1092 1004//1092 235//1092
f 1005//1093 235//1093 233//1093
f 1006//1094 1005//1094 233//1094
f 1006//1095 233//1095 231//1095
f 1007//1096 1006//1096 231//1096
f 1008//1097 1007//1097 231//1097
f 1008//1098 229//1098 227//1098
f 1008//1099 231//1099 229//1099
f 1009//1100 1008//1100 227//1100
f 1010//1101 1009//1101 227//1101
f 1010//1102 225//1102 223//1102
f 1010//1103 227//1103 225//1103
f 1011//1104 1010//1104 223//1104
f 1011//1105 223//1105 221//1105
f 1012//1106 1011//1106 221//1106
f 1013//1107 1012//1107 221//1107
f 1013//1108 219//1108 217//1108
f 1013//1109 221//1109 219//1109
f 1014//1110 1013//1110 217//1110
f 1015//1111 1014//1111 217//1111
f 1015//1112 215//1112 213//1112
f 1015//1113 217//1113 215//1113
f 1016//1114 1015//1114 213//1114
f 1017//1115 1016//1115 213//1115
f 1017//1116 211//1116 209//1116
f 1017//1117 213//1117 211//1117
f 1018//1118 1017//1118 209//1118
f 1018//1119 209//1119 205//1119
f 1019//1120 1018//1120 205//1120
f 1019//1121 205//1121 201//1121
f 1020//1122 1019//1122 201//1122
f 1021//1123 1020//1123 201//1123
f 1021//1124 198//1124 193//1124
f 1021//1125 201//1125 198//1125
f 1022//1126 1021//1126 193//1126
f 1023//1127 1022//1127 193//1127
f 1023//1128 189//1128 186//1128
f 1023//1129 193//1129 189//1129
f 1024//1130 1023//1130 186//1130
f 1025//1131 1024//1131 186//1131
f 1025//1132 181//1132 177//1132
f 1025//1133 186//1133 181//1133
f 1026//1134 1025//1134 177//1134
f 1027//1135 1026//1135 177//1135
f 1027//1136 173//1136 169//1136
f 1027//1137 177//1137 173//1137
f 1028//1138 1027//1138 169//1138
f 1029//1139 1028//1139 169//1139
f 1029//1140 165//1140 161//1140
f 1029//1141 169//1141 165//1141
f 1030//1142 161//1142 158//1142
f 1030//1143 1029//1143 161//1143
f 1031//1144 1030//1144 158//1144
f 1032//1145 154//1145 149//1145
f 1032//1146 158//1146 154//1146
f 1032//1147 1031//1147 158//1147
f 1033//1148 1032//1148 149//1148
f 1034//1149 149//1149 146//1149
f 1034//1150 1033//1150 149//1150
f 1035//1151 1034//1151 146//1151
f 1035//1152 144//1152 143//1152
f 1035//1153 146//1153 144//1153
f 1036//1154 1035//1154 143//1154
f 1037//1155 1036//1155 143//1155
f 1037//1156 152//1156 151//1156
f 1037//1157 143//1157 152//1157
f 1038//1158 1037//1158 151//1158
f 1039//1159 1038//1159 151//1159
f 1039//1160 156//1160 163//1160
f 1039//1161 151//1161 156//1161
f 1040//1162 1039//1162 163//1162
f 1041//1163 1040//1163 163//1163
f 1041//1164 167//1164 171//1164
f 1041//1165 163//1165 167//1165
f 1042//1166 1041//1166 171//1166
f 1043//1167 1042//1167 171//1167
f 1043//1168 171//1168 175//1168
f 1044//1169 1043//1169 175//1169
f 1044//1170 175//1170 179//1170
f 1045//1171 1044//1171 179//1171
f 1045//1172 179//1172 184//1172
f 1046//1173 1045//1173 184//1173
f 1046//1174 184//1174 183//1174
f 1047//1175 1046//1175 183//1175
f 1047//1176 191//1176 196//1176
f 1047//1177 183//1177 191//1177
f 1048//1178 1047//1178 196//1178
f 1048//1179 196//1179 195//1179
f 1049//1180 1048//1180 195//1180
f 1050//1181 195//1181 203//1181
f 1050//1182 1049//1182 195//1182
f 1051//1183 203//1183 207//1183
f 1051//1184 1050//1184 203//1184
f 1052//1185 207//1185 474//1185
f 1052//1186 1051//1186 207//1186
f 1053//1187 474//1187 473//1187
f 1053//1188 1052//1188 474//1188
f 1054//1189 473//1189 472//1189
f 1054//1190 1053//1190 473//1190
f 1055//1191 472//1191 471//1191
f 1055//1192 1054//1192 472//1192
f 1056//1193 471//1193 470//1193
f 1056//1194 1055//1194 471//1194
f 1057//1195 470//1195 469//1195
f 1057//1196 1056//1196 470//1196
f 1058//1197 468//1197 467//1197
f 1058//1198 469//1198 468//1198
f 1058//1199 1057//1199 469//1199
f 1059//1200 1058//1200 467//1200
f 1060//1201 1059//1201 467//1201
f 1060//1202 84//1202 82//1202
f 1060//1203 467//1203 84//1203
f 1061//1204 1060//1204 82//1204
f 1062//1205 1061//1205 82//1205
f 1062//1206 80//1206 78//1206
f 1062//1207 82//1207 80//1207
f 1063//1208 1062//1208 78//1208
f 1064//1209 1063//1209 78//1209
f 1064//1210 78//1210 76//1210
f 1065//1211 1064//1211 76//1211
f 1065//1212 74//1212 72//1212
f 1065//1213 76//1213 74//1213
f 1066//1214 1065//1214 72//1214
f 1067//1215 1066//1215 72//1215
f 1067//1216 72//1216 70//1216
f 1068//1217 1067//1217 70//1217
f 1068//1218 70//1218 68//1218
f 1069//1219 66//1219 64//1219
f 1069//1220 68//1220 66//1220
f 1069//1221 1068//1221 68//1221
f 1070//1222 1069//1222 64//1222
f 1071//1223 62//1223 60//1223
f 1071//1224 64//1224 62//1224
f 1071//1225 1070//1225 64//1225
f 1072//1226 1071//1226 60//1226
f 1073//1227 58//1227 56//1227
f 1073//1228 60//1228 58//1228
f 1073//1229 1072//1229 60//1229
f 1074//1230 1073//1230 56//1230
f 1075//1231 54//1231 52//1231
f 1075//1232 56//1232 54//1232
f 1075//1233 1074//1233 56//1233
f 1076//1234 52//1234 50//1234
f 1076//1235 1075//1235 52//1235
f 1077//1236 1076//1236 50//1236
f 1078//1237 50//1237 48//1237
f 1078//1238 1077//1238 50//1238
f 1079//1239 46//1239 44//1239
f 1079//1240 48//1240 46//1240
f 1079//1241 1078//1241 48//1241
f 1080//1242 1079//1242 44//1242
f 1081//1243 42//1243 40//1243
f 1081//1244 44//1244 42//1244
f 1081//1245 1080//1245 44//1245
f 1082//1246 40//1246 38//1246
f 1082//1247 1081//1247 40//1247
f 1083//1248 1082//1248 38//1248
f 1084//1249 38//1249 36//1249
f 1084//1250 1083//1250 38//1250
f 1085//1251 34//1251 32//1251
f 1085//1252 36//1252 34//1252
f 1085//1253 1084//1253 36//1253
f 1086//1254 1085//1254 32//1254
f 1087//1255 1086//1255 32//1255
f 1087//1256 32//1256 30//1256
f 1088//1257 1087//1257 30//1257
f 1088//1258 30//1258 28//1258
f 1089//1259 28//1259 26//1259
f 1089//1260 1088//1260 28//1260
f 1090//1261 26//1261 24//1261
f 1090//1262 1089//1262 26//1262
f 1091//1263 1090//1263 24//1263
f 1091//1264 24//1264 22//1264
f 1092//1265 21//1265 20//1265
f 1092//1266 22//1266 21//1266
f 1092//1267 1091//1267 22//1267
f 1093//1268 1092//1268 20//1268
f 1094//1269 23//1269 25//1269
f 1094//1270 20//1270 23//1270
f 1094//1271 1093//1271 20//1271
f 1095//1272 1094//1272 25//1272
f 1096//1273 25//1273 27//1273
f 1096//1274 1095//1274 25//1274
f 1097//1275 29//1275 31//1275
f 1097//1276 27//1276 29//1276
f 1097//1277 1096//1277 27//1277
f 1098//1278 1097//1278 31//1278
f 1099//1279 31//1279 33//1279
f 1099//1280 1098//1280 31//1280
f 1100//1281 33//1281 35//1281
f 1100//1282 1099//1282 33//1282
f 1101//1283 37//1283 39//1283
f 1101//1284 35//1284 37//1284
f 1101//1285 1100//1285 35//1285
f 1102//1286 1101//1286 39//1286
f 1103//1287 39//1287 41//1287
f 1103//1288 1102//1288 39//1288
f 1104//1289 41//1289 43//1289
f 1104//1290 1103//1290 41//1290
f 1105//1291 43//1291 45//1291
f 1105//1292 1104//1292 43//1292
f 1106//1293 45//1293 47//1293
f 1106//1294 1105//1294 45//1294
f 1107//1295 1106//1295 47//1295
f 1107//1296 47//1296 49//1296
f 1108//1297 1107//1297 49//1297
f 1108//1298 49//1298 51//1298
f 1109//1299 51//1299 53//1299
f 1109//1300 1108//1300 51//1300
f 1110//1301 1109//1301 53//1301
f 1110//1302 53//1302 55//1302
f 1111//1303 1110//1303 55//1303
f 1111//1304 55//1304 57//1304
f 1112//1305 1111//1305 57//1305
f 1112//1306 57//1306 59//1306
f 1113//1307 1112//1307 59//1307
f 1113//1308 59//1308 61//1308
f 1114//1309 1113//1309 61//1309
f 1114//1310 61//1310 63//1310
f 1115//1311 1114//1311 63//1311
f 1115//1312 63//1312 65//1312
f 1116//1313 1115//1313 65//1313
f 1116//1314 65//1314 67//1314
f 1117//1315 1116//1315 67//1315
f 1117//1316 67//1316 69//1316
f 1118//1317 1117//1317 69//1317
f 1118//1318 69//1318 71//1318
f 1119//1319 1118//1319 71//1319
f 1119//1320 71//1320 73//1320
f 1120//1321 1119//1321 73//1321
f 1120//1322 73//1322 75//1322
f 1121//1323 1120//1323 75//1323
f 1121//1324 75//1324 77//1324
f 1122//1325 1121//1325 77//1325
f 1122//1326 77//1326 79//1326
f 1123//1327 1122//1327 79//1327
f 1123//1328 79//1328 81//1328
f 1124//1329 1123//1329 81//1329
f 1124//1330 81//1330 83//1330
f 1125//1331 1124//1331 83//1331
f 1125//1332 85//1332 86//1332
f 1125//1333 83//1333 85//1333
f 1126//1334 1125//1334 86//1334
f 1127//1335 1126//1335 86//1335
f 1127//1336 86//1336 87//1336
f 1128//1337 1127//1337 87//1337
f 1128//1338 87//1338 88//1338
f 1129//1339 1128//1339 88//1339
f 1129//1340 89//1340 90//1340
f 1129//1341 88//1341 89//1341
f 1130//1342 1129//1342 90//1342
f 1131//1343 90//1343 91//1343
f 1131//1344 1130//1344 90//1344
f 1132//1345 91//1345 92//1345
f 1132//1346 1131//1346 91//1346
f 1133//1347 93//1347 94//1347
f 1133//1348 92//1348 93//1348
f 1133//1349 1132//1349 92//1349
f 1134//1350 1133//1350 94//1350
f 1135//1351 1134//1351 94//1351
f 1135//1352 95//1352 96//1352
f 1135//1353 94//1353 95//1353
f 1136//1354 1135//1354 96//1354
f 1137//1355 1136//1355 96//1355
f 1137//1356 97//1356 98//1356
f 1137//1357 96//1357 97//1357
f 1138//1358 1137//1358 98//1358
f 1138//1359 98//1359 99//1359
f 1139//1360 1138//1360 99//1360
f 1140//1361 1139//1361 99//1361
f 1140//1362 99//1362 100//1362
f 1141//1363 1140//1363 100//1363
f 1141//1364 100//1364 101//1364
f 1142//1365 1141//1365 101//1365
f 1142//1366 101//1366 102//1366
f 1143//1367 1142//1367 102//1367
f 1143//1368 102//1368 103//1368
f 1144//1369 1143//1369 103//1369
f 1144//1370 103//1370 104//1370
f 1145//1371 1144//1371 104//1371
f 1145//1372 104//1372 105//1372
f 1146//1373 1145//1373 105//1373
f 1146//1374 105//1374 106//1374
f 1147//1375 1146//1375 106//1375
f 1147//1376 106//1376 107//1376
f 1148//1377 1147//1377 107//1377
f 1148//1378 108//1378 109//1378
f 1148//1379 107//1379 108//1379
f 1149//1380 1148//1380 109//1380
f 1150//1381 1149//1381 109//1381
f 1150//1382 109//1382 110//1382
f 1151//1383 1150//1383 110//1383
f 1151//1384 110//1384 111//1384
f 1152//1385 111//1385 112//1385
f 1152//1386 1151//1386 111//1386
f 1153//1387 112//1387 113//1387
f 1153//1388 1152//1388 112//1388
f 1154//1389 113//1389 114//1389
f 1154//1390 1153//1390 113//1390
f 1155//1391 115//1391 116//1391
f 1155//1392 114//1392 115//1392
f 1155//1393 1154//1393 114//1393
f 1156//1394 116//1394 117//1394
f 1156//1395 1155//1395 116//1395
f 1157//1396 1156//1396 117//1396
f 1158//1397 117//1397 118//1397
f 1158//1398 1157//1398 117//1398
f 1159//1399 118//1399 119//1399
f 1159//1400 1158//1400 118//1400
f 1160//1401 119//1401 120//1401
f 1160//1402 1159//1402 119//1402
f 1161//1403 120//1403 121//1403
f 1161//1404 1160//1404 120//1404
f 1162//1405 1161//1405 121//1405
f 1162//1406 121//1406 122//1406
f 1163//1407 1162//1407 122//1407
f 1163//1408 122//1408 123//1408
f 1164//1409 1163//1409 123//1409
f 1164//1410 123//1410 124//1410
f 1165//1411 1164//1411 124//1411
f 1165//1412 124//1412 125//1412
f 1166//1413 1165//1413 125//1413
f 1166//1414 125//1414 126//1414
f 1167//1415 1166//1415 126//1415
f 1167//1416 126//1416 127//1416
f 1168//1417 1167//1417 127//1417
f 1168//1418 127//1418 128//1418
f 1169//1419 1168//1419 128//1419
f 1169//1420 129//1420 130//1420
f 1169//1421 128//1421 129//1421
f 1170//1422 1169//1422 130//1422
f 1170//1423 130//1423 131//1423
f 1171//1424 1170//1424 131//1424
f 1172//1425 131//1425 132//1425
f 1172//1426 1171//1426 131//1426
f 1173//1427 133//1427 134//1427
f 1173//1428 132//1428 133//1428
f 1173//1429 1172//1429 132//1429
f 1174//1430 1173//1430 134//1430
f 1175//1431 135//1431 136//1431
f 1175//1432 134//1432 135//1432
f 1175//1433 1174//1433 134//1433
f 1176//1434 1175//1434 136//1434
f 1177//1435 136//1435 137//1435
f 1177//1436 1176//1436 136//1436
f 949//1437 137//1437 138//1437
f 949//1438 1177//1438 137//1438
f 1178//1439 415//1439 445//1439
f 1179//1440 445//1440 444//1440
f 1179//1441 1178//1441 445//1441
f 1180//1442 444//1442 443//1442
f 1180//1443 1179//1443 444//1443
f 1181//1444 443//1444 442//1444
f 1181//1445 1180//1445 443//1445
f 1182//1446 442//1446 441//1446
f 1182//1447 1181//1447 442//1447
f 1183//1448 441//1448 440//1448
f 1183//1449 1182//1449 441//1449
f 1184//1450 440//1450 439//1450
f 1184//1451 1183//1451 440//1451
f 1185//1452 439//1452 438//1452
f 1185//1453 1184//1453 439//1453
f 1186//1454 438//1454 437//1454
f 1186//1455 1185//1455 438//1455
f 1187//1456 437//1456 436//1456
f 1187//1457 1186//1457 437//1457
f 1188//1458 1187//1458 436//1458
f 1188//1459 436//1459 435//1459
f 1189//1460 1188//1460 435//1460
f 1189//1461 435//1461 434//1461
f 1190//1462 1189//1462 434//1462
f 1190//1463 434//1463 433//1463
f 1191//1464 1190//1464 433//1464
f 1191//1465 433//1465 432//1465
f 1192//1466 1191//1466 432//1466
f 1192//1467 432//1467 431//1467
f 1193//1468 1192//1468 431//1468
f 1193//1469 431//1469 430//1469
f 1194//1470 1193//1470 430//1470
f 1194//1471 430//1471 429//1471
f 1195//1472 1194//1472 429//1472
f 1195//1473 429//1473 428//1473
f 1196//1474 1195//1474 428//1474
f 1196//1475 428//1475 427//1475
f 1197//1476 427//1476 426//1476
f 1197//1477 1196//1477 427//1477
f 1198//1478 1197//1478 426//1478
f 1198//1479 426//1479 425//1479
f 1199//1480 425//1480 424//1480
f 1199//1481 1198//1481 425//1481
f 1200//1482 424//1482 423//1482
f 1200//1483 1199//1483 424//1483
f 1201//1484 423//1484 421//1484
f 1201//1485 1200//1485 423//1485
f 1202//1486 421//1486 419//1486
f 1202//1487 1201//1487 421//1487
f 1203//1488 419//1488 417//1488
f 1203//1489 1202//1489 419//1489
f 1204//1490 417//1490 414//1490
f 1204//1491 1203//1491 417//1491
f 1205//1492 414//1492 413//1492
f 1205//1493 1204//1493 414//1493
f 1206//1494 413//1494 412//1494
f 1206//1495 1205//1495 413//1495
f 1207//1496 412//1496 411//1496
f 1207//1497 1206//1497 412//1497
f 1208//1498 411//1498 410//1498
f 1208//1499 1207//1499 411//1499
f 1209//1500 410//1500 409//1500
f 1209//1501 1208//1501 410//1501
f 1210//1502 409//1502 408//1502
f 1210//1503 1209//1503 409//1503
f 1211//1504 408//1504 407//1504
f 1211//1505 1210//1505 408//1505
f 1212//1506 407//1506 406//1506
f 1212//1507 1211//1507 407//1507
f 1213//1508 1212//1508 406//1508
f 1213//1509 406//1509 405//1509
f 1214//1510 1213//1510 405//1510
f 1214//1511 405//1511 404//1511
f 1215//1512 1214//1512 404//1512
f 1215//1513 404//1513 403//1513
f 1216//1514 1215//1514 403//1514
f 1216//1515 403//1515 402//1515
f 1217//1516 1216//1516 402//1516
f 1217//1517 402//1517 401//1517
f 1218//1518 401//1518 400//1518
f 1218//1519 1217//1519 401//1519
f 1219//1520 400//1520 399//1520
f 1219//1521 1218//1521 400//1521
f 1220//1522 399//1522 398//1522
f 1220//1523 1219//1523 399//1523
f 1221//1524 398//1524 397//1524
f 1221//1525 1220//1525 398//1525
f 1222//1526 397//1526 396//1526
f 1222//1527 1221//1527 397//1527
f 1223//1528 396//1528 395//1528
f 1223//1529 1222//1529 396//1529
f 1224//1530 395//1530 394//1530
f 1224//1531 1223//1531 395//1531
f 1225//1532 1224//1532 394//1532
f 1226//1533 393//1533 392//1533
f 1226//1534 394//1534 393//1534
f 1226//1535 1225//1535 394//1535
f 1227//1536 392//1536 391//1536
f 1227//1537 1226//1537 392//1537
f 1228//1538 391//1538 390//1538
f 1228//1539 1227//1539 391//1539
f 1229//1540 1228//1540 390//1540
f 1230//1541 389//1541 388//1541
f 1230//1542 390//1542 389//1542
f 1230//1543 1229//1543 390//1543
f 1231//1544 388//1544 449//1544
f 1231//1545 1230//1545 388//1545
f 1232//1546 449//1546 448//1546
f 1232//1547 1231//1547 449//1547
f 1233//1548 448//1548 447//1548
f 1233//1549 1232//1549 448//1549
f 1234//1550 1233//1550 447//1550
f 1234//1551 447//1551 386//1551
f 1235//1552 1234//1552 386//1552
f 1235//1553 386//1553 385//1553
f 1236//1554 1235//1554 385//1554
f 1237//1555 1236//1555 385//1555
f 1237//1556 384//1556 383//1556
f 1237//1557 385//1557 384//1557
f 1238//1558 1237//1558 383//1558
f 1239//1559 1238//1559 383//1559
f 1239//1560 382//1560 324//1560
f 1239//1561 383//1561 382//1561
f 1240//1562 1239//1562 324//1562
f 1240//1563 324//1563 323//1563
f 1241//1564 1240//1564 323//1564
f 1242//1565 1241//1565 323//1565
f 1242//1566 380//1566 379//1566
f 1242//1567 323//1567 380//1567
f 1243//1568 1242//1568 379//1568
f 1244//1569 1243//1569 379//1569
f 1244//1570 378//1570 377//1570
f 1244//1571 379//1571 378//1571
f 1245//1572 1244//1572 377//1572
f 1246//1573 1245//1573 377//1573
f 1246//1574 376//1574 375//1574
f 1246//1575 377//1575 376//1575
f 1247//1576 1246//1576 375//1576
f 1247//1577 375//1577 374//1577
f 1248//1578 1247//1578 374//1578
f 1248//1579 374//1579 373//1579
f 1249//1580 1248//1580 373//1580
f 1250//1581 1249//1581 373//1581
f 1250//1582 372//1582 371//1582
f 1250//1583 373//1583 372//1583
f 1251//1584 1250//1584 371//1584
f 1252//1585 1251//1585 371//1585
f 1252//1586 370//1586 369//1586
f 1252//1587 371//1587 370//1587
f 1253//1588 1252//1588 369//1588
f 1254//1589 1253//1589 369//1589
f 1254//1590 368//1590 367//1590
f 1254//1591 369//1591 368//1591
f 1255//1592 1254//1592 367//1592
f 1256//1593 1255//1593 367//1593
f 1256//1594 366//1594 365//1594
f 1256//1595 367//1595 366//1595
f 1257//1596 1256//1596 365//1596
f 1258//1597 1257//1597 365//1597
f 1258//1598 364//1598 363//1598
f 1258//1599 365//1599 364//1599
f 1259//1600 363//1600 362//1600
f 1259//1601 1258//1601 363//1601
f 1260//1602 1259//1602 362//1602
f 1261//1603 361//1603 360//1603
f 1261//1604 362//1604 361//1604
f 1261//1605 1260//1605 362//1605
f 1262//1606 1261//1606 360//1606
f 1263//1607 360//1607 359//1607
f 1263//1608 1262//1608 360//1608
f 1264//1609 1263//1609 359//1609
f 1264//1610 358//1610 357//1610
f 1264//1611 359//1611 358//1611
f 1265//1612 1264//1612 357//1612
f 1266//1613 1265//1613 357//1613
f 1266//1614 356//1614 355//1614
f 1266//1615 357//1615 356//1615
f 1267//1616 1266//1616 355//1616
f 1268//1617 1267//1617 355//1617
f 1268//1618 354//1618 353//1618
f 1268//1619 355//1619 354//1619
f 1269//1620 1268//1620 353//1620
f 1270//1621 1269//1621 353//1621
f 1270//1622 352//1622 351//1622
f 1270//1623 353//1623 352//1623
f 1271//1624 1270//1624 351//1624
f 1272//1625 1271//1625 351//1625
f 1272//1626 351//1626 350//1626
f 1273//1627 1272//1627 350//1627
f 1273//1628 350//1628 349//1628
f 1274//1629 1273//1629 349//1629
f 1274//1630 349//1630 348//1630
f 1275//1631 1274//1631 348//1631
f 1275//1632 348//1632 347//1632
f 1276//1633 1275//1633 347//1633
f 1276//1634 346//1634 345//1634
f 1276//1635 347//1635 346//1635
f 1277//1636 1276//1636 345//1636
f 1277//1637 345//1637 344//1637
f 1278//1638 1277//1638 344//1638
f 1279//1639 344//1639 343//1639
f 1279//1640 1278//1640 344//1640
f 1280//1641 343//1641 342//1641
f 1280//1642 1279//1642 343//1642
f 1281//1643 342//1643 341//1643
f 1281//1644 1280//1644 342//1644
f 1282//1645 341//1645 340//1645
f 1282//1646 1281//1646 341//1646
f 1283//1647 340//1647 339//1647
f 1283//1648 1282//1648 340//1648
f 1284//1649 339//1649 338//1649
f 1284//1650 1283//1650 339//1650
f 1285//1651 338//1651 337//1651
f 1285//1652 1284//1652 338//1652
f 1286//1653 337//1653 336//1653
f 1286//1654 1285//1654 337//1654
f 1287//1655 335//1655 334//1655
f 1287//1656 336//1656 335//1656
f 1287//1657 1286//1657 336//1657
f 1288//1658 1287//1658 334//1658
f 1289//1659 1288//1659 334//1659
f 1289//1660 333//1660 332//1660
f 1289//1661 334//1661 333//1661
f 1290//1662 1289//1662 332//1662
f 1291//1663 1290//1663 332//1663
f 1291//1664 331//1664 330//1664
f 1291//1665 332//1665 331//1665
f 1292//1666 1291//1666 330//1666
f 1293//1667 1292//1667 330//1667
f 1293//1668 330//1668 329//1668
f 1294//1669 1293//1669 329//1669
f 1294//1670 328//1670 327//1670
f 1294//1671 329//1671 328//1671
f 1295//1672 1294//1672 327//1672
f 1296//1673 1295//1673 327//1673
f 1296//1674 327//1674 326//1674
f 1297//1675 1296//1675 326//1675
f 1297//1676 326//1676 325//1676
f 1298//1677 475//1677 476//1677
f 1298//1678 325//1678 475//1678
f 1298//1679 1297//1679 325//1679
f 1299//1680 1298//1680 476//1680
f 1300//1681 477//1681 478//1681
f 1300//1682 476//1682 477//1682
f 1300//1683 1299//1683 476//1683
f 1301//1684 1300//1684 478//1684
f 1302//1685 479//1685 480//1685
f 1302//1686 478//1686 479//1686
f 1302//1687 1301//1687 478//1687
f 1303//1688 1302//1688 480//1688
f 1304//1689 481//1689 206//1689
f 1304//1690 480//1690 481//1690
f 1304//1691 1303//1691 480//1691
f 1305//1692 206//1692 202//1692
f 1305//1693 1304//1693 206//1693
f 1306//1694 1305//1694 202//1694
f 1307//1695 202//1695 199//1695
f 1307//1696 1306//1696 202//1696
f 1308//1697 194//1697 190//1697
f 1308//1698 199//1698 194//1698
f 1308//1699 1307//1699 199//1699
f 1309//1700 1308//1700 190//1700
f 1310//1701 187//1701 182//1701
f 1310//1702 190//1702 187//1702
f 1310//1703 1309//1703 190//1703
f 1311//1704 182//1704 178//1704
f 1311//1705 1310//1705 182//1705
f 1312//1706 1311//1706 178//1706
f 1313//1707 178//1707 174//1707
f 1313//1708 1312//1708 178//1708
f 1314//1709 170//1709 166//1709
f 1314//1710 174//1710 170//1710
f 1314//1711 1313//1711 174//1711
f 1315//1712 1314//1712 166//1712
f 1316//1713 1315//1713 166//1713
f 1316//1714 166//1714 162//1714
f 1317//1715 1316//1715 162//1715
f 1317//1716 162//1716 159//1716
f 1318//1717 159//1717 155//1717
f 1318//1718 1317//1718 159//1718
f 1319//1719 155//1719 150//1719
f 1319//1720 1318//1720 155//1720
f 1320//1721 1319//1721 150//1721
f 1320//1722 150//1722 147//1722
f 1321//1723 142//1723 145//1723
f 1321//1724 147//1724 142//1724
f 1321//1725 1320//1725 147//1725
f 1322//1726 1321//1726 145//1726
f 1323//1727 148//1727 153//1727
f 1323//1728 145//1728 148//1728
f 1323//1729 1322//1729 145//1729
f 1324//1730 1323//1730 153//1730
f 1325//1731 153//1731 157//1731
f 1325//1732 1324//1732 153//1732
f 1326//1733 160//1733 164//1733
f 1326//1734 157//1734 160//1734
f 1326//1735 1325//1735 157//1735
f 1327//1736 1326//1736 164//1736
f 1328//1737 164//1737 168//1737
f 1328//1738 1327//1738 164//1738
f 1329//1739 168//1739 172//1739
f 1329//1740 1328//1740 168//1740
f 1330//1741 176//1741 180//1741
f 1330//1742 172//1742 176//1742
f 1330//1743 1329//1743 172//1743
f 1331//1744 1330//1744 180//1744
f 1332//1745 180//1745 185//1745
f 1332//1746 1331//1746 180//1746
f 1333//1747 185//1747 188//1747
f 1333//1748 1332//1748 185//1748
f 1334//1749 188//1749 192//1749
f 1334//1750 1333//1750 188//1750
f 1335//1751 192//1751 197//1751
f 1335//1752 1334//1752 192//1752
f 1336//1753 1335//1753 197//1753
f 1336//1754 197//1754 200//1754
f 1337//1755 1336//1755 200//1755
f 1337//1756 200//1756 204//1756
f 1338//1757 204//1757 208//1757
f 1338//1758 1337//1758 204//1758
f 1339//1759 1338//1759 208//1759
f 1339//1760 208//1760 210//1760
f 1340//1761 1339//1761 210//1761
f 1340//1762 210//1762 212//1762
f 1341//1763 1340//1763 212//1763
f 1341//1764 212//1764 214//1764
f 1342//1765 1341//1765 214//1765
f 1342//1766 214//1766 216//1766
f 1343//1767 1342//1767 216//1767
f 1343//1768 216//1768 218//1768
f 1344//1769 1343//1769 218//1769
f 1344//1770 218//1770 220//1770
f 1345//1771 1344//1771 220//1771
f 1345//1772 220//1772 222//1772
f 1346//1773 1345//1773 222//1773
f 1346//1774 222//1774 224//1774
f 1347//1775 1346//1775 224//1775
f 1347//1776 224//1776 226//1776
f 1348//1777 1347//1777 226//1777
f 1348//1778 226//1778 228//1778
f 1349//1779 1348//1779 228//1779
f 1349//1780 228//1780 230//1780
f 1350//1781 1349//1781 230//1781
f 1350//1782 230//1782 232//1782
f 1351//1783 1350//1783 232//1783
f 1351//1784 232//1784 234//1784
f 1352//1785 1351//1785 234//1785
f 1352//1786 234//1786 236//1786
f 1353//1787 1352//1787 236//1787
f 1353//1788 236//1788 238//1788
f 1354//1789 1353//1789 238//1789
f 1354//1790 240//1790 242//1790
f 1354//1791 238//1791 240//1791
f 1355//1792 1354//1792 242//1792
f 1356//1793 1355//1793 242//1793
f 1356//1794 242//1794 244//1794
f 1357//1795 1356//1795 244//1795
f 1357//1796 244//1796 246//1796
f 1358//1797 1357//1797 246//1797
f 1358//1798 248//1798 250//1798
f 1358//1799 246//1799 248//1799
f 1359//1800 1358//1800 250//1800
f 1360//1801 250//1801 252//1801
f 1360//1802 1359//1802 250//1802
f 1361//1803 252//1803 254//1803
f 1361//1804 1360//1804 252//1804
f 1362//1805 256//1805 258//1805
f 1362//1806 254//1806 256//1806
f 1362//1807 1361//1807 254//1807
f 1363//1808 1362//1808 258//1808
f 1364//1809 1363//1809 258//1809
f 1364//1810 260//1810 262//1810
f 1364//1811 258//1811 260//1811
f 1365//1812 1364//1812 262//1812
f 1366//1813 1365//1813 262//1813
f 1366//1814 265//1814 267//1814
f 1366//1815 262//1815 265//1815
f 1367//1816 1366//1816 267//1816
f 1367//1817 267//1817 268//1817
f 1368//1818 1367//1818 268//1818
f 1369//1819 1368//1819 268//1819
f 1369//1820 268//1820 271//1820
f 1370//1821 1369//1821 271//1821
f 1370//1822 271//1822 272//1822
f 1371//1823 1370//1823 272//1823
f 1371//1824 272//1824 274//1824
f 1372//1825 1371//1825 274//1825
f 1372//1826 274//1826 276//1826
f 1373//1827 1372//1827 276//1827
f 1373//1828 276//1828 278//1828
f 1374//1829 1373//1829 278//1829
f 1374//1830 278//1830 280//1830
f 1375//1831 1374//1831 280//1831
f 1375//1832 280//1832 282//1832
f 1376//1833 1375//1833 282//1833
f 1376//1834 282//1834 284//1834
f 1377//1835 1376//1835 284//1835
f 1377//1836 286//1836 288//1836
f 1377//1837 284//1837 286//1837
f 1378//1838 1377//1838 288//1838
f 1379//1839 1378//1839 288//1839
f 1379//1840 288//1840 290//1840
f 1380//1841 1379//1841 290//1841
f 1380//1842 290//1842 293//1842
f 1381//1843 293//1843 295//1843
f 1381//1844 1380//1844 293//1844
f 1382//1845 295//1845 296//1845
f 1382//1846 1381//1846 295//1846
f 1383//1847 296//1847 298//1847
f 1383//1848 1382//1848 296//1848
f 1384//1849 301//1849 303//1849
f 1384//1850 298//1850 301//1850
f 1384//1851 1383//1851 298//1851
f 1385//1852 303//1852 304//1852
f 1385//1853 1384//1853 303//1853
f 1386//1854 1385//1854 304//1854
f 1387//1855 304//1855 306//1855
f 1387//1856 1386//1856 304//1856
f 1388//1857 306//1857 308//1857
f 1388//1858 1387//1858 306//1858
f 1389//1859 308//1859 311//1859
f 1389//1860 1388//1860 308//1860
f 1390//1861 311//1861 312//1861
f 1390//1862 1389//1862 311//1862
f 1391//1863 1390//1863 312//1863
f 1391//1864 312//1864 315//1864
f 1392//1865 1391//1865 315//1865
f 1392//1866 315//1866 317//1866
f 1393//1867 1392//1867 317//1867
f 1393//1868 317//1868 318//1868
f 1394//1869 1393//1869 318//1869
f 1394//1870 318//1870 320//1870
f 1395//1871 1394//1871 320//1871
f 1395//1872 320//1872 466//1872
f 1396//1873 1395//1873 466//1873
f 1396//1874 466//1874 465//1874
f 1397//1875 1396//1875 465//1875
f 1397//1876 465//1876 464//1876
f 1398//1877 1397//1877 464//1877
f 1398//1878 463//1878 462//1878
f 1398//1879 464//1879 463//1879
f 1399//1880 1398//1880 462//1880
f 1399//1881 462//1881 461//1881
f 1400//1882 1399//1882 461//1882
f 1401//1883 461//1883 460//1883
f 1401//1884 1400//1884 461//1884
f 1402//1885 459//1885 422//1885
f 1402//1886 460//1886 459//1886
f 1402//1887 1401//1887 460//1887
f 1403//1888 1402//1888 422//1888
f 1404//1889 420//1889 418//1889
f 1404//1890 422//1890 420//1890
f 1404//1891 1403//1891 422//1891
f 1405//1892 1404//1892 418//1892
f 1406//1893 418//1893 416//1893
f 1406//1894 1405//1894 418//1894
f 1178//1895 416//1895 415//1895
f 1178//1896 1406//1896 416//1896
f 483//1897 489//1897 948//1897
f 484//1898 483//1898 948//1898
f 1407//1899 1408//1899 1409//1899
f 1407//1900 1410//1900 1408//1900
f 620//1901 619//1901 1411//1901
f 620//1902 1411//1902 1412//1902
f 621//1903 1412//1903 1413//1903
f 621//1904 620//1904 1412//1904
f 622//1905 1413//1905 1414//1905
f 622//1906 621//1906 1413//1906
f 623//1907 1414//1907 1415//1907
f 623//1908 622//1908 1414//1908
f 624//1909 1416//1909 1417//1909
f 624//1910 1415//1910 1416//1910
f 624//1911 623//1911 1415//1911
f 625//1912 624//1912 1417//1912
f 626//1913 1417//1913 1418//1913
f 626//1914 625//1914 1417//1914
f 627//1915 1418//1915 1419//1915
f 627//1916 626//1916 1418//1916
f 628//1917 1419//1917 1420//1917
f 628//1918 627//1918 1419//1918
f 629//1919 628//1919 1420//1919
f 629//1920 1420//1920 1421//1920
f 630//1921 629//1921 1421//1921
f 630//1922 1422//1922 1423//1922
f 630//1923 1421//1923 1422//1923
f 631//1924 630//1924 1423//1924
f 632//1925 631//1925 1423//1925
f 632//1926 1423//1926 1424//1926
f 633//1927 632//1927 1424//1927
f 633//1928 1424//1928 1425//1928
f 860//1929 633//1929 1425//1929
f 860//1930 1426//1930 1427//1930
f 860//1931 1425//1931 1426//1931
f 857//1932 860//1932 1427//1932
f 854//1933 857//1933 1427//1933
f 854//1934 1427//1934 1428//1934
f 851//1935 854//1935 1428//1935
f 851//1936 1428//1936 1429//1936
f 846//1937 1429//1937 1430//1937
f 846//1938 851//1938 1429//1938
f 845//1939 1430//1939 1431//1939
f 845//1940 846//1940 1430//1940
f 842//1941 1432//1941 1433//1941
f 842//1942 1431//1942 1432//1942
f 842//1943 845//1943 1431//1943
f 839//1944 842//1944 1433//1944
f 788//1945 1433//1945 1434//1945
f 788//1946 839//1946 1433//1946
f 786//1947 1434//1947 1435//1947
f 786//1948 788//1948 1434//1948
f 784//1949 1436//1949 1437//1949
f 784//1950 1435//1950 1436//1950
f 784//1951 786//1951 1435//1951
f 782//1952 784//1952 1437//1952
f 780//1953 1438//1953 1439//1953
f 780//1954 1437//1954 1438//1954
f 780//1955 782//1955 1437//1955
f 777//1956 780//1956 1439//1956
f 776//1957 1440//1957 1441//1957
f 776//1958 1439//1958 1440//1958
f 776//1959 777//1959 1439//1959
f 774//1960 776//1960 1441//1960
f 772//1961 1441//1961 1442//1961
f 772//1962 774//1962 1441//1962
f 769//1963 1442//1963 1443//1963
f 769//1964 772//1964 1442//1964
f 768//1965 1444//1965 1445//1965
f 768//1966 1443//1966 1444//1966
f 768//1967 769//1967 1443//1967
f 765//1968 768//1968 1445//1968
f 764//1969 765//1969 1445//1969
f 764//1970 1446//1970 1447//1970
f 764//1971 1445//1971 1446//1971
f 762//1972 764//1972 1447//1972
f 760//1973 762//1973 1447//1973
f 760//1974 1447//1974 1448//1974
f 758//1975 760//1975 1448//1975
f 758//1976 1448//1976 1449//1976
f 756//1977 1450//1977 1451//1977
f 756//1978 1449//1978 1450//1978
f 756//1979 758//1979 1449//1979
f 754//1980 756//1980 1451//1980
f 752//1981 1452//1981 1453//1981
f 752//1982 1451//1982 1452//1982
f 752//1983 754//1983 1451//1983
f 750//1984 752//1984 1453//1984
f 748//1985 1453//1985 1454//1985
f 748//1986 750//1986 1453//1986
f 746//1987 1455//1987 1456//1987
f 746//1988 1454//1988 1455//1988
f 746//1989 748//1989 1454//1989
f 744//1990 746//1990 1456//1990
f 742//1991 1456//1991 1457//1991
f 742//1992 744//1992 1456//1992
f 740//1993 1457//1993 1458//1993
f 740//1994 742//1994 1457//1994
f 738//1995 1459//1995 1460//1995
f 738//1996 1458//1996 1459//1996
f 738//1997 740//1997 1458//1997
f 735//1998 738//1998 1460//1998
f 734//1999 1461//1999 1462//1999
f 734//2000 1460//2000 1461//2000
f 734//2001 735//2001 1460//2001
f 732//2002 734//2002 1462//2002
f 729//2003 1462//2003 1463//2003
f 729//2004 732//2004 1462//2004
f 728//2005 1463//2005 1464//2005
f 728//2006 729//2006 1463//2006
f 726//2007 1465//2007 1466//2007
f 726//2008 1464//2008 1465//2008
f 726//2009 728//2009 1464//2009
f 723//2010 726//2010 1466//2010
f 722//2011 1466//2011 1467//2011
f 722//2012 723//2012 1466//2012
f 720//2013 1467//2013 1468//2013
f 720//2014 722//2014 1467//2014
f 720//2015 1468//2015 1469//2015
f 718//2016 720//2016 1469//2016
f 716//2017 718//2017 1469//2017
f 716//2018 1470//2018 1471//2018
f 716//2019 1469//2019 1470//2019
f 714//2020 716//2020 1471//2020
f 711//2021 714//2021 1471//2021
f 711//2022 1471//2022 1472//2022
f 710//2023 711//2023 1472//2023
f 710//2024 1473//2024 1474//2024
f 710//2025 1472//2025 1473//2025
f 707//2026 710//2026 1474//2026
f 707//2027 1474//2027 1475//2027
f 706//2028 707//2028 1475//2028
f 706//2029 1475//2029 1476//2029
f 704//2030 706//2030 1476//2030
f 704//2031 1476//2031 1477//2031
f 702//2032 704//2032 1477//2032
f 700//2033 702//2033 1477//2033
f 700//2034 1477//2034 1478//2034
f 698//2035 700//2035 1478//2035
f 698//2036 1479//2036 1480//2036
f 698//2037 1478//2037 1479//2037
f 696//2038 698//2038 1480//2038
f 694//2039 696//2039 1480//2039
f 694//2040 1480//2040 1481//2040
f 692//2041 694//2041 1481//2041
f 692//2042 1481//2042 1482//2042
f 689//2043 692//2043 1482//2043
f 689//2044 1482//2044 1483//2044
f 683//2045 689//2045 1483//2045
f 683//2046 1483//2046 1484//2046
f 682//2047 683//2047 1484//2047
f 682//2048 1484//2048 1485//2048
f 675//2049 682//2049 1485//2049
f 675//2050 1485//2050 1486//2050
f 674//2051 675//2051 1486//2051
f 674//2052 1486//2052 1487//2052
f 669//2053 674//2053 1487//2053
f 669//2054 1487//2054 1488//2054
f 666//2055 669//2055 1488//2055
f 666//2056 1488//2056 1489//2056
f 662//2057 666//2057 1489//2057
f 662//2058 1489//2058 1490//2058
f 657//2059 1490//2059 1491//2059
f 657//2060 662//2060 1490//2060
f 653//2061 657//2061 1491//2061
f 653//2062 1491//2062 1492//2062
f 649//2063 1492//2063 1493//2063
f 649//2064 653//2064 1492//2064
f 646//2065 1493//2065 1494//2065
f 646//2066 649//2066 1493//2066
f 637//2067 1494//2067 1495//2067
f 637//2068 646//2068 1494//2068
f 636//2069 1496//2069 1497//2069
f 636//2070 1495//2070 1496//2070
f 636//2071 637//2071 1495//2071
f 634//2072 636//2072 1497//2072
f 639//2073 634//2073 1497//2073
f 639//2074 1497//2074 1498//2074
f 644//2075 639//2075 1498//2075
f 644//2076 1498//2076 1499//2076
f 643//2077 644//2077 1499//2077
f 643//2078 1499//2078 1500//2078
f 650//2079 643//2079 1500//2079
f 650//2080 1501//2080 1502//2080
f 650//2081 1500//2081 1501//2081
f 654//2082 650//2082 1502//2082
f 660//2083 654//2083 1502//2083
f 660//2084 1502//2084 1503//2084
f 658//2085 660//2085 1503//2085
f 658//2086 1503//2086 1504//2086
f 663//2087 658//2087 1504//2087
f 663//2088 1504//2088 1505//2088
f 672//2089 663//2089 1505//2089
f 672//2090 1505//2090 1506//2090
f 671//2091 672//2091 1506//2091
f 671//2092 1506//2092 1507//2092
f 680//2093 671//2093 1507//2093
f 680//2094 1508//2094 1509//2094
f 680//2095 1507//2095 1508//2095
f 678//2096 680//2096 1509//2096
f 684//2097 678//2097 1509//2097
f 684//2098 1509//2098 1510//2098
f 562//2099 1510//2099 1511//2099
f 562//2100 684//2100 1510//2100
f 561//2101 1511//2101 1512//2101
f 561//2102 562//2102 1511//2102
f 560//2103 1512//2103 1513//2103
f 560//2104 561//2104 1512//2104
f 559//2105 1513//2105 1514//2105
f 559//2106 560//2106 1513//2106
f 558//2107 1515//2107 1516//2107
f 558//2108 1514//2108 1515//2108
f 558//2109 559//2109 1514//2109
f 557//2110 558//2110 1516//2110
f 556//2111 1517//2111 1518//2111
f 556//2112 1516//2112 1517//2112
f 556//2113 557//2113 1516//2113
f 555//2114 1518//2114 1519//2114
f 555//2115 556//2115 1518//2115
f 554//2116 555//2116 1519//2116
f 553//2117 1519//2117 1520//2117
f 553//2118 554//2118 1519//2118
f 552//2119 1520//2119 1521//2119
f 552//2120 553//2120 1520//2120
f 551//2121 552//2121 1521//2121
f 551//2122 1521//2122 1522//2122
f 550//2123 551//2123 1522//2123
f 550//2124 1523//2124 1524//2124
f 550//2125 1522//2125 1523//2125
f 549//2126 550//2126 1524//2126
f 549//2127 1524//2127 1525//2127
f 548//2128 549//2128 1525//2128
f 546//2129 548//2129 1525//2129
f 546//2130 1526//2130 1527//2130
f 546//2131 1525//2131 1526//2131
f 544//2132 546//2132 1527//2132
f 542//2133 544//2133 1527//2133
f 542//2134 1527//2134 1528//2134
f 540//2135 542//2135 1528//2135
f 540//2136 1529//2136 1530//2136
f 540//2137 1528//2137 1529//2137
f 538//2138 540//2138 1530//2138
f 536//2139 538//2139 1530//2139
f 536//2140 1531//2140 1532//2140
f 536//2141 1530//2141 1531//2141
f 534//2142 536//2142 1532//2142
f 532//2143 1533//2143 1534//2143
f 532//2144 1532//2144 1533//2144
f 532//2145 534//2145 1532//2145
f 530//2146 1534//2146 1535//2146
f 530//2147 532//2147 1534//2147
f 528//2148 1535//2148 1536//2148
f 528//2149 530//2149 1535//2149
f 526//2150 1536//2150 1537//2150
f 526//2151 528//2151 1536//2151
f 524//2152 526//2152 1537//2152
f 522//2153 1537//2153 1538//2153
f 522//2154 524//2154 1537//2154
f 520//2155 1538//2155 1539//2155
f 520//2156 522//2156 1538//2156
f 518//2157 1540//2157 1541//2157
f 518//2158 1539//2158 1540//2158
f 518//2159 520//2159 1539//2159
f 516//2160 518//2160 1541//2160
f 514//2161 1542//2161 1543//2161
f 514//2162 1541//2162 1542//2162
f 514//2163 516//2163 1541//2163
f 512//2164 514//2164 1543//2164
f 510//2165 1544//2165 1545//2165
f 510//2166 1543//2166 1544//2166
f 510//2167 512//2167 1543//2167
f 508//2168 1545//2168 1546//2168
f 508//2169 510//2169 1545//2169
f 506//2170 508//2170 1546//2170
f 504//2171 506//2171 1546//2171
f 504//2172 1547//2172 1548//2172
f 504//2173 1546//2173 1547//2173
f 502//2174 504//2174 1548//2174
f 500//2175 502//2175 1548//2175
f 500//2176 1549//2176 1550//2176
f 500//2177 1548//2177 1549//2177
f 498//2178 500//2178 1550//2178
f 496//2179 498//2179 1550//2179
f 496//2180 1550//2180 1551//2180
f 494//2181 1551//2181 1552//2181
f 494//2182 496//2182 1551//2182
f 492//2183 1553//2183 1554//2183
f 492//2184 1552//2184 1553//2184
f 492//2185 494//2185 1552//2185
f 490//2186 492//2186 1554//2186
f 491//2187 1555//2187 1556//2187
f 491//2188 1554//2188 1555//2188
f 491//2189 490//2189 1554//2189
f 493//2190 1556//2190 1557//2190
f 493//2191 491//2191 1556//2191
f 495//2192 493//2192 1557//2192
f 497//2193 1558//2193 1559//2193
f 497//2194 1557//2194 1558//2194
f 497//2195 495//2195 1557//2195
f 499//2196 497//2196 1559//2196
f 501//2197 1559//2197 1560//2197
f 501//2198 499//2198 1559//2198
f 503//2199 1561//2199 1562//2199
f 503//2200 1560//2200 1561//2200
f 503//2201 501//2201 1560//2201
f 505//2202 1562//2202 1563//2202
f 505//2203 503//2203 1562//2203
f 507//2204 505//2204 1563//2204
f 509//2205 1564//2205 1565//2205
f 509//2206 1563//2206 1564//2206
f 509//2207 507//2207 1563//2207
f 511//2208 509//2208 1565//2208
f 513//2209 1566//2209 1567//2209
f 513//2210 1565//2210 1566//2210
f 513//2211 511//2211 1565//2211
f 515//2212 513//2212 1567//2212
f 517//2213 1568//2213 1569//2213
f 517//2214 1567//2214 1568//2214
f 517//2215 515//2215 1567//2215
f 519//2216 517//2216 1569//2216
f 521//2217 519//2217 1569//2217
f 521//2218 1570//2218 1571//2218
f 521//2219 1569//2219 1570//2219
f 523//2220 521//2220 1571//2220
f 523//2221 1571//2221 1572//2221
f 525//2222 523//2222 1572//2222
f 527//2223 525//2223 1572//2223
f 527//2224 1573//2224 1574//2224
f 527//2225 1572//2225 1573//2225
f 529//2226 527//2226 1574//2226
f 531//2227 529//2227 1574//2227
f 531//2228 1575//2228 1576//2228
f 531//2229 1574//2229 1575//2229
f 533//2230 531//2230 1576//2230
f 535//2231 533//2231 1576//2231
f 535//2232 1577//2232 1578//2232
f 535//2233 1576//2233 1577//2233
f 537//2234 535//2234 1578//2234
f 539//2235 537//2235 1578//2235
f 539//2236 1579//2236 1580//2236
f 539//2237 1578//2237 1579//2237
f 541//2238 539//2238 1580//2238
f 541//2239 1580//2239 1581//2239
f 543//2240 541//2240 1581//2240
f 545//2241 543//2241 1581//2241
f 545//2242 1582//2242 1583//2242
f 545//2243 1581//2243 1582//2243
f 547//2244 545//2244 1583//2244
f 583//2245 547//2245 1583//2245
f 583//2246 1584//2246 1585//2246
f 583//2247 1583//2247 1584//2247
f 582//2248 583//2248 1585//2248
f 581//2249 582//2249 1585//2249
f 581//2250 1586//2250 1587//2250
f 581//2251 1585//2251 1586//2251
f 580//2252 581//2252 1587//2252
f 579//2253 580//2253 1587//2253
f 579//2254 1588//2254 1589//2254
f 579//2255 1587//2255 1588//2255
f 578//2256 579//2256 1589//2256
f 578//2257 1589//2257 1590//2257
f 577//2258 578//2258 1590//2258
f 576//2259 577//2259 1590//2259
f 576//2260 1591//2260 1592//2260
f 576//2261 1590//2261 1591//2261
f 575//2262 576//2262 1592//2262
f 574//2263 1593//2263 1594//2263
f 574//2264 1592//2264 1593//2264
f 574//2265 575//2265 1592//2265
f 573//2266 1594//2266 1595//2266
f 573//2267 574//2267 1594//2267
f 572//2268 573//2268 1595//2268
f 571//2269 1595//2269 1596//2269
f 571//2270 572//2270 1595//2270
f 570//2271 1596//2271 1597//2271
f 570//2272 571//2272 1596//2272
f 569//2273 570//2273 1597//2273
f 569//2274 1597//2274 1598//2274
f 568//2275 569//2275 1598//2275
f 568//2276 1598//2276 1599//2276
f 567//2277 568//2277 1599//2277
f 567//2278 1600//2278 1601//2278
f 567//2279 1599//2279 1600//2279
f 566//2280 567//2280 1601//2280
f 565//2281 566//2281 1601//2281
f 565//2282 1602//2282 1603//2282
f 565//2283 1601//2283 1602//2283
f 564//2284 565//2284 1603//2284
f 563//2285 564//2285 1603//2285
f 563//2286 1603//2286 1604//2286
f 584//2287 563//2287 1604//2287
f 584//2288 1605//2288 1606//2288
f 584//2289 1604//2289 1605//2289
f 585//2290 584//2290 1606//2290
f 586//2291 585//2291 1606//2291
f 586//2292 1607//2292 1608//2292
f 586//2293 1606//2293 1607//2293
f 587//2294 586//2294 1608//2294
f 588//2295 587//2295 1608//2295
f 588//2296 1609//2296 1610//2296
f 588//2297 1608//2297 1609//2297
f 589//2298 588//2298 1610//2298
f 590//2299 589//2299 1610//2299
f 590//2300 1610//2300 1611//2300
f 591//2301 1612//2301 1613//2301
f 591//2302 1611//2302 1612//2302
f 591//2303 590//2303 1611//2303
f 592//2304 591//2304 1613//2304
f 593//2305 1613//2305 1614//2305
f 593//2306 592//2306 1613//2306
f 594//2307 1614//2307 1615//2307
f 594//2308 593//2308 1614//2308
f 595//2309 1616//2309 1617//2309
f 595//2310 1615//2310 1616//2310
f 595//2311 594//2311 1615//2311
f 596//2312 595//2312 1617//2312
f 597//2313 1617//2313 1618//2313
f 597//2314 596//2314 1617//2314
f 598//2315 1619//2315 1620//2315
f 598//2316 1618//2316 1619//2316
f 598//2317 597//2317 1618//2317
f 599//2318 598//2318 1620//2318
f 600//2319 1621//2319 1622//2319
f 600//2320 1620//2320 1621//2320
f 600//2321 599//2321 1620//2321
f 601//2322 600//2322 1622//2322
f 602//2323 1623//2323 1624//2323
f 602//2324 1622//2324 1623//2324
f 602//2325 601//2325 1622//2325
f 603//2326 602//2326 1624//2326
f 604//2327 603//2327 1624//2327
f 604//2328 1624//2328 1625//2328
f 605//2329 604//2329 1625//2329
f 605//2330 1626//2330 1627//2330
f 605//2331 1625//2331 1626//2331
f 606//2332 605//2332 1627//2332
f 607//2333 606//2333 1627//2333
f 607//2334 1627//2334 1628//2334
f 608//2335 607//2335 1628//2335
f 608//2336 1628//2336 1629//2336
f 609//2337 608//2337 1629//2337
f 609//2338 1629//2338 1630//2338
f 610//2339 609//2339 1630//2339
f 610//2340 1630//2340 1631//2340
f 611//2341 1631//2341 1632//2341
f 611//2342 610//2342 1631//2342
f 612//2343 611//2343 1632//2343
f 612//2344 1633//2344 1634//2344
f 612//2345 1632//2345 1633//2345
f 613//2346 612//2346 1634//2346
f 614//2347 613//2347 1634//2347
f 614//2348 1634//2348 1635//2348
f 615//2349 1635//2349 1636//2349
f 615//2350 614//2350 1635//2350
f 616//2351 1636//2351 1637//2351
f 616//2352 615//2352 1636//2352
f 617//2353 1638//2353 1639//2353
f 617//2354 1637//2354 1638//2354
f 617//2355 616//2355 1637//2355
f 618//2356 617//2356 1639//2356
f 619//2357 1639//2357 1411//2357
f 619//2358 618//2358 1639//2358
f 947//2359 908//2359 1640//2359
f 947//2360 1640//2360 1641//2360
f 946//2361 1641//2361 1642//2361
f 946//2362 947//2362 1641//2362
f 945//2363 1642//2363 1643//2363
f 945//2364 946//2364 1642//2364
f 944//2365 1643//2365 1644//2365
f 944//2366 945//2366 1643//2366
f 943//2367 1645//2367 1646//2367
f 943//2368 1644//2368 1645//2368
f 943//2369 944//2369 1644//2369
f 942//2370 943//2370 1646//2370
f 941//2371 1646//2371 1647//2371
f 941//2372 942//2372 1646//2372
f 940//2373 1647//2373 1648//2373
f 940//2374 941//2374 1647//2374
f 939//2375 1648//2375 1649//2375
f 939//2376 940//2376 1648//2376
f 938//2377 939//2377 1649//2377
f 938//2378 1649//2378 1650//2378
f 937//2379 938//2379 1650//2379
f 937//2380 1651//2380 1652//2380
f 937//2381 1650//2381 1651//2381
f 936//2382 937//2382 1652//2382
f 935//2383 936//2383 1652//2383
f 935//2384 1652//2384 1653//2384
f 934//2385 935//2385 1653//2385
f 934//2386 1653//2386 1654//2386
f 932//2387 934//2387 1654//2387
f 932//2388 1655//2388 1656//2388
f 932//2389 1654//2389 1655//2389
f 930//2390 932//2390 1656//2390
f 928//2391 930//2391 1656//2391
f 928//2392 1656//2392 1657//2392
f 926//2393 928//2393 1657//2393
f 926//2394 1657//2394 1658//2394
f 924//2395 1658//2395 1659//2395
f 924//2396 926//2396 1658//2396
f 922//2397 1659//2397 1660//2397
f 922//2398 924//2398 1659//2398
f 920//2399 1661//2399 1662//2399
f 920//2400 1660//2400 1661//2400
f 920//2401 922//2401 1660//2401
f 918//2402 920//2402 1662//2402
f 916//2403 1662//2403 1663//2403
f 916//2404 918//2404 1662//2404
f 914//2405 1663//2405 1664//2405
f 914//2406 916//2406 1663//2406
f 912//2407 1665//2407 1666//2407
f 912//2408 1664//2408 1665//2408
f 912//2409 914//2409 1664//2409
f 910//2410 912//2410 1666//2410
f 907//2411 1667//2411 1668//2411
f 907//2412 1666//2412 1667//2412
f 907//2413 910//2413 1666//2413
f 906//2414 907//2414 1668//2414
f 905//2415 1669//2415 1670//2415
f 905//2416 1668//2416 1669//2416
f 905//2417 906//2417 1668//2417
f 904//2418 905//2418 1670//2418
f 903//2419 1670//2419 1671//2419
f 903//2420 904//2420 1670//2420
f 902//2421 1671//2421 1672//2421
f 902//2422 903//2422 1671//2422
f 901//2423 1673//2423 1674//2423
f 901//2424 1672//2424 1673//2424
f 901//2425 902//2425 1672//2425
f 900//2426 901//2426 1674//2426
f 899//2427 900//2427 1674//2427
f 899//2428 1675//2428 1676//2428
f 899//2429 1674//2429 1675//2429
f 898//2430 899//2430 1676//2430
f 897//2431 898//2431 1676//2431
f 897//2432 1676//2432 1677//2432
f 896//2433 897//2433 1677//2433
f 896//2434 1677//2434 1678//2434
f 895//2435 1679//2435 1680//2435
f 895//2436 1678//2436 1679//2436
f 895//2437 896//2437 1678//2437
f 894//2438 895//2438 1680//2438
f 893//2439 1681//2439 1682//2439
f 893//2440 1680//2440 1681//2440
f 893//2441 894//2441 1680//2441
f 892//2442 893//2442 1682//2442
f 891//2443 1682//2443 1683//2443
f 891//2444 892//2444 1682//2444
f 890//2445 1684//2445 1685//2445
f 890//2446 1683//2446 1684//2446
f 890//2447 891//2447 1683//2447
f 889//2448 890//2448 1685//2448
f 888//2449 1685//2449 1686//2449
f 888//2450 889//2450 1685//2450
f 887//2451 1686//2451 1687//2451
f 887//2452 888//2452 1686//2452
f 886//2453 1688//2453 1689//2453
f 886//2454 1687//2454 1688//2454
f 886//2455 887//2455 1687//2455
f 885//2456 886//2456 1689//2456
f 884//2457 1690//2457 1691//2457
f 884//2458 1689//2458 1690//2458
f 884//2459 885//2459 1689//2459
f 883//2460 884//2460 1691//2460
f 882//2461 1691//2461 1692//2461
f 882//2462 883//2462 1691//2462
f 881//2463 1692//2463 1693//2463
f 881//2464 882//2464 1692//2464
f 880//2465 1694//2465 1695//2465
f 880//2466 1693//2466 1694//2466
f 880//2467 881//2467 1693//2467
f 879//2468 880//2468 1695//2468
f 878//2469 1695//2469 1696//2469
f 878//2470 879//2470 1695//2470
f 877//2471 1696//2471 1697//2471
f 877//2472 878//2472 1696//2472
f 877//2473 1697//2473 1698//2473
f 876//2474 877//2474 1698//2474
f 875//2475 876//2475 1698//2475
f 875//2476 1699//2476 1700//2476
f 875//2477 1698//2477 1699//2477
f 874//2478 875//2478 1700//2478
f 873//2479 874//2479 1700//2479
f 873//2480 1700//2480 1701//2480
f 872//2481 873//2481 1701//2481
f 872//2482 1702//2482 1703//2482
f 872//2483 1701//2483 1702//2483
f 871//2484 872//2484 1703//2484
f 871//2485 1703//2485 1704//2485
f 870//2486 871//2486 1704//2486
f 870//2487 1704//2487 1705//2487
f 869//2488 870//2488 1705//2488
f 869//2489 1705//2489 1706//2489
f 868//2490 869//2490 1706//2490
f 867//2491 868//2491 1706//2491
f 867//2492 1706//2492 1707//2492
f 866//2493 867//2493 1707//2493
f 866//2494 1708//2494 1709//2494
f 866//2495 1707//2495 1708//2495
f 865//2496 866//2496 1709//2496
f 864//2497 865//2497 1709//2497
f 864//2498 1709//2498 1710//2498
f 863//2499 864//2499 1710//2499
f 863//2500 1710//2500 1711//2500
f 861//2501 863//2501 1711//2501
f 861//2502 1711//2502 1712//2502
f 858//2503 861//2503 1712//2503
f 858//2504 1712//2504 1713//2504
f 855//2505 858//2505 1713//2505
f 855//2506 1713//2506 1714//2506
f 852//2507 855//2507 1714//2507
f 852//2508 1714//2508 1715//2508
f 849//2509 852//2509 1715//2509
f 849//2510 1715//2510 1716//2510
f 847//2511 849//2511 1716//2511
f 847//2512 1716//2512 1717//2512
f 843//2513 847//2513 1717//2513
f 843//2514 1717//2514 1718//2514
f 840//2515 843//2515 1718//2515
f 840//2516 1718//2516 1719//2516
f 837//2517 1719//2517 1720//2517
f 837//2518 840//2518 1719//2518
f 836//2519 837//2519 1720//2519
f 836//2520 1720//2520 1721//2520
f 835//2521 1721//2521 1722//2521
f 835//2522 836//2522 1721//2522
f 834//2523 1722//2523 1723//2523
f 834//2524 835//2524 1722//2524
f 833//2525 1723//2525 1724//2525
f 833//2526 834//2526 1723//2526
f 832//2527 1725//2527 1726//2527
f 832//2528 1724//2528 1725//2528
f 832//2529 833//2529 1724//2529
f 831//2530 832//2530 1726//2530
f 830//2531 831//2531 1726//2531
f 830//2532 1726//2532 1727//2532
f 829//2533 830//2533 1727//2533
f 829//2534 1727//2534 1728//2534
f 828//2535 829//2535 1728//2535
f 828//2536 1728//2536 1729//2536
f 827//2537 828//2537 1729//2537
f 827//2538 1730//2538 1731//2538
f 827//2539 1729//2539 1730//2539
f 826//2540 827//2540 1731//2540
f 825//2541 826//2541 1731//2541
f 825//2542 1731//2542 1732//2542
f 824//2543 825//2543 1732//2543
f 824//2544 1732//2544 1733//2544
f 823//2545 824//2545 1733//2545
f 823//2546 1733//2546 1734//2546
f 822//2547 823//2547 1734//2547
f 822//2548 1734//2548 1735//2548
f 821//2549 822//2549 1735//2549
f 821//2550 1735//2550 1736//2550
f 820//2551 821//2551 1736//2551
f 820//2552 1737//2552 1738//2552
f 820//2553 1736//2553 1737//2553
f 819//2554 820//2554 1738//2554
f 818//2555 819//2555 1738//2555
f 818//2556 1738//2556 1739//2556
f 817//2557 1739//2557 1740//2557
f 817//2558 818//2558 1739//2558
f 816//2559 1740//2559 1741//2559
f 816//2560 817//2560 1740//2560
f 815//2561 1741//2561 1742//2561
f 815//2562 816//2562 1741//2562
f 814//2563 1742//2563 1743//2563
f 814//2564 815//2564 1742//2564
f 813//2565 1744//2565 1745//2565
f 813//2566 1743//2566 1744//2566
f 813//2567 814//2567 1743//2567
f 812//2568 813//2568 1745//2568
f 811//2569 1746//2569 1747//2569
f 811//2570 1745//2570 1746//2570
f 811//2571 812//2571 1745//2571
f 810//2572 1747//2572 1748//2572
f 810//2573 811//2573 1747//2573
f 809//2574 810//2574 1748//2574
f 808//2575 1748//2575 1749//2575
f 808//2576 809//2576 1748//2576
f 807//2577 1749//2577 1750//2577
f 807//2578 808//2578 1749//2578
f 806//2579 807//2579 1750//2579
f 806//2580 1750//2580 1751//2580
f 805//2581 806//2581 1751//2581
f 805//2582 1752//2582 1753//2582
f 805//2583 1751//2583 1752//2583
f 804//2584 805//2584 1753//2584
f 804//2585 1753//2585 1754//2585
f 803//2586 804//2586 1754//2586
f 802//2587 803//2587 1754//2587
f 802//2588 1755//2588 1756//2588
f 802//2589 1754//2589 1755//2589
f 801//2590 802//2590 1756//2590
f 800//2591 801//2591 1756//2591
f 800//2592 1756//2592 1757//2592
f 799//2593 800//2593 1757//2593
f 799//2594 1758//2594 1759//2594
f 799//2595 1757//2595 1758//2595
f 798//2596 799//2596 1759//2596
f 797//2597 798//2597 1759//2597
f 797//2598 1760//2598 1761//2598
f 797//2599 1759//2599 1760//2599
f 796//2600 797//2600 1761//2600
f 795//2601 1762//2601 1763//2601
f 795//2602 1761//2602 1762//2602
f 795//2603 796//2603 1761//2603
f 794//2604 1763//2604 1764//2604
f 794//2605 795//2605 1763//2605
f 793//2606 1764//2606 1765//2606
f 793//2607 794//2607 1764//2607
f 792//2608 1765//2608 1766//2608
f 792//2609 793//2609 1765//2609
f 791//2610 792//2610 1766//2610
f 790//2611 1766//2611 1767//2611
f 790//2612 791//2612 1766//2612
f 789//2613 1767//2613 1768//2613
f 789//2614 790//2614 1767//2614
f 690//2615 1769//2615 1770//2615
f 690//2616 1768//2616 1769//2616
f 690//2617 789//2617 1768//2617
f 687//2618 690//2618 1770//2618
f 685//2619 1771//2619 1772//2619
f 685//2620 1770//2620 1771//2620
f 685//2621 687//2621 1770//2621
f 679//2622 685//2622 1772//2622
f 676//2623 1773//2623 1774//2623
f 676//2624 1772//2624 1773//2624
f 676//2625 679//2625 1772//2625
f 670//2626 1774//2626 1775//2626
f 670//2627 676//2627 1774//2627
f 667//2628 670//2628 1775//2628
f 664//2629 667//2629 1775//2629
f 664//2630 1776//2630 1777//2630
f 664//2631 1775//2631 1776//2631
f 659//2632 664//2632 1777//2632
f 655//2633 659//2633 1777//2633
f 655//2634 1778//2634 1779//2634
f 655//2635 1777//2635 1778//2635
f 651//2636 655//2636 1779//2636
f 647//2637 651//2637 1779//2637
f 647//2638 1779//2638 1780//2638
f 642//2639 1780//2639 1781//2639
f 642//2640 647//2640 1780//2640
f 640//2641 1782//2641 1783//2641
f 640//2642 1781//2642 1782//2642
f 640//2643 642//2643 1781//2643
f 638//2644 640//2644 1783//2644
f 635//2645 1784//2645 1785//2645
f 635//2646 1783//2646 1784//2646
f 635//2647 638//2647 1783//2647
f 641//2648 1785//2648 1786//2648
f 641//2649 635//2649 1785//2649
f 645//2650 641//2650 1786//2650
f 648//2651 1787//2651 1788//2651
f 648//2652 1786//2652 1787//2652
f 648//2653 645//2653 1786//2653
f 652//2654 648//2654 1788//2654
f 656//2655 1788//2655 1789//2655
f 656//2656 652//2656 1788//2656
f 661//2657 1790//2657 1791//2657
f 661//2658 1789//2658 1790//2658
f 661//2659 656//2659 1789//2659
f 665//2660 1791//2660 1792//2660
f 665//2661 661//2661 1791//2661
f 668//2662 665//2662 1792//2662
f 673//2663 1793//2663 1794//2663
f 673//2664 1792//2664 1793//2664
f 673//2665 668//2665 1792//2665
f 677//2666 673//2666 1794//2666
f 681//2667 1795//2667 1796//2667
f 681//2668 1794//2668 1795//2668
f 681//2669 677//2669 1794//2669
f 686//2670 681//2670 1796//2670
f 688//2671 1797//2671 1798//2671
f 688//2672 1796//2672 1797//2672
f 688//2673 686//2673 1796//2673
f 691//2674 688//2674 1798//2674
f 693//2675 691//2675 1798//2675
f 693//2676 1799//2676 1800//2676
f 693//2677 1798//2677 1799//2677
f 695//2678 693//2678 1800//2678
f 695//2679 1800//2679 1801//2679
f 697//2680 695//2680 1801//2680
f 699//2681 697//2681 1801//2681
f 699//2682 1802//2682 1803//2682
f 699//2683 1801//2683 1802//2683
f 701//2684 699//2684 1803//2684
f 703//2685 701//2685 1803//2685
f 703//2686 1804//2686 1805//2686
f 703//2687 1803//2687 1804//2687
f 705//2688 703//2688 1805//2688
f 708//2689 705//2689 1805//2689
f 708//2690 1806//2690 1807//2690
f 708//2691 1805//2691 1806//2691
f 709//2692 708//2692 1807//2692
f 712//2693 709//2693 1807//2693
f 712//2694 1808//2694 1809//2694
f 712//2695 1807//2695 1808//2695
f 713//2696 712//2696 1809//2696
f 713//2697 1809//2697 1810//2697
f 715//2698 713//2698 1810//2698
f 717//2699 715//2699 1810//2699
f 717//2700 1811//2700 1812//2700
f 717//2701 1810//2701 1811//2701
f 719//2702 717//2702 1812//2702
f 721//2703 719//2703 1812//2703
f 721//2704 1813//2704 1814//2704
f 721//2705 1812//2705 1813//2705
f 724//2706 721//2706 1814//2706
f 725//2707 724//2707 1814//2707
f 725//2708 1815//2708 1816//2708
f 725//2709 1814//2709 1815//2709
f 727//2710 725//2710 1816//2710
f 730//2711 727//2711 1816//2711
f 730//2712 1817//2712 1818//2712
f 730//2713 1816//2713 1817//2713
f 731//2714 730//2714 1818//2714
f 731//2715 1818//2715 1819//2715
f 733//2716 731//2716 1819//2716
f 736//2717 733//2717 1819//2717
f 736//2718 1820//2718 1821//2718
f 736//2719 1819//2719 1820//2719
f 737//2720 736//2720 1821//2720
f 739//2721 1822//2721 1823//2721
f 739//2722 1821//2722 1822//2722
f 739//2723 737//2723 1821//2723
f 741//2724 1823//2724 1824//2724
f 741//2725 739//2725 1823//2725
f 743//2726 741//2726 1824//2726
f 745//2727 1824//2727 1825//2727
f 745//2728 743//2728 1824//2728
f 747//2729 1825//2729 1826//2729
f 747//2730 745//2730 1825//2730
f 749//2731 747//2731 1826//2731
f 749//2732 1826//2732 1827//2732
f 751//2733 749//2733 1827//2733
f 751//2734 1827//2734 1828//2734
f 753//2735 751//2735 1828//2735
f 753//2736 1829//2736 1830//2736
f 753//2737 1828//2737 1829//2737
f 755//2738 753//2738 1830//2738
f 757//2739 755//2739 1830//2739
f 757//2740 1831//2740 1832//2740
f 757//2741 1830//2741 1831//2741
f 759//2742 757//2742 1832//2742
f 761//2743 759//2743 1832//2743
f 761//2744 1832//2744 1833//2744
f 763//2745 761//2745 1833//2745
f 763//2746 1834//2746 1835//2746
f 763//2747 1833//2747 1834//2747
f 766//2748 763//2748 1835//2748
f 767//2749 766//2749 1835//2749
f 767//2750 1836//2750 1837//2750
f 767//2751 1835//2751 1836//2751
f 770//2752 767//2752 1837//2752
f 771//2753 770//2753 1837//2753
f 771//2754 1838//2754 1839//2754
f 771//2755 1837//2755 1838//2755
f 773//2756 771//2756 1839//2756
f 775//2757 773//2757 1839//2757
f 775//2758 1839//2758 1840//2758
f 778//2759 1841//2759 1842//2759
f 778//2760 1840//2760 1841//2760
f 778//2761 775//2761 1840//2761
f 779//2762 778//2762 1842//2762
f 781//2763 1842//2763 1843//2763
f 781//2764 779//2764 1842//2764
f 783//2765 1843//2765 1844//2765
f 783//2766 781//2766 1843//2766
f 785//2767 1845//2767 1846//2767
f 785//2768 1844//2768 1845//2768
f 785//2769 783//2769 1844//2769
f 787//2770 785//2770 1846//2770
f 838//2771 1846//2771 1847//2771
f 838//2772 787//2772 1846//2772
f 841//2773 1848//2773 1849//2773
f 841//2774 1847//2774 1848//2774
f 841//2775 838//2775 1847//2775
f 844//2776 841//2776 1849//2776
f 848//2777 1850//2777 1851//2777
f 848//2778 1849//2778 1850//2778
f 848//2779 844//2779 1849//2779
f 850//2780 848//2780 1851//2780
f 853//2781 1852//2781 1853//2781
f 853//2782 1851//2782 1852//2782
f 853//2783 850//2783 1851//2783
f 856//2784 853//2784 1853//2784
f 859//2785 856//2785 1853//2785
f 859//2786 1853//2786 1854//2786
f 862//2787 859//2787 1854//2787
f 862//2788 1855//2788 1856//2788
f 862//2789 1854//2789 1855//2789
f 933//2790 862//2790 1856//2790
f 931//2791 933//2791 1856//2791
f 931//2792 1856//2792 1857//2792
f 929//2793 931//2793 1857//2793
f 929//2794 1857//2794 1858//2794
f 927//2795 929//2795 1858//2795
f 927//2796 1858//2796 1859//2796
f 925//2797 927//2797 1859//2797
f 925//2798 1859//2798 1860//2798
f 923//2799 1860//2799 1861//2799
f 923//2800 925//2800 1860//2800
f 921//2801 923//2801 1861//2801
f 921//2802 1862//2802 1863//2802
f 921//2803 1861//2803 1862//2803
f 919//2804 921//2804 1863//2804
f 917//2805 919//2805 1863//2805
f 917//2806 1863//2806 1864//2806
f 915//2807 1864//2807 1865//2807
f 915//2808 917//2808 1864//2808
f 913//2809 1865//2809 1866//2809
f 913//2810 915//2810 1865//2810
f 911//2811 1867//2811 1868//2811
f 911//2812 1866//2812 1867//2812
f 911//2813 913//2813 1866//2813
f 909//2814 911//2814 1868//2814
f 908//2815 1868//2815 1640//2815
f 908//2816 909//2816 1868//2816
f 1554//2817 1091//2817 1092//2817
f 1555//2818 1554//2818 1092//2818
f 1555//2819 1092//2819 1093//2819
f 1553//2820 1091//2820 1554//2820
f 1553//2821 1090//2821 1091//2821
f 1556//2822 1093//2822 1094//2822
f 1556//2823 1555//2823 1093//2823
f 1552//2824 1089//2824 1090//2824
f 1552//2825 1090//2825 1553//2825
f 1557//2826 1094//2826 1095//2826
f 1557//2827 1556//2827 1094//2827
f 1551//2828 1089//2828 1552//2828
f 1551//2829 1088//2829 1089//2829
f 1558//2830 1095//2830 1096//2830
f 1558//2831 1557//2831 1095//2831
f 1550//2832 1088//2832 1551//2832
f 1550//2833 1087//2833 1088//2833
f 1559//2834 1558//2834 1096//2834
f 1559//2835 1096//2835 1097//2835
f 1549//2836 1086//2836 1087//2836
f 1549//2837 1087//2837 1550//2837
f 1560//2838 1097//2838 1098//2838
f 1560//2839 1559//2839 1097//2839
f 1548//2840 1085//2840 1086//2840
f 1548//2841 1086//2841 1549//2841
f 1561//2842 1098//2842 1099//2842
f 1561//2843 1560//2843 1098//2843
f 1547//2844 1084//2844 1085//2844
f 1547//2845 1085//2845 1548//2845
f 1562//2846 1099//2846 1100//2846
f 1562//2847 1561//2847 1099//2847
f 1546//2848 1083//2848 1084//2848
f 1546//2849 1084//2849 1547//2849
f 1563//2850 1100//2850 1101//2850
f 1563//2851 1562//2851 1100//2851
f 1545//2852 1082//2852 1083//2852
f 1545//2853 1083//2853 1546//2853
f 1564//2854 1101//2854 1102//2854
f 1564//2855 1563//2855 1101//2855
f 1544//2856 1082//2856 1545//2856
f 1544//2857 1081//2857 1082//2857
f 1565//2858 1102//2858 1103//2858
f 1565//2859 1564//2859 1102//2859
f 1543//2860 1081//2860 1544//2860
f 1543//2861 1080//2861 1081//2861
f 1566//2862 1103//2862 1104//2862
f 1566//2863 1565//2863 1103//2863
f 1542//2864 1079//2864 1080//2864
f 1542//2865 1080//2865 1543//2865
f 1567//2866 1566//2866 1104//2866
f 1567//2867 1104//2867 1105//2867
f 1541//2868 1079//2868 1542//2868
f 1568//2869 1105//2869 1106//2869
f 1568//2870 1567//2870 1105//2870
f 1540//2871 1079//2871 1541//2871
f 1540//2872 1077//2872 1078//2872
f 1540//2873 1078//2873 1079//2873
f 1569//2874 1568//2874 1106//2874
f 1569//2875 1106//2875 1107//2875
f 1539//2876 1077//2876 1540//2876
f 1539//2877 1076//2877 1077//2877
f 1570//2878 1107//2878 1108//2878
f 1570//2879 1569//2879 1107//2879
f 1538//2880 1075//2880 1076//2880
f 1538//2881 1076//2881 1539//2881
f 1571//2882 1108//2882 1109//2882
f 1571//2883 1570//2883 1108//2883
f 1537//2884 1074//2884 1075//2884
f 1537//2885 1075//2885 1538//2885
f 1572//2886 1109//2886 1110//2886
f 1572//2887 1571//2887 1109//2887
f 1536//2888 1073//2888 1074//2888
f 1536//2889 1074//2889 1537//2889
f 1573//2890 1110//2890 1111//2890
f 1573//2891 1572//2891 1110//2891
f 1535//2892 1072//2892 1073//2892
f 1535//2893 1073//2893 1536//2893
f 1574//2894 1573//2894 1111//2894
f 1574//2895 1111//2895 1112//2895
f 1534//2896 1071//2896 1072//2896
f 1534//2897 1072//2897 1535//2897
f 1575//2898 1112//2898 1113//2898
f 1575//2899 1574//2899 1112//2899
f 1533//2900 1070//2900 1071//2900
f 1533//2901 1071//2901 1534//2901
f 1576//2902 1575//2902 1113//2902
f 1576//2903 1113//2903 1114//2903
f 1532//2904 1070//2904 1533//2904
f 1532//2905 1069//2905 1070//2905
f 1577//2906 1576//2906 1114//2906
f 1577//2907 1114//2907 1115//2907
f 1531//2908 1068//2908 1069//2908
f 1531//2909 1069//2909 1532//2909
f 1578//2910 1577//2910 1115//2910
f 1578//2911 1115//2911 1116//2911
f 1530//2912 1067//2912 1068//2912
f 1530//2913 1068//2913 1531//2913
f 1579//2914 1578//2914 1116//2914
f 1579//2915 1116//2915 1117//2915
f 1529//2916 1066//2916 1067//2916
f 1529//2917 1067//2917 1530//2917
f 1580//2918 1579//2918 1117//2918
f 1580//2919 1117//2919 1118//2919
f 1528//2920 1065//2920 1066//2920
f 1528//2921 1066//2921 1529//2921
f 1581//2922 1118//2922 1119//2922
f 1581//2923 1580//2923 1118//2923
f 1527//2924 1065//2924 1528//2924
f 1582//2925 1581//2925 1119//2925
f 1582//2926 1119//2926 1120//2926
f 1526//2927 1063//2927 1064//2927
f 1526//2928 1064//2928 1065//2928
f 1526//2929 1065//2929 1527//2929
f 1583//2930 1120//2930 1121//2930
f 1583//2931 1582//2931 1120//2931
f 1525//2932 1062//2932 1063//2932
f 1525//2933 1063//2933 1526//2933
f 1584//2934 1121//2934 1122//2934
f 1584//2935 1583//2935 1121//2935
f 1524//2936 1061//2936 1062//2936
f 1524//2937 1062//2937 1525//2937
f 1585//2938 1122//2938 1123//2938
f 1585//2939 1584//2939 1122//2939
f 1523//2940 1060//2940 1061//2940
f 1523//2941 1061//2941 1524//2941
f 1586//2942 1585//2942 1123//2942
f 1586//2943 1123//2943 1124//2943
f 1522//2944 1059//2944 1060//2944
f 1522//2945 1060//2945 1523//2945
f 1587//2946 1586//2946 1124//2946
f 1587//2947 1124//2947 1125//2947
f 1521//2948 1058//2948 1059//2948
f 1521//2949 1059//2949 1522//2949
f 1588//2950 1587//2950 1125//2950
f 1588//2951 1125//2951 1126//2951
f 1520//2952 1057//2952 1058//2952
f 1520//2953 1058//2953 1521//2953
f 1589//2954 1588//2954 1126//2954
f 1589//2955 1126//2955 1127//2955
f 1519//2956 1056//2956 1057//2956
f 1519//2957 1057//2957 1520//2957
f 1590//2958 1589//2958 1127//2958
f 1590//2959 1127//2959 1128//2959
f 1518//2960 1055//2960 1056//2960
f 1518//2961 1056//2961 1519//2961
f 1591//2962 1590//2962 1128//2962
f 1591//2963 1128//2963 1129//2963
f 1517//2964 1054//2964 1055//2964
f 1517//2965 1055//2965 1518//2965
f 1592//2966 1591//2966 1129//2966
f 1592//2967 1129//2967 1130//2967
f 1516//2968 1053//2968 1054//2968
f 1516//2969 1054//2969 1517//2969
f 1593//2970 1592//2970 1130//2970
f 1593//2971 1130//2971 1131//2971
f 1515//2972 1052//2972 1053//2972
f 1515//2973 1053//2973 1516//2973
f 1594//2974 1593//2974 1131//2974
f 1594//2975 1131//2975 1132//2975
f 1514//2976 1052//2976 1515//2976
f 1595//2977 1594//2977 1132//2977
f 1595//2978 1132//2978 1133//2978
f 1513//2979 1051//2979 1052//2979
f 1513//2980 1052//2980 1514//2980
f 1596//2981 1595//2981 1133//2981
f 1596//2982 1133//2982 1134//2982
f 1512//2983 1050//2983 1051//2983
f 1512//2984 1051//2984 1513//2984
f 1597//2985 1596//2985 1134//2985
f 1597//2986 1134//2986 1135//2986
f 1511//2987 1049//2987 1050//2987
f 1511//2988 1050//2988 1512//2988
f 1598//2989 1597//2989 1135//2989
f 1598//2990 1135//2990 1136//2990
f 1510//2991 1049//2991 1511//2991
f 1510//2992 1047//2992 1048//2992
f 1510//2993 1048//2993 1049//2993
f 1599//2994 1598//2994 1136//2994
f 1599//2995 1136//2995 1137//2995
f 1509//2996 1047//2996 1510//2996
f 1600//2997 1599//2997 1137//2997
f 1600//2998 1137//2998 1138//2998
f 1508//2999 1047//2999 1509//2999
f 1508//3000 1046//3000 1047//3000
f 1601//3001 1600//3001 1138//3001
f 1601//3002 1138//3002 1139//3002
f 1507//3003 1046//3003 1508//3003
f 1507//3004 1044//3004 1045//3004
f 1507//3005 1045//3005 1046//3005
f 1602//3006 1601//3006 1139//3006
f 1602//3007 1139//3007 1140//3007
f 1506//3008 1044//3008 1507//3008
f 1506//3009 1043//3009 1044//3009
f 1603//3010 1602//3010 1140//3010
f 1603//3011 1140//3011 1141//3011
f 1505//3012 1043//3012 1506//3012
f 1604//3013 1603//3013 1141//3013
f 1604//3014 1141//3014 1142//3014
f 1504//3015 1043//3015 1505//3015
f 1504//3016 1041//3016 1042//3016
f 1504//3017 1042//3017 1043//3017
f 1605//3018 1604//3018 1142//3018
f 1605//3019 1142//3019 1143//3019
f 1503//3020 1041//3020 1504//3020
f 1606//3021 1605//3021 1143//3021
f 1606//3022 1143//3022 1144//3022
f 1502//3023 1041//3023 1503//3023
f 1502//3024 1040//3024 1041//3024
f 1607//3025 1606//3025 1144//3025
f 1607//3026 1144//3026 1145//3026
f 1501//3027 1040//3027 1502//3027
f 1501//3028 1039//3028 1040//3028
f 1608//3029 1607//3029 1145//3029
f 1608//3030 1145//3030 1146//3030
f 1500//3031 1039//3031 1501//3031
f 1500//3032 1038//3032 1039//3032
f 1037//3033 1038//3033 1500//3033
f 1609//3034 1608//3034 1146//3034
f 1609//3035 1146//3035 1147//3035
f 1499//3036 1037//3036 1500//3036
f 1610//3037 1609//3037 1147//3037
f 1610//3038 1147//3038 1148//3038
f 1498//3039 1036//3039 1037//3039
f 1498//3040 1037//3040 1499//3040
f 1611//3041 1610//3041 1148//3041
f 1611//3042 1148//3042 1149//3042
f 1497//3043 1036//3043 1498//3043
f 1497//3044 1035//3044 1036//3044
f 1150//3045 1611//3045 1149//3045
f 1150//3046 1612//3046 1611//3046
f 1496//3047 1035//3047 1497//3047
f 1034//3048 1035//3048 1496//3048
f 1151//3049 1612//3049 1150//3049
f 1151//3050 1613//3050 1612//3050
f 1033//3051 1034//3051 1496//3051
f 1033//3052 1496//3052 1495//3052
f 1494//3053 1033//3053 1495//3053
f 1152//3054 1613//3054 1151//3054
f 1152//3055 1614//3055 1613//3055
f 1032//3056 1033//3056 1494//3056
f 1615//3057 1614//3057 1152//3057
f 1153//3058 1615//3058 1152//3058
f 1616//3059 1615//3059 1153//3059
f 1031//3060 1032//3060 1494//3060
f 1031//3061 1494//3061 1493//3061
f 1154//3062 1616//3062 1153//3062
f 1030//3063 1031//3063 1493//3063
f 1030//3064 1493//3064 1492//3064
f 1030//3065 1492//3065 1491//3065
f 1155//3066 1617//3066 1616//3066
f 1155//3067 1616//3067 1154//3067
f 1029//3068 1030//3068 1491//3068
f 1156//3069 1617//3069 1155//3069
f 1156//3070 1619//3070 1618//3070
f 1156//3071 1618//3071 1617//3071
f 1028//3072 1029//3072 1491//3072
f 1028//3073 1491//3073 1490//3073
f 1157//3074 1619//3074 1156//3074
f 1157//3075 1620//3075 1619//3075
f 1027//3076 1028//3076 1490//3076
f 1027//3077 1490//3077 1489//3077
f 1158//3078 1621//3078 1620//3078
f 1158//3079 1620//3079 1157//3079
f 1026//3080 1027//3080 1489//3080
f 1026//3081 1489//3081 1488//3081
f 1159//3082 1621//3082 1158//3082
f 1159//3083 1622//3083 1621//3083
f 1025//3084 1488//3084 1487//3084
f 1025//3085 1026//3085 1488//3085
f 1160//3086 1623//3086 1622//3086
f 1160//3087 1622//3087 1159//3087
f 1024//3088 1487//3088 1486//3088
f 1024//3089 1025//3089 1487//3089
f 1161//3090 1623//3090 1160//3090
f 1023//3091 1486//3091 1485//3091
f 1023//3092 1024//3092 1486//3092
f 1162//3093 1623//3093 1161//3093
f 1162//3094 1625//3094 1624//3094
f 1162//3095 1624//3095 1623//3095
f 1022//3096 1023//3096 1485//3096
f 1022//3097 1485//3097 1484//3097
f 1163//3098 1625//3098 1162//3098
f 1021//3099 1484//3099 1483//3099
f 1021//3100 1483//3100 1482//3100
f 1021//3101 1022//3101 1484//3101
f 1164//3102 1625//3102 1163//3102
f 1164//3103 1626//3103 1625//3103
f 1020//3104 1021//3104 1482//3104
f 1165//3105 1627//3105 1626//3105
f 1165//3106 1626//3106 1164//3106
f 1019//3107 1020//3107 1482//3107
f 1019//3108 1482//3108 1481//3108
f 1166//3109 1627//3109 1165//3109
f 1166//3110 1629//3110 1628//3110
f 1166//3111 1628//3111 1627//3111
f 1018//3112 1019//3112 1481//3112
f 1018//3113 1481//3113 1480//3113
f 1018//3114 1480//3114 1479//3114
f 1167//3115 1629//3115 1166//3115
f 1017//3116 1018//3116 1479//3116
f 1168//3117 1629//3117 1167//3117
f 1168//3118 1631//3118 1630//3118
f 1168//3119 1630//3119 1629//3119
f 1016//3120 1017//3120 1479//3120
f 1016//3121 1479//3121 1478//3121
f 1169//3122 1631//3122 1168//3122
f 1015//3123 1016//3123 1478//3123
f 1015//3124 1478//3124 1477//3124
f 1015//3125 1477//3125 1476//3125
f 1170//3126 1633//3126 1632//3126
f 1170//3127 1632//3127 1631//3127
f 1170//3128 1631//3128 1169//3128
f 1014//3129 1015//3129 1476//3129
f 1171//3130 1633//3130 1170//3130
f 1013//3131 1014//3131 1476//3131
f 1013//3132 1476//3132 1475//3132
f 1172//3133 1634//3133 1633//3133
f 1172//3134 1633//3134 1171//3134
f 1012//3135 1013//3135 1475//3135
f 1012//3136 1475//3136 1474//3136
f 1173//3137 1635//3137 1634//3137
f 1173//3138 1634//3138 1172//3138
f 1011//3139 1012//3139 1474//3139
f 1011//3140 1474//3140 1473//3140
f 1174//3141 1637//3141 1636//3141
f 1174//3142 1636//3142 1635//3142
f 1174//3143 1635//3143 1173//3143
f 1010//3144 1011//3144 1473//3144
f 1010//3145 1473//3145 1472//3145
f 1010//3146 1472//3146 1471//3146
f 1175//3147 1637//3147 1174//3147
f 1175//3148 1638//3148 1637//3148
f 1009//3149 1010//3149 1471//3149
f 1176//3150 1638//3150 1175//3150
f 1008//3151 1009//3151 1471//3151
f 1008//3152 1471//3152 1470//3152
f 1177//3153 1638//3153 1176//3153
f 1177//3154 1639//3154 1638//3154
f 1007//3155 1008//3155 1470//3155
f 1007//3156 1470//3156 1469//3156
f 949//3157 1411//3157 1639//3157
f 949//3158 1639//3158 1177//3158
f 1006//3159 1007//3159 1469//3159
f 1006//3160 1469//3160 1468//3160
f 1006//3161 1468//3161 1467//3161
f 950//3162 1413//3162 1412//3162
f 950//3163 1412//3163 1411//3163
f 950//3164 1411//3164 949//3164
f 1005//3165 1006//3165 1467//3165
f 1005//3166 1467//3166 1466//3166
f 951//3167 1413//3167 950//3167
f 1004//3168 1005//3168 1466//3168
f 952//3169 1413//3169 951//3169
f 952//3170 1415//3170 1414//3170
f 952//3171 1414//3171 1413//3171
f 1003//3172 1466//3172 1465//3172
f 1003//3173 1004//3173 1466//3173
f 953//3174 1415//3174 952//3174
f 1002//3175 1465//3175 1464//3175
f 1002//3176 1003//3176 1465//3176
f 954//3177 1415//3177 953//3177
f 954//3178 1416//3178 1415//3178
f 1001//3179 1464//3179 1463//3179
f 1001//3180 1002//3180 1464//3180
f 955//3181 1418//3181 1417//3181
f 955//3182 1417//3182 1416//3182
f 955//3183 1416//3183 954//3183
f 1000//3184 1463//3184 1462//3184
f 1000//3185 1001//3185 1463//3185
f 956//3186 1418//3186 955//3186
f 999//3187 1462//3187 1461//3187
f 999//3188 1461//3188 1460//3188
f 999//3189 1000//3189 1462//3189
f 957//3190 1420//3190 1419//3190
f 957//3191 1419//3191 1418//3191
f 957//3192 1418//3192 956//3192
f 998//3193 1460//3193 1459//3193
f 998//3194 999//3194 1460//3194
f 958//3195 1420//3195 957//3195
f 997//3196 998//3196 1459//3196
f 959//3197 1420//3197 958//3197
f 959//3198 1421//3198 1420//3198
f 996//3199 1459//3199 1458//3199
f 996//3200 997//3200 1459//3200
f 960//3201 1423//3201 1422//3201
f 960//3202 1421//3202 959//3202
f 960//3203 1422//3203 1421//3203
f 995//3204 1458//3204 1457//3204
f 995//3205 996//3205 1458//3205
f 961//3206 1423//3206 960//3206
f 994//3207 1457//3207 1456//3207
f 994//3208 995//3208 1457//3208
f 962//3209 1423//3209 961//3209
f 962//3210 1424//3210 1423//3210
f 993//3211 1456//3211 1455//3211
f 993//3212 994//3212 1456//3212
f 963//3213 1424//3213 962//3213
f 963//3214 1426//3214 1425//3214
f 963//3215 1425//3215 1424//3215
f 992//3216 993//3216 1455//3216
f 992//3217 1455//3217 1454//3217
f 964//3218 1427//3218 1426//3218
f 964//3219 1426//3219 963//3219
f 991//3220 1454//3220 1453//3220
f 991//3221 992//3221 1454//3221
f 965//3222 1427//3222 964//3222
f 990//3223 1453//3223 1452//3223
f 990//3224 991//3224 1453//3224
f 966//3225 1427//3225 965//3225
f 966//3226 1429//3226 1428//3226
f 966//3227 1428//3227 1427//3227
f 989//3228 990//3228 1452//3228
f 989//3229 1452//3229 1451//3229
f 967//3230 1429//3230 966//3230
f 967//3231 1430//3231 1429//3231
f 988//3232 1451//3232 1450//3232
f 988//3233 989//3233 1451//3233
f 968//3234 1430//3234 967//3234
f 968//3235 1431//3235 1430//3235
f 987//3236 1450//3236 1449//3236
f 987//3237 988//3237 1450//3237
f 969//3238 1431//3238 968//3238
f 969//3239 1432//3239 1431//3239
f 986//3240 1449//3240 1448//3240
f 986//3241 987//3241 1449//3241
f 970//3242 1432//3242 969//3242
f 970//3243 1433//3243 1432//3243
f 985//3244 1448//3244 1447//3244
f 985//3245 986//3245 1448//3245
f 971//3246 1434//3246 1433//3246
f 971//3247 1433//3247 970//3247
f 984//3248 1447//3248 1446//3248
f 984//3249 985//3249 1447//3249
f 972//3250 1434//3250 971//3250
f 972//3251 1435//3251 1434//3251
f 983//3252 1446//3252 1445//3252
f 983//3253 984//3253 1446//3253
f 973//3254 1435//3254 972//3254
f 973//3255 1436//3255 1435//3255
f 982//3256 1445//3256 1444//3256
f 982//3257 983//3257 1445//3257
f 974//3258 1436//3258 973//3258
f 981//3259 1444//3259 1443//3259
f 981//3260 982//3260 1444//3260
f 975//3261 1438//3261 1437//3261
f 975//3262 1437//3262 1436//3262
f 975//3263 1436//3263 974//3263
f 980//3264 1443//3264 1442//3264
f 980//3265 981//3265 1443//3265
f 976//3266 1438//3266 975//3266
f 976//3267 1439//3267 1438//3267
f 979//3268 1442//3268 1441//3268
f 979//3269 980//3269 1442//3269
f 977//3270 1439//3270 976//3270
f 978//3271 1441//3271 1440//3271
f 978//3272 1440//3272 1439//3272
f 978//3273 1439//3273 977//3273
f 978//3274 979//3274 1441//3274
f 1783//3275 1320//3275 1321//3275
f 1784//3276 1783//3276 1321//3276
f 1784//3277 1321//3277 1322//3277
f 1782//3278 1320//3278 1783//3278
f 1782//3279 1319//3279 1320//3279
f 1785//3280 1322//3280 1323//3280
f 1785//3281 1784//3281 1322//3281
f 1781//3282 1318//3282 1319//3282
f 1781//3283 1319//3283 1782//3283
f 1786//3284 1323//3284 1324//3284
f 1786//3285 1785//3285 1323//3285
f 1780//3286 1318//3286 1781//3286
f 1780//3287 1317//3287 1318//3287
f 1787//3288 1324//3288 1325//3288
f 1787//3289 1786//3289 1324//3289
f 1779//3290 1317//3290 1780//3290
f 1779//3291 1316//3291 1317//3291
f 1788//3292 1787//3292 1325//3292
f 1788//3293 1325//3293 1326//3293
f 1778//3294 1315//3294 1316//3294
f 1778//3295 1316//3295 1779//3295
f 1789//3296 1326//3296 1327//3296
f 1789//3297 1788//3297 1326//3297
f 1777//3298 1314//3298 1315//3298
f 1777//3299 1315//3299 1778//3299
f 1790//3300 1327//3300 1328//3300
f 1790//3301 1789//3301 1327//3301
f 1776//3302 1313//3302 1314//3302
f 1776//3303 1314//3303 1777//3303
f 1791//3304 1328//3304 1329//3304
f 1791//3305 1790//3305 1328//3305
f 1775//3306 1312//3306 1313//3306
f 1775//3307 1313//3307 1776//3307
f 1792//3308 1329//3308 1330//3308
f 1792//3309 1791//3309 1329//3309
f 1774//3310 1311//3310 1312//3310
f 1774//3311 1312//3311 1775//3311
f 1793//3312 1330//3312 1331//3312
f 1793//3313 1792//3313 1330//3313
f 1773//3314 1311//3314 1774//3314
f 1773//3315 1310//3315 1311//3315
f 1794//3316 1331//3316 1332//3316
f 1794//3317 1793//3317 1331//3317
f 1772//3318 1310//3318 1773//3318
f 1772//3319 1309//3319 1310//3319
f 1795//3320 1332//3320 1333//3320
f 1795//3321 1794//3321 1332//3321
f 1771//3322 1308//3322 1309//3322
f 1771//3323 1309//3323 1772//3323
f 1796//3324 1795//3324 1333//3324
f 1796//3325 1333//3325 1334//3325
f 1770//3326 1308//3326 1771//3326
f 1797//3327 1334//3327 1335//3327
f 1797//3328 1796//3328 1334//3328
f 1769//3329 1308//3329 1770//3329
f 1769//3330 1306//3330 1307//3330
f 1769//3331 1307//3331 1308//3331
f 1798//3332 1797//3332 1335//3332
f 1798//3333 1335//3333 1336//3333
f 1768//3334 1306//3334 1769//3334
f 1768//3335 1305//3335 1306//3335
f 1799//3336 1336//3336 1337//3336
f 1799//3337 1798//3337 1336//3337
f 1767//3338 1304//3338 1305//3338
f 1767//3339 1305//3339 1768//3339
f 1800//3340 1337//3340 1338//3340
f 1800//3341 1799//3341 1337//3341
f 1766//3342 1303//3342 1304//3342
f 1766//3343 1304//3343 1767//3343
f 1801//3344 1338//3344 1339//3344
f 1801//3345 1800//3345 1338//3345
f 1765//3346 1302//3346 1303//3346
f 1765//3347 1303//3347 1766//3347
f 1802//3348 1339//3348 1340//3348
f 1802//3349 1801//3349 1339//3349
f 1764//3350 1301//3350 1302//3350
f 1764//3351 1302//3351 1765//3351
f 1803//3352 1802//3352 1340//3352
f 1803//3353 1340//3353 1341//3353
f 1763//3354 1300//3354 1301//3354
f 1763//3355 1301//3355 1764//3355
f 1804//3356 1341//3356 1342//3356
f 1804//3357 1803//3357 1341//3357
f 1762//3358 1299//3358 1300//3358
f 1762//3359 1300//3359 1763//3359
f 1805//3360 1804//3360 1342//3360
f 1805//3361 1342//3361 1343//3361
f 1761//3362 1299//3362 1762//3362
f 1761//3363 1298//3363 1299//3363
f 1806//3364 1805//3364 1343//3364
f 1806//3365 1343//3365 1344//3365
f 1760//3366 1297//3366 1298//3366
f 1760//3367 1298//3367 1761//3367
f 1807//3368 1806//3368 1344//3368
f 1807//3369 1344//3369 1345//3369
f 1759//3370 1296//3370 1297//3370
f 1759//3371 1297//3371 1760//3371
f 1808//3372 1807//3372 1345//3372
f 1808//3373 1345//3373 1346//3373
f 1758//3374 1295//3374 1296//3374
f 1758//3375 1296//3375 1759//3375
f 1809//3376 1808//3376 1346//3376
f 1809//3377 1346//3377 1347//3377
f 1757//3378 1294//3378 1295//3378
f 1757//3379 1295//3379 1758//3379
f 1810//3380 1347//3380 1348//3380
f 1810//3381 1809//3381 1347//3381
f 1756//3382 1294//3382 1757//3382
f 1811//3383 1810//3383 1348//3383
f 1811//3384 1348//3384 1349//3384
f 1755//3385 1292//3385 1293//3385
f 1755//3386 1293//3386 1294//3386
f 1755//3387 1294//3387 1756//3387
f 1812//3388 1349//3388 1350//3388
f 1812//3389 1811//3389 1349//3389
f 1754//3390 1291//3390 1292//3390
f 1754//3391 1292//3391 1755//3391
f 1813//3392 1350//3392 1351//3392
f 1813//3393 1812//3393 1350//3393
f 1753//3394 1290//3394 1291//3394
f 1753//3395 1291//3395 1754//3395
f 1814//3396 1351//3396 1352//3396
f 1814//3397 1813//3397 1351//3397
f 1752//3398 1289//3398 1290//3398
f 1752//3399 1290//3399 1753//3399
f 1815//3400 1814//3400 1352//3400
f 1815//3401 1352//3401 1353//3401
f 1751//3402 1288//3402 1289//3402
f 1751//3403 1289//3403 1752//3403
f 1816//3404 1815//3404 1353//3404
f 1816//3405 1353//3405 1354//3405
f 1750//3406 1287//3406 1288//3406
f 1750//3407 1288//3407 1751//3407
f 1817//3408 1816//3408 1354//3408
f 1817//3409 1354//3409 1355//3409
f 1749//3410 1286//3410 1287//3410
f 1749//3411 1287//3411 1750//3411
f 1818//3412 1817//3412 1355//3412
f 1818//3413 1355//3413 1356//3413
f 1748//3414 1285//3414 1286//3414
f 1748//3415 1286//3415 1749//3415
f 1819//3416 1818//3416 1356//3416
f 1819//3417 1356//3417 1357//3417
f 1747//3418 1284//3418 1285//3418
f 1747//3419 1285//3419 1748//3419
f 1820//3420 1819//3420 1357//3420
f 1820//3421 1357//3421 1358//3421
f 1746//3422 1283//3422 1284//3422
f 1746//3423 1284//3423 1747//3423
f 1821//3424 1820//3424 1358//3424
f 1821//3425 1358//3425 1359//3425
f 1745//3426 1282//3426 1283//3426
f 1745//3427 1283//3427 1746//3427
f 1822//3428 1821//3428 1359//3428
f 1822//3429 1359//3429 1360//3429
f 1744//3430 1281//3430 1282//3430
f 1744//3431 1282//3431 1745//3431
f 1823//3432 1822//3432 1360//3432
f 1823//3433 1360//3433 1361//3433
f 1743//3434 1281//3434 1744//3434
f 1824//3435 1823//3435 1361//3435
f 1824//3436 1361//3436 1362//3436
f 1742//3437 1280//3437 1281//3437
f 1742//3438 1281//3438 1743//3438
f 1825//3439 1824//3439 1362//3439
f 1825//3440 1362//3440 1363//3440
f 1741//3441 1279//3441 1280//3441
f 1741//3442 1280//3442 1742//3442
f 1826//3443 1825//3443 1363//3443
f 1826//3444 1363//3444 1364//3444
f 1740//3445 1278//3445 1279//3445
f 1740//3446 1279//3446 1741//3446
f 1827//3447 1826//3447 1364//3447
f 1827//3448 1364//3448 1365//3448
f 1739//3449 1278//3449 1740//3449
f 1739//3450 1276//3450 1277//3450
f 1739//3451 1277//3451 1278//3451
f 1828//3452 1827//3452 1365//3452
f 1828//3453 1365//3453 1366//3453
f 1738//3454 1276//3454 1739//3454
f 1829//3455 1828//3455 1366//3455
f 1829//3456 1366//3456 1367//3456
f 1737//3457 1276//3457 1738//3457
f 1737//3458 1275//3458 1276//3458
f 1830//3459 1829//3459 1367//3459
f 1830//3460 1367//3460 1368//3460
f 1736//3461 1275//3461 1737//3461
f 1736//3462 1273//3462 1274//3462
f 1736//3463 1274//3463 1275//3463
f 1831//3464 1830//3464 1368//3464
f 1831//3465 1368//3465 1369//3465
f 1735//3466 1273//3466 1736//3466
f 1735//3467 1272//3467 1273//3467
f 1832//3468 1831//3468 1369//3468
f 1832//3469 1369//3469 1370//3469
f 1734//3470 1272//3470 1735//3470
f 1833//3471 1832//3471 1370//3471
f 1833//3472 1370//3472 1371//3472
f 1733//3473 1272//3473 1734//3473
f 1733//3474 1270//3474 1271//3474
f 1733//3475 1271//3475 1272//3475
f 1834//3476 1833//3476 1371//3476
f 1834//3477 1371//3477 1372//3477
f 1732//3478 1270//3478 1733//3478
f 1835//3479 1834//3479 1372//3479
f 1835//3480 1372//3480 1373//3480
f 1731//3481 1270//3481 1732//3481
f 1731//3482 1269//3482 1270//3482
f 1836//3483 1835//3483 1373//3483
f 1836//3484 1373//3484 1374//3484
f 1730//3485 1269//3485 1731//3485
f 1730//3486 1268//3486 1269//3486
f 1837//3487 1836//3487 1374//3487
f 1837//3488 1374//3488 1375//3488
f 1729//3489 1268//3489 1730//3489
f 1729//3490 1267//3490 1268//3490
f 1266//3491 1267//3491 1729//3491
f 1838//3492 1837//3492 1375//3492
f 1838//3493 1375//3493 1376//3493
f 1728//3494 1266//3494 1729//3494
f 1839//3495 1838//3495 1376//3495
f 1839//3496 1376//3496 1377//3496
f 1727//3497 1265//3497 1266//3497
f 1727//3498 1266//3498 1728//3498
f 1840//3499 1839//3499 1377//3499
f 1840//3500 1377//3500 1378//3500
f 1726//3501 1265//3501 1727//3501
f 1726//3502 1264//3502 1265//3502
f 1379//3503 1840//3503 1378//3503
f 1379//3504 1841//3504 1840//3504
f 1725//3505 1264//3505 1726//3505
f 1263//3506 1264//3506 1725//3506
f 1380//3507 1841//3507 1379//3507
f 1380//3508 1842//3508 1841//3508
f 1262//3509 1263//3509 1725//3509
f 1262//3510 1725//3510 1724//3510
f 1723//3511 1262//3511 1724//3511
f 1381//3512 1842//3512 1380//3512
f 1381//3513 1843//3513 1842//3513
f 1261//3514 1262//3514 1723//3514
f 1844//3515 1843//3515 1381//3515
f 1382//3516 1844//3516 1381//3516
f 1845//3517 1844//3517 1382//3517
f 1260//3518 1261//3518 1723//3518
f 1260//3519 1723//3519 1722//3519
f 1383//3520 1845//3520 1382//3520
f 1259//3521 1260//3521 1722//3521
f 1259//3522 1722//3522 1721//3522
f 1259//3523 1721//3523 1720//3523
f 1384//3524 1846//3524 1845//3524
f 1384//3525 1845//3525 1383//3525
f 1258//3526 1259//3526 1720//3526
f 1385//3527 1846//3527 1384//3527
f 1385//3528 1848//3528 1847//3528
f 1385//3529 1847//3529 1846//3529
f 1257//3530 1258//3530 1720//3530
f 1257//3531 1720//3531 1719//3531
f 1386//3532 1848//3532 1385//3532
f 1386//3533 1849//3533 1848//3533
f 1256//3534 1257//3534 1719//3534
f 1256//3535 1719//3535 1718//3535
f 1387//3536 1850//3536 1849//3536
f 1387//3537 1849//3537 1386//3537
f 1255//3538 1256//3538 1718//3538
f 1255//3539 1718//3539 1717//3539
f 1388//3540 1850//3540 1387//3540
f 1388//3541 1851//3541 1850//3541
f 1254//3542 1717//3542 1716//3542
f 1254//3543 1255//3543 1717//3543
f 1389//3544 1852//3544 1851//3544
f 1389//3545 1851//3545 1388//3545
f 1253//3546 1716//3546 1715//3546
f 1253//3547 1254//3547 1716//3547
f 1390//3548 1852//3548 1389//3548
f 1252//3549 1715//3549 1714//3549
f 1252//3550 1253//3550 1715//3550
f 1391//3551 1852//3551 1390//3551
f 1391//3552 1854//3552 1853//3552
f 1391//3553 1853//3553 1852//3553
f 1251//3554 1252//3554 1714//3554
f 1251//3555 1714//3555 1713//3555
f 1392//3556 1854//3556 1391//3556
f 1250//3557 1713//3557 1712//3557
f 1250//3558 1712//3558 1711//3558
f 1250//3559 1251//3559 1713//3559
f 1393//3560 1854//3560 1392//3560
f 1393//3561 1855//3561 1854//3561
f 1249//3562 1250//3562 1711//3562
f 1394//3563 1856//3563 1855//3563
f 1394//3564 1855//3564 1393//3564
f 1248//3565 1249//3565 1711//3565
f 1248//3566 1711//3566 1710//3566
f 1395//3567 1856//3567 1394//3567
f 1395//3568 1858//3568 1857//3568
f 1395//3569 1857//3569 1856//3569
f 1247//3570 1248//3570 1710//3570
f 1247//3571 1710//3571 1709//3571
f 1247//3572 1709//3572 1708//3572
f 1396//3573 1858//3573 1395//3573
f 1246//3574 1247//3574 1708//3574
f 1397//3575 1858//3575 1396//3575
f 1397//3576 1860//3576 1859//3576
f 1397//3577 1859//3577 1858//3577
f 1245//3578 1246//3578 1708//3578
f 1245//3579 1708//3579 1707//3579
f 1398//3580 1860//3580 1397//3580
f 1244//3581 1245//3581 1707//3581
f 1244//3582 1707//3582 1706//3582
f 1244//3583 1706//3583 1705//3583
f 1399//3584 1862//3584 1861//3584
f 1399//3585 1861//3585 1860//3585
f 1399//3586 1860//3586 1398//3586
f 1243//3587 1244//3587 1705//3587
f 1400//3588 1862//3588 1399//3588
f 1242//3589 1243//3589 1705//3589
f 1242//3590 1705//3590 1704//3590
f 1401//3591 1863//3591 1862//3591
f 1401//3592 1862//3592 1400//3592
f 1241//3593 1242//3593 1704//3593
f 1241//3594 1704//3594 1703//3594
f 1402//3595 1864//3595 1863//3595
f 1402//3596 1863//3596 1401//3596
f 1240//3597 1241//3597 1703//3597
f 1240//3598 1703//3598 1702//3598
f 1403//3599 1866//3599 1865//3599
f 1403//3600 1865//3600 1864//3600
f 1403//3601 1864//3601 1402//3601
f 1239//3602 1240//3602 1702//3602
f 1239//3603 1702//3603 1701//3603
f 1239//3604 1701//3604 1700//3604
f 1404//3605 1866//3605 1403//3605
f 1404//3606 1867//3606 1866//3606
f 1238//3607 1239//3607 1700//3607
f 1405//3608 1867//3608 1404//3608
f 1237//3609 1238//3609 1700//3609
f 1237//3610 1700//3610 1699//3610
f 1406//3611 1867//3611 1405//3611
f 1406//3612 1868//3612 1867//3612
f 1236//3613 1237//3613 1699//3613
f 1236//3614 1699//3614 1698//3614
f 1178//3615 1640//3615 1868//3615
f 1178//3616 1868//3616 1406//3616
f 1235//3617 1236//3617 1698//3617
f 1235//3618 1698//3618 1697//3618
f 1235//3619 1697//3619 1696//3619
f 1179//3620 1642//3620 1641//3620
f 1179//3621 1641//3621 1640//3621
f 1179//3622 1640//3622 1178//3622
f 1234//3623 1235//3623 1696//3623
f 1234//3624 1696//3624 1695//3624
f 1180//3625 1642//3625 1179//3625
f 1233//3626 1234//3626 1695//3626
f 1181//3627 1642//3627 1180//3627
f 1181//3628 1644//3628 1643//3628
f 1181//3629 1643//3629 1642//3629
f 1232//3630 1695//3630 1694//3630
f 1232//3631 1233//3631 1695//3631
f 1182//3632 1644//3632 1181//3632
f 1231//3633 1694//3633 1693//3633
f 1231//3634 1232//3634 1694//3634
f 1183//3635 1644//3635 1182//3635
f 1183//3636 1645//3636 1644//3636
f 1230//3637 1693//3637 1692//3637
f 1230//3638 1231//3638 1693//3638
f 1184//3639 1647//3639 1646//3639
f 1184//3640 1646//3640 1645//3640
f 1184//3641 1645//3641 1183//3641
f 1229//3642 1692//3642 1691//3642
f 1229//3643 1230//3643 1692//3643
f 1185//3644 1647//3644 1184//3644
f 1228//3645 1691//3645 1690//3645
f 1228//3646 1690//3646 1689//3646
f 1228//3647 1229//3647 1691//3647
f 1186//3648 1649//3648 1648//3648
f 1186//3649 1648//3649 1647//3649
f 1186//3650 1647//3650 1185//3650
f 1227//3651 1689//3651 1688//3651
f 1227//3652 1228//3652 1689//3652
f 1187//3653 1649//3653 1186//3653
f 1226//3654 1227//3654 1688//3654
f 1188//3655 1649//3655 1187//3655
f 1188//3656 1650//3656 1649//3656
f 1225//3657 1688//3657 1687//3657
f 1225//3658 1226//3658 1688//3658
f 1189//3659 1652//3659 1651//3659
f 1189//3660 1650//3660 1188//3660
f 1189//3661 1651//3661 1650//3661
f 1224//3662 1687//3662 1686//3662
f 1224//3663 1225//3663 1687//3663
f 1190//3664 1652//3664 1189//3664
f 1223//3665 1686//3665 1685//3665
f 1223//3666 1224//3666 1686//3666
f 1191//3667 1652//3667 1190//3667
f 1191//3668 1653//3668 1652//3668
f 1222//3669 1685//3669 1684//3669
f 1222//3670 1223//3670 1685//3670
f 1192//3671 1653//3671 1191//3671
f 1192//3672 1655//3672 1654//3672
f 1192//3673 1654//3673 1653//3673
f 1221//3674 1222//3674 1684//3674
f 1221//3675 1684//3675 1683//3675
f 1193//3676 1656//3676 1655//3676
f 1193//3677 1655//3677 1192//3677
f 1220//3678 1683//3678 1682//3678
f 1220//3679 1221//3679 1683//3679
f 1194//3680 1656//3680 1193//3680
f 1219//3681 1682//3681 1681//3681
f 1219//3682 1220//3682 1682//3682
f 1195//3683 1656//3683 1194//3683
f 1195//3684 1658//3684 1657//3684
f 1195//3685 1657//3685 1656//3685
f 1218//3686 1219//3686 1681//3686
f 1218//3687 1681//3687 1680//3687
f 1196//3688 1658//3688 1195//3688
f 1196//3689 1659//3689 1658//3689
f 1217//3690 1680//3690 1679//3690
f 1217//3691 1218//3691 1680//3691
f 1197//3692 1659//3692 1196//3692
f 1197//3693 1660//3693 1659//3693
f 1216//3694 1679//3694 1678//3694
f 1216//3695 1217//3695 1679//3695
f 1198//3696 1660//3696 1197//3696
f 1198//3697 1661//3697 1660//3697
f 1215//3698 1678//3698 1677//3698
f 1215//3699 1216//3699 1678//3699
f 1199//3700 1661//3700 1198//3700
f 1199//3701 1662//3701 1661//3701
f 1214//3702 1677//3702 1676//3702
f 1214//3703 1215//3703 1677//3703
f 1200//3704 1663//3704 1662//3704
f 1200//3705 1662//3705 1199//3705
f 1213//3706 1676//3706 1675//3706
f 1213//3707 1214//3707 1676//3707
f 1201//3708 1663//3708 1200//3708
f 1201//3709 1664//3709 1663//3709
f 1212//3710 1675//3710 1674//3710
f 1212//3711 1213//3711 1675//3711
f 1202//3712 1664//3712 1201//3712
f 1202//3713 1665//3713 1664//3713
f 1211//3714 1674//3714 1673//3714
f 1211//3715 1212//3715 1674//3715
f 1203//3716 1665//3716 1202//3716
f 1210//3717 1673//3717 1672//3717
f 1210//3718 1211//3718 1673//3718
f 1204//3719 1667//3719 1666//3719
f 1204//3720 1666//3720 1665//3720
f 1204//3721 1665//3721 1203//3721
f 1209//3722 1672//3722 1671//3722
f 1209//3723 1210//3723 1672//3723
f 1205//3724 1667//3724 1204//3724
f 1205//3725 1668//3725 1667//3725
f 1208//3726 1671//3726 1670//3726
f 1208//3727 1209//3727 1671//3727
f 1206//3728 1668//3728 1205//3728
f 1207//3729 1670//3729 1669//3729
f 1207//3730 1669//3730 1668//3730
f 1207//3731 1668//3731 1206//3731
f 1207//3732 1208//3732 1670//3732
