# Created by FreeCAD <http://www.freecad.org>
v 14.882198 29.914301 3.382198
v 15.000000 30.000000 3.500000
v 15.500000 30.000000 4.000000
v 14.761950 29.832071 3.261950
v 14.639357 29.753378 3.139357
v 14.570018 29.711060 3.070018
v 14.500000 29.669872 3.000000
v 14.353016 29.588276 2.853016
v 14.203371 29.511665 2.703371
v 14.102214 29.463404 2.602214
v 14.000000 29.417425 2.500000
v 15.500000 -30.000000 4.000000
v 14.888563 -29.918798 3.388563
v 15.000000 -30.000000 3.500000
v 14.774930 -29.840702 3.274930
v 14.638847 -29.753061 3.138848
v 14.500000 -29.669872 3.000000
v 14.402314 -29.614925 2.902314
v 14.303421 -29.562180 2.803421
v 14.152927 -29.487251 2.652928
v 14.000000 -29.417425 2.500000
v 15.423534 30.355907 3.933387
v 15.486658 30.416256 4.000000
v 15.494069 30.277611 4.000000
v 15.359693 30.296967 3.866623
v 15.498517 30.138836 4.000000
v 15.254145 30.203878 3.757467
v 15.134854 30.104786 3.635750
v 16.998775 34.110664 3.140738
v 17.000000 34.000000 3.175445
v 17.000000 34.000000 5.000000
v 16.998117 34.137169 5.000000
v 16.995079 34.221794 3.106462
v 16.992474 34.274239 5.000000
v 16.988876 34.333336 3.072629
v 16.983070 34.411098 5.000000
v 16.980137 34.445240 3.039255
v 16.969917 34.547649 5.000000
v 16.968828 34.557449 3.006352
v 16.954918 34.669914 2.973937
v 16.953022 34.683788 5.000000
v 16.938379 34.782570 2.942024
v 16.932400 34.819412 5.000000
v 16.919180 34.895363 2.910629
v 16.908064 34.954418 5.000000
v 16.897293 35.008224 2.879767
v 16.880032 35.088707 5.000000
v 16.872694 35.121094 2.849454
v 16.848328 35.222176 5.000000
v 16.845356 35.233902 2.819706
v 16.812973 35.354725 5.000000
v 16.815258 35.346584 2.790540
v 16.782375 35.459072 2.761971
v 16.773996 35.486256 5.000000
v 16.746689 35.571285 2.734017
v 16.731426 35.616665 5.000000
v 16.708181 35.683159 2.706695
v 16.685293 35.745861 5.000000
v 16.666838 35.794609 2.680021
v 16.635633 35.873741 5.000000
v 16.622643 35.905563 2.654013
v 16.582485 36.000210 5.000000
v 16.575584 36.015942 2.628687
v 16.525887 36.125172 5.000000
v 16.525658 36.125660 2.604063
v 16.472851 36.234634 2.580156
v 16.465881 36.248535 5.000000
v 16.417166 36.342785 2.556984
v 16.402514 36.370205 5.000000
v 16.358601 36.450020 2.534565
v 16.335833 36.490093 5.000000
v 16.309219 36.535870 2.517027
v 16.265886 36.608105 5.000000
v 16.257965 36.621017 2.500000
v 16.192730 36.724155 5.000000
v 16.185406 36.735394 0.000000
v 16.116417 36.838154 5.000000
v 16.257965 36.621017 0.000000
v 16.109774 36.847763 0.000000
v 16.037006 36.950012 5.000000
v 16.031126 36.958046 0.000000
v 15.954556 37.059654 5.000000
v 15.949519 37.066154 0.000000
v 15.869128 37.166992 5.000000
v 15.865014 37.172012 0.000000
v 15.780789 37.271946 5.000000
v 15.777673 37.275543 0.000000
v 15.689603 37.374439 5.000000
v 15.687559 37.376671 0.000000
v 15.595640 37.474388 5.000000
v 15.594739 37.475319 0.000000
v 15.498970 37.571724 5.000000
v 15.499281 37.571419 0.000000
v 15.401255 37.664898 0.000000
v 15.399666 37.666370 5.000000
v 15.300733 37.755684 0.000000
v 15.297803 37.758255 5.000000
v 15.197788 37.843716 0.000000
v 15.193458 37.847313 5.000000
v 15.092497 37.928928 0.000000
v 15.086708 37.933475 5.000000
v 14.984936 38.011253 0.000000
v 14.977635 38.016678 5.000000
v 14.875184 38.090637 0.000000
v 14.866322 38.096851 5.000000
v 14.763322 38.167019 0.000000
v 14.752849 38.173946 5.000000
v 14.649432 38.240341 0.000000
v 14.637304 38.247898 5.000000
v 14.533599 38.310555 0.000000
v 14.519775 38.318649 5.000000
v 14.415905 38.377602 0.000000
v 14.400349 38.386150 5.000000
v 14.296439 38.441437 0.000000
v 14.279116 38.450352 5.000000
v 14.175287 38.502014 0.000000
v 14.156166 38.511204 5.000000
v 14.052539 38.559284 0.000000
v 14.031594 38.568657 5.000000
v 13.928285 38.613213 0.000000
v 13.905493 38.622673 5.000000
v 13.802615 38.663754 0.000000
v 13.777957 38.673206 5.000000
v 13.675622 38.710869 0.000000
v 13.649083 38.720226 5.000000
v 13.547400 38.754528 0.000000
v 13.518968 38.763691 5.000000
v 13.418042 38.794701 0.000000
v 13.387709 38.803570 5.000000
v 13.287643 38.831352 0.000000
v 13.255404 38.839832 5.000000
v 13.156300 38.864460 0.000000
v 13.122156 38.872448 5.000000
v 13.024108 38.893997 0.000000
v 12.988063 38.901402 5.000000
v 12.891164 38.919941 0.000000
v 12.853226 38.926662 5.000000
v 12.757566 38.942276 0.000000
v 12.717746 38.948215 5.000000
v 12.623412 38.960983 0.000000
v 12.581726 38.966045 5.000000
v 12.488801 38.976051 0.000000
v 12.445269 38.980133 5.000000
v 12.353831 38.987465 0.000000
v 12.308475 38.990475 5.000000
v 12.218602 38.995220 0.000000
v 12.171451 38.997059 5.000000
v 12.083212 38.999306 0.000000
v 12.034297 38.999882 5.000000
v 11.947761 38.999725 0.000000
v 11.897117 38.998940 5.000000
v 11.812348 38.996479 0.000000
v 11.760015 38.994236 5.000000
v 11.542035 38.978981 2.500000
v 11.623093 38.985775 5.000000
v 11.486454 38.973557 5.000000
v 11.677073 38.989559 0.000000
v 11.421888 38.966465 2.520771
v 11.350203 38.957596 5.000000
v 11.542035 38.978981 0.000000
v 11.302579 38.951122 2.542296
v 11.214440 38.937904 5.000000
v 11.184177 38.932995 2.564560
v 11.079269 38.914494 5.000000
v 11.091770 38.916821 2.582571
v 11.000000 38.898979 2.601021
v 10.944792 38.887386 5.000000
v 10.907163 38.879108 2.620891
v 10.811108 38.856598 5.000000
v 10.814719 38.857479 2.642520
v 10.722703 38.834099 2.665901
v 10.678319 38.822151 5.000000
v 10.631147 38.808975 2.691025
v 10.546526 38.784081 5.000000
v 10.540086 38.782116 2.717882
v 10.449551 38.753536 2.746464
v 10.415826 38.742405 5.000000
v 10.359573 38.723240 2.776759
v 10.286319 38.697159 5.000000
v 10.270188 38.691242 2.808758
v 10.181427 38.657551 2.842448
v 10.158102 38.648376 5.000000
v 10.093321 38.622185 2.877817
v 10.031271 38.596096 5.000000
v 10.005903 38.585148 2.914853
v 9.905923 38.540356 5.000000
v 9.919204 38.546459 2.953542
v 9.869750 38.523499 2.976502
v 9.820551 38.500000 3.000000
v 9.782150 38.481197 5.000000
v 9.732602 38.456333 3.043667
v 9.660048 38.418667 5.000000
v 9.645528 38.410950 3.089052
v 9.559362 38.363861 3.136139
v 9.539706 38.352810 5.000000
v 9.474137 38.315090 3.184908
v 9.421217 38.283676 5.000000
v 9.389887 38.264660 3.235342
v 9.304669 38.211319 5.000000
v 9.306643 38.212578 3.287421
v 9.224438 38.158878 3.341124
v 9.190150 38.135788 5.000000
v 9.143303 38.103569 3.396431
v 9.077746 38.057148 5.000000
v 9.063270 38.046680 3.453320
v 8.984369 37.988228 3.511771
v 8.967543 37.975449 5.000000
v 8.906632 37.928242 3.571759
v 8.859621 37.890762 5.000000
v 8.830088 37.866737 3.633263
v 8.754064 37.803143 5.000000
v 8.754766 37.803741 3.696258
v 8.680696 37.739281 3.760719
v 8.650950 37.712662 5.000000
v 8.607905 37.673378 3.826623
v 8.550357 37.619389 5.000000
v 8.536424 37.606056 3.893944
v 8.482455 37.553432 3.946568
v 8.452361 37.523388 5.000000
v 8.429286 37.500000 4.000000
v 8.357036 37.424736 5.000000
v 8.342298 37.408989 4.000000
v 8.264452 37.323505 5.000000
v 8.257628 37.315819 4.000000
v 8.174682 37.219772 5.000000
v 8.175331 37.220547 4.000000
v 8.095459 37.123230 4.000000
v 8.087790 37.113617 5.000000
v 8.018063 37.023933 4.000000
v 8.003843 37.005116 5.000000
v 7.943191 36.922722 4.000000
v 7.922904 36.894356 5.000000
v 7.870891 36.819656 4.000000
v 7.845035 36.781414 5.000000
v 7.801209 36.714802 4.000000
v 7.770294 36.666382 5.000000
v 7.734189 36.608227 4.000000
v 7.698736 36.549339 5.000000
v 7.669873 36.500000 4.000000
v 7.630416 36.430378 5.000000
v 7.603963 36.382198 3.882196
v 7.565386 36.309589 5.000000
v 7.541257 36.262657 3.762657
v 7.503694 36.187057 5.000000
v 7.476347 36.129921 3.629922
v 7.445386 36.062885 5.000000
v 7.415388 35.995327 3.495327
v 7.390507 35.937157 5.000000
v 7.352352 35.843739 3.343738
v 7.339098 35.809971 5.000000
v 7.288193 35.672981 3.172982
v 7.291197 35.681423 5.000000
v 7.246841 35.551609 5.000000
v 7.230304 35.500000 3.000000
v 7.206064 35.420624 5.000000
v 7.181476 35.334850 2.834851
v 7.168895 35.288574 5.000000
v 7.138364 35.168118 2.668118
v 7.135362 35.155552 5.000000
v 7.105492 35.021660 5.000000
v 7.101020 35.000000 2.500000
v 7.079306 34.886997 5.000000
v 7.075553 34.865921 0.000000
v 7.056824 34.751671 5.000000
v 7.101020 35.000000 0.000000
v 7.053754 34.731197 0.000000
v 7.038063 34.615776 5.000000
v 7.035640 34.595932 0.000000
v 7.023037 34.479420 5.000000
v 7.021225 34.460220 0.000000
v 7.011758 34.342701 5.000000
v 7.010520 34.324165 0.000000
v 7.004234 34.205723 5.000000
v 7.003531 34.187870 0.000000
v 7.000471 34.068592 5.000000
v 7.000265 34.051434 0.000000
v 7.000471 33.931408 5.000000
v 7.000723 33.914959 0.000000
v 7.004234 33.794277 5.000000
v 7.004907 33.778545 0.000000
v 7.011758 33.657299 5.000000
v 7.012811 33.642300 0.000000
v 7.023037 33.520580 5.000000
v 7.024432 33.506321 0.000000
v 7.038063 33.384224 5.000000
v 7.039759 33.370708 0.000000
v 7.056824 33.248329 5.000000
v 7.058781 33.235565 0.000000
v 7.079306 33.113003 5.000000
v 7.081485 33.100994 0.000000
v 7.105492 32.978340 5.000000
v 7.107853 32.967091 0.000000
v 7.135362 32.844448 5.000000
v 7.137866 32.833954 0.000000
v 7.168895 32.711426 5.000000
v 7.171502 32.701691 0.000000
v 7.206064 32.579376 5.000000
v 7.208735 32.570393 0.000000
v 7.246841 32.448391 5.000000
v 7.249537 32.440159 0.000000
v 7.291197 32.318577 5.000000
v 7.293879 32.311089 0.000000
v 7.339098 32.190029 5.000000
v 7.341727 32.183273 0.000000
v 7.390507 32.062843 5.000000
v 7.393045 32.056816 0.000000
v 7.445386 31.937117 5.000000
v 7.447795 31.931805 0.000000
v 7.503694 31.812941 5.000000
v 7.505937 31.808334 0.000000
v 7.565386 31.690413 5.000000
v 7.567428 31.686497 0.000000
v 7.630416 31.569622 5.000000
v 7.632220 31.566381 0.000000
v 7.698736 31.450661 5.000000
v 7.700266 31.448080 0.000000
v 7.770294 31.333620 5.000000
v 7.771516 31.331680 0.000000
v 7.845035 31.218586 5.000000
v 7.845917 31.217270 0.000000
v 7.922904 31.105644 5.000000
v 7.923412 31.104931 0.000000
v 8.003843 30.994883 5.000000
v 8.003944 30.994749 0.000000
v 8.087454 30.886806 0.000000
v 8.087790 30.886383 5.000000
v 8.173878 30.781181 0.000000
v 8.174682 30.780228 5.000000
v 8.263152 30.677958 0.000000
v 8.264452 30.676495 5.000000
v 8.355211 30.577206 0.000000
v 8.357036 30.575264 5.000000
v 8.449986 30.479006 0.000000
v 8.452361 30.476612 5.000000
v 8.547405 30.383429 0.000000
v 8.550357 30.380613 5.000000
v 8.647396 30.290546 0.000000
v 8.650950 30.287338 5.000000
v 8.749886 30.200426 0.000000
v 8.754064 30.196857 5.000000
v 8.854796 30.113138 0.000000
v 8.859621 30.109240 5.000000
v 8.962049 30.028746 0.000000
v 8.967543 30.024549 5.000000
v 9.071567 29.947311 0.000000
v 9.077746 29.942854 5.000000
v 9.183266 29.868898 0.000000
v 9.190150 29.864212 5.000000
v 9.297063 29.793560 0.000000
v 9.304669 29.788683 5.000000
v 9.412874 29.721357 0.000000
v 9.421217 29.716324 5.000000
v 9.530613 29.652342 0.000000
v 9.539706 29.647190 5.000000
v 9.650191 29.586567 0.000000
v 9.660048 29.581333 5.000000
v 9.771520 29.524078 0.000000
v 9.782150 29.518801 5.000000
v 9.894509 29.464924 0.000000
v 9.905923 29.459642 5.000000
v 10.019067 29.409149 0.000000
v 10.031271 29.403904 5.000000
v 10.145101 29.356796 0.000000
v 10.158102 29.351624 5.000000
v 10.272516 29.307899 0.000000
v 10.286319 29.302841 5.000000
v 10.401219 29.262501 0.000000
v 10.415826 29.257597 5.000000
v 10.531113 29.220631 0.000000
v 10.546526 29.215921 5.000000
v 10.662101 29.182322 0.000000
v 10.678319 29.177847 5.000000
v 10.794086 29.147602 0.000000
v 10.811108 29.143402 5.000000
v 10.926970 29.116497 0.000000
v 10.944792 29.112616 5.000000
v 11.060652 29.089029 0.000000
v 11.079269 29.085506 5.000000
v 11.195034 29.065222 0.000000
v 11.214440 29.062096 5.000000
v 11.330017 29.045092 0.000000
v 11.350203 29.042404 5.000000
v 11.465498 29.028652 0.000000
v 11.486454 29.026443 5.000000
v 11.601377 29.015915 0.000000
v 11.623093 29.014227 5.000000
v 11.737555 29.006893 0.000000
v 11.760015 29.005762 5.000000
v 11.873926 29.001589 0.000000
v 11.897117 29.001059 5.000000
v 12.010392 29.000011 0.000000
v 12.034297 29.000118 5.000000
v 12.146851 29.002157 0.000000
v 12.171451 29.002941 5.000000
v 12.283200 29.008026 0.000000
v 12.308475 29.009525 5.000000
v 12.419338 29.017616 0.000000
v 12.445269 29.019865 5.000000
v 12.555163 29.030916 0.000000
v 12.581726 29.033957 5.000000
v 12.690576 29.047918 0.000000
v 12.717746 29.051785 5.000000
v 12.825473 29.068611 0.000000
v 12.853226 29.073338 5.000000
v 12.959755 29.092978 0.000000
v 12.988063 29.098598 5.000000
v 13.093323 29.121000 0.000000
v 13.122156 29.127550 5.000000
v 13.226075 29.152657 0.000000
v 13.255404 29.160170 5.000000
v 13.357915 29.187925 0.000000
v 13.387709 29.196432 5.000000
v 13.488743 29.226778 0.000000
v 13.518968 29.236311 5.000000
v 13.618461 29.269188 0.000000
v 13.649083 29.279776 5.000000
v 13.746974 29.315123 0.000000
v 13.777957 29.326792 5.000000
v 13.905493 29.377329 5.000000
v 14.031594 29.431343 5.000000
v 13.874185 29.364546 0.000000
v 14.156166 29.488798 5.000000
v 14.000000 29.417425 0.000000
v 14.279116 29.549648 5.000000
v 14.400349 29.613848 5.000000
v 14.519775 29.681351 5.000000
v 14.637304 29.752104 5.000000
v 14.752849 29.826054 5.000000
v 14.866322 29.903147 5.000000
v 14.977635 29.983324 5.000000
v 15.086708 30.066525 5.000000
v 15.193458 30.152685 5.000000
v 15.297803 30.241743 5.000000
v 15.399666 30.333630 5.000000
v 15.498970 30.428276 5.000000
v 15.581359 30.510893 4.000000
v 15.595640 30.525612 5.000000
v 15.673491 30.608030 4.000000
v 15.689603 30.625563 5.000000
v 15.762991 30.707600 4.000000
v 15.780789 30.728054 5.000000
v 15.849792 30.809530 4.000000
v 15.869128 30.833008 5.000000
v 15.933833 30.913748 4.000000
v 15.954556 30.940346 5.000000
v 16.015055 31.020178 4.000000
v 16.037006 31.049986 5.000000
v 16.093395 31.128744 4.000000
v 16.116417 31.161848 5.000000
v 16.168802 31.239370 4.000000
v 16.192730 31.275846 5.000000
v 16.241220 31.351974 4.000000
v 16.265886 31.391895 5.000000
v 16.310598 31.466476 4.000000
v 16.335833 31.509907 5.000000
v 16.376886 31.582796 4.000000
v 16.402514 31.629793 5.000000
v 16.440035 31.700850 4.000000
v 16.465881 31.751465 5.000000
v 16.500000 31.820551 4.000000
v 16.525887 31.874828 5.000000
v 16.528313 31.880003 3.971688
v 16.555840 31.939823 3.944161
v 16.582485 31.999792 5.000000
v 16.582575 32.000000 3.917424
v 16.625980 32.102554 3.873085
v 16.635633 32.126259 5.000000
v 16.667234 32.206425 3.829007
v 16.685293 32.254139 5.000000
v 16.706299 32.311584 3.785201
v 16.731426 32.383335 5.000000
v 16.743130 32.418003 3.741678
v 16.773996 32.513744 5.000000
v 16.777685 32.525646 3.698453
v 16.812973 32.645275 5.000000
v 16.809923 32.634480 3.655535
v 16.839798 32.744473 3.612939
v 16.848328 32.777824 5.000000
v 16.867270 32.855583 3.570677
v 16.880032 32.911293 5.000000
v 16.892292 32.967777 3.528762
v 16.908064 33.045582 5.000000
v 16.914820 33.081009 3.487207
v 16.932400 33.180588 5.000000
v 16.934813 33.195244 3.446027
v 16.953022 33.316212 5.000000
v 16.952221 33.310432 3.405235
v 16.967005 33.426529 3.364846
v 16.969917 33.452351 5.000000
v 16.979116 33.543488 3.324874
v 16.983070 33.588902 5.000000
v 16.988512 33.661259 3.285335
v 16.992474 33.725761 5.000000
v 16.995148 33.779789 3.246245
v 16.998117 33.862831 5.000000
v 16.998781 33.889618 3.210641
v 14.000000 -29.417425 0.000000
v 16.998787 -33.889847 3.210568
v 17.000000 -34.000000 3.175445
v 17.000000 -34.000000 5.000000
v 16.998117 -33.862831 5.000000
v 16.995169 -33.780247 3.246095
v 16.992474 -33.725761 5.000000
v 16.989180 -33.671246 3.282015
v 16.983070 -33.588902 5.000000
v 16.980856 -33.562885 3.318314
v 16.969917 -33.452351 5.000000
v 16.970230 -33.455200 3.354980
v 16.957338 -33.348236 3.392003
v 16.953022 -33.316212 5.000000
v 16.942215 -33.242027 3.429370
v 16.932400 -33.180588 5.000000
v 16.924892 -33.136612 3.467071
v 16.908064 -33.045582 5.000000
v 16.905407 -33.032021 3.505094
v 16.883793 -32.928288 3.543429
v 16.880032 -32.911293 5.000000
v 16.860085 -32.825447 3.582064
v 16.848328 -32.777824 5.000000
v 16.834318 -32.723530 3.620990
v 16.812973 -32.645275 5.000000
v 16.806524 -32.622566 3.660196
v 16.773996 -32.513744 5.000000
v 16.776739 -32.522583 3.699672
v 16.744995 -32.423607 3.739408
v 16.731426 -32.383335 5.000000
v 16.711327 -32.325665 3.779395
v 16.685293 -32.254139 5.000000
v 16.675768 -32.228786 3.819624
v 16.635633 -32.126259 5.000000
v 16.638348 -32.132988 3.860084
v 16.610909 -32.066216 3.888700
v 16.582485 -31.999792 5.000000
v 16.582575 -32.000000 3.917424
v 16.555840 -31.939823 3.944161
v 16.525887 -31.874828 5.000000
v 16.528313 -31.880003 3.971688
v 16.500000 -31.820551 4.000000
v 16.465881 -31.751465 5.000000
v 16.440035 -31.700850 4.000000
v 16.402514 -31.629793 5.000000
v 16.376886 -31.582796 4.000000
v 16.335833 -31.509907 5.000000
v 16.310598 -31.466476 4.000000
v 16.265886 -31.391895 5.000000
v 16.241220 -31.351974 4.000000
v 16.192730 -31.275846 5.000000
v 16.168802 -31.239370 4.000000
v 16.116417 -31.161848 5.000000
v 16.093395 -31.128744 4.000000
v 16.037006 -31.049986 5.000000
v 16.015055 -31.020178 4.000000
v 15.954556 -30.940346 5.000000
v 15.933833 -30.913748 4.000000
v 15.869128 -30.833008 5.000000
v 15.849792 -30.809530 4.000000
v 15.780789 -30.728054 5.000000
v 15.762991 -30.707600 4.000000
v 15.689603 -30.625563 5.000000
v 15.673491 -30.608030 4.000000
v 15.595640 -30.525612 5.000000
v 15.581359 -30.510893 4.000000
v 15.498970 -30.428276 5.000000
v 15.486658 -30.416256 4.000000
v 15.399666 -30.333630 5.000000
v 15.371787 -30.307974 3.879225
v 15.297803 -30.241743 5.000000
v 15.254632 -30.204296 3.757967
v 15.193458 -30.152685 5.000000
v 15.135349 -30.105185 3.636251
v 15.086708 -30.066525 5.000000
v 15.067969 -30.051891 3.568191
v 14.977635 -29.983324 5.000000
v 14.866322 -29.903147 5.000000
v 14.752849 -29.826054 5.000000
v 14.637304 -29.752104 5.000000
v 14.519775 -29.681351 5.000000
v 14.400349 -29.613848 5.000000
v 14.279116 -29.549648 5.000000
v 14.156166 -29.488798 5.000000
v 14.031594 -29.431343 5.000000
v 13.905493 -29.377329 5.000000
v 13.874185 -29.364546 0.000000
v 13.777957 -29.326792 5.000000
v 13.746974 -29.315123 0.000000
v 13.649083 -29.279776 5.000000
v 13.618461 -29.269188 0.000000
v 13.518968 -29.236311 5.000000
v 13.488743 -29.226778 0.000000
v 13.387709 -29.196432 5.000000
v 13.357915 -29.187925 0.000000
v 13.255404 -29.160170 5.000000
v 13.226075 -29.152657 0.000000
v 13.122156 -29.127550 5.000000
v 13.093323 -29.121000 0.000000
v 12.988063 -29.098598 5.000000
v 12.959755 -29.092978 0.000000
v 12.853226 -29.073338 5.000000
v 12.825473 -29.068611 0.000000
v 12.717746 -29.051785 5.000000
v 12.690576 -29.047918 0.000000
v 12.581726 -29.033957 5.000000
v 12.555163 -29.030916 0.000000
v 12.445269 -29.019865 5.000000
v 12.419338 -29.017616 0.000000
v 12.308475 -29.009525 5.000000
v 12.283200 -29.008026 0.000000
v 12.171451 -29.002941 5.000000
v 12.146851 -29.002157 0.000000
v 12.034297 -29.000118 5.000000
v 12.010392 -29.000011 0.000000
v 11.897117 -29.001059 5.000000
v 11.873926 -29.001589 0.000000
v 11.760015 -29.005762 5.000000
v 11.737555 -29.006893 0.000000
v 11.623093 -29.014227 5.000000
v 11.601377 -29.015915 0.000000
v 11.486454 -29.026443 5.000000
v 11.465498 -29.028652 0.000000
v 11.350203 -29.042404 5.000000
v 11.330017 -29.045092 0.000000
v 11.214440 -29.062096 5.000000
v 11.195034 -29.065222 0.000000
v 11.079269 -29.085506 5.000000
v 11.060652 -29.089029 0.000000
v 10.944792 -29.112616 5.000000
v 10.926970 -29.116497 0.000000
v 10.811108 -29.143402 5.000000
v 10.794086 -29.147602 0.000000
v 10.678319 -29.177847 5.000000
v 10.662101 -29.182322 0.000000
v 10.546526 -29.215921 5.000000
v 10.531113 -29.220631 0.000000
v 10.415826 -29.257597 5.000000
v 10.401219 -29.262501 0.000000
v 10.286319 -29.302841 5.000000
v 10.272516 -29.307899 0.000000
v 10.158102 -29.351624 5.000000
v 10.145101 -29.356796 0.000000
v 10.031271 -29.403904 5.000000
v 10.019067 -29.409149 0.000000
v 9.905923 -29.459642 5.000000
v 9.894509 -29.464924 0.000000
v 9.782150 -29.518801 5.000000
v 9.771520 -29.524078 0.000000
v 9.660048 -29.581333 5.000000
v 9.650191 -29.586567 0.000000
v 9.539706 -29.647190 5.000000
v 9.530613 -29.652342 0.000000
v 9.421217 -29.716324 5.000000
v 9.412874 -29.721357 0.000000
v 9.304669 -29.788683 5.000000
v 9.297063 -29.793560 0.000000
v 9.190150 -29.864212 5.000000
v 9.183266 -29.868898 0.000000
v 9.077746 -29.942854 5.000000
v 9.071567 -29.947311 0.000000
v 8.967543 -30.024549 5.000000
v 8.962049 -30.028746 0.000000
v 8.859621 -30.109240 5.000000
v 8.854796 -30.113138 0.000000
v 8.754064 -30.196857 5.000000
v 8.749886 -30.200426 0.000000
v 8.650950 -30.287338 5.000000
v 8.647396 -30.290546 0.000000
v 8.550357 -30.380613 5.000000
v 8.547405 -30.383429 0.000000
v 8.452361 -30.476612 5.000000
v 8.449986 -30.479006 0.000000
v 8.357036 -30.575264 5.000000
v 8.355211 -30.577206 0.000000
v 8.264452 -30.676495 5.000000
v 8.263152 -30.677958 0.000000
v 8.174682 -30.780228 5.000000
v 8.173878 -30.781181 0.000000
v 8.087790 -30.886383 5.000000
v 8.087454 -30.886806 0.000000
v 8.003843 -30.994883 5.000000
v 8.003944 -30.994749 0.000000
v 7.923412 -31.104931 0.000000
v 7.922904 -31.105644 5.000000
v 7.845917 -31.217270 0.000000
v 7.845035 -31.218586 5.000000
v 7.771516 -31.331680 0.000000
v 7.770294 -31.333620 5.000000
v 7.700266 -31.448080 0.000000
v 7.698736 -31.450661 5.000000
v 7.632220 -31.566381 0.000000
v 7.630416 -31.569622 5.000000
v 7.567428 -31.686497 0.000000
v 7.565386 -31.690413 5.000000
v 7.505937 -31.808334 0.000000
v 7.503694 -31.812941 5.000000
v 7.447795 -31.931805 0.000000
v 7.445386 -31.937117 5.000000
v 7.393045 -32.056816 0.000000
v 7.390507 -32.062843 5.000000
v 7.341727 -32.183273 0.000000
v 7.339098 -32.190029 5.000000
v 7.293879 -32.311089 0.000000
v 7.291197 -32.318577 5.000000
v 7.249537 -32.440159 0.000000
v 7.246841 -32.448391 5.000000
v 7.208735 -32.570393 0.000000
v 7.206064 -32.579376 5.000000
v 7.171502 -32.701691 0.000000
v 7.168895 -32.711426 5.000000
v 7.137866 -32.833954 0.000000
v 7.135362 -32.844448 5.000000
v 7.107853 -32.967091 0.000000
v 7.105492 -32.978340 5.000000
v 7.081485 -33.100994 0.000000
v 7.079306 -33.113003 5.000000
v 7.058781 -33.235565 0.000000
v 7.056824 -33.248329 5.000000
v 7.039759 -33.370708 0.000000
v 7.038063 -33.384224 5.000000
v 7.024432 -33.506321 0.000000
v 7.023037 -33.520580 5.000000
v 7.012811 -33.642300 0.000000
v 7.011758 -33.657299 5.000000
v 7.004907 -33.778545 0.000000
v 7.004234 -33.794277 5.000000
v 7.000723 -33.914959 0.000000
v 7.000471 -33.931408 5.000000
v 7.000265 -34.051434 0.000000
v 7.000471 -34.068592 5.000000
v 7.003531 -34.187870 0.000000
v 7.004234 -34.205723 5.000000
v 7.010520 -34.324165 0.000000
v 7.011758 -34.342701 5.000000
v 7.021225 -34.460220 0.000000
v 7.023037 -34.479420 5.000000
v 7.035640 -34.595932 0.000000
v 7.038063 -34.615776 5.000000
v 7.053754 -34.731197 0.000000
v 7.056824 -34.751671 5.000000
v 7.101020 -35.000000 2.500000
v 7.079306 -34.886997 5.000000
v 7.105492 -35.021660 5.000000
v 7.075553 -34.865921 0.000000
v 7.101020 -35.000000 0.000000
v 7.138364 -35.168118 2.668118
v 7.135362 -35.155552 5.000000
v 7.168895 -35.288574 5.000000
v 7.181476 -35.334850 2.834851
v 7.206064 -35.420624 5.000000
v 7.230304 -35.500000 3.000000
v 7.246841 -35.551609 5.000000
v 7.288193 -35.672981 3.172982
v 7.291197 -35.681423 5.000000
v 7.339098 -35.809971 5.000000
v 7.352352 -35.843739 3.343738
v 7.390507 -35.937157 5.000000
v 7.415388 -35.995327 3.495327
v 7.445386 -36.062885 5.000000
v 7.476347 -36.129921 3.629922
v 7.503694 -36.187057 5.000000
v 7.541257 -36.262657 3.762657
v 7.565386 -36.309589 5.000000
v 7.603963 -36.382198 3.882196
v 7.630416 -36.430378 5.000000
v 7.669873 -36.500000 4.000000
v 7.698736 -36.549339 5.000000
v 7.734189 -36.608227 4.000000
v 7.770294 -36.666382 5.000000
v 7.801209 -36.714802 4.000000
v 7.845035 -36.781414 5.000000
v 7.870891 -36.819656 4.000000
v 7.922904 -36.894356 5.000000
v 7.943191 -36.922722 4.000000
v 8.003843 -37.005116 5.000000
v 8.018063 -37.023933 4.000000
v 8.087790 -37.113617 5.000000
v 8.095459 -37.123230 4.000000
v 8.174682 -37.219772 5.000000
v 8.175331 -37.220547 4.000000
v 8.257628 -37.315819 4.000000
v 8.264452 -37.323505 5.000000
v 8.342298 -37.408989 4.000000
v 8.357036 -37.424736 5.000000
v 8.429286 -37.500000 4.000000
v 8.452361 -37.523388 5.000000
v 8.482455 -37.553432 3.946568
v 8.550357 -37.619389 5.000000
v 8.536424 -37.606056 3.893944
v 8.607905 -37.673378 3.826623
v 8.650950 -37.712662 5.000000
v 8.680696 -37.739281 3.760719
v 8.754064 -37.803143 5.000000
v 8.754766 -37.803741 3.696258
v 8.830088 -37.866737 3.633263
v 8.859621 -37.890762 5.000000
v 8.906632 -37.928242 3.571759
v 8.967543 -37.975449 5.000000
v 8.984369 -37.988228 3.511771
v 9.077746 -38.057148 5.000000
v 9.063270 -38.046680 3.453320
v 9.143303 -38.103569 3.396431
v 9.190150 -38.135788 5.000000
v 9.224438 -38.158878 3.341124
v 9.304669 -38.211319 5.000000
v 9.306643 -38.212578 3.287421
v 9.389887 -38.264660 3.235342
v 9.421217 -38.283676 5.000000
v 9.474137 -38.315090 3.184908
v 9.539706 -38.352810 5.000000
v 9.559362 -38.363861 3.136139
v 9.660048 -38.418667 5.000000
v 9.645528 -38.410950 3.089052
v 9.732602 -38.456333 3.043667
v 9.782150 -38.481197 5.000000
v 9.820551 -38.500000 3.000000
v 9.905923 -38.540356 5.000000
v 9.869750 -38.523499 2.976502
v 9.919204 -38.546459 2.953542
v 10.005903 -38.585148 2.914853
v 10.031271 -38.596096 5.000000
v 10.093321 -38.622185 2.877817
v 10.158102 -38.648376 5.000000
v 10.181427 -38.657551 2.842448
v 10.286319 -38.697159 5.000000
v 10.270188 -38.691242 2.808758
v 10.359573 -38.723240 2.776759
v 10.415826 -38.742405 5.000000
v 10.449551 -38.753536 2.746464
v 10.546526 -38.784081 5.000000
v 10.540086 -38.782116 2.717882
v 10.631147 -38.808975 2.691025
v 10.678319 -38.822151 5.000000
v 10.722703 -38.834099 2.665901
v 10.811108 -38.856598 5.000000
v 10.814719 -38.857479 2.642520
v 10.907163 -38.879108 2.620891
v 10.944792 -38.887386 5.000000
v 11.000000 -38.898979 2.601021
v 11.079269 -38.914494 5.000000
v 11.129878 -38.923706 2.575075
v 11.214440 -38.937904 5.000000
v 11.261002 -38.945087 2.550011
v 11.350203 -38.957596 5.000000
v 11.393278 -38.963051 2.525850
v 11.486454 -38.973557 5.000000
v 11.467502 -38.971565 2.512779
v 11.542035 -38.978981 2.500000
v 11.623093 -38.985775 5.000000
v 11.677073 -38.989559 0.000000
v 11.760015 -38.994236 5.000000
v 11.542035 -38.978981 0.000000
v 11.812348 -38.996479 0.000000
v 11.897117 -38.998940 5.000000
v 11.947761 -38.999725 0.000000
v 12.034297 -38.999882 5.000000
v 12.083212 -38.999306 0.000000
v 12.171451 -38.997059 5.000000
v 12.218602 -38.995220 0.000000
v 12.308475 -38.990475 5.000000
v 12.353831 -38.987465 0.000000
v 12.445269 -38.980133 5.000000
v 12.488801 -38.976051 0.000000
v 12.581726 -38.966045 5.000000
v 12.623412 -38.960983 0.000000
v 12.717746 -38.948215 5.000000
v 12.757566 -38.942276 0.000000
v 12.853226 -38.926662 5.000000
v 12.891164 -38.919941 0.000000
v 12.988063 -38.901402 5.000000
v 13.024108 -38.893997 0.000000
v 13.122156 -38.872448 5.000000
v 13.156300 -38.864460 0.000000
v 13.255404 -38.839832 5.000000
v 13.287643 -38.831352 0.000000
v 13.387709 -38.803570 5.000000
v 13.418042 -38.794701 0.000000
v 13.518968 -38.763691 5.000000
v 13.547400 -38.754528 0.000000
v 13.649083 -38.720226 5.000000
v 13.675622 -38.710869 0.000000
v 13.777957 -38.673206 5.000000
v 13.802615 -38.663754 0.000000
v 13.905493 -38.622673 5.000000
v 13.928285 -38.613213 0.000000
v 14.031594 -38.568657 5.000000
v 14.052539 -38.559284 0.000000
v 14.156166 -38.511204 5.000000
v 14.175287 -38.502014 0.000000
v 14.279116 -38.450352 5.000000
v 14.296439 -38.441437 0.000000
v 14.400349 -38.386150 5.000000
v 14.415905 -38.377602 0.000000
v 14.519775 -38.318649 5.000000
v 14.533599 -38.310555 0.000000
v 14.637304 -38.247898 5.000000
v 14.649432 -38.240341 0.000000
v 14.752849 -38.173946 5.000000
v 14.763322 -38.167019 0.000000
v 14.866322 -38.096851 5.000000
v 14.875184 -38.090637 0.000000
v 14.977635 -38.016678 5.000000
v 14.984936 -38.011253 0.000000
v 15.086708 -37.933475 5.000000
v 15.092497 -37.928928 0.000000
v 15.193458 -37.847313 5.000000
v 15.197788 -37.843716 0.000000
v 15.297803 -37.758255 5.000000
v 15.300733 -37.755684 0.000000
v 15.399666 -37.666370 5.000000
v 15.401255 -37.664898 0.000000
v 15.498970 -37.571724 5.000000
v 15.499281 -37.571419 0.000000
v 15.594739 -37.475319 0.000000
v 15.595640 -37.474388 5.000000
v 15.687559 -37.376671 0.000000
v 15.689603 -37.374439 5.000000
v 15.777673 -37.275543 0.000000
v 15.780789 -37.271946 5.000000
v 15.865014 -37.172012 0.000000
v 15.869128 -37.166992 5.000000
v 15.949519 -37.066154 0.000000
v 15.954556 -37.059654 5.000000
v 16.031126 -36.958046 0.000000
v 16.037006 -36.950012 5.000000
v 16.109774 -36.847763 0.000000
v 16.116417 -36.838154 5.000000
v 16.257965 -36.621017 2.500000
v 16.192730 -36.724155 5.000000
v 16.265886 -36.608105 5.000000
v 16.185406 -36.735394 0.000000
v 16.314289 -36.527233 2.518774
v 16.335833 -36.490093 5.000000
v 16.257965 -36.621017 0.000000
v 16.368347 -36.432602 2.538169
v 16.402514 -36.370205 5.000000
v 16.420134 -36.337181 2.558171
v 16.465881 -36.248535 5.000000
v 16.469646 -36.241039 2.578768
v 16.516884 -36.144238 2.599948
v 16.525887 -36.125172 5.000000
v 16.561850 -36.046837 2.621698
v 16.582485 -36.000210 5.000000
v 16.604544 -35.948895 2.644006
v 16.635633 -35.873741 5.000000
v 16.644972 -35.850468 2.666859
v 16.685293 -35.745861 5.000000
v 16.683142 -35.751621 2.690244
v 16.719063 -35.652405 2.714151
v 16.731426 -35.616665 5.000000
v 16.752745 -35.552876 2.738566
v 16.773996 -35.486256 5.000000
v 16.784197 -35.453087 2.763477
v 16.812973 -35.354725 5.000000
v 16.813435 -35.353088 2.788873
v 16.840471 -35.252934 2.814742
v 16.848328 -35.222176 5.000000
v 16.865322 -35.152672 2.841072
v 16.880032 -35.088707 5.000000
v 16.888002 -35.052349 2.867851
v 16.908064 -34.954418 5.000000
v 16.908531 -34.952011 2.895070
v 16.926926 -34.851707 2.922715
v 16.932400 -34.819412 5.000000
v 16.943205 -34.751476 2.950777
v 16.953022 -34.683788 5.000000
v 16.957390 -34.651367 2.979244
v 16.969917 -34.547649 5.000000
v 16.969501 -34.551418 3.008107
v 16.979557 -34.451668 3.037355
v 16.983070 -34.411098 5.000000
v 16.987583 -34.352154 3.066977
v 16.992474 -34.274239 5.000000
v 16.993599 -34.252918 3.096964
v 16.998117 -34.137169 5.000000
v 16.997627 -34.153996 3.127305
v 16.999409 -34.076885 3.151272
v 15.498517 -30.138836 4.000000
v 15.494069 -30.277611 4.000000
v 12.000000 -26.000000 0.000000
v 1.874743 -32.892929 0.000000
v 1.898910 -32.868599 0.000000
v 1.849917 -32.916592 0.000000
v 1.922401 -32.843609 0.000000
v 1.824451 -32.939564 0.000000
v 1.945197 -32.817986 0.000000
v 1.798365 -32.961830 0.000000
v 1.967282 -32.791748 0.000000
v 1.771677 -32.983368 0.000000
v 1.988639 -32.764915 0.000000
v 1.744409 -33.004169 0.000000
v 2.009252 -32.737503 0.000000
v 1.716580 -33.024212 0.000000
v 2.029104 -32.709538 0.000000
v 1.688212 -33.043488 0.000000
v 2.048182 -32.681038 0.000000
v 1.659326 -33.061974 0.000000
v 2.066472 -32.652027 0.000000
v 1.629944 -33.079662 0.000000
v 2.083958 -32.622524 0.000000
v 1.600087 -33.096539 0.000000
v 2.100628 -32.592552 0.000000
v 1.569779 -33.112587 0.000000
v 2.116470 -32.562134 0.000000
v 1.539042 -33.127800 0.000000
v 2.131472 -32.531292 0.000000
v 1.507899 -33.142162 0.000000
v 2.145621 -32.500053 0.000000
v 1.476373 -33.155666 0.000000
v 2.158908 -32.468433 0.000000
v 1.444489 -33.168301 0.000000
v 2.171323 -32.436466 0.000000
v 1.412271 -33.180058 0.000000
v 2.182856 -32.404167 0.000000
v 1.379742 -33.190922 0.000000
v 2.193499 -32.371563 0.000000
v 1.346927 -33.200893 0.000000
v 2.203243 -32.338680 0.000000
v 1.313851 -33.209957 0.000000
v 2.212082 -32.305546 0.000000
v 1.280539 -33.218113 0.000000
v 2.220008 -32.272179 0.000000
v 1.247016 -33.225349 0.000000
v 2.227016 -32.238605 0.000000
v 1.213306 -33.231667 0.000000
v 2.233100 -32.204853 0.000000
v 1.179436 -33.237053 0.000000
v 2.238256 -32.170948 0.000000
v 1.145432 -33.241512 0.000000
v 2.242479 -32.136913 0.000000
v 1.111317 -33.245033 0.000000
v 2.245768 -32.102776 0.000000
v 1.077119 -33.247620 0.000000
v 2.248118 -32.068558 0.000000
v 1.042863 -33.249264 0.000000
v 2.249530 -32.034294 0.000000
v 1.008574 -33.249969 0.000000
v 2.250000 -32.000000 0.000000
v 2.249530 -31.965708 0.000000
v 2.248118 -31.931440 0.000000
v 2.245768 -31.897226 0.000000
v 2.242479 -31.863089 0.000000
v 2.238256 -31.829054 0.000000
v 2.233100 -31.795147 0.000000
v 2.227016 -31.761395 0.000000
v 2.220008 -31.727823 0.000000
v 2.212082 -31.694456 0.000000
v 2.203243 -31.661318 0.000000
v 2.193499 -31.628435 0.000000
v 2.182856 -31.595833 0.000000
v 2.171323 -31.563536 0.000000
v 2.158908 -31.531565 0.000000
v 2.145621 -31.499949 0.000000
v 2.131472 -31.468706 0.000000
v 2.116470 -31.437866 0.000000
v 2.100628 -31.407448 0.000000
v 2.083958 -31.377478 0.000000
v 2.066472 -31.347973 0.000000
v 2.048182 -31.318962 0.000000
v 2.029104 -31.290462 0.000000
v 2.009252 -31.262497 0.000000
v 1.988639 -31.235086 0.000000
v 1.967282 -31.208252 0.000000
v 1.945197 -31.182013 0.000000
v 1.922401 -31.156391 0.000000
v 1.898910 -31.131403 0.000000
v 1.874743 -31.107069 0.000000
v 1.849917 -31.083408 0.000000
v 1.824451 -31.060436 0.000000
v 1.798365 -31.038172 0.000000
v 1.771677 -31.016630 0.000000
v 1.744409 -30.995831 0.000000
v 1.716580 -30.975786 0.000000
v 1.688212 -30.956514 0.000000
v 1.659326 -30.938026 0.000000
v 1.629944 -30.920338 0.000000
v 1.600087 -30.903461 0.000000
v 1.569779 -30.887411 0.000000
v 1.539042 -30.872200 0.000000
v 1.507899 -30.857836 0.000000
v 1.476373 -30.844332 0.000000
v 1.444489 -30.831697 0.000000
v 1.412271 -30.819944 0.000000
v 1.379742 -30.809078 0.000000
v 1.346927 -30.799109 0.000000
v 1.313851 -30.790043 0.000000
v 1.280539 -30.781887 0.000000
v 1.247016 -30.774651 0.000000
v 1.213306 -30.768333 0.000000
v 1.179436 -30.762945 0.000000
v 1.145432 -30.758490 0.000000
v 1.111317 -30.754967 0.000000
v 1.077119 -30.752380 0.000000
v 1.042863 -30.750734 0.000000
v 1.008574 -30.750029 0.000000
v -5.101020 -35.000000 0.000000
v 0.326167 -33.052830 0.000000
v 0.355304 -33.070919 0.000000
v 0.297538 -33.033947 0.000000
v 0.269437 -33.014286 0.000000
v 0.241886 -32.993862 0.000000
v 0.214905 -32.972691 0.000000
v 0.974279 -33.249737 0.000000
v 0.940004 -33.248558 0.000000
v 0.905773 -33.246445 0.000000
v 0.871614 -33.243389 0.000000
v 0.837551 -33.239399 0.000000
v 0.803610 -33.234474 0.000000
v 0.769817 -33.228622 0.000000
v 0.736198 -33.221848 0.000000
v 0.702777 -33.214149 0.000000
v 0.669580 -33.205540 0.000000
v 0.636631 -33.196018 0.000000
v 0.603956 -33.185600 0.000000
v 0.571580 -33.174290 0.000000
v 0.539525 -33.162094 0.000000
v 0.507818 -33.149025 0.000000
v 0.476481 -33.135090 0.000000
v 0.445538 -33.120300 0.000000
v 0.415012 -33.104668 0.000000
v 0.384927 -33.088203 0.000000
v -5.077405 -34.876389 0.000000
v 0.188516 -32.950787 0.000000
v 0.162738 -32.928165 0.000000
v -5.056908 -34.752224 0.000000
v 0.137589 -32.904846 0.000000
v -5.039543 -34.627583 0.000000
v 0.113090 -32.880848 0.000000
v 0.089259 -32.856182 0.000000
v -5.025319 -34.502544 0.000000
v 0.066113 -32.830875 0.000000
v 0.043670 -32.804943 0.000000
v -5.014247 -34.377186 0.000000
v 0.021947 -32.778404 0.000000
v -5.006334 -34.251591 0.000000
v 0.000961 -32.751278 0.000000
v -0.019274 -32.723587 0.000000
v -5.001584 -34.125835 0.000000
v -0.038741 -32.695354 0.000000
v -0.057427 -32.666595 0.000000
v -5.000000 -34.000000 0.000000
v -0.075316 -32.637333 0.000000
v -0.092396 -32.607594 0.000000
v -5.001843 -33.864243 0.000000
v -0.108654 -32.577396 0.000000
v -0.124077 -32.546764 0.000000
v -5.007372 -33.728584 0.000000
v -0.138653 -32.515720 0.000000
v -0.152373 -32.484287 0.000000
v -5.016582 -33.593124 0.000000
v -0.165226 -32.452492 0.000000
v -0.177201 -32.420357 0.000000
v -5.029467 -33.457970 0.000000
v -0.188290 -32.387901 0.000000
v -0.198484 -32.355156 0.000000
v -5.046016 -33.323208 0.000000
v -0.207776 -32.322144 0.000000
v -0.216159 -32.288887 0.000000
v -5.066219 -33.188950 0.000000
v -0.223627 -32.255413 0.000000
v -0.230174 -32.221748 0.000000
v -5.090059 -33.055290 0.000000
v -0.235794 -32.187916 0.000000
v -0.240484 -32.153946 0.000000
v -5.117519 -32.922325 0.000000
v -0.244241 -32.119854 0.000000
v -0.247060 -32.085674 0.000000
v -5.148580 -32.790154 0.000000
v -0.248941 -32.051430 0.000000
v -0.249882 -32.017147 0.000000
v -5.183218 -32.658875 0.000000
v -0.249882 -31.982853 0.000000
v -0.248941 -31.948568 0.000000
v -5.221408 -32.528587 0.000000
v -0.247060 -31.914326 0.000000
v -0.244241 -31.880146 0.000000
v -5.263121 -32.399384 0.000000
v -0.240484 -31.846056 0.000000
v -0.235794 -31.812082 0.000000
v -5.308326 -32.271358 0.000000
v -0.230174 -31.778250 0.000000
v -5.356991 -32.144611 0.000000
v -0.223627 -31.744585 0.000000
v -0.216159 -31.711113 0.000000
v -5.409080 -32.019230 0.000000
v -0.207776 -31.677856 0.000000
v -0.198484 -31.644844 0.000000
v -5.464554 -31.895308 0.000000
v -0.188290 -31.612099 0.000000
v -0.177201 -31.579645 0.000000
v -5.523372 -31.772940 0.000000
v -0.165226 -31.547508 0.000000
v -0.152373 -31.515711 0.000000
v -5.585491 -31.652212 0.000000
v -0.138653 -31.484280 0.000000
v -0.124077 -31.453236 0.000000
v -5.650865 -31.533216 0.000000
v -0.108654 -31.422604 0.000000
v -0.092396 -31.392405 0.000000
v -5.719445 -31.416040 0.000000
v -0.075316 -31.362665 0.000000
v -0.057427 -31.333405 0.000000
v -5.791182 -31.300768 0.000000
v -0.038741 -31.304646 0.000000
v -5.866022 -31.187487 0.000000
v -0.019274 -31.276411 0.000000
v 0.000961 -31.248720 0.000000
v -5.943911 -31.076281 0.000000
v 0.021947 -31.221596 0.000000
v 0.043670 -31.195057 0.000000
v -6.024790 -30.967228 0.000000
v 0.066113 -31.169125 0.000000
v 0.089259 -31.143816 0.000000
v -6.108600 -30.860413 0.000000
v 0.113090 -31.119154 0.000000
v -6.195280 -30.755913 0.000000
v 0.137589 -31.095154 0.000000
v 0.162738 -31.071835 0.000000
v -6.284764 -30.653805 0.000000
v 0.188516 -31.049213 0.000000
v 0.214905 -31.027309 0.000000
v -6.376989 -30.554163 0.000000
v 0.241886 -31.006138 0.000000
v -6.471885 -30.457064 0.000000
v 0.269437 -30.985714 0.000000
v 0.297538 -30.966053 0.000000
v -6.569382 -30.362576 0.000000
v 0.326167 -30.947170 0.000000
v -6.669409 -30.270769 0.000000
v 0.355304 -30.929081 0.000000
v 0.384927 -30.911797 0.000000
v -6.771892 -30.181713 0.000000
v 0.415012 -30.895332 0.000000
v -6.876754 -30.095472 0.000000
v 0.445538 -30.879700 0.000000
v 0.476481 -30.864910 0.000000
v -6.983920 -30.012110 0.000000
v 0.507818 -30.850975 0.000000
v -7.093310 -29.931690 0.000000
v 0.539525 -30.837906 0.000000
v -10.000000 -26.000000 0.000000
v -11.874838 -29.364811 0.000000
v -12.000000 -29.417425 0.000000
v -11.748294 -29.315615 0.000000
v -11.620461 -29.269873 0.000000
v -11.491432 -29.227617 0.000000
v -11.361305 -29.188883 0.000000
v -11.230173 -29.153694 0.000000
v -11.098135 -29.122080 0.000000
v -10.965286 -29.094063 0.000000
v -10.831726 -29.069662 0.000000
v -10.697553 -29.048897 0.000000
v -10.562865 -29.031782 0.000000
v -10.427762 -29.018332 0.000000
v -10.292344 -29.008554 0.000000
v -10.156711 -29.002457 0.000000
v -10.020961 -29.000044 0.000000
v -9.885197 -29.001318 0.000000
v -9.749516 -29.006279 0.000000
v -9.614021 -29.014921 0.000000
v -9.478810 -29.027239 0.000000
v -9.343984 -29.043222 0.000000
v -9.209641 -29.062862 0.000000
v -9.075881 -29.086142 0.000000
v -8.942802 -29.113045 0.000000
v -8.810503 -29.143551 0.000000
v -8.679081 -29.177639 0.000000
v -8.548634 -29.215281 0.000000
v -8.419255 -29.256453 0.000000
v -8.291043 -29.301121 0.000000
v -8.164091 -29.349255 0.000000
v -8.038492 -29.400816 0.000000
v -7.914340 -29.455770 0.000000
v -7.791726 -29.514074 0.000000
v -7.670740 -29.575687 0.000000
v -7.551471 -29.640562 0.000000
v -7.434008 -29.708651 0.000000
v -7.318437 -29.779903 0.000000
v -7.204843 -29.854267 0.000000
v 0.571580 -30.825710 0.000000
v 0.603956 -30.814400 0.000000
v 0.636631 -30.803980 0.000000
v 0.669580 -30.794462 0.000000
v 0.702777 -30.785851 0.000000
v 0.736198 -30.778154 0.000000
v 0.769817 -30.771376 0.000000
v 0.803610 -30.765524 0.000000
v 0.837551 -30.760601 0.000000
v 0.871614 -30.756611 0.000000
v 0.905773 -30.753557 0.000000
v 0.940004 -30.751440 0.000000
v 0.974279 -30.750265 0.000000
v 12.000000 26.000000 0.000000
v 1.898910 31.131403 0.000000
v 1.874743 31.107069 0.000000
v 1.849917 31.083408 0.000000
v 1.922401 31.156391 0.000000
v 1.824451 31.060436 0.000000
v 1.945197 31.182013 0.000000
v 1.798365 31.038172 0.000000
v 1.967282 31.208252 0.000000
v 1.771677 31.016630 0.000000
v 1.988639 31.235086 0.000000
v 1.744409 30.995831 0.000000
v 2.009252 31.262497 0.000000
v 1.716580 30.975786 0.000000
v 2.029104 31.290462 0.000000
v 1.688212 30.956514 0.000000
v 2.048182 31.318962 0.000000
v 1.659326 30.938026 0.000000
v 2.066472 31.347973 0.000000
v 1.629944 30.920338 0.000000
v 2.083958 31.377478 0.000000
v 1.600087 30.903461 0.000000
v 2.100628 31.407448 0.000000
v 1.569779 30.887411 0.000000
v 2.116470 31.437866 0.000000
v 1.539042 30.872200 0.000000
v 2.131472 31.468706 0.000000
v 1.507899 30.857836 0.000000
v 2.145621 31.499949 0.000000
v 1.476373 30.844332 0.000000
v 2.158908 31.531565 0.000000
v 1.444489 30.831697 0.000000
v 2.171323 31.563536 0.000000
v 1.412271 30.819944 0.000000
v 2.182856 31.595833 0.000000
v 1.379742 30.809078 0.000000
v 2.193499 31.628435 0.000000
v 1.346927 30.799109 0.000000
v 2.203243 31.661318 0.000000
v 1.313851 30.790043 0.000000
v 2.212082 31.694456 0.000000
v 1.280539 30.781887 0.000000
v 2.220008 31.727823 0.000000
v 1.247016 30.774651 0.000000
v 2.227016 31.761395 0.000000
v 1.213306 30.768333 0.000000
v 2.233100 31.795147 0.000000
v 1.179436 30.762945 0.000000
v 2.238256 31.829054 0.000000
v 1.145432 30.758490 0.000000
v 2.242479 31.863089 0.000000
v 1.111317 30.754967 0.000000
v 2.245768 31.897226 0.000000
v 1.077119 30.752380 0.000000
v 2.248118 31.931440 0.000000
v 1.042863 30.750734 0.000000
v 2.249530 31.965708 0.000000
v 1.008574 30.750029 0.000000
v 2.250000 32.000000 0.000000
v 2.249530 32.034294 0.000000
v 2.248118 32.068558 0.000000
v 2.245768 32.102776 0.000000
v 2.242479 32.136913 0.000000
v 2.238256 32.170948 0.000000
v 2.233100 32.204853 0.000000
v 2.227016 32.238605 0.000000
v 2.220008 32.272179 0.000000
v 2.212082 32.305546 0.000000
v 2.203243 32.338680 0.000000
v 2.193499 32.371563 0.000000
v 2.182856 32.404167 0.000000
v 2.171323 32.436466 0.000000
v 2.158908 32.468433 0.000000
v 2.145621 32.500053 0.000000
v 2.131472 32.531292 0.000000
v 2.116470 32.562134 0.000000
v 2.100628 32.592552 0.000000
v 2.083958 32.622524 0.000000
v 2.066472 32.652027 0.000000
v 2.048182 32.681038 0.000000
v 2.029104 32.709538 0.000000
v 2.009252 32.737503 0.000000
v 1.988639 32.764915 0.000000
v 1.967282 32.791748 0.000000
v 1.945197 32.817986 0.000000
v 1.922401 32.843609 0.000000
v 1.898910 32.868599 0.000000
v 1.874743 32.892929 0.000000
v 1.849917 32.916592 0.000000
v 1.824451 32.939564 0.000000
v 1.798365 32.961830 0.000000
v 1.771677 32.983368 0.000000
v 1.744409 33.004169 0.000000
v 1.716580 33.024212 0.000000
v 1.688212 33.043488 0.000000
v 1.659326 33.061974 0.000000
v 1.629944 33.079662 0.000000
v 1.600087 33.096539 0.000000
v 1.569779 33.112587 0.000000
v 1.539042 33.127800 0.000000
v 1.507899 33.142162 0.000000
v 1.476373 33.155666 0.000000
v 1.444489 33.168301 0.000000
v 1.412271 33.180058 0.000000
v 1.379742 33.190922 0.000000
v 1.346927 33.200893 0.000000
v 1.313851 33.209957 0.000000
v 1.280539 33.218113 0.000000
v 1.247016 33.225349 0.000000
v 1.213306 33.231667 0.000000
v 1.179436 33.237053 0.000000
v 1.145432 33.241512 0.000000
v 1.111317 33.245033 0.000000
v 1.077119 33.247620 0.000000
v 1.042863 33.249264 0.000000
v 1.008574 33.249969 0.000000
v -10.000000 26.000000 0.000000
v 0.974279 30.750265 0.000000
v 0.940004 30.751440 0.000000
v 0.905773 30.753557 0.000000
v 0.871614 30.756611 0.000000
v 0.837551 30.760601 0.000000
v 0.803610 30.765524 0.000000
v 0.769817 30.771376 0.000000
v 0.736198 30.778154 0.000000
v 0.702777 30.785851 0.000000
v 0.669580 30.794462 0.000000
v 0.636631 30.803980 0.000000
v 0.603956 30.814400 0.000000
v 0.571580 30.825710 0.000000
v 0.539525 30.837906 0.000000
v -6.471885 30.457064 0.000000
v 0.269437 30.985714 0.000000
v 0.297538 30.966053 0.000000
v 0.241886 31.006138 0.000000
v -6.376989 30.554163 0.000000
v 0.214905 31.027309 0.000000
v -6.569382 30.362576 0.000000
v 0.326167 30.947170 0.000000
v -6.284764 30.653805 0.000000
v 0.188516 31.049213 0.000000
v 0.162738 31.071835 0.000000
v -6.669409 30.270769 0.000000
v 0.355304 30.929081 0.000000
v 0.384927 30.911797 0.000000
v -6.195280 30.755913 0.000000
v 0.137589 31.095154 0.000000
v 0.113090 31.119154 0.000000
v -6.771892 30.181713 0.000000
v 0.415012 30.895332 0.000000
v -6.108600 30.860413 0.000000
v 0.089259 31.143816 0.000000
v -6.876754 30.095472 0.000000
v 0.445538 30.879700 0.000000
v 0.476481 30.864910 0.000000
v -6.024790 30.967228 0.000000
v 0.066113 31.169125 0.000000
v 0.043670 31.195057 0.000000
v -6.983920 30.012110 0.000000
v 0.507818 30.850975 0.000000
v -5.943911 31.076281 0.000000
v 0.021947 31.221596 0.000000
v 0.000961 31.248720 0.000000
v -7.093310 29.931690 0.000000
v -5.866022 31.187487 0.000000
v -0.019274 31.276411 0.000000
v -0.038741 31.304646 0.000000
v -7.204843 29.854267 0.000000
v -5.791182 31.300768 0.000000
v -0.057427 31.333405 0.000000
v -7.318437 29.779903 0.000000
v -5.719445 31.416040 0.000000
v -0.075316 31.362665 0.000000
v -0.092396 31.392405 0.000000
v -7.434008 29.708651 0.000000
v -5.650865 31.533216 0.000000
v -0.108654 31.422604 0.000000
v -0.124077 31.453236 0.000000
v -7.551471 29.640562 0.000000
v -5.585491 31.652212 0.000000
v -0.138653 31.484280 0.000000
v -0.152373 31.515711 0.000000
v -7.670740 29.575687 0.000000
v -5.523372 31.772940 0.000000
v -0.165226 31.547508 0.000000
v -0.177201 31.579645 0.000000
v -7.791726 29.514074 0.000000
v -5.464554 31.895308 0.000000
v -0.188290 31.612099 0.000000
v -0.198484 31.644844 0.000000
v -7.914340 29.455770 0.000000
v -5.409080 32.019230 0.000000
v -0.207776 31.677856 0.000000
v -0.216159 31.711113 0.000000
v -8.038492 29.400816 0.000000
v -5.356991 32.144611 0.000000
v -0.223627 31.744585 0.000000
v -0.230174 31.778250 0.000000
v -8.164091 29.349255 0.000000
v -5.308326 32.271358 0.000000
v -0.235794 31.812082 0.000000
v -8.291043 29.301121 0.000000
v -5.263121 32.399384 0.000000
v -0.240484 31.846056 0.000000
v -0.244241 31.880146 0.000000
v -8.419255 29.256453 0.000000
v -5.221408 32.528587 0.000000
v -0.247060 31.914326 0.000000
v -0.248941 31.948568 0.000000
v -8.548634 29.215281 0.000000
v -5.183218 32.658875 0.000000
v -0.249882 31.982853 0.000000
v -0.249882 32.017147 0.000000
v -8.679081 29.177639 0.000000
v -5.148580 32.790154 0.000000
v -0.248941 32.051430 0.000000
v -0.247060 32.085674 0.000000
v -8.810503 29.143551 0.000000
v -5.117519 32.922325 0.000000
v -0.244241 32.119854 0.000000
v -0.240484 32.153946 0.000000
v -8.942802 29.113045 0.000000
v -5.090059 33.055290 0.000000
v -0.235794 32.187916 0.000000
v -0.230174 32.221748 0.000000
v -9.075881 29.086142 0.000000
v -5.066219 33.188950 0.000000
v -0.223627 32.255413 0.000000
v -0.216159 32.288887 0.000000
v -9.209641 29.062862 0.000000
v -5.046016 33.323208 0.000000
v -0.207776 32.322144 0.000000
v -0.198484 32.355156 0.000000
v -9.343984 29.043222 0.000000
v -5.029467 33.457970 0.000000
v -0.188290 32.387901 0.000000
v -0.177201 32.420357 0.000000
v -9.478810 29.027239 0.000000
v -5.016582 33.593124 0.000000
v -0.165226 32.452492 0.000000
v -0.152373 32.484287 0.000000
v -9.614021 29.014921 0.000000
v -5.007372 33.728584 0.000000
v -0.138653 32.515720 0.000000
v -0.124077 32.546764 0.000000
v -9.749516 29.006279 0.000000
v -5.001843 33.864243 0.000000
v -0.108654 32.577396 0.000000
v -0.092396 32.607594 0.000000
v -9.885197 29.001318 0.000000
v -5.000000 34.000000 0.000000
v -0.075316 32.637333 0.000000
v -0.057427 32.666595 0.000000
v -10.020961 29.000044 0.000000
v -5.001584 34.125835 0.000000
v -0.038741 32.695354 0.000000
v -0.019274 32.723587 0.000000
v -10.156711 29.002457 0.000000
v -5.006334 34.251591 0.000000
v 0.000961 32.751278 0.000000
v 0.021947 32.778404 0.000000
v -10.292344 29.008554 0.000000
v -5.014247 34.377186 0.000000
v 0.043670 32.804943 0.000000
v -10.427762 29.018332 0.000000
v -5.025319 34.502544 0.000000
v 0.066113 32.830875 0.000000
v 0.089259 32.856182 0.000000
v -10.562865 29.031782 0.000000
v -5.039543 34.627583 0.000000
v 0.113090 32.880848 0.000000
v 0.137589 32.904846 0.000000
v -10.697553 29.048897 0.000000
v -5.056908 34.752224 0.000000
v 0.162738 32.928165 0.000000
v -10.831726 29.069662 0.000000
v -5.077405 34.876389 0.000000
v 0.188516 32.950787 0.000000
v 0.214905 32.972691 0.000000
v -10.965286 29.094063 0.000000
v -5.101020 35.000000 0.000000
v 0.241886 32.993862 0.000000
v 0.269437 33.014286 0.000000
v 0.297538 33.033947 0.000000
v 0.326167 33.052830 0.000000
v 0.355304 33.070919 0.000000
v 0.384927 33.088203 0.000000
v 0.415012 33.104668 0.000000
v 0.445538 33.120300 0.000000
v 0.476481 33.135090 0.000000
v 0.507818 33.149025 0.000000
v 0.539525 33.162094 0.000000
v 0.571580 33.174290 0.000000
v 0.603956 33.185600 0.000000
v 0.636631 33.196018 0.000000
v 0.669580 33.205540 0.000000
v 0.702777 33.214149 0.000000
v 0.736198 33.221848 0.000000
v 0.769817 33.228622 0.000000
v 0.803610 33.234474 0.000000
v 0.837551 33.239399 0.000000
v 0.871614 33.243389 0.000000
v 0.905773 33.246445 0.000000
v 0.940004 33.248558 0.000000
v 0.974279 33.249737 0.000000
v -11.098135 29.122080 0.000000
v -11.230173 29.153694 0.000000
v -11.361305 29.188883 0.000000
v -11.491432 29.227617 0.000000
v -11.620461 29.269873 0.000000
v -11.748294 29.315615 0.000000
v -11.874838 29.364811 0.000000
v -12.000000 29.417425 0.000000
v -5.101020 35.000000 2.500000
v -5.590132 36.356495 3.856494
v -5.669873 36.500000 4.000000
v -5.515145 36.210449 3.710448
v -5.444994 36.062019 3.562019
v -5.379753 35.911366 3.411366
v -5.319494 35.758652 3.258653
v -5.273129 35.629936 3.129937
v -5.230304 35.500000 3.000000
v -5.181476 35.334850 2.834851
v -5.138364 35.168118 2.668118
v -5.734189 36.608227 4.000000
v -5.801209 36.714802 4.000000
v -5.943191 36.922722 4.000000
v -5.870891 36.819656 4.000000
v -6.095459 37.123230 4.000000
v -6.018063 37.023933 4.000000
v -6.175331 37.220547 4.000000
v -6.429286 37.500000 4.000000
v -6.342298 37.408989 4.000000
v -6.257628 37.315819 4.000000
v 11.000000 39.000000 2.500000
v -6.526338 37.596340 3.903659
v -6.625988 37.689991 3.810008
v -6.728162 37.780884 3.719117
v -6.832783 37.868946 3.631055
v -6.928970 37.945728 3.554271
v -7.017131 38.012791 3.487209
v -7.106756 38.077885 3.422116
v -7.197801 38.140976 3.359024
v -7.290222 38.202034 3.297965
v -9.000000 39.000000 2.500000
v -8.180406 38.657154 2.842847
v -8.272212 38.691986 2.808012
v -8.364684 38.725014 2.774988
v -8.457787 38.756214 2.743785
v -8.551484 38.785583 2.714417
v -8.645741 38.813107 2.686895
v -8.740519 38.838772 2.661229
v -8.835783 38.862572 2.637429
v -8.917739 38.881466 2.618534
v -9.000000 38.898979 2.601021
v -8.089302 38.620522 2.879477
v -7.998935 38.582111 2.917889
v -7.909339 38.541931 2.958069
v -7.820550 38.500000 3.000000
v -7.746336 38.463295 3.036705
v -7.672739 38.425365 3.074635
v -7.575277 38.372726 3.127275
v -7.479006 38.317940 3.182062
v -7.383972 38.261032 3.238968
v 11.361558 38.990658 2.500000
v 11.180840 38.997665 2.500000
v 11.361558 38.990658 0.000000
v 11.180840 38.997665 0.000000
v 11.000000 39.000000 0.000000
v 17.949747 -39.949749 0.000000
v 17.813896 -40.081970 0.000000
v 18.081968 -39.813896 0.000000
v 17.674515 -40.210461 0.000000
v 18.335135 -39.531704 0.000000
v 18.210463 -39.674515 0.000000
v 17.531704 -40.335133 0.000000
v 17.385571 -40.455894 0.000000
v 18.455894 -39.385571 0.000000
v 17.236219 -40.572651 0.000000
v 18.572651 -39.236221 0.000000
v 17.083761 -40.685322 0.000000
v 18.685322 -39.083763 0.000000
v 16.928310 -40.793823 0.000000
v 18.898075 -38.769978 0.000000
v 18.793823 -38.928310 0.000000
v 16.769976 -40.898075 0.000000
v 16.608877 -40.998001 0.000000
v 18.998001 -38.608875 0.000000
v 16.445131 -41.093529 0.000000
v 19.093527 -38.445133 0.000000
v 16.278858 -41.184586 0.000000
v 16.379477 -36.478977 0.000000
v 19.184584 -38.278858 0.000000
v 16.110182 -41.271107 0.000000
v 16.497152 -36.333744 0.000000
v 19.353027 -37.939224 0.000000
v 19.271107 -38.110184 0.000000
v 16.610907 -36.185417 0.000000
v 19.502836 -37.590965 0.000000
v 19.430290 -37.766109 0.000000
v 15.939223 -41.353027 0.000000
v 15.766109 -41.430290 0.000000
v 16.720661 -36.034111 0.000000
v 19.570614 -37.413925 0.000000
v 15.590967 -41.502838 0.000000
v 16.826336 -35.879925 0.000000
v 19.691666 -37.054657 0.000000
v 19.633572 -37.235111 0.000000
v 15.413924 -41.570614 0.000000
v 16.927856 -35.722973 0.000000
v 19.744850 -36.872700 0.000000
v 15.235110 -41.633572 0.000000
v 17.025150 -35.563366 0.000000
v 19.836344 -36.504791 0.000000
v 19.793089 -36.689365 0.000000
v 15.054658 -41.691666 0.000000
v 14.872699 -41.744850 0.000000
v 17.118147 -35.401218 0.000000
v 19.874586 -36.319118 0.000000
v 14.689365 -41.793087 0.000000
v 17.206781 -35.236645 0.000000
v 19.935919 -35.945000 0.000000
v 19.907785 -36.132473 0.000000
v 14.504793 -41.836346 0.000000
v 17.290991 -35.069763 0.000000
v 19.958965 -35.756832 0.000000
v 14.319118 -41.874584 0.000000
v 17.370712 -34.900692 0.000000
v 19.989735 -35.378971 0.000000
v 19.976908 -35.568111 0.000000
v 14.132474 -41.907787 0.000000
v 13.945000 -41.935921 0.000000
v 17.445892 -34.729553 0.000000
v 19.997433 -35.189556 0.000000
v 13.756833 -41.958965 0.000000
v 17.516476 -34.556469 0.000000
v 20.000000 -35.000000 0.000000
v 13.568111 -41.976910 0.000000
v 17.582413 -34.381561 0.000000
v 13.378972 -41.989735 0.000000
v 17.643656 -34.204956 0.000000
v 13.189556 -41.997433 0.000000
v 17.700163 -34.026775 0.000000
v 13.000000 -42.000000 0.000000
v 17.751890 -33.847153 0.000000
v 17.798803 -33.666214 0.000000
v 17.840870 -33.484085 0.000000
v 17.878057 -33.300896 0.000000
v 17.910339 -33.116783 0.000000
v 17.937695 -32.931870 0.000000
v 17.960104 -32.746296 0.000000
v 17.977549 -32.560188 0.000000
v 17.990019 -32.373680 0.000000
v 11.361558 -38.990658 0.000000
v 17.997505 -32.186909 0.000000
v 11.180840 -38.997665 0.000000
v 18.000000 -32.000000 0.000000
v 11.000000 -39.000000 0.000000
v -9.000000 -39.000000 0.000000
v -11.000000 -42.000000 0.000000
v -9.180840 -38.997665 0.000000
v -9.361558 -38.990658 0.000000
v -9.677073 -38.989559 0.000000
v -9.542035 -38.978981 0.000000
v -9.812348 -38.996479 0.000000
v -9.947761 -38.999725 0.000000
v -10.083212 -38.999306 0.000000
v -10.218602 -38.995220 0.000000
v -10.353831 -38.987465 0.000000
v -10.488801 -38.976051 0.000000
v -10.623412 -38.960983 0.000000
v -10.757566 -38.942276 0.000000
v -11.189556 -41.997433 0.000000
v -10.891164 -38.919941 0.000000
v -11.378972 -41.989735 0.000000
v -11.024108 -38.893997 0.000000
v -11.568111 -41.976910 0.000000
v -11.156300 -38.864460 0.000000
v -11.756833 -41.958965 0.000000
v -11.287643 -38.831352 0.000000
v -11.945000 -41.935921 0.000000
v -11.418042 -38.794701 0.000000
v -12.132474 -41.907787 0.000000
v -12.319118 -41.874584 0.000000
v -11.547400 -38.754528 0.000000
v -12.504793 -41.836346 0.000000
v -11.675622 -38.710869 0.000000
v -12.689365 -41.793087 0.000000
v -11.802615 -38.663754 0.000000
v -12.872699 -41.744850 0.000000
v -11.928285 -38.613213 0.000000
v -13.054658 -41.691666 0.000000
v -13.235110 -41.633572 0.000000
v -12.052539 -38.559284 0.000000
v -13.413924 -41.570614 0.000000
v -12.175287 -38.502014 0.000000
v -13.590967 -41.502838 0.000000
v -12.296439 -38.441437 0.000000
v -13.766109 -41.430290 0.000000
v -12.415905 -38.377602 0.000000
v -13.939223 -41.353027 0.000000
v -14.110182 -41.271107 0.000000
v -12.533599 -38.310555 0.000000
v -14.278859 -41.184586 0.000000
v -12.649432 -38.240341 0.000000
v -14.445131 -41.093529 0.000000
v -12.763322 -38.167019 0.000000
v -14.608877 -40.998001 0.000000
v -12.875184 -38.090637 0.000000
v -14.769976 -40.898075 0.000000
v -14.928309 -40.793823 0.000000
v -12.984936 -38.011253 0.000000
v -15.083762 -40.685322 0.000000
v -13.092497 -37.928928 0.000000
v -15.236219 -40.572651 0.000000
v -13.197788 -37.843716 0.000000
v -15.385570 -40.455894 0.000000
v -13.300733 -37.755684 0.000000
v -15.531704 -40.335133 0.000000
v -15.674515 -40.210461 0.000000
v -13.401255 -37.664898 0.000000
v -15.813896 -40.081970 0.000000
v -13.499281 -37.571419 0.000000
v -15.949747 -39.949749 0.000000
v -13.594739 -37.475319 0.000000
v -16.081968 -39.813896 0.000000
v -13.687559 -37.376671 0.000000
v -16.210463 -39.674515 0.000000
v -16.335135 -39.531704 0.000000
v -13.777673 -37.275543 0.000000
v -16.455894 -39.385571 0.000000
v -13.865014 -37.172012 0.000000
v -16.572651 -39.236221 0.000000
v -13.949519 -37.066154 0.000000
v -16.685322 -39.083763 0.000000
v -14.031125 -36.958046 0.000000
v -16.793823 -38.928310 0.000000
v -14.379477 -36.478977 0.000000
v -14.257965 -36.621017 0.000000
v -14.185405 -36.735394 0.000000
v -16.898075 -38.769978 0.000000
v -14.109774 -36.847763 0.000000
v -16.998001 -38.608875 0.000000
v -17.093527 -38.445133 0.000000
v -17.184584 -38.278858 0.000000
v -14.497151 -36.333744 0.000000
v -17.271107 -38.110184 0.000000
v -17.353027 -37.939224 0.000000
v -14.610907 -36.185417 0.000000
v -17.430290 -37.766109 0.000000
v -17.502836 -37.590965 0.000000
v -14.720661 -36.034111 0.000000
v -17.570614 -37.413925 0.000000
v -14.826336 -35.879925 0.000000
v -17.633572 -37.235111 0.000000
v -17.691666 -37.054657 0.000000
v -14.927856 -35.722973 0.000000
v -17.744850 -36.872700 0.000000
v -15.025150 -35.563366 0.000000
v -17.793089 -36.689365 0.000000
v -17.836344 -36.504791 0.000000
v -15.118147 -35.401218 0.000000
v -17.874586 -36.319118 0.000000
v -15.206781 -35.236645 0.000000
v -17.907785 -36.132473 0.000000
v -17.935919 -35.945000 0.000000
v -15.290990 -35.069763 0.000000
v -17.958965 -35.756832 0.000000
v -15.370713 -34.900692 0.000000
v -17.976908 -35.568111 0.000000
v -17.989735 -35.378971 0.000000
v -15.445893 -34.729553 0.000000
v -17.997433 -35.189556 0.000000
v -15.516477 -34.556469 0.000000
v -18.000000 -35.000000 0.000000
v -15.582414 -34.381561 0.000000
v -15.643657 -34.204956 0.000000
v -15.700162 -34.026775 0.000000
v -15.751890 -33.847153 0.000000
v -15.798804 -33.666214 0.000000
v -15.840870 -33.484085 0.000000
v -15.878057 -33.300896 0.000000
v -15.910340 -33.116783 0.000000
v -15.937696 -32.931870 0.000000
v -15.960104 -32.746296 0.000000
v -15.977549 -32.560188 0.000000
v -15.990019 -32.373680 0.000000
v -15.997504 -32.186909 0.000000
v -16.000000 -32.000000 0.000000
v 20.000000 35.000000 0.000000
v 18.000000 32.000000 0.000000
v 17.997505 32.186909 0.000000
v 17.990019 32.373680 0.000000
v 17.977549 32.560188 0.000000
v 17.960104 32.746296 0.000000
v 17.937695 32.931870 0.000000
v 17.910339 33.116783 0.000000
v 17.878057 33.300896 0.000000
v 17.840870 33.484085 0.000000
v 17.798803 33.666214 0.000000
v 17.751890 33.847153 0.000000
v 17.700163 34.026775 0.000000
v 17.643656 34.204956 0.000000
v 17.582413 34.381561 0.000000
v 17.516476 34.556469 0.000000
v 19.997433 35.189556 0.000000
v 17.445892 34.729553 0.000000
v 19.989735 35.378971 0.000000
v 17.370712 34.900692 0.000000
v 19.976908 35.568111 0.000000
v 19.958965 35.756832 0.000000
v 17.290991 35.069763 0.000000
v 19.935919 35.945000 0.000000
v 17.206781 35.236645 0.000000
v 19.907785 36.132473 0.000000
v 19.874586 36.319118 0.000000
v 17.118147 35.401218 0.000000
v 19.836344 36.504791 0.000000
v 17.025150 35.563366 0.000000
v 19.793089 36.689365 0.000000
v 19.744850 36.872700 0.000000
v 16.927856 35.722973 0.000000
v 19.691666 37.054657 0.000000
v 16.826336 35.879925 0.000000
v 19.633572 37.235111 0.000000
v 19.570614 37.413925 0.000000
v 16.720661 36.034111 0.000000
v 19.502836 37.590965 0.000000
v 16.610907 36.185417 0.000000
v 19.430290 37.766109 0.000000
v 19.353027 37.939224 0.000000
v 16.497152 36.333744 0.000000
v 19.271107 38.110184 0.000000
v 19.184584 38.278858 0.000000
v 16.379477 36.478977 0.000000
v 19.093527 38.445133 0.000000
v 18.998001 38.608875 0.000000
v 18.898075 38.769978 0.000000
v 18.793823 38.928310 0.000000
v 18.685322 39.083763 0.000000
v 18.572651 39.236221 0.000000
v 18.455894 39.385571 0.000000
v 18.335135 39.531704 0.000000
v 18.210463 39.674515 0.000000
v 18.081968 39.813896 0.000000
v 17.949747 39.949749 0.000000
v 17.813896 40.081970 0.000000
v 17.674515 40.210461 0.000000
v 17.531704 40.335133 0.000000
v 17.385571 40.455894 0.000000
v 17.236219 40.572651 0.000000
v 17.083761 40.685322 0.000000
v 16.928310 40.793823 0.000000
v 16.769976 40.898075 0.000000
v 16.608877 40.998001 0.000000
v 16.445131 41.093529 0.000000
v 16.278858 41.184586 0.000000
v 16.110182 41.271107 0.000000
v 15.939223 41.353027 0.000000
v 15.766109 41.430290 0.000000
v 15.590967 41.502838 0.000000
v 15.413924 41.570614 0.000000
v 15.235110 41.633572 0.000000
v 15.054658 41.691666 0.000000
v 14.872699 41.744850 0.000000
v 14.689365 41.793087 0.000000
v 14.504793 41.836346 0.000000
v 14.319118 41.874584 0.000000
v 14.132474 41.907787 0.000000
v 13.945000 41.935921 0.000000
v 13.756833 41.958965 0.000000
v 13.568111 41.976910 0.000000
v 13.378972 41.989735 0.000000
v 13.189556 41.997433 0.000000
v 13.000000 42.000000 0.000000
v -9.000000 39.000000 0.000000
v -16.000000 32.000000 0.000000
v -9.677073 38.989559 0.000000
v -9.361558 38.990658 0.000000
v -9.542035 38.978981 0.000000
v -14.185405 36.735394 0.000000
v -14.257965 36.621017 0.000000
v -14.379477 36.478977 0.000000
v -18.000000 35.000000 0.000000
v -15.516477 34.556469 0.000000
v -15.582414 34.381561 0.000000
v -15.643657 34.204956 0.000000
v -15.700162 34.026775 0.000000
v -15.751890 33.847153 0.000000
v -15.798804 33.666214 0.000000
v -15.840870 33.484085 0.000000
v -15.878057 33.300896 0.000000
v -15.910340 33.116783 0.000000
v -15.937696 32.931870 0.000000
v -15.960104 32.746296 0.000000
v -15.977549 32.560188 0.000000
v -15.990019 32.373680 0.000000
v -15.997504 32.186909 0.000000
v -11.000000 42.000000 0.000000
v -10.623412 38.960983 0.000000
v -10.757566 38.942276 0.000000
v -10.488801 38.976051 0.000000
v -10.353831 38.987465 0.000000
v -10.218602 38.995220 0.000000
v -10.083212 38.999306 0.000000
v -9.947761 38.999725 0.000000
v -9.812348 38.996479 0.000000
v -9.180840 38.997665 0.000000
v -11.189556 41.997433 0.000000
v -10.891164 38.919941 0.000000
v -17.997433 35.189556 0.000000
v -15.445893 34.729553 0.000000
v -11.378972 41.989735 0.000000
v -11.024108 38.893997 0.000000
v -17.989735 35.378971 0.000000
v -15.370713 34.900692 0.000000
v -17.976908 35.568111 0.000000
v -11.568111 41.976910 0.000000
v -11.156300 38.864460 0.000000
v -11.756833 41.958965 0.000000
v -11.287643 38.831352 0.000000
v -17.958965 35.756832 0.000000
v -15.290990 35.069763 0.000000
v -11.945000 41.935921 0.000000
v -11.418042 38.794701 0.000000
v -17.935919 35.945000 0.000000
v -15.206781 35.236645 0.000000
v -12.132474 41.907787 0.000000
v -17.907785 36.132473 0.000000
v -12.319118 41.874584 0.000000
v -11.547400 38.754528 0.000000
v -17.874586 36.319118 0.000000
v -15.118147 35.401218 0.000000
v -12.504793 41.836346 0.000000
v -11.675622 38.710869 0.000000
v -17.836344 36.504791 0.000000
v -15.025150 35.563366 0.000000
v -17.793089 36.689365 0.000000
v -12.689365 41.793087 0.000000
v -11.802615 38.663754 0.000000
v -17.744850 36.872700 0.000000
v -14.927856 35.722973 0.000000
v -12.872699 41.744850 0.000000
v -11.928285 38.613213 0.000000
v -13.054658 41.691666 0.000000
v -17.691666 37.054657 0.000000
v -14.826336 35.879925 0.000000
v -13.235110 41.633572 0.000000
v -12.052539 38.559284 0.000000
v -17.633572 37.235111 0.000000
v -13.413924 41.570614 0.000000
v -12.175287 38.502014 0.000000
v -17.570614 37.413925 0.000000
v -14.720661 36.034111 0.000000
v -13.590967 41.502838 0.000000
v -12.296439 38.441437 0.000000
v -17.502836 37.590965 0.000000
v -14.610907 36.185417 0.000000
v -17.430290 37.766109 0.000000
v -13.766109 41.430290 0.000000
v -12.415905 38.377602 0.000000
v -17.353027 37.939224 0.000000
v -14.497151 36.333744 0.000000
v -13.939223 41.353027 0.000000
v -17.271107 38.110184 0.000000
v -14.110182 41.271107 0.000000
v -12.533599 38.310555 0.000000
v -17.184584 38.278858 0.000000
v -14.278859 41.184586 0.000000
v -12.649432 38.240341 0.000000
v -14.445131 41.093529 0.000000
v -12.763322 38.167019 0.000000
v -17.093527 38.445133 0.000000
v -14.608877 40.998001 0.000000
v -12.875184 38.090637 0.000000
v -16.998001 38.608875 0.000000
v -14.109774 36.847763 0.000000
v -16.898075 38.769978 0.000000
v -14.031125 36.958046 0.000000
v -14.769976 40.898075 0.000000
v -14.928309 40.793823 0.000000
v -12.984936 38.011253 0.000000
v -16.793823 38.928310 0.000000
v -15.083762 40.685322 0.000000
v -13.092497 37.928928 0.000000
v -16.685322 39.083763 0.000000
v -13.949519 37.066154 0.000000
v -15.236219 40.572651 0.000000
v -13.197788 37.843716 0.000000
v -16.572651 39.236221 0.000000
v -13.865014 37.172012 0.000000
v -15.385570 40.455894 0.000000
v -13.300733 37.755684 0.000000
v -16.455894 39.385571 0.000000
v -13.777673 37.275543 0.000000
v -15.531704 40.335133 0.000000
v -16.335135 39.531704 0.000000
v -13.687559 37.376671 0.000000
v -15.674515 40.210461 0.000000
v -13.401255 37.664898 0.000000
v -16.210463 39.674515 0.000000
v -15.813896 40.081970 0.000000
v -13.499281 37.571419 0.000000
v -16.081968 39.813896 0.000000
v -13.594739 37.475319 0.000000
v -15.949747 39.949749 0.000000
v 18.000000 32.000000 2.500000
v 17.997505 32.186909 2.500000
v 17.990019 32.373680 2.500000
v 17.977549 32.560188 2.500000
v 17.960104 32.746296 2.500000
v 17.937695 32.931870 2.500000
v 17.910339 33.116783 2.500000
v 17.878057 33.300896 2.500000
v 17.840870 33.484085 2.500000
v 17.798803 33.666214 2.500000
v 17.751890 33.847153 2.500000
v 17.700163 34.026775 2.500000
v 17.643656 34.204956 2.500000
v 17.582413 34.381561 2.500000
v 17.516476 34.556469 2.500000
v 17.445892 34.729553 2.500000
v 17.370712 34.900692 2.500000
v 17.290991 35.069763 2.500000
v 17.206781 35.236645 2.500000
v 17.118147 35.401218 2.500000
v 17.025150 35.563366 2.500000
v 16.927856 35.722973 2.500000
v 16.826336 35.879925 2.500000
v 16.720661 36.034111 2.500000
v 16.610907 36.185417 2.500000
v 16.497152 36.333744 2.500000
v 16.379477 36.478977 2.500000
v 16.811098 32.299541 3.681187
v 17.047022 32.311703 3.444950
v 17.022959 32.622578 3.444950
v 17.282946 32.323864 3.208712
v 16.982924 32.931805 3.444950
v 17.257944 32.646870 3.208712
v 17.518871 32.336025 2.972475
v 17.216347 32.968159 3.208712
v 17.492929 32.671158 2.972475
v 17.754795 32.348186 2.736237
v 17.158266 33.286880 3.208712
v 17.449770 33.004513 2.972475
v 17.727915 32.695450 2.736237
v 17.083855 33.602188 3.208712
v 17.389509 33.335201 2.972475
v 17.683193 33.040867 2.736237
v 17.312304 33.662354 2.972475
v 17.620750 33.383526 2.736237
v 17.218359 33.985092 2.972475
v 17.540752 33.722515 2.736237
v 17.107925 34.302570 2.972475
v 17.443407 34.056934 2.736237
v 16.981295 34.613941 2.972475
v 17.328978 34.385902 2.736237
v 17.197763 34.708542 2.736237
v 17.050116 35.024002 2.736237
v 16.886425 35.331440 2.736237
v 9.161889 31.181290 5.000000
v 9.240286 31.104490 5.000000
v 9.085629 31.260212 5.000000
v 9.320760 31.029869 5.000000
v 9.011562 31.341196 5.000000
v 9.403251 30.957485 5.000000
v 8.939745 31.424181 5.000000
v 9.487697 30.887392 5.000000
v 8.870232 31.509106 5.000000
v 9.574034 30.819639 5.000000
v 8.803075 31.595905 5.000000
v 9.662197 30.754284 5.000000
v 8.738323 31.684515 5.000000
v 9.752120 30.691370 5.000000
v 8.676028 31.774868 5.000000
v 9.843736 30.630947 5.000000
v 8.616235 31.866896 5.000000
v 9.936974 30.573059 5.000000
v 8.558989 31.960529 5.000000
v 10.031765 30.517752 5.000000
v 8.504333 32.055698 5.000000
v 10.128038 30.465065 5.000000
v 8.452309 32.152328 5.000000
v 10.225720 30.415041 5.000000
v 8.402955 32.250351 5.000000
v 10.324739 30.367714 5.000000
v 8.356309 32.349693 5.000000
v 10.425017 30.323122 5.000000
v 8.312406 32.450275 5.000000
v 10.526482 30.281298 5.000000
v 8.271278 32.552025 5.000000
v 10.629055 30.242273 5.000000
v 8.232958 32.654861 5.000000
v 10.732660 30.206078 5.000000
v 8.197474 32.758713 5.000000
v 10.837220 30.172737 5.000000
v 8.164851 32.863499 5.000000
v 10.942656 30.142277 5.000000
v 8.135116 32.969143 5.000000
v 11.048886 30.114723 5.000000
v 8.108290 33.075558 5.000000
v 11.155833 30.090092 5.000000
v 8.084394 33.182671 5.000000
v 11.263415 30.068405 5.000000
v 8.063444 33.290401 5.000000
v 11.371552 30.049677 5.000000
v 8.045459 33.398663 5.000000
v 11.480163 30.033922 5.000000
v 8.030450 33.507378 5.000000
v 11.589164 30.021154 5.000000
v 8.018430 33.616467 5.000000
v 11.698474 30.011381 5.000000
v 8.009406 33.725842 5.000000
v 11.808011 30.004610 5.000000
v 8.003387 33.835423 5.000000
v 11.917693 30.000847 5.000000
v 8.000377 33.945126 5.000000
v 12.027437 30.000093 5.000000
v 8.000377 34.054874 5.000000
v 12.137160 30.002352 5.000000
v 8.003387 34.164577 5.000000
v 12.246780 30.007620 5.000000
v 8.009406 34.274158 5.000000
v 12.356215 30.015892 5.000000
v 8.018430 34.383533 5.000000
v 12.465381 30.027164 5.000000
v 8.030450 34.492622 5.000000
v 12.574197 30.041428 5.000000
v 8.045459 34.601337 5.000000
v 12.682580 30.058670 5.000000
v 8.063444 34.709599 5.000000
v 12.790450 30.078878 5.000000
v 8.084394 34.817329 5.000000
v 12.897725 30.102039 5.000000
v 8.108290 34.924442 5.000000
v 13.004324 30.128136 5.000000
v 8.135116 35.030857 5.000000
v 13.110167 30.157146 5.000000
v 8.164851 35.136501 5.000000
v 13.215174 30.189049 5.000000
v 8.197474 35.241287 5.000000
v 13.319266 30.223820 5.000000
v 8.232958 35.345139 5.000000
v 13.422365 30.261435 5.000000
v 8.271278 35.447975 5.000000
v 13.524394 30.301863 5.000000
v 8.312406 35.549725 5.000000
v 13.625276 30.345074 5.000000
v 8.356309 35.650307 5.000000
v 13.724933 30.391039 5.000000
v 8.402955 35.749649 5.000000
v 13.823292 30.439718 5.000000
v 8.452309 35.847672 5.000000
v 13.920279 30.491079 5.000000
v 8.504333 35.944302 5.000000
v 14.015821 30.545080 5.000000
v 8.558989 36.039471 5.000000
v 14.109844 30.601683 5.000000
v 8.616235 36.133102 5.000000
v 14.202279 30.660843 5.000000
v 8.676028 36.225132 5.000000
v 14.293056 30.722517 5.000000
v 8.738323 36.315483 5.000000
v 14.382109 30.786659 5.000000
v 8.803075 36.404095 5.000000
v 14.469367 30.853220 5.000000
v 8.870232 36.490894 5.000000
v 14.554767 30.922148 5.000000
v 8.939745 36.575817 5.000000
v 14.638243 30.993395 5.000000
v 9.011562 36.658802 5.000000
v 14.719733 31.066904 5.000000
v 9.085629 36.739788 5.000000
v 14.799176 31.142622 5.000000
v 9.161889 36.818710 5.000000
v 14.876512 31.220490 5.000000
v 9.240286 36.895512 5.000000
v 14.951682 31.300449 5.000000
v 9.320760 36.970131 5.000000
v 15.024632 31.382442 5.000000
v 9.403251 37.042515 5.000000
v 15.095303 31.466406 5.000000
v 9.487697 37.112610 5.000000
v 9.574034 37.180359 5.000000
v 15.229605 31.639988 5.000000
v 15.163645 31.552277 5.000000
v 15.293134 31.729479 5.000000
v 9.662197 37.245716 5.000000
v 9.752120 37.308632 5.000000
v 9.843736 37.369053 5.000000
v 15.412709 31.913515 5.000000
v 15.354184 31.820677 5.000000
v 9.936974 37.426941 5.000000
v 15.468665 32.007927 5.000000
v 15.522011 32.103836 5.000000
v 10.031765 37.482246 5.000000
v 10.128038 37.534935 5.000000
v 15.620708 32.299862 5.000000
v 15.572704 32.201172 5.000000
v 10.225720 37.584961 5.000000
v 15.665988 32.399834 5.000000
v 10.324739 37.632286 5.000000
v 10.425017 37.676876 5.000000
v 15.708507 32.501007 5.000000
v 10.526482 37.718700 5.000000
v 15.785141 32.706665 5.000000
v 15.748235 32.603313 5.000000
v 10.629055 37.757729 5.000000
v 10.732660 37.793922 5.000000
v 15.850379 32.916218 5.000000
v 15.819198 32.810997 5.000000
v 10.837220 37.827263 5.000000
v 10.942656 37.857723 5.000000
v 15.904026 33.129032 5.000000
v 15.878662 33.022259 5.000000
v 11.048886 37.885277 5.000000
v 15.926451 33.236465 5.000000
v 11.155833 37.909908 5.000000
v 11.263415 37.931595 5.000000
v 11.371552 37.950325 5.000000
v 15.962419 33.452969 5.000000
v 15.945920 33.344471 5.000000
v 15.975934 33.561882 5.000000
v 11.480163 37.966076 5.000000
v 11.589164 37.978848 5.000000
v 11.698474 37.988621 5.000000
v 15.993979 33.780609 5.000000
v 15.986457 33.671124 5.000000
v 11.808011 37.995388 5.000000
v 15.998494 33.890263 5.000000
v 16.000000 34.000000 5.000000
v 11.917693 37.999153 5.000000
v 15.998494 34.109737 5.000000
v 12.027437 37.999905 5.000000
v 15.993979 34.219391 5.000000
v 12.137160 37.997646 5.000000
v 12.246780 37.992382 5.000000
v 12.356215 37.984108 5.000000
v 15.986457 34.328876 5.000000
v 15.962419 34.547031 5.000000
v 15.975934 34.438118 5.000000
v 12.465381 37.972836 5.000000
v 15.945920 34.655529 5.000000
v 12.574197 37.958572 5.000000
v 15.926451 34.763535 5.000000
v 12.682580 37.941330 5.000000
v 15.904026 34.870968 5.000000
v 12.790450 37.921120 5.000000
v 12.897725 37.897961 5.000000
v 15.878662 34.977741 5.000000
v 13.004324 37.871864 5.000000
v 13.110167 37.842854 5.000000
v 15.850379 35.083782 5.000000
v 15.819198 35.189003 5.000000
v 13.215174 37.810951 5.000000
v 15.748235 35.396687 5.000000
v 15.785141 35.293335 5.000000
v 13.319266 37.776180 5.000000
v 13.422365 37.738567 5.000000
v 13.524394 37.698139 5.000000
v 15.708507 35.498993 5.000000
v 15.665988 35.600166 5.000000
v 13.625276 37.654926 5.000000
v 15.620708 35.700138 5.000000
v 13.724933 37.608963 5.000000
v 15.572704 35.798828 5.000000
v 13.823292 37.560280 5.000000
v 15.468665 35.992073 5.000000
v 15.522011 35.896164 5.000000
v 13.920279 37.508923 5.000000
v 14.015821 37.454918 5.000000
v 15.412709 36.086483 5.000000
v 14.109844 37.398315 5.000000
v 15.293134 36.270523 5.000000
v 15.354184 36.179321 5.000000
v 14.202279 37.339157 5.000000
v 14.293056 37.277481 5.000000
v 14.382109 37.213341 5.000000
v 15.229605 36.360012 5.000000
v 15.163645 36.447723 5.000000
v 14.469367 37.146782 5.000000
v 15.095303 36.533596 5.000000
v 14.554767 37.077850 5.000000
v 15.024632 36.617558 5.000000
v 14.638243 37.006607 5.000000
v 14.876512 36.779510 5.000000
v 14.951682 36.699551 5.000000
v 14.719733 36.933098 5.000000
v 14.799176 36.857380 5.000000
v 18.000000 -32.000000 2.500000
v -5.669873 -36.500000 4.000000
v -5.590132 -36.356495 3.856494
v -5.515145 -36.210449 3.710448
v -5.444994 -36.062019 3.562019
v -5.379753 -35.911366 3.411366
v -5.319494 -35.758652 3.258653
v -5.273129 -35.629936 3.129937
v -5.230304 -35.500000 3.000000
v -5.181476 -35.334850 2.834851
v -5.138364 -35.168118 2.668118
v -5.101020 -35.000000 2.500000
v 16.379477 -36.478977 2.500000
v 16.497152 -36.333744 2.500000
v 16.610907 -36.185417 2.500000
v 16.720661 -36.034111 2.500000
v 16.826336 -35.879925 2.500000
v 16.927856 -35.722973 2.500000
v 17.025150 -35.563366 2.500000
v 16.886425 -35.331440 2.736237
v 17.118147 -35.401218 2.500000
v 17.206781 -35.236645 2.500000
v 16.981295 -34.613941 2.972475
v 17.050116 -35.024002 2.736237
v 17.290991 -35.069763 2.500000
v 17.370712 -34.900692 2.500000
v 17.107925 -34.302570 2.972475
v 17.197763 -34.708542 2.736237
v 17.445892 -34.729553 2.500000
v 17.516476 -34.556469 2.500000
v 17.083855 -33.602188 3.208712
v 17.218359 -33.985092 2.972475
v 17.328978 -34.385902 2.736237
v 17.582413 -34.381561 2.500000
v 16.982924 -32.931805 3.444950
v 17.158266 -33.286880 3.208712
v 17.312304 -33.662354 2.972475
v 17.443407 -34.056934 2.736237
v 17.643656 -34.204956 2.500000
v 17.700163 -34.026775 2.500000
v 16.811098 -32.299541 3.681187
v 17.022959 -32.622578 3.444950
v 17.216347 -32.968159 3.208712
v 17.389509 -33.335201 2.972475
v 17.540752 -33.722515 2.736237
v 17.751890 -33.847153 2.500000
v 17.798803 -33.666214 2.500000
v 17.047022 -32.311703 3.444950
v 17.257944 -32.646870 3.208712
v 17.449770 -33.004513 2.972475
v 17.620750 -33.383526 2.736237
v 17.840870 -33.484085 2.500000
v 17.878057 -33.300896 2.500000
v 17.282946 -32.323864 3.208712
v 17.492929 -32.671158 2.972475
v 17.683193 -33.040867 2.736237
v 17.910339 -33.116783 2.500000
v 17.937695 -32.931870 2.500000
v 17.518871 -32.336025 2.972475
v 17.727915 -32.695450 2.736237
v 17.960104 -32.746296 2.500000
v 17.977549 -32.560188 2.500000
v 17.754795 -32.348186 2.736237
v 17.990019 -32.373680 2.500000
v 17.997505 -32.186909 2.500000
v 9.161889 -36.818710 5.000000
v 9.240286 -36.895512 5.000000
v 9.085629 -36.739788 5.000000
v 9.320760 -36.970131 5.000000
v 9.011562 -36.658802 5.000000
v 9.403251 -37.042515 5.000000
v 8.939745 -36.575817 5.000000
v 9.487697 -37.112610 5.000000
v 8.870232 -36.490894 5.000000
v 9.574034 -37.180359 5.000000
v 8.803075 -36.404095 5.000000
v 9.662197 -37.245716 5.000000
v 8.738323 -36.315483 5.000000
v 9.752120 -37.308632 5.000000
v 8.676028 -36.225132 5.000000
v 9.843736 -37.369053 5.000000
v 8.616235 -36.133102 5.000000
v 9.936974 -37.426941 5.000000
v 8.558989 -36.039471 5.000000
v 10.031765 -37.482246 5.000000
v 8.504333 -35.944302 5.000000
v 10.128038 -37.534935 5.000000
v 8.452309 -35.847672 5.000000
v 10.225720 -37.584961 5.000000
v 8.402955 -35.749649 5.000000
v 10.324739 -37.632286 5.000000
v 8.356309 -35.650307 5.000000
v 10.425017 -37.676876 5.000000
v 8.312406 -35.549725 5.000000
v 10.526482 -37.718700 5.000000
v 8.271278 -35.447975 5.000000
v 10.629055 -37.757729 5.000000
v 8.232958 -35.345139 5.000000
v 10.732660 -37.793922 5.000000
v 8.197474 -35.241287 5.000000
v 10.837220 -37.827263 5.000000
v 8.164851 -35.136501 5.000000
v 10.942656 -37.857723 5.000000
v 8.135116 -35.030857 5.000000
v 11.048886 -37.885277 5.000000
v 8.108290 -34.924442 5.000000
v 11.155833 -37.909908 5.000000
v 8.084394 -34.817329 5.000000
v 11.263415 -37.931595 5.000000
v 8.063444 -34.709599 5.000000
v 11.371552 -37.950325 5.000000
v 8.045459 -34.601337 5.000000
v 11.480163 -37.966076 5.000000
v 8.030450 -34.492622 5.000000
v 11.589164 -37.978848 5.000000
v 8.018430 -34.383533 5.000000
v 11.698474 -37.988621 5.000000
v 8.009406 -34.274158 5.000000
v 11.808011 -37.995388 5.000000
v 8.003387 -34.164577 5.000000
v 11.917693 -37.999153 5.000000
v 8.000377 -34.054874 5.000000
v 12.027437 -37.999905 5.000000
v 8.000377 -33.945126 5.000000
v 12.137160 -37.997646 5.000000
v 8.003387 -33.835423 5.000000
v 12.246780 -37.992382 5.000000
v 8.009406 -33.725842 5.000000
v 12.356215 -37.984108 5.000000
v 8.018430 -33.616467 5.000000
v 12.465381 -37.972836 5.000000
v 8.030450 -33.507378 5.000000
v 12.574197 -37.958572 5.000000
v 8.045459 -33.398663 5.000000
v 12.682580 -37.941330 5.000000
v 8.063444 -33.290401 5.000000
v 12.790450 -37.921120 5.000000
v 8.084394 -33.182671 5.000000
v 12.897725 -37.897961 5.000000
v 8.108290 -33.075558 5.000000
v 13.004324 -37.871864 5.000000
v 8.135116 -32.969143 5.000000
v 13.110167 -37.842854 5.000000
v 8.164851 -32.863499 5.000000
v 13.215174 -37.810951 5.000000
v 8.197474 -32.758713 5.000000
v 13.319266 -37.776180 5.000000
v 8.232958 -32.654861 5.000000
v 13.422365 -37.738567 5.000000
v 8.271278 -32.552025 5.000000
v 13.524394 -37.698139 5.000000
v 8.312406 -32.450275 5.000000
v 13.625276 -37.654926 5.000000
v 8.356309 -32.349693 5.000000
v 13.724933 -37.608963 5.000000
v 8.402955 -32.250351 5.000000
v 13.823292 -37.560280 5.000000
v 8.452309 -32.152328 5.000000
v 13.920279 -37.508923 5.000000
v 8.504333 -32.055698 5.000000
v 14.015821 -37.454918 5.000000
v 8.558989 -31.960529 5.000000
v 14.109844 -37.398315 5.000000
v 8.616235 -31.866896 5.000000
v 14.202279 -37.339157 5.000000
v 8.676028 -31.774868 5.000000
v 14.293056 -37.277481 5.000000
v 8.738323 -31.684515 5.000000
v 14.382109 -37.213341 5.000000
v 8.803075 -31.595905 5.000000
v 14.469367 -37.146782 5.000000
v 8.870232 -31.509106 5.000000
v 14.554767 -37.077850 5.000000
v 8.939745 -31.424181 5.000000
v 14.638243 -37.006607 5.000000
v 9.011562 -31.341196 5.000000
v 14.719733 -36.933098 5.000000
v 9.085629 -31.260212 5.000000
v 14.799176 -36.857380 5.000000
v 9.161889 -31.181290 5.000000
v 14.876512 -36.779510 5.000000
v 9.240286 -31.104490 5.000000
v 14.951682 -36.699551 5.000000
v 9.320760 -31.029869 5.000000
v 15.024632 -36.617558 5.000000
v 9.403251 -30.957485 5.000000
v 15.095303 -36.533596 5.000000
v 9.487697 -30.887392 5.000000
v 9.574034 -30.819639 5.000000
v 15.229605 -36.360012 5.000000
v 15.163645 -36.447723 5.000000
v 15.293134 -36.270523 5.000000
v 9.662197 -30.754284 5.000000
v 9.752120 -30.691370 5.000000
v 9.843736 -30.630947 5.000000
v 15.412709 -36.086483 5.000000
v 15.354184 -36.179321 5.000000
v 9.936974 -30.573059 5.000000
v 15.468665 -35.992073 5.000000
v 15.522011 -35.896164 5.000000
v 10.031765 -30.517752 5.000000
v 10.128038 -30.465065 5.000000
v 15.620708 -35.700138 5.000000
v 15.572704 -35.798828 5.000000
v 10.225720 -30.415041 5.000000
v 15.665988 -35.600166 5.000000
v 10.324739 -30.367714 5.000000
v 10.425017 -30.323122 5.000000
v 15.708507 -35.498993 5.000000
v 10.526482 -30.281298 5.000000
v 15.785141 -35.293335 5.000000
v 15.748235 -35.396687 5.000000
v 10.629055 -30.242273 5.000000
v 10.732660 -30.206078 5.000000
v 15.850379 -35.083782 5.000000
v 15.819198 -35.189003 5.000000
v 10.837220 -30.172737 5.000000
v 10.942656 -30.142277 5.000000
v 15.904026 -34.870968 5.000000
v 15.878662 -34.977741 5.000000
v 11.048886 -30.114723 5.000000
v 15.926451 -34.763535 5.000000
v 11.155833 -30.090092 5.000000
v 11.263415 -30.068405 5.000000
v 11.371552 -30.049677 5.000000
v 15.962419 -34.547031 5.000000
v 15.945920 -34.655529 5.000000
v 15.975934 -34.438118 5.000000
v 11.480163 -30.033922 5.000000
v 11.589164 -30.021154 5.000000
v 11.698474 -30.011381 5.000000
v 15.993979 -34.219391 5.000000
v 15.986457 -34.328876 5.000000
v 11.808011 -30.004610 5.000000
v 15.998494 -34.109737 5.000000
v 16.000000 -34.000000 5.000000
v 11.917693 -30.000847 5.000000
v 15.998494 -33.890263 5.000000
v 12.027437 -30.000093 5.000000
v 15.993979 -33.780609 5.000000
v 12.137160 -30.002352 5.000000
v 12.246780 -30.007620 5.000000
v 12.356215 -30.015892 5.000000
v 15.986457 -33.671124 5.000000
v 15.962419 -33.452969 5.000000
v 15.975934 -33.561882 5.000000
v 12.465381 -30.027164 5.000000
v 15.945920 -33.344471 5.000000
v 12.574197 -30.041428 5.000000
v 15.926451 -33.236465 5.000000
v 12.682580 -30.058670 5.000000
v 15.904026 -33.129032 5.000000
v 12.790450 -30.078878 5.000000
v 12.897725 -30.102039 5.000000
v 15.878662 -33.022259 5.000000
v 13.004324 -30.128136 5.000000
v 13.110167 -30.157146 5.000000
v 15.850379 -32.916218 5.000000
v 15.819198 -32.810997 5.000000
v 13.215174 -30.189049 5.000000
v 15.748235 -32.603313 5.000000
v 15.785141 -32.706665 5.000000
v 13.319266 -30.223820 5.000000
v 13.422365 -30.261435 5.000000
v 13.524394 -30.301863 5.000000
v 15.708507 -32.501007 5.000000
v 15.665988 -32.399834 5.000000
v 13.625276 -30.345074 5.000000
v 15.620708 -32.299862 5.000000
v 13.724933 -30.391039 5.000000
v 15.572704 -32.201172 5.000000
v 13.823292 -30.439718 5.000000
v 15.468665 -32.007927 5.000000
v 15.522011 -32.103836 5.000000
v 13.920279 -30.491079 5.000000
v 14.015821 -30.545080 5.000000
v 15.412709 -31.913515 5.000000
v 14.109844 -30.601683 5.000000
v 15.293134 -31.729479 5.000000
v 15.354184 -31.820677 5.000000
v 14.202279 -30.660843 5.000000
v 14.293056 -30.722517 5.000000
v 14.382109 -30.786659 5.000000
v 15.229605 -31.639988 5.000000
v 15.163645 -31.552277 5.000000
v 14.469367 -30.853220 5.000000
v 15.095303 -31.466406 5.000000
v 14.554767 -30.922148 5.000000
v 15.024632 -31.382442 5.000000
v 14.638243 -30.993395 5.000000
v 14.876512 -31.220490 5.000000
v 14.951682 -31.300449 5.000000
v 14.719733 -31.066904 5.000000
v 14.799176 -31.142622 5.000000
v 11.000000 -39.000000 2.500000
v 11.180840 -38.997665 2.500000
v 11.361558 -38.990658 2.500000
v -9.000000 -39.000000 2.500000
v -8.917739 -38.881466 2.618534
v -8.835783 -38.862572 2.637429
v -9.000000 -38.898979 2.601021
v -8.740519 -38.838772 2.661229
v -8.645741 -38.813107 2.686895
v -8.551484 -38.785583 2.714417
v -8.457787 -38.756214 2.743785
v -8.364684 -38.725014 2.774988
v -8.272212 -38.691986 2.808012
v -8.180406 -38.657154 2.842847
v -6.526338 -37.596340 3.903659
v -6.429286 -37.500000 4.000000
v -6.625988 -37.689991 3.810008
v -6.728162 -37.780884 3.719117
v -6.832783 -37.868946 3.631055
v -6.928970 -37.945728 3.554271
v -7.017131 -38.012791 3.487209
v -7.106756 -38.077885 3.422116
v -7.197801 -38.140976 3.359024
v -7.290222 -38.202034 3.297965
v -8.089302 -38.620522 2.879477
v -7.998935 -38.582111 2.917889
v -7.909339 -38.541931 2.958069
v -7.820550 -38.500000 3.000000
v -7.746336 -38.463295 3.036705
v -7.672739 -38.425365 3.074635
v -7.575277 -38.372726 3.127275
v -7.479006 -38.317940 3.182062
v -7.383972 -38.261032 3.238968
v -6.342298 -37.408989 4.000000
v -6.257628 -37.315819 4.000000
v -6.175331 -37.220547 4.000000
v -6.018063 -37.023933 4.000000
v -6.095459 -37.123230 4.000000
v -5.943191 -36.922722 4.000000
v -5.870891 -36.819656 4.000000
v -5.734189 -36.608227 4.000000
v -5.801209 -36.714802 4.000000
v -5.000000 -34.000000 5.000000
v -5.001882 -33.862831 5.000000
v -5.007526 -33.725761 5.000000
v -5.016929 -33.588902 5.000000
v -5.030082 -33.452351 5.000000
v -5.046977 -33.316212 5.000000
v -5.067601 -33.180588 5.000000
v -5.091937 -33.045582 5.000000
v -5.119968 -32.911293 5.000000
v -5.151672 -32.777824 5.000000
v -5.187026 -32.645275 5.000000
v -5.226003 -32.513744 5.000000
v -5.268574 -32.383335 5.000000
v -5.314707 -32.254139 5.000000
v -5.364366 -32.126259 5.000000
v -5.417515 -31.999792 5.000000
v -5.474114 -31.874828 5.000000
v -5.534120 -31.751465 5.000000
v -5.597487 -31.629793 5.000000
v -5.664168 -31.509907 5.000000
v -5.734113 -31.391895 5.000000
v -5.807270 -31.275846 5.000000
v -5.883583 -31.161848 5.000000
v -5.962994 -31.049986 5.000000
v -6.045444 -30.940346 5.000000
v -6.130871 -30.833008 5.000000
v -6.219211 -30.728054 5.000000
v -6.310397 -30.625563 5.000000
v -6.404360 -30.525612 5.000000
v -6.501030 -30.428276 5.000000
v -6.600334 -30.333630 5.000000
v -6.702197 -30.241743 5.000000
v -6.806542 -30.152685 5.000000
v -6.913291 -30.066525 5.000000
v -7.022365 -29.983324 5.000000
v -7.133679 -29.903147 5.000000
v -7.247151 -29.826054 5.000000
v -7.362695 -29.752104 5.000000
v -7.480225 -29.681351 5.000000
v -7.599651 -29.613848 5.000000
v -7.720885 -29.549648 5.000000
v -7.843834 -29.488798 5.000000
v -7.968406 -29.431343 5.000000
v -8.094507 -29.377329 5.000000
v -8.222043 -29.326792 5.000000
v -8.350917 -29.279776 5.000000
v -8.481032 -29.236311 5.000000
v -8.612291 -29.196432 5.000000
v -8.744596 -29.160170 5.000000
v -8.877844 -29.127550 5.000000
v -9.011937 -29.098598 5.000000
v -9.146774 -29.073338 5.000000
v -9.282254 -29.051785 5.000000
v -9.418274 -29.033957 5.000000
v -9.554731 -29.019865 5.000000
v -9.691525 -29.009525 5.000000
v -9.828549 -29.002941 5.000000
v -9.965703 -29.000118 5.000000
v -10.102883 -29.001059 5.000000
v -10.239985 -29.005762 5.000000
v -10.376907 -29.014227 5.000000
v -10.513546 -29.026443 5.000000
v -10.649797 -29.042404 5.000000
v -10.785560 -29.062096 5.000000
v -10.920731 -29.085506 5.000000
v -11.055208 -29.112616 5.000000
v -11.188892 -29.143402 5.000000
v -11.321681 -29.177847 5.000000
v -11.453474 -29.215921 5.000000
v -11.584174 -29.257597 5.000000
v -11.713681 -29.302841 5.000000
v -11.841898 -29.351624 5.000000
v -12.000000 -29.417425 2.500000
v -11.968729 -29.403904 5.000000
v -12.094077 -29.459642 5.000000
v -12.152927 -29.487251 2.652928
v -12.217850 -29.518801 5.000000
v -12.303421 -29.562180 2.803421
v -12.339952 -29.581333 5.000000
v -12.402314 -29.614925 2.902314
v -12.460294 -29.647190 5.000000
v -12.500000 -29.669872 3.000000
v -12.578783 -29.716324 5.000000
v -12.638847 -29.753061 3.138848
v -12.695331 -29.788683 5.000000
v -12.774930 -29.840702 3.274930
v -12.809850 -29.864212 5.000000
v -12.888563 -29.918798 3.388563
v -12.922254 -29.942854 5.000000
v -13.000000 -30.000000 3.500000
v -13.032457 -30.024549 5.000000
v -13.134854 -30.104786 3.635750
v -13.140379 -30.109240 5.000000
v -13.245936 -30.196857 5.000000
v -13.254145 -30.203878 3.757467
v -13.349050 -30.287338 5.000000
v -13.359693 -30.296967 3.866623
v -13.423534 -30.355907 3.933387
v -13.449643 -30.380613 5.000000
v -13.486658 -30.416256 4.000000
v -13.547639 -30.476612 5.000000
v -13.581359 -30.510893 4.000000
v -13.642964 -30.575264 5.000000
v -13.673491 -30.608030 4.000000
v -13.735548 -30.676495 5.000000
v -13.762991 -30.707600 4.000000
v -13.825318 -30.780228 5.000000
v -13.849792 -30.809530 4.000000
v -13.912210 -30.886383 5.000000
v -13.933833 -30.913748 4.000000
v -13.996157 -30.994883 5.000000
v -14.015054 -31.020178 4.000000
v -14.077095 -31.105644 5.000000
v -14.093396 -31.128744 4.000000
v -14.154964 -31.218586 5.000000
v -14.168803 -31.239370 4.000000
v -14.229707 -31.333620 5.000000
v -14.241221 -31.351974 4.000000
v -14.301264 -31.450661 5.000000
v -14.310598 -31.466476 4.000000
v -14.369584 -31.569622 5.000000
v -14.376885 -31.582796 4.000000
v -14.434614 -31.690413 5.000000
v -14.440035 -31.700850 4.000000
v -14.496306 -31.812941 5.000000
v -14.500000 -31.820551 4.000000
v -14.528313 -31.880003 3.971688
v -14.554614 -31.937117 5.000000
v -14.555840 -31.939823 3.944161
v -14.582576 -32.000000 3.917424
v -14.609493 -32.062843 5.000000
v -14.625979 -32.102551 3.873086
v -14.660902 -32.190029 5.000000
v -14.667233 -32.206417 3.829009
v -14.708802 -32.318577 5.000000
v -14.706295 -32.311573 3.785205
v -14.743125 -32.417988 3.741685
v -14.753159 -32.448391 5.000000
v -14.777679 -32.525627 3.698460
v -14.793937 -32.579376 5.000000
v -14.809916 -32.634460 3.655544
v -14.831105 -32.711426 5.000000
v -14.839792 -32.744450 3.612948
v -14.864637 -32.844448 5.000000
v -14.867264 -32.855560 3.570686
v -14.894508 -32.978340 5.000000
v -14.892286 -32.967754 3.528770
v -14.914816 -33.080990 3.487215
v -14.920694 -33.113003 5.000000
v -14.934808 -33.195221 3.446034
v -14.943176 -33.248329 5.000000
v -14.952218 -33.310410 3.405242
v -14.961937 -33.384224 5.000000
v -14.967002 -33.426506 3.364853
v -14.976963 -33.520580 5.000000
v -14.979114 -33.543461 3.324882
v -14.988242 -33.657299 5.000000
v -14.988510 -33.661228 3.285345
v -14.995147 -33.779755 3.246257
v -14.995766 -33.794277 5.000000
v -14.998980 -33.898983 3.207633
v -14.999530 -33.931408 5.000000
v -14.999965 -34.018856 3.169490
v -14.999530 -34.068592 5.000000
v -14.998058 -34.139320 3.131845
v -14.995766 -34.205723 5.000000
v -14.993219 -34.260315 3.094713
v -14.988242 -34.342701 5.000000
v -14.985403 -34.381775 3.058113
v -14.976963 -34.479420 5.000000
v -14.974570 -34.503639 3.022061
v -14.961937 -34.615776 5.000000
v -14.960678 -34.625835 2.986575
v -14.943176 -34.751671 5.000000
v -14.943687 -34.748299 2.951674
v -14.923562 -34.870941 2.917379
v -14.920694 -34.886997 5.000000
v -14.900263 -34.993690 2.883710
v -14.894508 -35.021660 5.000000
v -14.873758 -35.116459 2.850688
v -14.864637 -35.155552 5.000000
v -14.844014 -35.239162 2.818332
v -14.831105 -35.288574 5.000000
v -14.811001 -35.361717 2.786665
v -14.793937 -35.420624 5.000000
v -14.774690 -35.484028 2.755707
v -14.753159 -35.551609 5.000000
v -14.735056 -35.606003 2.725480
v -14.708802 -35.681423 5.000000
v -14.692078 -35.727543 2.696006
v -14.660902 -35.809971 5.000000
v -14.645735 -35.848553 2.667308
v -14.609493 -35.937157 5.000000
v -14.596012 -35.968925 2.639407
v -14.554614 -36.062885 5.000000
v -14.542897 -36.088562 2.612327
v -14.496306 -36.187057 5.000000
v -14.486380 -36.207352 2.586089
v -14.434614 -36.309589 5.000000
v -14.426457 -36.325184 2.560717
v -14.369584 -36.430378 5.000000
v -14.363130 -36.441944 2.536234
v -14.311572 -36.531864 2.517836
v -14.301264 -36.549339 5.000000
v -14.257965 -36.621017 2.500000
v -14.229707 -36.666382 5.000000
v -14.154964 -36.781414 5.000000
v -14.077095 -36.894356 5.000000
v -13.996157 -37.005116 5.000000
v -13.912210 -37.113617 5.000000
v -13.825318 -37.219772 5.000000
v -13.735548 -37.323505 5.000000
v -13.642964 -37.424736 5.000000
v -13.547639 -37.523388 5.000000
v -13.449643 -37.619389 5.000000
v -13.349050 -37.712662 5.000000
v -13.245936 -37.803143 5.000000
v -13.140379 -37.890762 5.000000
v -13.032457 -37.975449 5.000000
v -12.922254 -38.057148 5.000000
v -12.809850 -38.135788 5.000000
v -12.695331 -38.211319 5.000000
v -12.578783 -38.283676 5.000000
v -12.460294 -38.352810 5.000000
v -12.339952 -38.418667 5.000000
v -12.217850 -38.481197 5.000000
v -12.094077 -38.540356 5.000000
v -11.968729 -38.596096 5.000000
v -11.841898 -38.648376 5.000000
v -11.713681 -38.697159 5.000000
v -11.584174 -38.742405 5.000000
v -11.453474 -38.784081 5.000000
v -11.321681 -38.822151 5.000000
v -11.188892 -38.856598 5.000000
v -11.055208 -38.887386 5.000000
v -10.920731 -38.914494 5.000000
v -10.785560 -38.937904 5.000000
v -10.649797 -38.957596 5.000000
v -10.513546 -38.973557 5.000000
v -10.376907 -38.985775 5.000000
v -10.239985 -38.994236 5.000000
v -10.102883 -38.998940 5.000000
v -9.965703 -38.999882 5.000000
v -9.828549 -38.997059 5.000000
v -9.691525 -38.990475 5.000000
v -9.542035 -38.978981 2.500000
v -9.554731 -38.980133 5.000000
v -9.418274 -38.966045 5.000000
v -9.421888 -38.966465 2.520771
v -9.302579 -38.951122 2.542296
v -9.282254 -38.948215 5.000000
v -9.184177 -38.932995 2.564560
v -9.146774 -38.926662 5.000000
v -9.091770 -38.916821 2.582571
v -9.011937 -38.901402 5.000000
v -8.877844 -38.872448 5.000000
v -8.744596 -38.839832 5.000000
v -8.612291 -38.803570 5.000000
v -8.481032 -38.763691 5.000000
v -8.350917 -38.720226 5.000000
v -8.222043 -38.673206 5.000000
v -8.094507 -38.622673 5.000000
v -7.968406 -38.568657 5.000000
v -7.843834 -38.511204 5.000000
v -7.720885 -38.450352 5.000000
v -7.599651 -38.386150 5.000000
v -7.480225 -38.318649 5.000000
v -7.362695 -38.247898 5.000000
v -7.247151 -38.173946 5.000000
v -7.133679 -38.096851 5.000000
v -7.022365 -38.016678 5.000000
v -6.913291 -37.933475 5.000000
v -6.806542 -37.847313 5.000000
v -6.702197 -37.758255 5.000000
v -6.600334 -37.666370 5.000000
v -6.501030 -37.571724 5.000000
v -6.404360 -37.474388 5.000000
v -6.310397 -37.374439 5.000000
v -6.219211 -37.271946 5.000000
v -6.130871 -37.166992 5.000000
v -6.045444 -37.059654 5.000000
v -5.962994 -36.950012 5.000000
v -5.883583 -36.838154 5.000000
v -5.807270 -36.724155 5.000000
v -5.734113 -36.608105 5.000000
v -5.664168 -36.490093 5.000000
v -5.597487 -36.370205 5.000000
v -5.534120 -36.248535 5.000000
v -5.474114 -36.125172 5.000000
v -5.417515 -36.000210 5.000000
v -5.364366 -35.873741 5.000000
v -5.314707 -35.745861 5.000000
v -5.268574 -35.616665 5.000000
v -5.226003 -35.486256 5.000000
v -5.187026 -35.354725 5.000000
v -5.151672 -35.222176 5.000000
v -5.119968 -35.088707 5.000000
v -5.091937 -34.954418 5.000000
v -5.067601 -34.819412 5.000000
v -5.046977 -34.683788 5.000000
v -5.030082 -34.547649 5.000000
v -5.016929 -34.411098 5.000000
v -5.007526 -34.274239 5.000000
v -5.001882 -34.137169 5.000000
v -12.000000 29.417425 2.500000
v -5.000000 34.000000 5.000000
v -5.001882 34.137169 5.000000
v -5.007526 34.274239 5.000000
v -5.016929 34.411098 5.000000
v -5.030082 34.547649 5.000000
v -5.046977 34.683788 5.000000
v -5.067601 34.819412 5.000000
v -5.091937 34.954418 5.000000
v -5.119968 35.088707 5.000000
v -5.151672 35.222176 5.000000
v -5.187026 35.354725 5.000000
v -5.226003 35.486256 5.000000
v -5.268574 35.616665 5.000000
v -5.314707 35.745861 5.000000
v -5.364366 35.873741 5.000000
v -5.417515 36.000210 5.000000
v -5.474114 36.125172 5.000000
v -5.534120 36.248535 5.000000
v -5.597487 36.370205 5.000000
v -5.664168 36.490093 5.000000
v -5.734113 36.608105 5.000000
v -5.807270 36.724155 5.000000
v -5.883583 36.838154 5.000000
v -5.962994 36.950012 5.000000
v -6.045444 37.059654 5.000000
v -6.130871 37.166992 5.000000
v -6.219211 37.271946 5.000000
v -6.310397 37.374439 5.000000
v -6.404360 37.474388 5.000000
v -6.501030 37.571724 5.000000
v -6.600334 37.666370 5.000000
v -6.702197 37.758255 5.000000
v -6.806542 37.847313 5.000000
v -6.913291 37.933475 5.000000
v -7.022365 38.016678 5.000000
v -7.133679 38.096851 5.000000
v -7.247151 38.173946 5.000000
v -7.362695 38.247898 5.000000
v -7.480225 38.318649 5.000000
v -7.599651 38.386150 5.000000
v -7.720885 38.450352 5.000000
v -7.843834 38.511204 5.000000
v -7.968406 38.568657 5.000000
v -8.094507 38.622673 5.000000
v -8.222043 38.673206 5.000000
v -8.350917 38.720226 5.000000
v -8.481032 38.763691 5.000000
v -8.612291 38.803570 5.000000
v -8.744596 38.839832 5.000000
v -8.877844 38.872448 5.000000
v -9.011937 38.901402 5.000000
v -9.129878 38.923706 2.575075
v -9.146774 38.926662 5.000000
v -9.261002 38.945087 2.550011
v -9.282254 38.948215 5.000000
v -9.393278 38.963051 2.525850
v -9.418274 38.966045 5.000000
v -9.467502 38.971565 2.512779
v -9.554731 38.980133 5.000000
v -9.542035 38.978981 2.500000
v -9.691525 38.990475 5.000000
v -9.828549 38.997059 5.000000
v -9.965703 38.999882 5.000000
v -10.102883 38.998940 5.000000
v -10.239985 38.994236 5.000000
v -10.376907 38.985775 5.000000
v -10.513546 38.973557 5.000000
v -10.649797 38.957596 5.000000
v -10.785560 38.937904 5.000000
v -10.920731 38.914494 5.000000
v -11.055208 38.887386 5.000000
v -11.188892 38.856598 5.000000
v -11.321681 38.822151 5.000000
v -11.453474 38.784081 5.000000
v -11.584174 38.742405 5.000000
v -11.713681 38.697159 5.000000
v -11.841898 38.648376 5.000000
v -11.968729 38.596096 5.000000
v -12.094077 38.540356 5.000000
v -12.217850 38.481197 5.000000
v -12.339952 38.418667 5.000000
v -12.460294 38.352810 5.000000
v -12.578783 38.283676 5.000000
v -12.695331 38.211319 5.000000
v -12.809850 38.135788 5.000000
v -12.922254 38.057148 5.000000
v -13.032457 37.975449 5.000000
v -13.140379 37.890762 5.000000
v -13.245936 37.803143 5.000000
v -13.349050 37.712662 5.000000
v -13.449643 37.619389 5.000000
v -13.547639 37.523388 5.000000
v -13.642964 37.424736 5.000000
v -13.735548 37.323505 5.000000
v -13.825318 37.219772 5.000000
v -13.912210 37.113617 5.000000
v -13.996157 37.005116 5.000000
v -14.077095 36.894356 5.000000
v -14.154964 36.781414 5.000000
v -14.257965 36.621017 2.500000
v -14.229707 36.666382 5.000000
v -14.301264 36.549339 5.000000
v -14.314288 36.527237 2.518774
v -14.369584 36.430378 5.000000
v -14.368343 36.432606 2.538167
v -14.420127 36.337196 2.558168
v -14.434614 36.309589 5.000000
v -14.469636 36.241062 2.578763
v -14.496306 36.187057 5.000000
v -14.516870 36.144268 2.599941
v -14.554614 36.062885 5.000000
v -14.561831 36.046875 2.621689
v -14.609493 35.937157 5.000000
v -14.604523 35.948940 2.643995
v -14.644949 35.850525 2.666845
v -14.660902 35.809971 5.000000
v -14.683118 35.751686 2.690229
v -14.708802 35.681423 5.000000
v -14.719038 35.652477 2.714134
v -14.753159 35.551609 5.000000
v -14.752719 35.552956 2.738546
v -14.784171 35.453171 2.763456
v -14.793937 35.420624 5.000000
v -14.813410 35.353176 2.788850
v -14.831105 35.288574 5.000000
v -14.840446 35.253029 2.814718
v -14.864637 35.155552 5.000000
v -14.865298 35.152767 2.841046
v -14.887980 35.052452 2.867824
v -14.894508 35.021660 5.000000
v -14.908510 34.952118 2.895040
v -14.920694 34.886997 5.000000
v -14.926906 34.851822 2.922683
v -14.943176 34.751671 5.000000
v -14.943187 34.751602 2.950742
v -14.957373 34.651501 2.979206
v -14.961937 34.615776 5.000000
v -14.969484 34.551567 3.008064
v -14.976963 34.479420 5.000000
v -14.979543 34.451836 3.037305
v -14.988242 34.342701 5.000000
v -14.987570 34.352352 3.066918
v -14.993587 34.253143 3.096895
v -14.995766 34.205723 5.000000
v -14.997620 34.154251 3.127226
v -14.999530 34.068592 5.000000
v -14.999690 34.055706 3.157902
v -14.999820 33.957546 3.188913
v -14.999530 33.931408 5.000000
v -14.998034 33.859798 3.220251
v -14.995766 33.794277 5.000000
v -14.994356 33.762493 3.251906
v -14.988242 33.657299 5.000000
v -14.988810 33.665665 3.283870
v -14.981419 33.569340 3.316134
v -14.976963 33.520580 5.000000
v -14.972208 33.473549 3.348690
v -14.961937 33.384224 5.000000
v -14.961201 33.378319 3.381529
v -14.948422 33.283680 3.414644
v -14.943176 33.248329 5.000000
v -14.933897 33.189651 3.448025
v -14.920694 33.113003 5.000000
v -14.917647 33.096264 3.481666
v -14.899700 33.003540 3.515557
v -14.894508 32.978340 5.000000
v -14.880078 32.911499 3.549693
v -14.864637 32.844448 5.000000
v -14.858807 32.820171 3.584064
v -14.831105 32.711426 5.000000
v -14.835909 32.729572 3.618665
v -14.811409 32.639725 3.653486
v -14.793937 32.579376 5.000000
v -14.785331 32.550652 3.688523
v -14.753159 32.448391 5.000000
v -14.757698 32.462368 3.723767
v -14.728535 32.374897 3.759212
v -14.708802 32.318577 5.000000
v -14.697863 32.288250 3.794851
v -14.660902 32.190029 5.000000
v -14.665707 32.202450 3.830678
v -14.632088 32.117512 3.866687
v -14.609493 32.062843 5.000000
v -14.607681 32.058537 3.892014
v -14.582576 32.000000 3.917424
v -14.554614 31.937117 5.000000
v -14.555840 31.939823 3.944161
v -14.528313 31.880003 3.971688
v -14.496306 31.812941 5.000000
v -14.500000 31.820551 4.000000
v -14.440035 31.700850 4.000000
v -14.434614 31.690413 5.000000
v -14.376885 31.582796 4.000000
v -14.369584 31.569622 5.000000
v -14.310598 31.466476 4.000000
v -14.301264 31.450661 5.000000
v -14.241221 31.351974 4.000000
v -14.229707 31.333620 5.000000
v -14.168803 31.239370 4.000000
v -14.154964 31.218586 5.000000
v -14.093396 31.128744 4.000000
v -14.077095 31.105644 5.000000
v -14.015054 31.020178 4.000000
v -13.996157 30.994883 5.000000
v -13.933833 30.913748 4.000000
v -13.912210 30.886383 5.000000
v -13.849792 30.809530 4.000000
v -13.825318 30.780228 5.000000
v -13.762991 30.707600 4.000000
v -13.735548 30.676495 5.000000
v -13.673491 30.608030 4.000000
v -13.642964 30.575264 5.000000
v -13.581359 30.510893 4.000000
v -13.547639 30.476612 5.000000
v -13.486658 30.416256 4.000000
v -13.449643 30.380613 5.000000
v -13.371787 30.307974 3.879225
v -13.349050 30.287338 5.000000
v -13.254632 30.204296 3.757967
v -13.245936 30.196857 5.000000
v -13.135349 30.105185 3.636251
v -13.140379 30.109240 5.000000
v -13.067969 30.051891 3.568191
v -13.032457 30.024549 5.000000
v -13.000000 30.000000 3.500000
v -12.922254 29.942854 5.000000
v -12.882198 29.914301 3.382198
v -12.809850 29.864212 5.000000
v -12.761950 29.832071 3.261950
v -12.695331 29.788683 5.000000
v -12.639357 29.753378 3.139357
v -12.578783 29.716324 5.000000
v -12.570018 29.711060 3.070018
v -12.500000 29.669872 3.000000
v -12.460294 29.647190 5.000000
v -12.353016 29.588276 2.853016
v -12.339952 29.581333 5.000000
v -12.217850 29.518801 5.000000
v -12.203371 29.511665 2.703371
v -12.094077 29.459642 5.000000
v -12.102214 29.463404 2.602214
v -11.968729 29.403904 5.000000
v -11.841898 29.351624 5.000000
v -11.713681 29.302841 5.000000
v -11.584174 29.257597 5.000000
v -11.453474 29.215921 5.000000
v -11.321681 29.177847 5.000000
v -11.188892 29.143402 5.000000
v -11.055208 29.112616 5.000000
v -10.920731 29.085506 5.000000
v -10.785560 29.062096 5.000000
v -10.649797 29.042404 5.000000
v -10.513546 29.026443 5.000000
v -10.376907 29.014227 5.000000
v -10.239985 29.005762 5.000000
v -10.102883 29.001059 5.000000
v -9.965703 29.000118 5.000000
v -9.828549 29.002941 5.000000
v -9.691525 29.009525 5.000000
v -9.554731 29.019865 5.000000
v -9.418274 29.033957 5.000000
v -9.282254 29.051785 5.000000
v -9.146774 29.073338 5.000000
v -9.011937 29.098598 5.000000
v -8.877844 29.127550 5.000000
v -8.744596 29.160170 5.000000
v -8.612291 29.196432 5.000000
v -8.481032 29.236311 5.000000
v -8.350917 29.279776 5.000000
v -8.222043 29.326792 5.000000
v -8.094507 29.377329 5.000000
v -7.968406 29.431343 5.000000
v -7.843834 29.488798 5.000000
v -7.720885 29.549648 5.000000
v -7.599651 29.613848 5.000000
v -7.480225 29.681351 5.000000
v -7.362695 29.752104 5.000000
v -7.247151 29.826054 5.000000
v -7.133679 29.903147 5.000000
v -7.022365 29.983324 5.000000
v -6.913291 30.066525 5.000000
v -6.806542 30.152685 5.000000
v -6.702197 30.241743 5.000000
v -6.600334 30.333630 5.000000
v -6.501030 30.428276 5.000000
v -6.404360 30.525612 5.000000
v -6.310397 30.625563 5.000000
v -6.219211 30.728054 5.000000
v -6.130871 30.833008 5.000000
v -6.045444 30.940346 5.000000
v -5.962994 31.049986 5.000000
v -5.883583 31.161848 5.000000
v -5.807270 31.275846 5.000000
v -5.734113 31.391895 5.000000
v -5.664168 31.509907 5.000000
v -5.597487 31.629793 5.000000
v -5.534120 31.751465 5.000000
v -5.474114 31.874828 5.000000
v -5.417515 31.999792 5.000000
v -5.364366 32.126259 5.000000
v -5.314707 32.254139 5.000000
v -5.268574 32.383335 5.000000
v -5.226003 32.513744 5.000000
v -5.187026 32.645275 5.000000
v -5.151672 32.777824 5.000000
v -5.119968 32.911293 5.000000
v -5.091937 33.045582 5.000000
v -5.067601 33.180588 5.000000
v -5.046977 33.316212 5.000000
v -5.030082 33.452351 5.000000
v -5.016929 33.588902 5.000000
v -5.007526 33.725761 5.000000
v -5.001882 33.862831 5.000000
v 2.250000 -32.000000 6.000000
v 2.249530 -31.965708 6.000000
v 2.248118 -31.931440 6.000000
v 2.245768 -31.897226 6.000000
v 2.242479 -31.863089 6.000000
v 2.238256 -31.829054 6.000000
v 2.233100 -31.795147 6.000000
v 2.227016 -31.761395 6.000000
v 2.220008 -31.727823 6.000000
v 2.212082 -31.694456 6.000000
v 2.203243 -31.661318 6.000000
v 2.193499 -31.628435 6.000000
v 2.182856 -31.595833 6.000000
v 2.171323 -31.563536 6.000000
v 2.158908 -31.531565 6.000000
v 2.145621 -31.499949 6.000000
v 2.131472 -31.468706 6.000000
v 2.116470 -31.437866 6.000000
v 2.100628 -31.407448 6.000000
v 2.083958 -31.377478 6.000000
v 2.066472 -31.347973 6.000000
v 2.048182 -31.318962 6.000000
v 2.029104 -31.290462 6.000000
v 2.009252 -31.262497 6.000000
v 1.988639 -31.235086 6.000000
v 1.967282 -31.208252 6.000000
v 1.945197 -31.182013 6.000000
v 1.922401 -31.156391 6.000000
v 1.898910 -31.131403 6.000000
v 1.874743 -31.107069 6.000000
v 1.849917 -31.083408 6.000000
v 1.824451 -31.060436 6.000000
v 1.798365 -31.038172 6.000000
v 1.771677 -31.016630 6.000000
v 1.744409 -30.995831 6.000000
v 1.716580 -30.975786 6.000000
v 1.688212 -30.956514 6.000000
v 1.659326 -30.938026 6.000000
v 1.629944 -30.920338 6.000000
v 1.600087 -30.903461 6.000000
v 1.569779 -30.887411 6.000000
v 1.539042 -30.872200 6.000000
v 1.507899 -30.857836 6.000000
v 1.476373 -30.844332 6.000000
v 1.444489 -30.831697 6.000000
v 1.412271 -30.819944 6.000000
v 1.379742 -30.809078 6.000000
v 1.346927 -30.799109 6.000000
v 1.313851 -30.790043 6.000000
v 1.280539 -30.781887 6.000000
v 1.247016 -30.774651 6.000000
v 1.213306 -30.768333 6.000000
v 1.179436 -30.762945 6.000000
v 1.145432 -30.758490 6.000000
v 1.111317 -30.754967 6.000000
v 1.077119 -30.752380 6.000000
v 1.042863 -30.750734 6.000000
v 1.008574 -30.750029 6.000000
v 0.974279 -30.750265 6.000000
v 0.940004 -30.751440 6.000000
v 0.905773 -30.753557 6.000000
v 0.871614 -30.756611 6.000000
v 0.837551 -30.760601 6.000000
v 0.803610 -30.765524 6.000000
v 0.769817 -30.771376 6.000000
v 0.736198 -30.778154 6.000000
v 0.702777 -30.785851 6.000000
v 0.669580 -30.794462 6.000000
v 0.636631 -30.803980 6.000000
v 0.603956 -30.814400 6.000000
v 0.571580 -30.825710 6.000000
v 0.539525 -30.837906 6.000000
v 0.507818 -30.850975 6.000000
v 0.476481 -30.864910 6.000000
v 0.445538 -30.879700 6.000000
v 0.415012 -30.895332 6.000000
v 0.384927 -30.911797 6.000000
v 0.355304 -30.929081 6.000000
v 0.326167 -30.947170 6.000000
v 0.297538 -30.966053 6.000000
v 0.269437 -30.985714 6.000000
v 0.241886 -31.006138 6.000000
v 0.214905 -31.027309 6.000000
v 0.188516 -31.049213 6.000000
v 0.162738 -31.071835 6.000000
v 0.137589 -31.095154 6.000000
v 0.113090 -31.119154 6.000000
v 0.089259 -31.143816 6.000000
v 0.066113 -31.169125 6.000000
v 0.043670 -31.195057 6.000000
v 0.021947 -31.221596 6.000000
v 0.000961 -31.248720 6.000000
v -0.019274 -31.276411 6.000000
v -0.038741 -31.304646 6.000000
v -0.057427 -31.333405 6.000000
v -0.075316 -31.362665 6.000000
v -0.092396 -31.392405 6.000000
v -0.108654 -31.422604 6.000000
v -0.124077 -31.453236 6.000000
v -0.138653 -31.484280 6.000000
v -0.152373 -31.515711 6.000000
v -0.165226 -31.547508 6.000000
v -0.177201 -31.579645 6.000000
v -0.188290 -31.612099 6.000000
v -0.198484 -31.644844 6.000000
v -0.207776 -31.677856 6.000000
v -0.216159 -31.711113 6.000000
v -0.223627 -31.744585 6.000000
v -0.230174 -31.778250 6.000000
v -0.235794 -31.812082 6.000000
v -0.240484 -31.846056 6.000000
v -0.244241 -31.880146 6.000000
v -0.247060 -31.914326 6.000000
v -0.248941 -31.948568 6.000000
v -0.249882 -31.982853 6.000000
v -0.249882 -32.017147 6.000000
v -0.248941 -32.051430 6.000000
v -0.247060 -32.085674 6.000000
v -0.244241 -32.119854 6.000000
v -0.240484 -32.153946 6.000000
v -0.235794 -32.187916 6.000000
v -0.230174 -32.221748 6.000000
v -0.223627 -32.255413 6.000000
v -0.216159 -32.288887 6.000000
v -0.207776 -32.322144 6.000000
v -0.198484 -32.355156 6.000000
v -0.188290 -32.387901 6.000000
v -0.177201 -32.420357 6.000000
v -0.165226 -32.452492 6.000000
v -0.152373 -32.484287 6.000000
v -0.138653 -32.515720 6.000000
v -0.124077 -32.546764 6.000000
v -0.108654 -32.577396 6.000000
v -0.092396 -32.607594 6.000000
v -0.075316 -32.637333 6.000000
v -0.057427 -32.666595 6.000000
v -0.038741 -32.695354 6.000000
v -0.019274 -32.723587 6.000000
v 0.000961 -32.751278 6.000000
v 0.021947 -32.778404 6.000000
v 0.043670 -32.804943 6.000000
v 0.066113 -32.830875 6.000000
v 0.089259 -32.856182 6.000000
v 0.113090 -32.880848 6.000000
v 0.137589 -32.904846 6.000000
v 0.162738 -32.928165 6.000000
v 0.188516 -32.950787 6.000000
v 0.214905 -32.972691 6.000000
v 0.241886 -32.993862 6.000000
v 0.269437 -33.014286 6.000000
v 0.297538 -33.033947 6.000000
v 0.326167 -33.052830 6.000000
v 0.355304 -33.070919 6.000000
v 0.384927 -33.088203 6.000000
v 0.415012 -33.104668 6.000000
v 0.445538 -33.120300 6.000000
v 0.476481 -33.135090 6.000000
v 0.507818 -33.149025 6.000000
v 0.539525 -33.162094 6.000000
v 0.571580 -33.174290 6.000000
v 0.603956 -33.185600 6.000000
v 0.636631 -33.196018 6.000000
v 0.669580 -33.205540 6.000000
v 0.702777 -33.214149 6.000000
v 0.736198 -33.221848 6.000000
v 0.769817 -33.228622 6.000000
v 0.803610 -33.234474 6.000000
v 0.837551 -33.239399 6.000000
v 0.871614 -33.243389 6.000000
v 0.905773 -33.246445 6.000000
v 0.940004 -33.248558 6.000000
v 0.974279 -33.249737 6.000000
v 1.008574 -33.249969 6.000000
v 1.042863 -33.249264 6.000000
v 1.077119 -33.247620 6.000000
v 1.111317 -33.245033 6.000000
v 1.145432 -33.241512 6.000000
v 1.179436 -33.237053 6.000000
v 1.213306 -33.231667 6.000000
v 1.247016 -33.225349 6.000000
v 1.280539 -33.218113 6.000000
v 1.313851 -33.209957 6.000000
v 1.346927 -33.200893 6.000000
v 1.379742 -33.190922 6.000000
v 1.412271 -33.180058 6.000000
v 1.444489 -33.168301 6.000000
v 1.476373 -33.155666 6.000000
v 1.507899 -33.142162 6.000000
v 1.539042 -33.127800 6.000000
v 1.569779 -33.112587 6.000000
v 1.600087 -33.096539 6.000000
v 1.629944 -33.079662 6.000000
v 1.659326 -33.061974 6.000000
v 1.688212 -33.043488 6.000000
v 1.716580 -33.024212 6.000000
v 1.744409 -33.004169 6.000000
v 1.771677 -32.983368 6.000000
v 1.798365 -32.961830 6.000000
v 1.824451 -32.939564 6.000000
v 1.849917 -32.916592 6.000000
v 1.874743 -32.892929 6.000000
v 1.898910 -32.868599 6.000000
v 1.922401 -32.843609 6.000000
v 1.945197 -32.817986 6.000000
v 1.967282 -32.791748 6.000000
v 1.988639 -32.764915 6.000000
v 2.009252 -32.737503 6.000000
v 2.029104 -32.709538 6.000000
v 2.048182 -32.681038 6.000000
v 2.066472 -32.652027 6.000000
v 2.083958 -32.622524 6.000000
v 2.100628 -32.592552 6.000000
v 2.116470 -32.562134 6.000000
v 2.131472 -32.531292 6.000000
v 2.145621 -32.500053 6.000000
v 2.158908 -32.468433 6.000000
v 2.171323 -32.436466 6.000000
v 2.182856 -32.404167 6.000000
v 2.193499 -32.371563 6.000000
v 2.203243 -32.338680 6.000000
v 2.212082 -32.305546 6.000000
v 2.220008 -32.272179 6.000000
v 2.227016 -32.238605 6.000000
v 2.233100 -32.204853 6.000000
v 2.238256 -32.170948 6.000000
v 2.242479 -32.136913 6.000000
v 2.245768 -32.102776 6.000000
v 2.248118 -32.068558 6.000000
v 2.249530 -32.034294 6.000000
v -10.000000 -26.000000 3.500000
v -10.000000 26.000000 3.500000
v -11.000000 -26.000000 6.000000
v -10.946018 -26.000000 5.458351
v -11.000000 -26.000000 5.500000
v -10.893191 -26.000000 5.415246
v -10.841560 -26.000000 5.370716
v -10.791162 -26.000000 5.324794
v -10.742036 -26.000000 5.277516
v -10.694217 -26.000000 5.228915
v -10.647741 -26.000000 5.179029
v -10.602643 -26.000000 5.127893
v -10.558955 -26.000000 5.075546
v -10.516712 -26.000000 5.022028
v -10.475945 -26.000000 4.967378
v -10.436682 -26.000000 4.911636
v -2.900000 -26.000000 6.000000
v -10.398953 -26.000000 4.854845
v -10.362788 -26.000000 4.797045
v -10.328213 -26.000000 4.738281
v -10.295253 -26.000000 4.678596
v -10.263932 -26.000000 4.618034
v -10.234275 -26.000000 4.556641
v -10.206303 -26.000000 4.494462
v -10.180037 -26.000000 4.431542
v -10.155497 -26.000000 4.367930
v -10.132700 -26.000000 4.303673
v -10.111664 -26.000000 4.238818
v -10.092404 -26.000000 4.173413
v -10.074936 -26.000000 4.107508
v -10.059271 -26.000000 4.041150
v -10.045422 -26.000000 3.974390
v -10.033398 -26.000000 3.907277
v -10.023209 -26.000000 3.839862
v -10.014862 -26.000000 3.772193
v -10.008364 -26.000000 3.704322
v -10.003718 -26.000000 3.636299
v -10.000930 -26.000000 3.568175
v 4.900000 -26.000000 6.000000
v -2.900000 -26.000000 8.800000
v 4.900000 -26.000000 8.800000
v 12.000000 -26.000000 3.500000
v 12.000930 -26.000000 3.568175
v 12.003718 -26.000000 3.636299
v 12.008364 -26.000000 3.704322
v 12.014862 -26.000000 3.772193
v 12.023209 -26.000000 3.839862
v 12.033398 -26.000000 3.907277
v 12.045422 -26.000000 3.974390
v 12.059271 -26.000000 4.041150
v 12.074936 -26.000000 4.107508
v 12.092404 -26.000000 4.173413
v 12.111664 -26.000000 4.238818
v 12.132700 -26.000000 4.303673
v 12.155497 -26.000000 4.367930
v 12.180037 -26.000000 4.431542
v 12.206303 -26.000000 4.494462
v 12.234275 -26.000000 4.556641
v 12.263932 -26.000000 4.618034
v 12.295253 -26.000000 4.678596
v 12.328213 -26.000000 4.738281
v 12.362788 -26.000000 4.797045
v 12.398953 -26.000000 4.854845
v 12.436682 -26.000000 4.911636
v 13.000000 -26.000000 6.000000
v 12.475945 -26.000000 4.967378
v 12.516712 -26.000000 5.022028
v 12.558955 -26.000000 5.075546
v 12.602643 -26.000000 5.127893
v 12.647741 -26.000000 5.179029
v 12.694217 -26.000000 5.228915
v 12.742036 -26.000000 5.277516
v 12.791162 -26.000000 5.324794
v 12.841560 -26.000000 5.370716
v 12.893191 -26.000000 5.415246
v 12.946018 -26.000000 5.458351
v 13.000000 -26.000000 5.500000
v -10.946018 26.000000 5.458351
v -11.000000 26.000000 6.000000
v -11.000000 26.000000 5.500000
v -10.893191 26.000000 5.415246
v -10.841560 26.000000 5.370716
v -10.791162 26.000000 5.324794
v -10.742036 26.000000 5.277516
v -10.694217 26.000000 5.228915
v -10.647741 26.000000 5.179029
v -10.602643 26.000000 5.127893
v -10.558955 26.000000 5.075546
v -10.516712 26.000000 5.022028
v -10.475945 26.000000 4.967378
v -10.436682 26.000000 4.911636
v -2.900000 26.000000 6.000000
v -10.398953 26.000000 4.854845
v -10.362788 26.000000 4.797045
v -10.328213 26.000000 4.738281
v -10.295253 26.000000 4.678596
v -10.263932 26.000000 4.618034
v -10.234275 26.000000 4.556641
v -10.206303 26.000000 4.494462
v -10.180037 26.000000 4.431542
v -10.155497 26.000000 4.367930
v -10.132700 26.000000 4.303673
v -10.111664 26.000000 4.238818
v -10.092404 26.000000 4.173413
v -10.074936 26.000000 4.107508
v -10.059271 26.000000 4.041150
v -10.045422 26.000000 3.974390
v -10.033398 26.000000 3.907277
v -10.023209 26.000000 3.839862
v -10.014862 26.000000 3.772193
v -10.008364 26.000000 3.704322
v -10.003718 26.000000 3.636299
v -10.000930 26.000000 3.568175
v 4.900000 26.000000 8.800000
v -2.900000 26.000000 8.800000
v 4.900000 26.000000 6.000000
v 12.694217 26.000000 5.228915
v 12.742036 26.000000 5.277516
v 13.000000 26.000000 6.000000
v 12.791162 26.000000 5.324794
v 12.647741 26.000000 5.179029
v 12.841560 26.000000 5.370716
v 12.602643 26.000000 5.127893
v 12.893191 26.000000 5.415246
v 12.558955 26.000000 5.075546
v 12.946018 26.000000 5.458351
v 12.516712 26.000000 5.022028
v 13.000000 26.000000 5.500000
v 12.475945 26.000000 4.967378
v 12.436682 26.000000 4.911636
v 12.398953 26.000000 4.854845
v 12.362788 26.000000 4.797045
v 12.328213 26.000000 4.738281
v 12.295253 26.000000 4.678596
v 12.263932 26.000000 4.618034
v 12.234275 26.000000 4.556641
v 12.206303 26.000000 4.494462
v 12.180037 26.000000 4.431542
v 12.155497 26.000000 4.367930
v 12.132700 26.000000 4.303673
v 12.111664 26.000000 4.238818
v 12.092404 26.000000 4.173413
v 12.074936 26.000000 4.107508
v 12.059271 26.000000 4.041150
v 12.045422 26.000000 3.974390
v 12.033398 26.000000 3.907277
v 12.023209 26.000000 3.839862
v 12.014862 26.000000 3.772193
v 12.008364 26.000000 3.704322
v 12.003718 26.000000 3.636299
v 12.000930 26.000000 3.568175
v 12.000000 26.000000 3.500000
v 2.250000 32.000000 6.000000
v 2.249530 32.034294 6.000000
v 2.248118 32.068558 6.000000
v 2.245768 32.102776 6.000000
v 2.242479 32.136913 6.000000
v 2.238256 32.170948 6.000000
v 2.233100 32.204853 6.000000
v 2.227016 32.238605 6.000000
v 2.220008 32.272179 6.000000
v 2.212082 32.305546 6.000000
v 2.203243 32.338680 6.000000
v 2.193499 32.371563 6.000000
v 2.182856 32.404167 6.000000
v 2.171323 32.436466 6.000000
v 2.158908 32.468433 6.000000
v 2.145621 32.500053 6.000000
v 2.131472 32.531292 6.000000
v 2.116470 32.562134 6.000000
v 2.100628 32.592552 6.000000
v 2.083958 32.622524 6.000000
v 2.066472 32.652027 6.000000
v 2.048182 32.681038 6.000000
v 2.029104 32.709538 6.000000
v 2.009252 32.737503 6.000000
v 1.988639 32.764915 6.000000
v 1.967282 32.791748 6.000000
v 1.945197 32.817986 6.000000
v 1.922401 32.843609 6.000000
v 1.898910 32.868599 6.000000
v 1.874743 32.892929 6.000000
v 1.849917 32.916592 6.000000
v 1.824451 32.939564 6.000000
v 1.798365 32.961830 6.000000
v 1.771677 32.983368 6.000000
v 1.744409 33.004169 6.000000
v 1.716580 33.024212 6.000000
v 1.688212 33.043488 6.000000
v 1.659326 33.061974 6.000000
v 1.629944 33.079662 6.000000
v 1.600087 33.096539 6.000000
v 1.569779 33.112587 6.000000
v 1.539042 33.127800 6.000000
v 1.507899 33.142162 6.000000
v 1.476373 33.155666 6.000000
v 1.444489 33.168301 6.000000
v 1.412271 33.180058 6.000000
v 1.379742 33.190922 6.000000
v 1.346927 33.200893 6.000000
v 1.313851 33.209957 6.000000
v 1.280539 33.218113 6.000000
v 1.247016 33.225349 6.000000
v 1.213306 33.231667 6.000000
v 1.179436 33.237053 6.000000
v 1.145432 33.241512 6.000000
v 1.111317 33.245033 6.000000
v 1.077119 33.247620 6.000000
v 1.042863 33.249264 6.000000
v 1.008574 33.249969 6.000000
v 0.974279 33.249737 6.000000
v 0.940004 33.248558 6.000000
v 0.905773 33.246445 6.000000
v 0.871614 33.243389 6.000000
v 0.837551 33.239399 6.000000
v 0.803610 33.234474 6.000000
v 0.769817 33.228622 6.000000
v 0.736198 33.221848 6.000000
v 0.702777 33.214149 6.000000
v 0.669580 33.205540 6.000000
v 0.636631 33.196018 6.000000
v 0.603956 33.185600 6.000000
v 0.571580 33.174290 6.000000
v 0.539525 33.162094 6.000000
v 0.507818 33.149025 6.000000
v 0.476481 33.135090 6.000000
v 0.445538 33.120300 6.000000
v 0.415012 33.104668 6.000000
v 0.384927 33.088203 6.000000
v 0.355304 33.070919 6.000000
v 0.326167 33.052830 6.000000
v 0.297538 33.033947 6.000000
v 0.269437 33.014286 6.000000
v 0.241886 32.993862 6.000000
v 0.214905 32.972691 6.000000
v 0.188516 32.950787 6.000000
v 0.162738 32.928165 6.000000
v 0.137589 32.904846 6.000000
v 0.113090 32.880848 6.000000
v 0.089259 32.856182 6.000000
v 0.066113 32.830875 6.000000
v 0.043670 32.804943 6.000000
v 0.021947 32.778404 6.000000
v 0.000961 32.751278 6.000000
v -0.019274 32.723587 6.000000
v -0.038741 32.695354 6.000000
v -0.057427 32.666595 6.000000
v -0.075316 32.637333 6.000000
v -0.092396 32.607594 6.000000
v -0.108654 32.577396 6.000000
v -0.124077 32.546764 6.000000
v -0.138653 32.515720 6.000000
v -0.152373 32.484287 6.000000
v -0.165226 32.452492 6.000000
v -0.177201 32.420357 6.000000
v -0.188290 32.387901 6.000000
v -0.198484 32.355156 6.000000
v -0.207776 32.322144 6.000000
v -0.216159 32.288887 6.000000
v -0.223627 32.255413 6.000000
v -0.230174 32.221748 6.000000
v -0.235794 32.187916 6.000000
v -0.240484 32.153946 6.000000
v -0.244241 32.119854 6.000000
v -0.247060 32.085674 6.000000
v -0.248941 32.051430 6.000000
v -0.249882 32.017147 6.000000
v -0.249882 31.982853 6.000000
v -0.248941 31.948568 6.000000
v -0.247060 31.914326 6.000000
v -0.244241 31.880146 6.000000
v -0.240484 31.846056 6.000000
v -0.235794 31.812082 6.000000
v -0.230174 31.778250 6.000000
v -0.223627 31.744585 6.000000
v -0.216159 31.711113 6.000000
v -0.207776 31.677856 6.000000
v -0.198484 31.644844 6.000000
v -0.188290 31.612099 6.000000
v -0.177201 31.579645 6.000000
v -0.165226 31.547508 6.000000
v -0.152373 31.515711 6.000000
v -0.138653 31.484280 6.000000
v -0.124077 31.453236 6.000000
v -0.108654 31.422604 6.000000
v -0.092396 31.392405 6.000000
v -0.075316 31.362665 6.000000
v -0.057427 31.333405 6.000000
v -0.038741 31.304646 6.000000
v -0.019274 31.276411 6.000000
v 0.000961 31.248720 6.000000
v 0.021947 31.221596 6.000000
v 0.043670 31.195057 6.000000
v 0.066113 31.169125 6.000000
v 0.089259 31.143816 6.000000
v 0.113090 31.119154 6.000000
v 0.137589 31.095154 6.000000
v 0.162738 31.071835 6.000000
v 0.188516 31.049213 6.000000
v 0.214905 31.027309 6.000000
v 0.241886 31.006138 6.000000
v 0.269437 30.985714 6.000000
v 0.297538 30.966053 6.000000
v 0.326167 30.947170 6.000000
v 0.355304 30.929081 6.000000
v 0.384927 30.911797 6.000000
v 0.415012 30.895332 6.000000
v 0.445538 30.879700 6.000000
v 0.476481 30.864910 6.000000
v 0.507818 30.850975 6.000000
v 0.539525 30.837906 6.000000
v 0.571580 30.825710 6.000000
v 0.603956 30.814400 6.000000
v 0.636631 30.803980 6.000000
v 0.669580 30.794462 6.000000
v 0.702777 30.785851 6.000000
v 0.736198 30.778154 6.000000
v 0.769817 30.771376 6.000000
v 0.803610 30.765524 6.000000
v 0.837551 30.760601 6.000000
v 0.871614 30.756611 6.000000
v 0.905773 30.753557 6.000000
v 0.940004 30.751440 6.000000
v 0.974279 30.750265 6.000000
v 1.008574 30.750029 6.000000
v 1.042863 30.750734 6.000000
v 1.077119 30.752380 6.000000
v 1.111317 30.754967 6.000000
v 1.145432 30.758490 6.000000
v 1.179436 30.762945 6.000000
v 1.213306 30.768333 6.000000
v 1.247016 30.774651 6.000000
v 1.280539 30.781887 6.000000
v 1.313851 30.790043 6.000000
v 1.346927 30.799109 6.000000
v 1.379742 30.809078 6.000000
v 1.412271 30.819944 6.000000
v 1.444489 30.831697 6.000000
v 1.476373 30.844332 6.000000
v 1.507899 30.857836 6.000000
v 1.539042 30.872200 6.000000
v 1.569779 30.887411 6.000000
v 1.600087 30.903461 6.000000
v 1.629944 30.920338 6.000000
v 1.659326 30.938026 6.000000
v 1.688212 30.956514 6.000000
v 1.716580 30.975786 6.000000
v 1.744409 30.995831 6.000000
v 1.771677 31.016630 6.000000
v 1.798365 31.038172 6.000000
v 1.824451 31.060436 6.000000
v 1.849917 31.083408 6.000000
v 1.874743 31.107069 6.000000
v 1.898910 31.131403 6.000000
v 1.922401 31.156391 6.000000
v 1.945197 31.182013 6.000000
v 1.967282 31.208252 6.000000
v 1.988639 31.235086 6.000000
v 2.009252 31.262497 6.000000
v 2.029104 31.290462 6.000000
v 2.048182 31.318962 6.000000
v 2.066472 31.347973 6.000000
v 2.083958 31.377478 6.000000
v 2.100628 31.407448 6.000000
v 2.116470 31.437866 6.000000
v 2.131472 31.468706 6.000000
v 2.145621 31.499949 6.000000
v 2.158908 31.531565 6.000000
v 2.171323 31.563536 6.000000
v 2.182856 31.595833 6.000000
v 2.193499 31.628435 6.000000
v 2.203243 31.661318 6.000000
v 2.212082 31.694456 6.000000
v 2.220008 31.727823 6.000000
v 2.227016 31.761395 6.000000
v 2.233100 31.795147 6.000000
v 2.238256 31.829054 6.000000
v 2.242479 31.863089 6.000000
v 2.245768 31.897226 6.000000
v 2.248118 31.931440 6.000000
v 2.249530 31.965708 6.000000
v -9.180840 38.997665 2.500000
v -9.361558 38.990658 2.500000
v -18.000000 33.000000 3.500000
v -18.000000 33.000000 6.000000
v -18.000000 35.000000 6.000000
v -18.000000 -33.000000 3.500000
v -18.000000 -35.000000 6.000000
v -18.000000 -33.000000 6.000000
v -17.997433 -35.189556 6.000000
v -17.989735 -35.378971 6.000000
v -17.976908 -35.568111 6.000000
v -17.958965 -35.756832 6.000000
v -17.935919 -35.945000 6.000000
v -17.907785 -36.132473 6.000000
v -17.874586 -36.319118 6.000000
v -17.836344 -36.504791 6.000000
v -17.793089 -36.689365 6.000000
v -17.744850 -36.872700 6.000000
v -17.691666 -37.054657 6.000000
v -17.633572 -37.235111 6.000000
v -17.570614 -37.413925 6.000000
v -17.502836 -37.590965 6.000000
v -17.430290 -37.766109 6.000000
v -17.353027 -37.939224 6.000000
v -17.271107 -38.110184 6.000000
v -17.184584 -38.278858 6.000000
v -17.093527 -38.445133 6.000000
v -16.998001 -38.608875 6.000000
v -16.898075 -38.769978 6.000000
v -16.793823 -38.928310 6.000000
v -16.685322 -39.083763 6.000000
v -16.572651 -39.236221 6.000000
v -16.455894 -39.385571 6.000000
v -16.335135 -39.531704 6.000000
v -16.210463 -39.674515 6.000000
v -16.081968 -39.813896 6.000000
v -15.949747 -39.949749 6.000000
v -15.813896 -40.081970 6.000000
v -15.674515 -40.210461 6.000000
v -15.531704 -40.335133 6.000000
v -15.385570 -40.455894 6.000000
v -15.236219 -40.572651 6.000000
v -15.083762 -40.685322 6.000000
v -14.928309 -40.793823 6.000000
v -14.769976 -40.898075 6.000000
v -14.608877 -40.998001 6.000000
v -14.445131 -41.093529 6.000000
v -14.278859 -41.184586 6.000000
v -14.110182 -41.271107 6.000000
v -13.939223 -41.353027 6.000000
v -13.766109 -41.430290 6.000000
v -13.590967 -41.502838 6.000000
v -13.413924 -41.570614 6.000000
v -13.235110 -41.633572 6.000000
v -13.054658 -41.691666 6.000000
v -12.872699 -41.744850 6.000000
v -12.689365 -41.793087 6.000000
v -12.504793 -41.836346 6.000000
v -12.319118 -41.874584 6.000000
v -12.132474 -41.907787 6.000000
v -11.945000 -41.935921 6.000000
v -11.756833 -41.958965 6.000000
v -11.568111 -41.976910 6.000000
v -11.378972 -41.989735 6.000000
v -11.189556 -41.997433 6.000000
v -11.000000 -42.000000 6.000000
v -17.997433 35.189556 6.000000
v -17.989735 35.378971 6.000000
v -17.976908 35.568111 6.000000
v -17.958965 35.756832 6.000000
v -17.935919 35.945000 6.000000
v -17.907785 36.132473 6.000000
v -17.874586 36.319118 6.000000
v -17.836344 36.504791 6.000000
v -17.793089 36.689365 6.000000
v -17.744850 36.872700 6.000000
v -17.691666 37.054657 6.000000
v -17.633572 37.235111 6.000000
v -17.570614 37.413925 6.000000
v -17.502836 37.590965 6.000000
v -17.430290 37.766109 6.000000
v -17.353027 37.939224 6.000000
v -17.271107 38.110184 6.000000
v -17.184584 38.278858 6.000000
v -17.093527 38.445133 6.000000
v -16.998001 38.608875 6.000000
v -16.898075 38.769978 6.000000
v -16.793823 38.928310 6.000000
v -16.685322 39.083763 6.000000
v -16.572651 39.236221 6.000000
v -16.455894 39.385571 6.000000
v -16.335135 39.531704 6.000000
v -16.210463 39.674515 6.000000
v -16.081968 39.813896 6.000000
v -15.949747 39.949749 6.000000
v -15.813896 40.081970 6.000000
v -15.674515 40.210461 6.000000
v -15.531704 40.335133 6.000000
v -15.385570 40.455894 6.000000
v -15.236219 40.572651 6.000000
v -15.083762 40.685322 6.000000
v -14.928309 40.793823 6.000000
v -14.769976 40.898075 6.000000
v -14.608877 40.998001 6.000000
v -14.445131 41.093529 6.000000
v -14.278859 41.184586 6.000000
v -14.110182 41.271107 6.000000
v -13.939223 41.353027 6.000000
v -13.766109 41.430290 6.000000
v -13.590967 41.502838 6.000000
v -13.413924 41.570614 6.000000
v -13.235110 41.633572 6.000000
v -13.054658 41.691666 6.000000
v -12.872699 41.744850 6.000000
v -12.689365 41.793087 6.000000
v -12.504793 41.836346 6.000000
v -12.319118 41.874584 6.000000
v -12.132474 41.907787 6.000000
v -11.945000 41.935921 6.000000
v -11.756833 41.958965 6.000000
v -11.568111 41.976910 6.000000
v -11.378972 41.989735 6.000000
v -11.189556 41.997433 6.000000
v -11.000000 42.000000 6.000000
v 13.000000 -42.000000 6.000000
v 13.000000 42.000000 6.000000
v 19.997433 -35.189556 6.000000
v 20.000000 -35.000000 6.000000
v 19.989735 -35.378971 6.000000
v 19.976908 -35.568111 6.000000
v 19.958965 -35.756832 6.000000
v 19.935919 -35.945000 6.000000
v 19.907785 -36.132473 6.000000
v 19.874586 -36.319118 6.000000
v 19.836344 -36.504791 6.000000
v 19.793089 -36.689365 6.000000
v 19.744850 -36.872700 6.000000
v 19.691666 -37.054657 6.000000
v 19.633572 -37.235111 6.000000
v 19.570614 -37.413925 6.000000
v 19.502836 -37.590965 6.000000
v 19.430290 -37.766109 6.000000
v 19.353027 -37.939224 6.000000
v 19.271107 -38.110184 6.000000
v 19.184584 -38.278858 6.000000
v 19.093527 -38.445133 6.000000
v 18.998001 -38.608875 6.000000
v 18.898075 -38.769978 6.000000
v 18.793823 -38.928310 6.000000
v 18.685322 -39.083763 6.000000
v 18.572651 -39.236221 6.000000
v 18.455894 -39.385571 6.000000
v 18.335135 -39.531704 6.000000
v 18.210463 -39.674515 6.000000
v 18.081968 -39.813896 6.000000
v 17.949747 -39.949749 6.000000
v 17.813896 -40.081970 6.000000
v 17.674515 -40.210461 6.000000
v 17.531704 -40.335133 6.000000
v 17.385571 -40.455894 6.000000
v 17.236219 -40.572651 6.000000
v 17.083761 -40.685322 6.000000
v 16.928310 -40.793823 6.000000
v 16.769976 -40.898075 6.000000
v 16.608877 -40.998001 6.000000
v 16.445131 -41.093529 6.000000
v 16.278858 -41.184586 6.000000
v 16.110182 -41.271107 6.000000
v 15.939223 -41.353027 6.000000
v 15.766109 -41.430290 6.000000
v 15.590967 -41.502838 6.000000
v 15.413924 -41.570614 6.000000
v 15.235110 -41.633572 6.000000
v 15.054658 -41.691666 6.000000
v 14.872699 -41.744850 6.000000
v 14.689365 -41.793087 6.000000
v 14.504793 -41.836346 6.000000
v 14.319118 -41.874584 6.000000
v 14.132474 -41.907787 6.000000
v 13.945000 -41.935921 6.000000
v 13.756833 -41.958965 6.000000
v 13.568111 -41.976910 6.000000
v 13.378972 -41.989735 6.000000
v 13.189556 -41.997433 6.000000
v 19.997433 35.189556 6.000000
v 20.000000 35.000000 6.000000
v 19.989735 35.378971 6.000000
v 19.976908 35.568111 6.000000
v 19.958965 35.756832 6.000000
v 19.935919 35.945000 6.000000
v 19.907785 36.132473 6.000000
v 19.874586 36.319118 6.000000
v 19.836344 36.504791 6.000000
v 19.793089 36.689365 6.000000
v 19.744850 36.872700 6.000000
v 19.691666 37.054657 6.000000
v 19.633572 37.235111 6.000000
v 19.570614 37.413925 6.000000
v 19.502836 37.590965 6.000000
v 19.430290 37.766109 6.000000
v 19.353027 37.939224 6.000000
v 19.271107 38.110184 6.000000
v 19.184584 38.278858 6.000000
v 19.093527 38.445133 6.000000
v 18.998001 38.608875 6.000000
v 18.898075 38.769978 6.000000
v 18.793823 38.928310 6.000000
v 18.685322 39.083763 6.000000
v 18.572651 39.236221 6.000000
v 18.455894 39.385571 6.000000
v 18.335135 39.531704 6.000000
v 18.210463 39.674515 6.000000
v 18.081968 39.813896 6.000000
v 17.949747 39.949749 6.000000
v 17.813896 40.081970 6.000000
v 17.674515 40.210461 6.000000
v 17.531704 40.335133 6.000000
v 17.385571 40.455894 6.000000
v 17.236219 40.572651 6.000000
v 17.083761 40.685322 6.000000
v 16.928310 40.793823 6.000000
v 16.769976 40.898075 6.000000
v 16.608877 40.998001 6.000000
v 16.445131 41.093529 6.000000
v 16.278858 41.184586 6.000000
v 16.110182 41.271107 6.000000
v 15.939223 41.353027 6.000000
v 15.766109 41.430290 6.000000
v 15.590967 41.502838 6.000000
v 15.413924 41.570614 6.000000
v 15.235110 41.633572 6.000000
v 15.054658 41.691666 6.000000
v 14.872699 41.744850 6.000000
v 14.689365 41.793087 6.000000
v 14.504793 41.836346 6.000000
v 14.319118 41.874584 6.000000
v 14.132474 41.907787 6.000000
v 13.945000 41.935921 6.000000
v 13.756833 41.958965 6.000000
v 13.568111 41.976910 6.000000
v 13.378972 41.989735 6.000000
v 13.189556 41.997433 6.000000
v 20.000000 33.000000 3.500000
v 20.000000 33.000000 6.000000
v 20.000000 -33.000000 3.500000
v 20.000000 -33.000000 6.000000
v -9.180840 -38.997665 2.500000
v -9.361558 -38.990658 2.500000
v -14.379477 -36.478977 2.500000
v -14.497151 -36.333744 2.500000
v -14.610907 -36.185417 2.500000
v -14.720661 -36.034111 2.500000
v -14.826336 -35.879925 2.500000
v -14.927856 -35.722973 2.500000
v -15.025150 -35.563366 2.500000
v -15.118147 -35.401218 2.500000
v -15.206781 -35.236645 2.500000
v -15.290990 -35.069763 2.500000
v -15.370713 -34.900692 2.500000
v -15.445893 -34.729553 2.500000
v -15.516477 -34.556469 2.500000
v -15.582414 -34.381561 2.500000
v -15.643657 -34.204956 2.500000
v -15.700162 -34.026775 2.500000
v -15.751890 -33.847153 2.500000
v -15.798804 -33.666214 2.500000
v -15.840870 -33.484085 2.500000
v -15.878057 -33.300896 2.500000
v -15.910340 -33.116783 2.500000
v -15.937696 -32.931870 2.500000
v -15.960104 -32.746296 2.500000
v -15.977549 -32.560188 2.500000
v -15.990019 -32.373680 2.500000
v -15.997504 -32.186909 2.500000
v -16.000000 -32.000000 2.500000
v -16.000000 32.000000 2.500000
v -14.379477 36.478977 2.500000
v -14.497151 36.333744 2.500000
v -14.610907 36.185417 2.500000
v -14.720661 36.034111 2.500000
v -14.826336 35.879925 2.500000
v -14.927856 35.722973 2.500000
v -15.025150 35.563366 2.500000
v -15.118147 35.401218 2.500000
v -15.206781 35.236645 2.500000
v -15.290990 35.069763 2.500000
v -15.370713 34.900692 2.500000
v -15.445893 34.729553 2.500000
v -15.516477 34.556469 2.500000
v -15.582414 34.381561 2.500000
v -15.643657 34.204956 2.500000
v -15.700162 34.026775 2.500000
v -15.751890 33.847153 2.500000
v -15.798804 33.666214 2.500000
v -15.840870 33.484085 2.500000
v -15.878057 33.300896 2.500000
v -15.910340 33.116783 2.500000
v -15.937696 32.931870 2.500000
v -15.960104 32.746296 2.500000
v -15.977549 32.560188 2.500000
v -15.990019 32.373680 2.500000
v -15.997504 32.186909 2.500000
v 16.000000 34.000000 6.000000
v 15.998494 34.109737 6.000000
v 15.993979 34.219391 6.000000
v 15.986457 34.328876 6.000000
v 15.975934 34.438118 6.000000
v 15.962419 34.547031 6.000000
v 15.945920 34.655529 6.000000
v 15.926451 34.763535 6.000000
v 15.904026 34.870968 6.000000
v 15.878662 34.977741 6.000000
v 15.850379 35.083782 6.000000
v 15.819198 35.189003 6.000000
v 15.785141 35.293335 6.000000
v 15.748235 35.396687 6.000000
v 15.708507 35.498993 6.000000
v 15.665988 35.600166 6.000000
v 15.620708 35.700138 6.000000
v 15.572704 35.798828 6.000000
v 15.522011 35.896164 6.000000
v 15.468665 35.992073 6.000000
v 15.412709 36.086483 6.000000
v 15.354184 36.179321 6.000000
v 15.293134 36.270523 6.000000
v 15.229605 36.360012 6.000000
v 15.163645 36.447723 6.000000
v 15.095303 36.533596 6.000000
v 15.024632 36.617558 6.000000
v 14.951682 36.699551 6.000000
v 14.876512 36.779510 6.000000
v 14.799176 36.857380 6.000000
v 14.719733 36.933098 6.000000
v 14.638243 37.006607 6.000000
v 14.554767 37.077850 6.000000
v 14.469367 37.146782 6.000000
v 14.382109 37.213341 6.000000
v 14.293056 37.277481 6.000000
v 14.202279 37.339157 6.000000
v 14.109844 37.398315 6.000000
v 14.015821 37.454918 6.000000
v 13.920279 37.508923 6.000000
v 13.823292 37.560280 6.000000
v 13.724933 37.608963 6.000000
v 13.625276 37.654926 6.000000
v 13.524394 37.698139 6.000000
v 13.422365 37.738567 6.000000
v 13.319266 37.776180 6.000000
v 13.215174 37.810951 6.000000
v 13.110167 37.842854 6.000000
v 13.004324 37.871864 6.000000
v 12.897725 37.897961 6.000000
v 12.790450 37.921120 6.000000
v 12.682580 37.941330 6.000000
v 12.574197 37.958572 6.000000
v 12.465381 37.972836 6.000000
v 12.356215 37.984108 6.000000
v 12.246780 37.992382 6.000000
v 12.137160 37.997646 6.000000
v 12.027437 37.999905 6.000000
v 11.917693 37.999153 6.000000
v 11.808011 37.995388 6.000000
v 11.698474 37.988621 6.000000
v 11.589164 37.978848 6.000000
v 11.480163 37.966076 6.000000
v 11.371552 37.950325 6.000000
v 11.263415 37.931595 6.000000
v 11.155833 37.909908 6.000000
v 11.048886 37.885277 6.000000
v 10.942656 37.857723 6.000000
v 10.837220 37.827263 6.000000
v 10.732660 37.793922 6.000000
v 10.629055 37.757729 6.000000
v 10.526482 37.718700 6.000000
v 10.425017 37.676876 6.000000
v 10.324739 37.632286 6.000000
v 10.225720 37.584961 6.000000
v 10.128038 37.534935 6.000000
v 10.031765 37.482246 6.000000
v 9.936974 37.426941 6.000000
v 9.843736 37.369053 6.000000
v 9.752120 37.308632 6.000000
v 9.662197 37.245716 6.000000
v 9.574034 37.180359 6.000000
v 9.487697 37.112610 6.000000
v 9.403251 37.042515 6.000000
v 9.320760 36.970131 6.000000
v 9.240286 36.895512 6.000000
v 9.161889 36.818710 6.000000
v 9.085629 36.739788 6.000000
v 9.011562 36.658802 6.000000
v 8.939745 36.575817 6.000000
v 8.870232 36.490894 6.000000
v 8.803075 36.404095 6.000000
v 8.738323 36.315483 6.000000
v 8.676028 36.225132 6.000000
v 8.616235 36.133102 6.000000
v 8.558989 36.039471 6.000000
v 8.504333 35.944302 6.000000
v 8.452309 35.847672 6.000000
v 8.402955 35.749649 6.000000
v 8.356309 35.650307 6.000000
v 8.312406 35.549725 6.000000
v 8.271278 35.447975 6.000000
v 8.232958 35.345139 6.000000
v 8.197474 35.241287 6.000000
v 8.164851 35.136501 6.000000
v 8.135116 35.030857 6.000000
v 8.108290 34.924442 6.000000
v 8.084394 34.817329 6.000000
v 8.063444 34.709599 6.000000
v 8.045459 34.601337 6.000000
v 8.030450 34.492622 6.000000
v 8.018430 34.383533 6.000000
v 8.009406 34.274158 6.000000
v 8.003387 34.164577 6.000000
v 8.000377 34.054874 6.000000
v 8.000377 33.945126 6.000000
v 8.003387 33.835423 6.000000
v 8.009406 33.725842 6.000000
v 8.018430 33.616467 6.000000
v 8.030450 33.507378 6.000000
v 8.045459 33.398663 6.000000
v 8.063444 33.290401 6.000000
v 8.084394 33.182671 6.000000
v 8.108290 33.075558 6.000000
v 8.135116 32.969143 6.000000
v 8.164851 32.863499 6.000000
v 8.197474 32.758713 6.000000
v 8.232958 32.654861 6.000000
v 8.271278 32.552025 6.000000
v 8.312406 32.450275 6.000000
v 8.356309 32.349693 6.000000
v 8.402955 32.250351 6.000000
v 8.452309 32.152328 6.000000
v 8.504333 32.055698 6.000000
v 8.558989 31.960529 6.000000
v 8.616235 31.866896 6.000000
v 8.676028 31.774868 6.000000
v 8.738323 31.684515 6.000000
v 8.803075 31.595905 6.000000
v 8.870232 31.509106 6.000000
v 8.939745 31.424181 6.000000
v 9.011562 31.341196 6.000000
v 9.085629 31.260212 6.000000
v 9.161889 31.181290 6.000000
v 9.240286 31.104490 6.000000
v 9.320760 31.029869 6.000000
v 9.403251 30.957485 6.000000
v 9.487697 30.887392 6.000000
v 9.574034 30.819639 6.000000
v 9.662197 30.754284 6.000000
v 9.752120 30.691370 6.000000
v 9.843736 30.630947 6.000000
v 9.936974 30.573059 6.000000
v 10.031765 30.517752 6.000000
v 10.128038 30.465065 6.000000
v 10.225720 30.415041 6.000000
v 10.324739 30.367714 6.000000
v 10.425017 30.323122 6.000000
v 10.526482 30.281298 6.000000
v 10.629055 30.242273 6.000000
v 10.732660 30.206078 6.000000
v 10.837220 30.172737 6.000000
v 10.942656 30.142277 6.000000
v 11.048886 30.114723 6.000000
v 11.155833 30.090092 6.000000
v 11.263415 30.068405 6.000000
v 11.371552 30.049677 6.000000
v 11.480163 30.033922 6.000000
v 11.589164 30.021154 6.000000
v 11.698474 30.011381 6.000000
v 11.808011 30.004610 6.000000
v 11.917693 30.000847 6.000000
v 12.027437 30.000093 6.000000
v 12.137160 30.002352 6.000000
v 12.246780 30.007620 6.000000
v 12.356215 30.015892 6.000000
v 12.465381 30.027164 6.000000
v 12.574197 30.041428 6.000000
v 12.682580 30.058670 6.000000
v 12.790450 30.078878 6.000000
v 12.897725 30.102039 6.000000
v 13.004324 30.128136 6.000000
v 13.110167 30.157146 6.000000
v 13.215174 30.189049 6.000000
v 13.319266 30.223820 6.000000
v 13.422365 30.261435 6.000000
v 13.524394 30.301863 6.000000
v 13.625276 30.345074 6.000000
v 13.724933 30.391039 6.000000
v 13.823292 30.439718 6.000000
v 13.920279 30.491079 6.000000
v 14.015821 30.545080 6.000000
v 14.109844 30.601683 6.000000
v 14.202279 30.660843 6.000000
v 14.293056 30.722517 6.000000
v 14.382109 30.786659 6.000000
v 14.469367 30.853220 6.000000
v 14.554767 30.922148 6.000000
v 14.638243 30.993395 6.000000
v 14.719733 31.066904 6.000000
v 14.799176 31.142622 6.000000
v 14.876512 31.220490 6.000000
v 14.951682 31.300449 6.000000
v 15.024632 31.382442 6.000000
v 15.095303 31.466406 6.000000
v 15.163645 31.552277 6.000000
v 15.229605 31.639988 6.000000
v 15.293134 31.729479 6.000000
v 15.354184 31.820677 6.000000
v 15.412709 31.913515 6.000000
v 15.468665 32.007927 6.000000
v 15.522011 32.103836 6.000000
v 15.572704 32.201172 6.000000
v 15.620708 32.299862 6.000000
v 15.665988 32.399834 6.000000
v 15.708507 32.501007 6.000000
v 15.748235 32.603313 6.000000
v 15.785141 32.706665 6.000000
v 15.819198 32.810997 6.000000
v 15.850379 32.916218 6.000000
v 15.878662 33.022259 6.000000
v 15.904026 33.129032 6.000000
v 15.926451 33.236465 6.000000
v 15.945920 33.344471 6.000000
v 15.962419 33.452969 6.000000
v 15.975934 33.561882 6.000000
v 15.986457 33.671124 6.000000
v 15.993979 33.780609 6.000000
v 15.998494 33.890263 6.000000
v 16.000000 -34.000000 6.000000
v 15.998494 -33.890263 6.000000
v 15.993979 -33.780609 6.000000
v 15.986457 -33.671124 6.000000
v 15.975934 -33.561882 6.000000
v 15.962419 -33.452969 6.000000
v 15.945920 -33.344471 6.000000
v 15.926451 -33.236465 6.000000
v 15.904026 -33.129032 6.000000
v 15.878662 -33.022259 6.000000
v 15.850379 -32.916218 6.000000
v 15.819198 -32.810997 6.000000
v 15.785141 -32.706665 6.000000
v 15.748235 -32.603313 6.000000
v 15.708507 -32.501007 6.000000
v 15.665988 -32.399834 6.000000
v 15.620708 -32.299862 6.000000
v 15.572704 -32.201172 6.000000
v 15.522011 -32.103836 6.000000
v 15.468665 -32.007927 6.000000
v 15.412709 -31.913515 6.000000
v 15.354184 -31.820677 6.000000
v 15.293134 -31.729479 6.000000
v 15.229605 -31.639988 6.000000
v 15.163645 -31.552277 6.000000
v 15.095303 -31.466406 6.000000
v 15.024632 -31.382442 6.000000
v 14.951682 -31.300449 6.000000
v 14.876512 -31.220490 6.000000
v 14.799176 -31.142622 6.000000
v 14.719733 -31.066904 6.000000
v 14.638243 -30.993395 6.000000
v 14.554767 -30.922148 6.000000
v 14.469367 -30.853220 6.000000
v 14.382109 -30.786659 6.000000
v 14.293056 -30.722517 6.000000
v 14.202279 -30.660843 6.000000
v 14.109844 -30.601683 6.000000
v 14.015821 -30.545080 6.000000
v 13.920279 -30.491079 6.000000
v 13.823292 -30.439718 6.000000
v 13.724933 -30.391039 6.000000
v 13.625276 -30.345074 6.000000
v 13.524394 -30.301863 6.000000
v 13.422365 -30.261435 6.000000
v 13.319266 -30.223820 6.000000
v 13.215174 -30.189049 6.000000
v 13.110167 -30.157146 6.000000
v 13.004324 -30.128136 6.000000
v 12.897725 -30.102039 6.000000
v 12.790450 -30.078878 6.000000
v 12.682580 -30.058670 6.000000
v 12.574197 -30.041428 6.000000
v 12.465381 -30.027164 6.000000
v 12.356215 -30.015892 6.000000
v 12.246780 -30.007620 6.000000
v 12.137160 -30.002352 6.000000
v 12.027437 -30.000093 6.000000
v 11.917693 -30.000847 6.000000
v 11.808011 -30.004610 6.000000
v 11.698474 -30.011381 6.000000
v 11.589164 -30.021154 6.000000
v 11.480163 -30.033922 6.000000
v 11.371552 -30.049677 6.000000
v 11.263415 -30.068405 6.000000
v 11.155833 -30.090092 6.000000
v 11.048886 -30.114723 6.000000
v 10.942656 -30.142277 6.000000
v 10.837220 -30.172737 6.000000
v 10.732660 -30.206078 6.000000
v 10.629055 -30.242273 6.000000
v 10.526482 -30.281298 6.000000
v 10.425017 -30.323122 6.000000
v 10.324739 -30.367714 6.000000
v 10.225720 -30.415041 6.000000
v 10.128038 -30.465065 6.000000
v 10.031765 -30.517752 6.000000
v 9.936974 -30.573059 6.000000
v 9.843736 -30.630947 6.000000
v 9.752120 -30.691370 6.000000
v 9.662197 -30.754284 6.000000
v 9.574034 -30.819639 6.000000
v 9.487697 -30.887392 6.000000
v 9.403251 -30.957485 6.000000
v 9.320760 -31.029869 6.000000
v 9.240286 -31.104490 6.000000
v 9.161889 -31.181290 6.000000
v 9.085629 -31.260212 6.000000
v 9.011562 -31.341196 6.000000
v 8.939745 -31.424181 6.000000
v 8.870232 -31.509106 6.000000
v 8.803075 -31.595905 6.000000
v 8.738323 -31.684515 6.000000
v 8.676028 -31.774868 6.000000
v 8.616235 -31.866896 6.000000
v 8.558989 -31.960529 6.000000
v 8.504333 -32.055698 6.000000
v 8.452309 -32.152328 6.000000
v 8.402955 -32.250351 6.000000
v 8.356309 -32.349693 6.000000
v 8.312406 -32.450275 6.000000
v 8.271278 -32.552025 6.000000
v 8.232958 -32.654861 6.000000
v 8.197474 -32.758713 6.000000
v 8.164851 -32.863499 6.000000
v 8.135116 -32.969143 6.000000
v 8.108290 -33.075558 6.000000
v 8.084394 -33.182671 6.000000
v 8.063444 -33.290401 6.000000
v 8.045459 -33.398663 6.000000
v 8.030450 -33.507378 6.000000
v 8.018430 -33.616467 6.000000
v 8.009406 -33.725842 6.000000
v 8.003387 -33.835423 6.000000
v 8.000377 -33.945126 6.000000
v 8.000377 -34.054874 6.000000
v 8.003387 -34.164577 6.000000
v 8.009406 -34.274158 6.000000
v 8.018430 -34.383533 6.000000
v 8.030450 -34.492622 6.000000
v 8.045459 -34.601337 6.000000
v 8.063444 -34.709599 6.000000
v 8.084394 -34.817329 6.000000
v 8.108290 -34.924442 6.000000
v 8.135116 -35.030857 6.000000
v 8.164851 -35.136501 6.000000
v 8.197474 -35.241287 6.000000
v 8.232958 -35.345139 6.000000
v 8.271278 -35.447975 6.000000
v 8.312406 -35.549725 6.000000
v 8.356309 -35.650307 6.000000
v 8.402955 -35.749649 6.000000
v 8.452309 -35.847672 6.000000
v 8.504333 -35.944302 6.000000
v 8.558989 -36.039471 6.000000
v 8.616235 -36.133102 6.000000
v 8.676028 -36.225132 6.000000
v 8.738323 -36.315483 6.000000
v 8.803075 -36.404095 6.000000
v 8.870232 -36.490894 6.000000
v 8.939745 -36.575817 6.000000
v 9.011562 -36.658802 6.000000
v 9.085629 -36.739788 6.000000
v 9.161889 -36.818710 6.000000
v 9.240286 -36.895512 6.000000
v 9.320760 -36.970131 6.000000
v 9.403251 -37.042515 6.000000
v 9.487697 -37.112610 6.000000
v 9.574034 -37.180359 6.000000
v 9.662197 -37.245716 6.000000
v 9.752120 -37.308632 6.000000
v 9.843736 -37.369053 6.000000
v 9.936974 -37.426941 6.000000
v 10.031765 -37.482246 6.000000
v 10.128038 -37.534935 6.000000
v 10.225720 -37.584961 6.000000
v 10.324739 -37.632286 6.000000
v 10.425017 -37.676876 6.000000
v 10.526482 -37.718700 6.000000
v 10.629055 -37.757729 6.000000
v 10.732660 -37.793922 6.000000
v 10.837220 -37.827263 6.000000
v 10.942656 -37.857723 6.000000
v 11.048886 -37.885277 6.000000
v 11.155833 -37.909908 6.000000
v 11.263415 -37.931595 6.000000
v 11.371552 -37.950325 6.000000
v 11.480163 -37.966076 6.000000
v 11.589164 -37.978848 6.000000
v 11.698474 -37.988621 6.000000
v 11.808011 -37.995388 6.000000
v 11.917693 -37.999153 6.000000
v 12.027437 -37.999905 6.000000
v 12.137160 -37.997646 6.000000
v 12.246780 -37.992382 6.000000
v 12.356215 -37.984108 6.000000
v 12.465381 -37.972836 6.000000
v 12.574197 -37.958572 6.000000
v 12.682580 -37.941330 6.000000
v 12.790450 -37.921120 6.000000
v 12.897725 -37.897961 6.000000
v 13.004324 -37.871864 6.000000
v 13.110167 -37.842854 6.000000
v 13.215174 -37.810951 6.000000
v 13.319266 -37.776180 6.000000
v 13.422365 -37.738567 6.000000
v 13.524394 -37.698139 6.000000
v 13.625276 -37.654926 6.000000
v 13.724933 -37.608963 6.000000
v 13.823292 -37.560280 6.000000
v 13.920279 -37.508923 6.000000
v 14.015821 -37.454918 6.000000
v 14.109844 -37.398315 6.000000
v 14.202279 -37.339157 6.000000
v 14.293056 -37.277481 6.000000
v 14.382109 -37.213341 6.000000
v 14.469367 -37.146782 6.000000
v 14.554767 -37.077850 6.000000
v 14.638243 -37.006607 6.000000
v 14.719733 -36.933098 6.000000
v 14.799176 -36.857380 6.000000
v 14.876512 -36.779510 6.000000
v 14.951682 -36.699551 6.000000
v 15.024632 -36.617558 6.000000
v 15.095303 -36.533596 6.000000
v 15.163645 -36.447723 6.000000
v 15.229605 -36.360012 6.000000
v 15.293134 -36.270523 6.000000
v 15.354184 -36.179321 6.000000
v 15.412709 -36.086483 6.000000
v 15.468665 -35.992073 6.000000
v 15.522011 -35.896164 6.000000
v 15.572704 -35.798828 6.000000
v 15.620708 -35.700138 6.000000
v 15.665988 -35.600166 6.000000
v 15.708507 -35.498993 6.000000
v 15.748235 -35.396687 6.000000
v 15.785141 -35.293335 6.000000
v 15.819198 -35.189003 6.000000
v 15.850379 -35.083782 6.000000
v 15.878662 -34.977741 6.000000
v 15.904026 -34.870968 6.000000
v 15.926451 -34.763535 6.000000
v 15.945920 -34.655529 6.000000
v 15.962419 -34.547031 6.000000
v 15.975934 -34.438118 6.000000
v 15.986457 -34.328876 6.000000
v 15.993979 -34.219391 6.000000
v 15.998494 -34.109737 6.000000
v -14.811098 -32.299541 3.681187
v -15.047022 -32.311703 3.444950
v -15.022959 -32.622578 3.444950
v -15.282947 -32.323864 3.208712
v -14.982924 -32.931805 3.444950
v -15.257944 -32.646870 3.208712
v -15.518870 -32.336025 2.972475
v -15.216348 -32.968159 3.208712
v -15.492929 -32.671158 2.972475
v -15.754795 -32.348186 2.736237
v -15.158266 -33.286880 3.208712
v -15.449771 -33.004513 2.972475
v -15.727915 -32.695450 2.736237
v -15.083855 -33.602188 3.208712
v -15.389508 -33.335201 2.972475
v -15.683194 -33.040867 2.736237
v -15.312304 -33.662354 2.972475
v -15.620751 -33.383526 2.736237
v -15.218359 -33.985092 2.972475
v -15.540751 -33.722515 2.736237
v -15.107925 -34.302570 2.972475
v -15.443407 -34.056934 2.736237
v -14.981296 -34.613941 2.972475
v -15.328978 -34.385902 2.736237
v -15.197764 -34.708542 2.736237
v -15.050116 -35.024002 2.736237
v -14.886424 -35.331440 2.736237
v -13.494069 -30.277611 4.000000
v -13.498517 -30.138836 4.000000
v -13.500000 -30.000000 4.000000
v -13.494069 30.277611 4.000000
v -13.498517 30.138836 4.000000
v -13.500000 30.000000 4.000000
v -12.838111 -36.818710 5.000000
v -12.759714 -36.895512 5.000000
v -12.914371 -36.739788 5.000000
v -12.679240 -36.970131 5.000000
v -12.988438 -36.658802 5.000000
v -12.596749 -37.042515 5.000000
v -13.060255 -36.575817 5.000000
v -12.512303 -37.112610 5.000000
v -13.129768 -36.490894 5.000000
v -12.425966 -37.180359 5.000000
v -13.196925 -36.404095 5.000000
v -12.337803 -37.245716 5.000000
v -13.261677 -36.315483 5.000000
v -12.247880 -37.308632 5.000000
v -13.323972 -36.225132 5.000000
v -12.156264 -37.369053 5.000000
v -13.383765 -36.133102 5.000000
v -12.063026 -37.426941 5.000000
v -13.441011 -36.039471 5.000000
v -11.968235 -37.482246 5.000000
v -13.495667 -35.944302 5.000000
v -11.871962 -37.534935 5.000000
v -13.547691 -35.847672 5.000000
v -11.774280 -37.584961 5.000000
v -13.597045 -35.749649 5.000000
v -11.675261 -37.632286 5.000000
v -13.643691 -35.650307 5.000000
v -11.574983 -37.676876 5.000000
v -13.687594 -35.549725 5.000000
v -11.473518 -37.718700 5.000000
v -13.728722 -35.447975 5.000000
v -11.370945 -37.757729 5.000000
v -13.767042 -35.345139 5.000000
v -11.267340 -37.793922 5.000000
v -13.802526 -35.241287 5.000000
v -11.162780 -37.827263 5.000000
v -13.835149 -35.136501 5.000000
v -11.057344 -37.857723 5.000000
v -13.864884 -35.030857 5.000000
v -10.951114 -37.885277 5.000000
v -13.891710 -34.924442 5.000000
v -10.844167 -37.909908 5.000000
v -13.915606 -34.817329 5.000000
v -10.736585 -37.931595 5.000000
v -13.936556 -34.709599 5.000000
v -10.628448 -37.950325 5.000000
v -13.954541 -34.601337 5.000000
v -10.519837 -37.966076 5.000000
v -13.969550 -34.492622 5.000000
v -10.410836 -37.978848 5.000000
v -13.981570 -34.383533 5.000000
v -10.301526 -37.988621 5.000000
v -13.990594 -34.274158 5.000000
v -10.191989 -37.995388 5.000000
v -13.996613 -34.164577 5.000000
v -10.082307 -37.999153 5.000000
v -13.999623 -34.054874 5.000000
v -9.972563 -37.999905 5.000000
v -13.999623 -33.945126 5.000000
v -9.862840 -37.997646 5.000000
v -13.996613 -33.835423 5.000000
v -9.753220 -37.992382 5.000000
v -13.990594 -33.725842 5.000000
v -9.643785 -37.984108 5.000000
v -13.981570 -33.616467 5.000000
v -9.534619 -37.972836 5.000000
v -13.969550 -33.507378 5.000000
v -9.425803 -37.958572 5.000000
v -13.954541 -33.398663 5.000000
v -9.317420 -37.941330 5.000000
v -13.936556 -33.290401 5.000000
v -9.209550 -37.921120 5.000000
v -13.915606 -33.182671 5.000000
v -9.102275 -37.897961 5.000000
v -13.891710 -33.075558 5.000000
v -8.995676 -37.871864 5.000000
v -13.864884 -32.969143 5.000000
v -8.889833 -37.842854 5.000000
v -13.835149 -32.863499 5.000000
v -8.784826 -37.810951 5.000000
v -13.802526 -32.758713 5.000000
v -8.680734 -37.776180 5.000000
v -13.767042 -32.654861 5.000000
v -8.577635 -37.738567 5.000000
v -13.728722 -32.552025 5.000000
v -8.475606 -37.698139 5.000000
v -13.687594 -32.450275 5.000000
v -8.374724 -37.654926 5.000000
v -13.643691 -32.349693 5.000000
v -8.275067 -37.608963 5.000000
v -13.597045 -32.250351 5.000000
v -8.176708 -37.560280 5.000000
v -13.547691 -32.152328 5.000000
v -8.079721 -37.508923 5.000000
v -13.495667 -32.055698 5.000000
v -7.984180 -37.454918 5.000000
v -13.441011 -31.960529 5.000000
v -7.890156 -37.398315 5.000000
v -13.383765 -31.866896 5.000000
v -7.797721 -37.339157 5.000000
v -13.323972 -31.774868 5.000000
v -7.706943 -37.277481 5.000000
v -13.261677 -31.684515 5.000000
v -7.617891 -37.213341 5.000000
v -13.196925 -31.595905 5.000000
v -7.530633 -37.146782 5.000000
v -13.129768 -31.509106 5.000000
v -7.445234 -37.077850 5.000000
v -13.060255 -31.424181 5.000000
v -7.361757 -37.006607 5.000000
v -12.988438 -31.341196 5.000000
v -7.280267 -36.933098 5.000000
v -12.914371 -31.260212 5.000000
v -7.200824 -36.857380 5.000000
v -12.838111 -31.181290 5.000000
v -7.123488 -36.779510 5.000000
v -12.759714 -31.104490 5.000000
v -7.048317 -36.699551 5.000000
v -12.679240 -31.029869 5.000000
v -6.975369 -36.617558 5.000000
v -12.596749 -30.957485 5.000000
v -6.904697 -36.533596 5.000000
v -6.836355 -36.447723 5.000000
v -12.512303 -30.887392 5.000000
v -6.770395 -36.360012 5.000000
v -12.425966 -30.819639 5.000000
v -6.706866 -36.270523 5.000000
v -12.337803 -30.754284 5.000000
v -12.247880 -30.691370 5.000000
v -6.587291 -36.086483 5.000000
v -6.645816 -36.179321 5.000000
v -12.156264 -30.630947 5.000000
v -6.531334 -35.992073 5.000000
v -12.063026 -30.573059 5.000000
v -11.968235 -30.517752 5.000000
v -6.427296 -35.798828 5.000000
v -6.477989 -35.896164 5.000000
v -11.871962 -30.465065 5.000000
v -11.774280 -30.415041 5.000000
v -6.379291 -35.700138 5.000000
v -11.675261 -30.367714 5.000000
v -6.334012 -35.600166 5.000000
v -11.574983 -30.323122 5.000000
v -6.291493 -35.498993 5.000000
v -11.473518 -30.281298 5.000000
v -6.214859 -35.293335 5.000000
v -6.251765 -35.396687 5.000000
v -11.370945 -30.242273 5.000000
v -6.180803 -35.189003 5.000000
v -11.267340 -30.206078 5.000000
v -6.149621 -35.083782 5.000000
v -11.162780 -30.172737 5.000000
v -11.057344 -30.142277 5.000000
v -6.095974 -34.870968 5.000000
v -6.121338 -34.977741 5.000000
v -10.951114 -30.114723 5.000000
v -10.844167 -30.090092 5.000000
v -6.054080 -34.655529 5.000000
v -6.073549 -34.763535 5.000000
v -10.736585 -30.068405 5.000000
v -10.628448 -30.049677 5.000000
v -6.037582 -34.547031 5.000000
v -10.519837 -30.033922 5.000000
v -6.013543 -34.328876 5.000000
v -6.024066 -34.438118 5.000000
v -10.410836 -30.021154 5.000000
v -10.301526 -30.011381 5.000000
v -10.191989 -30.004610 5.000000
v -6.006021 -34.219391 5.000000
v -6.000000 -34.000000 5.000000
v -6.001505 -34.109737 5.000000
v -10.082307 -30.000847 5.000000
v -9.972563 -30.000093 5.000000
v -6.006021 -33.780609 5.000000
v -6.001505 -33.890263 5.000000
v -9.862840 -30.002352 5.000000
v -6.013543 -33.671124 5.000000
v -9.753220 -30.007620 5.000000
v -9.643785 -30.015892 5.000000
v -6.024066 -33.561882 5.000000
v -9.534619 -30.027164 5.000000
v -6.037582 -33.452969 5.000000
v -9.425803 -30.041428 5.000000
v -6.073549 -33.236465 5.000000
v -6.054080 -33.344471 5.000000
v -9.317420 -30.058670 5.000000
v -6.095974 -33.129032 5.000000
v -9.209550 -30.078878 5.000000
v -9.102275 -30.102039 5.000000
v -6.121338 -33.022259 5.000000
v -6.149621 -32.916218 5.000000
v -8.995676 -30.128136 5.000000
v -8.889833 -30.157146 5.000000
v -6.180803 -32.810997 5.000000
v -8.784826 -30.189049 5.000000
v -6.214859 -32.706665 5.000000
v -8.680734 -30.223820 5.000000
v -6.251765 -32.603313 5.000000
v -8.577635 -30.261435 5.000000
v -8.475606 -30.301863 5.000000
v -6.291493 -32.501007 5.000000
v -6.379291 -32.299862 5.000000
v -6.334012 -32.399834 5.000000
v -8.374724 -30.345074 5.000000
v -6.427296 -32.201172 5.000000
v -8.275067 -30.391039 5.000000
v -8.176708 -30.439718 5.000000
v -6.531334 -32.007927 5.000000
v -6.477989 -32.103836 5.000000
v -8.079721 -30.491079 5.000000
v -7.984180 -30.545080 5.000000
v -6.587291 -31.913515 5.000000
v -7.890156 -30.601683 5.000000
v -7.797721 -30.660843 5.000000
v -6.645816 -31.820677 5.000000
v -6.770395 -31.639988 5.000000
v -6.706866 -31.729479 5.000000
v -7.706943 -30.722517 5.000000
v -7.617891 -30.786659 5.000000
v -6.836355 -31.552277 5.000000
v -7.530633 -30.853220 5.000000
v -6.975369 -31.382442 5.000000
v -6.904697 -31.466406 5.000000
v -7.445234 -30.922148 5.000000
v -7.361757 -30.993395 5.000000
v -7.123488 -31.220490 5.000000
v -7.048317 -31.300449 5.000000
v -7.280267 -31.066904 5.000000
v -7.200824 -31.142622 5.000000
v -14.886424 35.331440 2.736237
v -14.981296 34.613941 2.972475
v -15.050116 35.024002 2.736237
v -15.107925 34.302570 2.972475
v -15.197764 34.708542 2.736237
v -15.083855 33.602188 3.208712
v -15.218359 33.985092 2.972475
v -15.328978 34.385902 2.736237
v -14.982924 32.931805 3.444950
v -15.158266 33.286880 3.208712
v -15.312304 33.662354 2.972475
v -15.443407 34.056934 2.736237
v -14.811098 32.299541 3.681187
v -15.022959 32.622578 3.444950
v -15.216348 32.968159 3.208712
v -15.389508 33.335201 2.972475
v -15.540751 33.722515 2.736237
v -15.047022 32.311703 3.444950
v -15.257944 32.646870 3.208712
v -15.449771 33.004513 2.972475
v -15.620751 33.383526 2.736237
v -15.282947 32.323864 3.208712
v -15.492929 32.671158 2.972475
v -15.683194 33.040867 2.736237
v -15.518870 32.336025 2.972475
v -15.727915 32.695450 2.736237
v -15.754795 32.348186 2.736237
v -12.838111 31.181290 5.000000
v -12.759714 31.104490 5.000000
v -12.914371 31.260212 5.000000
v -12.679240 31.029869 5.000000
v -12.988438 31.341196 5.000000
v -12.596749 30.957485 5.000000
v -13.060255 31.424181 5.000000
v -12.512303 30.887392 5.000000
v -13.129768 31.509106 5.000000
v -12.425966 30.819639 5.000000
v -13.196925 31.595905 5.000000
v -12.337803 30.754284 5.000000
v -13.261677 31.684515 5.000000
v -12.247880 30.691370 5.000000
v -13.323972 31.774868 5.000000
v -12.156264 30.630947 5.000000
v -13.383765 31.866896 5.000000
v -12.063026 30.573059 5.000000
v -13.441011 31.960529 5.000000
v -11.968235 30.517752 5.000000
v -13.495667 32.055698 5.000000
v -11.871962 30.465065 5.000000
v -13.547691 32.152328 5.000000
v -11.774280 30.415041 5.000000
v -13.597045 32.250351 5.000000
v -11.675261 30.367714 5.000000
v -13.643691 32.349693 5.000000
v -11.574983 30.323122 5.000000
v -13.687594 32.450275 5.000000
v -11.473518 30.281298 5.000000
v -13.728722 32.552025 5.000000
v -11.370945 30.242273 5.000000
v -13.767042 32.654861 5.000000
v -11.267340 30.206078 5.000000
v -13.802526 32.758713 5.000000
v -11.162780 30.172737 5.000000
v -13.835149 32.863499 5.000000
v -11.057344 30.142277 5.000000
v -13.864884 32.969143 5.000000
v -10.951114 30.114723 5.000000
v -13.891710 33.075558 5.000000
v -10.844167 30.090092 5.000000
v -13.915606 33.182671 5.000000
v -10.736585 30.068405 5.000000
v -13.936556 33.290401 5.000000
v -10.628448 30.049677 5.000000
v -13.954541 33.398663 5.000000
v -10.519837 30.033922 5.000000
v -13.969550 33.507378 5.000000
v -10.410836 30.021154 5.000000
v -13.981570 33.616467 5.000000
v -10.301526 30.011381 5.000000
v -13.990594 33.725842 5.000000
v -10.191989 30.004610 5.000000
v -13.996613 33.835423 5.000000
v -10.082307 30.000847 5.000000
v -13.999623 33.945126 5.000000
v -9.972563 30.000093 5.000000
v -13.999623 34.054874 5.000000
v -9.862840 30.002352 5.000000
v -13.996613 34.164577 5.000000
v -9.753220 30.007620 5.000000
v -13.990594 34.274158 5.000000
v -9.643785 30.015892 5.000000
v -13.981570 34.383533 5.000000
v -9.534619 30.027164 5.000000
v -13.969550 34.492622 5.000000
v -9.425803 30.041428 5.000000
v -13.954541 34.601337 5.000000
v -9.317420 30.058670 5.000000
v -13.936556 34.709599 5.000000
v -9.209550 30.078878 5.000000
v -13.915606 34.817329 5.000000
v -9.102275 30.102039 5.000000
v -13.891710 34.924442 5.000000
v -8.995676 30.128136 5.000000
v -13.864884 35.030857 5.000000
v -8.889833 30.157146 5.000000
v -13.835149 35.136501 5.000000
v -8.784826 30.189049 5.000000
v -13.802526 35.241287 5.000000
v -8.680734 30.223820 5.000000
v -13.767042 35.345139 5.000000
v -8.577635 30.261435 5.000000
v -13.728722 35.447975 5.000000
v -8.475606 30.301863 5.000000
v -13.687594 35.549725 5.000000
v -8.374724 30.345074 5.000000
v -13.643691 35.650307 5.000000
v -8.275067 30.391039 5.000000
v -13.597045 35.749649 5.000000
v -8.176708 30.439718 5.000000
v -13.547691 35.847672 5.000000
v -8.079721 30.491079 5.000000
v -13.495667 35.944302 5.000000
v -7.984180 30.545080 5.000000
v -13.441011 36.039471 5.000000
v -7.890156 30.601683 5.000000
v -13.383765 36.133102 5.000000
v -7.797721 30.660843 5.000000
v -13.323972 36.225132 5.000000
v -7.706943 30.722517 5.000000
v -13.261677 36.315483 5.000000
v -7.617891 30.786659 5.000000
v -13.196925 36.404095 5.000000
v -7.530633 30.853220 5.000000
v -13.129768 36.490894 5.000000
v -7.445234 30.922148 5.000000
v -13.060255 36.575817 5.000000
v -7.361757 30.993395 5.000000
v -12.988438 36.658802 5.000000
v -7.280267 31.066904 5.000000
v -12.914371 36.739788 5.000000
v -7.200824 31.142622 5.000000
v -12.838111 36.818710 5.000000
v -7.123488 31.220490 5.000000
v -12.759714 36.895512 5.000000
v -7.048317 31.300449 5.000000
v -12.679240 36.970131 5.000000
v -6.975369 31.382442 5.000000
v -12.596749 37.042515 5.000000
v -6.904697 31.466406 5.000000
v -6.836355 31.552277 5.000000
v -12.512303 37.112610 5.000000
v -6.770395 31.639988 5.000000
v -12.425966 37.180359 5.000000
v -6.706866 31.729479 5.000000
v -12.337803 37.245716 5.000000
v -12.247880 37.308632 5.000000
v -6.587291 31.913515 5.000000
v -6.645816 31.820677 5.000000
v -12.156264 37.369053 5.000000
v -6.531334 32.007927 5.000000
v -12.063026 37.426941 5.000000
v -11.968235 37.482246 5.000000
v -6.427296 32.201172 5.000000
v -6.477989 32.103836 5.000000
v -11.871962 37.534935 5.000000
v -11.774280 37.584961 5.000000
v -6.379291 32.299862 5.000000
v -11.675261 37.632286 5.000000
v -6.334012 32.399834 5.000000
v -11.574983 37.676876 5.000000
v -6.291493 32.501007 5.000000
v -11.473518 37.718700 5.000000
v -6.214859 32.706665 5.000000
v -6.251765 32.603313 5.000000
v -11.370945 37.757729 5.000000
v -6.180803 32.810997 5.000000
v -11.267340 37.793922 5.000000
v -6.149621 32.916218 5.000000
v -11.162780 37.827263 5.000000
v -11.057344 37.857723 5.000000
v -6.095974 33.129032 5.000000
v -6.121338 33.022259 5.000000
v -10.951114 37.885277 5.000000
v -10.844167 37.909908 5.000000
v -6.054080 33.344471 5.000000
v -6.073549 33.236465 5.000000
v -10.736585 37.931595 5.000000
v -10.628448 37.950325 5.000000
v -6.037582 33.452969 5.000000
v -10.519837 37.966076 5.000000
v -6.013543 33.671124 5.000000
v -6.024066 33.561882 5.000000
v -10.410836 37.978848 5.000000
v -10.301526 37.988621 5.000000
v -10.191989 37.995388 5.000000
v -6.006021 33.780609 5.000000
v -6.000000 34.000000 5.000000
v -6.001505 33.890263 5.000000
v -10.082307 37.999153 5.000000
v -9.972563 37.999905 5.000000
v -6.006021 34.219391 5.000000
v -6.001505 34.109737 5.000000
v -9.862840 37.997646 5.000000
v -6.013543 34.328876 5.000000
v -9.753220 37.992382 5.000000
v -9.643785 37.984108 5.000000
v -6.024066 34.438118 5.000000
v -9.534619 37.972836 5.000000
v -6.037582 34.547031 5.000000
v -9.425803 37.958572 5.000000
v -6.073549 34.763535 5.000000
v -6.054080 34.655529 5.000000
v -9.317420 37.941330 5.000000
v -6.095974 34.870968 5.000000
v -9.209550 37.921120 5.000000
v -9.102275 37.897961 5.000000
v -6.121338 34.977741 5.000000
v -6.149621 35.083782 5.000000
v -8.995676 37.871864 5.000000
v -8.889833 37.842854 5.000000
v -6.180803 35.189003 5.000000
v -8.784826 37.810951 5.000000
v -6.214859 35.293335 5.000000
v -8.680734 37.776180 5.000000
v -6.251765 35.396687 5.000000
v -8.577635 37.738567 5.000000
v -8.475606 37.698139 5.000000
v -6.291493 35.498993 5.000000
v -6.379291 35.700138 5.000000
v -6.334012 35.600166 5.000000
v -8.374724 37.654926 5.000000
v -6.427296 35.798828 5.000000
v -8.275067 37.608963 5.000000
v -8.176708 37.560280 5.000000
v -6.531334 35.992073 5.000000
v -6.477989 35.896164 5.000000
v -8.079721 37.508923 5.000000
v -7.984180 37.454918 5.000000
v -6.587291 36.086483 5.000000
v -7.890156 37.398315 5.000000
v -7.797721 37.339157 5.000000
v -6.645816 36.179321 5.000000
v -6.770395 36.360012 5.000000
v -6.706866 36.270523 5.000000
v -7.706943 37.277481 5.000000
v -7.617891 37.213341 5.000000
v -6.836355 36.447723 5.000000
v -7.530633 37.146782 5.000000
v -6.975369 36.617558 5.000000
v -6.904697 36.533596 5.000000
v -7.445234 37.077850 5.000000
v -7.361757 37.006607 5.000000
v -7.123488 36.779510 5.000000
v -7.048317 36.699551 5.000000
v -7.280267 36.933098 5.000000
v -7.200824 36.857380 5.000000
v -12.838111 -36.818710 6.000000
v -12.759714 -36.895512 6.000000
v -12.914371 -36.739788 6.000000
v -12.679240 -36.970131 6.000000
v -12.988438 -36.658802 6.000000
v -12.596749 -37.042515 6.000000
v -13.060255 -36.575817 6.000000
v -12.512303 -37.112610 6.000000
v -13.129768 -36.490894 6.000000
v -12.425966 -37.180359 6.000000
v -13.196925 -36.404095 6.000000
v -12.337803 -37.245716 6.000000
v -13.261677 -36.315483 6.000000
v -12.247880 -37.308632 6.000000
v -13.323972 -36.225132 6.000000
v -12.156264 -37.369053 6.000000
v -13.383765 -36.133102 6.000000
v -12.063026 -37.426941 6.000000
v -13.441011 -36.039471 6.000000
v -11.968235 -37.482246 6.000000
v -13.495667 -35.944302 6.000000
v -11.871962 -37.534935 6.000000
v -13.547691 -35.847672 6.000000
v -11.774280 -37.584961 6.000000
v -13.597045 -35.749649 6.000000
v -11.675261 -37.632286 6.000000
v -13.643691 -35.650307 6.000000
v -11.574983 -37.676876 6.000000
v -13.687594 -35.549725 6.000000
v -11.473518 -37.718700 6.000000
v -13.728722 -35.447975 6.000000
v -11.370945 -37.757729 6.000000
v -13.767042 -35.345139 6.000000
v -11.267340 -37.793922 6.000000
v -13.802526 -35.241287 6.000000
v -11.162780 -37.827263 6.000000
v -13.835149 -35.136501 6.000000
v -11.057344 -37.857723 6.000000
v -13.864884 -35.030857 6.000000
v -10.951114 -37.885277 6.000000
v -13.891710 -34.924442 6.000000
v -10.844167 -37.909908 6.000000
v -13.915606 -34.817329 6.000000
v -10.736585 -37.931595 6.000000
v -13.936556 -34.709599 6.000000
v -10.628448 -37.950325 6.000000
v -13.954541 -34.601337 6.000000
v -10.519837 -37.966076 6.000000
v -13.969550 -34.492622 6.000000
v -10.410836 -37.978848 6.000000
v -13.981570 -34.383533 6.000000
v -10.301526 -37.988621 6.000000
v -13.990594 -34.274158 6.000000
v -10.191989 -37.995388 6.000000
v -13.996613 -34.164577 6.000000
v -10.082307 -37.999153 6.000000
v -13.999623 -34.054874 6.000000
v -9.972563 -37.999905 6.000000
v -13.999623 -33.945126 6.000000
v -9.862840 -37.997646 6.000000
v -13.996613 -33.835423 6.000000
v -9.753220 -37.992382 6.000000
v -13.990594 -33.725842 6.000000
v -9.643785 -37.984108 6.000000
v -13.981570 -33.616467 6.000000
v -9.534619 -37.972836 6.000000
v -13.969550 -33.507378 6.000000
v -9.425803 -37.958572 6.000000
v -13.954541 -33.398663 6.000000
v -9.317420 -37.941330 6.000000
v -13.936556 -33.290401 6.000000
v -17.997398 -32.809147 6.000000
v -9.209550 -37.921120 6.000000
v -13.915606 -33.182671 6.000000
v -17.989594 -32.618439 6.000000
v -9.102275 -37.897961 6.000000
v -13.891710 -33.075558 6.000000
v -17.976591 -32.428013 6.000000
v -17.958403 -32.238010 6.000000
v -8.995676 -37.871864 6.000000
v -13.864884 -32.969143 6.000000
v -17.935041 -32.048576 6.000000
v -8.889833 -37.842854 6.000000
v -13.835149 -32.863499 6.000000
v -17.906523 -31.859850 6.000000
v -8.784826 -37.810951 6.000000
v -13.802526 -32.758713 6.000000
v -17.872869 -31.671970 6.000000
v -8.680734 -37.776180 6.000000
v -13.767042 -32.654861 6.000000
v -17.834106 -31.485077 6.000000
v -17.790262 -31.299313 6.000000
v -8.577635 -37.738567 6.000000
v -13.728722 -32.552025 6.000000
v -17.741369 -31.114811 6.000000
v -8.475606 -37.698139 6.000000
v -13.687594 -32.450275 6.000000
v -17.687464 -30.931711 6.000000
v -8.374724 -37.654926 6.000000
v -13.643691 -32.349693 6.000000
v -17.628588 -30.750149 6.000000
v -8.275067 -37.608963 6.000000
v -13.597045 -32.250351 6.000000
v -17.564783 -30.570261 6.000000
v -17.496096 -30.392178 6.000000
v -8.176708 -37.560280 6.000000
v -13.547691 -32.152328 6.000000
v -17.422581 -30.216034 6.000000
v -8.079721 -37.508923 6.000000
v -13.495667 -32.055698 6.000000
v -17.344288 -30.041960 6.000000
v -7.984180 -37.454918 6.000000
v -13.441011 -31.960529 6.000000
v -17.261280 -29.870085 6.000000
v -17.173616 -29.700539 6.000000
v -7.890156 -37.398315 6.000000
v -13.383765 -31.866896 6.000000
v -17.081364 -29.533443 6.000000
v -7.797721 -37.339157 6.000000
v -13.323972 -31.774868 6.000000
v -16.984589 -29.368927 6.000000
v -7.706943 -37.277481 6.000000
v -13.261677 -31.684515 6.000000
v -16.883366 -29.207109 6.000000
v -7.617891 -37.213341 6.000000
v -13.196925 -31.595905 6.000000
v -16.777765 -29.048113 6.000000
v -16.667871 -28.892054 6.000000
v -7.530633 -37.146782 6.000000
v -13.129768 -31.509106 6.000000
v -16.553764 -28.739048 6.000000
v -7.445234 -37.077850 6.000000
v -13.060255 -31.424181 6.000000
v -16.435526 -28.589211 6.000000
v -12.988438 -31.341196 6.000000
v -16.313248 -28.442654 6.000000
v -16.187017 -28.299484 6.000000
v -12.914371 -31.260212 6.000000
v -16.056932 -28.159811 6.000000
v -12.838111 -31.181290 6.000000
v -15.923087 -28.023735 6.000000
v -12.759714 -31.104490 6.000000
v -15.785581 -27.891359 6.000000
v -15.644517 -27.762781 6.000000
v -12.679240 -31.029869 6.000000
v -15.500000 -27.638098 6.000000
v -12.596749 -30.957485 6.000000
v -12.512303 -30.887392 6.000000
v -12.425966 -30.819639 6.000000
v -12.337803 -30.754284 6.000000
v -12.247880 -30.691370 6.000000
v -12.156264 -30.630947 6.000000
v -12.063026 -30.573059 6.000000
v -12.500000 -26.162603 6.000000
v -11.968235 -30.517752 6.000000
v -11.871962 -30.465065 6.000000
v -11.774280 -30.415041 6.000000
v -11.675261 -30.367714 6.000000
v -11.574983 -30.323122 6.000000
v -11.473518 -30.281298 6.000000
v -11.370945 -30.242273 6.000000
v -11.267340 -30.206078 6.000000
v -12.314900 -26.124607 6.000000
v -11.162780 -30.172737 6.000000
v -12.128841 -26.091619 6.000000
v -11.941961 -26.063667 6.000000
v -11.057344 -30.142277 6.000000
v -11.754394 -26.040770 6.000000
v -10.951114 -30.114723 6.000000
v -11.566277 -26.022943 6.000000
v -10.844167 -30.090092 6.000000
v -11.377748 -26.010201 6.000000
v -11.188943 -26.002550 6.000000
v -10.736585 -30.068405 6.000000
v -10.628448 -30.049677 6.000000
v -10.519837 -30.033922 6.000000
v -10.410836 -30.021154 6.000000
v -10.301526 -30.011381 6.000000
v -10.191989 -30.004610 6.000000
v -10.082307 -30.000847 6.000000
v -9.972563 -30.000093 6.000000
v -9.862840 -30.002352 6.000000
v -9.753220 -30.007620 6.000000
v -9.643785 -30.015892 6.000000
v -9.534619 -30.027164 6.000000
v -9.425803 -30.041428 6.000000
v -9.317420 -30.058670 6.000000
v -9.209550 -30.078878 6.000000
v -9.102275 -30.102039 6.000000
v -8.995676 -30.128136 6.000000
v -8.889833 -30.157146 6.000000
v -8.784826 -30.189049 6.000000
v -8.680734 -30.223820 6.000000
v -8.577635 -30.261435 6.000000
v -8.475606 -30.301863 6.000000
v -6.073549 -34.763535 6.000000
v -6.095974 -34.870968 6.000000
v -6.054080 -34.655529 6.000000
v -6.121338 -34.977741 6.000000
v -6.037582 -34.547031 6.000000
v -6.149621 -35.083782 6.000000
v -6.024066 -34.438118 6.000000
v -6.180803 -35.189003 6.000000
v -6.013543 -34.328876 6.000000
v -6.214859 -35.293335 6.000000
v -6.006021 -34.219391 6.000000
v -6.251765 -35.396687 6.000000
v -6.001505 -34.109737 6.000000
v -6.291493 -35.498993 6.000000
v -6.000000 -34.000000 6.000000
v -6.334012 -35.600166 6.000000
v -6.001505 -33.890263 6.000000
v -6.379291 -35.700138 6.000000
v -6.427296 -35.798828 6.000000
v -6.006021 -33.780609 6.000000
v -6.013543 -33.671124 6.000000
v -6.477989 -35.896164 6.000000
v -6.531334 -35.992073 6.000000
v -6.024066 -33.561882 6.000000
v -6.587291 -36.086483 6.000000
v -6.037582 -33.452969 6.000000
v -6.645816 -36.179321 6.000000
v -6.054080 -33.344471 6.000000
v -6.706866 -36.270523 6.000000
v -6.770395 -36.360012 6.000000
v -6.073549 -33.236465 6.000000
v -6.836355 -36.447723 6.000000
v -6.095974 -33.129032 6.000000
v -6.904697 -36.533596 6.000000
v -6.121338 -33.022259 6.000000
v -6.975369 -36.617558 6.000000
v -7.048317 -36.699551 6.000000
v -6.149621 -32.916218 6.000000
v -6.180803 -32.810997 6.000000
v -7.123488 -36.779510 6.000000
v -6.214859 -32.706665 6.000000
v -6.251765 -32.603313 6.000000
v -6.291493 -32.501007 6.000000
v -6.334012 -32.399834 6.000000
v -2.900000 -27.799999 6.000000
v -8.275067 -30.391039 6.000000
v -8.176708 -30.439718 6.000000
v -8.079721 -30.491079 6.000000
v -7.984180 -30.545080 6.000000
v -7.890156 -30.601683 6.000000
v -7.797721 -30.660843 6.000000
v -7.706943 -30.722517 6.000000
v -7.617891 -30.786659 6.000000
v -7.530633 -30.853220 6.000000
v -7.445234 -30.922148 6.000000
v -7.361757 -30.993395 6.000000
v -7.280267 -31.066904 6.000000
v -7.200824 -31.142622 6.000000
v -7.123488 -31.220490 6.000000
v -7.048317 -31.300449 6.000000
v -6.975369 -31.382442 6.000000
v -6.904697 -31.466406 6.000000
v -6.836355 -31.552277 6.000000
v -6.770395 -31.639988 6.000000
v -6.706866 -31.729479 6.000000
v -6.645816 -31.820677 6.000000
v -6.587291 -31.913515 6.000000
v -6.531334 -32.007927 6.000000
v -6.477989 -32.103836 6.000000
v -6.427296 -32.201172 6.000000
v -6.379291 -32.299862 6.000000
v -8.374724 -30.345074 6.000000
v -7.200824 -36.857380 6.000000
v -7.280267 -36.933098 6.000000
v -7.361757 -37.006607 6.000000
v 4.900000 -27.799999 6.000000
v 13.188943 -26.002550 6.000000
v 19.997398 -32.809147 6.000000
v 13.377748 -26.010201 6.000000
v 19.989594 -32.618439 6.000000
v 13.566277 -26.022943 6.000000
v 19.976591 -32.428013 6.000000
v 13.754394 -26.040770 6.000000
v 19.958403 -32.238010 6.000000
v 13.941961 -26.063667 6.000000
v 19.935041 -32.048576 6.000000
v 14.128841 -26.091619 6.000000
v 19.906523 -31.859850 6.000000
v 14.314900 -26.124607 6.000000
v 19.872869 -31.671970 6.000000
v 14.500000 -26.162603 6.000000
v 19.834106 -31.485077 6.000000
v 19.790262 -31.299313 6.000000
v 19.741369 -31.114811 6.000000
v 19.687464 -30.931711 6.000000
v 19.628588 -30.750149 6.000000
v 19.564783 -30.570261 6.000000
v 19.496096 -30.392178 6.000000
v 19.422581 -30.216034 6.000000
v 19.344288 -30.041960 6.000000
v 19.261280 -29.870085 6.000000
v 19.173616 -29.700539 6.000000
v 19.081364 -29.533443 6.000000
v 18.984589 -29.368927 6.000000
v 18.883366 -29.207109 6.000000
v 18.777765 -29.048113 6.000000
v 18.667871 -28.892054 6.000000
v 18.553764 -28.739048 6.000000
v 18.435526 -28.589211 6.000000
v 17.500000 -27.638098 6.000000
v 18.313248 -28.442654 6.000000
v 17.644518 -27.762781 6.000000
v 18.187017 -28.299484 6.000000
v 17.785582 -27.891359 6.000000
v 18.056932 -28.159811 6.000000
v 17.923086 -28.023735 6.000000
v -12.500000 26.162603 6.000000
v -15.500000 27.638098 6.000000
v -12.838111 31.181290 6.000000
v -16.056932 28.159811 6.000000
v -15.923087 28.023735 6.000000
v -12.759714 31.104490 6.000000
v -15.785581 27.891359 6.000000
v -15.644517 27.762781 6.000000
v -12.914371 31.260212 6.000000
v -16.187017 28.299484 6.000000
v -12.679240 31.029869 6.000000
v -12.988438 31.341196 6.000000
v -16.435526 28.589211 6.000000
v -16.313248 28.442654 6.000000
v -12.596749 30.957485 6.000000
v -13.060255 31.424181 6.000000
v -16.553764 28.739048 6.000000
v -12.512303 30.887392 6.000000
v -13.129768 31.509106 6.000000
v -16.667871 28.892054 6.000000
v -12.425966 30.819639 6.000000
v -13.196925 31.595905 6.000000
v -16.883366 29.207109 6.000000
v -16.777765 29.048113 6.000000
v -12.337803 30.754284 6.000000
v -13.261677 31.684515 6.000000
v -16.984589 29.368927 6.000000
v -12.247880 30.691370 6.000000
v -13.323972 31.774868 6.000000
v -17.081364 29.533443 6.000000
v -12.156264 30.630947 6.000000
v -13.383765 31.866896 6.000000
v -17.173616 29.700539 6.000000
v -12.063026 30.573059 6.000000
v -13.441011 31.960529 6.000000
v -17.344288 30.041960 6.000000
v -17.261280 29.870085 6.000000
v -11.968235 30.517752 6.000000
v -13.495667 32.055698 6.000000
v -17.422581 30.216034 6.000000
v -11.871962 30.465065 6.000000
v -13.547691 32.152328 6.000000
v -17.496096 30.392178 6.000000
v -11.774280 30.415041 6.000000
v -13.597045 32.250351 6.000000
v -17.628588 30.750149 6.000000
v -17.564783 30.570261 6.000000
v -11.675261 30.367714 6.000000
v -13.643691 32.349693 6.000000
v -17.687464 30.931711 6.000000
v -11.574983 30.323122 6.000000
v -13.687594 32.450275 6.000000
v -17.741369 31.114811 6.000000
v -11.473518 30.281298 6.000000
v -13.728722 32.552025 6.000000
v -17.790262 31.299313 6.000000
v -11.370945 30.242273 6.000000
v -13.767042 32.654861 6.000000
v -17.872869 31.671970 6.000000
v -17.834106 31.485077 6.000000
v -11.267340 30.206078 6.000000
v -12.314900 26.124607 6.000000
v -13.802526 32.758713 6.000000
v -17.906523 31.859850 6.000000
v -11.162780 30.172737 6.000000
v -12.128841 26.091619 6.000000
v -11.941961 26.063667 6.000000
v -13.835149 32.863499 6.000000
v -17.935041 32.048576 6.000000
v -11.057344 30.142277 6.000000
v -11.754394 26.040770 6.000000
v -13.864884 32.969143 6.000000
v -17.958403 32.238010 6.000000
v -10.951114 30.114723 6.000000
v -11.566277 26.022943 6.000000
v -13.891710 33.075558 6.000000
v -17.989594 32.618439 6.000000
v -17.976591 32.428013 6.000000
v -10.844167 30.090092 6.000000
v -11.377748 26.010201 6.000000
v -11.188943 26.002550 6.000000
v -13.915606 33.182671 6.000000
v -17.997398 32.809147 6.000000
v -10.736585 30.068405 6.000000
v -13.936556 33.290401 6.000000
v -10.628448 30.049677 6.000000
v -13.954541 33.398663 6.000000
v -10.519837 30.033922 6.000000
v -13.969550 33.507378 6.000000
v -10.410836 30.021154 6.000000
v -13.981570 33.616467 6.000000
v -10.301526 30.011381 6.000000
v -13.990594 33.725842 6.000000
v -10.191989 30.004610 6.000000
v -13.996613 33.835423 6.000000
v -10.082307 30.000847 6.000000
v -13.999623 33.945126 6.000000
v -9.972563 30.000093 6.000000
v -13.999623 34.054874 6.000000
v -9.862840 30.002352 6.000000
v -13.996613 34.164577 6.000000
v -9.753220 30.007620 6.000000
v -13.990594 34.274158 6.000000
v -9.643785 30.015892 6.000000
v -13.981570 34.383533 6.000000
v -9.534619 30.027164 6.000000
v -13.969550 34.492622 6.000000
v -9.425803 30.041428 6.000000
v -13.954541 34.601337 6.000000
v -9.317420 30.058670 6.000000
v -13.936556 34.709599 6.000000
v -9.209550 30.078878 6.000000
v -13.915606 34.817329 6.000000
v -9.102275 30.102039 6.000000
v -13.891710 34.924442 6.000000
v -8.995676 30.128136 6.000000
v -13.864884 35.030857 6.000000
v -8.889833 30.157146 6.000000
v -13.835149 35.136501 6.000000
v -8.784826 30.189049 6.000000
v -13.802526 35.241287 6.000000
v -8.680734 30.223820 6.000000
v -13.767042 35.345139 6.000000
v -8.577635 30.261435 6.000000
v -13.728722 35.447975 6.000000
v -8.475606 30.301863 6.000000
v -13.687594 35.549725 6.000000
v -13.643691 35.650307 6.000000
v -13.597045 35.749649 6.000000
v -13.547691 35.847672 6.000000
v -13.495667 35.944302 6.000000
v -13.441011 36.039471 6.000000
v -13.383765 36.133102 6.000000
v -13.323972 36.225132 6.000000
v -13.261677 36.315483 6.000000
v -8.275067 30.391039 6.000000
v -8.374724 30.345074 6.000000
v -13.196925 36.404095 6.000000
v -13.129768 36.490894 6.000000
v -13.060255 36.575817 6.000000
v -12.988438 36.658802 6.000000
v -12.914371 36.739788 6.000000
v -12.838111 36.818710 6.000000
v -12.759714 36.895512 6.000000
v -12.679240 36.970131 6.000000
v -12.596749 37.042515 6.000000
v -2.900000 27.799999 6.000000
v -6.770395 31.639988 6.000000
v -6.836355 31.552277 6.000000
v -6.904697 31.466406 6.000000
v -6.975369 31.382442 6.000000
v -7.048317 31.300449 6.000000
v -7.123488 31.220490 6.000000
v -7.200824 31.142622 6.000000
v -7.280267 31.066904 6.000000
v -7.361757 30.993395 6.000000
v -7.445234 30.922148 6.000000
v -7.530633 30.853220 6.000000
v -7.617891 30.786659 6.000000
v -7.706943 30.722517 6.000000
v -7.797721 30.660843 6.000000
v -7.890156 30.601683 6.000000
v -7.984180 30.545080 6.000000
v -8.079721 30.491079 6.000000
v -8.176708 30.439718 6.000000
v -6.706866 31.729479 6.000000
v -12.512303 37.112610 6.000000
v -6.645816 31.820677 6.000000
v -6.587291 31.913515 6.000000
v -6.531334 32.007927 6.000000
v -12.425966 37.180359 6.000000
v -6.477989 32.103836 6.000000
v -6.427296 32.201172 6.000000
v -12.337803 37.245716 6.000000
v -6.379291 32.299862 6.000000
v -6.334012 32.399834 6.000000
v -12.247880 37.308632 6.000000
v -12.156264 37.369053 6.000000
v -12.063026 37.426941 6.000000
v -11.968235 37.482246 6.000000
v -11.871962 37.534935 6.000000
v -11.774280 37.584961 6.000000
v -11.675261 37.632286 6.000000
v -11.574983 37.676876 6.000000
v -11.473518 37.718700 6.000000
v -11.370945 37.757729 6.000000
v -11.267340 37.793922 6.000000
v -11.162780 37.827263 6.000000
v -11.057344 37.857723 6.000000
v -10.951114 37.885277 6.000000
v -10.844167 37.909908 6.000000
v -10.736585 37.931595 6.000000
v -10.628448 37.950325 6.000000
v -10.519837 37.966076 6.000000
v -10.410836 37.978848 6.000000
v -10.301526 37.988621 6.000000
v -10.191989 37.995388 6.000000
v -10.082307 37.999153 6.000000
v -9.972563 37.999905 6.000000
v -9.862840 37.997646 6.000000
v -9.753220 37.992382 6.000000
v -9.643785 37.984108 6.000000
v -9.534619 37.972836 6.000000
v -9.425803 37.958572 6.000000
v -9.317420 37.941330 6.000000
v -9.209550 37.921120 6.000000
v -9.102275 37.897961 6.000000
v -8.995676 37.871864 6.000000
v -8.889833 37.842854 6.000000
v -8.784826 37.810951 6.000000
v -8.680734 37.776180 6.000000
v -8.577635 37.738567 6.000000
v -8.475606 37.698139 6.000000
v -8.374724 37.654926 6.000000
v -8.275067 37.608963 6.000000
v -8.176708 37.560280 6.000000
v -8.079721 37.508923 6.000000
v -7.984180 37.454918 6.000000
v -7.890156 37.398315 6.000000
v -7.797721 37.339157 6.000000
v -7.706943 37.277481 6.000000
v -7.617891 37.213341 6.000000
v -7.530633 37.146782 6.000000
v -7.445234 37.077850 6.000000
v -6.291493 32.501007 6.000000
v -6.251765 32.603313 6.000000
v -6.214859 32.706665 6.000000
v -6.180803 32.810997 6.000000
v -6.149621 32.916218 6.000000
v -6.121338 33.022259 6.000000
v -6.095974 33.129032 6.000000
v -6.073549 33.236465 6.000000
v -6.054080 33.344471 6.000000
v -6.037582 33.452969 6.000000
v -6.024066 33.561882 6.000000
v -6.013543 33.671124 6.000000
v -6.006021 33.780609 6.000000
v -6.001505 33.890263 6.000000
v -6.000000 34.000000 6.000000
v -6.001505 34.109737 6.000000
v -6.006021 34.219391 6.000000
v -6.013543 34.328876 6.000000
v 4.900000 27.799999 6.000000
v -6.024066 34.438118 6.000000
v -6.037582 34.547031 6.000000
v -6.054080 34.655529 6.000000
v -6.073549 34.763535 6.000000
v -6.095974 34.870968 6.000000
v -6.121338 34.977741 6.000000
v -6.149621 35.083782 6.000000
v -6.180803 35.189003 6.000000
v -6.214859 35.293335 6.000000
v -6.251765 35.396687 6.000000
v -6.291493 35.498993 6.000000
v -6.334012 35.600166 6.000000
v -6.379291 35.700138 6.000000
v -6.427296 35.798828 6.000000
v -6.477989 35.896164 6.000000
v -6.531334 35.992073 6.000000
v -6.587291 36.086483 6.000000
v -6.645816 36.179321 6.000000
v -6.706866 36.270523 6.000000
v -6.770395 36.360012 6.000000
v -6.836355 36.447723 6.000000
v -6.904697 36.533596 6.000000
v -6.975369 36.617558 6.000000
v -7.048317 36.699551 6.000000
v -7.123488 36.779510 6.000000
v 13.188943 26.002550 6.000000
v 13.377748 26.010201 6.000000
v 13.566277 26.022943 6.000000
v 13.754394 26.040770 6.000000
v 13.941961 26.063667 6.000000
v 14.128841 26.091619 6.000000
v 14.314900 26.124607 6.000000
v 14.500000 26.162603 6.000000
v 17.500000 27.638098 6.000000
v 17.644518 27.762781 6.000000
v 17.785582 27.891359 6.000000
v 17.923086 28.023735 6.000000
v -7.200824 36.857380 6.000000
v -7.280267 36.933098 6.000000
v 18.056932 28.159811 6.000000
v -7.361757 37.006607 6.000000
v 18.187017 28.299484 6.000000
v 18.313248 28.442654 6.000000
v 18.435526 28.589211 6.000000
v 18.553764 28.739048 6.000000
v 18.667871 28.892054 6.000000
v 18.777765 29.048113 6.000000
v 18.883366 29.207109 6.000000
v 18.984589 29.368927 6.000000
v 19.081364 29.533443 6.000000
v 19.173616 29.700539 6.000000
v 19.261280 29.870085 6.000000
v 19.344288 30.041960 6.000000
v 19.422581 30.216034 6.000000
v 19.496096 30.392178 6.000000
v 19.564783 30.570261 6.000000
v 19.628588 30.750149 6.000000
v 19.687464 30.931711 6.000000
v 19.741369 31.114811 6.000000
v 19.790262 31.299313 6.000000
v 19.834106 31.485077 6.000000
v 19.872869 31.671970 6.000000
v 19.906523 31.859850 6.000000
v 19.935041 32.048576 6.000000
v 19.958403 32.238010 6.000000
v 19.976591 32.428013 6.000000
v 19.989594 32.618439 6.000000
v 19.997398 32.809147 6.000000
v -11.051263 26.000187 5.537440
v -11.051263 -26.000187 5.537440
v -11.103878 26.000771 5.573848
v -11.103878 -26.000771 5.573848
v -11.157828 26.001780 5.609165
v -11.157828 -26.001780 5.609165
v -11.213094 26.003244 5.643332
v -11.213094 -26.003244 5.643332
v -11.269653 26.005196 5.676292
v -11.269653 -26.005196 5.676292
v -11.327483 26.007664 5.707986
v -11.327483 -26.007664 5.707986
v -11.380596 26.010355 5.735383
v -11.380596 -26.010355 5.735383
v -11.429246 26.013174 5.759089
v -11.429246 -26.013174 5.759089
v -11.478698 26.016388 5.781873
v -11.478698 -26.016388 5.781873
v -11.528929 26.020012 5.803697
v -11.528929 -26.020012 5.803697
v -11.579898 26.024061 5.824524
v -11.579898 -26.024061 5.824524
v -11.631563 26.028549 5.844316
v -11.631563 -26.028549 5.844316
v -11.683883 26.033487 5.863039
v -11.683883 -26.033487 5.863039
v -11.736812 26.038885 5.880661
v -11.736812 -26.038885 5.880661
v -11.790308 26.044756 5.897152
v -11.790308 -26.044756 5.897152
v -11.844324 26.051107 5.912486
v -11.844324 -26.051107 5.912486
v -11.898816 26.057945 5.926639
v -11.898816 -26.057945 5.926639
v -11.953736 26.065277 5.939589
v -11.953736 -26.065277 5.939589
v -12.009038 26.073107 5.951317
v -12.009038 -26.073107 5.951317
v -12.064673 26.081440 5.961806
v -12.064673 -26.081440 5.961806
v -12.120595 26.090277 5.971043
v -12.120595 -26.090277 5.971043
v -12.176754 26.099619 5.979014
v -12.176754 -26.099619 5.979014
v -12.233101 26.109467 5.985712
v -12.233101 -26.109467 5.985712
v -12.289557 26.119808 5.991127
v -12.289557 -26.119808 5.991127
v -12.346055 26.130638 5.995255
v -12.346055 -26.130638 5.995255
v -12.402537 26.141947 5.998099
v -12.402537 -26.141947 5.998099
v -12.451314 26.152103 5.999526
v -12.451314 -26.152103 5.999526
v -2.900000 -27.799999 8.800000
v 4.900000 -27.799999 8.800000
v 14.402537 -26.141947 5.998099
v 14.346055 -26.130638 5.995255
v 14.289557 -26.119808 5.991127
v 14.233101 -26.109467 5.985712
v 14.176754 -26.099619 5.979014
v 14.120595 -26.090277 5.971043
v 14.064673 -26.081440 5.961806
v 13.953736 -26.065277 5.939589
v 13.898816 -26.057945 5.926639
v 14.009038 -26.073107 5.951317
v 13.844324 -26.051107 5.912486
v 13.736812 -26.038885 5.880661
v 13.683883 -26.033487 5.863039
v 13.790308 -26.044756 5.897152
v 13.579898 -26.024061 5.824524
v 13.528929 -26.020012 5.803697
v 13.631563 -26.028549 5.844316
v 13.380596 -26.010355 5.735383
v 13.327483 -26.007664 5.707986
v 13.429246 -26.013174 5.759089
v 13.478698 -26.016388 5.781873
v 13.213094 -26.003244 5.643332
v 13.157828 -26.001780 5.609165
v 13.269653 -26.005196 5.676292
v 13.051263 -26.000187 5.537440
v 13.103878 -26.000771 5.573848
v 14.451314 -26.152103 5.999526
v 13.051263 26.000187 5.537440
v 13.103878 26.000771 5.573848
v 13.157829 26.001780 5.609165
v 13.213094 26.003244 5.643332
v 13.269653 26.005196 5.676292
v 13.327483 26.007664 5.707986
v 13.380596 26.010355 5.735383
v 13.429246 26.013174 5.759089
v 13.478698 26.016388 5.781873
v 13.528929 26.020012 5.803697
v 13.579898 26.024061 5.824524
v 13.631563 26.028549 5.844316
v 13.683883 26.033487 5.863039
v 13.736813 26.038885 5.880661
v 13.790308 26.044756 5.897152
v 13.844324 26.051107 5.912486
v 13.898816 26.057945 5.926639
v 13.953736 26.065277 5.939590
v 14.009038 26.073107 5.951317
v 14.064674 26.081440 5.961806
v 14.120596 26.090277 5.971043
v 14.176755 26.099619 5.979014
v 14.233101 26.109467 5.985712
v 14.289557 26.119808 5.991127
v 14.346055 26.130638 5.995255
v 14.402538 26.141947 5.998099
v 14.451314 26.152103 5.999526
v 4.900000 27.799999 8.800000
v -2.900000 27.799999 8.800000
v -17.996719 -32.785744 3.628015
v -17.986879 -32.571602 3.755800
v -17.970455 -32.357536 3.883214
v -17.947405 -32.143517 4.010107
v -17.917664 -31.929525 4.136316
v -17.881149 -31.715557 4.261663
v -17.842405 -31.523016 4.373576
v -17.802700 -31.349768 4.473433
v -17.758337 -31.176577 4.572339
v -17.709240 -31.003477 4.670154
v -17.655321 -30.830505 4.766725
v -17.596491 -30.657711 4.861884
v -17.532654 -30.485157 4.955445
v -17.463764 -30.313040 5.047136
v -17.389687 -30.141346 5.136791
v -17.318424 -29.987108 5.215614
v -17.250443 -29.848495 5.284924
v -17.178699 -29.710066 5.352557
v -17.103085 -29.571831 5.418363
v -17.023483 -29.433819 5.482170
v -16.939781 -29.296083 5.543778
v -16.860851 -29.172411 5.597161
v -16.786831 -29.061398 5.643377
v -16.709929 -28.950714 5.687709
v -16.630093 -28.840425 5.729998
v -16.547276 -28.730604 5.770069
v -16.461433 -28.621330 5.807736
v -16.381556 -28.523523 5.839414
v -16.307512 -28.435978 5.865993
v -16.231339 -28.348860 5.890637
v -16.153009 -28.262228 5.913209
v -16.072525 -28.176153 5.933560
v -15.989885 -28.090719 5.951533
v -15.913673 -28.014441 5.965537
v -15.843605 -27.946339 5.976274
v -15.772148 -27.878809 5.985143
v -15.699318 -27.811897 5.992042
v -15.625132 -27.745653 5.996866
v -15.563010 -27.691616 5.999206
v -17.996719 32.785744 3.628015
v -17.986879 32.571602 3.755800
v -17.970455 32.357536 3.883214
v -17.947405 32.143517 4.010107
v -17.917664 31.929525 4.136316
v -17.881149 31.715557 4.261663
v -17.842405 31.523016 4.373576
v -17.802700 31.349768 4.473433
v -17.758337 31.176577 4.572339
v -17.709240 31.003477 4.670154
v -17.655321 30.830505 4.766725
v -17.596491 30.657711 4.861884
v -17.532654 30.485157 4.955445
v -17.463764 30.313040 5.047136
v -17.389687 30.141346 5.136791
v -17.318424 29.987108 5.215614
v -17.250443 29.848495 5.284924
v -17.178699 29.710066 5.352557
v -17.103085 29.571831 5.418363
v -17.023483 29.433819 5.482170
v -16.939781 29.296083 5.543778
v -16.860851 29.172411 5.597161
v -16.786831 29.061398 5.643377
v -16.709929 28.950714 5.687709
v -16.630093 28.840425 5.729998
v -16.547276 28.730604 5.770069
v -16.461433 28.621330 5.807736
v -16.381556 28.523523 5.839414
v -16.307512 28.435978 5.865993
v -16.231339 28.348860 5.890637
v -16.153009 28.262228 5.913209
v -16.072525 28.176153 5.933560
v -15.989885 28.090719 5.951533
v -15.913673 28.014441 5.965537
v -15.843605 27.946339 5.976274
v -15.772148 27.878809 5.985143
v -15.699318 27.811897 5.992042
v -15.625132 27.745653 5.996866
v -15.563010 27.691616 5.999206
v 19.996719 32.785706 3.628038
v 19.986874 32.571526 3.755846
v 19.970448 32.357449 3.883267
v 19.947395 32.143433 4.010157
v 19.917654 31.929455 4.136357
v 19.881140 31.715508 4.261692
v 19.842400 31.522984 4.373595
v 19.802694 31.349747 4.473445
v 19.758333 31.176563 4.572347
v 19.709234 31.003462 4.670163
v 19.655312 30.830481 4.766739
v 19.596474 30.657665 4.861910
v 19.532621 30.485073 4.955490
v 19.463684 30.312847 5.047238
v 19.389566 30.141077 5.136930
v 19.318274 29.986794 5.215774
v 19.250269 29.848154 5.285093
v 19.178509 29.709707 5.352730
v 19.102879 29.571461 5.418537
v 19.023260 29.433443 5.482341
v 18.939543 29.295702 5.543946
v 18.860598 29.172026 5.597325
v 18.786562 29.061005 5.643538
v 18.709642 28.950312 5.687868
v 18.629786 28.840012 5.730153
v 18.546944 28.730173 5.770223
v 18.461069 28.620876 5.807888
v 18.381161 28.523046 5.839563
v 18.307085 28.435478 5.866139
v 18.230873 28.348337 5.890779
v 18.152510 28.261683 5.913344
v 18.071987 28.175587 5.933687
v 17.989307 28.090132 5.951648
v 17.913059 28.013834 5.965640
v 17.842958 27.945719 5.976364
v 17.771465 27.878174 5.985218
v 17.698601 27.811247 5.992099
v 17.624380 27.744991 5.996904
v 17.562630 27.691288 5.999216
v 19.996719 -32.785706 3.628039
v 19.986874 -32.571526 3.755847
v 19.970446 -32.357445 3.883269
v 19.947393 -32.143429 4.010159
v 19.917652 -31.929449 4.136360
v 19.881138 -31.715500 4.261696
v 19.842398 -31.522974 4.373600
v 19.802692 -31.349737 4.473450
v 19.758331 -31.176552 4.572353
v 19.709232 -31.003450 4.670169
v 19.655308 -30.830467 4.766747
v 19.596468 -30.657650 4.861917
v 19.532616 -30.485058 4.955498
v 19.463676 -30.312832 5.047246
v 19.389559 -30.141060 5.136939
v 19.318266 -29.986776 5.215783
v 19.250259 -29.848135 5.285102
v 19.178499 -29.709688 5.352739
v 19.102867 -29.571440 5.418546
v 19.023249 -29.433422 5.482350
v 18.939529 -29.295679 5.543955
v 18.860582 -29.172003 5.597335
v 18.786547 -29.060980 5.643548
v 18.709625 -28.950289 5.687877
v 18.629768 -28.839987 5.730163
v 18.546925 -28.730148 5.770231
v 18.461050 -28.620852 5.807896
v 18.381140 -28.523022 5.839571
v 18.307062 -28.435452 5.866147
v 18.230850 -28.348310 5.890786
v 18.152485 -28.261656 5.913351
v 18.071960 -28.175560 5.933693
v 17.989281 -28.090103 5.951653
v 17.913031 -28.013807 5.965645
v 17.842928 -27.945690 5.976368
v 17.771437 -27.878145 5.985221
v 17.698570 -27.811220 5.992102
v 17.624348 -27.744963 5.996906
v 17.562613 -27.691275 5.999216
vn 0.707107 0.000002 -0.707107
vn 0.707107 -0.000006 -0.707106
vn 0.707106 0.000004 -0.707107
vn 0.707106 0.000007 -0.707108
vn 0.707108 -0.000009 -0.707105
vn 0.707106 0.000005 -0.707108
vn 0.707108 -0.000008 -0.707105
vn 0.707103 0.000017 -0.707110
vn 0.707112 -0.000027 -0.707102
vn 0.707107 0.000000 -0.707107
vn 0.707107 0.000000 -0.707107
vn 0.707106 -0.000005 -0.707107
vn 0.707108 0.000010 -0.707105
vn 0.707106 -0.000005 -0.707107
vn 0.707107 0.000000 -0.707107
vn 0.707110 0.000019 -0.707103
vn 0.707105 -0.000011 -0.707109
vn 0.707107 0.000000 -0.707107
vn 0.707104 -0.000016 -0.707110
vn 0.708000 0.037845 -0.705198
vn 0.705923 0.022626 -0.707928
vn 0.706578 0.035236 -0.706758
vn 0.705420 0.007535 -0.708750
vn 0.707630 0.025651 -0.706118
vn 0.708233 0.014399 -0.705832
vn 0.707094 0.006041 -0.707094
vn -0.999939 -0.011064 0.000000
vn -0.999906 -0.013723 -0.000158
vn -0.999153 -0.041140 -0.000235
vn -0.999448 -0.033207 0.000120
vn -0.997648 -0.068545 -0.000240
vn -0.998460 -0.055474 0.000163
vn -0.995393 -0.095880 -0.000180
vn -0.996967 -0.077820 0.000137
vn -0.994961 -0.100259 0.000051
vn -0.992387 -0.123159 -0.000085
vn -0.992435 -0.122768 -0.000061
vn -0.989398 -0.145231 0.000069
vn -0.988636 -0.150327 -0.000181
vn -0.985827 -0.167767 0.000139
vn -0.984139 -0.177399 -0.000222
vn -0.981719 -0.190338 0.000157
vn -0.978900 -0.204342 -0.000213
vn -0.972928 -0.231108 -0.000161
vn -0.977071 -0.212912 0.000127
vn -0.971872 -0.235509 0.000058
vn -0.966220 -0.257718 -0.000069
vn -0.966126 -0.258069 -0.000048
vn -0.958789 -0.284119 -0.000139
vn -0.959834 -0.280570 0.000041
vn -0.950632 -0.310319 -0.000188
vn -0.952977 -0.303042 0.000113
vn -0.941761 -0.336282 -0.000205
vn -0.945565 -0.325432 0.000148
vn -0.932180 -0.361994 -0.000191
vn -0.937580 -0.347770 0.000151
vn -0.921900 -0.387427 -0.000150
vn -0.929024 -0.370018 0.000125
vn -0.910921 -0.412581 -0.000086
vn -0.919894 -0.392166 0.000075
vn -0.910195 -0.414179 0.000003
vn -0.899262 -0.437410 -0.000077
vn -0.899909 -0.436078 -0.000003
vn -0.886920 -0.461924 -0.000135
vn -0.889077 -0.457758 0.000069
vn -0.873921 -0.486068 -0.000170
vn -0.877653 -0.479296 0.000116
vn -0.860248 -0.509876 -0.000180
vn -0.866838 -0.498590 0.000099
vn -0.845945 -0.533269 -0.000074
vn -0.856762 -0.515713 0.000051
vn -0.830992 -0.556284 -0.000033
vn -0.844757 -0.535151 0.000035
vn -0.844414 -0.535690 0.000000
vn -0.815414 -0.578879 -0.000029
vn -0.829592 -0.558370 0.000029
vn -0.799232 -0.601023 -0.000026
vn -0.814173 -0.580623 0.000025
vn -0.782442 -0.622724 -0.000021
vn -0.798134 -0.602480 0.000021
vn -0.765067 -0.643951 -0.000017
vn -0.781521 -0.623879 0.000017
vn -0.747115 -0.664695 -0.000013
vn -0.764338 -0.644815 0.000013
vn -0.746593 -0.665281 0.000008
vn -0.728589 -0.684951 -0.000008
vn -0.728292 -0.685267 0.000004
vn -0.709529 -0.704676 -0.000003
vn -0.709472 -0.704734 -0.000001
vn -0.690123 -0.723692 0.000001
vn -0.689927 -0.723879 -0.000006
vn -0.670253 -0.742132 0.000006
vn -0.669802 -0.742540 -0.000011
vn -0.649913 -0.760009 0.000010
vn -0.649189 -0.760627 -0.000015
vn -0.629095 -0.777328 0.000014
vn -0.628080 -0.778149 -0.000019
vn -0.607787 -0.794100 0.000019
vn -0.606501 -0.795082 -0.000023
vn -0.586066 -0.810263 0.000023
vn -0.584437 -0.811439 -0.000027
vn -0.563901 -0.825842 0.000027
vn -0.561978 -0.827152 -0.000031
vn -0.541319 -0.840817 0.000031
vn -0.539071 -0.842260 -0.000035
vn -0.515749 -0.856740 -0.000039
vn -0.518363 -0.855161 0.000035
vn -0.492052 -0.870566 -0.000042
vn -0.494989 -0.868899 0.000038
vn -0.467997 -0.883730 -0.000046
vn -0.471278 -0.881985 0.000042
vn -0.443578 -0.896236 -0.000049
vn -0.447222 -0.894423 0.000045
vn -0.418809 -0.908074 -0.000052
vn -0.422810 -0.906219 0.000049
vn -0.393751 -0.919217 -0.000056
vn -0.398135 -0.917327 0.000052
vn -0.368366 -0.929681 -0.000059
vn -0.373128 -0.927780 0.000055
vn -0.342752 -0.939426 -0.000061
vn -0.347839 -0.937554 0.000057
vn -0.316837 -0.948480 -0.000063
vn -0.322323 -0.946630 0.000061
vn -0.290698 -0.956815 -0.000066
vn -0.296582 -0.955007 0.000064
vn -0.264335 -0.964431 -0.000069
vn -0.270588 -0.962695 0.000066
vn -0.237755 -0.971325 -0.000072
vn -0.244424 -0.969669 0.000069
vn -0.211057 -0.977474 -0.000074
vn -0.218065 -0.975934 0.000070
vn -0.184140 -0.982900 -0.000076
vn -0.191535 -0.981486 0.000073
vn -0.157111 -0.987581 -0.000078
vn -0.164893 -0.986311 0.000075
vn -0.138110 -0.990417 0.000077
vn -0.129971 -0.991518 -0.000080
vn -0.111243 -0.993793 0.000079
vn -0.102693 -0.994713 -0.000082
vn -0.084263 -0.996444 0.000080
vn -0.075385 -0.997154 -0.000084
vn -0.057255 -0.998360 0.000082
vn -0.047996 -0.998848 -0.000085
vn -0.030162 -0.999545 0.000083
vn -0.020577 -0.999788 -0.000086
vn -0.003098 -0.999995 0.000085
vn 0.006868 -0.999976 -0.000088
vn 0.023967 -0.999713 0.000086
vn 0.034287 -0.999412 -0.000089
vn 0.089066 -0.996026 -0.000181
vn 0.051087 -0.998694 0.000087
vn 0.080133 -0.996784 0.000111
vn 0.061677 -0.998096 -0.000090
vn 0.103637 -0.994615 0.000146
vn 0.116346 -0.993209 -0.000189
vn 0.078096 -0.996946 0.000000
vn 0.127571 -0.991829 0.000140
vn 0.143542 -0.989644 -0.000175
vn 0.151359 -0.988479 0.000112
vn 0.170653 -0.985331 -0.000134
vn 0.172401 -0.985027 -0.000057
vn 0.190848 -0.981620 0.000042
vn 0.197600 -0.980283 -0.000190
vn 0.209317 -0.977848 0.000092
vn 0.224432 -0.974490 -0.000159
vn 0.227818 -0.973704 -0.000015
vn 0.246267 -0.969202 0.000015
vn 0.251099 -0.967961 -0.000180
vn 0.264650 -0.964344 0.000096
vn 0.277520 -0.960720 -0.000187
vn 0.282915 -0.959145 0.000027
vn 0.301024 -0.953616 -0.000029
vn 0.303794 -0.952738 -0.000160
vn 0.329822 -0.944043 -0.000207
vn 0.319136 -0.947709 0.000095
vn 0.337051 -0.941486 0.000061
vn 0.355600 -0.934638 -0.000130
vn 0.354840 -0.934927 -0.000088
vn 0.381098 -0.924535 -0.000223
vn 0.372541 -0.928016 0.000081
vn 0.406322 -0.913730 -0.000146
vn 0.390141 -0.920755 0.000088
vn 0.407477 -0.913216 -0.000079
vn 0.421122 -0.907004 0.000028
vn 0.430914 -0.902393 -0.000186
vn 0.431234 -0.902240 -0.000202
vn 0.444754 -0.895653 0.000119
vn 0.455819 -0.890073 -0.000232
vn 0.462221 -0.886765 0.000069
vn 0.479511 -0.877536 -0.000100
vn 0.480066 -0.877232 -0.000139
vn 0.496723 -0.867909 0.000092
vn 0.503953 -0.863731 -0.000256
vn 0.513653 -0.857998 0.000126
vn 0.527454 -0.849584 -0.000209
vn 0.530392 -0.847753 -0.000012
vn 0.546901 -0.837197 0.000015
vn 0.550580 -0.834782 -0.000240
vn 0.563335 -0.826229 0.000143
vn 0.573253 -0.819378 -0.000284
vn 0.579405 -0.815040 0.000093
vn 0.595216 -0.803566 -0.000133
vn 0.595543 -0.803324 -0.000165
vn 0.610970 -0.791654 0.000110
vn 0.617329 -0.786705 -0.000325
vn 0.626442 -0.779468 0.000165
vn 0.638700 -0.769456 -0.000276
vn 0.641547 -0.767084 -0.000007
vn 0.656484 -0.754340 0.000007
vn 0.659564 -0.751648 -0.000314
vn 0.671260 -0.741222 0.000191
vn 0.679922 -0.733284 -0.000393
vn 0.685675 -0.727908 0.000137
vn 0.698050 -0.716049 -0.000162
vn 0.699798 -0.714341 -0.000382
vn 0.708919 -0.705290 0.000137
vn 0.719127 -0.694879 -0.000342
vn 0.722902 -0.690951 0.000226
vn 0.737920 -0.674888 -0.000248
vn 0.740063 -0.672538 0.000120
vn 0.756164 -0.654382 -0.000130
vn 0.756757 -0.653697 -0.000015
vn 0.772986 -0.634423 0.000011
vn 0.773823 -0.633402 -0.000154
vn 0.788714 -0.614760 0.000139
vn 0.790917 -0.611923 -0.000269
vn 0.807395 -0.590012 -0.000357
vn 0.803937 -0.594715 0.000240
vn 0.823286 -0.567627 -0.000420
vn 0.818656 -0.574284 0.000318
vn 0.832859 -0.553485 0.000368
vn 0.838542 -0.544837 -0.000457
vn 0.846528 -0.532345 0.000395
vn 0.853179 -0.521617 -0.000469
vn 0.859659 -0.510868 0.000393
vn 0.867167 -0.498016 -0.000458
vn 0.872519 -0.488580 0.000410
vn 0.880500 -0.474047 -0.000405
vn 0.885410 -0.464811 0.000365
vn 0.893181 -0.449698 -0.000360
vn 0.905173 -0.425043 -0.000341
vn 0.898179 -0.439629 0.000407
vn 0.916498 -0.400038 -0.000311
vn 0.910782 -0.412888 0.000380
vn 0.927126 -0.374750 -0.000221
vn 0.923205 -0.384308 0.000408
vn 0.937057 -0.349175 0.000072
vn 0.936000 -0.352001 0.000314
vn 0.946285 -0.323334 -0.000062
vn 0.954801 -0.297244 -0.000225
vn 0.948199 -0.317676 0.000357
vn 0.962594 -0.270948 -0.000198
vn 0.958868 -0.283852 0.000356
vn 0.969665 -0.244436 -0.000069
vn 0.968094 -0.250588 0.000270
vn 0.976007 -0.217741 0.000083
vn 0.981613 -0.190881 -0.000102
vn 0.976178 -0.216972 0.000134
vn 0.986479 -0.163885 -0.000050
vn 0.982252 -0.187568 0.000053
vn 0.982435 -0.186607 0.000000
vn 0.987162 -0.159725 0.000048
vn 0.990605 -0.136756 -0.000048
vn 0.993983 -0.109531 -0.000047
vn 0.991152 -0.132730 0.000047
vn 0.996614 -0.082219 -0.000045
vn 0.994406 -0.105622 0.000045
vn 0.998495 -0.054849 -0.000044
vn 0.996918 -0.078446 0.000044
vn 0.999624 -0.027432 -0.000043
vn 0.998688 -0.051211 0.000042
vn 1.000000 0.000000 -0.000041
vn 0.999714 -0.023930 0.000041
vn 0.999624 0.027432 -0.000040
vn 0.999994 0.003361 0.000039
vn 0.998495 0.054849 -0.000038
vn 0.999530 0.030652 0.000038
vn 0.996614 0.082219 -0.000037
vn 0.998321 0.057919 0.000036
vn 0.993983 0.109531 -0.000035
vn 0.996368 0.085148 0.000035
vn 0.990605 0.136756 -0.000034
vn 0.993674 0.112305 0.000033
vn 0.986479 0.163885 -0.000032
vn 0.990238 0.139384 0.000032
vn 0.986064 0.166364 0.000030
vn 0.981613 0.190881 -0.000031
vn 0.981158 0.193209 0.000029
vn 0.976007 0.217741 -0.000029
vn 0.975520 0.219912 0.000027
vn 0.969665 0.244436 -0.000027
vn 0.969152 0.246463 0.000026
vn 0.962594 0.270948 -0.000026
vn 0.962066 0.272818 0.000024
vn 0.954802 0.297244 -0.000024
vn 0.954262 0.298972 0.000022
vn 0.946285 0.323334 -0.000022
vn 0.945746 0.324907 0.000021
vn 0.937057 0.349175 -0.000020
vn 0.936529 0.350590 0.000019
vn 0.927126 0.374750 -0.000019
vn 0.926607 0.376031 0.000017
vn 0.916496 0.400043 -0.000017
vn 0.905178 0.425032 -0.000015
vn 0.916001 0.401175 0.000015
vn 0.893175 0.449709 -0.000014
vn 0.904711 0.426025 0.000013
vn 0.880503 0.474041 -0.000012
vn 0.892745 0.450562 0.000012
vn 0.867168 0.498017 -0.000010
vn 0.880120 0.474751 0.000010
vn 0.853176 0.521623 -0.000008
vn 0.866833 0.498599 0.000008
vn 0.838546 0.544831 -0.000006
vn 0.852901 0.522073 0.000006
vn 0.823286 0.567627 -0.000004
vn 0.838331 0.545162 0.000004
vn 0.807399 0.590005 -0.000002
vn 0.823145 0.567832 0.000003
vn 0.807338 0.590089 0.000001
vn 0.790912 0.611930 -0.000001
vn 0.790933 0.611903 -0.000000
vn 0.773823 0.633402 -0.000004
vn 0.773945 0.633252 0.000002
vn 0.756164 0.654382 -0.000005
vn 0.756364 0.654151 0.000003
vn 0.737920 0.674888 -0.000007
vn 0.738236 0.674542 0.000005
vn 0.719127 0.694879 -0.000009
vn 0.719546 0.694445 0.000007
vn 0.699791 0.714348 -0.000011
vn 0.700324 0.713825 0.000009
vn 0.679929 0.733278 -0.000013
vn 0.680583 0.732671 0.000011
vn 0.659564 0.751648 -0.000015
vn 0.660337 0.750969 0.000012
vn 0.639588 0.768718 0.000014
vn 0.638692 0.769463 -0.000016
vn 0.618375 0.785883 0.000016
vn 0.617346 0.786692 -0.000018
vn 0.596696 0.802468 0.000018
vn 0.595525 0.803337 -0.000020
vn 0.574562 0.818461 0.000020
vn 0.573263 0.819372 -0.000021
vn 0.552027 0.833826 0.000021
vn 0.550570 0.834789 -0.000023
vn 0.529053 0.848589 0.000023
vn 0.527464 0.849577 -0.000025
vn 0.505699 0.862710 0.000025
vn 0.503953 0.863731 -0.000027
vn 0.481957 0.876195 0.000026
vn 0.480066 0.877232 -0.000028
vn 0.457876 0.889016 0.000028
vn 0.455830 0.890067 -0.000030
vn 0.433442 0.901181 0.000030
vn 0.431234 0.902240 -0.000031
vn 0.408681 0.912677 0.000031
vn 0.406310 0.913735 -0.000033
vn 0.383609 0.923496 0.000032
vn 0.381098 0.924535 -0.000034
vn 0.358282 0.933614 0.000034
vn 0.355600 0.934638 -0.000036
vn 0.332651 0.943050 0.000036
vn 0.329810 0.944047 -0.000038
vn 0.306797 0.951775 0.000037
vn 0.303794 0.952738 -0.000039
vn 0.280704 0.959794 0.000039
vn 0.277546 0.960712 -0.000040
vn 0.254402 0.967099 0.000040
vn 0.251086 0.967965 -0.000042
vn 0.224419 0.974493 -0.000043
vn 0.227916 0.973681 0.000042
vn 0.201266 0.979537 0.000043
vn 0.197613 0.980280 -0.000045
vn 0.170653 0.985331 -0.000046
vn 0.174446 0.984667 0.000044
vn 0.143542 0.989644 -0.000048
vn 0.147500 0.989062 0.000046
vn 0.116346 0.993209 -0.000049
vn 0.120458 0.992719 0.000047
vn 0.089053 0.996027 -0.000050
vn 0.093330 0.995635 0.000049
vn 0.061704 0.998094 -0.000051
vn 0.066105 0.997813 0.000050
vn 0.034287 0.999412 -0.000053
vn 0.038867 0.999244 0.000051
vn 0.011558 0.999933 0.000052
vn 0.006854 0.999976 -0.000054
vn -0.015723 0.999876 0.000054
vn -0.020577 0.999788 -0.000056
vn -0.043003 0.999075 0.000055
vn -0.047996 0.998848 -0.000057
vn -0.070270 0.997528 0.000056
vn -0.075372 0.997155 -0.000058
vn -0.097453 0.995240 0.000058
vn -0.102720 0.994710 -0.000059
vn -0.124580 0.992210 0.000059
vn -0.129958 0.991520 -0.000060
vn -0.151623 0.988438 0.000060
vn -0.157111 0.987581 -0.000061
vn -0.178541 0.983932 0.000061
vn -0.184140 0.982900 -0.000062
vn -0.205331 0.978693 0.000062
vn -0.211044 0.977477 -0.000063
vn -0.231957 0.972726 0.000063
vn -0.237781 0.971319 -0.000065
vn -0.258425 0.966031 0.000064
vn -0.264335 0.964431 -0.000066
vn -0.284687 0.958621 0.000065
vn -0.290698 0.956815 -0.000067
vn -0.310753 0.950491 0.000066
vn -0.316837 0.948480 -0.000068
vn -0.336577 0.941656 0.000067
vn -0.342728 0.939435 -0.000069
vn -0.393739 0.919222 -0.000142
vn -0.388796 0.921324 0.000079
vn -0.362143 0.932122 0.000069
vn -0.368390 0.929671 -0.000070
vn -0.410324 0.911940 0.000109
vn -0.418820 0.908069 -0.000193
vn -0.387462 0.921886 0.000000
vn -0.430708 0.902492 0.000133
vn -0.443567 0.896241 -0.000193
vn -0.455955 0.890003 0.000318
vn -0.467986 0.883736 -0.000209
vn -0.485588 0.874188 0.000293
vn -0.492062 0.870560 -0.000131
vn -0.507073 0.861903 0.000067
vn -0.515759 0.856734 -0.000239
vn -0.520961 0.853581 0.000010
vn -0.539061 0.842267 -0.000018
vn -0.540252 0.841503 0.000085
vn -0.561969 0.827159 -0.000079
vn -0.564572 0.825384 0.000150
vn -0.584455 0.811426 -0.000141
vn -0.588426 0.808551 0.000216
vn -0.606493 0.795089 -0.000203
vn -0.613871 0.789406 0.000475
vn -0.628072 0.778155 -0.000342
vn -0.649189 0.760627 -0.000369
vn -0.639259 0.768992 0.000461
vn -0.661685 0.749781 0.000401
vn -0.669810 0.742533 -0.000396
vn -0.678434 0.734661 0.000163
vn -0.689927 0.723879 -0.000320
vn -0.690938 0.722914 -0.000183
vn -0.709529 0.704676 -0.000239
vn -0.706868 0.707345 0.000201
vn -0.728595 0.684945 -0.000270
vn -0.725551 0.688168 0.000233
vn -0.747109 0.664702 -0.000299
vn -0.743713 0.668499 0.000262
vn -0.765067 0.643951 -0.000325
vn -0.761347 0.648344 0.000289
vn -0.782442 0.622724 -0.000349
vn -0.778434 0.627726 0.000314
vn -0.799227 0.601029 -0.000371
vn -0.794956 0.606667 0.000337
vn -0.815423 0.578866 -0.000390
vn -0.810922 0.585154 0.000359
vn -0.830992 0.556284 -0.000407
vn -0.826297 0.563235 0.000377
vn -0.845941 0.533276 -0.000423
vn -0.841077 0.540915 0.000395
vn -0.860248 0.509876 -0.000436
vn -0.855255 0.518208 0.000408
vn -0.873918 0.486074 -0.000448
vn -0.868823 0.495123 0.000421
vn -0.881773 0.471673 0.000430
vn -0.886922 0.461918 -0.000456
vn -0.894085 0.447897 0.000438
vn -0.899262 0.437410 -0.000463
vn -0.902841 0.429974 0.000034
vn -0.908442 0.418011 -0.000040
vn -0.910923 0.412576 -0.000445
vn -0.913867 0.406013 0.000002
vn -0.921898 0.387432 -0.000253
vn -0.920912 0.389770 -0.000001
vn -0.932180 0.361994 -0.000374
vn -0.929353 0.369192 0.000195
vn -0.937375 0.348322 0.000263
vn -0.941761 0.336282 -0.000382
vn -0.944975 0.327142 0.000224
vn -0.950632 0.310319 -0.000292
vn -0.952131 0.305691 0.000097
vn -0.958789 0.284119 -0.000119
vn -0.958831 0.283978 -0.000105
vn -0.965030 0.262141 0.000084
vn -0.966220 0.257718 -0.000255
vn -0.970751 0.240088 0.000197
vn -0.972928 0.231108 -0.000321
vn -0.976002 0.217761 0.000227
vn -0.978900 0.204342 -0.000312
vn -0.980764 0.195195 0.000191
vn -0.984139 0.177399 -0.000241
vn -0.985022 0.172429 0.000097
vn -0.988636 0.150327 -0.000117
vn -0.988774 0.149417 -0.000045
vn -0.991988 0.126335 0.000040
vn -0.992387 0.123159 -0.000177
vn -0.994676 0.103053 0.000144
vn -0.995393 0.095880 -0.000250
vn -0.996828 0.079591 0.000195
vn -0.997648 0.068545 -0.000274
vn -0.998433 0.055962 0.000202
vn -0.999153 0.041140 -0.000256
vn -0.999452 0.033106 0.000125
vn -0.999906 0.013723 -0.000165
vn -0.999939 0.011041 0.000000
vn 1.000000 0.000000 0.000000
vn 1.000000 -0.000000 0.000000
vn -0.999939 -0.011012 0.000000
vn -0.999906 -0.013723 -0.000167
vn -0.999153 -0.041140 -0.000257
vn -0.999454 -0.033036 0.000125
vn -0.997648 -0.068545 -0.000262
vn -0.998491 -0.054919 0.000172
vn -0.997059 -0.076632 0.000127
vn -0.995393 -0.095880 -0.000173
vn -0.995168 -0.098192 -0.000019
vn -0.992814 -0.119665 0.000019
vn -0.992387 -0.123159 -0.000211
vn -0.990006 -0.141023 0.000151
vn -0.988636 -0.150327 -0.000298
vn -0.986756 -0.162214 0.000179
vn -0.984139 -0.177399 -0.000269
vn -0.983079 -0.183180 0.000086
vn -0.978983 -0.203943 -0.000110
vn -0.978900 -0.204342 -0.000144
vn -0.974432 -0.224681 0.000105
vn -0.972928 -0.231108 -0.000305
vn -0.969479 -0.245175 0.000196
vn -0.966220 -0.257718 -0.000331
vn -0.964121 -0.265464 0.000141
vn -0.958789 -0.284119 -0.000201
vn -0.958387 -0.285473 -0.000081
vn -0.952216 -0.305425 0.000068
vn -0.950632 -0.310319 -0.000319
vn -0.945658 -0.325163 0.000209
vn -0.941761 -0.336282 -0.000381
vn -0.938738 -0.344632 0.000173
vn -0.932180 -0.361994 -0.000253
vn -0.931471 -0.363816 -0.000070
vn -0.924942 -0.380109 0.000042
vn -0.921898 -0.387432 -0.000422
vn -0.919368 -0.393398 -0.000001
vn -0.913867 -0.406013 0.000002
vn -0.910923 -0.412576 -0.000445
vn -0.908442 -0.418011 -0.000040
vn -0.902842 -0.429974 0.000034
vn -0.899262 -0.437410 -0.000463
vn -0.894085 -0.447897 0.000438
vn -0.886922 -0.461918 -0.000456
vn -0.881773 -0.471673 0.000430
vn -0.873918 -0.486074 -0.000448
vn -0.868823 -0.495123 0.000421
vn -0.860248 -0.509876 -0.000436
vn -0.855255 -0.518208 0.000408
vn -0.845941 -0.533276 -0.000423
vn -0.841077 -0.540915 0.000395
vn -0.830992 -0.556284 -0.000407
vn -0.826297 -0.563235 0.000377
vn -0.815423 -0.578866 -0.000390
vn -0.810922 -0.585154 0.000359
vn -0.799227 -0.601029 -0.000371
vn -0.794956 -0.606667 0.000337
vn -0.782442 -0.622724 -0.000349
vn -0.778434 -0.627726 0.000314
vn -0.765067 -0.643951 -0.000325
vn -0.761347 -0.648344 0.000289
vn -0.747109 -0.664702 -0.000299
vn -0.743713 -0.668499 0.000262
vn -0.728595 -0.684945 -0.000270
vn -0.725551 -0.688168 0.000233
vn -0.709529 -0.704676 -0.000239
vn -0.706868 -0.707345 0.000201
vn -0.689927 -0.723879 -0.000207
vn -0.686161 -0.727450 0.000416
vn -0.669810 -0.742533 -0.000336
vn -0.662994 -0.748624 0.000474
vn -0.649189 -0.760627 -0.000368
vn -0.639355 -0.768911 0.000461
vn -0.628072 -0.778155 -0.000342
vn -0.620415 -0.784273 0.000104
vn -0.606493 -0.795089 -0.000188
vn -0.606689 -0.794939 -0.000208
vn -0.589046 -0.808100 0.000201
vn -0.584455 -0.811426 -0.000186
vn -0.566524 -0.824045 0.000185
vn -0.561969 -0.827159 -0.000170
vn -0.541598 -0.840638 0.000206
vn -0.539061 -0.842267 -0.000014
vn -0.515759 -0.856734 0.000013
vn -0.514071 -0.857748 0.000160
vn -0.492062 -0.870560 -0.000131
vn -0.490243 -0.871586 -0.000012
vn -0.470617 -0.882337 0.000012
vn -0.467986 -0.883736 -0.000137
vn -0.445836 -0.895115 0.000173
vn -0.443567 -0.896241 0.000021
vn -0.418820 -0.908069 -0.000021
vn -0.415504 -0.909592 0.000187
vn -0.393739 -0.919222 -0.000142
vn -0.388796 -0.921324 0.000079
vn -0.368390 -0.929671 -0.000070
vn -0.387462 -0.921886 0.000000
vn -0.342728 -0.939435 -0.000069
vn -0.362143 -0.932122 0.000069
vn -0.316837 -0.948480 -0.000068
vn -0.336577 -0.941656 0.000067
vn -0.290698 -0.956815 -0.000067
vn -0.310753 -0.950491 0.000066
vn -0.264335 -0.964431 -0.000066
vn -0.284687 -0.958621 0.000065
vn -0.237781 -0.971319 -0.000065
vn -0.258425 -0.966031 0.000064
vn -0.211044 -0.977477 -0.000063
vn -0.231957 -0.972726 0.000063
vn -0.205331 -0.978693 0.000062
vn -0.184140 -0.982900 -0.000062
vn -0.178541 -0.983932 0.000061
vn -0.157111 -0.987581 -0.000061
vn -0.151623 -0.988438 0.000060
vn -0.129958 -0.991520 -0.000060
vn -0.124580 -0.992210 0.000059
vn -0.102720 -0.994710 -0.000059
vn -0.097453 -0.995240 0.000058
vn -0.075372 -0.997155 -0.000058
vn -0.070270 -0.997528 0.000056
vn -0.047996 -0.998848 -0.000057
vn -0.043003 -0.999075 0.000055
vn -0.020577 -0.999788 -0.000056
vn -0.015723 -0.999876 0.000054
vn 0.006854 -0.999976 -0.000054
vn 0.011558 -0.999933 0.000052
vn 0.034287 -0.999412 -0.000053
vn 0.038867 -0.999244 0.000051
vn 0.061704 -0.998094 -0.000051
vn 0.066105 -0.997813 0.000050
vn 0.089053 -0.996027 -0.000050
vn 0.093330 -0.995635 0.000049
vn 0.116346 -0.993209 -0.000049
vn 0.120458 -0.992719 0.000047
vn 0.143542 -0.989644 -0.000048
vn 0.147500 -0.989062 0.000046
vn 0.170653 -0.985331 -0.000046
vn 0.174446 -0.984667 0.000044
vn 0.197613 -0.980280 -0.000045
vn 0.201266 -0.979537 0.000043
vn 0.224419 -0.974493 -0.000043
vn 0.251086 -0.967965 -0.000042
vn 0.227916 -0.973681 0.000042
vn 0.277546 -0.960712 -0.000040
vn 0.254402 -0.967099 0.000040
vn 0.303794 -0.952738 -0.000039
vn 0.280704 -0.959794 0.000039
vn 0.329810 -0.944047 -0.000038
vn 0.306797 -0.951775 0.000037
vn 0.355600 -0.934638 -0.000036
vn 0.332651 -0.943050 0.000036
vn 0.381098 -0.924535 -0.000034
vn 0.358282 -0.933614 0.000034
vn 0.406310 -0.913735 -0.000033
vn 0.383609 -0.923496 0.000032
vn 0.431234 -0.902240 -0.000031
vn 0.408681 -0.912677 0.000031
vn 0.455830 -0.890067 -0.000030
vn 0.433442 -0.901181 0.000030
vn 0.457876 -0.889016 0.000028
vn 0.480066 -0.877232 -0.000028
vn 0.481957 -0.876195 0.000026
vn 0.503953 -0.863731 -0.000027
vn 0.527464 -0.849577 -0.000025
vn 0.505699 -0.862710 0.000025
vn 0.550570 -0.834789 -0.000023
vn 0.529053 -0.848589 0.000023
vn 0.573263 -0.819372 -0.000021
vn 0.552027 -0.833826 0.000021
vn 0.595525 -0.803337 -0.000020
vn 0.574562 -0.818461 0.000020
vn 0.617346 -0.786692 -0.000018
vn 0.596696 -0.802468 0.000018
vn 0.638692 -0.769463 -0.000016
vn 0.618375 -0.785883 0.000016
vn 0.659564 -0.751648 -0.000015
vn 0.639588 -0.768718 0.000014
vn 0.679929 -0.733278 -0.000013
vn 0.660337 -0.750969 0.000012
vn 0.699791 -0.714348 -0.000011
vn 0.680583 -0.732671 0.000011
vn 0.719127 -0.694879 -0.000009
vn 0.700324 -0.713825 0.000009
vn 0.737920 -0.674888 -0.000007
vn 0.719546 -0.694445 0.000007
vn 0.756164 -0.654382 -0.000005
vn 0.738236 -0.674542 0.000005
vn 0.773823 -0.633402 -0.000004
vn 0.756364 -0.654151 0.000003
vn 0.790912 -0.611930 -0.000001
vn 0.773945 -0.633252 0.000002
vn 0.790933 -0.611903 -0.000000
vn 0.807399 -0.590005 -0.000002
vn 0.807338 -0.590089 0.000001
vn 0.823286 -0.567627 -0.000004
vn 0.823145 -0.567832 0.000003
vn 0.838546 -0.544831 -0.000006
vn 0.838331 -0.545162 0.000004
vn 0.853176 -0.521623 -0.000008
vn 0.852901 -0.522073 0.000006
vn 0.867168 -0.498017 -0.000010
vn 0.866833 -0.498599 0.000008
vn 0.880503 -0.474041 -0.000012
vn 0.880120 -0.474751 0.000010
vn 0.893175 -0.449709 -0.000014
vn 0.892745 -0.450562 0.000012
vn 0.905178 -0.425032 -0.000015
vn 0.904711 -0.426025 0.000013
vn 0.916496 -0.400043 -0.000017
vn 0.916001 -0.401175 0.000015
vn 0.926607 -0.376031 0.000017
vn 0.927126 -0.374750 -0.000019
vn 0.936529 -0.350590 0.000019
vn 0.937057 -0.349175 -0.000020
vn 0.945746 -0.324907 0.000021
vn 0.946285 -0.323334 -0.000022
vn 0.954262 -0.298972 0.000022
vn 0.954802 -0.297244 -0.000024
vn 0.962066 -0.272818 0.000024
vn 0.962594 -0.270948 -0.000026
vn 0.969152 -0.246463 0.000026
vn 0.969665 -0.244436 -0.000027
vn 0.975520 -0.219912 0.000027
vn 0.976007 -0.217741 -0.000029
vn 0.981158 -0.193209 0.000029
vn 0.981613 -0.190881 -0.000031
vn 0.986064 -0.166364 0.000030
vn 0.986479 -0.163885 -0.000032
vn 0.990238 -0.139384 0.000032
vn 0.990605 -0.136756 -0.000034
vn 0.993983 -0.109531 -0.000035
vn 0.993674 -0.112305 0.000033
vn 0.996614 -0.082219 -0.000037
vn 0.996368 -0.085148 0.000035
vn 0.998495 -0.054849 -0.000038
vn 0.998321 -0.057919 0.000036
vn 0.999624 -0.027432 -0.000040
vn 0.999530 -0.030652 0.000038
vn 1.000000 0.000000 -0.000041
vn 0.999994 -0.003361 0.000039
vn 0.999624 0.027432 -0.000043
vn 0.999714 0.023930 0.000041
vn 0.998495 0.054849 -0.000044
vn 0.998688 0.051211 0.000042
vn 0.996614 0.082219 -0.000045
vn 0.996918 0.078446 0.000044
vn 0.993983 0.109531 -0.000047
vn 0.994406 0.105622 0.000045
vn 0.990605 0.136756 -0.000048
vn 0.991152 0.132730 0.000047
vn 0.981613 0.190881 -0.000102
vn 0.986479 0.163885 -0.000050
vn 0.987162 0.159725 0.000048
vn 0.982252 0.187568 0.000053
vn 0.982435 0.186607 -0.000000
vn 0.976007 0.217741 0.000083
vn 0.969665 0.244436 -0.000069
vn 0.976178 0.216972 0.000134
vn 0.962594 0.270948 -0.000198
vn 0.968094 0.250588 0.000270
vn 0.958868 0.283852 0.000356
vn 0.954801 0.297244 -0.000225
vn 0.948199 0.317676 0.000357
vn 0.946285 0.323334 -0.000062
vn 0.937057 0.349175 0.000072
vn 0.936000 0.352001 0.000314
vn 0.927126 0.374750 -0.000221
vn 0.923205 0.384308 0.000408
vn 0.916498 0.400038 -0.000311
vn 0.910782 0.412888 0.000380
vn 0.905173 0.425043 -0.000341
vn 0.898179 0.439629 0.000407
vn 0.893181 0.449698 -0.000360
vn 0.885410 0.464811 0.000365
vn 0.880500 0.474047 -0.000405
vn 0.872519 0.488580 0.000410
vn 0.867167 0.498016 -0.000458
vn 0.859659 0.510868 0.000393
vn 0.853179 0.521617 -0.000469
vn 0.846528 0.532345 0.000395
vn 0.838542 0.544837 -0.000457
vn 0.832859 0.553485 0.000368
vn 0.823286 0.567627 -0.000420
vn 0.818656 0.574284 0.000318
vn 0.807395 0.590012 -0.000357
vn 0.803937 0.594715 0.000240
vn 0.790917 0.611923 -0.000269
vn 0.788714 0.614760 0.000139
vn 0.773823 0.633402 -0.000154
vn 0.772986 0.634423 0.000011
vn 0.756757 0.653697 -0.000015
vn 0.756164 0.654382 -0.000130
vn 0.740063 0.672538 0.000120
vn 0.737920 0.674888 -0.000248
vn 0.722902 0.690951 0.000226
vn 0.719127 0.694879 -0.000342
vn 0.708919 0.705290 0.000137
vn 0.699798 0.714341 -0.000382
vn 0.698050 0.716049 -0.000162
vn 0.685675 0.727908 0.000137
vn 0.679922 0.733284 -0.000393
vn 0.671260 0.741222 0.000191
vn 0.659564 0.751648 -0.000314
vn 0.656484 0.754340 0.000007
vn 0.638700 0.769456 -0.000276
vn 0.641547 0.767084 -0.000007
vn 0.617329 0.786705 -0.000325
vn 0.626442 0.779468 0.000165
vn 0.610970 0.791654 0.000110
vn 0.595543 0.803324 -0.000165
vn 0.595216 0.803566 -0.000133
vn 0.579405 0.815040 0.000093
vn 0.573253 0.819378 -0.000284
vn 0.563335 0.826229 0.000143
vn 0.550580 0.834782 -0.000240
vn 0.546901 0.837197 0.000015
vn 0.530392 0.847753 -0.000012
vn 0.527454 0.849584 -0.000209
vn 0.513653 0.857998 0.000126
vn 0.503953 0.863731 -0.000256
vn 0.496723 0.867909 0.000092
vn 0.480066 0.877232 -0.000139
vn 0.479511 0.877536 -0.000100
vn 0.462221 0.886765 0.000069
vn 0.455819 0.890073 -0.000232
vn 0.444754 0.895653 0.000119
vn 0.431234 0.902240 -0.000202
vn 0.430914 0.902393 -0.000186
vn 0.421122 0.907004 0.000028
vn 0.407477 0.913216 -0.000079
vn 0.406322 0.913730 -0.000146
vn 0.390141 0.920755 0.000088
vn 0.381098 0.924535 -0.000223
vn 0.372541 0.928016 0.000081
vn 0.355600 0.934638 -0.000130
vn 0.354840 0.934927 -0.000088
vn 0.337051 0.941486 0.000061
vn 0.329822 0.944043 -0.000207
vn 0.319136 0.947709 0.000095
vn 0.303794 0.952738 -0.000160
vn 0.301024 0.953616 -0.000029
vn 0.282915 0.959145 0.000027
vn 0.277520 0.960720 -0.000187
vn 0.264650 0.964344 0.000096
vn 0.251099 0.967961 -0.000180
vn 0.246267 0.969202 0.000015
vn 0.227818 0.973704 -0.000015
vn 0.224432 0.974490 -0.000159
vn 0.209317 0.977848 0.000092
vn 0.197600 0.980283 -0.000190
vn 0.187059 0.982349 0.000172
vn 0.170653 0.985331 -0.000182
vn 0.160968 0.986960 0.000165
vn 0.143542 0.989644 -0.000174
vn 0.116346 0.993209 -0.000164
vn 0.134595 0.990901 0.000159
vn 0.113953 0.993486 -0.000073
vn 0.089066 0.996026 -0.000181
vn 0.099014 0.995086 0.000042
vn 0.061677 0.998096 -0.000090
vn 0.078096 0.996946 0.000000
vn 0.080133 0.996784 0.000111
vn 0.034287 0.999412 -0.000089
vn 0.051087 0.998694 0.000087
vn 0.023967 0.999713 0.000086
vn 0.006868 0.999976 -0.000088
vn -0.020577 0.999788 -0.000086
vn -0.003098 0.999995 0.000085
vn -0.047996 0.998848 -0.000085
vn -0.030162 0.999545 0.000083
vn -0.075385 0.997154 -0.000084
vn -0.057255 0.998360 0.000082
vn -0.102693 0.994713 -0.000082
vn -0.084263 0.996444 0.000080
vn -0.129971 0.991518 -0.000080
vn -0.111243 0.993793 0.000079
vn -0.157111 0.987581 -0.000078
vn -0.138110 0.990417 0.000077
vn -0.184140 0.982900 -0.000076
vn -0.164893 0.986311 0.000075
vn -0.211057 0.977474 -0.000074
vn -0.191535 0.981486 0.000073
vn -0.237755 0.971325 -0.000072
vn -0.218065 0.975934 0.000070
vn -0.264335 0.964431 -0.000069
vn -0.244424 0.969669 0.000069
vn -0.290698 0.956815 -0.000066
vn -0.270588 0.962695 0.000066
vn -0.316837 0.948480 -0.000063
vn -0.296582 0.955007 0.000064
vn -0.342752 0.939426 -0.000061
vn -0.322323 0.946630 0.000061
vn -0.368366 0.929681 -0.000059
vn -0.347839 0.937554 0.000057
vn -0.393751 0.919217 -0.000056
vn -0.373128 0.927780 0.000055
vn -0.418809 0.908074 -0.000052
vn -0.398135 0.917327 0.000052
vn -0.443578 0.896236 -0.000049
vn -0.422810 0.906219 0.000049
vn -0.467997 0.883730 -0.000046
vn -0.447222 0.894423 0.000045
vn -0.492052 0.870566 -0.000042
vn -0.471278 0.881985 0.000042
vn -0.515749 0.856740 -0.000039
vn -0.494989 0.868899 0.000038
vn -0.539071 0.842260 -0.000035
vn -0.518363 0.855161 0.000035
vn -0.561978 0.827152 -0.000031
vn -0.541319 0.840817 0.000031
vn -0.584437 0.811439 -0.000027
vn -0.563901 0.825842 0.000027
vn -0.586066 0.810263 0.000023
vn -0.606501 0.795082 -0.000023
vn -0.607787 0.794100 0.000019
vn -0.628080 0.778149 -0.000019
vn -0.629095 0.777328 0.000014
vn -0.649189 0.760627 -0.000015
vn -0.649913 0.760009 0.000010
vn -0.669802 0.742540 -0.000011
vn -0.670253 0.742132 0.000006
vn -0.689927 0.723879 -0.000006
vn -0.690123 0.723692 0.000001
vn -0.709472 0.704734 -0.000001
vn -0.709529 0.704676 -0.000003
vn -0.728292 0.685267 0.000004
vn -0.728589 0.684951 -0.000008
vn -0.747115 0.664695 -0.000013
vn -0.746593 0.665281 0.000008
vn -0.764338 0.644815 0.000013
vn -0.765067 0.643951 -0.000017
vn -0.782442 0.622724 -0.000021
vn -0.781521 0.623879 0.000017
vn -0.799232 0.601023 -0.000026
vn -0.798134 0.602480 0.000021
vn -0.815414 0.578879 -0.000029
vn -0.814173 0.580623 0.000025
vn -0.845945 0.533269 -0.000074
vn -0.830992 0.556284 -0.000033
vn -0.829592 0.558370 0.000029
vn -0.844757 0.535151 0.000035
vn -0.860248 0.509876 -0.000163
vn -0.857283 0.514846 0.000057
vn -0.844414 0.535690 0.000000
vn -0.873921 0.486068 -0.000191
vn -0.868320 0.496004 0.000115
vn -0.886920 0.461924 -0.000153
vn -0.878915 0.476979 0.000109
vn -0.889033 0.457843 0.000035
vn -0.899262 0.437410 -0.000102
vn -0.898703 0.438558 -0.000040
vn -0.910921 0.412581 -0.000185
vn -0.907925 0.419133 0.000076
vn -0.921900 0.387427 -0.000193
vn -0.916702 0.399572 0.000120
vn -0.932180 0.361994 -0.000120
vn -0.925017 0.379924 0.000087
vn -0.932862 0.360234 -0.000029
vn -0.941761 0.336282 -0.000164
vn -0.940274 0.340418 0.000027
vn -0.950632 0.310319 -0.000208
vn -0.947239 0.320529 0.000112
vn -0.953755 0.300585 0.000108
vn -0.958789 0.284119 -0.000159
vn -0.959816 0.280631 0.000007
vn -0.965441 0.260622 -0.000009
vn -0.966220 0.257718 -0.000154
vn -0.970636 0.240554 0.000104
vn -0.972928 0.231108 -0.000218
vn -0.975392 0.220480 0.000113
vn -0.978900 0.204342 -0.000175
vn -0.979706 0.200441 0.000012
vn -0.983596 0.180383 -0.000012
vn -0.984139 0.177399 -0.000165
vn -0.987071 0.160286 0.000109
vn -0.988636 0.150327 -0.000229
vn -0.990114 0.140263 0.000110
vn -0.992387 0.123159 -0.000169
vn -0.992737 0.120304 -0.000020
vn -0.994958 0.100293 0.000018
vn -0.995393 0.095880 -0.000200
vn -0.996766 0.080356 0.000123
vn -0.997648 0.068545 -0.000239
vn -0.998169 0.060484 0.000087
vn -0.999153 0.041140 -0.000130
vn -0.999171 0.040720 -0.000104
vn -0.999734 0.023080 0.000054
vn -0.999906 0.013723 -0.000251
vn -0.999970 0.007690 0.000000
vn 0.705364 -0.022608 -0.708485
vn 0.706940 -0.037788 -0.706264
vn 0.705404 -0.007535 -0.708765
vn 0.707686 -0.026089 -0.706046
vn 0.708239 -0.014423 -0.705825
vn 0.707396 -0.008230 -0.706770
vn 0.707104 -0.003021 -0.707104
vn 0.000000 0.000000 -1.000000
vn 0.000000 0.000000 -1.000000
vn 0.000000 0.000000 -1.000000
vn 0.000000 0.000000 -1.000000
vn 0.000000 0.000000 -1.000000
vn 0.000000 0.000000 -1.000000
vn 0.000000 0.000000 -1.000000
vn 0.000000 0.000000 -1.000000
vn 0.000000 0.000000 -1.000000
vn 0.000000 0.000000 -1.000000
vn 0.000000 0.000000 -1.000000
vn 0.000000 0.000000 -1.000000
vn 0.000000 0.000000 -1.000000
vn 0.000000 0.000000 -1.000000
vn 0.000000 -0.000000 -1.000000
vn 0.000000 0.000000 -1.000000
vn 0.000000 -0.000000 -1.000000
vn 0.000000 -0.000000 -1.000000
vn 0.000000 -0.000000 -1.000000
vn 0.000000 -0.000000 -1.000000
vn 0.000000 -0.000000 -1.000000
vn 0.000000 -0.000000 -1.000000
vn 0.000000 -0.000000 -1.000000
vn 0.000000 -0.000000 -1.000000
vn 0.000000 -0.000000 -1.000000
vn 0.000000 0.000000 -1.000000
vn 0.000000 -0.000000 -1.000000
vn 0.000000 0.000000 -1.000000
vn 0.000000 -0.000000 -1.000000
vn 0.000000 0.000000 -1.000000
vn 0.000000 -0.000000 -1.000000
vn 0.000000 0.000000 -1.000000
vn 0.000000 0.000000 -1.000000
vn 0.000000 0.000000 -1.000000
vn 0.000000 0.000000 -1.000000
vn 0.000000 0.000000 -1.000000
vn 0.000000 0.000000 -1.000000
vn 0.000000 0.000000 -1.000000
vn 0.000000 0.000000 -1.000000
vn 0.000000 0.000000 -1.000000
vn 0.000000 0.000000 -1.000000
vn 0.000000 0.000000 -1.000000
vn 0.000000 0.000000 -1.000000
vn 0.000000 0.000000 -1.000000
vn 0.000000 0.000000 -1.000000
vn 0.000000 0.000000 -1.000000
vn 0.000000 0.000000 -1.000000
vn 0.000000 0.000000 -1.000000
vn 0.000000 0.000000 -1.000000
vn 0.000000 0.000000 -1.000000
vn 0.000000 0.000000 -1.000000
vn 0.000000 0.000000 -1.000000
vn 0.000000 0.000000 -1.000000
vn 0.000000 0.000000 -1.000000
vn 0.000000 0.000000 -1.000000
vn 0.000000 0.000000 -1.000000
vn 0.000000 0.000000 -1.000000
vn 0.000000 0.000000 -1.000000
vn 0.000000 0.000000 -1.000000
vn 0.000000 0.000000 -1.000000
vn 0.000000 0.000000 -1.000000
vn 0.000000 0.000000 -1.000000
vn 0.000000 0.000000 -1.000000
vn 0.000000 0.000000 -1.000000
vn 0.000000 0.000000 -1.000000
vn 0.000000 0.000000 -1.000000
vn 0.000000 0.000000 -1.000000
vn 0.000000 0.000000 -1.000000
vn 0.000000 0.000000 -1.000000
vn 0.000000 -0.000000 -1.000000
vn 0.000000 0.000000 -1.000000
vn 0.000000 -0.000000 -1.000000
vn 0.000000 0.000000 -1.000000
vn 0.000000 0.000000 -1.000000
vn 0.000000 -0.000000 -1.000000
vn 0.000000 0.000000 -1.000000
vn 0.000000 0.000000 -1.000000
vn 0.000000 -0.000000 -1.000000
vn 0.000000 0.000000 -1.000000
vn 0.000000 0.000000 -1.000000
vn 0.000000 -0.000000 -1.000000
vn 0.000000 0.000000 -1.000000
vn 0.000000 0.000000 -1.000000
vn 0.000000 -0.000000 -1.000000
vn 0.000000 0.000000 -1.000000
vn 0.000000 0.000000 -1.000000
vn 0.000000 -0.000000 -1.000000
vn 0.000000 0.000000 -1.000000
vn 0.000000 -0.000000 -1.000000
vn 0.000000 0.000000 -1.000000
vn 0.000000 0.000000 -1.000000
vn 0.000000 -0.000000 -1.000000
vn 0.000000 0.000000 -1.000000
vn 0.000000 -0.000000 -1.000000
vn 0.000000 0.000000 -1.000000
vn 0.000000 0.000000 -1.000000
vn 0.000000 -0.000000 -1.000000
vn 0.000000 0.000000 -1.000000
vn 0.000000 -0.000000 -1.000000
vn 0.000000 0.000000 -1.000000
vn 0.000000 -0.000000 -1.000000
vn 0.000000 0.000000 -1.000000
vn 0.000000 0.000000 -1.000000
vn 0.000000 -0.000000 -1.000000
vn 0.000000 0.000000 -1.000000
vn 0.000000 0.000000 -1.000000
vn 0.000000 -0.000000 -1.000000
vn 0.000000 0.000000 -1.000000
vn 0.000000 -0.000000 -1.000000
vn 0.000000 0.000000 -1.000000
vn 0.000000 0.000000 -1.000000
vn 0.000000 -0.000000 -1.000000
vn 0.000000 0.000000 -1.000000
vn 0.000000 -0.000000 -1.000000
vn 0.000000 0.000000 -1.000000
vn 0.000000 0.000000 -1.000000
vn 0.000000 -0.000000 -1.000000
vn 0.000000 0.000000 -1.000000
vn 0.000000 -0.000000 -1.000000
vn 0.000000 0.000000 -1.000000
vn 0.000000 -0.000000 -1.000000
vn 0.000000 0.000000 -1.000000
vn 0.000000 0.000000 -1.000000
vn 0.000000 -0.000000 -1.000000
vn 0.000000 0.000000 -1.000000
vn 0.000000 -0.000000 -1.000000
vn 0.000000 0.000000 -1.000000
vn 0.000000 0.000000 -1.000000
vn 0.000000 -0.000000 -1.000000
vn 0.000000 0.000000 -1.000000
vn 0.000000 -0.000000 -1.000000
vn 0.000000 0.000000 -1.000000
vn 0.000000 0.000000 -1.000000
vn 0.000000 -0.000000 -1.000000
vn 0.000000 0.000000 -1.000000
vn 0.000000 -0.000000 -1.000000
vn 0.000000 0.000000 -1.000000
vn 0.000000 0.000000 -1.000000
vn 0.000000 -0.000000 -1.000000
vn 0.000000 0.000000 -1.000000
vn 0.000000 -0.000000 -1.000000
vn 0.000000 0.000000 -1.000000
vn 0.000000 0.000000 -1.000000
vn 0.000000 0.000000 -1.000000
vn 0.000000 -0.000000 -1.000000
vn 0.000000 0.000000 -1.000000
vn 0.000000 0.000000 -1.000000
vn 0.000000 0.000000 -1.000000
vn 0.000000 0.000000 -1.000000
vn 0.000000 0.000000 -1.000000
vn 0.000000 0.000000 -1.000000
vn 0.000000 0.000000 -1.000000
vn 0.000000 0.000000 -1.000000
vn 0.000000 0.000000 -1.000000
vn 0.000000 0.000000 -1.000000
vn 0.000000 0.000000 -1.000000
vn 0.000000 0.000000 -1.000000
vn 0.000000 0.000000 -1.000000
vn 0.000000 0.000000 -1.000000
vn 0.000000 0.000000 -1.000000
vn 0.000000 0.000000 -1.000000
vn 0.000000 0.000000 -1.000000
vn 0.000000 0.000000 -1.000000
vn 0.000000 0.000000 -1.000000
vn 0.000000 0.000000 -1.000000
vn 0.000000 0.000000 -1.000000
vn 0.000000 0.000000 -1.000000
vn 0.000000 0.000000 -1.000000
vn 0.000000 0.000000 -1.000000
vn 0.000000 0.000000 -1.000000
vn 0.000000 0.000000 -1.000000
vn 0.000000 0.000000 -1.000000
vn 0.000000 0.000000 -1.000000
vn 0.000000 0.000000 -1.000000
vn 0.000000 0.000000 -1.000000
vn 0.000000 0.000000 -1.000000
vn 0.000000 0.000000 -1.000000
vn 0.000000 0.000000 -1.000000
vn 0.000000 0.000000 -1.000000
vn 0.000000 0.000000 -1.000000
vn 0.000000 0.000000 -1.000000
vn 0.000000 0.000000 -1.000000
vn 0.000000 0.000000 -1.000000
vn 0.000000 0.000000 -1.000000
vn 0.000000 0.000000 -1.000000
vn 0.000000 0.000000 -1.000000
vn 0.000000 0.000000 -1.000000
vn 0.000000 0.000000 -1.000000
vn 0.000000 0.000000 -1.000000
vn 0.000000 0.000000 -1.000000
vn 0.000000 0.000000 -1.000000
vn 0.000000 0.000000 -1.000000
vn 0.000000 0.000000 -1.000000
vn 0.000000 0.000000 -1.000000
vn 0.000000 0.000000 -1.000000
vn 0.000000 0.000000 -1.000000
vn 0.000000 0.000000 -1.000000
vn 0.000000 0.000000 -1.000000
vn 0.000000 0.000000 -1.000000
vn 0.000000 0.000000 -1.000000
vn 0.000000 0.000000 -1.000000
vn 0.000000 0.000000 -1.000000
vn 0.000000 0.000000 -1.000000
vn 0.000000 0.000000 -1.000000
vn 0.000000 0.000000 -1.000000
vn 0.000000 0.000000 -1.000000
vn 0.000000 0.000000 -1.000000
vn 0.000000 0.000000 -1.000000
vn 0.000000 0.000000 -1.000000
vn 0.000000 0.000000 -1.000000
vn 0.000000 0.000000 -1.000000
vn 0.000000 0.000000 -1.000000
vn 0.000000 0.000000 -1.000000
vn 0.000000 0.000000 -1.000000
vn 0.000000 0.000000 -1.000000
vn 0.000000 0.000000 -1.000000
vn 0.000000 0.000000 -1.000000
vn 0.000000 0.000000 -1.000000
vn 0.000000 0.000000 -1.000000
vn 0.000000 0.000000 -1.000000
vn 0.000000 0.000000 -1.000000
vn 0.000000 0.000000 -1.000000
vn 0.000000 0.000000 -1.000000
vn 0.000000 0.000000 -1.000000
vn 0.000000 0.000000 -1.000000
vn 0.000000 0.000000 -1.000000
vn 0.000000 0.000000 -1.000000
vn 0.000000 0.000000 -1.000000
vn 0.000000 0.000000 -1.000000
vn 0.000000 0.000000 -1.000000
vn 0.000000 0.000000 -1.000000
vn 0.000000 0.000000 -1.000000
vn 0.000000 0.000000 -1.000000
vn 0.000000 0.000000 -1.000000
vn 0.000000 0.000000 -1.000000
vn 0.000000 0.000000 -1.000000
vn 0.000000 0.000000 -1.000000
vn 0.000000 0.000000 -1.000000
vn 0.000000 0.000000 -1.000000
vn 0.000000 0.000000 -1.000000
vn 0.000000 0.000000 -1.000000
vn 0.000000 0.000000 -1.000000
vn 0.000000 0.000000 -1.000000
vn 0.000000 0.000000 -1.000000
vn 0.000000 0.000000 -1.000000
vn 0.000000 0.000000 -1.000000
vn 0.000000 0.000000 -1.000000
vn 0.000000 0.000000 -1.000000
vn 0.000000 0.000000 -1.000000
vn 0.000000 0.000000 -1.000000
vn 0.000000 0.000000 -1.000000
vn 0.000000 0.000000 -1.000000
vn 0.000000 0.000000 -1.000000
vn 0.000000 0.000000 -1.000000
vn 0.000000 0.000000 -1.000000
vn 0.000000 -0.000000 -1.000000
vn 0.000000 0.000000 -1.000000
vn 0.000000 -0.000000 -1.000000
vn 0.000000 -0.000000 -1.000000
vn 0.000000 0.000000 -1.000000
vn 0.000000 0.000000 -1.000000
vn 0.000000 0.000000 -1.000000
vn 0.000000 0.000000 -1.000000
vn 0.000000 -0.000000 -1.000000
vn 0.000000 0.000000 -1.000000
vn 0.000000 -0.000000 -1.000000
vn 0.000000 0.000000 -1.000000
vn 0.000000 0.000000 -1.000000
vn 0.000000 -0.000000 -1.000000
vn 0.000000 0.000000 -1.000000
vn 0.000000 0.000000 -1.000000
vn 0.000000 -0.000000 -1.000000
vn 0.000000 0.000000 -1.000000
vn 0.000000 0.000000 -1.000000
vn 0.000000 -0.000000 -1.000000
vn 0.000000 0.000000 -1.000000
vn 0.000000 0.000000 -1.000000
vn 0.000000 0.000000 -1.000000
vn 0.000000 0.000000 -1.000000
vn 0.000000 0.000000 -1.000000
vn 0.000000 0.000000 -1.000000
vn 0.000000 0.000000 -1.000000
vn 0.000000 0.000000 -1.000000
vn 0.000000 0.000000 -1.000000
vn 0.000000 0.000000 -1.000000
vn 0.000000 0.000000 -1.000000
vn 0.000000 0.000000 -1.000000
vn 0.000000 0.000000 -1.000000
vn 0.000000 0.000000 -1.000000
vn 0.000000 0.000000 -1.000000
vn 0.000000 0.000000 -1.000000
vn 0.000000 0.000000 -1.000000
vn 0.000000 0.000000 -1.000000
vn 0.000000 0.000000 -1.000000
vn 0.000000 0.000000 -1.000000
vn 0.000000 0.000000 -1.000000
vn 0.000000 0.000000 -1.000000
vn 0.000000 0.000000 -1.000000
vn 0.000000 0.000000 -1.000000
vn 0.000000 0.000000 -1.000000
vn 0.000000 0.000000 -1.000000
vn 0.000000 0.000000 -1.000000
vn 0.000000 0.000000 -1.000000
vn 0.000000 0.000000 -1.000000
vn 0.000000 0.000000 -1.000000
vn 0.000000 0.000000 -1.000000
vn 0.000000 0.000000 -1.000000
vn 0.000000 0.000000 -1.000000
vn 0.000000 0.000000 -1.000000
vn 0.000000 0.000000 -1.000000
vn 0.000000 0.000000 -1.000000
vn 0.000000 0.000000 -1.000000
vn 0.000000 0.000000 -1.000000
vn 0.000000 0.000000 -1.000000
vn 0.000000 0.000000 -1.000000
vn 0.000000 0.000000 -1.000000
vn 0.000000 0.000000 -1.000000
vn 0.000000 0.000000 -1.000000
vn 0.000000 0.000000 -1.000000
vn 0.000000 0.000000 -1.000000
vn 0.000000 0.000000 -1.000000
vn 0.000000 0.000000 -1.000000
vn 0.000000 0.000000 -1.000000
vn 0.000000 0.000000 -1.000000
vn 0.000000 0.000000 -1.000000
vn 0.000000 0.000000 -1.000000
vn 0.000000 0.000000 -1.000000
vn 0.000000 0.000000 -1.000000
vn 0.000000 0.000000 -1.000000
vn 0.000000 0.000000 -1.000000
vn 0.000000 0.000000 -1.000000
vn 0.000000 0.000000 -1.000000
vn 0.000000 0.000000 -1.000000
vn 0.000000 0.000000 -1.000000
vn 0.000000 0.000000 -1.000000
vn 0.000000 0.000000 -1.000000
vn 0.000000 0.000000 -1.000000
vn 0.000000 0.000000 -1.000000
vn 0.000000 0.000000 -1.000000
vn 0.000000 0.000000 -1.000000
vn 0.000000 0.000000 -1.000000
vn 0.000000 0.000000 -1.000000
vn 0.000000 0.000000 -1.000000
vn 0.000000 0.000000 -1.000000
vn 0.000000 0.000000 -1.000000
vn 0.000000 0.000000 -1.000000
vn 0.000000 0.000000 -1.000000
vn 0.000000 0.000000 -1.000000
vn 0.000000 0.000000 -1.000000
vn 0.000000 0.000000 -1.000000
vn 0.000000 0.000000 -1.000000
vn 0.000000 0.000000 -1.000000
vn 0.000000 0.000000 -1.000000
vn 0.000000 0.000000 -1.000000
vn 0.000000 0.000000 -1.000000
vn 0.000000 0.000000 -1.000000
vn 0.000000 0.000000 -1.000000
vn 0.000000 0.000000 -1.000000
vn 0.000000 0.000000 -1.000000
vn 0.000000 0.000000 -1.000000
vn 0.000000 0.000000 -1.000000
vn 0.000000 0.000000 -1.000000
vn 0.000000 0.000000 -1.000000
vn 0.000000 0.000000 -1.000000
vn 0.000000 0.000000 -1.000000
vn 0.000000 0.000000 -1.000000
vn 0.000000 0.000000 -1.000000
vn 0.000000 0.000000 -1.000000
vn 0.000000 0.000000 -1.000000
vn 0.000000 0.000000 -1.000000
vn 0.000000 0.000000 -1.000000
vn 0.000000 0.000000 -1.000000
vn 0.000000 0.000000 -1.000000
vn 0.000000 0.000000 -1.000000
vn 0.000000 0.000000 -1.000000
vn 0.000000 0.000000 -1.000000
vn 0.000000 0.000000 -1.000000
vn 0.000000 0.000000 -1.000000
vn 0.000000 0.000000 -1.000000
vn 0.000000 0.000000 -1.000000
vn 0.000000 0.000000 -1.000000
vn 0.000000 0.000000 -1.000000
vn 0.000000 0.000000 -1.000000
vn 0.000000 0.000000 -1.000000
vn 0.000000 0.000000 -1.000000
vn 0.000000 0.000000 -1.000000
vn 0.000000 0.000000 -1.000000
vn 0.000000 -0.000000 -1.000000
vn 0.000000 0.000000 -1.000000
vn 0.000000 0.000000 -1.000000
vn 0.000000 0.000000 -1.000000
vn 0.000000 0.000000 -1.000000
vn 0.000000 0.000000 -1.000000
vn 0.000000 0.000000 -1.000000
vn 0.000000 0.000000 -1.000000
vn 0.000000 0.000000 -1.000000
vn 0.000000 0.000000 -1.000000
vn 0.000000 0.000000 -1.000000
vn 0.000000 0.000000 -1.000000
vn 0.000000 0.000000 -1.000000
vn 0.000000 0.000000 -1.000000
vn 0.000000 0.000000 -1.000000
vn 0.000000 0.000000 -1.000000
vn 0.000000 0.000000 -1.000000
vn 0.000000 0.000000 -1.000000
vn 0.000000 0.000000 -1.000000
vn 0.000000 0.000000 -1.000000
vn 0.000000 0.000000 -1.000000
vn 0.000000 0.000000 -1.000000
vn 0.000000 0.000000 -1.000000
vn 0.000000 0.000000 -1.000000
vn 0.000000 0.000000 -1.000000
vn 0.000000 0.000000 -1.000000
vn 0.000000 0.000000 -1.000000
vn 0.000000 0.000000 -1.000000
vn 0.000000 0.000000 -1.000000
vn 0.000000 0.000000 -1.000000
vn 0.000000 0.000000 -1.000000
vn 0.000000 0.000000 -1.000000
vn 0.000000 0.000000 -1.000000
vn 0.000000 0.000000 -1.000000
vn 0.000000 0.000000 -1.000000
vn 0.000000 0.000000 -1.000000
vn 0.000000 0.000000 -1.000000
vn 0.000000 0.000000 -1.000000
vn 0.000000 0.000000 -1.000000
vn 0.000000 0.000000 -1.000000
vn 0.000000 -0.000000 -1.000000
vn 0.000000 -0.000000 -1.000000
vn 0.000000 -0.000000 -1.000000
vn 0.000000 -0.000000 -1.000000
vn 0.000000 -0.000000 -1.000000
vn 0.000000 -0.000000 -1.000000
vn 0.000000 -0.000000 -1.000000
vn 0.000000 -0.000000 -1.000000
vn 0.000000 -0.000000 -1.000000
vn 0.000000 -0.000000 -1.000000
vn 0.000000 -0.000000 -1.000000
vn 0.000000 -0.000000 -1.000000
vn 0.000000 -0.000000 -1.000000
vn 0.000000 -0.000000 -1.000000
vn 0.000000 -0.000000 -1.000000
vn 0.000000 -0.000000 -1.000000
vn 0.000000 0.000000 -1.000000
vn 0.000000 0.000000 -1.000000
vn 0.000000 0.000000 -1.000000
vn 0.000000 0.000000 -1.000000
vn 0.000000 0.000000 -1.000000
vn 0.000000 0.000000 -1.000000
vn 0.000000 0.000000 -1.000000
vn 0.000000 0.000000 -1.000000
vn 0.000000 0.000000 -1.000000
vn 0.000000 0.000000 -1.000000
vn 0.000000 0.000000 -1.000000
vn 0.000000 0.000000 -1.000000
vn 0.000000 0.000000 -1.000000
vn 0.000000 0.000000 -1.000000
vn 0.000000 0.000000 -1.000000
vn 0.000000 0.000000 -1.000000
vn 0.000000 0.000000 -1.000000
vn 0.000000 0.000000 -1.000000
vn 0.000000 0.000000 -1.000000
vn 0.000000 0.000000 -1.000000
vn 0.000000 0.000000 -1.000000
vn 0.000000 0.000000 -1.000000
vn 0.000000 0.000000 -1.000000
vn 0.000000 0.000000 -1.000000
vn 0.000000 -0.000000 -1.000000
vn 0.000000 0.000000 -1.000000
vn 0.000000 0.000000 -1.000000
vn 0.000000 0.000000 -1.000000
vn 0.000000 -0.000000 -1.000000
vn 0.000000 0.000000 -1.000000
vn 0.000000 -0.000000 -1.000000
vn 0.000000 0.000000 -1.000000
vn 0.000000 0.000000 -1.000000
vn 0.000000 0.000000 -1.000000
vn 0.000000 -0.000000 -1.000000
vn 0.000000 0.000000 -1.000000
vn 0.000000 0.000000 -1.000000
vn 0.000000 -0.000000 -1.000000
vn 0.000000 0.000000 -1.000000
vn 0.000000 0.000000 -1.000000
vn 0.000000 -0.000000 -1.000000
vn 0.000000 0.000000 -1.000000
vn 0.000000 0.000000 -1.000000
vn 0.000000 -0.000000 -1.000000
vn 0.000000 0.000000 -1.000000
vn 0.000000 0.000000 -1.000000
vn 0.000000 0.000000 -1.000000
vn 0.000000 -0.000000 -1.000000
vn 0.000000 0.000000 -1.000000
vn 0.000000 -0.000000 -1.000000
vn 0.000000 0.000000 -1.000000
vn 0.000000 0.000000 -1.000000
vn 0.000000 0.000000 -1.000000
vn 0.000000 -0.000000 -1.000000
vn 0.000000 0.000000 -1.000000
vn 0.000000 0.000000 -1.000000
vn 0.000000 0.000000 -1.000000
vn 0.000000 -0.000000 -1.000000
vn 0.000000 0.000000 -1.000000
vn 0.000000 -0.000000 -1.000000
vn 0.000000 0.000000 -1.000000
vn 0.000000 0.000000 -1.000000
vn 0.000000 0.000000 -1.000000
vn 0.000000 -0.000000 -1.000000
vn 0.000000 0.000000 -1.000000
vn 0.000000 0.000000 -1.000000
vn 0.000000 -0.000000 -1.000000
vn 0.000000 0.000000 -1.000000
vn 0.000000 0.000000 -1.000000
vn 0.000000 0.000000 -1.000000
vn 0.000000 -0.000000 -1.000000
vn 0.000000 0.000000 -1.000000
vn 0.000000 -0.000000 -1.000000
vn 0.000000 0.000000 -1.000000
vn 0.000000 0.000000 -1.000000
vn 0.000000 -0.000000 -1.000000
vn 0.000000 0.000000 -1.000000
vn 0.000000 -0.000000 -1.000000
vn 0.000000 0.000000 -1.000000
vn 0.000000 0.000000 -1.000000
vn 0.000000 -0.000000 -1.000000
vn 0.000000 0.000000 -1.000000
vn 0.000000 -0.000000 -1.000000
vn 0.000000 0.000000 -1.000000
vn 0.000000 0.000000 -1.000000
vn 0.000000 -0.000000 -1.000000
vn 0.000000 0.000000 -1.000000
vn 0.000000 -0.000000 -1.000000
vn 0.000000 0.000000 -1.000000
vn 0.000000 0.000000 -1.000000
vn 0.000000 -0.000000 -1.000000
vn 0.000000 0.000000 -1.000000
vn 0.000000 -0.000000 -1.000000
vn 0.000000 0.000000 -1.000000
vn 0.000000 0.000000 -1.000000
vn 0.000000 -0.000000 -1.000000
vn 0.000000 0.000000 -1.000000
vn 0.000000 -0.000000 -1.000000
vn 0.000000 0.000000 -1.000000
vn 0.000000 0.000000 -1.000000
vn 0.000000 -0.000000 -1.000000
vn 0.000000 0.000000 -1.000000
vn 0.000000 -0.000000 -1.000000
vn 0.000000 0.000000 -1.000000
vn 0.000000 0.000000 -1.000000
vn 0.000000 -0.000000 -1.000000
vn 0.000000 0.000000 -1.000000
vn 0.000000 0.000000 -1.000000
vn 0.000000 0.000000 -1.000000
vn 0.000000 0.000000 -1.000000
vn 0.000000 0.000000 -1.000000
vn 0.000000 0.000000 -1.000000
vn 0.000000 0.000000 -1.000000
vn 0.000000 0.000000 -1.000000
vn 0.000000 0.000000 -1.000000
vn 0.000000 0.000000 -1.000000
vn 0.000000 0.000000 -1.000000
vn 0.000000 0.000000 -1.000000
vn 0.000000 0.000000 -1.000000
vn 0.000000 0.000000 -1.000000
vn 0.000000 0.000000 -1.000000
vn 0.000000 0.000000 -1.000000
vn 0.000000 0.000000 -1.000000
vn 0.000000 0.000000 -1.000000
vn 0.000000 0.000000 -1.000000
vn 0.000000 0.000000 -1.000000
vn 0.000000 0.000000 -1.000000
vn 0.000000 0.000000 -1.000000
vn 0.000000 0.000000 -1.000000
vn 0.000000 0.000000 -1.000000
vn 0.000000 0.000000 -1.000000
vn 0.000000 0.000000 -1.000000
vn 0.000000 0.000000 -1.000000
vn 0.000000 0.000000 -1.000000
vn 0.000000 0.000000 -1.000000
vn 0.000000 0.000000 -1.000000
vn 0.000000 0.000000 -1.000000
vn 0.000000 0.000000 -1.000000
vn 0.000000 0.000000 -1.000000
vn 0.000000 0.000000 -1.000000
vn 0.000000 0.000000 -1.000000
vn 0.000000 0.000000 -1.000000
vn 0.000000 0.000000 -1.000000
vn 0.000000 0.000000 -1.000000
vn 0.000000 0.000000 -1.000000
vn 0.000000 0.000000 -1.000000
vn 0.000000 0.000000 -1.000000
vn 0.000000 0.000000 -1.000000
vn 0.000000 0.000000 -1.000000
vn 0.000000 0.000000 -1.000000
vn 0.000000 0.000000 -1.000000
vn 0.000000 0.000000 -1.000000
vn 0.000000 0.000000 -1.000000
vn 0.000000 0.000000 -1.000000
vn 0.000000 0.000000 -1.000000
vn 0.000000 0.000000 -1.000000
vn 0.000000 0.000000 -1.000000
vn 0.000000 0.000000 -1.000000
vn 0.000000 0.000000 -1.000000
vn 0.000000 0.000000 -1.000000
vn 0.000000 0.000000 -1.000000
vn 0.000000 0.000000 -1.000000
vn 0.000000 0.000000 -1.000000
vn 0.000000 0.000000 -1.000000
vn 0.000000 0.000000 -1.000000
vn 0.000000 0.000000 -1.000000
vn 0.000000 0.000000 -1.000000
vn 0.000000 0.000000 -1.000000
vn 0.000000 0.000000 -1.000000
vn 0.000000 0.000000 -1.000000
vn 0.000000 0.000000 -1.000000
vn 0.000000 0.000000 -1.000000
vn 0.000000 0.000000 -1.000000
vn 0.000000 0.000000 -1.000000
vn 0.000000 0.000000 -1.000000
vn 0.000000 0.000000 -1.000000
vn 0.000000 0.000000 -1.000000
vn 0.000000 0.000000 -1.000000
vn 0.000000 0.000000 -1.000000
vn 0.000000 0.000000 -1.000000
vn 0.000000 0.000000 -1.000000
vn 0.000000 0.000000 -1.000000
vn 0.000000 0.000000 -1.000000
vn 0.000000 0.000000 -1.000000
vn 0.000000 0.000000 -1.000000
vn 0.000000 0.000000 -1.000000
vn 0.000000 0.000000 -1.000000
vn 0.000000 0.000000 -1.000000
vn 0.000000 0.000000 -1.000000
vn 0.000000 0.000000 -1.000000
vn 0.000000 0.000000 -1.000000
vn 0.000000 0.000000 -1.000000
vn 0.000000 0.000000 -1.000000
vn 0.000000 0.000000 -1.000000
vn 0.000000 0.000000 -1.000000
vn 0.000000 0.000000 -1.000000
vn 0.000000 0.000000 -1.000000
vn 0.000000 -0.000000 -1.000000
vn 0.000000 0.000000 -1.000000
vn 0.000000 0.000000 -1.000000
vn 0.000000 0.000000 -1.000000
vn 0.000000 0.000000 -1.000000
vn 0.000000 0.000000 -1.000000
vn 0.000000 -0.000000 -1.000000
vn 0.000000 0.000000 -1.000000
vn 0.000000 0.000000 -1.000000
vn 0.000000 0.000000 -1.000000
vn 0.000000 -0.000000 -1.000000
vn 0.000000 0.000000 -1.000000
vn 0.000000 0.000000 -1.000000
vn 0.000000 0.000000 -1.000000
vn 0.000000 0.000000 -1.000000
vn 0.000000 -0.000000 -1.000000
vn 0.000000 0.000000 -1.000000
vn 0.000000 0.000000 -1.000000
vn 0.000000 0.000000 -1.000000
vn 0.000000 0.000000 -1.000000
vn 0.000000 0.000000 -1.000000
vn 0.000000 0.000000 -1.000000
vn 0.000000 -0.000000 -1.000000
vn 0.000000 0.000000 -1.000000
vn 0.000000 0.000000 -1.000000
vn 0.000000 0.000000 -1.000000
vn 0.000000 0.000000 -1.000000
vn 0.000000 -0.000000 -1.000000
vn 0.000000 0.000000 -1.000000
vn 0.000000 0.000000 -1.000000
vn 0.000000 -0.000000 -1.000000
vn 0.000000 -0.000000 -1.000000
vn 0.000000 0.000000 -1.000000
vn 0.000000 0.000000 -1.000000
vn 0.000000 -0.000000 -1.000000
vn 0.000000 0.000000 -1.000000
vn 0.000000 -0.000000 -1.000000
vn 0.000000 -0.000000 -1.000000
vn 0.000000 -0.000000 -1.000000
vn 0.000000 0.000000 -1.000000
vn 0.000000 0.000000 -1.000000
vn 0.000000 -0.000000 -1.000000
vn 0.000000 -0.000000 -1.000000
vn 0.000000 0.000000 -1.000000
vn 0.000000 0.000000 -1.000000
vn 0.000000 -0.000000 -1.000000
vn 0.000000 -0.000000 -1.000000
vn 0.000000 0.000000 -1.000000
vn 0.000000 0.000000 -1.000000
vn 0.000000 -0.000000 -1.000000
vn 0.000000 0.000000 -1.000000
vn 0.000000 0.000000 -1.000000
vn 0.000000 -0.000000 -1.000000
vn 0.000000 -0.000000 -1.000000
vn 0.000000 -0.000000 -1.000000
vn 0.000000 0.000000 -1.000000
vn 0.000000 0.000000 -1.000000
vn 0.000000 -0.000000 -1.000000
vn 0.000000 0.000000 -1.000000
vn 0.000000 0.000000 -1.000000
vn 0.000000 -0.000000 -1.000000
vn 0.000000 -0.000000 -1.000000
vn 0.000000 -0.000000 -1.000000
vn 0.000000 0.000000 -1.000000
vn 0.000000 0.000000 -1.000000
vn 0.000000 -0.000000 -1.000000
vn 0.000000 -0.000000 -1.000000
vn 0.000000 0.000000 -1.000000
vn 0.000000 -0.000000 -1.000000
vn 0.000000 -0.000000 -1.000000
vn 0.000000 0.000000 -1.000000
vn 0.000000 0.000000 -1.000000
vn 0.000000 -0.000000 -1.000000
vn 0.000000 0.000000 -1.000000
vn 0.000000 0.000000 -1.000000
vn 0.000000 -0.000000 -1.000000
vn 0.000000 -0.000000 -1.000000
vn 0.000000 -0.000000 -1.000000
vn 0.000000 0.000000 -1.000000
vn 0.000000 0.000000 -1.000000
vn 0.000000 -0.000000 -1.000000
vn 0.000000 0.000000 -1.000000
vn 0.000000 0.000000 -1.000000
vn 0.000000 -0.000000 -1.000000
vn 0.000000 -0.000000 -1.000000
vn 0.000000 -0.000000 -1.000000
vn 0.000000 0.000000 -1.000000
vn 0.000000 0.000000 -1.000000
vn 0.000000 -0.000000 -1.000000
vn 0.000000 0.000000 -1.000000
vn 0.000000 0.000000 -1.000000
vn 0.000000 -0.000000 -1.000000
vn 0.000000 -0.000000 -1.000000
vn 0.000000 -0.000000 -1.000000
vn 0.000000 0.000000 -1.000000
vn 0.000000 0.000000 -1.000000
vn 0.000000 -0.000000 -1.000000
vn 0.000000 -0.000000 -1.000000
vn 0.000000 0.000000 -1.000000
vn 0.000000 0.000000 -1.000000
vn 0.000000 -0.000000 -1.000000
vn 0.000000 -0.000000 -1.000000
vn 0.000000 0.000000 -1.000000
vn 0.000000 0.000000 -1.000000
vn 0.000000 -0.000000 -1.000000
vn 0.000000 -0.000000 -1.000000
vn 0.000000 0.000000 -1.000000
vn 0.000000 0.000000 -1.000000
vn 0.000000 -0.000000 -1.000000
vn 0.000000 0.000000 -1.000000
vn 0.000000 0.000000 -1.000000
vn 0.000000 -0.000000 -1.000000
vn 0.000000 -0.000000 -1.000000
vn 0.000000 -0.000000 -1.000000
vn 0.000000 0.000000 -1.000000
vn 0.000000 0.000000 -1.000000
vn 0.000000 -0.000000 -1.000000
vn 0.000000 -0.000000 -1.000000
vn 0.000000 0.000000 -1.000000
vn 0.000000 0.000000 -1.000000
vn 0.000000 0.000000 -1.000000
vn 0.000000 0.000000 -1.000000
vn 0.000000 0.000000 -1.000000
vn 0.000000 0.000000 -1.000000
vn 0.000000 0.000000 -1.000000
vn 0.000000 0.000000 -1.000000
vn 0.000000 0.000000 -1.000000
vn 0.000000 0.000000 -1.000000
vn 0.000000 0.000000 -1.000000
vn 0.000000 0.000000 -1.000000
vn 0.000000 0.000000 -1.000000
vn 0.000000 0.000000 -1.000000
vn 0.000000 0.000000 -1.000000
vn 0.000000 0.000000 -1.000000
vn 0.000000 0.000000 -1.000000
vn 0.000000 0.000000 -1.000000
vn 0.000000 0.000000 -1.000000
vn 0.000000 0.000000 -1.000000
vn 0.000000 0.000000 -1.000000
vn 0.000000 0.000000 -1.000000
vn 0.000000 0.000000 -1.000000
vn 0.000000 0.000000 -1.000000
vn 0.000000 0.000000 -1.000000
vn 0.000000 0.000000 -1.000000
vn 0.000000 0.000000 -1.000000
vn 0.000000 0.000000 -1.000000
vn 0.000000 0.000000 -1.000000
vn 0.000000 0.000000 -1.000000
vn 0.000000 0.000000 -1.000000
vn 0.000000 0.000000 -1.000000
vn 0.000000 0.000000 -1.000000
vn 0.000000 0.000000 -1.000000
vn 0.000000 0.000000 -1.000000
vn 0.000000 0.000000 -1.000000
vn 0.000000 0.000000 -1.000000
vn 0.000000 0.000000 -1.000000
vn 0.000000 0.000000 -1.000000
vn 0.000000 0.000000 -1.000000
vn 0.000000 0.000000 -1.000000
vn 0.000000 0.000000 -1.000000
vn 0.000000 0.000000 -1.000000
vn 0.000000 0.000000 -1.000000
vn 0.000000 0.000000 -1.000000
vn 0.000000 0.000000 -1.000000
vn 0.000000 0.000000 -1.000000
vn 0.000000 0.000000 -1.000000
vn 0.000000 0.000000 -1.000000
vn 0.000000 0.000000 -1.000000
vn 0.000000 0.000000 -1.000000
vn 0.000000 0.000000 -1.000000
vn 0.000000 0.000000 -1.000000
vn 0.000000 0.000000 -1.000000
vn 0.000000 0.000000 -1.000000
vn 0.000000 0.000000 -1.000000
vn 0.000000 0.000000 -1.000000
vn 0.000000 0.000000 -1.000000
vn 0.000000 0.000000 -1.000000
vn 0.000000 0.000000 -1.000000
vn 0.000000 0.000000 -1.000000
vn 0.000000 0.000000 -1.000000
vn 0.000000 0.000000 -1.000000
vn 0.000000 0.000000 -1.000000
vn 0.000000 0.000000 -1.000000
vn 0.000000 0.000000 -1.000000
vn 0.000000 1.000000 0.000000
vn 0.000000 1.000000 0.000000
vn -0.000000 0.707109 -0.707105
vn 0.000000 0.707112 -0.707101
vn 0.000000 0.707108 -0.707106
vn -0.000000 0.707103 -0.707111
vn 0.000000 0.707106 -0.707108
vn 0.000000 0.707104 -0.707110
vn -0.000000 0.707104 -0.707110
vn 0.000000 0.707109 -0.707104
vn -0.000000 0.707105 -0.707108
vn -0.000000 0.707107 -0.707107
vn 0.000000 0.707109 -0.707105
vn -0.000000 0.707104 -0.707110
vn 0.000000 0.707108 -0.707105
vn 0.000000 0.707105 -0.707108
vn 0.000000 0.707109 -0.707104
vn 0.000000 0.707106 -0.707107
vn 0.000000 0.707105 -0.707108
vn 0.000000 0.707109 -0.707105
vn 0.000000 0.707106 -0.707107
vn 0.000000 0.707109 -0.707105
vn 0.000000 0.000000 -1.000000
vn 0.000000 0.000000 -1.000000
vn 0.000000 0.000000 -1.000000
vn 0.000000 0.000000 -1.000000
vn 0.000000 0.000000 -1.000000
vn 0.000000 0.000000 -1.000000
vn 0.000000 0.000000 -1.000000
vn 0.000000 0.000000 -1.000000
vn 0.000000 0.000000 -1.000000
vn 0.000000 0.000000 -1.000000
vn 0.000000 0.000000 -1.000000
vn 0.000000 0.000000 -1.000000
vn 0.000000 0.000000 -1.000000
vn 0.000000 0.000000 -1.000000
vn 0.000000 0.000000 -1.000000
vn 0.000000 0.000000 -1.000000
vn 0.000000 0.000000 -1.000000
vn 0.000000 0.000000 -1.000000
vn 0.000000 0.000000 -1.000000
vn 0.000000 0.000000 -1.000000
vn 0.000003 -0.707106 -0.707108
vn -0.000001 -0.707104 -0.707109
vn -0.000007 -0.707101 -0.707113
vn -0.000004 -0.707103 -0.707111
vn 0.000034 -0.707140 -0.707074
vn -0.000056 -0.707045 -0.707169
vn 0.000031 -0.707142 -0.707072
vn -0.000048 -0.707050 -0.707163
vn 0.000131 -0.707262 -0.706951
vn 0.000000 -0.707102 -0.707111
vn 0.000000 -0.707101 -0.707113
vn 0.000000 -0.707110 -0.707104
vn 0.000000 -0.707110 -0.707103
vn 0.000000 -0.707107 -0.707107
vn 0.000000 -0.707115 -0.707099
vn -0.000000 -0.707098 -0.707115
vn -0.000000 -0.707112 -0.707102
vn -0.000000 -0.707108 -0.707106
vn -0.000000 -0.707103 -0.707111
vn -0.000000 -0.707100 -0.707114
vn 0.000000 -0.707113 -0.707100
vn 0.000000 -0.707121 -0.707093
vn 0.000000 -0.707094 -0.707120
vn -0.000000 -0.707108 -0.707106
vn 0.000000 -0.707102 -0.707112
vn -0.000000 -0.707113 -0.707101
vn 0.000000 -0.707093 -0.707120
vn -0.000000 -0.707108 -0.707105
vn 0.000000 -0.707130 -0.707083
vn 0.000000 -0.707115 -0.707099
vn 0.000171 -0.706903 -0.707310
vn -0.000133 -0.707262 -0.706952
vn 0.000058 -0.707040 -0.707173
vn -0.000028 -0.707137 -0.707076
vn -0.000016 -0.707124 -0.707089
vn 0.000012 -0.707098 -0.707115
vn -0.000001 -0.707108 -0.707105
vn 0.000005 -0.707105 -0.707108
vn 0.000002 -0.707106 -0.707108
vn 0.000000 -0.707105 -0.707108
vn -0.000001 -0.707136 -0.707077
vn 0.000000 -0.707096 -0.707118
vn -0.000000 -0.707109 -0.707104
vn 0.000000 -0.707100 -0.707113
vn 0.000000 -0.707104 -0.707110
vn 0.000000 -0.707105 -0.707108
vn -0.000001 -0.707121 -0.707093
vn 0.000001 -0.707093 -0.707120
vn 0.000001 -0.707097 -0.707117
vn -0.000002 -0.707130 -0.707083
vn 0.000002 -0.707084 -0.707130
vn -0.000000 -0.707108 -0.707106
vn 0.000001 -0.707085 -0.707129
vn -0.000001 -0.707128 -0.707086
vn 0.000000 -0.707100 -0.707113
vn -0.000000 -0.707107 -0.707107
vn -0.000000 -0.707112 -0.707102
vn -0.000000 -0.707107 -0.707107
vn -0.000000 -0.707117 -0.707097
vn -0.000000 -0.707105 -0.707108
vn 0.000000 -0.707095 -0.707119
vn -0.000000 -0.707100 -0.707114
vn -0.046233 -0.714578 -0.698027
vn -0.037633 -0.703312 -0.709884
vn -0.024683 -0.706922 -0.706860
vn -0.014147 -0.706795 -0.707277
vn -0.027562 -0.710807 -0.702847
vn -0.004685 -0.707098 -0.707100
vn -0.009160 -0.709550 -0.704596
vn -0.064565 -0.997914 -0.000000
vn -0.064565 -0.997914 0.000000
vn -0.038747 -0.999249 0.000000
vn -0.038747 -0.999249 -0.000000
vn -0.012909 -0.999917 0.000000
vn -0.012909 -0.999917 -0.000000
vn 0.000000 0.000000 -1.000000
vn 0.000000 0.000000 -1.000000
vn 0.000000 -0.000000 -1.000000
vn 0.000000 0.000000 -1.000000
vn 0.000000 0.000000 -1.000000
vn 0.000000 -0.000000 -1.000000
vn 0.000000 0.000000 -1.000000
vn 0.000000 0.000000 -1.000000
vn 0.000000 0.000000 -1.000000
vn 0.000000 0.000000 -1.000000
vn 0.000000 0.000000 -1.000000
vn 0.000000 0.000000 -1.000000
vn 0.000000 -0.000000 -1.000000
vn 0.000000 0.000000 -1.000000
vn 0.000000 0.000000 -1.000000
vn 0.000000 0.000000 -1.000000
vn 0.000000 -0.000000 -1.000000
vn 0.000000 0.000000 -1.000000
vn 0.000000 0.000000 -1.000000
vn 0.000000 0.000000 -1.000000
vn 0.000000 -0.000000 -1.000000
vn 0.000000 0.000000 -1.000000
vn 0.000000 0.000000 -1.000000
vn 0.000000 0.000000 -1.000000
vn 0.000000 0.000000 -1.000000
vn 0.000000 -0.000000 -1.000000
vn 0.000000 0.000000 -1.000000
vn 0.000000 0.000000 -1.000000
vn 0.000000 0.000000 -1.000000
vn 0.000000 -0.000000 -1.000000
vn 0.000000 0.000000 -1.000000
vn 0.000000 0.000000 -1.000000
vn 0.000000 0.000000 -1.000000
vn 0.000000 0.000000 -1.000000
vn 0.000000 -0.000000 -1.000000
vn 0.000000 0.000000 -1.000000
vn 0.000000 0.000000 -1.000000
vn 0.000000 -0.000000 -1.000000
vn 0.000000 0.000000 -1.000000
vn 0.000000 0.000000 -1.000000
vn 0.000000 0.000000 -1.000000
vn 0.000000 0.000000 -1.000000
vn 0.000000 0.000000 -1.000000
vn 0.000000 0.000000 -1.000000
vn 0.000000 -0.000000 -1.000000
vn 0.000000 -0.000000 -1.000000
vn 0.000000 0.000000 -1.000000
vn 0.000000 0.000000 -1.000000
vn 0.000000 0.000000 -1.000000
vn 0.000000 0.000000 -1.000000
vn 0.000000 0.000000 -1.000000
vn 0.000000 0.000000 -1.000000
vn 0.000000 -0.000000 -1.000000
vn 0.000000 0.000000 -1.000000
vn 0.000000 0.000000 -1.000000
vn 0.000000 0.000000 -1.000000
vn 0.000000 0.000000 -1.000000
vn 0.000000 -0.000000 -1.000000
vn 0.000000 0.000000 -1.000000
vn 0.000000 0.000000 -1.000000
vn 0.000000 0.000000 -1.000000
vn 0.000000 -0.000000 -1.000000
vn 0.000000 0.000000 -1.000000
vn 0.000000 0.000000 -1.000000
vn 0.000000 0.000000 -1.000000
vn 0.000000 0.000000 -1.000000
vn 0.000000 -0.000000 -1.000000
vn 0.000000 0.000000 -1.000000
vn 0.000000 0.000000 -1.000000
vn 0.000000 0.000000 -1.000000
vn 0.000000 0.000000 -1.000000
vn 0.000000 -0.000000 -1.000000
vn 0.000000 0.000000 -1.000000
vn 0.000000 0.000000 -1.000000
vn 0.000000 -0.000000 -1.000000
vn 0.000000 0.000000 -1.000000
vn 0.000000 0.000000 -1.000000
vn 0.000000 0.000000 -1.000000
vn 0.000000 0.000000 -1.000000
vn 0.000000 0.000000 -1.000000
vn 0.000000 -0.000000 -1.000000
vn 0.000000 0.000000 -1.000000
vn 0.000000 0.000000 -1.000000
vn 0.000000 0.000000 -1.000000
vn 0.000000 0.000000 -1.000000
vn 0.000000 -0.000000 -1.000000
vn 0.000000 0.000000 -1.000000
vn 0.000000 0.000000 -1.000000
vn 0.000000 0.000000 -1.000000
vn 0.000000 -0.000000 -1.000000
vn 0.000000 0.000000 -1.000000
vn 0.000000 0.000000 -1.000000
vn 0.000000 0.000000 -1.000000
vn 0.000000 0.000000 -1.000000
vn 0.000000 -0.000000 -1.000000
vn 0.000000 0.000000 -1.000000
vn 0.000000 0.000000 -1.000000
vn 0.000000 -0.000000 -1.000000
vn 0.000000 0.000000 -1.000000
vn 0.000000 0.000000 -1.000000
vn 0.000000 -0.000000 -1.000000
vn 0.000000 0.000000 -1.000000
vn 0.000000 0.000000 -1.000000
vn 0.000000 -0.000000 -1.000000
vn 0.000000 0.000000 -1.000000
vn 0.000000 0.000000 -1.000000
vn 0.000000 -0.000000 -1.000000
vn 0.000000 0.000000 -1.000000
vn 0.000000 -0.000000 -1.000000
vn 0.000000 0.000000 -1.000000
vn 0.000000 0.000000 -1.000000
vn 0.000000 -0.000000 -1.000000
vn 0.000000 0.000000 -1.000000
vn 0.000000 -0.000000 -1.000000
vn 0.000000 0.000000 -1.000000
vn 0.000000 -0.000000 -1.000000
vn 0.000000 0.000000 -1.000000
vn 0.000000 -0.000000 -1.000000
vn 0.000000 0.000000 -1.000000
vn 0.000000 -0.000000 -1.000000
vn 0.000000 0.000000 -1.000000
vn 0.000000 -0.000000 -1.000000
vn 0.000000 -0.000000 -1.000000
vn 0.000000 0.000000 -1.000000
vn 0.000000 0.000000 -1.000000
vn 0.000000 -0.000000 -1.000000
vn 0.000000 0.000000 -1.000000
vn 0.000000 -0.000000 -1.000000
vn 0.000000 0.000000 -1.000000
vn 0.000000 -0.000000 -1.000000
vn 0.000000 0.000000 -1.000000
vn 0.000000 -0.000000 -1.000000
vn 0.000000 -0.000000 -1.000000
vn 0.000000 0.000000 -1.000000
vn 0.000000 -0.000000 -1.000000
vn 0.000000 -0.000000 -1.000000
vn 0.000000 -0.000000 -1.000000
vn 0.000000 -0.000000 -1.000000
vn 0.000000 -0.000000 -1.000000
vn 0.000000 -0.000000 -1.000000
vn 0.000000 -0.000000 -1.000000
vn 0.000000 -0.000000 -1.000000
vn 0.000000 -0.000000 -1.000000
vn 0.000000 0.000000 -1.000000
vn 0.000000 0.000000 -1.000000
vn 0.000000 -0.000000 -1.000000
vn 0.000000 0.000000 -1.000000
vn 0.000000 -0.000000 -1.000000
vn 0.000000 0.000000 -1.000000
vn 0.000000 -0.000000 -1.000000
vn 0.000000 0.000000 -1.000000
vn 0.000000 -0.000000 -1.000000
vn 0.000000 -0.000000 -1.000000
vn 0.000000 0.000000 -1.000000
vn 0.000000 0.000000 -1.000000
vn 0.000000 -0.000000 -1.000000
vn 0.000000 0.000000 -1.000000
vn 0.000000 0.000000 -1.000000
vn 0.000000 -0.000000 -1.000000
vn 0.000000 0.000000 -1.000000
vn 0.000000 -0.000000 -1.000000
vn 0.000000 -0.000000 -1.000000
vn 0.000000 0.000000 -1.000000
vn 0.000000 0.000000 -1.000000
vn 0.000000 0.000000 -1.000000
vn 0.000000 -0.000000 -1.000000
vn 0.000000 0.000000 -1.000000
vn 0.000000 -0.000000 -1.000000
vn 0.000000 0.000000 -1.000000
vn 0.000000 -0.000000 -1.000000
vn 0.000000 0.000000 -1.000000
vn 0.000000 0.000000 -1.000000
vn 0.000000 -0.000000 -1.000000
vn 0.000000 0.000000 -1.000000
vn 0.000000 -0.000000 -1.000000
vn 0.000000 0.000000 -1.000000
vn 0.000000 -0.000000 -1.000000
vn 0.000000 0.000000 -1.000000
vn 0.000000 -0.000000 -1.000000
vn 0.000000 0.000000 -1.000000
vn 0.000000 0.000000 -1.000000
vn 0.000000 -0.000000 -1.000000
vn 0.000000 0.000000 -1.000000
vn 0.000000 -0.000000 -1.000000
vn 0.000000 0.000000 -1.000000
vn 0.000000 -0.000000 -1.000000
vn 0.000000 0.000000 -1.000000
vn 0.000000 -0.000000 -1.000000
vn 0.000000 -0.000000 -1.000000
vn 0.000000 0.000000 -1.000000
vn 0.000000 0.000000 -1.000000
vn 0.000000 0.000000 -1.000000
vn 0.000000 -0.000000 -1.000000
vn 0.000000 -0.000000 -1.000000
vn 0.000000 0.000000 -1.000000
vn 0.000000 -0.000000 -1.000000
vn 0.000000 0.000000 -1.000000
vn 0.000000 -0.000000 -1.000000
vn 0.000000 0.000000 -1.000000
vn 0.000000 0.000000 -1.000000
vn 0.000000 0.000000 -1.000000
vn 0.000000 0.000000 -1.000000
vn 0.000000 0.000000 -1.000000
vn 0.000000 0.000000 -1.000000
vn 0.000000 0.000000 -1.000000
vn 0.000000 0.000000 -1.000000
vn 0.000000 0.000000 -1.000000
vn 0.000000 0.000000 -1.000000
vn 0.000000 0.000000 -1.000000
vn 0.000000 0.000000 -1.000000
vn 0.000000 0.000000 -1.000000
vn 0.000000 0.000000 -1.000000
vn 0.000000 0.000000 -1.000000
vn 0.000000 0.000000 -1.000000
vn 0.000000 0.000000 -1.000000
vn 0.000000 0.000000 -1.000000
vn 0.000000 0.000000 -1.000000
vn 0.000000 0.000000 -1.000000
vn 0.000000 0.000000 -1.000000
vn 0.000000 0.000000 -1.000000
vn 0.000000 0.000000 -1.000000
vn 0.000000 0.000000 -1.000000
vn 0.000000 0.000000 -1.000000
vn 0.000000 0.000000 -1.000000
vn 0.000000 0.000000 -1.000000
vn 0.000000 0.000000 -1.000000
vn 0.000000 0.000000 -1.000000
vn 0.000000 0.000000 -1.000000
vn 0.000000 0.000000 -1.000000
vn 0.000000 0.000000 -1.000000
vn 0.000000 0.000000 -1.000000
vn 0.000000 0.000000 -1.000000
vn 0.000000 0.000000 -1.000000
vn 0.000000 0.000000 -1.000000
vn 0.000000 0.000000 -1.000000
vn 0.000000 0.000000 -1.000000
vn 0.000000 0.000000 -1.000000
vn 0.000000 0.000000 -1.000000
vn 0.000000 0.000000 -1.000000
vn 0.000000 0.000000 -1.000000
vn 0.000000 0.000000 -1.000000
vn 0.000000 0.000000 -1.000000
vn 0.000000 0.000000 -1.000000
vn 0.000000 0.000000 -1.000000
vn 0.000000 0.000000 -1.000000
vn 0.000000 0.000000 -1.000000
vn 0.000000 0.000000 -1.000000
vn 0.000000 0.000000 -1.000000
vn 0.000000 0.000000 -1.000000
vn 0.000000 0.000000 -1.000000
vn 0.000000 0.000000 -1.000000
vn 0.000000 0.000000 -1.000000
vn 0.000000 0.000000 -1.000000
vn 0.000000 0.000000 -1.000000
vn 0.000000 -0.000000 -1.000000
vn 0.000000 -0.000000 -1.000000
vn 0.000000 -0.000000 -1.000000
vn 0.000000 -0.000000 -1.000000
vn 0.000000 -0.000000 -1.000000
vn 0.000000 -0.000000 -1.000000
vn 0.000000 0.000000 -1.000000
vn 0.000000 0.000000 -1.000000
vn 0.000000 0.000000 -1.000000
vn 0.000000 0.000000 -1.000000
vn 0.000000 0.000000 -1.000000
vn 0.000000 0.000000 -1.000000
vn 0.000000 -0.000000 -1.000000
vn 0.000000 0.000000 -1.000000
vn 0.000000 0.000000 -1.000000
vn 0.000000 0.000000 -1.000000
vn 0.000000 0.000000 -1.000000
vn 0.000000 0.000000 -1.000000
vn 0.000000 0.000000 -1.000000
vn 0.000000 0.000000 -1.000000
vn 0.000000 0.000000 -1.000000
vn 0.000000 0.000000 -1.000000
vn 0.000000 0.000000 -1.000000
vn 0.000000 0.000000 -1.000000
vn 0.000000 0.000000 -1.000000
vn 0.000000 0.000000 -1.000000
vn 0.000000 0.000000 -1.000000
vn 0.000000 0.000000 -1.000000
vn 0.000000 0.000000 -1.000000
vn 0.000000 0.000000 -1.000000
vn 0.000000 0.000000 -1.000000
vn 0.000000 0.000000 -1.000000
vn 0.000000 0.000000 -1.000000
vn 0.000000 0.000000 -1.000000
vn 0.000000 0.000000 -1.000000
vn 0.000000 0.000000 -1.000000
vn 0.000000 0.000000 -1.000000
vn 0.000000 0.000000 -1.000000
vn 0.000000 0.000000 -1.000000
vn 0.000000 0.000000 -1.000000
vn 0.000000 0.000000 -1.000000
vn 0.000000 0.000000 -1.000000
vn 0.000000 0.000000 -1.000000
vn 0.000000 0.000000 -1.000000
vn 0.000000 0.000000 -1.000000
vn 0.000000 0.000000 -1.000000
vn 0.000000 0.000000 -1.000000
vn 0.000000 0.000000 -1.000000
vn 0.000000 0.000000 -1.000000
vn 0.000000 0.000000 -1.000000
vn 0.000000 0.000000 -1.000000
vn 0.000000 0.000000 -1.000000
vn 0.000000 0.000000 -1.000000
vn 0.000000 0.000000 -1.000000
vn 0.000000 0.000000 -1.000000
vn 0.000000 0.000000 -1.000000
vn 0.000000 0.000000 -1.000000
vn 0.000000 0.000000 -1.000000
vn 0.000000 0.000000 -1.000000
vn 0.000000 0.000000 -1.000000
vn 0.000000 0.000000 -1.000000
vn 0.000000 0.000000 -1.000000
vn 0.000000 0.000000 -1.000000
vn 0.000000 0.000000 -1.000000
vn 0.000000 0.000000 -1.000000
vn 0.000000 0.000000 -1.000000
vn 0.000000 0.000000 -1.000000
vn 0.000000 0.000000 -1.000000
vn 0.000000 0.000000 -1.000000
vn 0.000000 -0.000000 -1.000000
vn 0.000000 0.000000 -1.000000
vn 0.000000 -0.000000 -1.000000
vn 0.000000 0.000000 -1.000000
vn 0.000000 0.000000 -1.000000
vn 0.000000 -0.000000 -1.000000
vn 0.000000 0.000000 -1.000000
vn 0.000000 -0.000000 -1.000000
vn 0.000000 -0.000000 -1.000000
vn 0.000000 0.000000 -1.000000
vn 0.000000 -0.000000 -1.000000
vn 0.000000 0.000000 -1.000000
vn 0.000000 -0.000000 -1.000000
vn 0.000000 0.000000 -1.000000
vn 0.000000 -0.000000 -1.000000
vn 0.000000 0.000000 -1.000000
vn 0.000000 -0.000000 -1.000000
vn 0.000000 -0.000000 -1.000000
vn 0.000000 0.000000 -1.000000
vn 0.000000 -0.000000 -1.000000
vn 0.000000 -0.000000 -1.000000
vn 0.000000 0.000000 -1.000000
vn 0.000000 -0.000000 -1.000000
vn 0.000000 0.000000 -1.000000
vn 0.000000 -0.000000 -1.000000
vn 0.000000 0.000000 -1.000000
vn 0.000000 -0.000000 -1.000000
vn 0.000000 -0.000000 -1.000000
vn 0.000000 0.000000 -1.000000
vn 0.000000 -0.000000 -1.000000
vn 0.000000 0.000000 -1.000000
vn 0.000000 -0.000000 -1.000000
vn 0.000000 0.000000 -1.000000
vn 0.000000 -0.000000 -1.000000
vn 0.000000 0.000000 -1.000000
vn 0.000000 -0.000000 -1.000000
vn 0.000000 0.000000 -1.000000
vn 0.000000 -0.000000 -1.000000
vn 0.000000 0.000000 -1.000000
vn 0.000000 -0.000000 -1.000000
vn 0.000000 0.000000 -1.000000
vn 0.000000 -0.000000 -1.000000
vn 0.000000 -0.000000 -1.000000
vn 0.000000 0.000000 -1.000000
vn 0.000000 0.000000 -1.000000
vn 0.000000 -0.000000 -1.000000
vn 0.000000 -0.000000 -1.000000
vn 0.000000 0.000000 -1.000000
vn 0.000000 0.000000 -1.000000
vn 0.000000 -0.000000 -1.000000
vn 0.000000 -0.000000 -1.000000
vn 0.000000 0.000000 -1.000000
vn 0.000000 0.000000 -1.000000
vn 0.000000 -0.000000 -1.000000
vn 0.000000 0.000000 -1.000000
vn 0.000000 -0.000000 -1.000000
vn 0.000000 0.000000 -1.000000
vn 0.000000 0.000000 -1.000000
vn 0.000000 0.000000 -1.000000
vn 0.000000 0.000000 -1.000000
vn 0.000000 0.000000 -1.000000
vn 0.000000 0.000000 -1.000000
vn 0.000000 0.000000 -1.000000
vn 0.000000 0.000000 -1.000000
vn 0.000000 0.000000 -1.000000
vn 0.000000 0.000000 -1.000000
vn 0.000000 0.000000 -1.000000
vn 0.000000 -0.000000 -1.000000
vn 0.000000 0.000000 -1.000000
vn 0.000000 -0.000000 -1.000000
vn 0.000000 0.000000 -1.000000
vn 0.000000 0.000000 -1.000000
vn 0.000000 0.000000 -1.000000
vn 0.000000 0.000000 -1.000000
vn 0.000000 0.000000 -1.000000
vn 0.000000 0.000000 -1.000000
vn 0.000000 0.000000 -1.000000
vn 0.000000 0.000000 -1.000000
vn 0.000000 0.000000 -1.000000
vn 0.000000 0.000000 -1.000000
vn 0.000000 0.000000 -1.000000
vn 0.000000 0.000000 -1.000000
vn 0.000000 0.000000 -1.000000
vn 0.000000 0.000000 -1.000000
vn 0.000000 0.000000 -1.000000
vn 0.000000 0.000000 -1.000000
vn 0.000000 0.000000 -1.000000
vn 0.000000 0.000000 -1.000000
vn 0.000000 0.000000 -1.000000
vn 0.000000 0.000000 -1.000000
vn 0.000000 0.000000 -1.000000
vn 0.000000 0.000000 -1.000000
vn 0.000000 0.000000 -1.000000
vn 0.000000 0.000000 -1.000000
vn 0.000000 0.000000 -1.000000
vn 0.000000 0.000000 -1.000000
vn 0.000000 0.000000 -1.000000
vn 0.000000 0.000000 -1.000000
vn 0.000000 0.000000 -1.000000
vn 0.000000 0.000000 -1.000000
vn 0.000000 0.000000 -1.000000
vn 0.000000 -0.000000 -1.000000
vn 0.000000 0.000000 -1.000000
vn 0.000000 0.000000 -1.000000
vn 0.000000 0.000000 -1.000000
vn 0.000000 -0.000000 -1.000000
vn 0.000000 0.000000 -1.000000
vn 0.000000 -0.000000 -1.000000
vn 0.000000 0.000000 -1.000000
vn 0.000000 0.000000 -1.000000
vn 0.000000 0.000000 -1.000000
vn 0.000000 0.000000 -1.000000
vn 0.000000 0.000000 -1.000000
vn 0.000000 -0.000000 -1.000000
vn 0.000000 0.000000 -1.000000
vn 0.000000 0.000000 -1.000000
vn 0.000000 0.000000 -1.000000
vn 0.000000 -0.000000 -1.000000
vn 0.000000 0.000000 -1.000000
vn 0.000000 -0.000000 -1.000000
vn 0.000000 0.000000 -1.000000
vn 0.000000 0.000000 -1.000000
vn 0.000000 0.000000 -1.000000
vn 0.000000 -0.000000 -1.000000
vn 0.000000 0.000000 -1.000000
vn 0.000000 0.000000 -1.000000
vn 0.000000 0.000000 -1.000000
vn 0.000000 -0.000000 -1.000000
vn 0.000000 -0.000000 -1.000000
vn 0.000000 0.000000 -1.000000
vn 0.000000 0.000000 -1.000000
vn 0.000000 0.000000 -1.000000
vn 0.000000 -0.000000 -1.000000
vn 0.000000 0.000000 -1.000000
vn 0.000000 0.000000 -1.000000
vn 0.000000 0.000000 -1.000000
vn 0.000000 0.000000 -1.000000
vn 0.000000 -0.000000 -1.000000
vn 0.000000 0.000000 -1.000000
vn 0.000000 0.000000 -1.000000
vn 0.000000 -0.000000 -1.000000
vn 0.000000 0.000000 -1.000000
vn 0.000000 0.000000 -1.000000
vn 0.000000 0.000000 -1.000000
vn 0.000000 -0.000000 -1.000000
vn 0.000000 0.000000 -1.000000
vn 0.000000 0.000000 -1.000000
vn 0.000000 0.000000 -1.000000
vn 0.000000 -0.000000 -1.000000
vn 0.000000 -0.000000 -1.000000
vn 0.000000 0.000000 -1.000000
vn 0.000000 0.000000 -1.000000
vn 0.000000 0.000000 -1.000000
vn 0.000000 -0.000000 -1.000000
vn 0.000000 0.000000 -1.000000
vn 0.000000 -0.000000 -1.000000
vn 0.000000 0.000000 -1.000000
vn 0.000000 0.000000 -1.000000
vn 0.000000 0.000000 -1.000000
vn 0.000000 -0.000000 -1.000000
vn 0.000000 0.000000 -1.000000
vn 0.000000 0.000000 -1.000000
vn 0.000000 0.000000 -1.000000
vn 0.000000 0.000000 -1.000000
vn 0.000000 -0.000000 -1.000000
vn 0.000000 0.000000 -1.000000
vn 0.000000 0.000000 -1.000000
vn 0.000000 0.000000 -1.000000
vn 0.000000 -0.000000 -1.000000
vn 0.000000 0.000000 -1.000000
vn 0.000000 -0.000000 -1.000000
vn 0.000000 0.000000 -1.000000
vn 0.000000 0.000000 -1.000000
vn 0.000000 0.000000 -1.000000
vn 0.000000 0.000000 -1.000000
vn 0.000000 -0.000000 -1.000000
vn 0.000000 0.000000 -1.000000
vn 0.000000 0.000000 -1.000000
vn 0.000000 -0.000000 -1.000000
vn 0.000000 0.000000 -1.000000
vn 0.000000 0.000000 -1.000000
vn 0.000000 0.000000 -1.000000
vn 0.000000 0.000000 -1.000000
vn 0.000000 -0.000000 -1.000000
vn 0.000000 0.000000 -1.000000
vn 0.000000 0.000000 -1.000000
vn 0.000000 -0.000000 -1.000000
vn 0.000000 0.000000 -1.000000
vn 0.000000 0.000000 -1.000000
vn 0.000000 0.000000 -1.000000
vn 0.000000 -0.000000 -1.000000
vn 0.000000 0.000000 -1.000000
vn 0.000000 0.000000 -1.000000
vn 0.000000 -0.000000 -1.000000
vn 0.000000 0.000000 -1.000000
vn 0.000000 0.000000 -1.000000
vn 0.000000 -0.000000 -1.000000
vn 0.000000 0.000000 -1.000000
vn 0.000000 0.000000 -1.000000
vn 0.000000 -0.000000 -1.000000
vn 0.000000 0.000000 -1.000000
vn -0.999911 -0.013347 -0.000000
vn -0.999911 -0.013347 0.000000
vn -0.999198 -0.040051 0.000000
vn -0.999198 -0.040051 -0.000000
vn -0.997772 -0.066713 0.000000
vn -0.997772 -0.066713 -0.000000
vn -0.995636 -0.093325 0.000000
vn -0.995636 -0.093325 -0.000000
vn -0.992788 -0.119887 0.000000
vn -0.992788 -0.119887 -0.000000
vn -0.989234 -0.146342 0.000000
vn -0.989234 -0.146342 -0.000000
vn -0.984974 -0.172703 0.000000
vn -0.984974 -0.172703 -0.000000
vn -0.980011 -0.198943 0.000000
vn -0.980011 -0.198943 -0.000000
vn -0.974348 -0.225047 0.000000
vn -0.974348 -0.225047 -0.000000
vn -0.967993 -0.250978 -0.000000
vn -0.967993 -0.250978 0.000000
vn -0.960947 -0.276731 -0.000000
vn -0.960947 -0.276731 0.000000
vn -0.953214 -0.302296 0.000000
vn -0.953214 -0.302296 0.000000
vn -0.944803 -0.327638 -0.000000
vn -0.944803 -0.327638 0.000000
vn -0.935718 -0.352749 0.000000
vn -0.935718 -0.352749 0.000000
vn -0.925966 -0.377607 -0.000000
vn -0.925966 -0.377607 0.000000
vn -0.915554 -0.402196 -0.000000
vn -0.915554 -0.402196 0.000000
vn -0.904492 -0.426491 -0.000000
vn -0.904492 -0.426491 0.000000
vn -0.892776 -0.450500 -0.000000
vn -0.892776 -0.450500 0.000000
vn -0.880431 -0.474174 0.000000
vn -0.880431 -0.474174 0.000000
vn -0.867456 -0.497513 0.000000
vn -0.867456 -0.497513 0.000000
vn -0.853861 -0.520500 -0.000000
vn -0.853861 -0.520500 0.000000
vn -0.839659 -0.543113 0.000000
vn -0.839659 -0.543113 0.000000
vn -0.824861 -0.565336 0.000000
vn -0.824861 -0.565336 0.000000
vn -0.809464 -0.587170 0.000000
vn -0.809464 -0.587170 0.000000
vn -0.793511 -0.608556 0.000000
vn -0.776967 -0.629541 0.000000
vn -0.793511 -0.608556 -0.000000
vn -0.776967 -0.629541 0.000000
vn -0.759884 -0.650059 0.000000
vn -0.759884 -0.650059 -0.000000
vn -0.604285 -0.368199 -0.706590
vn -0.597053 -0.378278 -0.707413
vn -0.593011 -0.388746 -0.705134
vn -0.604251 -0.368342 -0.706545
vn -0.584540 -0.398501 -0.706760
vn -0.593334 -0.383784 -0.707577
vn -0.576634 -0.408217 -0.707709
vn -0.584190 -0.400387 -0.705983
vn -0.570131 -0.418152 -0.707177
vn -0.563047 -0.427943 -0.706996
vn -0.573679 -0.416135 -0.705496
vn -0.554116 -0.437096 -0.708451
vn -0.563054 -0.431815 -0.704631
vn -0.548771 -0.447347 -0.706209
vn -0.551952 -0.447221 -0.703806
vn -0.540213 -0.455313 -0.707714
vn -0.547234 -0.468143 -0.693813
vn -0.711686 -0.015382 -0.702329
vn -0.705948 -0.032486 -0.707518
vn -0.706315 -0.044486 -0.706499
vn -0.712931 -0.051954 -0.699307
vn -0.712560 -0.001750 -0.701609
vn -0.706726 -0.024649 -0.707057
vn -0.705388 -0.050249 -0.707038
vn -0.703243 -0.070657 -0.707430
vn -0.702932 -0.082657 -0.706438
vn -0.705801 -0.092633 -0.702327
vn -0.707060 -0.054730 -0.705033
vn -0.706989 -0.018210 -0.706990
vn -0.706990 -0.018205 -0.706989
vn -0.697854 -0.108835 -0.707923
vn -0.699238 -0.119547 -0.704822
vn -0.708131 -0.126484 -0.694660
vn -0.704731 -0.091241 -0.703583
vn -0.705116 -0.054578 -0.706989
vn -0.705115 -0.054579 -0.706990
vn -0.706987 -0.018201 -0.706992
vn -0.701370 -0.090807 -0.706990
vn -0.696193 -0.124253 -0.707020
vn -0.701371 -0.090806 -0.706989
vn -0.705112 -0.054581 -0.706992
vn -0.705115 -0.054578 -0.706990
vn -0.700640 -0.009352 -0.713453
vn -0.706810 -0.028331 -0.706835
vn -0.705288 -0.047157 -0.707351
vn -0.706990 -0.018210 -0.706989
vn -0.691478 -0.146040 -0.707482
vn -0.690942 -0.157470 -0.705551
vn -0.697195 -0.127050 -0.705533
vn -0.701370 -0.090806 -0.706989
vn -0.701370 -0.090807 -0.706989
vn -0.701703 -0.054316 -0.710396
vn -0.705115 -0.054580 -0.706989
vn -0.704492 -0.066035 -0.706633
vn -0.701453 -0.084706 -0.707664
vn -0.705115 -0.054581 -0.706990
vn -0.687594 -0.170045 -0.705904
vn -0.682291 -0.183180 -0.707760
vn -0.684626 -0.193437 -0.702758
vn -0.692759 -0.163488 -0.702393
vn -0.695765 -0.126789 -0.706990
vn -0.695766 -0.126788 -0.706989
vn -0.701370 -0.090807 -0.706990
vn -0.698052 -0.090378 -0.710321
vn -0.700126 -0.103573 -0.706467
vn -0.695588 -0.121963 -0.708013
vn -0.701370 -0.090806 -0.706989
vn -0.681950 -0.205032 -0.702073
vn -0.680951 -0.190691 -0.707066
vn -0.688314 -0.162439 -0.706992
vn -0.688316 -0.162438 -0.706990
vn -0.692584 -0.126210 -0.710210
vn -0.693724 -0.140826 -0.706339
vn -0.687706 -0.158841 -0.708400
vn -0.695766 -0.126790 -0.706989
vn -0.695768 -0.126788 -0.706988
vn -0.679863 -0.197898 -0.706132
vn -0.672380 -0.218120 -0.707339
vn -0.671125 -0.228596 -0.705220
vn -0.685320 -0.161729 -0.710057
vn -0.685309 -0.177685 -0.706243
vn -0.677846 -0.195204 -0.708816
vn -0.688318 -0.162436 -0.706988
vn -0.688316 -0.162438 -0.706990
vn -0.666437 -0.239896 -0.705912
vn -0.660315 -0.251368 -0.707671
vn -0.660045 -0.261575 -0.704215
vn -0.665798 -0.270948 -0.695198
vn -0.672084 -0.233782 -0.702601
vn -0.679040 -0.197660 -0.706990
vn -0.679042 -0.197659 -0.706989
vn -0.676264 -0.196852 -0.709870
vn -0.674896 -0.214032 -0.706191
vn -0.666021 -0.230963 -0.709276
vn -0.665217 -0.270536 -0.695915
vn -0.643081 -0.284468 -0.711003
vn -0.667966 -0.232350 -0.706990
vn -0.662528 -0.249761 -0.706170
vn -0.665452 -0.231473 -0.709643
vn -0.667968 -0.232348 -0.706989
vn -0.655119 -0.266429 -0.706990
vn -0.652653 -0.265427 -0.709643
vn -0.644128 -0.294538 -0.705936
vn -0.643813 -0.304930 -0.701800
vn -0.646592 -0.286225 -0.707102
vn -0.652743 -0.266187 -0.709275
vn -0.648232 -0.284764 -0.706190
vn -0.655119 -0.266430 -0.706989
vn -0.631965 -0.316054 -0.707623
vn -0.628933 -0.326561 -0.705550
vn -0.630590 -0.337161 -0.699055
vn -0.642770 -0.300842 -0.704514
vn -0.638019 -0.300842 -0.708820
vn -0.632056 -0.318939 -0.706246
vn -0.637918 -0.298571 -0.709870
vn -0.621534 -0.330926 -0.710058
vn -0.614425 -0.347462 -0.708345
vn -0.613350 -0.358084 -0.703973
vn -0.621420 -0.334678 -0.708398
vn -0.614051 -0.352177 -0.706338
vn -0.629323 -0.335073 -0.701198
vn -0.610844 -0.355322 -0.707542
vn 0.000000 0.000000 -1.000000
vn 0.000000 -0.000000 -1.000000
vn 0.000000 0.000000 -1.000000
vn 0.000000 0.000000 -1.000000
vn 0.000000 0.000000 -1.000000
vn 0.000000 0.000000 -1.000000
vn 0.000000 -0.000000 -1.000000
vn 0.000000 0.000000 -1.000000
vn 0.000000 0.000000 -1.000000
vn 0.000000 0.000000 -1.000000
vn 0.000000 -0.000000 -1.000000
vn 0.000000 0.000000 -1.000000
vn 0.000000 0.000000 -1.000000
vn 0.000000 0.000000 -1.000000
vn 0.000000 -0.000000 -1.000000
vn 0.000000 0.000000 -1.000000
vn 0.000000 0.000000 -1.000000
vn 0.000000 -0.000000 -1.000000
vn 0.000000 0.000000 -1.000000
vn 0.000000 0.000000 -1.000000
vn 0.000000 0.000000 -1.000000
vn 0.000000 0.000000 -1.000000
vn 0.000000 -0.000000 -1.000000
vn 0.000000 0.000000 -1.000000
vn 0.000000 0.000000 -1.000000
vn 0.000000 0.000000 -1.000000
vn 0.000000 -0.000000 -1.000000
vn 0.000000 0.000000 -1.000000
vn 0.000000 0.000000 -1.000000
vn 0.000000 0.000000 -1.000000
vn 0.000000 -0.000000 -1.000000
vn 0.000000 0.000000 -1.000000
vn 0.000000 0.000000 -1.000000
vn 0.000000 0.000000 -1.000000
vn 0.000000 -0.000000 -1.000000
vn 0.000000 0.000000 -1.000000
vn 0.000000 0.000000 -1.000000
vn 0.000000 0.000000 -1.000000
vn 0.000000 -0.000000 -1.000000
vn 0.000000 0.000000 -1.000000
vn 0.000000 0.000000 -1.000000
vn 0.000000 0.000000 -1.000000
vn 0.000000 -0.000000 -1.000000
vn 0.000000 0.000000 -1.000000
vn 0.000000 0.000000 -1.000000
vn 0.000000 0.000000 -1.000000
vn 0.000000 -0.000000 -1.000000
vn 0.000000 0.000000 -1.000000
vn 0.000000 0.000000 -1.000000
vn 0.000000 0.000000 -1.000000
vn 0.000000 -0.000000 -1.000000
vn 0.000000 0.000000 -1.000000
vn 0.000000 0.000000 -1.000000
vn 0.000000 -0.000000 -1.000000
vn 0.000000 0.000000 -1.000000
vn 0.000000 0.000000 -1.000000
vn 0.000000 0.000000 -1.000000
vn 0.000000 0.000000 -1.000000
vn 0.000000 -0.000000 -1.000000
vn 0.000000 0.000000 -1.000000
vn 0.000000 0.000000 -1.000000
vn 0.000000 -0.000000 -1.000000
vn 0.000000 0.000000 -1.000000
vn 0.000000 0.000000 -1.000000
vn 0.000000 0.000000 -1.000000
vn 0.000000 -0.000000 -1.000000
vn 0.000000 0.000000 -1.000000
vn 0.000000 0.000000 -1.000000
vn 0.000000 0.000000 -1.000000
vn 0.000000 -0.000000 -1.000000
vn 0.000000 0.000000 -1.000000
vn 0.000000 0.000000 -1.000000
vn 0.000000 0.000000 -1.000000
vn 0.000000 -0.000000 -1.000000
vn 0.000000 0.000000 -1.000000
vn 0.000000 0.000000 -1.000000
vn 0.000000 0.000000 -1.000000
vn 0.000000 -0.000000 -1.000000
vn 0.000000 0.000000 -1.000000
vn 0.000000 0.000000 -1.000000
vn 0.000000 0.000000 -1.000000
vn 0.000000 -0.000000 -1.000000
vn 0.000000 0.000000 -1.000000
vn 0.000000 0.000000 -1.000000
vn 0.000000 0.000000 -1.000000
vn 0.000000 -0.000000 -1.000000
vn 0.000000 0.000000 -1.000000
vn 0.000000 0.000000 -1.000000
vn 0.000000 0.000000 -1.000000
vn 0.000000 -0.000000 -1.000000
vn 0.000000 0.000000 -1.000000
vn 0.000000 0.000000 -1.000000
vn 0.000000 0.000000 -1.000000
vn 0.000000 -0.000000 -1.000000
vn 0.000000 0.000000 -1.000000
vn 0.000000 0.000000 -1.000000
vn 0.000000 0.000000 -1.000000
vn 0.000000 0.000000 -1.000000
vn 0.000000 -0.000000 -1.000000
vn 0.000000 0.000000 -1.000000
vn 0.000000 0.000000 -1.000000
vn 0.000000 0.000000 -1.000000
vn 0.000000 -0.000000 -1.000000
vn 0.000000 0.000000 -1.000000
vn 0.000000 0.000000 -1.000000
vn 0.000000 -0.000000 -1.000000
vn 0.000000 0.000000 -1.000000
vn 0.000000 0.000000 -1.000000
vn 0.000000 0.000000 -1.000000
vn 0.000000 -0.000000 -1.000000
vn 0.000000 0.000000 -1.000000
vn 0.000000 0.000000 -1.000000
vn 0.000000 0.000000 -1.000000
vn 0.000000 0.000000 -1.000000
vn 0.000000 -0.000000 -1.000000
vn 0.000000 -0.000000 -1.000000
vn 0.000000 0.000000 -1.000000
vn 0.000000 0.000000 -1.000000
vn 0.000000 0.000000 -1.000000
vn 0.000000 0.000000 -1.000000
vn 0.000000 -0.000000 -1.000000
vn 0.000000 0.000000 -1.000000
vn 0.000000 0.000000 -1.000000
vn 0.000000 -0.000000 -1.000000
vn 0.000000 0.000000 -1.000000
vn 0.000000 0.000000 -1.000000
vn 0.000000 0.000000 -1.000000
vn 0.000000 -0.000000 -1.000000
vn 0.000000 0.000000 -1.000000
vn 0.000000 0.000000 -1.000000
vn 0.000000 0.000000 -1.000000
vn 0.000000 0.000000 -1.000000
vn 0.000000 -0.000000 -1.000000
vn 0.000000 0.000000 -1.000000
vn 0.000000 0.000000 -1.000000
vn 0.000000 -0.000000 -1.000000
vn 0.000000 0.000000 -1.000000
vn 0.000000 0.000000 -1.000000
vn 0.000000 0.000000 -1.000000
vn 0.000000 0.000000 -1.000000
vn 0.000000 0.000000 -1.000000
vn 0.000000 0.000000 -1.000000
vn 0.000000 -0.000000 -1.000000
vn 0.000000 -0.000000 -1.000000
vn 0.000000 0.000000 -1.000000
vn 0.000000 0.000000 -1.000000
vn 0.000000 0.000000 -1.000000
vn 0.000000 -0.000000 -1.000000
vn 0.000000 0.000000 -1.000000
vn 0.000000 0.000000 -1.000000
vn 0.000000 0.000000 -1.000000
vn 0.000000 -0.000000 -1.000000
vn 0.000000 0.000000 -1.000000
vn 0.000000 0.000000 -1.000000
vn 0.000000 0.000000 -1.000000
vn 0.000000 0.000000 -1.000000
vn 0.000000 0.000000 -1.000000
vn 0.000000 0.000000 -1.000000
vn 0.000000 -0.000000 -1.000000
vn 0.000000 -0.000000 -1.000000
vn 0.000000 0.000000 -1.000000
vn 0.000000 0.000000 -1.000000
vn 0.000000 0.000000 -1.000000
vn 0.000000 -0.000000 -1.000000
vn 0.000000 0.000000 -1.000000
vn 0.000000 0.000000 -1.000000
vn 0.000000 0.000000 -1.000000
vn 0.000000 -0.000000 -1.000000
vn 0.000000 0.000000 -1.000000
vn 0.000000 0.000000 -1.000000
vn 0.000000 0.000000 -1.000000
vn 0.000000 0.000000 -1.000000
vn 0.000000 -0.000000 -1.000000
vn 0.000000 0.000000 -1.000000
vn 0.000000 0.000000 -1.000000
vn 0.000000 0.000000 -1.000000
vn 0.000000 -0.000000 -1.000000
vn 0.000000 0.000000 -1.000000
vn 0.000000 0.000000 -1.000000
vn 0.000000 0.000000 -1.000000
vn 0.000000 -0.000000 -1.000000
vn 0.000000 0.000000 -1.000000
vn 0.000000 0.000000 -1.000000
vn 0.000000 0.000000 -1.000000
vn 0.000000 -0.000000 -1.000000
vn 0.000000 0.000000 -1.000000
vn 0.000000 0.000000 -1.000000
vn 0.000000 0.000000 -1.000000
vn 0.000000 -0.000000 -1.000000
vn 0.000000 0.000000 -1.000000
vn 0.000000 0.000000 -1.000000
vn 0.000000 0.000000 -1.000000
vn 0.000000 0.000000 -1.000000
vn 0.000000 0.000000 -1.000000
vn 0.000000 0.000000 -1.000000
vn 0.000000 -0.000000 -1.000000
vn 0.000000 -0.000000 -1.000000
vn 0.000000 0.000000 -1.000000
vn 0.000000 0.000000 -1.000000
vn 0.000000 0.000000 -1.000000
vn 0.000000 0.000000 -1.000000
vn 0.000000 0.000000 -1.000000
vn 0.000000 0.000000 -1.000000
vn 0.000000 -0.000000 -1.000000
vn 0.000000 -0.000000 -1.000000
vn 0.000000 0.000000 -1.000000
vn 0.000000 0.000000 -1.000000
vn 0.000000 0.000000 -1.000000
vn 0.000000 -0.000000 -1.000000
vn 0.000000 0.000000 -1.000000
vn 0.000000 0.000000 -1.000000
vn 0.000000 0.000000 -1.000000
vn 0.000000 0.000000 -1.000000
vn 0.000000 0.000000 -1.000000
vn 0.000000 0.000000 -1.000000
vn 0.000000 0.000000 -1.000000
vn 0.000000 0.000000 -1.000000
vn 0.000000 0.000000 -1.000000
vn 0.000000 -0.000000 -1.000000
vn 0.000000 0.000000 -1.000000
vn 0.000000 0.000000 -1.000000
vn 0.000000 0.000000 -1.000000
vn 0.000000 0.000000 -1.000000
vn 0.000000 -0.000000 -1.000000
vn 0.000000 0.000000 -1.000000
vn 0.000000 0.000000 -1.000000
vn 0.000000 0.000000 -1.000000
vn 0.000000 0.000000 -1.000000
vn 0.000000 0.000000 -1.000000
vn 0.000000 0.000000 -1.000000
vn 0.000000 0.000000 -1.000000
vn 0.000000 0.000000 -1.000000
vn 0.000000 0.000000 -1.000000
vn 0.000000 -0.000000 -1.000000
vn 0.000000 0.000000 -1.000000
vn 0.000000 0.000000 -1.000000
vn 0.000000 0.000000 -1.000000
vn 0.000000 0.000000 -1.000000
vn 0.000000 0.000000 -1.000000
vn 0.000000 0.000000 -1.000000
vn 0.000000 0.000000 -1.000000
vn 0.000000 0.000000 -1.000000
vn 0.000000 0.000000 -1.000000
vn 0.000000 0.000000 -1.000000
vn 0.000000 0.000000 -1.000000
vn 0.000000 0.000000 -1.000000
vn 0.000000 -0.000000 -1.000000
vn 0.000000 -0.000000 -1.000000
vn 0.000000 0.000000 -1.000000
vn 0.000000 -0.000000 -1.000000
vn 0.000000 0.000000 -1.000000
vn 0.000000 0.000000 -1.000000
vn 0.000000 0.000000 -1.000000
vn 0.000000 0.000000 -1.000000
vn 0.000000 0.000000 -1.000000
vn 0.000000 0.000000 -1.000000
vn 0.000000 0.000000 -1.000000
vn 0.000000 -0.000000 -1.000000
vn 0.000000 -0.000000 -1.000000
vn 0.000000 0.000000 -1.000000
vn 0.000000 0.000000 -1.000000
vn 0.000000 0.000000 -1.000000
vn 0.000000 -0.000000 -1.000000
vn 0.000000 0.000000 -1.000000
vn 0.000000 0.000000 -1.000000
vn 0.000000 -0.000000 -1.000000
vn 0.000000 0.000000 -1.000000
vn 0.000000 0.000000 -1.000000
vn 0.000000 0.000000 -1.000000
vn 0.000000 0.000000 -1.000000
vn 0.000000 0.000000 -1.000000
vn 0.000000 0.000000 -1.000000
vn 0.000000 -0.000000 -1.000000
vn 0.000000 -0.000000 -1.000000
vn 0.000000 0.000000 -1.000000
vn 0.000000 0.000000 -1.000000
vn 0.000000 0.000000 -1.000000
vn 0.000000 -0.000000 -1.000000
vn 0.000000 0.000000 -1.000000
vn 0.000000 0.000000 -1.000000
vn 0.000000 0.000000 -1.000000
vn 0.000000 0.000000 -1.000000
vn 0.000000 0.000000 -1.000000
vn 0.000000 0.000000 -1.000000
vn 0.000000 -0.000000 -1.000000
vn 0.000000 0.000000 -1.000000
vn 0.000000 0.000000 -1.000000
vn 0.000000 0.000000 -1.000000
vn 0.000000 0.000000 -1.000000
vn 0.000000 -0.000000 -1.000000
vn 0.000000 -0.000000 -1.000000
vn 0.000000 0.000000 -1.000000
vn 0.000000 0.000000 -1.000000
vn 0.000000 0.000000 -1.000000
vn 0.000000 0.000000 -1.000000
vn 0.000000 0.000000 -1.000000
vn 0.000000 0.000000 -1.000000
vn 0.000000 -0.000000 -1.000000
vn 0.000000 -0.000000 -1.000000
vn 0.000000 0.000000 -1.000000
vn 0.000000 0.000000 -1.000000
vn 0.000000 0.000000 -1.000000
vn 0.000000 0.000000 -1.000000
vn 0.000000 0.000000 -1.000000
vn 0.000000 -0.000000 -1.000000
vn 0.000000 -0.000000 -1.000000
vn 0.000000 0.000000 -1.000000
vn 0.000000 0.000000 -1.000000
vn 0.000000 0.000000 -1.000000
vn 0.000000 -0.000000 -1.000000
vn 0.000000 0.000000 -1.000000
vn 0.000000 0.000000 -1.000000
vn 0.000000 0.000000 -1.000000
vn 0.000000 0.000000 -1.000000
vn 0.000000 0.000000 -1.000000
vn 0.000000 0.000000 -1.000000
vn 0.000000 0.000000 -1.000000
vn 0.000000 -0.000000 -1.000000
vn 0.000000 -0.000000 -1.000000
vn 0.000000 0.000000 -1.000000
vn 0.000000 0.000000 -1.000000
vn 0.000000 -0.000000 -1.000000
vn 0.000000 0.000000 -1.000000
vn 0.000000 0.000000 -1.000000
vn 0.000000 0.000000 -1.000000
vn 0.000000 0.000000 -1.000000
vn 0.000000 0.000000 -1.000000
vn 0.000000 0.000000 -1.000000
vn 0.000000 0.000000 -1.000000
vn 0.000000 -0.000000 -1.000000
vn 0.000000 -0.000000 -1.000000
vn 0.000000 0.000000 -1.000000
vn 0.000000 0.000000 -1.000000
vn 0.000000 0.000000 -1.000000
vn 0.000000 -0.000000 -1.000000
vn 0.000000 0.000000 -1.000000
vn 0.000000 0.000000 -1.000000
vn 0.000000 -0.000000 -1.000000
vn 0.000000 0.000000 -1.000000
vn 0.000000 0.000000 -1.000000
vn 0.000000 0.000000 -1.000000
vn 0.000000 0.000000 -1.000000
vn 0.000000 0.000000 -1.000000
vn 0.000000 0.000000 -1.000000
vn 0.000000 0.000000 -1.000000
vn 0.000000 0.000000 -1.000000
vn 0.000000 0.000000 -1.000000
vn 0.000000 -0.000000 -1.000000
vn 0.000000 0.000000 -1.000000
vn 0.000000 0.000000 -1.000000
vn 0.000000 0.000000 -1.000000
vn 0.000000 0.000000 -1.000000
vn 0.000000 -0.000000 -1.000000
vn 0.000000 0.000000 -1.000000
vn 0.000000 0.000000 -1.000000
vn 0.000000 0.000000 -1.000000
vn 0.000000 0.000000 -1.000000
vn 0.000000 0.000000 -1.000000
vn 0.000000 0.000000 -1.000000
vn 0.000000 0.000000 -1.000000
vn 0.000000 -0.000000 -1.000000
vn 0.000000 0.000000 -1.000000
vn 0.000000 0.000000 -1.000000
vn 0.000000 0.000000 -1.000000
vn 0.000000 -0.000000 -1.000000
vn 0.000000 0.000000 -1.000000
vn 0.000000 0.000000 -1.000000
vn 0.000000 0.000000 -1.000000
vn 0.000000 -0.000000 -1.000000
vn 0.000000 0.000000 -1.000000
vn 0.000000 0.000000 -1.000000
vn 0.000000 0.000000 -1.000000
vn 0.000000 0.000000 -1.000000
vn 0.000000 -0.000000 -1.000000
vn 0.000000 0.000000 -1.000000
vn 0.000000 0.000000 -1.000000
vn 0.000000 -0.000000 -1.000000
vn 0.000000 0.000000 -1.000000
vn 0.000000 0.000000 -1.000000
vn 0.000000 0.000000 -1.000000
vn 0.000000 -0.000000 -1.000000
vn 0.000000 0.000000 -1.000000
vn 0.000000 0.000000 -1.000000
vn 0.000000 -0.000000 -1.000000
vn 0.000000 0.000000 -1.000000
vn 0.000000 0.000000 -1.000000
vn 0.000000 0.000000 -1.000000
vn 0.000000 -0.000000 -1.000000
vn 0.000000 0.000000 -1.000000
vn 0.000000 0.000000 -1.000000
vn 0.000000 0.000000 -1.000000
vn 0.000000 0.000000 -1.000000
vn 0.000000 0.000000 -1.000000
vn 0.000000 -0.000000 -1.000000
vn 0.000000 0.000000 -1.000000
vn 0.000000 0.000000 -1.000000
vn 0.000000 -0.000000 -1.000000
vn 0.000000 0.000000 -1.000000
vn 0.000000 0.000000 -1.000000
vn 0.000000 -0.000000 -1.000000
vn 0.000000 0.000000 -1.000000
vn 0.000000 0.000000 -1.000000
vn 0.000000 -0.000000 -1.000000
vn 0.000000 0.000000 -1.000000
vn 0.000000 0.000000 -1.000000
vn 0.000000 0.000000 -1.000000
vn 0.000000 0.000000 -1.000000
vn 0.000000 -0.000000 -1.000000
vn 0.000000 0.000000 -1.000000
vn 0.000000 0.000000 -1.000000
vn 0.000000 -0.000000 -1.000000
vn 0.000000 0.000000 -1.000000
vn 0.000000 0.000000 -1.000000
vn 0.000000 0.000000 -1.000000
vn 0.000000 0.000000 -1.000000
vn 0.000000 0.000000 -1.000000
vn 0.000000 -0.000000 -1.000000
vn 0.000000 0.000000 -1.000000
vn 0.000000 0.000000 -1.000000
vn 0.000000 -0.000000 -1.000000
vn 0.000000 0.000000 -1.000000
vn 0.000000 0.000000 -1.000000
vn 0.000000 0.000000 -1.000000
vn 0.000000 -0.000000 -1.000000
vn 0.000000 0.000000 -1.000000
vn 0.000000 0.000000 -1.000000
vn 0.000000 0.000000 -1.000000
vn 0.000000 0.000000 -1.000000
vn 0.000000 -0.000000 -1.000000
vn 0.000000 0.000000 -1.000000
vn 0.000000 0.000000 -1.000000
vn 0.000000 0.000000 -1.000000
vn 0.000000 -0.000000 -1.000000
vn 0.000000 0.000000 -1.000000
vn 0.000000 0.000000 -1.000000
vn 0.000000 -0.000000 -1.000000
vn 0.000000 0.000000 -1.000000
vn 0.000000 0.000000 -1.000000
vn 0.000000 0.000000 -1.000000
vn 0.000000 -0.000000 -1.000000
vn 0.000000 0.000000 -1.000000
vn 0.000000 0.000000 -1.000000
vn 0.000000 0.000000 -1.000000
vn 0.000000 -0.000000 -1.000000
vn 0.000000 0.000000 -1.000000
vn 0.000000 0.000000 -1.000000
vn 0.000000 -0.000000 -1.000000
vn 0.000000 0.000000 -1.000000
vn 0.000000 0.000000 -1.000000
vn 0.000000 0.000000 -1.000000
vn 0.000000 0.000000 -1.000000
vn 0.000000 -0.000000 -1.000000
vn 0.000000 0.000000 -1.000000
vn 0.000000 0.000000 -1.000000
vn 0.000000 0.000000 -1.000000
vn 0.000000 0.000000 -1.000000
vn 0.000000 -0.000000 -1.000000
vn 0.000000 0.000000 -1.000000
vn -0.707107 0.000018 -0.707107
vn -0.707107 0.000000 -0.707107
vn -0.707107 -0.000006 -0.707107
vn -0.707107 -0.000000 -0.707107
vn -0.707107 0.000006 -0.707107
vn -0.707107 0.000000 -0.707107
vn -0.707107 -0.000018 -0.707107
vn -0.707107 -0.000000 -0.707107
vn 0.000000 -0.707112 -0.707101
vn -0.000000 -0.707103 -0.707111
vn -0.000000 -0.707109 -0.707105
vn 0.000000 -0.707104 -0.707110
vn 0.000000 -0.707108 -0.707106
vn 0.000000 -0.707109 -0.707104
vn 0.000000 -0.707106 -0.707108
vn -0.000000 -0.707107 -0.707107
vn -0.000000 -0.707104 -0.707110
vn -0.000000 -0.707104 -0.707110
vn -0.000000 -0.707105 -0.707108
vn 0.000000 -0.707109 -0.707104
vn 0.000000 -0.707109 -0.707105
vn 0.000000 -0.707108 -0.707105
vn 0.000000 -0.707105 -0.707108
vn 0.000000 -0.707105 -0.707108
vn 0.000000 -0.707106 -0.707107
vn 0.000000 -0.707106 -0.707107
vn 0.000000 -0.707109 -0.707105
vn 0.000000 -0.707109 -0.707105
vn 0.000000 -1.000000 0.000000
vn 0.000000 -1.000000 0.000000
vn -0.546097 0.467171 -0.695363
vn -0.540058 0.453779 -0.708817
vn -0.551738 0.447030 -0.704094
vn -0.554378 0.437220 -0.708169
vn -0.551753 0.447060 -0.704064
vn -0.562879 0.429222 -0.706354
vn -0.568090 0.420266 -0.707566
vn -0.562973 0.431753 -0.704735
vn -0.574876 0.411658 -0.707146
vn -0.573832 0.416247 -0.705305
vn -0.583233 0.403277 -0.705129
vn -0.586834 0.393969 -0.707400
vn -0.583364 0.399821 -0.706986
vn -0.594239 0.384369 -0.706499
vn -0.594078 0.385236 -0.706162
vn -0.598460 0.376057 -0.707409
vn -0.604416 0.368442 -0.706351
vn -0.604807 0.367059 -0.706737
vn -0.611068 0.355103 -0.707459
vn -0.614051 0.352177 -0.706338
vn -0.621420 0.334678 -0.708398
vn -0.613664 0.358131 -0.703675
vn -0.614039 0.348650 -0.708095
vn -0.623363 0.339489 -0.704391
vn -0.653757 0.291239 -0.698413
vn -0.644505 0.283194 -0.710221
vn -0.632056 0.318939 -0.706246
vn -0.638019 0.300842 -0.708820
vn -0.630708 0.335811 -0.699598
vn -0.621534 0.330926 -0.710058
vn -0.629087 0.330081 -0.703773
vn -0.630168 0.320745 -0.707115
vn -0.634919 0.311319 -0.707078
vn -0.665965 0.270926 -0.695046
vn -0.660540 0.262640 -0.703354
vn -0.659899 0.253711 -0.707222
vn -0.663882 0.243872 -0.706956
vn -0.665703 0.270733 -0.695372
vn -0.643645 0.301251 -0.703540
vn -0.648232 0.284764 -0.706190
vn -0.652743 0.266187 -0.709275
vn -0.643678 0.301479 -0.703413
vn -0.644861 0.290144 -0.707086
vn -0.655120 0.266429 -0.706989
vn -0.637918 0.298571 -0.709870
vn -0.685057 0.193771 -0.702247
vn -0.682310 0.184551 -0.707385
vn -0.686031 0.172943 -0.706719
vn -0.672378 0.218137 -0.707336
vn -0.671916 0.233930 -0.702713
vn -0.671323 0.226991 -0.705550
vn -0.671841 0.233697 -0.702862
vn -0.652653 0.265427 -0.709643
vn -0.662528 0.249761 -0.706170
vn -0.655119 0.266430 -0.706990
vn -0.703105 0.123584 -0.700265
vn -0.697966 0.115737 -0.706716
vn -0.699035 0.104605 -0.707395
vn -0.691501 0.160442 -0.704333
vn -0.690946 0.150390 -0.707090
vn -0.693329 0.138955 -0.707098
vn -0.692734 0.163483 -0.702419
vn -0.681958 0.205061 -0.702057
vn -0.679858 0.197897 -0.706137
vn -0.688314 0.162439 -0.706992
vn -0.680945 0.190711 -0.707066
vn -0.667967 0.232348 -0.706990
vn -0.665452 0.231473 -0.709643
vn -0.667967 0.232350 -0.706989
vn -0.666021 0.230963 -0.709276
vn -0.674896 0.214032 -0.706191
vn -0.713170 0.051925 -0.699065
vn -0.706778 0.045273 -0.705985
vn -0.705694 0.034832 -0.707660
vn -0.709773 0.020148 -0.704143
vn -0.717738 0.003466 -0.696304
vn -0.704920 0.090472 -0.703493
vn -0.702842 0.080952 -0.706725
vn -0.703441 0.069715 -0.707327
vn -0.705451 0.091334 -0.702849
vn -0.698114 0.127217 -0.704594
vn -0.696725 0.121043 -0.707052
vn -0.688316 0.162438 -0.706990
vn -0.695765 0.126789 -0.706990
vn -0.676264 0.196852 -0.709871
vn -0.679041 0.197661 -0.706989
vn -0.677846 0.195204 -0.708816
vn -0.685309 0.177685 -0.706243
vn -0.679041 0.197659 -0.706990
vn -0.713626 -0.001479 -0.700525
vn -0.707105 0.054733 -0.704987
vn -0.706823 0.022377 -0.707037
vn -0.705399 0.050067 -0.707040
vn -0.701371 0.090807 -0.706989
vn -0.701370 0.090806 -0.706990
vn -0.695766 0.126788 -0.706990
vn -0.688318 0.162438 -0.706988
vn -0.685320 0.161729 -0.710057
vn -0.687706 0.158841 -0.708400
vn -0.693724 0.140826 -0.706339
vn -0.688317 0.162436 -0.706990
vn -0.706989 0.018210 -0.706990
vn -0.706990 0.018205 -0.706989
vn -0.705116 0.054579 -0.706989
vn -0.705115 0.054578 -0.706990
vn -0.701370 0.090806 -0.706989
vn -0.701370 0.090807 -0.706989
vn -0.692584 0.126210 -0.710210
vn -0.695767 0.126790 -0.706988
vn -0.695588 0.121963 -0.708013
vn -0.700126 0.103573 -0.706467
vn -0.695767 0.126788 -0.706989
vn -0.705115 0.054581 -0.706990
vn -0.706987 0.018201 -0.706992
vn -0.705113 0.054578 -0.706992
vn -0.701370 0.090807 -0.706989
vn -0.701453 0.084706 -0.707664
vn -0.704492 0.066035 -0.706633
vn -0.698052 0.090378 -0.710321
vn -0.701370 0.090806 -0.706990
vn -0.701703 0.054316 -0.710396
vn -0.705115 0.054580 -0.706990
vn -0.705288 0.047157 -0.707351
vn -0.706810 0.028331 -0.706835
vn -0.700640 0.009352 -0.713453
vn -0.705115 0.054581 -0.706989
vn -0.706990 0.018210 -0.706989
vn 0.000000 0.000000 -1.000000
vn 0.000000 -0.000000 -1.000000
vn 0.000000 0.000000 -1.000000
vn 0.000000 0.000000 -1.000000
vn 0.000000 0.000000 -1.000000
vn 0.000000 0.000000 -1.000000
vn 0.000000 -0.000000 -1.000000
vn 0.000000 0.000000 -1.000000
vn 0.000000 0.000000 -1.000000
vn 0.000000 0.000000 -1.000000
vn 0.000000 -0.000000 -1.000000
vn 0.000000 0.000000 -1.000000
vn 0.000000 0.000000 -1.000000
vn 0.000000 0.000000 -1.000000
vn 0.000000 -0.000000 -1.000000
vn 0.000000 0.000000 -1.000000
vn 0.000000 0.000000 -1.000000
vn 0.000000 -0.000000 -1.000000
vn 0.000000 0.000000 -1.000000
vn 0.000000 0.000000 -1.000000
vn 0.000000 0.000000 -1.000000
vn 0.000000 0.000000 -1.000000
vn 0.000000 -0.000000 -1.000000
vn 0.000000 0.000000 -1.000000
vn 0.000000 0.000000 -1.000000
vn 0.000000 0.000000 -1.000000
vn 0.000000 -0.000000 -1.000000
vn 0.000000 0.000000 -1.000000
vn 0.000000 0.000000 -1.000000
vn 0.000000 0.000000 -1.000000
vn 0.000000 -0.000000 -1.000000
vn 0.000000 0.000000 -1.000000
vn 0.000000 0.000000 -1.000000
vn 0.000000 0.000000 -1.000000
vn 0.000000 -0.000000 -1.000000
vn 0.000000 0.000000 -1.000000
vn 0.000000 0.000000 -1.000000
vn 0.000000 0.000000 -1.000000
vn 0.000000 -0.000000 -1.000000
vn 0.000000 0.000000 -1.000000
vn 0.000000 0.000000 -1.000000
vn 0.000000 0.000000 -1.000000
vn 0.000000 -0.000000 -1.000000
vn 0.000000 0.000000 -1.000000
vn 0.000000 0.000000 -1.000000
vn 0.000000 0.000000 -1.000000
vn 0.000000 -0.000000 -1.000000
vn 0.000000 0.000000 -1.000000
vn 0.000000 0.000000 -1.000000
vn 0.000000 0.000000 -1.000000
vn 0.000000 -0.000000 -1.000000
vn 0.000000 0.000000 -1.000000
vn 0.000000 0.000000 -1.000000
vn 0.000000 -0.000000 -1.000000
vn 0.000000 0.000000 -1.000000
vn 0.000000 0.000000 -1.000000
vn 0.000000 0.000000 -1.000000
vn 0.000000 0.000000 -1.000000
vn 0.000000 -0.000000 -1.000000
vn 0.000000 0.000000 -1.000000
vn 0.000000 0.000000 -1.000000
vn 0.000000 -0.000000 -1.000000
vn 0.000000 0.000000 -1.000000
vn 0.000000 0.000000 -1.000000
vn 0.000000 0.000000 -1.000000
vn 0.000000 -0.000000 -1.000000
vn 0.000000 0.000000 -1.000000
vn 0.000000 0.000000 -1.000000
vn 0.000000 0.000000 -1.000000
vn 0.000000 -0.000000 -1.000000
vn 0.000000 0.000000 -1.000000
vn 0.000000 0.000000 -1.000000
vn 0.000000 0.000000 -1.000000
vn 0.000000 -0.000000 -1.000000
vn 0.000000 0.000000 -1.000000
vn 0.000000 0.000000 -1.000000
vn 0.000000 0.000000 -1.000000
vn 0.000000 -0.000000 -1.000000
vn 0.000000 0.000000 -1.000000
vn 0.000000 0.000000 -1.000000
vn 0.000000 0.000000 -1.000000
vn 0.000000 -0.000000 -1.000000
vn 0.000000 0.000000 -1.000000
vn 0.000000 0.000000 -1.000000
vn 0.000000 0.000000 -1.000000
vn 0.000000 -0.000000 -1.000000
vn 0.000000 0.000000 -1.000000
vn 0.000000 0.000000 -1.000000
vn 0.000000 0.000000 -1.000000
vn 0.000000 -0.000000 -1.000000
vn 0.000000 0.000000 -1.000000
vn 0.000000 0.000000 -1.000000
vn 0.000000 0.000000 -1.000000
vn 0.000000 -0.000000 -1.000000
vn 0.000000 0.000000 -1.000000
vn 0.000000 0.000000 -1.000000
vn 0.000000 0.000000 -1.000000
vn 0.000000 0.000000 -1.000000
vn 0.000000 -0.000000 -1.000000
vn 0.000000 0.000000 -1.000000
vn 0.000000 0.000000 -1.000000
vn 0.000000 0.000000 -1.000000
vn 0.000000 -0.000000 -1.000000
vn 0.000000 0.000000 -1.000000
vn 0.000000 0.000000 -1.000000
vn 0.000000 -0.000000 -1.000000
vn 0.000000 0.000000 -1.000000
vn 0.000000 0.000000 -1.000000
vn 0.000000 0.000000 -1.000000
vn 0.000000 -0.000000 -1.000000
vn 0.000000 0.000000 -1.000000
vn 0.000000 0.000000 -1.000000
vn 0.000000 0.000000 -1.000000
vn 0.000000 0.000000 -1.000000
vn 0.000000 -0.000000 -1.000000
vn 0.000000 -0.000000 -1.000000
vn 0.000000 0.000000 -1.000000
vn 0.000000 0.000000 -1.000000
vn 0.000000 0.000000 -1.000000
vn 0.000000 0.000000 -1.000000
vn 0.000000 -0.000000 -1.000000
vn 0.000000 0.000000 -1.000000
vn 0.000000 0.000000 -1.000000
vn 0.000000 -0.000000 -1.000000
vn 0.000000 0.000000 -1.000000
vn 0.000000 0.000000 -1.000000
vn 0.000000 0.000000 -1.000000
vn 0.000000 -0.000000 -1.000000
vn 0.000000 0.000000 -1.000000
vn 0.000000 0.000000 -1.000000
vn 0.000000 0.000000 -1.000000
vn 0.000000 0.000000 -1.000000
vn 0.000000 -0.000000 -1.000000
vn 0.000000 0.000000 -1.000000
vn 0.000000 0.000000 -1.000000
vn 0.000000 -0.000000 -1.000000
vn 0.000000 0.000000 -1.000000
vn 0.000000 0.000000 -1.000000
vn 0.000000 0.000000 -1.000000
vn 0.000000 0.000000 -1.000000
vn 0.000000 0.000000 -1.000000
vn 0.000000 0.000000 -1.000000
vn 0.000000 -0.000000 -1.000000
vn 0.000000 -0.000000 -1.000000
vn 0.000000 0.000000 -1.000000
vn 0.000000 0.000000 -1.000000
vn 0.000000 0.000000 -1.000000
vn 0.000000 -0.000000 -1.000000
vn 0.000000 0.000000 -1.000000
vn 0.000000 0.000000 -1.000000
vn 0.000000 0.000000 -1.000000
vn 0.000000 -0.000000 -1.000000
vn 0.000000 0.000000 -1.000000
vn 0.000000 0.000000 -1.000000
vn 0.000000 0.000000 -1.000000
vn 0.000000 0.000000 -1.000000
vn 0.000000 0.000000 -1.000000
vn 0.000000 0.000000 -1.000000
vn 0.000000 -0.000000 -1.000000
vn 0.000000 -0.000000 -1.000000
vn 0.000000 0.000000 -1.000000
vn 0.000000 0.000000 -1.000000
vn 0.000000 0.000000 -1.000000
vn 0.000000 -0.000000 -1.000000
vn 0.000000 0.000000 -1.000000
vn 0.000000 0.000000 -1.000000
vn 0.000000 0.000000 -1.000000
vn 0.000000 -0.000000 -1.000000
vn 0.000000 0.000000 -1.000000
vn 0.000000 0.000000 -1.000000
vn 0.000000 0.000000 -1.000000
vn 0.000000 0.000000 -1.000000
vn 0.000000 -0.000000 -1.000000
vn 0.000000 0.000000 -1.000000
vn 0.000000 0.000000 -1.000000
vn 0.000000 0.000000 -1.000000
vn 0.000000 -0.000000 -1.000000
vn 0.000000 0.000000 -1.000000
vn 0.000000 0.000000 -1.000000
vn 0.000000 0.000000 -1.000000
vn 0.000000 -0.000000 -1.000000
vn 0.000000 0.000000 -1.000000
vn 0.000000 0.000000 -1.000000
vn 0.000000 0.000000 -1.000000
vn 0.000000 -0.000000 -1.000000
vn 0.000000 0.000000 -1.000000
vn 0.000000 0.000000 -1.000000
vn 0.000000 0.000000 -1.000000
vn 0.000000 -0.000000 -1.000000
vn 0.000000 0.000000 -1.000000
vn 0.000000 0.000000 -1.000000
vn 0.000000 0.000000 -1.000000
vn 0.000000 0.000000 -1.000000
vn 0.000000 0.000000 -1.000000
vn 0.000000 0.000000 -1.000000
vn 0.000000 -0.000000 -1.000000
vn 0.000000 -0.000000 -1.000000
vn 0.000000 0.000000 -1.000000
vn 0.000000 0.000000 -1.000000
vn 0.000000 0.000000 -1.000000
vn 0.000000 0.000000 -1.000000
vn 0.000000 0.000000 -1.000000
vn 0.000000 0.000000 -1.000000
vn 0.000000 -0.000000 -1.000000
vn 0.000000 -0.000000 -1.000000
vn 0.000000 0.000000 -1.000000
vn 0.000000 0.000000 -1.000000
vn 0.000000 0.000000 -1.000000
vn 0.000000 -0.000000 -1.000000
vn 0.000000 0.000000 -1.000000
vn 0.000000 0.000000 -1.000000
vn 0.000000 0.000000 -1.000000
vn 0.000000 0.000000 -1.000000
vn 0.000000 0.000000 -1.000000
vn 0.000000 0.000000 -1.000000
vn 0.000000 0.000000 -1.000000
vn 0.000000 0.000000 -1.000000
vn 0.000000 0.000000 -1.000000
vn 0.000000 -0.000000 -1.000000
vn 0.000000 0.000000 -1.000000
vn 0.000000 0.000000 -1.000000
vn 0.000000 0.000000 -1.000000
vn 0.000000 0.000000 -1.000000
vn 0.000000 -0.000000 -1.000000
vn 0.000000 0.000000 -1.000000
vn 0.000000 0.000000 -1.000000
vn 0.000000 0.000000 -1.000000
vn 0.000000 0.000000 -1.000000
vn 0.000000 0.000000 -1.000000
vn 0.000000 0.000000 -1.000000
vn 0.000000 0.000000 -1.000000
vn 0.000000 0.000000 -1.000000
vn 0.000000 0.000000 -1.000000
vn 0.000000 -0.000000 -1.000000
vn 0.000000 0.000000 -1.000000
vn 0.000000 0.000000 -1.000000
vn 0.000000 0.000000 -1.000000
vn 0.000000 0.000000 -1.000000
vn 0.000000 0.000000 -1.000000
vn 0.000000 0.000000 -1.000000
vn 0.000000 0.000000 -1.000000
vn 0.000000 0.000000 -1.000000
vn 0.000000 0.000000 -1.000000
vn 0.000000 0.000000 -1.000000
vn 0.000000 0.000000 -1.000000
vn 0.000000 0.000000 -1.000000
vn 0.000000 -0.000000 -1.000000
vn 0.000000 -0.000000 -1.000000
vn 0.000000 0.000000 -1.000000
vn 0.000000 -0.000000 -1.000000
vn 0.000000 0.000000 -1.000000
vn 0.000000 0.000000 -1.000000
vn 0.000000 0.000000 -1.000000
vn 0.000000 0.000000 -1.000000
vn 0.000000 0.000000 -1.000000
vn 0.000000 0.000000 -1.000000
vn 0.000000 0.000000 -1.000000
vn 0.000000 -0.000000 -1.000000
vn 0.000000 -0.000000 -1.000000
vn 0.000000 0.000000 -1.000000
vn 0.000000 0.000000 -1.000000
vn 0.000000 0.000000 -1.000000
vn 0.000000 -0.000000 -1.000000
vn 0.000000 0.000000 -1.000000
vn 0.000000 0.000000 -1.000000
vn 0.000000 -0.000000 -1.000000
vn 0.000000 0.000000 -1.000000
vn 0.000000 0.000000 -1.000000
vn 0.000000 0.000000 -1.000000
vn 0.000000 0.000000 -1.000000
vn 0.000000 0.000000 -1.000000
vn 0.000000 0.000000 -1.000000
vn 0.000000 -0.000000 -1.000000
vn 0.000000 -0.000000 -1.000000
vn 0.000000 0.000000 -1.000000
vn 0.000000 0.000000 -1.000000
vn 0.000000 0.000000 -1.000000
vn 0.000000 -0.000000 -1.000000
vn 0.000000 0.000000 -1.000000
vn 0.000000 0.000000 -1.000000
vn 0.000000 0.000000 -1.000000
vn 0.000000 0.000000 -1.000000
vn 0.000000 0.000000 -1.000000
vn 0.000000 0.000000 -1.000000
vn 0.000000 -0.000000 -1.000000
vn 0.000000 0.000000 -1.000000
vn 0.000000 0.000000 -1.000000
vn 0.000000 0.000000 -1.000000
vn 0.000000 0.000000 -1.000000
vn 0.000000 -0.000000 -1.000000
vn 0.000000 -0.000000 -1.000000
vn 0.000000 0.000000 -1.000000
vn 0.000000 0.000000 -1.000000
vn 0.000000 0.000000 -1.000000
vn 0.000000 0.000000 -1.000000
vn 0.000000 0.000000 -1.000000
vn 0.000000 0.000000 -1.000000
vn 0.000000 -0.000000 -1.000000
vn 0.000000 -0.000000 -1.000000
vn 0.000000 0.000000 -1.000000
vn 0.000000 0.000000 -1.000000
vn 0.000000 0.000000 -1.000000
vn 0.000000 0.000000 -1.000000
vn 0.000000 0.000000 -1.000000
vn 0.000000 -0.000000 -1.000000
vn 0.000000 -0.000000 -1.000000
vn 0.000000 0.000000 -1.000000
vn 0.000000 0.000000 -1.000000
vn 0.000000 0.000000 -1.000000
vn 0.000000 -0.000000 -1.000000
vn 0.000000 0.000000 -1.000000
vn 0.000000 0.000000 -1.000000
vn 0.000000 0.000000 -1.000000
vn 0.000000 0.000000 -1.000000
vn 0.000000 0.000000 -1.000000
vn 0.000000 0.000000 -1.000000
vn 0.000000 0.000000 -1.000000
vn 0.000000 -0.000000 -1.000000
vn 0.000000 -0.000000 -1.000000
vn 0.000000 0.000000 -1.000000
vn 0.000000 0.000000 -1.000000
vn 0.000000 -0.000000 -1.000000
vn 0.000000 0.000000 -1.000000
vn 0.000000 0.000000 -1.000000
vn 0.000000 0.000000 -1.000000
vn 0.000000 0.000000 -1.000000
vn 0.000000 0.000000 -1.000000
vn 0.000000 0.000000 -1.000000
vn 0.000000 0.000000 -1.000000
vn 0.000000 -0.000000 -1.000000
vn 0.000000 -0.000000 -1.000000
vn 0.000000 0.000000 -1.000000
vn 0.000000 0.000000 -1.000000
vn 0.000000 0.000000 -1.000000
vn 0.000000 -0.000000 -1.000000
vn 0.000000 0.000000 -1.000000
vn 0.000000 0.000000 -1.000000
vn 0.000000 -0.000000 -1.000000
vn 0.000000 0.000000 -1.000000
vn 0.000000 0.000000 -1.000000
vn 0.000000 0.000000 -1.000000
vn 0.000000 0.000000 -1.000000
vn 0.000000 0.000000 -1.000000
vn 0.000000 0.000000 -1.000000
vn 0.000000 0.000000 -1.000000
vn 0.000000 0.000000 -1.000000
vn 0.000000 0.000000 -1.000000
vn 0.000000 -0.000000 -1.000000
vn 0.000000 0.000000 -1.000000
vn 0.000000 0.000000 -1.000000
vn 0.000000 0.000000 -1.000000
vn 0.000000 0.000000 -1.000000
vn 0.000000 -0.000000 -1.000000
vn 0.000000 0.000000 -1.000000
vn 0.000000 0.000000 -1.000000
vn 0.000000 0.000000 -1.000000
vn 0.000000 0.000000 -1.000000
vn 0.000000 0.000000 -1.000000
vn 0.000000 0.000000 -1.000000
vn 0.000000 0.000000 -1.000000
vn 0.000000 -0.000000 -1.000000
vn 0.000000 0.000000 -1.000000
vn 0.000000 0.000000 -1.000000
vn 0.000000 0.000000 -1.000000
vn 0.000000 -0.000000 -1.000000
vn 0.000000 0.000000 -1.000000
vn 0.000000 0.000000 -1.000000
vn 0.000000 0.000000 -1.000000
vn 0.000000 -0.000000 -1.000000
vn 0.000000 0.000000 -1.000000
vn 0.000000 0.000000 -1.000000
vn 0.000000 0.000000 -1.000000
vn 0.000000 0.000000 -1.000000
vn 0.000000 -0.000000 -1.000000
vn 0.000000 0.000000 -1.000000
vn 0.000000 0.000000 -1.000000
vn 0.000000 -0.000000 -1.000000
vn 0.000000 0.000000 -1.000000
vn 0.000000 0.000000 -1.000000
vn 0.000000 0.000000 -1.000000
vn 0.000000 -0.000000 -1.000000
vn 0.000000 0.000000 -1.000000
vn 0.000000 0.000000 -1.000000
vn 0.000000 -0.000000 -1.000000
vn 0.000000 0.000000 -1.000000
vn 0.000000 0.000000 -1.000000
vn 0.000000 0.000000 -1.000000
vn 0.000000 -0.000000 -1.000000
vn 0.000000 0.000000 -1.000000
vn 0.000000 0.000000 -1.000000
vn 0.000000 0.000000 -1.000000
vn 0.000000 0.000000 -1.000000
vn 0.000000 0.000000 -1.000000
vn 0.000000 -0.000000 -1.000000
vn 0.000000 0.000000 -1.000000
vn 0.000000 0.000000 -1.000000
vn 0.000000 -0.000000 -1.000000
vn 0.000000 0.000000 -1.000000
vn 0.000000 0.000000 -1.000000
vn 0.000000 -0.000000 -1.000000
vn 0.000000 0.000000 -1.000000
vn 0.000000 0.000000 -1.000000
vn 0.000000 -0.000000 -1.000000
vn 0.000000 0.000000 -1.000000
vn 0.000000 0.000000 -1.000000
vn 0.000000 0.000000 -1.000000
vn 0.000000 0.000000 -1.000000
vn 0.000000 -0.000000 -1.000000
vn 0.000000 0.000000 -1.000000
vn 0.000000 0.000000 -1.000000
vn 0.000000 -0.000000 -1.000000
vn 0.000000 0.000000 -1.000000
vn 0.000000 0.000000 -1.000000
vn 0.000000 0.000000 -1.000000
vn 0.000000 0.000000 -1.000000
vn 0.000000 0.000000 -1.000000
vn 0.000000 -0.000000 -1.000000
vn 0.000000 0.000000 -1.000000
vn 0.000000 0.000000 -1.000000
vn 0.000000 -0.000000 -1.000000
vn 0.000000 0.000000 -1.000000
vn 0.000000 0.000000 -1.000000
vn 0.000000 0.000000 -1.000000
vn 0.000000 -0.000000 -1.000000
vn 0.000000 0.000000 -1.000000
vn 0.000000 0.000000 -1.000000
vn 0.000000 0.000000 -1.000000
vn 0.000000 0.000000 -1.000000
vn 0.000000 -0.000000 -1.000000
vn 0.000000 0.000000 -1.000000
vn 0.000000 0.000000 -1.000000
vn 0.000000 0.000000 -1.000000
vn 0.000000 -0.000000 -1.000000
vn 0.000000 0.000000 -1.000000
vn 0.000000 0.000000 -1.000000
vn 0.000000 -0.000000 -1.000000
vn 0.000000 0.000000 -1.000000
vn 0.000000 0.000000 -1.000000
vn 0.000000 0.000000 -1.000000
vn 0.000000 -0.000000 -1.000000
vn 0.000000 0.000000 -1.000000
vn 0.000000 0.000000 -1.000000
vn 0.000000 0.000000 -1.000000
vn 0.000000 -0.000000 -1.000000
vn 0.000000 0.000000 -1.000000
vn 0.000000 0.000000 -1.000000
vn 0.000000 -0.000000 -1.000000
vn 0.000000 0.000000 -1.000000
vn 0.000000 0.000000 -1.000000
vn 0.000000 0.000000 -1.000000
vn 0.000000 0.000000 -1.000000
vn 0.000000 -0.000000 -1.000000
vn 0.000000 0.000000 -1.000000
vn 0.000000 0.000000 -1.000000
vn 0.000000 0.000000 -1.000000
vn 0.000000 0.000000 -1.000000
vn 0.000000 -0.000000 -1.000000
vn 0.000000 0.000000 -1.000000
vn -0.759884 0.650059 0.000000
vn -0.759884 0.650059 0.000000
vn -0.776967 0.629541 0.000000
vn -0.776967 0.629541 0.000000
vn -0.793511 0.608556 0.000000
vn -0.793511 0.608556 0.000000
vn -0.809464 0.587170 0.000000
vn -0.809464 0.587170 0.000000
vn -0.824861 0.565336 0.000000
vn -0.824861 0.565336 0.000000
vn -0.839659 0.543113 0.000000
vn -0.853861 0.520500 0.000000
vn -0.839659 0.543113 0.000000
vn -0.853861 0.520500 0.000000
vn -0.867456 0.497513 0.000000
vn -0.880431 0.474174 0.000000
vn -0.867456 0.497513 0.000000
vn -0.880431 0.474174 0.000000
vn -0.892776 0.450500 0.000000
vn -0.892776 0.450500 0.000000
vn -0.904492 0.426491 0.000000
vn -0.904492 0.426491 0.000000
vn -0.915554 0.402196 0.000000
vn -0.915554 0.402196 0.000000
vn -0.925966 0.377607 0.000000
vn -0.925966 0.377607 0.000000
vn -0.935718 0.352749 0.000000
vn -0.935718 0.352749 0.000000
vn -0.944803 0.327638 0.000000
vn -0.944803 0.327638 0.000000
vn -0.953214 0.302296 0.000000
vn -0.953214 0.302296 0.000000
vn -0.960947 0.276731 0.000000
vn -0.960947 0.276731 0.000000
vn -0.967993 0.250978 0.000000
vn -0.967993 0.250978 0.000000
vn -0.974348 0.225047 0.000000
vn -0.974348 0.225047 0.000000
vn -0.980011 0.198943 0.000000
vn -0.980011 0.198943 0.000000
vn -0.984974 0.172703 0.000000
vn -0.984974 0.172703 0.000000
vn -0.989234 0.146342 0.000000
vn -0.989234 0.146342 0.000000
vn -0.992788 0.119887 0.000000
vn -0.992788 0.119887 0.000000
vn -0.995636 0.093325 0.000000
vn -0.995636 0.093325 0.000000
vn -0.997772 0.066713 0.000000
vn -0.997772 0.066713 0.000000
vn -0.999198 0.040051 0.000000
vn -0.999198 0.040051 0.000000
vn -0.999911 0.013347 0.000000
vn -0.999911 0.013347 0.000000
vn -0.012909 0.999917 0.000000
vn -0.012909 0.999917 0.000000
vn -0.038747 0.999249 0.000000
vn -0.064565 0.997914 0.000000
vn -0.038747 0.999249 0.000000
vn -0.064565 0.997914 0.000000
vn -0.006633 0.707090 -0.707092
vn -0.009156 0.709238 -0.704910
vn -0.020460 0.705254 -0.708659
vn -0.034067 0.703682 -0.709698
vn -0.027557 0.710674 -0.702981
vn -0.042747 0.708607 -0.704307
vn -0.046677 0.721441 -0.690901
vn 0.000005 0.707105 -0.707108
vn 0.000002 0.707106 -0.707108
vn -0.000001 0.707108 -0.707105
vn 0.000012 0.707098 -0.707115
vn -0.000016 0.707124 -0.707089
vn -0.000028 0.707138 -0.707076
vn 0.000059 0.707041 -0.707173
vn -0.000133 0.707262 -0.706952
vn 0.000172 0.706902 -0.707312
vn 0.000000 0.707110 -0.707103
vn 0.000000 0.707102 -0.707112
vn 0.000000 0.707110 -0.707104
vn 0.000000 0.707107 -0.707107
vn 0.000000 0.707101 -0.707113
vn -0.000000 0.707098 -0.707115
vn 0.000000 0.707115 -0.707099
vn -0.000000 0.707108 -0.707106
vn -0.000000 0.707112 -0.707102
vn -0.000000 0.707100 -0.707114
vn -0.000000 0.707103 -0.707111
vn 0.000000 0.707113 -0.707100
vn -0.000000 0.707108 -0.707106
vn 0.000000 0.707121 -0.707093
vn 0.000000 0.707094 -0.707120
vn 0.000000 0.707102 -0.707112
vn -0.000000 0.707108 -0.707105
vn -0.000000 0.707113 -0.707101
vn 0.000000 0.707115 -0.707099
vn 0.000000 0.707093 -0.707120
vn 0.000000 0.707130 -0.707083
vn 0.000003 0.707106 -0.707108
vn -0.000001 0.707104 -0.707109
vn -0.000007 0.707101 -0.707113
vn -0.000004 0.707103 -0.707111
vn 0.000034 0.707140 -0.707074
vn -0.000056 0.707045 -0.707169
vn 0.000032 0.707141 -0.707072
vn -0.000047 0.707051 -0.707163
vn 0.000131 0.707264 -0.706950
vn 0.000000 0.707105 -0.707108
vn -0.000001 0.707136 -0.707077
vn 0.000000 0.707096 -0.707118
vn -0.000000 0.707109 -0.707105
vn 0.000000 0.707100 -0.707114
vn 0.000000 0.707103 -0.707110
vn 0.000000 0.707105 -0.707109
vn -0.000001 0.707121 -0.707093
vn 0.000001 0.707093 -0.707120
vn 0.000001 0.707097 -0.707117
vn -0.000002 0.707130 -0.707083
vn 0.000002 0.707084 -0.707130
vn -0.000000 0.707108 -0.707106
vn 0.000001 0.707085 -0.707129
vn -0.000001 0.707128 -0.707086
vn 0.000000 0.707100 -0.707113
vn -0.000000 0.707107 -0.707107
vn -0.000000 0.707111 -0.707102
vn -0.000000 0.707107 -0.707107
vn -0.000000 0.707117 -0.707097
vn -0.000000 0.707105 -0.707108
vn 0.000000 0.707095 -0.707119
vn -0.000000 0.707100 -0.707114
vn 0.000000 -0.000000 -1.000000
vn 0.000000 0.000000 -1.000000
vn 0.000000 -0.000000 -1.000000
vn 0.000000 0.000000 -1.000000
vn 0.000000 -0.000000 -1.000000
vn 0.000000 0.000000 -1.000000
vn 0.000000 -0.000000 -1.000000
vn 0.000000 -0.000000 -1.000000
vn 0.000000 0.000000 -1.000000
vn 0.000000 0.000000 -1.000000
vn 0.000000 -0.000000 -1.000000
vn 0.000000 0.000000 -1.000000
vn 0.000000 -0.000000 -1.000000
vn 0.000000 0.000000 -1.000000
vn 0.000000 -0.000000 -1.000000
vn 0.000000 -0.000000 -1.000000
vn 0.000000 0.000000 -1.000000
vn 0.000000 0.000000 -1.000000
vn 0.000000 -0.000000 -1.000000
vn 0.000000 0.000000 -1.000000
vn -0.999908 -0.013578 0.000000
vn -0.999906 -0.013720 -0.000004
vn -0.999153 -0.041144 -0.000008
vn -0.999171 -0.040719 0.000004
vn -0.997648 -0.068538 -0.000011
vn -0.997697 -0.067835 0.000007
vn -0.995393 -0.095883 -0.000015
vn -0.995487 -0.094902 0.000011
vn -0.992387 -0.123155 -0.000018
vn -0.992544 -0.121891 0.000015
vn -0.988867 -0.148801 0.000018
vn -0.988635 -0.150337 -0.000022
vn -0.984463 -0.175592 0.000022
vn -0.984139 -0.177399 -0.000025
vn -0.979333 -0.202256 0.000025
vn -0.978901 -0.204335 -0.000029
vn -0.973480 -0.228771 0.000028
vn -0.972927 -0.231111 -0.000032
vn -0.966910 -0.255119 0.000031
vn -0.966222 -0.257712 -0.000035
vn -0.959624 -0.281286 0.000034
vn -0.958788 -0.284122 -0.000038
vn -0.951635 -0.307230 0.000037
vn -0.950630 -0.310326 -0.000041
vn -0.942944 -0.332953 0.000040
vn -0.941762 -0.336279 -0.000044
vn -0.933552 -0.358441 0.000043
vn -0.932182 -0.361991 -0.000046
vn -0.923478 -0.383652 0.000046
vn -0.921896 -0.387438 -0.000049
vn -0.912723 -0.408580 0.000049
vn -0.910923 -0.412576 -0.000052
vn -0.901289 -0.433218 0.000051
vn -0.899261 -0.437413 -0.000054
vn -0.889196 -0.457526 0.000054
vn -0.886924 -0.461915 -0.000057
vn -0.876445 -0.481502 0.000056
vn -0.873916 -0.486076 -0.000059
vn -0.863047 -0.505123 0.000059
vn -0.860253 -0.509868 -0.000061
vn -0.849018 -0.528364 0.000061
vn -0.845940 -0.533278 -0.000064
vn -0.834357 -0.551224 0.000063
vn -0.830994 -0.556282 -0.000066
vn -0.815420 -0.578870 -0.000068
vn -0.819079 -0.573681 0.000065
vn -0.799230 -0.601025 -0.000070
vn -0.803207 -0.595701 0.000067
vn -0.782442 -0.622724 -0.000072
vn -0.786733 -0.617293 0.000069
vn -0.765063 -0.643955 -0.000074
vn -0.769682 -0.638428 0.000071
vn -0.747112 -0.664698 -0.000076
vn -0.752065 -0.659089 0.000073
vn -0.728593 -0.684946 -0.000077
vn -0.733894 -0.679264 0.000074
vn -0.709529 -0.704676 -0.000079
vn -0.715175 -0.698946 0.000076
vn -0.689928 -0.723878 -0.000080
vn -0.695938 -0.718102 0.000078
vn -0.676186 -0.736731 0.000079
vn -0.669810 -0.742533 -0.000082
vn -0.655929 -0.754822 0.000081
vn -0.649189 -0.760627 -0.000083
vn -0.635195 -0.772352 0.000082
vn -0.628072 -0.778155 -0.000084
vn -0.613993 -0.789312 0.000083
vn -0.606491 -0.795090 -0.000086
vn -0.592323 -0.805701 0.000084
vn -0.584454 -0.811427 -0.000087
vn -0.570246 -0.821474 0.000085
vn -0.561972 -0.827156 -0.000088
vn -0.547717 -0.836664 0.000086
vn -0.539061 -0.842267 -0.000089
vn -0.524803 -0.851223 0.000087
vn -0.515756 -0.856736 -0.000090
vn -0.501497 -0.865159 0.000088
vn -0.492064 -0.870559 -0.000090
vn -0.477824 -0.878456 0.000089
vn -0.467985 -0.883737 -0.000091
vn -0.453801 -0.891103 0.000090
vn -0.443569 -0.896240 -0.000092
vn -0.429429 -0.903100 0.000090
vn -0.418820 -0.908069 -0.000092
vn -0.404759 -0.914423 0.000091
vn -0.393739 -0.919222 -0.000093
vn -0.379768 -0.925082 0.000091
vn -0.368390 -0.929671 -0.000093
vn -0.354523 -0.935047 0.000092
vn -0.342728 -0.939435 -0.000094
vn -0.328998 -0.944331 0.000092
vn -0.316837 -0.948480 -0.000094
vn -0.303245 -0.952913 0.000092
vn -0.290698 -0.956815 -0.000094
vn -0.277245 -0.960799 0.000092
vn -0.264335 -0.964431 -0.000094
vn -0.251071 -0.967969 0.000092
vn -0.237781 -0.971319 -0.000094
vn -0.224688 -0.974431 0.000092
vn -0.211044 -0.977477 -0.000094
vn -0.198151 -0.980171 0.000092
vn -0.184140 -0.982900 -0.000094
vn -0.171460 -0.985191 0.000092
vn -0.157111 -0.987581 -0.000094
vn -0.144655 -0.989482 0.000091
vn -0.129958 -0.991520 -0.000093
vn -0.102720 -0.994710 -0.000093
vn -0.117725 -0.993046 0.000091
vn -0.075372 -0.997155 -0.000092
vn -0.090724 -0.995876 0.000091
vn -0.047996 -0.998848 -0.000092
vn -0.063653 -0.997972 0.000090
vn -0.036540 -0.999332 0.000090
vn -0.020577 -0.999788 -0.000091
vn 0.006854 -0.999976 -0.000091
vn -0.009384 -0.999956 0.000089
vn 0.034287 -0.999412 -0.000090
vn 0.017771 -0.999842 0.000088
vn 0.061704 -0.998094 -0.000089
vn 0.044913 -0.998991 0.000088
vn 0.089053 -0.996027 -0.000088
vn 0.072012 -0.997404 0.000086
vn 0.116346 -0.993209 -0.000087
vn 0.099068 -0.995081 0.000085
vn 0.143542 -0.989644 -0.000086
vn 0.126056 -0.992023 0.000084
vn 0.170653 -0.985331 -0.000085
vn 0.152944 -0.988235 0.000083
vn 0.197613 -0.980280 -0.000083
vn 0.179720 -0.983718 0.000082
vn 0.224419 -0.974493 -0.000082
vn 0.206355 -0.978477 0.000080
vn 0.251086 -0.967965 -0.000081
vn 0.232852 -0.972512 0.000079
vn 0.277546 -0.960712 -0.000079
vn 0.259176 -0.965830 0.000078
vn 0.303794 -0.952738 -0.000078
vn 0.285295 -0.958440 0.000076
vn 0.329810 -0.944047 -0.000076
vn 0.311225 -0.950336 0.000075
vn 0.355600 -0.934638 -0.000074
vn 0.336906 -0.941538 0.000073
vn 0.381098 -0.924535 0.000233
vn 0.406310 -0.913735 -0.000140
vn 0.362348 -0.932043 0.000071
vn 0.385695 -0.922626 -0.000108
vn 0.387521 -0.921861 0.000000
vn 0.431234 -0.902240 -0.000200
vn 0.415580 -0.909557 0.000279
vn 0.455830 -0.890067 -0.000180
vn 0.445941 -0.895063 0.000304
vn 0.480066 -0.877232 -0.000224
vn 0.470713 -0.882286 0.000135
vn 0.503953 -0.863731 -0.000209
vn 0.490365 -0.871517 0.000149
vn 0.527464 -0.849577 -0.000253
vn 0.514200 -0.857670 0.000335
vn 0.550570 -0.834789 -0.000232
vn 0.541701 -0.840571 0.000352
vn 0.573263 -0.819372 -0.000246
vn 0.566561 -0.824020 0.000239
vn 0.595525 -0.803337 -0.000262
vn 0.589079 -0.808075 0.000253
vn 0.617346 -0.786692 -0.000068
vn 0.613799 -0.789462 0.000361
vn 0.638692 -0.769463 0.000074
vn 0.639056 -0.769160 0.000124
vn 0.659564 -0.751648 -0.000110
vn 0.661545 -0.749906 0.000158
vn 0.678270 -0.734812 -0.000127
vn 0.679929 -0.733278 -0.000341
vn 0.691137 -0.722724 0.000177
vn 0.699791 -0.714348 -0.000441
vn 0.706868 -0.707345 0.000413
vn 0.719127 -0.694879 -0.000428
vn 0.725551 -0.688168 0.000400
vn 0.737920 -0.674888 -0.000413
vn 0.743713 -0.668499 0.000384
vn 0.756164 -0.654382 -0.000397
vn 0.761347 -0.648344 0.000365
vn 0.773823 -0.633402 -0.000378
vn 0.778434 -0.627726 0.000346
vn 0.790912 -0.611930 -0.000356
vn 0.794960 -0.606662 0.000323
vn 0.807401 -0.590003 -0.000333
vn 0.810915 -0.585164 0.000298
vn 0.823286 -0.567627 -0.000308
vn 0.826297 -0.563235 0.000272
vn 0.838543 -0.544835 -0.000280
vn 0.841077 -0.540915 0.000243
vn 0.853177 -0.521621 -0.000250
vn 0.855258 -0.518202 0.000212
vn 0.867166 -0.498019 -0.000218
vn 0.868826 -0.495118 0.000179
vn 0.880504 -0.474038 -0.000184
vn 0.881770 -0.471679 0.000143
vn 0.893175 -0.449709 -0.000148
vn 0.894085 -0.447897 0.000106
vn 0.902859 -0.429936 -0.000063
vn 0.905178 -0.425032 -0.000455
vn 0.908432 -0.418032 0.000017
vn 0.913866 -0.406017 -0.000020
vn 0.916495 -0.400046 -0.000435
vn 0.920872 -0.389866 0.000265
vn 0.927127 -0.374747 -0.000359
vn 0.929359 -0.369177 0.000142
vn 0.937059 -0.349172 -0.000179
vn 0.937422 -0.348196 -0.000073
vn 0.946284 -0.323337 -0.000267
vn 0.944994 -0.327087 0.000065
vn 0.954800 -0.297247 -0.000349
vn 0.952118 -0.305732 0.000205
vn 0.958795 -0.284097 0.000244
vn 0.962595 -0.270945 -0.000340
vn 0.965014 -0.262198 0.000199
vn 0.969666 -0.244433 -0.000253
vn 0.970761 -0.240047 0.000082
vn 0.976006 -0.217744 -0.000101
vn 0.976027 -0.217648 -0.000092
vn 0.980771 -0.195165 0.000077
vn 0.981613 -0.190881 -0.000225
vn 0.985017 -0.172455 0.000178
vn 0.986479 -0.163885 -0.000288
vn 0.988758 -0.149523 0.000215
vn 0.990605 -0.136756 -0.000293
vn 0.991981 -0.126388 0.000195
vn 0.993983 -0.109534 -0.000247
vn 0.994676 -0.103052 0.000131
vn 0.996614 -0.082219 -0.000156
vn 0.996831 -0.079545 0.000026
vn 0.998437 -0.055896 -0.000028
vn 0.998495 -0.054842 -0.000102
vn 0.999483 -0.032158 0.000086
vn 0.999623 -0.027439 -0.000189
vn 0.999966 -0.008268 0.000157
vn 1.000000 0.000000 -0.000238
vn 0.999876 0.015764 0.000191
vn 0.999623 0.027439 -0.000251
vn 0.999204 0.039902 0.000192
vn 0.998495 0.054842 -0.000237
vn 0.997939 0.064170 0.000168
vn 0.996614 0.082219 -0.000197
vn 0.996076 0.088507 0.000121
vn 0.993983 0.109534 -0.000139
vn 0.993601 0.112943 0.000057
vn 0.990605 0.136756 -0.000064
vn 0.990512 0.137430 -0.000021
vn 0.986479 0.163885 -0.000095
vn 0.986803 0.161927 0.000020
vn 0.981613 0.190881 -0.000146
vn 0.982463 0.186459 0.000085
vn 0.976006 0.217744 -0.000181
vn 0.977487 0.210995 0.000131
vn 0.969666 0.244433 -0.000201
vn 0.971864 0.235544 0.000160
vn 0.962595 0.270945 -0.000210
vn 0.965592 0.260062 0.000177
vn 0.954801 0.297247 -0.000209
vn 0.958659 0.284557 0.000182
vn 0.946284 0.323337 -0.000201
vn 0.951066 0.308989 0.000180
vn 0.937059 0.349172 -0.000187
vn 0.942804 0.333347 0.000171
vn 0.933873 0.357606 0.000157
vn 0.927127 0.374747 -0.000170
vn 0.924264 0.381755 0.000141
vn 0.916497 0.400041 -0.000150
vn 0.913983 0.405752 0.000122
vn 0.905173 0.425043 -0.000129
vn 0.903014 0.429612 0.000102
vn 0.893181 0.449698 -0.000108
vn 0.891369 0.453278 0.000083
vn 0.880501 0.474044 -0.000086
vn 0.879037 0.476754 0.000065
vn 0.867511 0.497418 -0.000062
vn 0.867166 0.498019 -0.000095
vn 0.857011 0.515298 0.000069
vn 0.853181 0.521615 -0.000179
vn 0.838539 0.544842 0.000408
vn 0.844411 0.535695 0.000000
vn 0.842680 0.538415 -0.000175
vn 0.829595 0.558365 0.000089
vn 0.823286 0.567627 -0.000091
vn 0.814169 0.580627 0.000089
vn 0.807396 0.590010 -0.000092
vn 0.798137 0.602475 0.000090
vn 0.790917 0.611923 -0.000093
vn 0.781521 0.623879 0.000091
vn 0.773823 0.633402 -0.000093
vn 0.764338 0.644815 0.000091
vn 0.756164 0.654382 -0.000094
vn 0.746593 0.665281 0.000092
vn 0.737920 0.674888 -0.000094
vn 0.728292 0.685267 0.000092
vn 0.719127 0.694879 -0.000094
vn 0.709472 0.704734 0.000092
vn 0.699798 0.714341 -0.000094
vn 0.690123 0.723692 0.000092
vn 0.679922 0.733285 -0.000094
vn 0.670253 0.742132 0.000091
vn 0.659564 0.751648 -0.000094
vn 0.649913 0.760009 0.000091
vn 0.638700 0.769456 -0.000093
vn 0.629095 0.777328 0.000091
vn 0.617329 0.786705 -0.000093
vn 0.607787 0.794100 0.000090
vn 0.595543 0.803324 -0.000092
vn 0.586066 0.810263 0.000090
vn 0.573253 0.819378 -0.000092
vn 0.550580 0.834782 -0.000091
vn 0.563901 0.825842 0.000089
vn 0.541319 0.840817 0.000089
vn 0.527454 0.849584 -0.000089
vn 0.518363 0.855161 0.000087
vn 0.503953 0.863731 -0.000089
vn 0.494989 0.868899 0.000086
vn 0.480066 0.877232 -0.000088
vn 0.455819 0.890073 -0.000087
vn 0.471278 0.881985 0.000085
vn 0.431234 0.902240 -0.000085
vn 0.447222 0.894423 0.000083
vn 0.406322 0.913730 -0.000084
vn 0.422810 0.906219 0.000082
vn 0.381098 0.924535 -0.000082
vn 0.398135 0.917327 0.000080
vn 0.355600 0.934638 -0.000081
vn 0.373128 0.927780 0.000078
vn 0.329822 0.944043 -0.000078
vn 0.347839 0.937554 0.000077
vn 0.303794 0.952738 -0.000076
vn 0.322323 0.946630 0.000075
vn 0.277520 0.960720 -0.000074
vn 0.296582 0.955007 0.000073
vn 0.251099 0.967961 -0.000072
vn 0.270588 0.962695 0.000070
vn 0.224432 0.974490 -0.000069
vn 0.244424 0.969669 0.000069
vn 0.197600 0.980283 -0.000067
vn 0.218065 0.975934 0.000066
vn 0.170653 0.985331 -0.000064
vn 0.191535 0.981486 0.000063
vn 0.143542 0.989644 -0.000062
vn 0.164893 0.986311 0.000061
vn 0.116346 0.993209 -0.000059
vn 0.138110 0.990417 0.000058
vn 0.089066 0.996026 -0.000056
vn 0.111243 0.993793 0.000055
vn 0.061677 0.998096 -0.000053
vn 0.084263 0.996444 0.000052
vn 0.034287 0.999412 -0.000050
vn 0.057255 0.998360 0.000048
vn 0.006868 0.999976 -0.000046
vn 0.030162 0.999545 0.000045
vn -0.020577 0.999788 -0.000043
vn 0.003098 0.999995 0.000042
vn -0.047996 0.998848 -0.000040
vn -0.023967 0.999713 0.000038
vn -0.075385 0.997154 0.000077
vn -0.102693 0.994713 -0.000063
vn -0.051087 0.998694 0.000035
vn -0.077341 0.997005 -0.000041
vn -0.103609 0.994618 -0.000017
vn -0.078096 0.996946 0.000000
vn -0.129971 0.991518 -0.000098
vn -0.127549 0.991832 0.000018
vn -0.157111 0.987581 -0.000155
vn -0.151353 0.988480 0.000083
vn -0.172428 0.985022 0.000087
vn -0.184140 0.982900 -0.000188
vn -0.190848 0.981620 0.000042
vn -0.208222 0.978082 -0.000048
vn -0.211057 0.977474 -0.000166
vn -0.224664 0.974436 0.000074
vn -0.237755 0.971325 -0.000172
vn -0.242384 0.970180 0.000017
vn -0.261375 0.965237 -0.000018
vn -0.264335 0.964431 -0.000154
vn -0.290698 0.956815 -0.000204
vn -0.280322 0.959906 0.000096
vn -0.316837 0.948480 -0.000121
vn -0.299122 0.954215 0.000080
vn -0.317729 0.948182 -0.000074
vn -0.342752 0.939426 -0.000204
vn -0.336371 0.941729 0.000055
vn -0.368366 0.929681 -0.000192
vn -0.354770 0.934954 0.000110
vn -0.373077 0.927800 0.000026
vn -0.393751 0.919217 -0.000167
vn -0.391166 0.920320 -0.000026
vn -0.418809 0.908074 -0.000229
vn -0.409237 0.912428 0.000104
vn -0.427068 0.904220 0.000094
vn -0.443580 0.896235 -0.000158
vn -0.443266 0.896390 -0.000139
vn -0.467995 0.883731 -0.000234
vn -0.458143 0.888878 0.000079
vn -0.475267 0.879841 0.000121
vn -0.492053 0.870565 -0.000164
vn -0.494606 0.869117 0.000007
vn -0.515746 0.856742 -0.000159
vn -0.513742 0.857944 -0.000010
vn -0.539071 0.842260 -0.000258
vn -0.532677 0.846318 0.000124
vn -0.561981 0.827150 -0.000282
vn -0.551307 0.834303 0.000183
vn -0.569652 0.821886 0.000160
vn -0.584435 0.811440 -0.000218
vn -0.587675 0.809097 0.000046
vn -0.606500 0.795084 -0.000161
vn -0.605403 0.795919 -0.000049
vn -0.628080 0.778149 -0.000257
vn -0.623935 0.781476 0.000143
vn -0.649189 0.760627 -0.000278
vn -0.644092 0.764948 0.000258
vn -0.669802 0.742540 -0.000299
vn -0.664793 0.747027 0.000279
vn -0.684984 0.728558 0.000305
vn -0.689928 0.723878 -0.000327
vn -0.704668 0.709537 0.000335
vn -0.709529 0.704676 -0.000362
vn -0.722902 0.690950 0.000323
vn -0.728587 0.684953 -0.000422
vn -0.740061 0.672540 0.000373
vn -0.747118 0.664691 -0.000460
vn -0.756758 0.653695 0.000393
vn -0.765063 0.643955 -0.000472
vn -0.772987 0.634421 0.000391
vn -0.782442 0.622724 -0.000456
vn -0.788714 0.614760 0.000364
vn -0.799235 0.601018 -0.000415
vn -0.803935 0.594717 0.000310
vn -0.815410 0.578883 -0.000350
vn -0.818656 0.574284 0.000233
vn -0.830994 0.556282 -0.000257
vn -0.832859 0.553485 0.000129
vn -0.845944 0.533272 -0.000139
vn -0.846528 0.532345 -0.000001
vn -0.859659 0.510868 0.000002
vn -0.860253 0.509868 -0.000144
vn -0.873920 0.486071 0.000170
vn -0.874031 0.485871 0.000204
vn -0.886921 0.461921 -0.000166
vn -0.889423 0.457086 0.000413
vn -0.899261 0.437413 -0.000313
vn -0.910921 0.412581 -0.000327
vn -0.903924 0.427693 0.000478
vn -0.921898 0.387433 -0.000247
vn -0.917491 0.397756 0.000436
vn -0.932182 0.361991 -0.000096
vn -0.930096 0.367316 0.000309
vn -0.941763 0.336279 -0.000092
vn -0.940794 0.338978 0.000096
vn -0.950630 0.310326 -0.000088
vn -0.949717 0.313109 0.000091
vn -0.958788 0.284122 0.000109
vn -0.966222 0.257712 -0.000111
vn -0.958925 0.283659 0.000146
vn -0.972927 0.231111 -0.000195
vn -0.968090 0.250602 0.000285
vn -0.978901 0.204335 -0.000169
vn -0.976141 0.217137 0.000306
vn -0.984139 0.177399 0.000341
vn -0.982236 0.187651 0.000000
vn -0.982873 0.184281 -0.000173
vn -0.986647 0.162874 0.000079
vn -0.988635 0.150337 -0.000094
vn -0.990434 0.137990 0.000079
vn -0.992387 0.123155 -0.000091
vn -0.993592 0.113025 0.000073
vn -0.995393 0.095883 -0.000083
vn -0.996122 0.087978 0.000063
vn -0.997648 0.068538 -0.000070
vn -0.998021 0.062884 0.000047
vn -0.999153 0.041144 -0.000052
vn -0.999287 0.037747 0.000026
vn -0.999906 0.013720 -0.000029
vn -0.999921 0.012584 0.000000
vn -1.000000 0.000000 0.000000
vn -1.000000 0.000000 0.000000
vn -0.999921 -0.012584 0.000000
vn -0.999906 -0.013720 -0.000029
vn -0.999153 -0.041144 -0.000052
vn -0.999287 -0.037747 0.000026
vn -0.997648 -0.068538 -0.000070
vn -0.998021 -0.062884 0.000047
vn -0.996122 -0.087978 0.000063
vn -0.995393 -0.095883 -0.000083
vn -0.993592 -0.113025 0.000073
vn -0.992387 -0.123155 -0.000091
vn -0.990434 -0.137990 0.000079
vn -0.988635 -0.150337 -0.000094
vn -0.984139 -0.177399 0.000341
vn -0.978901 -0.204335 -0.000169
vn -0.986647 -0.162874 0.000079
vn -0.982873 -0.184281 -0.000173
vn -0.982236 -0.187651 0.000000
vn -0.976141 -0.217137 0.000306
vn -0.972927 -0.231111 -0.000195
vn -0.968090 -0.250602 0.000285
vn -0.966222 -0.257712 -0.000111
vn -0.958925 -0.283659 0.000146
vn -0.958788 -0.284122 0.000109
vn -0.950630 -0.310326 -0.000088
vn -0.949717 -0.313109 0.000091
vn -0.941763 -0.336279 -0.000092
vn -0.940794 -0.338978 0.000096
vn -0.932182 -0.361991 -0.000096
vn -0.930096 -0.367316 0.000309
vn -0.921898 -0.387433 -0.000247
vn -0.917491 -0.397756 0.000436
vn -0.910921 -0.412581 -0.000327
vn -0.903924 -0.427693 0.000478
vn -0.899261 -0.437413 -0.000313
vn -0.889423 -0.457086 0.000413
vn -0.886921 -0.461921 -0.000166
vn -0.874031 -0.485871 0.000204
vn -0.873920 -0.486071 0.000170
vn -0.860253 -0.509868 -0.000144
vn -0.859659 -0.510868 0.000002
vn -0.846528 -0.532345 -0.000001
vn -0.845944 -0.533272 -0.000139
vn -0.832859 -0.553485 0.000129
vn -0.830994 -0.556282 -0.000257
vn -0.815410 -0.578883 -0.000350
vn -0.818656 -0.574284 0.000233
vn -0.799235 -0.601018 -0.000415
vn -0.803935 -0.594717 0.000310
vn -0.788714 -0.614760 0.000364
vn -0.782442 -0.622724 -0.000456
vn -0.772987 -0.634421 0.000391
vn -0.765063 -0.643955 -0.000472
vn -0.756758 -0.653695 0.000393
vn -0.747118 -0.664691 -0.000460
vn -0.740061 -0.672540 0.000373
vn -0.728587 -0.684953 -0.000422
vn -0.722902 -0.690950 0.000323
vn -0.709529 -0.704676 -0.000362
vn -0.704668 -0.709537 0.000335
vn -0.689928 -0.723878 -0.000327
vn -0.684984 -0.728558 0.000305
vn -0.669802 -0.742540 -0.000299
vn -0.664793 -0.747027 0.000279
vn -0.649189 -0.760627 -0.000278
vn -0.644092 -0.764948 0.000258
vn -0.628080 -0.778149 -0.000257
vn -0.623935 -0.781476 0.000143
vn -0.606500 -0.795084 -0.000161
vn -0.605403 -0.795919 -0.000049
vn -0.587675 -0.809097 0.000046
vn -0.584435 -0.811440 -0.000218
vn -0.569652 -0.821886 0.000160
vn -0.561981 -0.827150 -0.000282
vn -0.551307 -0.834303 0.000183
vn -0.539071 -0.842260 -0.000258
vn -0.532677 -0.846318 0.000124
vn -0.515746 -0.856742 -0.000159
vn -0.513742 -0.857944 -0.000010
vn -0.494606 -0.869117 0.000007
vn -0.492053 -0.870565 -0.000164
vn -0.475267 -0.879841 0.000121
vn -0.467995 -0.883731 -0.000234
vn -0.458143 -0.888878 0.000079
vn -0.443580 -0.896235 -0.000158
vn -0.443266 -0.896390 -0.000139
vn -0.427068 -0.904220 0.000094
vn -0.418809 -0.908074 -0.000229
vn -0.409237 -0.912428 0.000104
vn -0.393751 -0.919217 -0.000167
vn -0.391166 -0.920320 -0.000026
vn -0.368366 -0.929681 -0.000192
vn -0.373077 -0.927800 0.000026
vn -0.342752 -0.939426 -0.000204
vn -0.354770 -0.934954 0.000110
vn -0.336371 -0.941729 0.000055
vn -0.316837 -0.948480 -0.000121
vn -0.317729 -0.948182 -0.000074
vn -0.290698 -0.956815 -0.000204
vn -0.299122 -0.954215 0.000080
vn -0.264335 -0.964431 -0.000154
vn -0.280322 -0.959906 0.000096
vn -0.261375 -0.965237 -0.000018
vn -0.237755 -0.971325 -0.000172
vn -0.242384 -0.970180 0.000017
vn -0.211057 -0.977474 -0.000166
vn -0.224664 -0.974436 0.000074
vn -0.208222 -0.978082 -0.000048
vn -0.184140 -0.982900 -0.000085
vn -0.187038 -0.982353 0.000061
vn -0.160952 -0.986962 0.000082
vn -0.157111 -0.987581 -0.000102
vn -0.134584 -0.990902 0.000098
vn -0.129971 -0.991518 -0.000113
vn -0.113974 -0.993484 0.000051
vn -0.102693 -0.994713 -0.000175
vn -0.099000 -0.995087 -0.000044
vn -0.075385 -0.997154 0.000077
vn -0.077341 -0.997005 -0.000041
vn -0.078096 -0.996946 0.000000
vn -0.047996 -0.998848 -0.000040
vn -0.051087 -0.998694 0.000035
vn -0.020577 -0.999788 -0.000043
vn -0.023967 -0.999713 0.000038
vn 0.006868 -0.999976 -0.000046
vn 0.003098 -0.999995 0.000042
vn 0.034287 -0.999412 -0.000050
vn 0.030162 -0.999545 0.000045
vn 0.061677 -0.998096 -0.000053
vn 0.057255 -0.998360 0.000048
vn 0.089066 -0.996026 -0.000056
vn 0.084263 -0.996444 0.000052
vn 0.116346 -0.993209 -0.000059
vn 0.111243 -0.993793 0.000055
vn 0.143542 -0.989644 -0.000062
vn 0.138110 -0.990417 0.000058
vn 0.170653 -0.985331 -0.000064
vn 0.164893 -0.986311 0.000061
vn 0.197600 -0.980283 -0.000067
vn 0.191535 -0.981486 0.000063
vn 0.224432 -0.974490 -0.000069
vn 0.218065 -0.975934 0.000066
vn 0.251099 -0.967961 -0.000072
vn 0.244424 -0.969669 0.000069
vn 0.277520 -0.960720 -0.000074
vn 0.270588 -0.962695 0.000070
vn 0.303794 -0.952738 -0.000076
vn 0.296582 -0.955007 0.000073
vn 0.329822 -0.944043 -0.000078
vn 0.322323 -0.946630 0.000075
vn 0.355600 -0.934638 -0.000081
vn 0.347839 -0.937554 0.000077
vn 0.381098 -0.924535 -0.000082
vn 0.373128 -0.927780 0.000078
vn 0.406322 -0.913730 -0.000084
vn 0.398135 -0.917327 0.000080
vn 0.431234 -0.902240 -0.000085
vn 0.422810 -0.906219 0.000082
vn 0.447222 -0.894423 0.000083
vn 0.455819 -0.890073 -0.000087
vn 0.471278 -0.881985 0.000085
vn 0.480066 -0.877232 -0.000088
vn 0.494989 -0.868899 0.000086
vn 0.503953 -0.863731 -0.000089
vn 0.518363 -0.855161 0.000087
vn 0.527454 -0.849584 -0.000089
vn 0.541319 -0.840817 0.000089
vn 0.550580 -0.834782 -0.000091
vn 0.563901 -0.825842 0.000089
vn 0.573253 -0.819378 -0.000092
vn 0.586066 -0.810263 0.000090
vn 0.595543 -0.803324 -0.000092
vn 0.607787 -0.794100 0.000090
vn 0.617329 -0.786705 -0.000093
vn 0.629095 -0.777328 0.000091
vn 0.638700 -0.769456 -0.000093
vn 0.659564 -0.751648 -0.000094
vn 0.649913 -0.760009 0.000091
vn 0.679922 -0.733285 -0.000094
vn 0.670253 -0.742132 0.000091
vn 0.699798 -0.714341 -0.000094
vn 0.690123 -0.723692 0.000092
vn 0.719127 -0.694879 -0.000094
vn 0.709472 -0.704734 0.000092
vn 0.737920 -0.674888 -0.000094
vn 0.728292 -0.685267 0.000092
vn 0.756164 -0.654382 -0.000094
vn 0.746593 -0.665281 0.000092
vn 0.773823 -0.633402 -0.000093
vn 0.764338 -0.644815 0.000091
vn 0.790917 -0.611923 -0.000093
vn 0.781521 -0.623879 0.000091
vn 0.807396 -0.590010 -0.000092
vn 0.798137 -0.602475 0.000090
vn 0.823286 -0.567627 -0.000091
vn 0.814169 -0.580627 0.000089
vn 0.838539 -0.544842 0.000408
vn 0.853181 -0.521615 -0.000179
vn 0.829595 -0.558365 0.000089
vn 0.842680 -0.538415 -0.000175
vn 0.867166 -0.498019 -0.000116
vn 0.857280 -0.514851 0.000086
vn 0.844411 -0.535695 0.000000
vn 0.868320 -0.496004 -0.000011
vn 0.880501 -0.474044 -0.000135
vn 0.878893 -0.477018 0.000011
vn 0.893181 -0.449698 -0.000192
vn 0.889038 -0.457833 0.000098
vn 0.905173 -0.425043 -0.000178
vn 0.898713 -0.438537 0.000118
vn 0.907928 -0.419125 0.000066
vn 0.916497 -0.400041 -0.000088
vn 0.916685 -0.399612 -0.000065
vn 0.925005 -0.379954 0.000051
vn 0.927127 -0.374747 -0.000174
vn 0.932867 -0.360221 0.000117
vn 0.937059 -0.349172 -0.000202
vn 0.940274 -0.340417 0.000100
vn 0.946284 -0.323337 -0.000143
vn 0.947225 -0.320569 -0.000007
vn 0.953744 -0.300619 0.000006
vn 0.954801 -0.297247 -0.000157
vn 0.959817 -0.280626 0.000107
vn 0.962595 -0.270945 -0.000213
vn 0.965444 -0.260611 0.000112
vn 0.969666 -0.244433 -0.000169
vn 0.970628 -0.240585 0.000013
vn 0.975379 -0.220537 -0.000014
vn 0.976006 -0.217744 -0.000156
vn 0.979706 -0.200442 0.000105
vn 0.981613 -0.190881 -0.000223
vn 0.983599 -0.180372 0.000113
vn 0.986479 -0.163885 -0.000175
vn 0.987060 -0.160352 0.000000
vn 0.990107 -0.140313 -0.000000
vn 0.990605 -0.136756 -0.000180
vn 0.992739 -0.120284 0.000116
vn 0.993983 -0.109534 -0.000235
vn 0.994956 -0.100316 0.000102
vn 0.996614 -0.082219 -0.000154
vn 0.996759 -0.080442 -0.000055
vn 0.998166 -0.060532 0.000045
vn 0.998495 -0.054842 -0.000224
vn 0.999623 -0.027439 -0.000235
vn 0.999171 -0.040700 0.000129
vn 0.999780 -0.020987 0.000060
vn 1.000000 0.000000 -0.000160
vn 0.999999 -0.001346 -0.000078
vn 0.999623 0.027439 -0.000264
vn 0.999832 0.018304 0.000104
vn 0.999285 0.037804 0.000118
vn 0.998495 0.054842 -0.000192
vn 0.998364 0.057172 -0.000051
vn 0.996614 0.082219 -0.000256
vn 0.997068 0.076519 0.000043
vn 0.993983 0.109534 -0.000257
vn 0.995405 0.095758 0.000139
vn 0.993385 0.114833 0.000033
vn 0.991009 0.133795 -0.000037
vn 0.990605 0.136756 -0.000229
vn 0.988270 0.152715 0.000135
vn 0.986479 0.163885 -0.000298
vn 0.985192 0.171457 0.000087
vn 0.981787 0.189985 -0.000124
vn 0.981613 0.190881 -0.000193
vn 0.978013 0.208543 0.000120
vn 0.976006 0.217744 -0.000324
vn 0.973921 0.226887 0.000120
vn 0.969666 0.244433 -0.000198
vn 0.969529 0.244977 -0.000153
vn 0.964765 0.263114 0.000101
vn 0.962595 0.270945 -0.000347
vn 0.959699 0.281030 0.000142
vn 0.954800 0.297247 -0.000245
vn 0.954358 0.298664 -0.000124
vn 0.948652 0.316323 0.000090
vn 0.946284 0.323337 -0.000372
vn 0.942660 0.333756 0.000158
vn 0.937059 0.349172 -0.000281
vn 0.936414 0.350897 -0.000120
vn 0.929803 0.368059 0.000089
vn 0.927127 0.374747 -0.000407
vn 0.923997 0.382400 0.000025
vn 0.919045 0.394153 -0.000029
vn 0.916495 0.400046 -0.000435
vn 0.913866 0.406017 -0.000020
vn 0.908432 0.418032 0.000017
vn 0.905178 0.425032 -0.000455
vn 0.902859 0.429936 -0.000063
vn 0.894085 0.447897 0.000106
vn 0.893175 0.449709 -0.000148
vn 0.881770 0.471679 0.000143
vn 0.880504 0.474038 -0.000184
vn 0.868826 0.495118 0.000179
vn 0.867166 0.498019 -0.000218
vn 0.855258 0.518202 0.000212
vn 0.853177 0.521621 -0.000250
vn 0.841077 0.540915 0.000243
vn 0.838543 0.544835 -0.000280
vn 0.826297 0.563235 0.000272
vn 0.823286 0.567627 -0.000308
vn 0.810915 0.585164 0.000298
vn 0.807401 0.590003 -0.000333
vn 0.794960 0.606662 0.000323
vn 0.790912 0.611930 -0.000356
vn 0.778434 0.627726 0.000346
vn 0.773823 0.633402 -0.000378
vn 0.756164 0.654382 -0.000397
vn 0.761347 0.648344 0.000365
vn 0.743713 0.668499 0.000384
vn 0.737920 0.674888 -0.000413
vn 0.725551 0.688168 0.000400
vn 0.719127 0.694879 -0.000428
vn 0.706868 0.707345 0.000413
vn 0.699791 0.714348 -0.000441
vn 0.679929 0.733278 -0.000293
vn 0.686222 0.727392 0.000526
vn 0.659564 0.751648 -0.000116
vn 0.662914 0.748695 0.000336
vn 0.638692 0.769463 0.000068
vn 0.639157 0.769077 0.000131
vn 0.617346 0.786692 -0.000289
vn 0.620323 0.784346 -0.000044
vn 0.606900 0.794778 0.000125
vn 0.595525 0.803337 -0.000262
vn 0.573263 0.819372 -0.000268
vn 0.588481 0.808511 0.000301
vn 0.550570 0.834789 -0.000264
vn 0.564674 0.825314 0.000300
vn 0.527464 0.849577 -0.000253
vn 0.540399 0.841409 0.000291
vn 0.520981 0.853568 0.000038
vn 0.503953 0.863731 -0.000209
vn 0.506987 0.861954 -0.000049
vn 0.480066 0.877232 -0.000084
vn 0.485573 0.874196 0.000274
vn 0.455830 0.890067 0.000105
vn 0.431234 0.902240 -0.000085
vn 0.455788 0.890088 0.000108
vn 0.430562 0.902561 -0.000045
vn 0.406310 0.913735 -0.000140
vn 0.410265 0.911966 0.000038
vn 0.381098 0.924535 0.000233
vn 0.385695 0.922626 -0.000108
vn 0.387521 0.921861 0.000000
vn 0.355600 0.934638 -0.000074
vn 0.362348 0.932043 0.000071
vn 0.329810 0.944047 -0.000076
vn 0.336906 0.941538 0.000073
vn 0.303794 0.952738 -0.000078
vn 0.311225 0.950336 0.000075
vn 0.277546 0.960712 -0.000079
vn 0.285295 0.958440 0.000076
vn 0.251086 0.967965 -0.000081
vn 0.259176 0.965830 0.000078
vn 0.224419 0.974493 -0.000082
vn 0.232852 0.972512 0.000079
vn 0.197613 0.980280 -0.000083
vn 0.206355 0.978477 0.000080
vn 0.179720 0.983718 0.000082
vn 0.170653 0.985331 -0.000085
vn 0.152944 0.988235 0.000083
vn 0.143542 0.989644 -0.000086
vn 0.126056 0.992023 0.000084
vn 0.116346 0.993209 -0.000087
vn 0.099068 0.995081 0.000085
vn 0.089053 0.996027 -0.000088
vn 0.072012 0.997404 0.000086
vn 0.061704 0.998094 -0.000089
vn 0.044913 0.998991 0.000088
vn 0.034287 0.999412 -0.000090
vn 0.006854 0.999976 -0.000091
vn 0.017771 0.999842 0.000088
vn -0.009384 0.999956 0.000089
vn -0.020577 0.999788 -0.000091
vn -0.047996 0.998848 -0.000092
vn -0.036540 0.999332 0.000090
vn -0.075372 0.997155 -0.000092
vn -0.063653 0.997972 0.000090
vn -0.102720 0.994710 -0.000093
vn -0.090724 0.995876 0.000091
vn -0.129958 0.991520 -0.000093
vn -0.117725 0.993046 0.000091
vn -0.157111 0.987581 -0.000094
vn -0.144655 0.989482 0.000091
vn -0.184140 0.982900 -0.000094
vn -0.171460 0.985191 0.000092
vn -0.211044 0.977477 -0.000094
vn -0.198151 0.980171 0.000092
vn -0.237781 0.971319 -0.000094
vn -0.224688 0.974431 0.000092
vn -0.264335 0.964431 -0.000094
vn -0.251071 0.967969 0.000092
vn -0.290698 0.956815 -0.000094
vn -0.277245 0.960799 0.000092
vn -0.316837 0.948480 -0.000094
vn -0.303245 0.952913 0.000092
vn -0.342728 0.939435 -0.000094
vn -0.328998 0.944331 0.000092
vn -0.368390 0.929671 -0.000093
vn -0.354523 0.935047 0.000092
vn -0.393739 0.919222 -0.000093
vn -0.379768 0.925082 0.000091
vn -0.418820 0.908069 -0.000092
vn -0.404759 0.914423 0.000091
vn -0.443569 0.896240 -0.000092
vn -0.429429 0.903100 0.000090
vn -0.467985 0.883737 -0.000091
vn -0.453801 0.891103 0.000090
vn -0.492064 0.870559 -0.000090
vn -0.477824 0.878456 0.000089
vn -0.501497 0.865159 0.000088
vn -0.515756 0.856736 -0.000090
vn -0.524803 0.851223 0.000087
vn -0.539061 0.842267 -0.000089
vn -0.547717 0.836664 0.000086
vn -0.561972 0.827156 -0.000088
vn -0.570246 0.821474 0.000085
vn -0.584454 0.811427 -0.000087
vn -0.592323 0.805701 0.000084
vn -0.606491 0.795090 -0.000086
vn -0.613993 0.789312 0.000083
vn -0.628072 0.778155 -0.000084
vn -0.635195 0.772352 0.000082
vn -0.649189 0.760627 -0.000083
vn -0.655929 0.754822 0.000081
vn -0.669810 0.742533 -0.000082
vn -0.676186 0.736731 0.000079
vn -0.689928 0.723878 -0.000080
vn -0.695938 0.718102 0.000078
vn -0.709529 0.704676 -0.000079
vn -0.715175 0.698946 0.000076
vn -0.728593 0.684946 -0.000077
vn -0.733894 0.679264 0.000074
vn -0.747112 0.664698 -0.000076
vn -0.752065 0.659089 0.000073
vn -0.765063 0.643955 -0.000074
vn -0.769682 0.638428 0.000071
vn -0.782442 0.622724 -0.000072
vn -0.786733 0.617293 0.000069
vn -0.799230 0.601025 -0.000070
vn -0.803207 0.595701 0.000067
vn -0.815420 0.578870 -0.000068
vn -0.830994 0.556282 -0.000066
vn -0.819079 0.573681 0.000065
vn -0.845940 0.533278 -0.000064
vn -0.834357 0.551224 0.000063
vn -0.860253 0.509868 -0.000061
vn -0.849018 0.528364 0.000061
vn -0.873916 0.486076 -0.000059
vn -0.863047 0.505123 0.000058
vn -0.886924 0.461915 -0.000057
vn -0.876445 0.481502 0.000056
vn -0.899261 0.437413 -0.000054
vn -0.889196 0.457526 0.000054
vn -0.910923 0.412576 -0.000052
vn -0.901289 0.433218 0.000051
vn -0.921896 0.387438 -0.000049
vn -0.912723 0.408580 0.000049
vn -0.932182 0.361991 -0.000046
vn -0.923478 0.383652 0.000046
vn -0.933552 0.358441 0.000043
vn -0.941762 0.336279 -0.000044
vn -0.942944 0.332953 0.000040
vn -0.950630 0.310326 -0.000041
vn -0.951635 0.307230 0.000037
vn -0.958788 0.284122 -0.000038
vn -0.959624 0.281286 0.000034
vn -0.966222 0.257712 -0.000035
vn -0.966910 0.255119 0.000031
vn -0.972927 0.231111 -0.000032
vn -0.973480 0.228771 0.000028
vn -0.978901 0.204335 -0.000029
vn -0.979333 0.202256 0.000025
vn -0.984139 0.177399 -0.000025
vn -0.984463 0.175592 0.000022
vn -0.988635 0.150337 -0.000022
vn -0.988867 0.148801 0.000018
vn -0.992387 0.123155 -0.000018
vn -0.992544 0.121891 0.000015
vn -0.995393 0.095883 -0.000015
vn -0.995487 0.094902 0.000011
vn -0.997648 0.068538 -0.000011
vn -0.997697 0.067835 0.000007
vn -0.999153 0.041144 -0.000008
vn -0.999171 0.040719 0.000004
vn -0.999906 0.013720 -0.000004
vn -0.999908 0.013578 0.000000
vn -0.999906 -0.013716 0.000000
vn -0.999906 -0.013716 0.000000
vn -0.999153 -0.041147 0.000000
vn -0.999153 -0.041147 0.000000
vn -0.997648 -0.068540 0.000000
vn -0.997648 -0.068540 0.000000
vn -0.995392 -0.095887 0.000000
vn -0.995392 -0.095887 0.000000
vn -0.988636 -0.150329 0.000000
vn -0.992388 -0.123152 0.000000
vn -0.992388 -0.123152 0.000000
vn -0.988636 -0.150329 0.000000
vn -0.984139 -0.177401 0.000000
vn -0.984139 -0.177401 0.000000
vn -0.978901 -0.204334 0.000000
vn -0.978901 -0.204334 0.000000
vn -0.972927 -0.231115 0.000000
vn -0.972927 -0.231115 0.000000
vn -0.966224 -0.257705 0.000000
vn -0.966224 -0.257705 0.000000
vn -0.958787 -0.284126 0.000000
vn -0.958787 -0.284126 0.000000
vn -0.950630 -0.310326 0.000000
vn -0.950630 -0.310326 0.000000
vn -0.941757 -0.336293 0.000000
vn -0.941757 -0.336293 0.000000
vn -0.932184 -0.361985 0.000000
vn -0.932184 -0.361985 0.000000
vn -0.921894 -0.387443 0.000000
vn -0.910933 -0.412554 0.000000
vn -0.921894 -0.387443 0.000000
vn -0.910933 -0.412554 0.000000
vn -0.899254 -0.437426 0.000000
vn -0.899254 -0.437426 0.000000
vn -0.886928 -0.461907 0.000000
vn -0.886928 -0.461907 0.000000
vn -0.860266 -0.509846 0.000000
vn -0.873905 -0.486097 0.000000
vn -0.873905 -0.486097 0.000000
vn -0.860266 -0.509846 0.000000
vn -0.830995 -0.556279 0.000000
vn -0.845930 -0.533294 0.000000
vn -0.845930 -0.533294 0.000000
vn -0.830995 -0.556279 0.000000
vn -0.799234 -0.601021 0.000000
vn -0.815420 -0.578870 0.000000
vn -0.815420 -0.578870 0.000000
vn -0.799234 -0.601021 0.000000
vn -0.765075 -0.643942 0.000000
vn -0.782442 -0.622724 0.000000
vn -0.782442 -0.622724 0.000000
vn -0.747094 -0.664719 0.000000
vn -0.765075 -0.643942 0.000000
vn -0.747094 -0.664719 0.000000
vn -0.728600 -0.684939 0.000000
vn -0.728600 -0.684939 0.000000
vn -0.709529 -0.704676 0.000000
vn -0.709529 -0.704676 0.000000
vn -0.669817 -0.742526 0.000000
vn -0.689914 -0.723892 0.000000
vn -0.689914 -0.723892 0.000000
vn -0.669817 -0.742526 0.000000
vn -0.628097 -0.778135 0.000000
vn -0.649189 -0.760627 0.000000
vn -0.649189 -0.760627 0.000000
vn -0.606482 -0.795097 0.000000
vn -0.628097 -0.778135 0.000000
vn -0.606482 -0.795097 0.000000
vn -0.584454 -0.811427 0.000000
vn -0.584454 -0.811427 0.000000
vn -0.561943 -0.827176 0.000000
vn -0.561943 -0.827176 0.000000
vn -0.539071 -0.842260 0.000000
vn -0.539071 -0.842260 0.000000
vn -0.515766 -0.856730 0.000000
vn -0.515766 -0.856730 0.000000
vn -0.492074 -0.870553 0.000000
vn -0.492074 -0.870553 0.000000
vn -0.467996 -0.883731 0.000000
vn -0.467996 -0.883731 0.000000
vn -0.443535 -0.896257 0.000000
vn -0.443535 -0.896257 0.000000
vn -0.418832 -0.908064 0.000000
vn -0.418832 -0.908064 0.000000
vn -0.368390 -0.929671 0.000000
vn -0.393751 -0.919217 0.000000
vn -0.393751 -0.919217 0.000000
vn -0.368390 -0.929671 0.000000
vn -0.342702 -0.939444 0.000000
vn -0.342702 -0.939444 0.000000
vn -0.316837 -0.948480 0.000000
vn -0.316837 -0.948480 0.000000
vn -0.264336 -0.964431 0.000000
vn -0.290698 -0.956815 0.000000
vn -0.290698 -0.956815 0.000000
vn -0.264336 -0.964431 0.000000
vn -0.237807 -0.971312 0.000000
vn -0.237807 -0.971312 0.000000
vn -0.211003 -0.977485 0.000000
vn -0.211003 -0.977485 0.000000
vn -0.184194 -0.982890 0.000000
vn -0.184194 -0.982890 0.000000
vn -0.157111 -0.987581 0.000000
vn -0.157111 -0.987581 0.000000
vn -0.102720 -0.994710 0.000000
vn -0.129917 -0.991525 0.000000
vn -0.129917 -0.991525 0.000000
vn -0.102720 -0.994710 0.000000
vn -0.075413 -0.997152 0.000000
vn -0.075413 -0.997152 0.000000
vn -0.047995 -0.998848 0.000000
vn -0.047995 -0.998848 0.000000
vn -0.020577 -0.999788 0.000000
vn -0.020577 -0.999788 0.000000
vn 0.006896 -0.999976 0.000000
vn 0.006896 -0.999976 0.000000
vn 0.034259 -0.999413 0.000000
vn 0.034259 -0.999413 0.000000
vn 0.061732 -0.998093 0.000000
vn 0.061732 -0.998093 0.000000
vn 0.089039 -0.996028 0.000000
vn 0.089039 -0.996028 0.000000
vn 0.116346 -0.993209 0.000000
vn 0.116346 -0.993209 0.000000
vn 0.143542 -0.989644 0.000000
vn 0.143542 -0.989644 0.000000
vn 0.170626 -0.985336 0.000000
vn 0.170626 -0.985336 0.000000
vn 0.197653 -0.980272 0.000000
vn 0.197653 -0.980272 0.000000
vn 0.224406 -0.974496 0.000000
vn 0.224406 -0.974496 0.000000
vn 0.251099 -0.967961 0.000000
vn 0.251099 -0.967961 0.000000
vn 0.277519 -0.960720 0.000000
vn 0.277519 -0.960720 0.000000
vn 0.303820 -0.952729 0.000000
vn 0.303820 -0.952729 0.000000
vn 0.329797 -0.944052 0.000000
vn 0.329797 -0.944052 0.000000
vn 0.355599 -0.934639 0.000000
vn 0.355599 -0.934639 0.000000
vn 0.381076 -0.924544 0.000000
vn 0.406320 -0.913731 0.000000
vn 0.381076 -0.924544 0.000000
vn 0.406320 -0.913731 0.000000
vn 0.431236 -0.902239 0.000000
vn 0.431236 -0.902239 0.000000
vn 0.455819 -0.890073 0.000000
vn 0.480066 -0.877232 0.000000
vn 0.455819 -0.890073 0.000000
vn 0.480066 -0.877232 0.000000
vn 0.503974 -0.863719 0.000000
vn 0.503974 -0.863719 0.000000
vn 0.527453 -0.849584 0.000000
vn 0.527453 -0.849584 0.000000
vn 0.550581 -0.834782 0.000000
vn 0.573272 -0.819365 0.000000
vn 0.550581 -0.834782 0.000000
vn 0.573272 -0.819365 0.000000
vn 0.617330 -0.786704 0.000000
vn 0.595524 -0.803338 0.000000
vn 0.595524 -0.803338 0.000000
vn 0.617330 -0.786704 0.000000
vn 0.659577 -0.751637 0.000000
vn 0.638684 -0.769469 0.000000
vn 0.638684 -0.769469 0.000000
vn 0.659577 -0.751637 0.000000
vn 0.679940 -0.733268 0.000000
vn 0.679940 -0.733268 0.000000
vn 0.699797 -0.714342 0.000000
vn 0.699797 -0.714342 0.000000
vn 0.719113 -0.694893 0.000000
vn 0.719113 -0.694893 0.000000
vn 0.737934 -0.674872 0.000000
vn 0.756149 -0.654400 0.000000
vn 0.737934 -0.674872 0.000000
vn 0.756149 -0.654400 0.000000
vn 0.773824 -0.633400 0.000000
vn 0.790905 -0.611938 0.000000
vn 0.773824 -0.633400 0.000000
vn 0.790905 -0.611938 0.000000
vn 0.807406 -0.589997 0.000000
vn 0.807406 -0.589997 0.000000
vn 0.823277 -0.567640 0.000000
vn 0.823277 -0.567640 0.000000
vn 0.838550 -0.544825 0.000000
vn 0.853179 -0.521618 0.000000
vn 0.838550 -0.544825 0.000000
vn 0.853179 -0.521618 0.000000
vn 0.867161 -0.498028 0.000000
vn 0.867161 -0.498028 0.000000
vn 0.880513 -0.474023 0.000000
vn 0.880513 -0.474023 0.000000
vn 0.893175 -0.449709 0.000000
vn 0.893175 -0.449709 0.000000
vn 0.905179 -0.425032 0.000000
vn 0.905179 -0.425032 0.000000
vn 0.927130 -0.374739 0.000000
vn 0.916493 -0.400050 0.000000
vn 0.916493 -0.400050 0.000000
vn 0.927130 -0.374739 0.000000
vn 0.937058 -0.349175 0.000000
vn 0.937058 -0.349175 0.000000
vn 0.946285 -0.323334 0.000000
vn 0.946285 -0.323334 0.000000
vn 0.962594 -0.270949 0.000000
vn 0.954799 -0.297253 0.000000
vn 0.954799 -0.297253 0.000000
vn 0.962594 -0.270949 0.000000
vn 0.969667 -0.244428 0.000000
vn 0.969667 -0.244428 0.000000
vn 0.976005 -0.217747 0.000000
vn 0.976005 -0.217747 0.000000
vn 0.981612 -0.190886 0.000000
vn 0.981612 -0.190886 0.000000
vn 0.986480 -0.163880 0.000000
vn 0.986480 -0.163880 0.000000
vn 0.990605 -0.136757 0.000000
vn 0.990605 -0.136757 0.000000
vn 0.993984 -0.109528 0.000000
vn 0.993984 -0.109528 0.000000
vn 0.996614 -0.082219 0.000000
vn 0.998495 -0.054850 0.000000
vn 0.996614 -0.082219 0.000000
vn 0.998495 -0.054850 0.000000
vn 0.999624 -0.027433 0.000000
vn 0.999624 -0.027433 0.000000
vn 1.000000 0.000000 0.000000
vn 0.999624 0.027434 -0.000000
vn 1.000000 0.000000 0.000000
vn 0.999624 0.027434 -0.000000
vn 0.998495 0.054847 0.000000
vn 0.998495 0.054847 -0.000000
vn 0.996614 0.082219 0.000000
vn 0.996614 0.082219 -0.000000
vn 0.993984 0.109522 0.000000
vn 0.990603 0.136772 -0.000000
vn 0.993984 0.109522 -0.000000
vn 0.990603 0.136772 -0.000000
vn 0.986480 0.163880 -0.000000
vn 0.986480 0.163880 0.000000
vn 0.981612 0.190886 -0.000000
vn 0.981612 0.190886 0.000000
vn 0.969667 0.244428 -0.000000
vn 0.976008 0.217735 -0.000000
vn 0.976008 0.217735 0.000000
vn 0.962594 0.270949 -0.000000
vn 0.969667 0.244428 -0.000000
vn 0.962594 0.270949 -0.000000
vn 0.946291 0.323317 -0.000000
vn 0.954799 0.297253 -0.000000
vn 0.954799 0.297253 0.000000
vn 0.946291 0.323317 -0.000000
vn 0.937051 0.349193 -0.000000
vn 0.937051 0.349193 0.000000
vn 0.916502 0.400030 -0.000000
vn 0.927123 0.374758 -0.000000
vn 0.927123 0.374758 0.000000
vn 0.916502 0.400030 -0.000000
vn 0.905179 0.425032 -0.000000
vn 0.905179 0.425032 0.000000
vn 0.880500 0.474046 -0.000000
vn 0.893175 0.449709 -0.000000
vn 0.893175 0.449709 0.000000
vn 0.867161 0.498028 -0.000000
vn 0.880500 0.474046 -0.000000
vn 0.867161 0.498028 -0.000000
vn 0.853194 0.521593 -0.000000
vn 0.853194 0.521593 0.000000
vn 0.838550 0.544825 -0.000000
vn 0.838550 0.544825 0.000000
vn 0.823259 0.567666 0.000000
vn 0.807406 0.589997 -0.000000
vn 0.823259 0.567666 -0.000000
vn 0.807406 0.589997 -0.000000
vn 0.790926 0.611911 0.000000
vn 0.790926 0.611911 -0.000000
vn 0.773824 0.633400 -0.000000
vn 0.773824 0.633400 0.000000
vn 0.737909 0.674900 -0.000000
vn 0.756149 0.654400 -0.000000
vn 0.756149 0.654400 0.000000
vn 0.737909 0.674900 -0.000000
vn 0.719167 0.694837 -0.000000
vn 0.719167 0.694837 0.000000
vn 0.679940 0.733268 -0.000000
vn 0.699768 0.714370 -0.000000
vn 0.699768 0.714370 0.000000
vn 0.679940 0.733268 -0.000000
vn 0.638684 0.769469 -0.000000
vn 0.659577 0.751637 -0.000000
vn 0.659577 0.751637 0.000000
vn 0.617330 0.786704 -0.000000
vn 0.638684 0.769469 -0.000000
vn 0.617330 0.786704 -0.000000
vn 0.573272 0.819365 -0.000000
vn 0.595524 0.803338 -0.000000
vn 0.595524 0.803338 0.000000
vn 0.573272 0.819365 -0.000000
vn 0.527453 0.849584 -0.000000
vn 0.550581 0.834782 -0.000000
vn 0.550581 0.834782 0.000000
vn 0.527453 0.849584 -0.000000
vn 0.503974 0.863719 -0.000000
vn 0.503974 0.863719 0.000000
vn 0.480066 0.877232 -0.000000
vn 0.480066 0.877232 0.000000
vn 0.455819 0.890073 -0.000000
vn 0.455819 0.890073 0.000000
vn 0.406320 0.913731 -0.000000
vn 0.431236 0.902239 -0.000000
vn 0.431236 0.902239 0.000000
vn 0.406320 0.913731 -0.000000
vn 0.381076 0.924544 -0.000000
vn 0.381076 0.924544 -0.000000
vn 0.355599 0.934639 -0.000000
vn 0.355599 0.934639 -0.000000
vn 0.329797 0.944052 0.000000
vn 0.303770 0.952745 -0.000000
vn 0.329797 0.944052 -0.000000
vn 0.303770 0.952745 -0.000000
vn 0.277622 0.960690 0.000000
vn 0.277622 0.960690 -0.000000
vn 0.251047 0.967975 0.000000
vn 0.251047 0.967975 -0.000000
vn 0.224459 0.974483 0.000000
vn 0.197546 0.980294 -0.000000
vn 0.224459 0.974483 -0.000000
vn 0.197546 0.980294 -0.000000
vn 0.170626 0.985336 0.000000
vn 0.143596 0.989636 -0.000000
vn 0.170626 0.985336 -0.000000
vn 0.143596 0.989636 -0.000000
vn 0.116346 0.993209 -0.000000
vn 0.116346 0.993209 -0.000000
vn 0.089094 0.996023 0.000000
vn 0.089094 0.996023 -0.000000
vn 0.061621 0.998100 0.000000
vn 0.061621 0.998100 -0.000000
vn 0.034370 0.999409 0.000000
vn 0.006785 0.999977 -0.000000
vn 0.034370 0.999409 -0.000000
vn 0.006785 0.999977 -0.000000
vn -0.020577 0.999788 0.000000
vn -0.020577 0.999788 0.000000
vn -0.047940 0.998850 0.000000
vn -0.047940 0.998850 0.000000
vn -0.075413 0.997152 0.000000
vn -0.075413 0.997152 0.000000
vn -0.102665 0.994716 0.000000
vn -0.130026 0.991511 0.000000
vn -0.102665 0.994716 0.000000
vn -0.130026 0.991511 0.000000
vn -0.157057 0.987590 0.000000
vn -0.157057 0.987590 0.000000
vn -0.184194 0.982890 0.000000
vn -0.184194 0.982890 0.000000
vn -0.211003 0.977485 0.000000
vn -0.211003 0.977485 0.000000
vn -0.264285 0.964445 0.000000
vn -0.237807 0.971312 0.000000
vn -0.237807 0.971312 0.000000
vn -0.264285 0.964445 0.000000
vn -0.290749 0.956800 0.000000
vn -0.290749 0.956800 0.000000
vn -0.316787 0.948497 0.000000
vn -0.316787 0.948497 0.000000
vn -0.342800 0.939408 0.000000
vn -0.342800 0.939408 0.000000
vn -0.393751 0.919217 0.000000
vn -0.368390 0.929671 0.000000
vn -0.368390 0.929671 0.000000
vn -0.393751 0.919217 0.000000
vn -0.418786 0.908085 0.000000
vn -0.443580 0.896235 0.000000
vn -0.418786 0.908085 0.000000
vn -0.443580 0.896235 0.000000
vn -0.467952 0.883754 0.000000
vn -0.467952 0.883754 0.000000
vn -0.492074 0.870553 0.000000
vn -0.515766 0.856730 0.000000
vn -0.492074 0.870553 0.000000
vn -0.515766 0.856730 0.000000
vn -0.539032 0.842286 0.000000
vn -0.562019 0.827124 0.000000
vn -0.539032 0.842286 0.000000
vn -0.562019 0.827124 0.000000
vn -0.584417 0.811454 0.000000
vn -0.584417 0.811454 0.000000
vn -0.606517 0.795070 0.000000
vn -0.606517 0.795070 0.000000
vn -0.628030 0.778189 0.000000
vn -0.649221 0.760599 0.000000
vn -0.628030 0.778189 0.000000
vn -0.649221 0.760599 0.000000
vn -0.669817 0.742526 0.000000
vn -0.669817 0.742526 0.000000
vn -0.689943 0.723864 0.000000
vn -0.689943 0.723864 0.000000
vn -0.709474 0.704732 0.000000
vn -0.709474 0.704732 0.000000
vn -0.728626 0.684912 0.000000
vn -0.728626 0.684912 0.000000
vn -0.747118 0.664691 0.000000
vn -0.747118 0.664691 0.000000
vn -0.765052 0.643969 0.000000
vn -0.765052 0.643969 0.000000
vn -0.799254 0.600994 0.000000
vn -0.782420 0.622751 0.000000
vn -0.782420 0.622751 0.000000
vn -0.799254 0.600994 0.000000
vn -0.815420 0.578870 0.000000
vn -0.815420 0.578870 0.000000
vn -0.845930 0.533294 0.000000
vn -0.830995 0.556279 0.000000
vn -0.830995 0.556279 0.000000
vn -0.860251 0.509870 0.000000
vn -0.845930 0.533294 0.000000
vn -0.860251 0.509870 0.000000
vn -0.886928 0.461907 0.000000
vn -0.873918 0.486073 0.000000
vn -0.873918 0.486073 0.000000
vn -0.886928 0.461907 0.000000
vn -0.899265 0.437404 0.000000
vn -0.899265 0.437404 0.000000
vn -0.910914 0.412596 0.000000
vn -0.910914 0.412596 0.000000
vn -0.921910 0.387403 0.000000
vn -0.921910 0.387403 0.000000
vn -0.932169 0.362022 0.000000
vn -0.932169 0.362022 0.000000
vn -0.941764 0.336276 0.000000
vn -0.941764 0.336276 0.000000
vn -0.950636 0.310309 0.000000
vn -0.950636 0.310309 0.000000
vn -0.958787 0.284126 0.000000
vn -0.966216 0.257732 0.000000
vn -0.958787 0.284126 0.000000
vn -0.966216 0.257732 0.000000
vn -0.972927 0.231115 0.000000
vn -0.972927 0.231115 0.000000
vn -0.978904 0.204323 0.000000
vn -0.978904 0.204323 0.000000
vn -0.984139 0.177401 0.000000
vn -0.984139 0.177401 0.000000
vn -0.988635 0.150338 0.000000
vn -0.988635 0.150338 0.000000
vn -0.992388 0.123152 0.000000
vn -0.992388 0.123152 0.000000
vn -0.997649 0.068533 0.000000
vn -0.995392 0.095887 0.000000
vn -0.995392 0.095887 0.000000
vn -0.997649 0.068533 0.000000
vn -0.999153 0.041152 0.000000
vn -0.999153 0.041152 0.000000
vn -0.999906 0.013715 0.000000
vn -0.999906 0.013715 0.000000
vn 1.000000 0.000000 0.000000
vn 1.000000 -0.000000 0.000000
vn 0.000000 1.000000 0.000000
vn 0.000000 1.000000 0.000000
vn 0.000000 1.000000 0.000000
vn 0.000000 1.000000 0.000000
vn 0.000000 1.000000 0.000000
vn 0.000000 1.000000 0.000000
vn 0.000000 1.000000 0.000000
vn 0.000000 1.000000 0.000000
vn 0.000000 1.000000 0.000000
vn 0.000000 1.000000 0.000000
vn 0.000000 1.000000 0.000000
vn 0.000000 1.000000 0.000000
vn 0.000000 1.000000 0.000000
vn 0.000000 1.000000 0.000000
vn 0.000000 1.000000 0.000000
vn 0.000000 1.000000 0.000000
vn 0.000000 1.000000 0.000000
vn 0.000000 1.000000 0.000000
vn 0.000000 1.000000 0.000000
vn 0.000000 1.000000 0.000000
vn 0.000000 1.000000 0.000000
vn 0.000000 1.000000 0.000000
vn 0.000000 1.000000 0.000000
vn 0.000000 1.000000 0.000000
vn 0.000000 1.000000 0.000000
vn 0.000000 1.000000 0.000000
vn 0.000000 1.000000 0.000000
vn 0.000000 1.000000 0.000000
vn 0.000000 1.000000 0.000000
vn 0.000000 1.000000 0.000000
vn 0.000000 1.000000 0.000000
vn 0.000000 1.000000 0.000000
vn 0.000000 1.000000 0.000000
vn 0.000000 1.000000 0.000000
vn 0.000000 1.000000 0.000000
vn 0.000000 1.000000 0.000000
vn 0.000000 1.000000 0.000000
vn 0.000000 1.000000 0.000000
vn 0.000000 1.000000 0.000000
vn 0.000000 1.000000 0.000000
vn 0.000000 1.000000 0.000000
vn 0.000000 1.000000 0.000000
vn 0.000000 1.000000 0.000000
vn 0.000000 1.000000 0.000000
vn 0.000000 1.000000 0.000000
vn 0.000000 1.000000 0.000000
vn 0.000000 1.000000 0.000000
vn 0.000000 1.000000 0.000000
vn 0.000000 1.000000 0.000000
vn 0.000000 1.000000 0.000000
vn 0.000000 1.000000 0.000000
vn 0.000000 1.000000 0.000000
vn 0.000000 1.000000 0.000000
vn 0.000000 1.000000 0.000000
vn 0.000000 1.000000 0.000000
vn 0.000000 1.000000 0.000000
vn 0.000000 1.000000 0.000000
vn 0.000000 1.000000 0.000000
vn 0.000000 1.000000 0.000000
vn 0.000000 1.000000 0.000000
vn 0.000000 1.000000 0.000000
vn 0.000000 1.000000 0.000000
vn 0.000000 1.000000 0.000000
vn 0.000000 1.000000 0.000000
vn 0.000000 1.000000 0.000000
vn 0.000000 1.000000 0.000000
vn 0.000000 1.000000 0.000000
vn 0.000000 1.000000 0.000000
vn 0.000000 1.000000 0.000000
vn 0.000000 1.000000 0.000000
vn 0.000000 1.000000 0.000000
vn 0.000000 1.000000 0.000000
vn 0.000000 1.000000 0.000000
vn 0.000000 1.000000 0.000000
vn -0.000000 1.000000 0.000000
vn -0.000000 1.000000 0.000000
vn 0.000000 -1.000000 0.000000
vn 0.000000 -1.000000 0.000000
vn 0.000000 -1.000000 0.000000
vn 0.000000 -1.000000 0.000000
vn 0.000000 -1.000000 0.000000
vn 0.000000 -1.000000 0.000000
vn 0.000000 -1.000000 0.000000
vn 0.000000 -1.000000 0.000000
vn 0.000000 -1.000000 0.000000
vn 0.000000 -1.000000 0.000000
vn 0.000000 -1.000000 0.000000
vn 0.000000 -1.000000 0.000000
vn 0.000000 -1.000000 0.000000
vn 0.000000 -1.000000 0.000000
vn 0.000000 -1.000000 0.000000
vn 0.000000 -1.000000 0.000000
vn 0.000000 -1.000000 0.000000
vn 0.000000 -1.000000 0.000000
vn 0.000000 -1.000000 0.000000
vn 0.000000 -1.000000 0.000000
vn 0.000000 -1.000000 0.000000
vn 0.000000 -1.000000 0.000000
vn 0.000000 -1.000000 0.000000
vn 0.000000 -1.000000 0.000000
vn 0.000000 -1.000000 0.000000
vn 0.000000 -1.000000 0.000000
vn 0.000000 -1.000000 0.000000
vn 0.000000 -1.000000 0.000000
vn 0.000000 -1.000000 0.000000
vn 0.000000 -1.000000 0.000000
vn 0.000000 -1.000000 0.000000
vn 0.000000 -1.000000 0.000000
vn 0.000000 -1.000000 0.000000
vn 0.000000 -1.000000 0.000000
vn 0.000000 -1.000000 0.000000
vn -0.000000 -1.000000 0.000000
vn 0.000000 -1.000000 0.000000
vn 0.000000 -1.000000 0.000000
vn -0.000000 -1.000000 0.000000
vn 0.000000 -1.000000 0.000000
vn -0.000000 -1.000000 0.000000
vn 0.000000 -1.000000 0.000000
vn -0.000000 -1.000000 0.000000
vn 0.000000 -1.000000 0.000000
vn -0.000000 -1.000000 0.000000
vn 0.000000 -1.000000 0.000000
vn -0.000000 -1.000000 0.000000
vn 0.000000 -1.000000 0.000000
vn 0.000000 -1.000000 0.000000
vn 0.000000 -1.000000 0.000000
vn 0.000000 -1.000000 0.000000
vn 0.000000 -1.000000 0.000000
vn 0.000000 -1.000000 0.000000
vn 0.000000 -1.000000 0.000000
vn 0.000000 -1.000000 0.000000
vn 0.000000 -1.000000 0.000000
vn 0.000000 -1.000000 0.000000
vn 0.000000 -1.000000 0.000000
vn 0.000000 -1.000000 0.000000
vn 0.000000 -1.000000 0.000000
vn 0.000000 -1.000000 0.000000
vn 0.000000 -1.000000 0.000000
vn 0.000000 -1.000000 0.000000
vn 0.000000 -1.000000 0.000000
vn 0.000000 -1.000000 0.000000
vn 0.000000 -1.000000 0.000000
vn 0.000000 -1.000000 0.000000
vn 0.000000 -1.000000 0.000000
vn 0.000000 -1.000000 0.000000
vn 0.000000 -1.000000 0.000000
vn 0.000000 -1.000000 0.000000
vn 0.000000 -1.000000 0.000000
vn 0.000000 -1.000000 0.000000
vn 0.000000 -1.000000 0.000000
vn -0.000000 -1.000000 0.000000
vn -0.000000 -1.000000 0.000000
vn -1.000000 0.000000 0.000000
vn -1.000000 0.000000 0.000000
vn -0.999906 -0.013715 0.000000
vn -0.999906 -0.013715 0.000000
vn -0.999153 -0.041152 0.000000
vn -0.999153 -0.041152 0.000000
vn -0.997649 -0.068533 0.000000
vn -0.997649 -0.068533 0.000000
vn -0.995392 -0.095887 0.000000
vn -0.995392 -0.095887 0.000000
vn -0.988635 -0.150338 0.000000
vn -0.992388 -0.123152 0.000000
vn -0.992388 -0.123152 0.000000
vn -0.988635 -0.150338 0.000000
vn -0.984139 -0.177401 0.000000
vn -0.984139 -0.177401 0.000000
vn -0.978904 -0.204323 0.000000
vn -0.978904 -0.204323 0.000000
vn -0.972927 -0.231115 0.000000
vn -0.972927 -0.231115 0.000000
vn -0.966216 -0.257732 0.000000
vn -0.966216 -0.257732 0.000000
vn -0.958787 -0.284126 0.000000
vn -0.958787 -0.284126 0.000000
vn -0.950636 -0.310309 0.000000
vn -0.950636 -0.310309 0.000000
vn -0.941764 -0.336276 0.000000
vn -0.941764 -0.336276 0.000000
vn -0.932169 -0.362022 0.000000
vn -0.932169 -0.362022 0.000000
vn -0.921910 -0.387403 0.000000
vn -0.910914 -0.412596 0.000000
vn -0.921910 -0.387403 0.000000
vn -0.910914 -0.412596 0.000000
vn -0.899265 -0.437404 0.000000
vn -0.899265 -0.437404 0.000000
vn -0.886928 -0.461907 0.000000
vn -0.886928 -0.461907 0.000000
vn -0.860251 -0.509870 0.000000
vn -0.873918 -0.486073 0.000000
vn -0.873918 -0.486073 0.000000
vn -0.860251 -0.509870 0.000000
vn -0.830995 -0.556279 0.000000
vn -0.845930 -0.533294 0.000000
vn -0.845930 -0.533294 0.000000
vn -0.830995 -0.556279 0.000000
vn -0.799254 -0.600994 0.000000
vn -0.815420 -0.578870 0.000000
vn -0.815420 -0.578870 0.000000
vn -0.799254 -0.600994 0.000000
vn -0.765052 -0.643969 0.000000
vn -0.782420 -0.622751 0.000000
vn -0.782420 -0.622751 0.000000
vn -0.747118 -0.664691 0.000000
vn -0.765052 -0.643969 0.000000
vn -0.747118 -0.664691 0.000000
vn -0.728626 -0.684912 0.000000
vn -0.728626 -0.684912 0.000000
vn -0.709474 -0.704732 0.000000
vn -0.709474 -0.704732 0.000000
vn -0.669817 -0.742526 0.000000
vn -0.689943 -0.723864 0.000000
vn -0.689943 -0.723864 0.000000
vn -0.669817 -0.742526 0.000000
vn -0.628030 -0.778189 0.000000
vn -0.649221 -0.760599 0.000000
vn -0.649221 -0.760599 0.000000
vn -0.606517 -0.795070 0.000000
vn -0.628030 -0.778189 0.000000
vn -0.606517 -0.795070 0.000000
vn -0.584417 -0.811454 0.000000
vn -0.584417 -0.811454 0.000000
vn -0.562019 -0.827124 0.000000
vn -0.562019 -0.827124 0.000000
vn -0.539032 -0.842286 0.000000
vn -0.539032 -0.842286 0.000000
vn -0.515766 -0.856730 0.000000
vn -0.515766 -0.856730 0.000000
vn -0.492074 -0.870553 0.000000
vn -0.492074 -0.870553 0.000000
vn -0.467952 -0.883754 0.000000
vn -0.467952 -0.883754 0.000000
vn -0.443580 -0.896235 0.000000
vn -0.443580 -0.896235 0.000000
vn -0.418786 -0.908085 0.000000
vn -0.418786 -0.908085 0.000000
vn -0.368390 -0.929671 0.000000
vn -0.393751 -0.919217 0.000000
vn -0.393751 -0.919217 0.000000
vn -0.368390 -0.929671 0.000000
vn -0.342800 -0.939408 0.000000
vn -0.342800 -0.939408 0.000000
vn -0.316787 -0.948497 0.000000
vn -0.316787 -0.948497 0.000000
vn -0.264285 -0.964445 0.000000
vn -0.290749 -0.956800 0.000000
vn -0.290749 -0.956800 0.000000
vn -0.264285 -0.964445 0.000000
vn -0.237807 -0.971312 0.000000
vn -0.237807 -0.971312 0.000000
vn -0.211003 -0.977485 0.000000
vn -0.211003 -0.977485 0.000000
vn -0.184194 -0.982890 0.000000
vn -0.184194 -0.982890 0.000000
vn -0.157057 -0.987590 0.000000
vn -0.157057 -0.987590 0.000000
vn -0.102665 -0.994716 0.000000
vn -0.130026 -0.991511 0.000000
vn -0.130026 -0.991511 0.000000
vn -0.102665 -0.994716 0.000000
vn -0.075413 -0.997152 0.000000
vn -0.075413 -0.997152 0.000000
vn -0.047940 -0.998850 0.000000
vn -0.047940 -0.998850 0.000000
vn -0.020577 -0.999788 0.000000
vn -0.020577 -0.999788 0.000000
vn 0.006785 -0.999977 0.000000
vn 0.006785 -0.999977 0.000000
vn 0.034370 -0.999409 0.000000
vn 0.034370 -0.999409 0.000000
vn 0.061621 -0.998100 0.000000
vn 0.061621 -0.998100 0.000000
vn 0.089094 -0.996023 0.000000
vn 0.089094 -0.996023 0.000000
vn 0.116346 -0.993209 0.000000
vn 0.116346 -0.993209 0.000000
vn 0.143596 -0.989636 0.000000
vn 0.143596 -0.989636 0.000000
vn 0.170626 -0.985336 0.000000
vn 0.170626 -0.985336 0.000000
vn 0.197546 -0.980294 0.000000
vn 0.197546 -0.980294 0.000000
vn 0.224459 -0.974483 0.000000
vn 0.224459 -0.974483 0.000000
vn 0.251047 -0.967975 0.000000
vn 0.251047 -0.967975 0.000000
vn 0.277622 -0.960690 0.000000
vn 0.277622 -0.960690 0.000000
vn 0.303770 -0.952745 0.000000
vn 0.303770 -0.952745 0.000000
vn 0.329797 -0.944052 0.000000
vn 0.329797 -0.944052 0.000000
vn 0.355599 -0.934639 0.000000
vn 0.355599 -0.934639 0.000000
vn 0.381076 -0.924544 0.000000
vn 0.406320 -0.913731 0.000000
vn 0.381076 -0.924544 0.000000
vn 0.406320 -0.913731 0.000000
vn 0.431236 -0.902239 0.000000
vn 0.431236 -0.902239 0.000000
vn 0.455819 -0.890073 0.000000
vn 0.480066 -0.877232 0.000000
vn 0.455819 -0.890073 0.000000
vn 0.480066 -0.877232 0.000000
vn 0.503974 -0.863719 0.000000
vn 0.503974 -0.863719 0.000000
vn 0.527453 -0.849584 0.000000
vn 0.527453 -0.849584 0.000000
vn 0.550581 -0.834782 0.000000
vn 0.573272 -0.819365 0.000000
vn 0.550581 -0.834782 0.000000
vn 0.573272 -0.819365 0.000000
vn 0.617330 -0.786704 0.000000
vn 0.595524 -0.803338 0.000000
vn 0.595524 -0.803338 0.000000
vn 0.617330 -0.786704 0.000000
vn 0.659577 -0.751637 0.000000
vn 0.638684 -0.769469 0.000000
vn 0.638684 -0.769469 0.000000
vn 0.659577 -0.751637 0.000000
vn 0.679940 -0.733268 0.000000
vn 0.679940 -0.733268 0.000000
vn 0.699768 -0.714370 0.000000
vn 0.699768 -0.714370 0.000000
vn 0.719167 -0.694837 0.000000
vn 0.719167 -0.694837 0.000000
vn 0.737909 -0.674900 0.000000
vn 0.756149 -0.654400 0.000000
vn 0.737909 -0.674900 0.000000
vn 0.756149 -0.654400 0.000000
vn 0.773824 -0.633400 0.000000
vn 0.790926 -0.611911 0.000000
vn 0.773824 -0.633400 0.000000
vn 0.790926 -0.611911 0.000000
vn 0.807406 -0.589997 0.000000
vn 0.807406 -0.589997 0.000000
vn 0.823259 -0.567666 0.000000
vn 0.823259 -0.567666 0.000000
vn 0.838550 -0.544825 0.000000
vn 0.853194 -0.521593 0.000000
vn 0.838550 -0.544825 0.000000
vn 0.853194 -0.521593 0.000000
vn 0.867161 -0.498028 0.000000
vn 0.867161 -0.498028 0.000000
vn 0.880500 -0.474046 0.000000
vn 0.880500 -0.474046 0.000000
vn 0.893175 -0.449709 0.000000
vn 0.893175 -0.449709 0.000000
vn 0.905179 -0.425032 0.000000
vn 0.905179 -0.425032 0.000000
vn 0.927123 -0.374758 0.000000
vn 0.916502 -0.400030 0.000000
vn 0.916502 -0.400030 0.000000
vn 0.927123 -0.374758 0.000000
vn 0.937051 -0.349193 0.000000
vn 0.937051 -0.349193 0.000000
vn 0.946291 -0.323317 0.000000
vn 0.946291 -0.323317 0.000000
vn 0.962594 -0.270949 0.000000
vn 0.954799 -0.297253 0.000000
vn 0.954799 -0.297253 0.000000
vn 0.962594 -0.270949 0.000000
vn 0.969667 -0.244428 0.000000
vn 0.969667 -0.244428 0.000000
vn 0.976008 -0.217735 0.000000
vn 0.976008 -0.217735 0.000000
vn 0.981612 -0.190886 0.000000
vn 0.981612 -0.190886 0.000000
vn 0.986480 -0.163880 0.000000
vn 0.986480 -0.163880 0.000000
vn 0.990603 -0.136772 0.000000
vn 0.990603 -0.136772 0.000000
vn 0.993984 -0.109522 0.000000
vn 0.993984 -0.109522 0.000000
vn 0.996614 -0.082219 0.000000
vn 0.998495 -0.054847 0.000000
vn 0.996614 -0.082219 0.000000
vn 0.998495 -0.054847 0.000000
vn 0.999624 -0.027434 0.000000
vn 0.999624 -0.027434 0.000000
vn 1.000000 0.000000 0.000000
vn 0.999624 0.027433 -0.000000
vn 1.000000 0.000000 0.000000
vn 0.999624 0.027433 -0.000000
vn 0.998495 0.054850 0.000000
vn 0.998495 0.054850 -0.000000
vn 0.996614 0.082219 0.000000
vn 0.996614 0.082219 -0.000000
vn 0.993984 0.109528 0.000000
vn 0.990605 0.136757 -0.000000
vn 0.993984 0.109528 -0.000000
vn 0.990605 0.136757 -0.000000
vn 0.986480 0.163880 -0.000000
vn 0.986480 0.163880 0.000000
vn 0.981612 0.190886 -0.000000
vn 0.981612 0.190886 0.000000
vn 0.969667 0.244428 -0.000000
vn 0.976005 0.217747 -0.000000
vn 0.976005 0.217747 0.000000
vn 0.962594 0.270949 -0.000000
vn 0.969667 0.244428 -0.000000
vn 0.962594 0.270949 -0.000000
vn 0.946285 0.323334 -0.000000
vn 0.954799 0.297253 -0.000000
vn 0.954799 0.297253 0.000000
vn 0.946285 0.323334 -0.000000
vn 0.937058 0.349175 -0.000000
vn 0.937058 0.349175 0.000000
vn 0.916493 0.400050 -0.000000
vn 0.927130 0.374739 -0.000000
vn 0.927130 0.374739 0.000000
vn 0.916493 0.400050 -0.000000
vn 0.905179 0.425032 -0.000000
vn 0.905179 0.425032 0.000000
vn 0.880513 0.474023 -0.000000
vn 0.893175 0.449709 -0.000000
vn 0.893175 0.449709 0.000000
vn 0.867161 0.498028 -0.000000
vn 0.880513 0.474023 -0.000000
vn 0.867161 0.498028 -0.000000
vn 0.853179 0.521618 -0.000000
vn 0.853179 0.521618 0.000000
vn 0.838550 0.544825 -0.000000
vn 0.838550 0.544825 0.000000
vn 0.823277 0.567640 0.000000
vn 0.807406 0.589997 -0.000000
vn 0.823277 0.567640 -0.000000
vn 0.807406 0.589997 -0.000000
vn 0.790905 0.611938 0.000000
vn 0.790905 0.611938 -0.000000
vn 0.773824 0.633400 -0.000000
vn 0.773824 0.633400 0.000000
vn 0.737934 0.674872 -0.000000
vn 0.756149 0.654400 -0.000000
vn 0.756149 0.654400 0.000000
vn 0.737934 0.674872 -0.000000
vn 0.719113 0.694893 -0.000000
vn 0.719113 0.694893 0.000000
vn 0.679940 0.733268 -0.000000
vn 0.699797 0.714342 -0.000000
vn 0.699797 0.714342 0.000000
vn 0.679940 0.733268 -0.000000
vn 0.638684 0.769469 -0.000000
vn 0.659577 0.751637 -0.000000
vn 0.659577 0.751637 0.000000
vn 0.617330 0.786704 -0.000000
vn 0.638684 0.769469 -0.000000
vn 0.617330 0.786704 -0.000000
vn 0.573272 0.819365 -0.000000
vn 0.595524 0.803338 -0.000000
vn 0.595524 0.803338 0.000000
vn 0.573272 0.819365 -0.000000
vn 0.527453 0.849584 -0.000000
vn 0.550581 0.834782 -0.000000
vn 0.550581 0.834782 0.000000
vn 0.527453 0.849584 -0.000000
vn 0.503974 0.863719 -0.000000
vn 0.503974 0.863719 0.000000
vn 0.480066 0.877232 -0.000000
vn 0.480066 0.877232 0.000000
vn 0.455819 0.890073 -0.000000
vn 0.455819 0.890073 0.000000
vn 0.406320 0.913731 -0.000000
vn 0.431236 0.902239 -0.000000
vn 0.431236 0.902239 0.000000
vn 0.406320 0.913731 -0.000000
vn 0.381076 0.924544 -0.000000
vn 0.381076 0.924544 -0.000000
vn 0.355599 0.934639 -0.000000
vn 0.355599 0.934639 -0.000000
vn 0.329797 0.944052 0.000000
vn 0.303820 0.952729 -0.000000
vn 0.329797 0.944052 -0.000000
vn 0.303820 0.952729 -0.000000
vn 0.277519 0.960720 0.000000
vn 0.277519 0.960720 -0.000000
vn 0.251099 0.967961 0.000000
vn 0.251099 0.967961 -0.000000
vn 0.224406 0.974496 0.000000
vn 0.197653 0.980272 -0.000000
vn 0.224406 0.974496 -0.000000
vn 0.197653 0.980272 -0.000000
vn 0.170626 0.985336 0.000000
vn 0.143542 0.989644 -0.000000
vn 0.170626 0.985336 -0.000000
vn 0.143542 0.989644 -0.000000
vn 0.116346 0.993209 -0.000000
vn 0.116346 0.993209 -0.000000
vn 0.089039 0.996028 0.000000
vn 0.089039 0.996028 -0.000000
vn 0.061732 0.998093 0.000000
vn 0.061732 0.998093 -0.000000
vn 0.034259 0.999413 0.000000
vn 0.006896 0.999976 -0.000000
vn 0.034259 0.999413 -0.000000
vn 0.006896 0.999976 -0.000000
vn -0.020577 0.999788 0.000000
vn -0.020577 0.999788 0.000000
vn -0.047995 0.998848 0.000000
vn -0.047995 0.998848 0.000000
vn -0.075413 0.997152 0.000000
vn -0.075413 0.997152 0.000000
vn -0.102720 0.994710 0.000000
vn -0.129917 0.991525 0.000000
vn -0.102720 0.994710 0.000000
vn -0.129917 0.991525 0.000000
vn -0.157111 0.987581 0.000000
vn -0.157111 0.987581 0.000000
vn -0.184194 0.982890 0.000000
vn -0.184194 0.982890 0.000000
vn -0.211003 0.977485 0.000000
vn -0.211003 0.977485 0.000000
vn -0.264336 0.964431 0.000000
vn -0.237807 0.971312 0.000000
vn -0.237807 0.971312 0.000000
vn -0.264336 0.964431 0.000000
vn -0.290698 0.956815 0.000000
vn -0.290698 0.956815 0.000000
vn -0.316837 0.948480 0.000000
vn -0.316837 0.948480 0.000000
vn -0.342702 0.939444 0.000000
vn -0.342702 0.939444 0.000000
vn -0.393751 0.919217 0.000000
vn -0.368390 0.929671 0.000000
vn -0.368390 0.929671 0.000000
vn -0.393751 0.919217 0.000000
vn -0.418832 0.908064 0.000000
vn -0.443535 0.896257 0.000000
vn -0.418832 0.908064 0.000000
vn -0.443535 0.896257 0.000000
vn -0.467996 0.883731 0.000000
vn -0.467996 0.883731 0.000000
vn -0.492074 0.870553 0.000000
vn -0.515766 0.856730 0.000000
vn -0.492074 0.870553 0.000000
vn -0.515766 0.856730 0.000000
vn -0.539071 0.842260 0.000000
vn -0.561943 0.827176 0.000000
vn -0.539071 0.842260 0.000000
vn -0.561943 0.827176 0.000000
vn -0.584454 0.811427 0.000000
vn -0.584454 0.811427 0.000000
vn -0.606482 0.795097 0.000000
vn -0.606482 0.795097 0.000000
vn -0.628097 0.778135 0.000000
vn -0.649189 0.760627 0.000000
vn -0.628097 0.778135 0.000000
vn -0.649189 0.760627 0.000000
vn -0.669817 0.742526 0.000000
vn -0.669817 0.742526 0.000000
vn -0.689914 0.723892 0.000000
vn -0.689914 0.723892 0.000000
vn -0.709529 0.704676 0.000000
vn -0.709529 0.704676 0.000000
vn -0.728600 0.684939 0.000000
vn -0.728600 0.684939 0.000000
vn -0.747094 0.664719 0.000000
vn -0.747094 0.664719 0.000000
vn -0.765075 0.643942 0.000000
vn -0.765075 0.643942 0.000000
vn -0.799234 0.601021 0.000000
vn -0.782442 0.622724 0.000000
vn -0.782442 0.622724 0.000000
vn -0.799234 0.601021 0.000000
vn -0.815420 0.578870 0.000000
vn -0.815420 0.578870 0.000000
vn -0.845930 0.533294 0.000000
vn -0.830995 0.556279 0.000000
vn -0.830995 0.556279 0.000000
vn -0.860266 0.509846 0.000000
vn -0.845930 0.533294 0.000000
vn -0.860266 0.509846 0.000000
vn -0.886928 0.461907 0.000000
vn -0.873905 0.486097 0.000000
vn -0.873905 0.486097 0.000000
vn -0.886928 0.461907 0.000000
vn -0.899254 0.437426 0.000000
vn -0.899254 0.437426 0.000000
vn -0.910933 0.412554 0.000000
vn -0.910933 0.412554 0.000000
vn -0.921894 0.387443 0.000000
vn -0.921894 0.387443 0.000000
vn -0.932184 0.361985 0.000000
vn -0.932184 0.361985 0.000000
vn -0.941757 0.336293 0.000000
vn -0.941757 0.336293 0.000000
vn -0.950630 0.310326 0.000000
vn -0.950630 0.310326 0.000000
vn -0.958787 0.284126 0.000000
vn -0.966224 0.257705 0.000000
vn -0.958787 0.284126 0.000000
vn -0.966224 0.257705 0.000000
vn -0.972927 0.231115 0.000000
vn -0.972927 0.231115 0.000000
vn -0.978901 0.204334 0.000000
vn -0.978901 0.204334 0.000000
vn -0.984139 0.177401 0.000000
vn -0.984139 0.177401 0.000000
vn -0.988636 0.150329 0.000000
vn -0.988636 0.150329 0.000000
vn -0.992388 0.123152 0.000000
vn -0.992388 0.123152 0.000000
vn -0.997648 0.068540 0.000000
vn -0.995392 0.095887 0.000000
vn -0.995392 0.095887 0.000000
vn -0.997648 0.068540 0.000000
vn -0.999153 0.041147 0.000000
vn -0.999153 0.041147 0.000000
vn -0.999906 0.013716 0.000000
vn -0.999906 0.013716 0.000000
vn 0.000000 -1.000000 0.000000
vn 0.000000 -1.000000 0.000000
vn 0.006633 -0.707090 -0.707092
vn 0.009156 -0.709238 -0.704910
vn 0.020460 -0.705254 -0.708659
vn 0.034067 -0.703682 -0.709698
vn 0.027557 -0.710674 -0.702981
vn 0.042747 -0.708607 -0.704307
vn 0.046677 -0.721441 -0.690901
vn -1.000000 0.000000 0.000000
vn -1.000000 0.000000 0.000000
vn -1.000000 0.000000 0.000000
vn -1.000000 0.000000 0.000000
vn -1.000000 0.000000 0.000000
vn -1.000000 0.000000 0.000000
vn -0.999908 -0.013542 -0.000000
vn -0.999908 -0.013542 0.000000
vn -0.999175 -0.040608 -0.000000
vn -0.999175 -0.040608 0.000000
vn -0.997708 -0.067662 -0.000000
vn -0.997708 -0.067662 0.000000
vn -0.995511 -0.094647 -0.000000
vn -0.995511 -0.094647 0.000000
vn -0.992583 -0.121570 -0.000000
vn -0.988927 -0.148404 -0.000000
vn -0.992583 -0.121570 0.000000
vn -0.988927 -0.148404 -0.000000
vn -0.984546 -0.175125 -0.000000
vn -0.984546 -0.175125 0.000000
vn -0.979441 -0.201732 -0.000000
vn -0.979441 -0.201732 0.000000
vn -0.973622 -0.228168 -0.000000
vn -0.973622 -0.228168 0.000000
vn -0.967084 -0.254458 -0.000000
vn -0.959839 -0.280552 -0.000000
vn -0.967084 -0.254458 0.000000
vn -0.959839 -0.280552 -0.000000
vn -0.951889 -0.306444 -0.000000
vn -0.943243 -0.332102 -0.000000
vn -0.951889 -0.306444 0.000000
vn -0.943243 -0.332102 -0.000000
vn -0.933901 -0.357532 -0.000000
vn -0.923882 -0.382678 -0.000000
vn -0.933901 -0.357532 0.000000
vn -0.923882 -0.382678 -0.000000
vn -0.913178 -0.407561 -0.000000
vn -0.913178 -0.407561 0.000000
vn -0.901811 -0.432131 -0.000000
vn -0.901811 -0.432131 0.000000
vn -0.889767 -0.456414 -0.000000
vn -0.889767 -0.456414 0.000000
vn -0.877093 -0.480321 -0.000000
vn -0.877093 -0.480321 0.000000
vn -0.863757 -0.503909 -0.000000
vn -0.849802 -0.527102 -0.000000
vn -0.863757 -0.503909 0.000000
vn -0.849802 -0.527102 -0.000000
vn -0.835210 -0.549931 0.000000
vn -0.835210 -0.549931 -0.000000
vn -0.820013 -0.572345 0.000000
vn -0.820013 -0.572345 -0.000000
vn -0.804215 -0.594338 0.000000
vn -0.804215 -0.594338 -0.000000
vn -0.787826 -0.615897 0.000000
vn -0.787826 -0.615897 -0.000000
vn -0.770855 -0.637010 -0.000000
vn -0.753328 -0.657645 -0.000000
vn -0.770855 -0.637010 -0.000000
vn -0.753328 -0.657645 -0.000000
vn -0.735238 -0.677809 0.000000
vn -0.735238 -0.677809 -0.000000
vn -0.716620 -0.697464 -0.000000
vn -0.716620 -0.697464 -0.000000
vn -0.697469 -0.716615 -0.000000
vn -0.677798 -0.735248 -0.000000
vn -0.697469 -0.716615 0.000000
vn -0.677798 -0.735248 -0.000000
vn -0.657645 -0.753328 -0.000000
vn -0.637014 -0.770853 -0.000000
vn -0.657645 -0.753328 0.000000
vn -0.637014 -0.770853 -0.000000
vn -0.615895 -0.787828 -0.000000
vn -0.615895 -0.787828 0.000000
vn -0.594340 -0.804214 -0.000000
vn -0.572345 -0.820013 -0.000000
vn -0.594340 -0.804214 0.000000
vn -0.572345 -0.820013 -0.000000
vn -0.549929 -0.835211 -0.000000
vn -0.527111 -0.849796 -0.000000
vn -0.549929 -0.835211 0.000000
vn -0.527111 -0.849796 -0.000000
vn -0.503907 -0.863758 -0.000000
vn -0.503907 -0.863758 0.000000
vn -0.480327 -0.877090 -0.000000
vn -0.456400 -0.889775 -0.000000
vn -0.480327 -0.877090 0.000000
vn -0.456400 -0.889775 -0.000000
vn -0.432133 -0.901810 -0.000000
vn -0.432133 -0.901810 0.000000
vn -0.407563 -0.913177 -0.000000
vn -0.382691 -0.923877 -0.000000
vn -0.407563 -0.913177 0.000000
vn -0.382691 -0.923877 -0.000000
vn -0.357519 -0.933906 -0.000000
vn -0.357519 -0.933906 0.000000
vn -0.332102 -0.943243 0.000000
vn -0.332102 -0.943243 -0.000000
vn -0.306447 -0.951888 0.000000
vn -0.306447 -0.951888 -0.000000
vn -0.280550 -0.959840 0.000000
vn -0.280550 -0.959840 -0.000000
vn -0.254450 -0.967086 0.000000
vn -0.254450 -0.967086 -0.000000
vn -0.228189 -0.973617 -0.000000
vn -0.228189 -0.973617 -0.000000
vn -0.201710 -0.979445 0.000000
vn -0.201710 -0.979445 -0.000000
vn -0.175146 -0.984542 0.000000
vn -0.175146 -0.984542 -0.000000
vn -0.148404 -0.988927 0.000000
vn -0.148404 -0.988927 -0.000000
vn -0.121561 -0.992584 0.000000
vn -0.121561 -0.992584 -0.000000
vn -0.094657 -0.995510 0.000000
vn -0.094657 -0.995510 -0.000000
vn -0.067652 -0.997709 -0.000000
vn -0.067652 -0.997709 -0.000000
vn -0.040608 -0.999175 -0.000000
vn -0.040608 -0.999175 -0.000000
vn -0.013542 -0.999908 0.000000
vn -0.013542 -0.999908 -0.000000
vn -0.999908 0.013542 0.000000
vn -0.999175 0.040608 0.000000
vn -0.999908 0.013542 0.000000
vn -0.999175 0.040608 0.000000
vn -0.997708 0.067662 0.000000
vn -0.997708 0.067662 0.000000
vn -0.995511 0.094647 0.000000
vn -0.992583 0.121570 0.000000
vn -0.995511 0.094647 0.000000
vn -0.992583 0.121570 0.000000
vn -0.988927 0.148404 0.000000
vn -0.988927 0.148404 0.000000
vn -0.984546 0.175125 0.000000
vn -0.984546 0.175125 0.000000
vn -0.979441 0.201732 0.000000
vn -0.973622 0.228168 0.000000
vn -0.979441 0.201732 0.000000
vn -0.973622 0.228168 0.000000
vn -0.967084 0.254458 0.000000
vn -0.967084 0.254458 0.000000
vn -0.959839 0.280552 0.000000
vn -0.959839 0.280552 0.000000
vn -0.951889 0.306444 0.000000
vn -0.943243 0.332102 0.000000
vn -0.951889 0.306444 0.000000
vn -0.943243 0.332102 0.000000
vn -0.933901 0.357532 0.000000
vn -0.933901 0.357532 0.000000
vn -0.923882 0.382678 0.000000
vn -0.923882 0.382678 0.000000
vn -0.913178 0.407561 0.000000
vn -0.913178 0.407561 0.000000
vn -0.901811 0.432131 0.000000
vn -0.901811 0.432131 0.000000
vn -0.889767 0.456414 0.000000
vn -0.889767 0.456414 0.000000
vn -0.877093 0.480321 0.000000
vn -0.877093 0.480321 0.000000
vn -0.863757 0.503909 0.000000
vn -0.863757 0.503909 0.000000
vn -0.849802 0.527102 0.000000
vn -0.849802 0.527102 0.000000
vn -0.835210 0.549931 0.000000
vn -0.835210 0.549931 0.000000
vn -0.820013 0.572345 0.000000
vn -0.820013 0.572345 0.000000
vn -0.804215 0.594338 0.000000
vn -0.804215 0.594338 0.000000
vn -0.787826 0.615897 0.000000
vn -0.787826 0.615897 0.000000
vn -0.770855 0.637010 0.000000
vn -0.770855 0.637010 0.000000
vn -0.753328 0.657645 0.000000
vn -0.753328 0.657645 0.000000
vn -0.735238 0.677809 0.000000
vn -0.735238 0.677809 0.000000
vn -0.716620 0.697464 0.000000
vn -0.697469 0.716615 0.000000
vn -0.716620 0.697464 0.000000
vn -0.697469 0.716615 0.000000
vn -0.677798 0.735248 0.000000
vn -0.677798 0.735248 0.000000
vn -0.657645 0.753328 0.000000
vn -0.657645 0.753328 0.000000
vn -0.637014 0.770853 0.000000
vn -0.615895 0.787828 0.000000
vn -0.637014 0.770853 0.000000
vn -0.615895 0.787828 0.000000
vn -0.594340 0.804214 0.000000
vn -0.572345 0.820013 0.000000
vn -0.594340 0.804214 0.000000
vn -0.572345 0.820013 0.000000
vn -0.549929 0.835211 0.000000
vn -0.549929 0.835211 0.000000
vn -0.527111 0.849796 0.000000
vn -0.527111 0.849796 0.000000
vn -0.503907 0.863758 0.000000
vn -0.480327 0.877090 0.000000
vn -0.503907 0.863758 0.000000
vn -0.456400 0.889775 0.000000
vn -0.480327 0.877090 0.000000
vn -0.456400 0.889775 0.000000
vn -0.432133 0.901810 0.000000
vn -0.432133 0.901810 0.000000
vn -0.407563 0.913177 0.000000
vn -0.382691 0.923877 0.000000
vn -0.407563 0.913177 0.000000
vn -0.382691 0.923877 0.000000
vn -0.357519 0.933906 0.000000
vn -0.357519 0.933906 0.000000
vn -0.332102 0.943243 0.000000
vn -0.332102 0.943243 0.000000
vn -0.306447 0.951888 0.000000
vn -0.306447 0.951888 0.000000
vn -0.280550 0.959840 0.000000
vn -0.280550 0.959840 0.000000
vn -0.254450 0.967086 0.000000
vn -0.254450 0.967086 0.000000
vn -0.228189 0.973617 0.000000
vn -0.228189 0.973617 0.000000
vn -0.201710 0.979445 0.000000
vn -0.201710 0.979445 0.000000
vn -0.175146 0.984542 0.000000
vn -0.175146 0.984542 0.000000
vn -0.148404 0.988927 0.000000
vn -0.148404 0.988927 0.000000
vn -0.121561 0.992584 0.000000
vn -0.121561 0.992584 0.000000
vn -0.094657 0.995510 0.000000
vn -0.094657 0.995510 0.000000
vn -0.067652 0.997709 0.000000
vn -0.067652 0.997709 0.000000
vn -0.040608 0.999175 0.000000
vn -0.040608 0.999175 0.000000
vn -0.013542 0.999908 0.000000
vn -0.013542 0.999908 0.000000
vn 0.000000 -1.000000 0.000000
vn 0.000000 -1.000000 0.000000
vn 0.000000 1.000000 0.000000
vn 0.000000 1.000000 0.000000
vn 0.999908 -0.013542 0.000000
vn 0.999908 -0.013542 0.000000
vn 0.999175 -0.040608 0.000000
vn 0.999175 -0.040608 0.000000
vn 0.997708 -0.067662 0.000000
vn 0.997708 -0.067662 0.000000
vn 0.995511 -0.094647 0.000000
vn 0.995511 -0.094647 0.000000
vn 0.992583 -0.121570 0.000000
vn 0.988927 -0.148404 0.000000
vn 0.992583 -0.121570 0.000000
vn 0.988927 -0.148404 0.000000
vn 0.984546 -0.175125 0.000000
vn 0.984546 -0.175125 0.000000
vn 0.979441 -0.201732 0.000000
vn 0.979441 -0.201732 0.000000
vn 0.973622 -0.228168 0.000000
vn 0.973622 -0.228168 0.000000
vn 0.967084 -0.254458 0.000000
vn 0.959839 -0.280552 0.000000
vn 0.967084 -0.254458 0.000000
vn 0.959839 -0.280552 0.000000
vn 0.951889 -0.306444 0.000000
vn 0.943243 -0.332102 0.000000
vn 0.951889 -0.306444 0.000000
vn 0.943243 -0.332102 0.000000
vn 0.933901 -0.357532 0.000000
vn 0.923882 -0.382678 0.000000
vn 0.933901 -0.357532 0.000000
vn 0.923882 -0.382678 0.000000
vn 0.913178 -0.407561 0.000000
vn 0.913178 -0.407561 0.000000
vn 0.901811 -0.432131 0.000000
vn 0.901811 -0.432131 0.000000
vn 0.889767 -0.456414 0.000000
vn 0.889767 -0.456414 0.000000
vn 0.877093 -0.480321 0.000000
vn 0.877093 -0.480321 0.000000
vn 0.863757 -0.503909 0.000000
vn 0.849802 -0.527102 0.000000
vn 0.863757 -0.503909 0.000000
vn 0.849802 -0.527102 0.000000
vn 0.835210 -0.549931 0.000000
vn 0.835210 -0.549931 0.000000
vn 0.820013 -0.572345 0.000000
vn 0.820013 -0.572345 0.000000
vn 0.804215 -0.594338 0.000000
vn 0.804215 -0.594338 0.000000
vn 0.787826 -0.615897 0.000000
vn 0.787826 -0.615897 0.000000
vn 0.770855 -0.637010 0.000000
vn 0.753328 -0.657645 0.000000
vn 0.770855 -0.637010 0.000000
vn 0.753328 -0.657645 0.000000
vn 0.735238 -0.677809 0.000000
vn 0.735238 -0.677809 0.000000
vn 0.716620 -0.697464 0.000000
vn 0.716620 -0.697464 0.000000
vn 0.697469 -0.716615 0.000000
vn 0.677798 -0.735248 0.000000
vn 0.697469 -0.716615 0.000000
vn 0.677798 -0.735248 0.000000
vn 0.657645 -0.753328 0.000000
vn 0.637016 -0.770850 0.000000
vn 0.657645 -0.753328 0.000000
vn 0.637016 -0.770850 0.000000
vn 0.615893 -0.787830 0.000000
vn 0.615893 -0.787830 0.000000
vn 0.594338 -0.804215 0.000000
vn 0.572350 -0.820010 0.000000
vn 0.594338 -0.804215 0.000000
vn 0.572350 -0.820010 0.000000
vn 0.549927 -0.835213 0.000000
vn 0.527111 -0.849796 0.000000
vn 0.549927 -0.835213 0.000000
vn 0.527111 -0.849796 0.000000
vn 0.503907 -0.863758 0.000000
vn 0.503907 -0.863758 0.000000
vn 0.480325 -0.877091 0.000000
vn 0.456402 -0.889774 0.000000
vn 0.480325 -0.877091 0.000000
vn 0.456402 -0.889774 0.000000
vn 0.432133 -0.901810 0.000000
vn 0.432133 -0.901810 0.000000
vn 0.407563 -0.913177 0.000000
vn 0.382691 -0.923877 0.000000
vn 0.407563 -0.913177 0.000000
vn 0.382691 -0.923877 0.000000
vn 0.357519 -0.933906 0.000000
vn 0.357519 -0.933906 0.000000
vn 0.332102 -0.943243 0.000000
vn 0.332102 -0.943243 0.000000
vn 0.306447 -0.951888 0.000000
vn 0.306447 -0.951888 0.000000
vn 0.280550 -0.959840 0.000000
vn 0.280550 -0.959840 0.000000
vn 0.254450 -0.967086 0.000000
vn 0.254450 -0.967086 0.000000
vn 0.228189 -0.973617 0.000000
vn 0.228189 -0.973617 0.000000
vn 0.201710 -0.979445 0.000000
vn 0.201710 -0.979445 0.000000
vn 0.175146 -0.984542 0.000000
vn 0.175146 -0.984542 0.000000
vn 0.148404 -0.988927 0.000000
vn 0.148404 -0.988927 0.000000
vn 0.121561 -0.992584 0.000000
vn 0.121561 -0.992584 0.000000
vn 0.094657 -0.995510 0.000000
vn 0.094657 -0.995510 0.000000
vn 0.067652 -0.997709 0.000000
vn 0.067652 -0.997709 0.000000
vn 0.040608 -0.999175 0.000000
vn 0.040608 -0.999175 0.000000
vn 0.013542 -0.999908 0.000000
vn 0.013542 -0.999908 0.000000
vn 0.999908 0.013542 0.000000
vn 0.999175 0.040608 0.000000
vn 0.999908 0.013542 0.000000
vn 0.999175 0.040608 0.000000
vn 0.997708 0.067662 0.000000
vn 0.997708 0.067662 0.000000
vn 0.995511 0.094647 0.000000
vn 0.992583 0.121570 0.000000
vn 0.995511 0.094647 0.000000
vn 0.992583 0.121570 0.000000
vn 0.988927 0.148404 0.000000
vn 0.988927 0.148404 0.000000
vn 0.984546 0.175125 0.000000
vn 0.984546 0.175125 0.000000
vn 0.979441 0.201732 0.000000
vn 0.973622 0.228168 0.000000
vn 0.979441 0.201732 0.000000
vn 0.973622 0.228168 0.000000
vn 0.967084 0.254458 0.000000
vn 0.967084 0.254458 0.000000
vn 0.959839 0.280552 0.000000
vn 0.959839 0.280552 0.000000
vn 0.951889 0.306444 0.000000
vn 0.943243 0.332102 0.000000
vn 0.951889 0.306444 0.000000
vn 0.943243 0.332102 0.000000
vn 0.933901 0.357532 0.000000
vn 0.933901 0.357532 0.000000
vn 0.923882 0.382678 0.000000
vn 0.923882 0.382678 0.000000
vn 0.913178 0.407561 0.000000
vn 0.913178 0.407561 0.000000
vn 0.901811 0.432131 0.000000
vn 0.901811 0.432131 0.000000
vn 0.889767 0.456414 0.000000
vn 0.889767 0.456414 0.000000
vn 0.877093 0.480321 0.000000
vn 0.877093 0.480321 0.000000
vn 0.863757 0.503909 0.000000
vn 0.863757 0.503909 0.000000
vn 0.849802 0.527102 0.000000
vn 0.849802 0.527102 0.000000
vn 0.835210 0.549931 0.000000
vn 0.835210 0.549931 0.000000
vn 0.820013 0.572345 0.000000
vn 0.820013 0.572345 0.000000
vn 0.804215 0.594338 0.000000
vn 0.804215 0.594338 0.000000
vn 0.787826 0.615897 0.000000
vn 0.787826 0.615897 0.000000
vn 0.770855 0.637010 0.000000
vn 0.770855 0.637010 0.000000
vn 0.753328 0.657645 0.000000
vn 0.753328 0.657645 0.000000
vn 0.735238 0.677809 0.000000
vn 0.735238 0.677809 0.000000
vn 0.716620 0.697464 0.000000
vn 0.697469 0.716615 0.000000
vn 0.716620 0.697464 0.000000
vn 0.697469 0.716615 0.000000
vn 0.677798 0.735248 0.000000
vn 0.677798 0.735248 0.000000
vn 0.657645 0.753328 0.000000
vn 0.657645 0.753328 0.000000
vn 0.637016 0.770850 0.000000
vn 0.615893 0.787830 0.000000
vn 0.637016 0.770850 0.000000
vn 0.615893 0.787830 0.000000
vn 0.594338 0.804215 0.000000
vn 0.572350 0.820010 0.000000
vn 0.594338 0.804215 0.000000
vn 0.572350 0.820010 0.000000
vn 0.549927 0.835213 0.000000
vn 0.549927 0.835213 0.000000
vn 0.527111 0.849796 0.000000
vn 0.527111 0.849796 0.000000
vn 0.503907 0.863758 0.000000
vn 0.480325 0.877091 0.000000
vn 0.503907 0.863758 0.000000
vn 0.456402 0.889774 0.000000
vn 0.480325 0.877091 0.000000
vn 0.456402 0.889774 0.000000
vn 0.432133 0.901810 0.000000
vn 0.432133 0.901810 0.000000
vn 0.407563 0.913177 0.000000
vn 0.382691 0.923877 0.000000
vn 0.407563 0.913177 0.000000
vn 0.382691 0.923877 0.000000
vn 0.357519 0.933906 0.000000
vn 0.357519 0.933906 0.000000
vn 0.332102 0.943243 0.000000
vn 0.332102 0.943243 0.000000
vn 0.306447 0.951888 0.000000
vn 0.306447 0.951888 0.000000
vn 0.280550 0.959840 0.000000
vn 0.280550 0.959840 0.000000
vn 0.254450 0.967086 0.000000
vn 0.254450 0.967086 0.000000
vn 0.228189 0.973617 0.000000
vn 0.228189 0.973617 0.000000
vn 0.201710 0.979445 0.000000
vn 0.201710 0.979445 0.000000
vn 0.175146 0.984542 0.000000
vn 0.175146 0.984542 0.000000
vn 0.148404 0.988927 0.000000
vn 0.148404 0.988927 0.000000
vn 0.121561 0.992584 0.000000
vn 0.121561 0.992584 0.000000
vn 0.094657 0.995510 0.000000
vn 0.094657 0.995510 0.000000
vn 0.067652 0.997709 0.000000
vn 0.067652 0.997709 0.000000
vn 0.040608 0.999175 0.000000
vn 0.040608 0.999175 0.000000
vn 0.013542 0.999908 0.000000
vn 0.013542 0.999908 0.000000
vn 1.000000 0.000000 0.000000
vn 1.000000 -0.000000 0.000000
vn 1.000000 0.000000 0.000000
vn 1.000000 -0.000000 0.000000
vn 1.000000 -0.000000 0.000000
vn 1.000000 0.000000 0.000000
vn 0.012909 0.999917 0.000000
vn 0.012909 0.999917 0.000000
vn 0.038747 0.999249 0.000000
vn 0.038747 0.999249 0.000000
vn 0.064565 0.997914 0.000000
vn 0.064565 0.997914 0.000000
vn 0.759884 0.650059 0.000000
vn 0.759884 0.650059 0.000000
vn 0.776970 0.629538 0.000000
vn 0.776970 0.629538 0.000000
vn 0.793508 0.608559 0.000000
vn 0.793508 0.608559 0.000000
vn 0.809464 0.587170 0.000000
vn 0.809464 0.587170 0.000000
vn 0.824861 0.565336 0.000000
vn 0.824861 0.565336 0.000000
vn 0.839659 0.543113 0.000000
vn 0.839659 0.543113 0.000000
vn 0.853861 0.520500 0.000000
vn 0.853861 0.520500 0.000000
vn 0.867456 0.497513 0.000000
vn 0.867456 0.497513 0.000000
vn 0.880431 0.474174 0.000000
vn 0.880431 0.474174 0.000000
vn 0.892778 0.450496 0.000000
vn 0.892778 0.450496 0.000000
vn 0.904488 0.426500 0.000000
vn 0.904488 0.426500 0.000000
vn 0.915554 0.402196 0.000000
vn 0.915554 0.402196 0.000000
vn 0.925966 0.377607 0.000000
vn 0.925966 0.377607 0.000000
vn 0.935718 0.352749 0.000000
vn 0.935718 0.352749 0.000000
vn 0.944803 0.327638 0.000000
vn 0.944803 0.327638 0.000000
vn 0.953217 0.302287 0.000000
vn 0.953217 0.302287 0.000000
vn 0.960946 0.276736 0.000000
vn 0.960946 0.276736 0.000000
vn 0.967992 0.250983 0.000000
vn 0.967992 0.250983 0.000000
vn 0.974349 0.225042 0.000000
vn 0.974349 0.225042 0.000000
vn 0.980012 0.198938 0.000000
vn 0.980012 0.198938 0.000000
vn 0.984972 0.172713 0.000000
vn 0.984972 0.172713 0.000000
vn 0.989234 0.146342 0.000000
vn 0.989234 0.146342 0.000000
vn 0.992788 0.119882 0.000000
vn 0.992788 0.119882 0.000000
vn 0.995636 0.093325 0.000000
vn 0.997772 0.066713 0.000000
vn 0.995636 0.093325 0.000000
vn 0.997772 0.066713 0.000000
vn 0.999198 0.040046 0.000000
vn 0.999198 0.040046 0.000000
vn 0.999911 0.013352 0.000000
vn 0.999911 0.013352 0.000000
vn 1.000000 0.000000 0.000000
vn 1.000000 -0.000000 0.000000
vn 0.759884 -0.650059 0.000000
vn 0.759884 -0.650059 0.000000
vn 0.776970 -0.629538 0.000000
vn 0.776970 -0.629538 0.000000
vn 0.793508 -0.608559 0.000000
vn 0.793508 -0.608559 0.000000
vn 0.809464 -0.587170 0.000000
vn 0.809464 -0.587170 0.000000
vn 0.824861 -0.565336 0.000000
vn 0.824861 -0.565336 0.000000
vn 0.839659 -0.543113 0.000000
vn 0.839659 -0.543113 0.000000
vn 0.853861 -0.520500 0.000000
vn 0.853861 -0.520500 0.000000
vn 0.867456 -0.497513 0.000000
vn 0.867456 -0.497513 0.000000
vn 0.880431 -0.474174 0.000000
vn 0.880431 -0.474174 0.000000
vn 0.892778 -0.450496 0.000000
vn 0.892778 -0.450496 0.000000
vn 0.904488 -0.426500 0.000000
vn 0.904488 -0.426500 0.000000
vn 0.915554 -0.402196 0.000000
vn 0.915554 -0.402196 0.000000
vn 0.925966 -0.377607 0.000000
vn 0.925966 -0.377607 0.000000
vn 0.935718 -0.352749 0.000000
vn 0.935718 -0.352749 0.000000
vn 0.944803 -0.327638 0.000000
vn 0.944803 -0.327638 0.000000
vn 0.953217 -0.302287 0.000000
vn 0.953217 -0.302287 0.000000
vn 0.960946 -0.276736 0.000000
vn 0.960946 -0.276736 0.000000
vn 0.967992 -0.250983 0.000000
vn 0.967992 -0.250983 0.000000
vn 0.974349 -0.225042 0.000000
vn 0.974349 -0.225042 0.000000
vn 0.980012 -0.198938 0.000000
vn 0.980012 -0.198938 0.000000
vn 0.984972 -0.172713 0.000000
vn 0.984972 -0.172713 0.000000
vn 0.989234 -0.146342 0.000000
vn 0.989234 -0.146342 0.000000
vn 0.992788 -0.119882 0.000000
vn 0.992788 -0.119882 0.000000
vn 0.995636 -0.093325 0.000000
vn 0.995636 -0.093325 0.000000
vn 0.997772 -0.066713 0.000000
vn 0.997772 -0.066713 0.000000
vn 0.999198 -0.040046 0.000000
vn 0.999198 -0.040046 0.000000
vn 0.999911 -0.013352 0.000000
vn 0.999911 -0.013352 0.000000
vn 0.012909 -0.999917 0.000000
vn 0.012909 -0.999917 0.000000
vn 0.038747 -0.999249 0.000000
vn 0.064565 -0.997914 0.000000
vn 0.038747 -0.999249 0.000000
vn 0.064565 -0.997914 0.000000
vn -1.000000 0.000000 0.000000
vn -1.000000 0.000000 0.000000
vn 0.000000 1.000000 0.000000
vn 0.000000 1.000000 0.000000
vn -0.999906 -0.013721 0.000000
vn -0.999906 -0.013721 0.000000
vn -0.999153 -0.041138 0.000000
vn -0.999153 -0.041138 0.000000
vn -0.997648 -0.068547 0.000000
vn -0.997648 -0.068547 0.000000
vn -0.995393 -0.095883 0.000000
vn -0.995393 -0.095883 0.000000
vn -0.992388 -0.123149 0.000000
vn -0.992388 -0.123149 0.000000
vn -0.988635 -0.150336 0.000000
vn -0.988635 -0.150336 0.000000
vn -0.984138 -0.177402 0.000000
vn -0.984138 -0.177402 0.000000
vn -0.978903 -0.204328 0.000000
vn -0.978903 -0.204328 0.000000
vn -0.972926 -0.231118 0.000000
vn -0.972926 -0.231118 0.000000
vn -0.966222 -0.257710 0.000000
vn -0.966222 -0.257710 0.000000
vn -0.958786 -0.284129 0.000000
vn -0.958786 -0.284129 0.000000
vn -0.950635 -0.310312 0.000000
vn -0.950635 -0.310312 0.000000
vn -0.941756 -0.336296 0.000000
vn -0.941756 -0.336296 0.000000
vn -0.932182 -0.361990 0.000000
vn -0.921898 -0.387432 0.000000
vn -0.932182 -0.361990 0.000000
vn -0.921898 -0.387432 0.000000
vn -0.910922 -0.412578 0.000000
vn -0.910922 -0.412578 0.000000
vn -0.899261 -0.437413 0.000000
vn -0.899261 -0.437413 0.000000
vn -0.886922 -0.461918 0.000000
vn -0.886922 -0.461918 0.000000
vn -0.873914 -0.486080 0.000000
vn -0.873914 -0.486080 0.000000
vn -0.860255 -0.509865 0.000000
vn -0.860255 -0.509865 0.000000
vn -0.845940 -0.533279 0.000000
vn -0.845940 -0.533279 0.000000
vn -0.831001 -0.556271 0.000000
vn -0.831001 -0.556271 0.000000
vn -0.815418 -0.578872 0.000000
vn -0.815418 -0.578872 0.000000
vn -0.782448 -0.622716 0.000000
vn -0.799228 -0.601028 0.000000
vn -0.799228 -0.601028 0.000000
vn -0.782448 -0.622716 0.000000
vn -0.765061 -0.643958 0.000000
vn -0.765061 -0.643958 0.000000
vn -0.747108 -0.664703 0.000000
vn -0.747108 -0.664703 0.000000
vn -0.709536 -0.704669 0.000000
vn -0.728590 -0.684950 0.000000
vn -0.728590 -0.684950 0.000000
vn -0.709536 -0.704669 0.000000
vn -0.669809 -0.742534 0.000000
vn -0.689932 -0.723874 0.000000
vn -0.689932 -0.723874 0.000000
vn -0.669809 -0.742534 0.000000
vn -0.649174 -0.760640 0.000000
vn -0.649174 -0.760640 0.000000
vn -0.628089 -0.778142 0.000000
vn -0.628089 -0.778142 0.000000
vn -0.606483 -0.795096 0.000000
vn -0.606483 -0.795096 0.000000
vn -0.584441 -0.811436 0.000000
vn -0.584441 -0.811436 0.000000
vn -0.561982 -0.827149 0.000000
vn -0.561982 -0.827149 0.000000
vn -0.539054 -0.842271 0.000000
vn -0.539054 -0.842271 0.000000
vn -0.515756 -0.856735 0.000000
vn -0.515756 -0.856735 0.000000
vn -0.492076 -0.870552 0.000000
vn -0.492076 -0.870552 0.000000
vn -0.467968 -0.883745 0.000000
vn -0.467968 -0.883745 0.000000
vn -0.443592 -0.896229 0.000000
vn -0.443592 -0.896229 0.000000
vn -0.418816 -0.908071 0.000000
vn -0.418816 -0.908071 0.000000
vn -0.393749 -0.919218 0.000000
vn -0.393749 -0.919218 0.000000
vn -0.368377 -0.929676 0.000000
vn -0.368377 -0.929676 0.000000
vn -0.342728 -0.939435 0.000000
vn -0.342728 -0.939435 0.000000
vn -0.316830 -0.948482 0.000000
vn -0.316830 -0.948482 0.000000
vn -0.264344 -0.964429 0.000000
vn -0.290691 -0.956817 0.000000
vn -0.290691 -0.956817 0.000000
vn -0.264344 -0.964429 0.000000
vn -0.237787 -0.971317 0.000000
vn -0.237787 -0.971317 0.000000
vn -0.211023 -0.977481 0.000000
vn -0.211023 -0.977481 0.000000
vn -0.157112 -0.987581 0.000000
vn -0.184153 -0.982898 0.000000
vn -0.184153 -0.982898 0.000000
vn -0.157112 -0.987581 0.000000
vn -0.129964 -0.991519 0.000000
vn -0.129964 -0.991519 0.000000
vn -0.102713 -0.994711 0.000000
vn -0.102713 -0.994711 0.000000
vn -0.047968 -0.998849 0.000000
vn -0.075393 -0.997154 0.000000
vn -0.075393 -0.997154 0.000000
vn -0.020577 -0.999788 0.000000
vn -0.047968 -0.998849 0.000000
vn -0.020577 -0.999788 0.000000
vn 0.006848 -0.999977 0.000000
vn 0.006848 -0.999977 0.000000
vn 0.034307 -0.999411 0.000000
vn 0.061663 -0.998097 0.000000
vn 0.034307 -0.999411 0.000000
vn 0.061663 -0.998097 0.000000
vn 0.089053 -0.996027 0.000000
vn 0.116373 -0.993206 0.000000
vn 0.089053 -0.996027 0.000000
vn 0.116373 -0.993206 0.000000
vn 0.143521 -0.989647 0.000000
vn 0.143521 -0.989647 0.000000
vn 0.170666 -0.985329 0.000000
vn 0.197607 -0.980281 0.000000
vn 0.170666 -0.985329 0.000000
vn 0.197607 -0.980281 0.000000
vn 0.224439 -0.974488 0.000000
vn 0.251067 -0.967970 0.000000
vn 0.224439 -0.974488 0.000000
vn 0.251067 -0.967970 0.000000
vn 0.277550 -0.960711 0.000000
vn 0.277550 -0.960711 0.000000
vn 0.303794 -0.952738 0.000000
vn 0.329798 -0.944051 0.000000
vn 0.303794 -0.952738 0.000000
vn 0.329798 -0.944051 0.000000
vn 0.355618 -0.934631 0.000000
vn 0.355618 -0.934631 0.000000
vn 0.381100 -0.924534 0.000000
vn 0.406303 -0.913738 0.000000
vn 0.381100 -0.924534 0.000000
vn 0.406303 -0.913738 0.000000
vn 0.431223 -0.902245 0.000000
vn 0.431223 -0.902245 0.000000
vn 0.455830 -0.890067 0.000000
vn 0.480086 -0.877221 0.000000
vn 0.455830 -0.890067 0.000000
vn 0.480086 -0.877221 0.000000
vn 0.503942 -0.863737 0.000000
vn 0.503942 -0.863737 0.000000
vn 0.527470 -0.849574 0.000000
vn 0.527470 -0.849574 0.000000
vn 0.550554 -0.834799 0.000000
vn 0.573277 -0.819361 0.000000
vn 0.550554 -0.834799 0.000000
vn 0.573277 -0.819361 0.000000
vn 0.595528 -0.803335 0.000000
vn 0.595528 -0.803335 0.000000
vn 0.617330 -0.786704 0.000000
vn 0.617330 -0.786704 0.000000
vn 0.659558 -0.751653 0.000000
vn 0.638696 -0.769459 0.000000
vn 0.638696 -0.769459 0.000000
vn 0.659558 -0.751653 0.000000
vn 0.679930 -0.733277 0.000000
vn 0.679930 -0.733277 0.000000
vn 0.699800 -0.714338 0.000000
vn 0.719129 -0.694876 0.000000
vn 0.699800 -0.714338 0.000000
vn 0.719129 -0.694876 0.000000
vn 0.737930 -0.674877 0.000000
vn 0.737930 -0.674877 0.000000
vn 0.756153 -0.654395 0.000000
vn 0.773819 -0.633407 0.000000
vn 0.756153 -0.654395 0.000000
vn 0.773819 -0.633407 0.000000
vn 0.790913 -0.611929 0.000000
vn 0.790913 -0.611929 0.000000
vn 0.807404 -0.589999 0.000000
vn 0.807404 -0.589999 0.000000
vn 0.823282 -0.567633 0.000000
vn 0.838551 -0.544823 0.000000
vn 0.823282 -0.567633 0.000000
vn 0.838551 -0.544823 0.000000
vn 0.853173 -0.521628 0.000000
vn 0.867171 -0.498011 0.000000
vn 0.853173 -0.521628 0.000000
vn 0.867171 -0.498011 0.000000
vn 0.880497 -0.474052 0.000000
vn 0.880497 -0.474052 0.000000
vn 0.893176 -0.449708 0.000000
vn 0.893176 -0.449708 0.000000
vn 0.905181 -0.425027 0.000000
vn 0.905181 -0.425027 0.000000
vn 0.916496 -0.400044 0.000000
vn 0.916496 -0.400044 0.000000
vn 0.937056 -0.349180 0.000000
vn 0.927128 -0.374746 0.000000
vn 0.927128 -0.374746 0.000000
vn 0.937056 -0.349180 0.000000
vn 0.954799 -0.297252 0.000000
vn 0.946286 -0.323331 0.000000
vn 0.946286 -0.323331 0.000000
vn 0.962596 -0.270941 0.000000
vn 0.954799 -0.297252 0.000000
vn 0.969664 -0.244441 0.000000
vn 0.962596 -0.270941 0.000000
vn 0.969664 -0.244441 0.000000
vn 0.981612 -0.190885 0.000000
vn 0.976007 -0.217741 0.000000
vn 0.976007 -0.217741 0.000000
vn 0.981612 -0.190885 0.000000
vn 0.990604 -0.136760 0.000000
vn 0.986480 -0.163883 0.000000
vn 0.986480 -0.163883 0.000000
vn 0.990604 -0.136760 0.000000
vn 0.993984 -0.109524 0.000000
vn 0.993984 -0.109524 0.000000
vn 0.996614 -0.082223 0.000000
vn 0.998495 -0.054841 0.000000
vn 0.996614 -0.082223 0.000000
vn 0.998495 -0.054841 0.000000
vn 0.999624 -0.027434 0.000000
vn 0.999624 -0.027434 0.000000
vn 1.000000 0.000000 -0.000000
vn 1.000000 0.000000 0.000000
vn 0.999624 0.027434 0.000000
vn 0.999624 0.027434 -0.000000
vn 0.998495 0.054841 0.000000
vn 0.996614 0.082223 -0.000000
vn 0.998495 0.054841 -0.000000
vn 0.996614 0.082223 -0.000000
vn 0.993984 0.109524 -0.000000
vn 0.993984 0.109524 -0.000000
vn 0.986480 0.163883 -0.000000
vn 0.990604 0.136760 -0.000000
vn 0.990604 0.136760 0.000000
vn 0.986480 0.163883 -0.000000
vn 0.976007 0.217741 -0.000000
vn 0.981612 0.190885 -0.000000
vn 0.981612 0.190885 0.000000
vn 0.969664 0.244441 -0.000000
vn 0.976007 0.217741 -0.000000
vn 0.969664 0.244441 -0.000000
vn 0.954799 0.297252 -0.000000
vn 0.962596 0.270941 -0.000000
vn 0.962596 0.270941 0.000000
vn 0.946286 0.323331 -0.000000
vn 0.954799 0.297252 -0.000000
vn 0.946286 0.323331 -0.000000
vn 0.937056 0.349180 -0.000000
vn 0.937056 0.349180 0.000000
vn 0.927128 0.374746 -0.000000
vn 0.927128 0.374746 0.000000
vn 0.916496 0.400044 -0.000000
vn 0.916496 0.400044 0.000000
vn 0.905181 0.425027 -0.000000
vn 0.905181 0.425027 0.000000
vn 0.893176 0.449708 -0.000000
vn 0.893176 0.449708 0.000000
vn 0.880497 0.474052 -0.000000
vn 0.880497 0.474052 0.000000
vn 0.867171 0.498011 -0.000000
vn 0.867171 0.498011 0.000000
vn 0.853178 0.521620 -0.000000
vn 0.853178 0.521620 0.000000
vn 0.838546 0.544831 0.000000
vn 0.838546 0.544831 -0.000000
vn 0.823287 0.567625 0.000000
vn 0.823287 0.567625 -0.000000
vn 0.807398 0.590007 0.000000
vn 0.790913 0.611929 -0.000000
vn 0.807398 0.590007 -0.000000
vn 0.790913 0.611929 -0.000000
vn 0.773826 0.633399 0.000000
vn 0.773826 0.633399 -0.000000
vn 0.756153 0.654395 -0.000000
vn 0.756153 0.654395 0.000000
vn 0.737922 0.674886 -0.000000
vn 0.737922 0.674886 0.000000
vn 0.699792 0.714347 -0.000000
vn 0.719129 0.694876 -0.000000
vn 0.719129 0.694876 0.000000
vn 0.699792 0.714347 -0.000000
vn 0.679939 0.733268 -0.000000
vn 0.679939 0.733268 0.000000
vn 0.659558 0.751653 -0.000000
vn 0.659558 0.751653 0.000000
vn 0.638686 0.769468 -0.000000
vn 0.638686 0.769468 0.000000
vn 0.617351 0.786688 -0.000000
vn 0.617351 0.786688 0.000000
vn 0.595516 0.803343 -0.000000
vn 0.595516 0.803343 0.000000
vn 0.550566 0.834791 -0.000000
vn 0.573266 0.819369 -0.000000
vn 0.573266 0.819369 0.000000
vn 0.527470 0.849574 -0.000000
vn 0.550566 0.834791 -0.000000
vn 0.527470 0.849574 -0.000000
vn 0.480073 0.877229 -0.000000
vn 0.503955 0.863730 -0.000000
vn 0.503955 0.863730 0.000000
vn 0.480073 0.877229 -0.000000
vn 0.455817 0.890074 -0.000000
vn 0.455817 0.890074 0.000000
vn 0.406317 0.913732 -0.000000
vn 0.431237 0.902239 -0.000000
vn 0.431237 0.902239 0.000000
vn 0.406317 0.913732 -0.000000
vn 0.381100 0.924534 -0.000000
vn 0.381100 0.924534 0.000000
vn 0.355588 0.934643 -0.000000
vn 0.355588 0.934643 -0.000000
vn 0.329814 0.944046 0.000000
vn 0.303794 0.952738 -0.000000
vn 0.329814 0.944046 -0.000000
vn 0.277550 0.960711 -0.000000
vn 0.303794 0.952738 -0.000000
vn 0.277550 0.960711 -0.000000
vn 0.251067 0.967970 0.000000
vn 0.251067 0.967970 -0.000000
vn 0.224439 0.974488 0.000000
vn 0.224439 0.974488 -0.000000
vn 0.197607 0.980281 0.000000
vn 0.197607 0.980281 -0.000000
vn 0.170649 0.985332 0.000000
vn 0.170649 0.985332 -0.000000
vn 0.143555 0.989642 0.000000
vn 0.116339 0.993210 -0.000000
vn 0.143555 0.989642 -0.000000
vn 0.116339 0.993210 -0.000000
vn 0.089053 0.996027 0.000000
vn 0.089053 0.996027 -0.000000
vn 0.061698 0.998095 0.000000
vn 0.034290 0.999412 -0.000000
vn 0.061698 0.998095 -0.000000
vn 0.034290 0.999412 -0.000000
vn 0.006865 0.999976 0.000000
vn 0.006865 0.999976 -0.000000
vn -0.020577 0.999788 0.000000
vn -0.020577 0.999788 0.000000
vn -0.048002 0.998847 0.000000
vn -0.048002 0.998847 0.000000
vn -0.075375 0.997155 0.000000
vn -0.075375 0.997155 0.000000
vn -0.102713 0.994711 0.000000
vn -0.102713 0.994711 0.000000
vn -0.129964 0.991519 0.000000
vn -0.157112 0.987581 0.000000
vn -0.129964 0.991519 0.000000
vn -0.157112 0.987581 0.000000
vn -0.184136 0.982901 0.000000
vn -0.184136 0.982901 0.000000
vn -0.211040 0.977477 0.000000
vn -0.211040 0.977477 0.000000
vn -0.237787 0.971317 0.000000
vn -0.237787 0.971317 0.000000
vn -0.264344 0.964429 0.000000
vn -0.264344 0.964429 0.000000
vn -0.290691 0.956817 0.000000
vn -0.290691 0.956817 0.000000
vn -0.316830 0.948482 0.000000
vn -0.316830 0.948482 0.000000
vn -0.368377 0.929676 0.000000
vn -0.342743 0.939429 0.000000
vn -0.342743 0.939429 0.000000
vn -0.368377 0.929676 0.000000
vn -0.393735 0.919224 0.000000
vn -0.393735 0.919224 0.000000
vn -0.418830 0.908065 0.000000
vn -0.418830 0.908065 0.000000
vn -0.443564 0.896243 0.000000
vn -0.443564 0.896243 0.000000
vn -0.467996 0.883731 0.000000
vn -0.467996 0.883731 0.000000
vn -0.492050 0.870567 0.000000
vn -0.515756 0.856735 0.000000
vn -0.492050 0.870567 0.000000
vn -0.515756 0.856735 0.000000
vn -0.539066 0.842264 0.000000
vn -0.539066 0.842264 0.000000
vn -0.561970 0.827157 0.000000
vn -0.584453 0.811428 0.000000
vn -0.561970 0.827157 0.000000
vn -0.584453 0.811428 0.000000
vn -0.606494 0.795088 0.000000
vn -0.606494 0.795088 0.000000
vn -0.628068 0.778159 0.000000
vn -0.628068 0.778159 0.000000
vn -0.649194 0.760623 0.000000
vn -0.669809 0.742534 0.000000
vn -0.649194 0.760623 0.000000
vn -0.669809 0.742534 0.000000
vn -0.689932 0.723874 0.000000
vn -0.689932 0.723874 0.000000
vn -0.728590 0.684950 0.000000
vn -0.709527 0.704678 0.000000
vn -0.709527 0.704678 0.000000
vn -0.747108 0.664703 0.000000
vn -0.728590 0.684950 0.000000
vn -0.765068 0.643949 0.000000
vn -0.747108 0.664703 0.000000
vn -0.765068 0.643949 0.000000
vn -0.782441 0.622724 0.000000
vn -0.782441 0.622724 0.000000
vn -0.799228 0.601028 0.000000
vn -0.799228 0.601028 0.000000
vn -0.815424 0.578864 0.000000
vn -0.815424 0.578864 0.000000
vn -0.845940 0.533279 0.000000
vn -0.830990 0.556287 0.000000
vn -0.830990 0.556287 0.000000
vn -0.845940 0.533279 0.000000
vn -0.860259 0.509857 0.000000
vn -0.860259 0.509857 0.000000
vn -0.873914 0.486080 0.000000
vn -0.873914 0.486080 0.000000
vn -0.886922 0.461918 0.000000
vn -0.886922 0.461918 0.000000
vn -0.899261 0.437413 0.000000
vn -0.899261 0.437413 0.000000
vn -0.910922 0.412578 0.000000
vn -0.921898 0.387432 0.000000
vn -0.910922 0.412578 0.000000
vn -0.921898 0.387432 0.000000
vn -0.932182 0.361990 0.000000
vn -0.932182 0.361990 0.000000
vn -0.941756 0.336296 0.000000
vn -0.950635 0.310312 0.000000
vn -0.941756 0.336296 0.000000
vn -0.950635 0.310312 0.000000
vn -0.958786 0.284129 0.000000
vn -0.958786 0.284129 0.000000
vn -0.966222 0.257710 0.000000
vn -0.972926 0.231118 0.000000
vn -0.966222 0.257710 0.000000
vn -0.972926 0.231118 0.000000
vn -0.978903 0.204328 0.000000
vn -0.978903 0.204328 0.000000
vn -0.984138 0.177402 0.000000
vn -0.984138 0.177402 0.000000
vn -0.988635 0.150336 0.000000
vn -0.988635 0.150336 0.000000
vn -0.992388 0.123149 0.000000
vn -0.992388 0.123149 0.000000
vn -0.997648 0.068547 0.000000
vn -0.995393 0.095883 0.000000
vn -0.995393 0.095883 0.000000
vn -0.999153 0.041138 0.000000
vn -0.997648 0.068547 0.000000
vn -0.999153 0.041138 0.000000
vn -0.999906 0.013721 0.000000
vn -0.999906 0.013721 0.000000
vn -0.999906 -0.013721 0.000000
vn -0.999906 -0.013721 0.000000
vn -0.999153 -0.041138 0.000000
vn -0.999153 -0.041138 0.000000
vn -0.997648 -0.068547 0.000000
vn -0.997648 -0.068547 0.000000
vn -0.995393 -0.095883 0.000000
vn -0.995393 -0.095883 0.000000
vn -0.992388 -0.123149 0.000000
vn -0.992388 -0.123149 0.000000
vn -0.988635 -0.150336 0.000000
vn -0.988635 -0.150336 0.000000
vn -0.984138 -0.177402 0.000000
vn -0.984138 -0.177402 0.000000
vn -0.978903 -0.204328 0.000000
vn -0.978903 -0.204328 0.000000
vn -0.972926 -0.231118 0.000000
vn -0.972926 -0.231118 0.000000
vn -0.966222 -0.257710 0.000000
vn -0.966222 -0.257710 0.000000
vn -0.958786 -0.284129 0.000000
vn -0.958786 -0.284129 0.000000
vn -0.950635 -0.310312 0.000000
vn -0.950635 -0.310312 0.000000
vn -0.941756 -0.336296 0.000000
vn -0.941756 -0.336296 0.000000
vn -0.932182 -0.361990 0.000000
vn -0.921898 -0.387432 0.000000
vn -0.932182 -0.361990 0.000000
vn -0.921898 -0.387432 0.000000
vn -0.910922 -0.412578 0.000000
vn -0.910922 -0.412578 0.000000
vn -0.899261 -0.437413 0.000000
vn -0.899261 -0.437413 0.000000
vn -0.886922 -0.461918 0.000000
vn -0.886922 -0.461918 0.000000
vn -0.873914 -0.486080 0.000000
vn -0.873914 -0.486080 0.000000
vn -0.860259 -0.509857 0.000000
vn -0.860259 -0.509857 0.000000
vn -0.845940 -0.533279 0.000000
vn -0.845940 -0.533279 0.000000
vn -0.830990 -0.556287 0.000000
vn -0.830990 -0.556287 0.000000
vn -0.815424 -0.578864 0.000000
vn -0.815424 -0.578864 0.000000
vn -0.782441 -0.622724 0.000000
vn -0.799228 -0.601028 0.000000
vn -0.799228 -0.601028 0.000000
vn -0.782441 -0.622724 0.000000
vn -0.765068 -0.643949 0.000000
vn -0.765068 -0.643949 0.000000
vn -0.747108 -0.664703 0.000000
vn -0.747108 -0.664703 0.000000
vn -0.709527 -0.704678 0.000000
vn -0.728590 -0.684950 0.000000
vn -0.728590 -0.684950 0.000000
vn -0.709527 -0.704678 0.000000
vn -0.669809 -0.742534 0.000000
vn -0.689932 -0.723874 0.000000
vn -0.689932 -0.723874 0.000000
vn -0.669809 -0.742534 0.000000
vn -0.649194 -0.760623 0.000000
vn -0.649194 -0.760623 0.000000
vn -0.628068 -0.778159 0.000000
vn -0.628068 -0.778159 0.000000
vn -0.606494 -0.795088 0.000000
vn -0.606494 -0.795088 0.000000
vn -0.584453 -0.811428 0.000000
vn -0.584453 -0.811428 0.000000
vn -0.561970 -0.827157 0.000000
vn -0.561970 -0.827157 0.000000
vn -0.539066 -0.842264 0.000000
vn -0.539066 -0.842264 0.000000
vn -0.515756 -0.856735 0.000000
vn -0.515756 -0.856735 0.000000
vn -0.492050 -0.870567 0.000000
vn -0.492050 -0.870567 0.000000
vn -0.467996 -0.883731 0.000000
vn -0.467996 -0.883731 0.000000
vn -0.443564 -0.896243 0.000000
vn -0.443564 -0.896243 0.000000
vn -0.418830 -0.908065 0.000000
vn -0.418830 -0.908065 0.000000
vn -0.393735 -0.919224 0.000000
vn -0.393735 -0.919224 0.000000
vn -0.368377 -0.929676 0.000000
vn -0.368377 -0.929676 0.000000
vn -0.342743 -0.939429 0.000000
vn -0.342743 -0.939429 0.000000
vn -0.316830 -0.948482 0.000000
vn -0.316830 -0.948482 0.000000
vn -0.264344 -0.964429 0.000000
vn -0.290691 -0.956817 0.000000
vn -0.290691 -0.956817 0.000000
vn -0.264344 -0.964429 0.000000
vn -0.237787 -0.971317 0.000000
vn -0.237787 -0.971317 0.000000
vn -0.211040 -0.977477 0.000000
vn -0.211040 -0.977477 0.000000
vn -0.157112 -0.987581 0.000000
vn -0.184136 -0.982901 0.000000
vn -0.184136 -0.982901 0.000000
vn -0.157112 -0.987581 0.000000
vn -0.129964 -0.991519 0.000000
vn -0.129964 -0.991519 0.000000
vn -0.102713 -0.994711 0.000000
vn -0.102713 -0.994711 0.000000
vn -0.048002 -0.998847 0.000000
vn -0.075375 -0.997155 0.000000
vn -0.075375 -0.997155 0.000000
vn -0.020577 -0.999788 0.000000
vn -0.048002 -0.998847 0.000000
vn -0.020577 -0.999788 0.000000
vn 0.006865 -0.999976 0.000000
vn 0.006865 -0.999976 0.000000
vn 0.034290 -0.999412 0.000000
vn 0.061698 -0.998095 0.000000
vn 0.034290 -0.999412 0.000000
vn 0.061698 -0.998095 0.000000
vn 0.089053 -0.996027 0.000000
vn 0.116339 -0.993210 0.000000
vn 0.089053 -0.996027 0.000000
vn 0.116339 -0.993210 0.000000
vn 0.143555 -0.989642 0.000000
vn 0.143555 -0.989642 0.000000
vn 0.170649 -0.985332 0.000000
vn 0.197607 -0.980281 0.000000
vn 0.170649 -0.985332 0.000000
vn 0.197607 -0.980281 0.000000
vn 0.224439 -0.974488 0.000000
vn 0.251067 -0.967970 0.000000
vn 0.224439 -0.974488 0.000000
vn 0.251067 -0.967970 0.000000
vn 0.277550 -0.960711 0.000000
vn 0.277550 -0.960711 0.000000
vn 0.303794 -0.952738 0.000000
vn 0.329814 -0.944046 0.000000
vn 0.303794 -0.952738 0.000000
vn 0.329814 -0.944046 0.000000
vn 0.355588 -0.934643 0.000000
vn 0.355588 -0.934643 0.000000
vn 0.381100 -0.924534 0.000000
vn 0.406317 -0.913732 0.000000
vn 0.381100 -0.924534 0.000000
vn 0.406317 -0.913732 0.000000
vn 0.431237 -0.902239 0.000000
vn 0.431237 -0.902239 0.000000
vn 0.455817 -0.890074 0.000000
vn 0.480073 -0.877229 0.000000
vn 0.455817 -0.890074 0.000000
vn 0.480073 -0.877229 0.000000
vn 0.503955 -0.863730 0.000000
vn 0.503955 -0.863730 0.000000
vn 0.527470 -0.849574 0.000000
vn 0.527470 -0.849574 0.000000
vn 0.550566 -0.834791 0.000000
vn 0.573266 -0.819369 0.000000
vn 0.550566 -0.834791 0.000000
vn 0.573266 -0.819369 0.000000
vn 0.595516 -0.803343 0.000000
vn 0.595516 -0.803343 0.000000
vn 0.617351 -0.786688 0.000000
vn 0.617351 -0.786688 0.000000
vn 0.659558 -0.751653 0.000000
vn 0.638686 -0.769468 0.000000
vn 0.638686 -0.769468 0.000000
vn 0.659558 -0.751653 0.000000
vn 0.679939 -0.733268 0.000000
vn 0.679939 -0.733268 0.000000
vn 0.699792 -0.714347 0.000000
vn 0.719129 -0.694876 0.000000
vn 0.699792 -0.714347 0.000000
vn 0.719129 -0.694876 0.000000
vn 0.737922 -0.674886 0.000000
vn 0.737922 -0.674886 0.000000
vn 0.756153 -0.654395 0.000000
vn 0.773826 -0.633399 0.000000
vn 0.756153 -0.654395 0.000000
vn 0.773826 -0.633399 0.000000
vn 0.790913 -0.611929 0.000000
vn 0.790913 -0.611929 0.000000
vn 0.807398 -0.590007 0.000000
vn 0.807398 -0.590007 0.000000
vn 0.823287 -0.567625 0.000000
vn 0.838546 -0.544831 0.000000
vn 0.823287 -0.567625 0.000000
vn 0.838546 -0.544831 0.000000
vn 0.853178 -0.521620 0.000000
vn 0.867171 -0.498011 0.000000
vn 0.853178 -0.521620 0.000000
vn 0.867171 -0.498011 0.000000
vn 0.880497 -0.474052 0.000000
vn 0.880497 -0.474052 0.000000
vn 0.893176 -0.449708 0.000000
vn 0.893176 -0.449708 0.000000
vn 0.905181 -0.425027 0.000000
vn 0.905181 -0.425027 0.000000
vn 0.916496 -0.400044 0.000000
vn 0.916496 -0.400044 0.000000
vn 0.937056 -0.349180 0.000000
vn 0.927128 -0.374746 0.000000
vn 0.927128 -0.374746 0.000000
vn 0.937056 -0.349180 0.000000
vn 0.954799 -0.297252 0.000000
vn 0.946286 -0.323331 0.000000
vn 0.946286 -0.323331 0.000000
vn 0.962596 -0.270941 0.000000
vn 0.954799 -0.297252 0.000000
vn 0.969664 -0.244441 0.000000
vn 0.962596 -0.270941 0.000000
vn 0.969664 -0.244441 0.000000
vn 0.981612 -0.190885 0.000000
vn 0.976007 -0.217741 0.000000
vn 0.976007 -0.217741 0.000000
vn 0.981612 -0.190885 0.000000
vn 0.990604 -0.136760 0.000000
vn 0.986480 -0.163883 0.000000
vn 0.986480 -0.163883 0.000000
vn 0.990604 -0.136760 0.000000
vn 0.993984 -0.109524 0.000000
vn 0.993984 -0.109524 0.000000
vn 0.996614 -0.082223 0.000000
vn 0.998495 -0.054841 0.000000
vn 0.996614 -0.082223 0.000000
vn 0.998495 -0.054841 0.000000
vn 0.999624 -0.027434 0.000000
vn 0.999624 -0.027434 0.000000
vn 1.000000 0.000000 -0.000000
vn 1.000000 0.000000 0.000000
vn 0.999624 0.027434 0.000000
vn 0.999624 0.027434 -0.000000
vn 0.998495 0.054841 0.000000
vn 0.996614 0.082223 -0.000000
vn 0.998495 0.054841 -0.000000
vn 0.996614 0.082223 -0.000000
vn 0.993984 0.109524 -0.000000
vn 0.993984 0.109524 -0.000000
vn 0.986480 0.163883 -0.000000
vn 0.990604 0.136760 -0.000000
vn 0.990604 0.136760 0.000000
vn 0.986480 0.163883 -0.000000
vn 0.976007 0.217741 -0.000000
vn 0.981612 0.190885 -0.000000
vn 0.981612 0.190885 0.000000
vn 0.969664 0.244441 -0.000000
vn 0.976007 0.217741 -0.000000
vn 0.969664 0.244441 -0.000000
vn 0.954799 0.297252 -0.000000
vn 0.962596 0.270941 -0.000000
vn 0.962596 0.270941 0.000000
vn 0.946286 0.323331 -0.000000
vn 0.954799 0.297252 -0.000000
vn 0.946286 0.323331 -0.000000
vn 0.937056 0.349180 -0.000000
vn 0.937056 0.349180 0.000000
vn 0.927128 0.374746 -0.000000
vn 0.927128 0.374746 0.000000
vn 0.916496 0.400044 -0.000000
vn 0.916496 0.400044 0.000000
vn 0.905181 0.425027 -0.000000
vn 0.905181 0.425027 0.000000
vn 0.893176 0.449708 -0.000000
vn 0.893176 0.449708 0.000000
vn 0.880497 0.474052 -0.000000
vn 0.880497 0.474052 0.000000
vn 0.867171 0.498011 -0.000000
vn 0.867171 0.498011 0.000000
vn 0.853173 0.521628 -0.000000
vn 0.853173 0.521628 0.000000
vn 0.838551 0.544823 0.000000
vn 0.838551 0.544823 -0.000000
vn 0.823282 0.567633 0.000000
vn 0.823282 0.567633 -0.000000
vn 0.807404 0.589999 0.000000
vn 0.790913 0.611929 -0.000000
vn 0.807404 0.589999 -0.000000
vn 0.790913 0.611929 -0.000000
vn 0.773819 0.633407 0.000000
vn 0.773819 0.633407 -0.000000
vn 0.756153 0.654395 -0.000000
vn 0.756153 0.654395 0.000000
vn 0.737930 0.674877 -0.000000
vn 0.737930 0.674877 0.000000
vn 0.699800 0.714338 -0.000000
vn 0.719129 0.694876 -0.000000
vn 0.719129 0.694876 0.000000
vn 0.699800 0.714338 -0.000000
vn 0.679930 0.733277 -0.000000
vn 0.679930 0.733277 0.000000
vn 0.659558 0.751653 -0.000000
vn 0.659558 0.751653 0.000000
vn 0.638696 0.769459 -0.000000
vn 0.638696 0.769459 0.000000
vn 0.617330 0.786704 -0.000000
vn 0.617330 0.786704 0.000000
vn 0.595528 0.803335 -0.000000
vn 0.595528 0.803335 0.000000
vn 0.550554 0.834799 -0.000000
vn 0.573277 0.819361 -0.000000
vn 0.573277 0.819361 0.000000
vn 0.527470 0.849574 -0.000000
vn 0.550554 0.834799 -0.000000
vn 0.527470 0.849574 -0.000000
vn 0.480086 0.877221 -0.000000
vn 0.503942 0.863737 -0.000000
vn 0.503942 0.863737 0.000000
vn 0.480086 0.877221 -0.000000
vn 0.455830 0.890067 -0.000000
vn 0.455830 0.890067 0.000000
vn 0.406303 0.913738 -0.000000
vn 0.431223 0.902245 -0.000000
vn 0.431223 0.902245 0.000000
vn 0.406303 0.913738 -0.000000
vn 0.381100 0.924534 -0.000000
vn 0.381100 0.924534 0.000000
vn 0.355618 0.934631 -0.000000
vn 0.355618 0.934631 -0.000000
vn 0.329798 0.944051 0.000000
vn 0.303794 0.952738 -0.000000
vn 0.329798 0.944051 -0.000000
vn 0.277550 0.960711 -0.000000
vn 0.303794 0.952738 -0.000000
vn 0.277550 0.960711 -0.000000
vn 0.251067 0.967970 0.000000
vn 0.251067 0.967970 -0.000000
vn 0.224439 0.974488 0.000000
vn 0.224439 0.974488 -0.000000
vn 0.197607 0.980281 0.000000
vn 0.197607 0.980281 -0.000000
vn 0.170666 0.985329 0.000000
vn 0.170666 0.985329 -0.000000
vn 0.143521 0.989647 0.000000
vn 0.116373 0.993206 -0.000000
vn 0.143521 0.989647 -0.000000
vn 0.116373 0.993206 -0.000000
vn 0.089053 0.996027 0.000000
vn 0.089053 0.996027 -0.000000
vn 0.061663 0.998097 0.000000
vn 0.034307 0.999411 -0.000000
vn 0.061663 0.998097 -0.000000
vn 0.034307 0.999411 -0.000000
vn 0.006848 0.999977 0.000000
vn 0.006848 0.999977 -0.000000
vn -0.020577 0.999788 0.000000
vn -0.020577 0.999788 0.000000
vn -0.047968 0.998849 0.000000
vn -0.047968 0.998849 0.000000
vn -0.075393 0.997154 0.000000
vn -0.075393 0.997154 0.000000
vn -0.102713 0.994711 0.000000
vn -0.102713 0.994711 0.000000
vn -0.129964 0.991519 0.000000
vn -0.157112 0.987581 0.000000
vn -0.129964 0.991519 0.000000
vn -0.157112 0.987581 0.000000
vn -0.184153 0.982898 0.000000
vn -0.184153 0.982898 0.000000
vn -0.211023 0.977481 0.000000
vn -0.211023 0.977481 0.000000
vn -0.237787 0.971317 0.000000
vn -0.237787 0.971317 0.000000
vn -0.264344 0.964429 0.000000
vn -0.264344 0.964429 0.000000
vn -0.290691 0.956817 0.000000
vn -0.290691 0.956817 0.000000
vn -0.316830 0.948482 0.000000
vn -0.316830 0.948482 0.000000
vn -0.368377 0.929676 0.000000
vn -0.342728 0.939435 0.000000
vn -0.342728 0.939435 0.000000
vn -0.368377 0.929676 0.000000
vn -0.393749 0.919218 0.000000
vn -0.393749 0.919218 0.000000
vn -0.418816 0.908071 0.000000
vn -0.418816 0.908071 0.000000
vn -0.443592 0.896229 0.000000
vn -0.443592 0.896229 0.000000
vn -0.467968 0.883745 0.000000
vn -0.467968 0.883745 0.000000
vn -0.492076 0.870552 0.000000
vn -0.515756 0.856735 0.000000
vn -0.492076 0.870552 0.000000
vn -0.515756 0.856735 0.000000
vn -0.539054 0.842271 0.000000
vn -0.539054 0.842271 0.000000
vn -0.561982 0.827149 0.000000
vn -0.584441 0.811436 0.000000
vn -0.561982 0.827149 0.000000
vn -0.584441 0.811436 0.000000
vn -0.606483 0.795096 0.000000
vn -0.606483 0.795096 0.000000
vn -0.628089 0.778142 0.000000
vn -0.628089 0.778142 0.000000
vn -0.649174 0.760640 0.000000
vn -0.669809 0.742534 0.000000
vn -0.649174 0.760640 0.000000
vn -0.669809 0.742534 0.000000
vn -0.689932 0.723874 0.000000
vn -0.689932 0.723874 0.000000
vn -0.728590 0.684950 0.000000
vn -0.709536 0.704669 0.000000
vn -0.709536 0.704669 0.000000
vn -0.747108 0.664703 0.000000
vn -0.728590 0.684950 0.000000
vn -0.765061 0.643958 0.000000
vn -0.747108 0.664703 0.000000
vn -0.765061 0.643958 0.000000
vn -0.782448 0.622716 0.000000
vn -0.782448 0.622716 0.000000
vn -0.799228 0.601028 0.000000
vn -0.799228 0.601028 0.000000
vn -0.815418 0.578872 0.000000
vn -0.815418 0.578872 0.000000
vn -0.845940 0.533279 0.000000
vn -0.831001 0.556271 0.000000
vn -0.831001 0.556271 0.000000
vn -0.845940 0.533279 0.000000
vn -0.860255 0.509865 0.000000
vn -0.860255 0.509865 0.000000
vn -0.873914 0.486080 0.000000
vn -0.873914 0.486080 0.000000
vn -0.886922 0.461918 0.000000
vn -0.886922 0.461918 0.000000
vn -0.899261 0.437413 0.000000
vn -0.899261 0.437413 0.000000
vn -0.910922 0.412578 0.000000
vn -0.921898 0.387432 0.000000
vn -0.910922 0.412578 0.000000
vn -0.921898 0.387432 0.000000
vn -0.932182 0.361990 0.000000
vn -0.932182 0.361990 0.000000
vn -0.941756 0.336296 0.000000
vn -0.950635 0.310312 0.000000
vn -0.941756 0.336296 0.000000
vn -0.950635 0.310312 0.000000
vn -0.958786 0.284129 0.000000
vn -0.958786 0.284129 0.000000
vn -0.966222 0.257710 0.000000
vn -0.972926 0.231118 0.000000
vn -0.966222 0.257710 0.000000
vn -0.972926 0.231118 0.000000
vn -0.978903 0.204328 0.000000
vn -0.978903 0.204328 0.000000
vn -0.984138 0.177402 0.000000
vn -0.984138 0.177402 0.000000
vn -0.988635 0.150336 0.000000
vn -0.988635 0.150336 0.000000
vn -0.992388 0.123149 0.000000
vn -0.992388 0.123149 0.000000
vn -0.997648 0.068547 0.000000
vn -0.995393 0.095883 0.000000
vn -0.995393 0.095883 0.000000
vn -0.999153 0.041138 0.000000
vn -0.997648 0.068547 0.000000
vn -0.999153 0.041138 0.000000
vn -0.999906 0.013721 0.000000
vn -0.999906 0.013721 0.000000
vn 0.046233 0.714578 -0.698027
vn 0.037633 0.703312 -0.709884
vn 0.024683 0.706922 -0.706860
vn 0.014147 0.706795 -0.707277
vn 0.027562 0.710807 -0.702847
vn 0.004685 0.707098 -0.707100
vn 0.009160 0.709550 -0.704596
vn 0.603273 0.370979 -0.706000
vn 0.595175 0.381920 -0.707039
vn 0.603734 0.368026 -0.707151
vn 0.587341 0.392757 -0.707653
vn 0.594509 0.384543 -0.706177
vn 0.580153 0.403626 -0.707467
vn 0.573472 0.414546 -0.706599
vn 0.584314 0.400472 -0.705832
vn 0.564241 0.424818 -0.707928
vn 0.573412 0.415942 -0.705827
vn 0.555729 0.435143 -0.708390
vn 0.563134 0.431880 -0.704527
vn 0.551180 0.446722 -0.704727
vn 0.551062 0.446497 -0.704961
vn 0.540091 0.454583 -0.708277
vn 0.546684 0.467672 -0.694564
vn 0.711689 0.015376 -0.702326
vn 0.705948 0.032487 -0.707518
vn 0.706314 0.044482 -0.706500
vn 0.712931 0.051954 -0.699306
vn 0.712557 0.001761 -0.701612
vn 0.706726 0.024648 -0.707057
vn 0.705388 0.050248 -0.707038
vn 0.703242 0.070657 -0.707430
vn 0.702931 0.082651 -0.706439
vn 0.705801 0.092633 -0.702327
vn 0.707060 0.054730 -0.705033
vn 0.706990 0.018209 -0.706990
vn 0.706989 0.018212 -0.706990
vn 0.697851 0.108840 -0.707925
vn 0.699232 0.119538 -0.704830
vn 0.708142 0.126490 -0.694648
vn 0.704732 0.091241 -0.703583
vn 0.705115 0.054579 -0.706990
vn 0.705114 0.054580 -0.706990
vn 0.706990 0.018211 -0.706989
vn 0.696191 0.124256 -0.707021
vn 0.701370 0.090804 -0.706990
vn 0.701369 0.090805 -0.706990
vn 0.705115 0.054579 -0.706989
vn 0.705115 0.054580 -0.706990
vn 0.700643 0.009356 -0.713451
vn 0.706811 0.028327 -0.706835
vn 0.705288 0.047157 -0.707351
vn 0.706989 0.018208 -0.706990
vn 0.691478 0.146029 -0.707484
vn 0.690941 0.157469 -0.705552
vn 0.697193 0.127052 -0.705535
vn 0.701371 0.090804 -0.706989
vn 0.701370 0.090804 -0.706989
vn 0.701703 0.054316 -0.710396
vn 0.704492 0.066035 -0.706633
vn 0.701453 0.084702 -0.707664
vn 0.705115 0.054579 -0.706990
vn 0.705114 0.054580 -0.706990
vn 0.687590 0.170047 -0.705907
vn 0.682289 0.183173 -0.707763
vn 0.684622 0.193429 -0.702764
vn 0.692758 0.163488 -0.702395
vn 0.695766 0.126792 -0.706989
vn 0.695766 0.126792 -0.706989
vn 0.700126 0.103573 -0.706467
vn 0.695586 0.121970 -0.708014
vn 0.701371 0.090805 -0.706989
vn 0.701370 0.090805 -0.706990
vn 0.698052 0.090376 -0.710321
vn 0.680952 0.190686 -0.707066
vn 0.681979 0.205461 -0.701920
vn 0.688314 0.162439 -0.706992
vn 0.688318 0.162436 -0.706989
vn 0.692587 0.126210 -0.710207
vn 0.695766 0.126790 -0.706989
vn 0.688315 0.162436 -0.706991
vn 0.693727 0.140823 -0.706337
vn 0.687709 0.158837 -0.708398
vn 0.695764 0.126792 -0.706991
vn 0.679585 0.197817 -0.706422
vn 0.671983 0.219530 -0.707280
vn 0.671178 0.230767 -0.704462
vn 0.685317 0.161732 -0.710059
vn 0.685307 0.177688 -0.706245
vn 0.677843 0.195207 -0.708818
vn 0.688317 0.162440 -0.706989
vn 0.671992 0.233750 -0.702701
vn 0.663831 0.243551 -0.707115
vn 0.659378 0.255498 -0.707066
vn 0.661870 0.266152 -0.700779
vn 0.679042 0.197659 -0.706989
vn 0.676266 0.196851 -0.709870
vn 0.674898 0.214026 -0.706191
vn 0.666020 0.230962 -0.709277
vn 0.679042 0.197659 -0.706989
vn 0.646664 0.279608 -0.709679
vn 0.648675 0.290476 -0.703452
vn 0.667027 0.271270 -0.693893
vn 0.667968 0.232348 -0.706989
vn 0.665451 0.231473 -0.709644
vn 0.662527 0.249761 -0.706171
vn 0.667966 0.232350 -0.706990
vn 0.655119 0.266428 -0.706990
vn 0.644929 0.289991 -0.707087
vn 0.643551 0.302243 -0.703200
vn 0.655120 0.266428 -0.706989
vn 0.652743 0.266187 -0.709275
vn 0.648232 0.284764 -0.706190
vn 0.652652 0.265425 -0.709644
vn 0.632850 0.314223 -0.707647
vn 0.628902 0.325673 -0.705989
vn 0.630490 0.337188 -0.699133
vn 0.638018 0.300849 -0.708818
vn 0.632058 0.318937 -0.706245
vn 0.637917 0.298573 -0.709870
vn 0.643332 0.301107 -0.703888
vn 0.621533 0.330928 -0.710059
vn 0.629083 0.334947 -0.701474
vn 0.613614 0.348389 -0.708592
vn 0.614099 0.360071 -0.702304
vn 0.621419 0.334678 -0.708399
vn 0.614050 0.352176 -0.706339
vn 0.609877 0.356265 -0.707902
vn 0.707107 0.000006 -0.707107
vn 0.707107 0.000000 -0.707107
vn 0.707107 -0.000006 -0.707107
vn 0.707107 0.000000 -0.707107
vn 0.707107 0.000006 -0.707107
vn 0.707107 0.000000 -0.707107
vn 0.707107 -0.000006 -0.707107
vn 0.707107 0.000000 -0.707107
vn 0.000000 0.000000 -1.000000
vn 0.000000 0.000000 -1.000000
vn 0.000000 0.000000 -1.000000
vn 0.000000 0.000000 -1.000000
vn 0.000000 0.000000 -1.000000
vn 0.000000 0.000000 -1.000000
vn 0.000000 0.000000 -1.000000
vn 0.000000 0.000000 -1.000000
vn 0.000000 0.000000 -1.000000
vn 0.000000 0.000000 -1.000000
vn 0.000000 0.000000 -1.000000
vn 0.000000 0.000000 -1.000000
vn 0.000000 0.000000 -1.000000
vn 0.000000 0.000000 -1.000000
vn 0.000000 0.000000 -1.000000
vn 0.000000 0.000000 -1.000000
vn 0.000000 0.000000 -1.000000
vn 0.000000 0.000000 -1.000000
vn 0.000000 0.000000 -1.000000
vn 0.000000 0.000000 -1.000000
vn 0.000000 0.000000 -1.000000
vn 0.000000 0.000000 -1.000000
vn 0.000000 0.000000 -1.000000
vn 0.000000 0.000000 -1.000000
vn 0.000000 0.000000 -1.000000
vn 0.000000 0.000000 -1.000000
vn 0.000000 0.000000 -1.000000
vn 0.000000 0.000000 -1.000000
vn 0.000000 0.000000 -1.000000
vn 0.000000 0.000000 -1.000000
vn 0.000000 0.000000 -1.000000
vn 0.000000 0.000000 -1.000000
vn -0.708000 -0.037845 -0.705198
vn -0.705923 -0.022626 -0.707928
vn -0.706578 -0.035236 -0.706758
vn -0.705420 -0.007535 -0.708750
vn -0.707630 -0.025651 -0.706118
vn -0.708233 -0.014399 -0.705832
vn -0.707094 -0.006041 -0.707094
vn -0.707107 0.000000 -0.707107
vn -0.707106 -0.000005 -0.707107
vn -0.707108 0.000010 -0.707105
vn -0.707106 -0.000005 -0.707107
vn -0.707107 0.000000 -0.707107
vn -0.707110 0.000019 -0.707103
vn -0.707105 -0.000011 -0.707109
vn -0.707104 -0.000016 -0.707110
vn -0.707107 -0.000000 -0.707107
vn -0.707107 0.000002 -0.707107
vn -0.707107 -0.000006 -0.707106
vn -0.707106 0.000004 -0.707107
vn -0.707106 0.000007 -0.707108
vn -0.707108 -0.000009 -0.707105
vn -0.707106 0.000005 -0.707108
vn -0.707108 -0.000008 -0.707105
vn -0.707103 0.000017 -0.707110
vn -0.707107 -0.000000 -0.707107
vn -0.707112 -0.000027 -0.707102
vn 0.000000 0.000000 -1.000000
vn 0.000000 -0.000000 -1.000000
vn 0.000000 0.000000 -1.000000
vn 0.000000 0.000000 -1.000000
vn 0.000000 0.000000 -1.000000
vn 0.000000 0.000000 -1.000000
vn 0.000000 -0.000000 -1.000000
vn 0.000000 0.000000 -1.000000
vn 0.000000 0.000000 -1.000000
vn 0.000000 0.000000 -1.000000
vn 0.000000 -0.000000 -1.000000
vn 0.000000 0.000000 -1.000000
vn 0.000000 0.000000 -1.000000
vn 0.000000 -0.000000 -1.000000
vn 0.000000 0.000000 -1.000000
vn 0.000000 0.000000 -1.000000
vn 0.000000 0.000000 -1.000000
vn 0.000000 0.000000 -1.000000
vn 0.000000 -0.000000 -1.000000
vn 0.000000 0.000000 -1.000000
vn 0.000000 0.000000 -1.000000
vn 0.000000 0.000000 -1.000000
vn 0.000000 -0.000000 -1.000000
vn 0.000000 0.000000 -1.000000
vn 0.000000 0.000000 -1.000000
vn 0.000000 0.000000 -1.000000
vn 0.000000 -0.000000 -1.000000
vn 0.000000 0.000000 -1.000000
vn 0.000000 0.000000 -1.000000
vn 0.000000 0.000000 -1.000000
vn 0.000000 -0.000000 -1.000000
vn 0.000000 0.000000 -1.000000
vn 0.000000 0.000000 -1.000000
vn 0.000000 -0.000000 -1.000000
vn 0.000000 0.000000 -1.000000
vn 0.000000 0.000000 -1.000000
vn 0.000000 0.000000 -1.000000
vn 0.000000 0.000000 -1.000000
vn 0.000000 -0.000000 -1.000000
vn 0.000000 0.000000 -1.000000
vn 0.000000 0.000000 -1.000000
vn 0.000000 0.000000 -1.000000
vn 0.000000 -0.000000 -1.000000
vn 0.000000 0.000000 -1.000000
vn 0.000000 0.000000 -1.000000
vn 0.000000 -0.000000 -1.000000
vn 0.000000 0.000000 -1.000000
vn 0.000000 0.000000 -1.000000
vn 0.000000 0.000000 -1.000000
vn 0.000000 0.000000 -1.000000
vn 0.000000 -0.000000 -1.000000
vn 0.000000 0.000000 -1.000000
vn 0.000000 0.000000 -1.000000
vn 0.000000 0.000000 -1.000000
vn 0.000000 -0.000000 -1.000000
vn 0.000000 0.000000 -1.000000
vn 0.000000 0.000000 -1.000000
vn 0.000000 0.000000 -1.000000
vn 0.000000 -0.000000 -1.000000
vn 0.000000 0.000000 -1.000000
vn 0.000000 0.000000 -1.000000
vn 0.000000 -0.000000 -1.000000
vn 0.000000 0.000000 -1.000000
vn 0.000000 0.000000 -1.000000
vn 0.000000 0.000000 -1.000000
vn 0.000000 0.000000 -1.000000
vn 0.000000 -0.000000 -1.000000
vn 0.000000 0.000000 -1.000000
vn 0.000000 0.000000 -1.000000
vn 0.000000 -0.000000 -1.000000
vn 0.000000 0.000000 -1.000000
vn 0.000000 0.000000 -1.000000
vn 0.000000 0.000000 -1.000000
vn 0.000000 0.000000 -1.000000
vn 0.000000 -0.000000 -1.000000
vn 0.000000 0.000000 -1.000000
vn 0.000000 0.000000 -1.000000
vn 0.000000 -0.000000 -1.000000
vn 0.000000 0.000000 -1.000000
vn 0.000000 0.000000 -1.000000
vn 0.000000 0.000000 -1.000000
vn 0.000000 0.000000 -1.000000
vn 0.000000 -0.000000 -1.000000
vn 0.000000 0.000000 -1.000000
vn 0.000000 0.000000 -1.000000
vn 0.000000 -0.000000 -1.000000
vn 0.000000 0.000000 -1.000000
vn 0.000000 0.000000 -1.000000
vn 0.000000 0.000000 -1.000000
vn 0.000000 -0.000000 -1.000000
vn 0.000000 0.000000 -1.000000
vn 0.000000 0.000000 -1.000000
vn 0.000000 0.000000 -1.000000
vn 0.000000 0.000000 -1.000000
vn 0.000000 -0.000000 -1.000000
vn 0.000000 0.000000 -1.000000
vn 0.000000 0.000000 -1.000000
vn 0.000000 -0.000000 -1.000000
vn 0.000000 0.000000 -1.000000
vn 0.000000 0.000000 -1.000000
vn 0.000000 0.000000 -1.000000
vn 0.000000 0.000000 -1.000000
vn 0.000000 -0.000000 -1.000000
vn 0.000000 0.000000 -1.000000
vn 0.000000 0.000000 -1.000000
vn 0.000000 -0.000000 -1.000000
vn 0.000000 0.000000 -1.000000
vn 0.000000 0.000000 -1.000000
vn 0.000000 0.000000 -1.000000
vn 0.000000 -0.000000 -1.000000
vn 0.000000 0.000000 -1.000000
vn 0.000000 0.000000 -1.000000
vn 0.000000 0.000000 -1.000000
vn 0.000000 0.000000 -1.000000
vn 0.000000 -0.000000 -1.000000
vn 0.000000 -0.000000 -1.000000
vn 0.000000 0.000000 -1.000000
vn 0.000000 0.000000 -1.000000
vn 0.000000 0.000000 -1.000000
vn 0.000000 0.000000 -1.000000
vn 0.000000 -0.000000 -1.000000
vn 0.000000 0.000000 -1.000000
vn 0.000000 0.000000 -1.000000
vn 0.000000 0.000000 -1.000000
vn 0.000000 -0.000000 -1.000000
vn 0.000000 0.000000 -1.000000
vn 0.000000 0.000000 -1.000000
vn 0.000000 -0.000000 -1.000000
vn 0.000000 0.000000 -1.000000
vn 0.000000 0.000000 -1.000000
vn 0.000000 0.000000 -1.000000
vn 0.000000 -0.000000 -1.000000
vn 0.000000 0.000000 -1.000000
vn 0.000000 0.000000 -1.000000
vn 0.000000 0.000000 -1.000000
vn 0.000000 -0.000000 -1.000000
vn 0.000000 0.000000 -1.000000
vn 0.000000 0.000000 -1.000000
vn 0.000000 0.000000 -1.000000
vn 0.000000 0.000000 -1.000000
vn 0.000000 0.000000 -1.000000
vn 0.000000 0.000000 -1.000000
vn 0.000000 -0.000000 -1.000000
vn 0.000000 -0.000000 -1.000000
vn 0.000000 0.000000 -1.000000
vn 0.000000 0.000000 -1.000000
vn 0.000000 0.000000 -1.000000
vn 0.000000 -0.000000 -1.000000
vn 0.000000 0.000000 -1.000000
vn 0.000000 0.000000 -1.000000
vn 0.000000 0.000000 -1.000000
vn 0.000000 0.000000 -1.000000
vn 0.000000 0.000000 -1.000000
vn 0.000000 0.000000 -1.000000
vn 0.000000 -0.000000 -1.000000
vn 0.000000 0.000000 -1.000000
vn 0.000000 0.000000 -1.000000
vn 0.000000 0.000000 -1.000000
vn 0.000000 -0.000000 -1.000000
vn 0.000000 -0.000000 -1.000000
vn 0.000000 0.000000 -1.000000
vn 0.000000 0.000000 -1.000000
vn 0.000000 0.000000 -1.000000
vn 0.000000 -0.000000 -1.000000
vn 0.000000 0.000000 -1.000000
vn 0.000000 0.000000 -1.000000
vn 0.000000 0.000000 -1.000000
vn 0.000000 0.000000 -1.000000
vn 0.000000 0.000000 -1.000000
vn 0.000000 0.000000 -1.000000
vn 0.000000 -0.000000 -1.000000
vn 0.000000 0.000000 -1.000000
vn 0.000000 0.000000 -1.000000
vn 0.000000 0.000000 -1.000000
vn 0.000000 0.000000 -1.000000
vn 0.000000 -0.000000 -1.000000
vn 0.000000 -0.000000 -1.000000
vn 0.000000 0.000000 -1.000000
vn 0.000000 0.000000 -1.000000
vn 0.000000 0.000000 -1.000000
vn 0.000000 -0.000000 -1.000000
vn 0.000000 0.000000 -1.000000
vn 0.000000 0.000000 -1.000000
vn 0.000000 0.000000 -1.000000
vn 0.000000 0.000000 -1.000000
vn 0.000000 0.000000 -1.000000
vn 0.000000 0.000000 -1.000000
vn 0.000000 -0.000000 -1.000000
vn 0.000000 -0.000000 -1.000000
vn 0.000000 0.000000 -1.000000
vn 0.000000 0.000000 -1.000000
vn 0.000000 0.000000 -1.000000
vn 0.000000 -0.000000 -1.000000
vn 0.000000 0.000000 -1.000000
vn 0.000000 0.000000 -1.000000
vn 0.000000 0.000000 -1.000000
vn 0.000000 -0.000000 -1.000000
vn 0.000000 0.000000 -1.000000
vn 0.000000 0.000000 -1.000000
vn 0.000000 0.000000 -1.000000
vn 0.000000 -0.000000 -1.000000
vn 0.000000 0.000000 -1.000000
vn 0.000000 0.000000 -1.000000
vn 0.000000 0.000000 -1.000000
vn 0.000000 -0.000000 -1.000000
vn 0.000000 0.000000 -1.000000
vn 0.000000 0.000000 -1.000000
vn 0.000000 0.000000 -1.000000
vn 0.000000 -0.000000 -1.000000
vn 0.000000 0.000000 -1.000000
vn 0.000000 0.000000 -1.000000
vn 0.000000 0.000000 -1.000000
vn 0.000000 0.000000 -1.000000
vn 0.000000 0.000000 -1.000000
vn 0.000000 0.000000 -1.000000
vn 0.000000 0.000000 -1.000000
vn 0.000000 0.000000 -1.000000
vn 0.000000 0.000000 -1.000000
vn 0.000000 -0.000000 -1.000000
vn 0.000000 0.000000 -1.000000
vn 0.000000 0.000000 -1.000000
vn 0.000000 0.000000 -1.000000
vn 0.000000 0.000000 -1.000000
vn 0.000000 -0.000000 -1.000000
vn 0.000000 0.000000 -1.000000
vn 0.000000 0.000000 -1.000000
vn 0.000000 -0.000000 -1.000000
vn 0.000000 0.000000 -1.000000
vn 0.000000 0.000000 -1.000000
vn 0.000000 -0.000000 -1.000000
vn 0.000000 0.000000 -1.000000
vn 0.000000 0.000000 -1.000000
vn 0.000000 0.000000 -1.000000
vn 0.000000 -0.000000 -1.000000
vn 0.000000 0.000000 -1.000000
vn 0.000000 0.000000 -1.000000
vn 0.000000 0.000000 -1.000000
vn 0.000000 -0.000000 -1.000000
vn 0.000000 0.000000 -1.000000
vn 0.000000 0.000000 -1.000000
vn 0.000000 0.000000 -1.000000
vn 0.000000 -0.000000 -1.000000
vn 0.000000 0.000000 -1.000000
vn 0.000000 0.000000 -1.000000
vn 0.000000 0.000000 -1.000000
vn 0.000000 -0.000000 -1.000000
vn 0.000000 0.000000 -1.000000
vn 0.000000 0.000000 -1.000000
vn 0.000000 0.000000 -1.000000
vn 0.000000 0.000000 -1.000000
vn 0.000000 -0.000000 -1.000000
vn 0.000000 0.000000 -1.000000
vn 0.000000 0.000000 -1.000000
vn 0.000000 0.000000 -1.000000
vn 0.000000 0.000000 -1.000000
vn 0.000000 0.000000 -1.000000
vn 0.000000 -0.000000 -1.000000
vn 0.000000 -0.000000 -1.000000
vn 0.000000 0.000000 -1.000000
vn 0.000000 0.000000 -1.000000
vn 0.000000 0.000000 -1.000000
vn 0.000000 -0.000000 -1.000000
vn 0.000000 0.000000 -1.000000
vn 0.000000 0.000000 -1.000000
vn 0.000000 0.000000 -1.000000
vn 0.000000 0.000000 -1.000000
vn 0.000000 0.000000 -1.000000
vn 0.000000 0.000000 -1.000000
vn 0.000000 -0.000000 -1.000000
vn 0.000000 -0.000000 -1.000000
vn 0.000000 0.000000 -1.000000
vn 0.000000 0.000000 -1.000000
vn 0.000000 0.000000 -1.000000
vn 0.000000 0.000000 -1.000000
vn 0.000000 0.000000 -1.000000
vn 0.000000 0.000000 -1.000000
vn 0.000000 0.000000 -1.000000
vn 0.000000 -0.000000 -1.000000
vn 0.000000 0.000000 -1.000000
vn 0.000000 0.000000 -1.000000
vn 0.000000 0.000000 -1.000000
vn 0.000000 -0.000000 -1.000000
vn 0.000000 0.000000 -1.000000
vn 0.000000 0.000000 -1.000000
vn 0.000000 0.000000 -1.000000
vn 0.000000 -0.000000 -1.000000
vn 0.000000 0.000000 -1.000000
vn 0.000000 0.000000 -1.000000
vn 0.000000 -0.000000 -1.000000
vn 0.000000 -0.000000 -1.000000
vn 0.000000 0.000000 -1.000000
vn 0.000000 0.000000 -1.000000
vn 0.000000 0.000000 -1.000000
vn 0.000000 0.000000 -1.000000
vn 0.000000 -0.000000 -1.000000
vn 0.000000 0.000000 -1.000000
vn 0.000000 0.000000 -1.000000
vn 0.000000 -0.000000 -1.000000
vn 0.000000 0.000000 -1.000000
vn 0.000000 0.000000 -1.000000
vn 0.000000 0.000000 -1.000000
vn 0.000000 0.000000 -1.000000
vn 0.000000 0.000000 -1.000000
vn 0.000000 0.000000 -1.000000
vn 0.000000 -0.000000 -1.000000
vn 0.000000 -0.000000 -1.000000
vn 0.000000 0.000000 -1.000000
vn 0.000000 0.000000 -1.000000
vn 0.000000 0.000000 -1.000000
vn 0.000000 0.000000 -1.000000
vn 0.000000 0.000000 -1.000000
vn 0.000000 0.000000 -1.000000
vn 0.000000 -0.000000 -1.000000
vn 0.000000 -0.000000 -1.000000
vn 0.000000 0.000000 -1.000000
vn 0.000000 0.000000 -1.000000
vn 0.000000 0.000000 -1.000000
vn 0.000000 0.000000 -1.000000
vn 0.000000 0.000000 -1.000000
vn 0.000000 0.000000 -1.000000
vn 0.000000 -0.000000 -1.000000
vn 0.000000 0.000000 -1.000000
vn 0.000000 0.000000 -1.000000
vn 0.000000 0.000000 -1.000000
vn 0.000000 -0.000000 -1.000000
vn 0.000000 -0.000000 -1.000000
vn 0.000000 0.000000 -1.000000
vn 0.000000 0.000000 -1.000000
vn 0.000000 0.000000 -1.000000
vn 0.000000 0.000000 -1.000000
vn 0.000000 0.000000 -1.000000
vn 0.000000 0.000000 -1.000000
vn 0.000000 0.000000 -1.000000
vn 0.000000 -0.000000 -1.000000
vn 0.000000 0.000000 -1.000000
vn 0.000000 0.000000 -1.000000
vn 0.000000 0.000000 -1.000000
vn 0.000000 -0.000000 -1.000000
vn 0.000000 -0.000000 -1.000000
vn 0.000000 0.000000 -1.000000
vn 0.000000 0.000000 -1.000000
vn 0.000000 0.000000 -1.000000
vn 0.000000 0.000000 -1.000000
vn 0.000000 0.000000 -1.000000
vn 0.000000 0.000000 -1.000000
vn 0.000000 0.000000 -1.000000
vn 0.000000 0.000000 -1.000000
vn 0.000000 -0.000000 -1.000000
vn 0.000000 0.000000 -1.000000
vn 0.000000 0.000000 -1.000000
vn 0.000000 0.000000 -1.000000
vn 0.000000 0.000000 -1.000000
vn 0.000000 0.000000 -1.000000
vn 0.000000 -0.000000 -1.000000
vn 0.000000 0.000000 -1.000000
vn 0.000000 0.000000 -1.000000
vn 0.000000 0.000000 -1.000000
vn 0.000000 0.000000 -1.000000
vn 0.000000 0.000000 -1.000000
vn 0.000000 -0.000000 -1.000000
vn 0.000000 0.000000 -1.000000
vn 0.000000 0.000000 -1.000000
vn 0.000000 0.000000 -1.000000
vn 0.000000 -0.000000 -1.000000
vn 0.000000 0.000000 -1.000000
vn 0.000000 0.000000 -1.000000
vn 0.000000 0.000000 -1.000000
vn 0.000000 0.000000 -1.000000
vn 0.000000 -0.000000 -1.000000
vn 0.000000 0.000000 -1.000000
vn 0.000000 0.000000 -1.000000
vn 0.000000 0.000000 -1.000000
vn 0.000000 0.000000 -1.000000
vn 0.000000 -0.000000 -1.000000
vn 0.000000 0.000000 -1.000000
vn 0.000000 0.000000 -1.000000
vn 0.000000 -0.000000 -1.000000
vn 0.000000 0.000000 -1.000000
vn 0.000000 0.000000 -1.000000
vn 0.000000 0.000000 -1.000000
vn 0.000000 -0.000000 -1.000000
vn 0.000000 0.000000 -1.000000
vn 0.000000 0.000000 -1.000000
vn 0.000000 -0.000000 -1.000000
vn 0.000000 0.000000 -1.000000
vn 0.000000 0.000000 -1.000000
vn 0.000000 0.000000 -1.000000
vn 0.000000 -0.000000 -1.000000
vn 0.000000 0.000000 -1.000000
vn 0.000000 0.000000 -1.000000
vn 0.000000 0.000000 -1.000000
vn 0.000000 -0.000000 -1.000000
vn 0.000000 0.000000 -1.000000
vn 0.000000 0.000000 -1.000000
vn 0.000000 0.000000 -1.000000
vn 0.000000 0.000000 -1.000000
vn 0.000000 -0.000000 -1.000000
vn 0.000000 0.000000 -1.000000
vn 0.000000 0.000000 -1.000000
vn 0.000000 -0.000000 -1.000000
vn 0.000000 0.000000 -1.000000
vn 0.000000 0.000000 -1.000000
vn 0.000000 0.000000 -1.000000
vn 0.000000 -0.000000 -1.000000
vn 0.000000 0.000000 -1.000000
vn 0.000000 0.000000 -1.000000
vn 0.000000 0.000000 -1.000000
vn 0.000000 0.000000 -1.000000
vn 0.000000 -0.000000 -1.000000
vn 0.000000 0.000000 -1.000000
vn 0.000000 -0.000000 -1.000000
vn 0.000000 0.000000 -1.000000
vn 0.000000 0.000000 -1.000000
vn 0.000000 0.000000 -1.000000
vn 0.000000 0.000000 -1.000000
vn 0.000000 0.000000 -1.000000
vn 0.000000 -0.000000 -1.000000
vn 0.000000 0.000000 -1.000000
vn 0.000000 0.000000 -1.000000
vn 0.000000 -0.000000 -1.000000
vn 0.000000 0.000000 -1.000000
vn 0.000000 0.000000 -1.000000
vn 0.000000 0.000000 -1.000000
vn 0.000000 0.000000 -1.000000
vn 0.000000 -0.000000 -1.000000
vn 0.000000 0.000000 -1.000000
vn 0.000000 0.000000 -1.000000
vn 0.000000 -0.000000 -1.000000
vn 0.000000 0.000000 -1.000000
vn 0.000000 0.000000 -1.000000
vn 0.000000 0.000000 -1.000000
vn 0.000000 0.000000 -1.000000
vn 0.000000 -0.000000 -1.000000
vn 0.000000 0.000000 -1.000000
vn 0.000000 0.000000 -1.000000
vn 0.000000 -0.000000 -1.000000
vn 0.000000 0.000000 -1.000000
vn 0.000000 0.000000 -1.000000
vn 0.000000 0.000000 -1.000000
vn 0.000000 -0.000000 -1.000000
vn 0.000000 0.000000 -1.000000
vn 0.000000 0.000000 -1.000000
vn 0.000000 0.000000 -1.000000
vn 0.000000 0.000000 -1.000000
vn 0.000000 -0.000000 -1.000000
vn 0.000000 0.000000 -1.000000
vn 0.000000 0.000000 -1.000000
vn 0.000000 -0.000000 -1.000000
vn 0.000000 0.000000 -1.000000
vn 0.000000 0.000000 -1.000000
vn 0.000000 0.000000 -1.000000
vn 0.000000 0.000000 -1.000000
vn 0.000000 0.000000 -1.000000
vn 0.000000 -0.000000 -1.000000
vn 0.000000 0.000000 -1.000000
vn 0.000000 0.000000 -1.000000
vn 0.000000 0.000000 -1.000000
vn 0.000000 -0.000000 -1.000000
vn -0.705364 0.022608 -0.708485
vn -0.706940 0.037788 -0.706264
vn -0.705404 0.007535 -0.708765
vn -0.707686 0.026089 -0.706046
vn -0.708239 0.014423 -0.705825
vn -0.707396 0.008230 -0.706770
vn -0.707104 0.003021 -0.707104
vn 0.546116 -0.467187 -0.695337
vn 0.540060 -0.453758 -0.708829
vn 0.551745 -0.447055 -0.704073
vn 0.554389 -0.437224 -0.708158
vn 0.551741 -0.447047 -0.704082
vn 0.562882 -0.429224 -0.706350
vn 0.568097 -0.420260 -0.707565
vn 0.562977 -0.431759 -0.704728
vn 0.574874 -0.411654 -0.707150
vn 0.573830 -0.416246 -0.705307
vn 0.583359 -0.399817 -0.706993
vn 0.583228 -0.403294 -0.705124
vn 0.586830 -0.393977 -0.707399
vn 0.594076 -0.385245 -0.706158
vn 0.598457 -0.376063 -0.707408
vn 0.594238 -0.384369 -0.706499
vn 0.604806 -0.367061 -0.706736
vn 0.604416 -0.368442 -0.706351
vn 0.613669 -0.358139 -0.703667
vn 0.614036 -0.348665 -0.708091
vn 0.623371 -0.339484 -0.704386
vn 0.611066 -0.355103 -0.707460
vn 0.614050 -0.352176 -0.706339
vn 0.621419 -0.334678 -0.708399
vn 0.653772 -0.291241 -0.698399
vn 0.644486 -0.283205 -0.710234
vn 0.629085 -0.330099 -0.703766
vn 0.630163 -0.320753 -0.707115
vn 0.634908 -0.311332 -0.707081
vn 0.632058 -0.318937 -0.706245
vn 0.638018 -0.300849 -0.708818
vn 0.630704 -0.335811 -0.699602
vn 0.621533 -0.330928 -0.710059
vn 0.665684 -0.270724 -0.695395
vn 0.665984 -0.270944 -0.695022
vn 0.660552 -0.262662 -0.703334
vn 0.659901 -0.253720 -0.707218
vn 0.663868 -0.243897 -0.706961
vn 0.644861 -0.290145 -0.707086
vn 0.643678 -0.301505 -0.703402
vn 0.643642 -0.301252 -0.703543
vn 0.637917 -0.298573 -0.709870
vn 0.648232 -0.284764 -0.706190
vn 0.652743 -0.266187 -0.709275
vn 0.692117 -0.199505 -0.693665
vn 0.684625 -0.192826 -0.702927
vn 0.682480 -0.184521 -0.707229
vn 0.685441 -0.174359 -0.706944
vn 0.671626 -0.233034 -0.703287
vn 0.671389 -0.224064 -0.706423
vn 0.673528 -0.214471 -0.707363
vn 0.671838 -0.233696 -0.702865
vn 0.667966 -0.232350 -0.706990
vn 0.655120 -0.266427 -0.706990
vn 0.662527 -0.249761 -0.706171
vn 0.655120 -0.266429 -0.706989
vn 0.652652 -0.265425 -0.709644
vn 0.709014 -0.126536 -0.693749
vn 0.700874 -0.121261 -0.702902
vn 0.697841 -0.113512 -0.707201
vn 0.699673 -0.103110 -0.706983
vn 0.692565 -0.163443 -0.702595
vn 0.692121 -0.162510 -0.703249
vn 0.690883 -0.153887 -0.706399
vn 0.691978 -0.144227 -0.707365
vn 0.679825 -0.194811 -0.707027
vn 0.680592 -0.198110 -0.705370
vn 0.665451 -0.231473 -0.709644
vn 0.679042 -0.197659 -0.706989
vn 0.667968 -0.232348 -0.706989
vn 0.666020 -0.230962 -0.709277
vn 0.674898 -0.214026 -0.706191
vn 0.716742 -0.053235 -0.695304
vn 0.709115 -0.048613 -0.703415
vn 0.705802 -0.041044 -0.707219
vn 0.706603 -0.030382 -0.706958
vn 0.711491 -0.016211 -0.702508
vn 0.719227 -0.000723 -0.694775
vn 0.705531 -0.091344 -0.702768
vn 0.705006 -0.090457 -0.703409
vn 0.703015 -0.082084 -0.706422
vn 0.703145 -0.072371 -0.707354
vn 0.696242 -0.123949 -0.707025
vn 0.697320 -0.127075 -0.705405
vn 0.688315 -0.162436 -0.706992
vn 0.688317 -0.162440 -0.706989
vn 0.679042 -0.197659 -0.706989
vn 0.677843 -0.195207 -0.708818
vn 0.685307 -0.177688 -0.706245
vn 0.676266 -0.196851 -0.709870
vn 0.706596 -0.054694 -0.705500
vn 0.713851 0.002164 -0.700294
vn 0.706843 -0.021898 -0.707032
vn 0.705297 -0.051718 -0.707023
vn 0.701369 -0.090804 -0.706990
vn 0.701370 -0.090806 -0.706990
vn 0.695766 -0.126792 -0.706989
vn 0.701370 -0.090804 -0.706989
vn 0.695766 -0.126791 -0.706989
vn 0.688315 -0.162436 -0.706991
vn 0.688317 -0.162440 -0.706989
vn 0.685317 -0.161732 -0.710059
vn 0.687709 -0.158837 -0.708398
vn 0.693727 -0.140823 -0.706337
vn 0.705115 -0.054580 -0.706990
vn 0.705114 -0.054579 -0.706990
vn 0.706990 -0.018209 -0.706990
vn 0.706989 -0.018212 -0.706990
vn 0.701371 -0.090804 -0.706989
vn 0.695764 -0.126789 -0.706991
vn 0.695766 -0.126792 -0.706989
vn 0.692587 -0.126210 -0.710207
vn 0.695586 -0.121970 -0.708014
vn 0.700126 -0.103573 -0.706467
vn 0.705115 -0.054580 -0.706989
vn 0.705115 -0.054579 -0.706990
vn 0.706990 -0.018211 -0.706989
vn 0.701371 -0.090805 -0.706989
vn 0.698052 -0.090376 -0.710321
vn 0.701453 -0.084702 -0.707664
vn 0.704492 -0.066035 -0.706633
vn 0.701370 -0.090804 -0.706990
vn 0.705114 -0.054579 -0.706990
vn 0.701703 -0.054316 -0.710396
vn 0.705115 -0.054580 -0.706990
vn 0.706989 -0.018208 -0.706990
vn 0.705288 -0.047157 -0.707351
vn 0.706811 -0.028327 -0.706835
vn 0.700643 -0.009356 -0.713451
vn 0.000000 0.000000 -1.000000
vn 0.000000 -0.000000 -1.000000
vn 0.000000 0.000000 -1.000000
vn 0.000000 0.000000 -1.000000
vn 0.000000 0.000000 -1.000000
vn 0.000000 0.000000 -1.000000
vn 0.000000 -0.000000 -1.000000
vn 0.000000 0.000000 -1.000000
vn 0.000000 0.000000 -1.000000
vn 0.000000 0.000000 -1.000000
vn 0.000000 -0.000000 -1.000000
vn 0.000000 0.000000 -1.000000
vn 0.000000 0.000000 -1.000000
vn 0.000000 -0.000000 -1.000000
vn 0.000000 0.000000 -1.000000
vn 0.000000 0.000000 -1.000000
vn 0.000000 0.000000 -1.000000
vn 0.000000 0.000000 -1.000000
vn 0.000000 -0.000000 -1.000000
vn 0.000000 0.000000 -1.000000
vn 0.000000 0.000000 -1.000000
vn 0.000000 0.000000 -1.000000
vn 0.000000 -0.000000 -1.000000
vn 0.000000 0.000000 -1.000000
vn 0.000000 0.000000 -1.000000
vn 0.000000 0.000000 -1.000000
vn 0.000000 -0.000000 -1.000000
vn 0.000000 0.000000 -1.000000
vn 0.000000 0.000000 -1.000000
vn 0.000000 0.000000 -1.000000
vn 0.000000 -0.000000 -1.000000
vn 0.000000 0.000000 -1.000000
vn 0.000000 0.000000 -1.000000
vn 0.000000 -0.000000 -1.000000
vn 0.000000 0.000000 -1.000000
vn 0.000000 0.000000 -1.000000
vn 0.000000 0.000000 -1.000000
vn 0.000000 0.000000 -1.000000
vn 0.000000 -0.000000 -1.000000
vn 0.000000 0.000000 -1.000000
vn 0.000000 0.000000 -1.000000
vn 0.000000 0.000000 -1.000000
vn 0.000000 -0.000000 -1.000000
vn 0.000000 0.000000 -1.000000
vn 0.000000 0.000000 -1.000000
vn 0.000000 -0.000000 -1.000000
vn 0.000000 0.000000 -1.000000
vn 0.000000 0.000000 -1.000000
vn 0.000000 0.000000 -1.000000
vn 0.000000 0.000000 -1.000000
vn 0.000000 -0.000000 -1.000000
vn 0.000000 0.000000 -1.000000
vn 0.000000 0.000000 -1.000000
vn 0.000000 0.000000 -1.000000
vn 0.000000 -0.000000 -1.000000
vn 0.000000 0.000000 -1.000000
vn 0.000000 0.000000 -1.000000
vn 0.000000 0.000000 -1.000000
vn 0.000000 -0.000000 -1.000000
vn 0.000000 0.000000 -1.000000
vn 0.000000 0.000000 -1.000000
vn 0.000000 -0.000000 -1.000000
vn 0.000000 0.000000 -1.000000
vn 0.000000 0.000000 -1.000000
vn 0.000000 0.000000 -1.000000
vn 0.000000 0.000000 -1.000000
vn 0.000000 -0.000000 -1.000000
vn 0.000000 0.000000 -1.000000
vn 0.000000 0.000000 -1.000000
vn 0.000000 -0.000000 -1.000000
vn 0.000000 0.000000 -1.000000
vn 0.000000 0.000000 -1.000000
vn 0.000000 0.000000 -1.000000
vn 0.000000 0.000000 -1.000000
vn 0.000000 -0.000000 -1.000000
vn 0.000000 0.000000 -1.000000
vn 0.000000 0.000000 -1.000000
vn 0.000000 -0.000000 -1.000000
vn 0.000000 0.000000 -1.000000
vn 0.000000 0.000000 -1.000000
vn 0.000000 0.000000 -1.000000
vn 0.000000 0.000000 -1.000000
vn 0.000000 -0.000000 -1.000000
vn 0.000000 0.000000 -1.000000
vn 0.000000 0.000000 -1.000000
vn 0.000000 -0.000000 -1.000000
vn 0.000000 0.000000 -1.000000
vn 0.000000 0.000000 -1.000000
vn 0.000000 0.000000 -1.000000
vn 0.000000 -0.000000 -1.000000
vn 0.000000 0.000000 -1.000000
vn 0.000000 0.000000 -1.000000
vn 0.000000 0.000000 -1.000000
vn 0.000000 0.000000 -1.000000
vn 0.000000 -0.000000 -1.000000
vn 0.000000 0.000000 -1.000000
vn 0.000000 0.000000 -1.000000
vn 0.000000 -0.000000 -1.000000
vn 0.000000 0.000000 -1.000000
vn 0.000000 0.000000 -1.000000
vn 0.000000 0.000000 -1.000000
vn 0.000000 0.000000 -1.000000
vn 0.000000 -0.000000 -1.000000
vn 0.000000 0.000000 -1.000000
vn 0.000000 0.000000 -1.000000
vn 0.000000 -0.000000 -1.000000
vn 0.000000 0.000000 -1.000000
vn 0.000000 0.000000 -1.000000
vn 0.000000 0.000000 -1.000000
vn 0.000000 -0.000000 -1.000000
vn 0.000000 0.000000 -1.000000
vn 0.000000 0.000000 -1.000000
vn 0.000000 0.000000 -1.000000
vn 0.000000 0.000000 -1.000000
vn 0.000000 -0.000000 -1.000000
vn 0.000000 -0.000000 -1.000000
vn 0.000000 0.000000 -1.000000
vn 0.000000 0.000000 -1.000000
vn 0.000000 0.000000 -1.000000
vn 0.000000 0.000000 -1.000000
vn 0.000000 -0.000000 -1.000000
vn 0.000000 0.000000 -1.000000
vn 0.000000 0.000000 -1.000000
vn 0.000000 0.000000 -1.000000
vn 0.000000 -0.000000 -1.000000
vn 0.000000 0.000000 -1.000000
vn 0.000000 0.000000 -1.000000
vn 0.000000 -0.000000 -1.000000
vn 0.000000 0.000000 -1.000000
vn 0.000000 0.000000 -1.000000
vn 0.000000 0.000000 -1.000000
vn 0.000000 -0.000000 -1.000000
vn 0.000000 0.000000 -1.000000
vn 0.000000 0.000000 -1.000000
vn 0.000000 0.000000 -1.000000
vn 0.000000 -0.000000 -1.000000
vn 0.000000 0.000000 -1.000000
vn 0.000000 0.000000 -1.000000
vn 0.000000 0.000000 -1.000000
vn 0.000000 0.000000 -1.000000
vn 0.000000 0.000000 -1.000000
vn 0.000000 0.000000 -1.000000
vn 0.000000 -0.000000 -1.000000
vn 0.000000 -0.000000 -1.000000
vn 0.000000 0.000000 -1.000000
vn 0.000000 0.000000 -1.000000
vn 0.000000 0.000000 -1.000000
vn 0.000000 -0.000000 -1.000000
vn 0.000000 0.000000 -1.000000
vn 0.000000 0.000000 -1.000000
vn 0.000000 0.000000 -1.000000
vn 0.000000 0.000000 -1.000000
vn 0.000000 0.000000 -1.000000
vn 0.000000 0.000000 -1.000000
vn 0.000000 -0.000000 -1.000000
vn 0.000000 0.000000 -1.000000
vn 0.000000 0.000000 -1.000000
vn 0.000000 0.000000 -1.000000
vn 0.000000 -0.000000 -1.000000
vn 0.000000 -0.000000 -1.000000
vn 0.000000 0.000000 -1.000000
vn 0.000000 0.000000 -1.000000
vn 0.000000 0.000000 -1.000000
vn 0.000000 -0.000000 -1.000000
vn 0.000000 0.000000 -1.000000
vn 0.000000 0.000000 -1.000000
vn 0.000000 0.000000 -1.000000
vn 0.000000 0.000000 -1.000000
vn 0.000000 0.000000 -1.000000
vn 0.000000 0.000000 -1.000000
vn 0.000000 -0.000000 -1.000000
vn 0.000000 0.000000 -1.000000
vn 0.000000 0.000000 -1.000000
vn 0.000000 0.000000 -1.000000
vn 0.000000 0.000000 -1.000000
vn 0.000000 -0.000000 -1.000000
vn 0.000000 -0.000000 -1.000000
vn 0.000000 0.000000 -1.000000
vn 0.000000 0.000000 -1.000000
vn 0.000000 0.000000 -1.000000
vn 0.000000 -0.000000 -1.000000
vn 0.000000 0.000000 -1.000000
vn 0.000000 0.000000 -1.000000
vn 0.000000 0.000000 -1.000000
vn 0.000000 0.000000 -1.000000
vn 0.000000 0.000000 -1.000000
vn 0.000000 0.000000 -1.000000
vn 0.000000 -0.000000 -1.000000
vn 0.000000 -0.000000 -1.000000
vn 0.000000 0.000000 -1.000000
vn 0.000000 0.000000 -1.000000
vn 0.000000 0.000000 -1.000000
vn 0.000000 -0.000000 -1.000000
vn 0.000000 0.000000 -1.000000
vn 0.000000 0.000000 -1.000000
vn 0.000000 0.000000 -1.000000
vn 0.000000 -0.000000 -1.000000
vn 0.000000 0.000000 -1.000000
vn 0.000000 0.000000 -1.000000
vn 0.000000 0.000000 -1.000000
vn 0.000000 -0.000000 -1.000000
vn 0.000000 0.000000 -1.000000
vn 0.000000 0.000000 -1.000000
vn 0.000000 0.000000 -1.000000
vn 0.000000 -0.000000 -1.000000
vn 0.000000 0.000000 -1.000000
vn 0.000000 0.000000 -1.000000
vn 0.000000 0.000000 -1.000000
vn 0.000000 -0.000000 -1.000000
vn 0.000000 0.000000 -1.000000
vn 0.000000 0.000000 -1.000000
vn 0.000000 0.000000 -1.000000
vn 0.000000 0.000000 -1.000000
vn 0.000000 0.000000 -1.000000
vn 0.000000 0.000000 -1.000000
vn 0.000000 0.000000 -1.000000
vn 0.000000 0.000000 -1.000000
vn 0.000000 0.000000 -1.000000
vn 0.000000 -0.000000 -1.000000
vn 0.000000 0.000000 -1.000000
vn 0.000000 0.000000 -1.000000
vn 0.000000 0.000000 -1.000000
vn 0.000000 0.000000 -1.000000
vn 0.000000 -0.000000 -1.000000
vn 0.000000 0.000000 -1.000000
vn 0.000000 0.000000 -1.000000
vn 0.000000 -0.000000 -1.000000
vn 0.000000 0.000000 -1.000000
vn 0.000000 0.000000 -1.000000
vn 0.000000 -0.000000 -1.000000
vn 0.000000 0.000000 -1.000000
vn 0.000000 0.000000 -1.000000
vn 0.000000 0.000000 -1.000000
vn 0.000000 -0.000000 -1.000000
vn 0.000000 0.000000 -1.000000
vn 0.000000 0.000000 -1.000000
vn 0.000000 0.000000 -1.000000
vn 0.000000 -0.000000 -1.000000
vn 0.000000 0.000000 -1.000000
vn 0.000000 0.000000 -1.000000
vn 0.000000 0.000000 -1.000000
vn 0.000000 -0.000000 -1.000000
vn 0.000000 0.000000 -1.000000
vn 0.000000 0.000000 -1.000000
vn 0.000000 0.000000 -1.000000
vn 0.000000 -0.000000 -1.000000
vn 0.000000 0.000000 -1.000000
vn 0.000000 0.000000 -1.000000
vn 0.000000 0.000000 -1.000000
vn 0.000000 0.000000 -1.000000
vn 0.000000 -0.000000 -1.000000
vn 0.000000 0.000000 -1.000000
vn 0.000000 0.000000 -1.000000
vn 0.000000 0.000000 -1.000000
vn 0.000000 0.000000 -1.000000
vn 0.000000 0.000000 -1.000000
vn 0.000000 -0.000000 -1.000000
vn 0.000000 -0.000000 -1.000000
vn 0.000000 0.000000 -1.000000
vn 0.000000 0.000000 -1.000000
vn 0.000000 0.000000 -1.000000
vn 0.000000 -0.000000 -1.000000
vn 0.000000 0.000000 -1.000000
vn 0.000000 0.000000 -1.000000
vn 0.000000 0.000000 -1.000000
vn 0.000000 0.000000 -1.000000
vn 0.000000 0.000000 -1.000000
vn 0.000000 0.000000 -1.000000
vn 0.000000 -0.000000 -1.000000
vn 0.000000 -0.000000 -1.000000
vn 0.000000 0.000000 -1.000000
vn 0.000000 0.000000 -1.000000
vn 0.000000 0.000000 -1.000000
vn 0.000000 0.000000 -1.000000
vn 0.000000 0.000000 -1.000000
vn 0.000000 0.000000 -1.000000
vn 0.000000 0.000000 -1.000000
vn 0.000000 -0.000000 -1.000000
vn 0.000000 0.000000 -1.000000
vn 0.000000 0.000000 -1.000000
vn 0.000000 0.000000 -1.000000
vn 0.000000 -0.000000 -1.000000
vn 0.000000 0.000000 -1.000000
vn 0.000000 0.000000 -1.000000
vn 0.000000 0.000000 -1.000000
vn 0.000000 -0.000000 -1.000000
vn 0.000000 0.000000 -1.000000
vn 0.000000 0.000000 -1.000000
vn 0.000000 -0.000000 -1.000000
vn 0.000000 -0.000000 -1.000000
vn 0.000000 0.000000 -1.000000
vn 0.000000 0.000000 -1.000000
vn 0.000000 0.000000 -1.000000
vn 0.000000 0.000000 -1.000000
vn 0.000000 -0.000000 -1.000000
vn 0.000000 0.000000 -1.000000
vn 0.000000 0.000000 -1.000000
vn 0.000000 -0.000000 -1.000000
vn 0.000000 0.000000 -1.000000
vn 0.000000 0.000000 -1.000000
vn 0.000000 0.000000 -1.000000
vn 0.000000 0.000000 -1.000000
vn 0.000000 0.000000 -1.000000
vn 0.000000 0.000000 -1.000000
vn 0.000000 -0.000000 -1.000000
vn 0.000000 -0.000000 -1.000000
vn 0.000000 0.000000 -1.000000
vn 0.000000 0.000000 -1.000000
vn 0.000000 0.000000 -1.000000
vn 0.000000 0.000000 -1.000000
vn 0.000000 0.000000 -1.000000
vn 0.000000 0.000000 -1.000000
vn 0.000000 -0.000000 -1.000000
vn 0.000000 -0.000000 -1.000000
vn 0.000000 0.000000 -1.000000
vn 0.000000 0.000000 -1.000000
vn 0.000000 0.000000 -1.000000
vn 0.000000 0.000000 -1.000000
vn 0.000000 0.000000 -1.000000
vn 0.000000 0.000000 -1.000000
vn 0.000000 -0.000000 -1.000000
vn 0.000000 0.000000 -1.000000
vn 0.000000 0.000000 -1.000000
vn 0.000000 0.000000 -1.000000
vn 0.000000 -0.000000 -1.000000
vn 0.000000 -0.000000 -1.000000
vn 0.000000 0.000000 -1.000000
vn 0.000000 0.000000 -1.000000
vn 0.000000 0.000000 -1.000000
vn 0.000000 0.000000 -1.000000
vn 0.000000 0.000000 -1.000000
vn 0.000000 0.000000 -1.000000
vn 0.000000 0.000000 -1.000000
vn 0.000000 -0.000000 -1.000000
vn 0.000000 0.000000 -1.000000
vn 0.000000 0.000000 -1.000000
vn 0.000000 0.000000 -1.000000
vn 0.000000 -0.000000 -1.000000
vn 0.000000 -0.000000 -1.000000
vn 0.000000 0.000000 -1.000000
vn 0.000000 0.000000 -1.000000
vn 0.000000 0.000000 -1.000000
vn 0.000000 0.000000 -1.000000
vn 0.000000 0.000000 -1.000000
vn 0.000000 0.000000 -1.000000
vn 0.000000 0.000000 -1.000000
vn 0.000000 0.000000 -1.000000
vn 0.000000 -0.000000 -1.000000
vn 0.000000 0.000000 -1.000000
vn 0.000000 0.000000 -1.000000
vn 0.000000 0.000000 -1.000000
vn 0.000000 0.000000 -1.000000
vn 0.000000 0.000000 -1.000000
vn 0.000000 -0.000000 -1.000000
vn 0.000000 0.000000 -1.000000
vn 0.000000 0.000000 -1.000000
vn 0.000000 0.000000 -1.000000
vn 0.000000 0.000000 -1.000000
vn 0.000000 0.000000 -1.000000
vn 0.000000 -0.000000 -1.000000
vn 0.000000 0.000000 -1.000000
vn 0.000000 0.000000 -1.000000
vn 0.000000 0.000000 -1.000000
vn 0.000000 -0.000000 -1.000000
vn 0.000000 0.000000 -1.000000
vn 0.000000 0.000000 -1.000000
vn 0.000000 0.000000 -1.000000
vn 0.000000 0.000000 -1.000000
vn 0.000000 -0.000000 -1.000000
vn 0.000000 0.000000 -1.000000
vn 0.000000 0.000000 -1.000000
vn 0.000000 0.000000 -1.000000
vn 0.000000 0.000000 -1.000000
vn 0.000000 -0.000000 -1.000000
vn 0.000000 0.000000 -1.000000
vn 0.000000 0.000000 -1.000000
vn 0.000000 -0.000000 -1.000000
vn 0.000000 0.000000 -1.000000
vn 0.000000 0.000000 -1.000000
vn 0.000000 0.000000 -1.000000
vn 0.000000 -0.000000 -1.000000
vn 0.000000 0.000000 -1.000000
vn 0.000000 0.000000 -1.000000
vn 0.000000 -0.000000 -1.000000
vn 0.000000 0.000000 -1.000000
vn 0.000000 0.000000 -1.000000
vn 0.000000 0.000000 -1.000000
vn 0.000000 -0.000000 -1.000000
vn 0.000000 0.000000 -1.000000
vn 0.000000 0.000000 -1.000000
vn 0.000000 0.000000 -1.000000
vn 0.000000 -0.000000 -1.000000
vn 0.000000 0.000000 -1.000000
vn 0.000000 0.000000 -1.000000
vn 0.000000 0.000000 -1.000000
vn 0.000000 0.000000 -1.000000
vn 0.000000 -0.000000 -1.000000
vn 0.000000 0.000000 -1.000000
vn 0.000000 0.000000 -1.000000
vn 0.000000 -0.000000 -1.000000
vn 0.000000 0.000000 -1.000000
vn 0.000000 0.000000 -1.000000
vn 0.000000 0.000000 -1.000000
vn 0.000000 -0.000000 -1.000000
vn 0.000000 0.000000 -1.000000
vn 0.000000 0.000000 -1.000000
vn 0.000000 0.000000 -1.000000
vn 0.000000 0.000000 -1.000000
vn 0.000000 -0.000000 -1.000000
vn 0.000000 0.000000 -1.000000
vn 0.000000 -0.000000 -1.000000
vn 0.000000 0.000000 -1.000000
vn 0.000000 0.000000 -1.000000
vn 0.000000 0.000000 -1.000000
vn 0.000000 0.000000 -1.000000
vn 0.000000 0.000000 -1.000000
vn 0.000000 -0.000000 -1.000000
vn 0.000000 0.000000 -1.000000
vn 0.000000 0.000000 -1.000000
vn 0.000000 -0.000000 -1.000000
vn 0.000000 0.000000 -1.000000
vn 0.000000 0.000000 -1.000000
vn 0.000000 0.000000 -1.000000
vn 0.000000 0.000000 -1.000000
vn 0.000000 -0.000000 -1.000000
vn 0.000000 0.000000 -1.000000
vn 0.000000 0.000000 -1.000000
vn 0.000000 -0.000000 -1.000000
vn 0.000000 0.000000 -1.000000
vn 0.000000 0.000000 -1.000000
vn 0.000000 0.000000 -1.000000
vn 0.000000 0.000000 -1.000000
vn 0.000000 -0.000000 -1.000000
vn 0.000000 0.000000 -1.000000
vn 0.000000 0.000000 -1.000000
vn 0.000000 -0.000000 -1.000000
vn 0.000000 0.000000 -1.000000
vn 0.000000 0.000000 -1.000000
vn 0.000000 0.000000 -1.000000
vn 0.000000 -0.000000 -1.000000
vn 0.000000 0.000000 -1.000000
vn 0.000000 0.000000 -1.000000
vn 0.000000 0.000000 -1.000000
vn 0.000000 0.000000 -1.000000
vn 0.000000 -0.000000 -1.000000
vn 0.000000 0.000000 -1.000000
vn 0.000000 0.000000 -1.000000
vn 0.000000 -0.000000 -1.000000
vn 0.000000 0.000000 -1.000000
vn 0.000000 0.000000 -1.000000
vn 0.000000 0.000000 -1.000000
vn 0.000000 0.000000 -1.000000
vn 0.000000 0.000000 -1.000000
vn 0.000000 -0.000000 -1.000000
vn 0.000000 0.000000 -1.000000
vn 0.000000 0.000000 -1.000000
vn 0.000000 0.000000 -1.000000
vn 0.000000 -0.000000 -1.000000
vn 0.000000 0.000000 1.000000
vn 0.000000 0.000000 1.000000
vn 0.000000 0.000000 1.000000
vn 0.000000 0.000000 1.000000
vn 0.000000 0.000000 1.000000
vn 0.000000 0.000000 1.000000
vn 0.000000 0.000000 1.000000
vn 0.000000 0.000000 1.000000
vn 0.000000 0.000000 1.000000
vn 0.000000 0.000000 1.000000
vn 0.000000 0.000000 1.000000
vn 0.000000 0.000000 1.000000
vn 0.000000 0.000000 1.000000
vn 0.000000 0.000000 1.000000
vn 0.000000 0.000000 1.000000
vn 0.000000 0.000000 1.000000
vn 0.000000 0.000000 1.000000
vn 0.000000 0.000000 1.000000
vn 0.000000 0.000000 1.000000
vn 0.000000 0.000000 1.000000
vn 0.000000 0.000000 1.000000
vn 0.000000 0.000000 1.000000
vn 0.000000 0.000000 1.000000
vn 0.000000 0.000000 1.000000
vn 0.000000 0.000000 1.000000
vn 0.000000 0.000000 1.000000
vn 0.000000 0.000000 1.000000
vn 0.000000 0.000000 1.000000
vn 0.000000 0.000000 1.000000
vn 0.000000 0.000000 1.000000
vn 0.000000 0.000000 1.000000
vn 0.000000 0.000000 1.000000
vn 0.000000 0.000000 1.000000
vn 0.000000 0.000000 1.000000
vn 0.000000 0.000000 1.000000
vn 0.000000 0.000000 1.000000
vn 0.000000 0.000000 1.000000
vn 0.000000 0.000000 1.000000
vn 0.000000 0.000000 1.000000
vn 0.000000 0.000000 1.000000
vn 0.000000 0.000000 1.000000
vn 0.000000 0.000000 1.000000
vn 0.000000 0.000000 1.000000
vn 0.000000 0.000000 1.000000
vn 0.000000 0.000000 1.000000
vn 0.000000 0.000000 1.000000
vn 0.000000 0.000000 1.000000
vn 0.000000 0.000000 1.000000
vn 0.000000 0.000000 1.000000
vn 0.000000 0.000000 1.000000
vn 0.000000 0.000000 1.000000
vn 0.000000 0.000000 1.000000
vn 0.000000 0.000000 1.000000
vn 0.000000 0.000000 1.000000
vn 0.000000 0.000000 1.000000
vn 0.000000 0.000000 1.000000
vn 0.000000 0.000000 1.000000
vn 0.000000 0.000000 1.000000
vn 0.000000 0.000000 1.000000
vn 0.000000 0.000000 1.000000
vn 0.000000 0.000000 1.000000
vn 0.000000 0.000000 1.000000
vn 0.000000 0.000000 1.000000
vn 0.000000 0.000000 1.000000
vn 0.000000 0.000000 1.000000
vn 0.000000 0.000000 1.000000
vn 0.000000 0.000000 1.000000
vn 0.000000 0.000000 1.000000
vn 0.000000 0.000000 1.000000
vn 0.000000 0.000000 1.000000
vn 0.000000 0.000000 1.000000
vn 0.000000 0.000000 1.000000
vn 0.000000 0.000000 1.000000
vn 0.000000 0.000000 1.000000
vn 0.000000 0.000000 1.000000
vn 0.000000 0.000000 1.000000
vn 0.000000 0.000000 1.000000
vn 0.000000 0.000000 1.000000
vn 0.000000 0.000000 1.000000
vn 0.000000 0.000000 1.000000
vn 0.000000 0.000000 1.000000
vn 0.000000 0.000000 1.000000
vn 0.000000 0.000000 1.000000
vn 0.000000 0.000000 1.000000
vn 0.000000 0.000000 1.000000
vn 0.000000 0.000000 1.000000
vn 0.000000 0.000000 1.000000
vn 0.000000 0.000000 1.000000
vn 0.000000 0.000000 1.000000
vn 0.000000 0.000000 1.000000
vn 0.000000 0.000000 1.000000
vn 0.000000 0.000000 1.000000
vn 0.000000 0.000000 1.000000
vn 0.000000 0.000000 1.000000
vn 0.000000 0.000000 1.000000
vn 0.000000 0.000000 1.000000
vn 0.000000 0.000000 1.000000
vn 0.000000 0.000000 1.000000
vn 0.000000 0.000000 1.000000
vn 0.000000 0.000000 1.000000
vn 0.000000 0.000000 1.000000
vn 0.000000 0.000000 1.000000
vn 0.000000 0.000000 1.000000
vn 0.000000 0.000000 1.000000
vn 0.000000 0.000000 1.000000
vn 0.000000 0.000000 1.000000
vn 0.000000 0.000000 1.000000
vn 0.000000 0.000000 1.000000
vn 0.000000 0.000000 1.000000
vn 0.000000 0.000000 1.000000
vn 0.000000 0.000000 1.000000
vn 0.000000 0.000000 1.000000
vn 0.000000 0.000000 1.000000
vn 0.000000 0.000000 1.000000
vn 0.000000 0.000000 1.000000
vn 0.000000 0.000000 1.000000
vn 0.000000 0.000000 1.000000
vn 0.000000 0.000000 1.000000
vn 0.000000 0.000000 1.000000
vn 0.000000 0.000000 1.000000
vn 0.000000 0.000000 1.000000
vn 0.000000 0.000000 1.000000
vn 0.000000 0.000000 1.000000
vn 0.000000 0.000000 1.000000
vn 0.000000 0.000000 1.000000
vn 0.000000 0.000000 1.000000
vn 0.000000 0.000000 1.000000
vn 0.000000 0.000000 1.000000
vn 0.000000 0.000000 1.000000
vn 0.000000 0.000000 1.000000
vn 0.000000 0.000000 1.000000
vn 0.000000 0.000000 1.000000
vn 0.000000 0.000000 1.000000
vn 0.000000 0.000000 1.000000
vn 0.000000 0.000000 1.000000
vn 0.000000 0.000000 1.000000
vn 0.000000 0.000000 1.000000
vn 0.000000 0.000000 1.000000
vn 0.000000 0.000000 1.000000
vn 0.000000 0.000000 1.000000
vn 0.000000 0.000000 1.000000
vn 0.000000 0.000000 1.000000
vn 0.000000 0.000000 1.000000
vn 0.000000 0.000000 1.000000
vn 0.000000 0.000000 1.000000
vn 0.000000 0.000000 1.000000
vn 0.000000 0.000000 1.000000
vn 0.000000 0.000000 1.000000
vn 0.000000 0.000000 1.000000
vn 0.000000 0.000000 1.000000
vn 0.000000 0.000000 1.000000
vn 0.000000 0.000000 1.000000
vn 0.000000 0.000000 1.000000
vn 0.000000 0.000000 1.000000
vn 0.000000 0.000000 1.000000
vn 0.000000 0.000000 1.000000
vn 0.000000 0.000000 1.000000
vn 0.000000 0.000000 1.000000
vn 0.000000 0.000000 1.000000
vn 0.000000 0.000000 1.000000
vn 0.000000 0.000000 1.000000
vn 0.000000 0.000000 1.000000
vn 0.000000 0.000000 1.000000
vn 0.000000 0.000000 1.000000
vn 0.000000 0.000000 1.000000
vn 0.000000 0.000000 1.000000
vn 0.000000 0.000000 1.000000
vn 0.000000 0.000000 1.000000
vn 0.000000 0.000000 1.000000
vn 0.000000 0.000000 1.000000
vn 0.000000 0.000000 1.000000
vn 0.000000 0.000000 1.000000
vn 0.000000 0.000000 1.000000
vn 0.000000 0.000000 1.000000
vn 0.000000 0.000000 1.000000
vn 0.000000 0.000000 1.000000
vn 0.000000 0.000000 1.000000
vn 0.000000 0.000000 1.000000
vn 0.000000 0.000000 1.000000
vn 0.000000 0.000000 1.000000
vn 0.000000 0.000000 1.000000
vn 0.000000 0.000000 1.000000
vn 0.000000 0.000000 1.000000
vn 0.000000 0.000000 1.000000
vn 0.000000 0.000000 1.000000
vn 0.000000 0.000000 1.000000
vn 0.000000 0.000000 1.000000
vn 0.000000 0.000000 1.000000
vn 0.000000 0.000000 1.000000
vn 0.000000 0.000000 1.000000
vn 0.000000 0.000000 1.000000
vn 0.000000 0.000000 1.000000
vn 0.000000 0.000000 1.000000
vn 0.000000 0.000000 1.000000
vn 0.000000 0.000000 1.000000
vn 0.000000 0.000000 1.000000
vn 0.000000 0.000000 1.000000
vn 0.000000 0.000000 1.000000
vn 0.000000 0.000000 1.000000
vn 0.000000 0.000000 1.000000
vn 0.000000 0.000000 1.000000
vn 0.000000 0.000000 1.000000
vn 0.000000 0.000000 1.000000
vn 0.000000 0.000000 1.000000
vn 0.000000 0.000000 1.000000
vn 0.000000 0.000000 1.000000
vn 0.000000 0.000000 1.000000
vn 0.000000 0.000000 1.000000
vn 0.000000 0.000000 1.000000
vn 0.000000 0.000000 1.000000
vn 0.000000 0.000000 1.000000
vn 0.000000 0.000000 1.000000
vn 0.000000 0.000000 1.000000
vn 0.000000 0.000000 1.000000
vn 0.000000 0.000000 1.000000
vn 0.000000 0.000000 1.000000
vn 0.000000 0.000000 1.000000
vn 0.000000 0.000000 1.000000
vn 0.000000 0.000000 1.000000
vn 0.000000 0.000000 1.000000
vn 0.000000 0.000000 1.000000
vn 0.000000 0.000000 1.000000
vn 0.000000 0.000000 1.000000
vn 0.000000 0.000000 1.000000
vn 0.000000 0.000000 1.000000
vn 0.000000 0.000000 1.000000
vn 0.000000 0.000000 1.000000
vn 0.000000 0.000000 1.000000
vn 0.000000 0.000000 1.000000
vn 0.000000 0.000000 1.000000
vn 0.000000 0.000000 1.000000
vn 0.000000 0.000000 1.000000
vn 0.000000 0.000000 1.000000
vn 0.000000 0.000000 1.000000
vn 0.000000 0.000000 1.000000
vn 0.000000 0.000000 1.000000
vn 0.000000 0.000000 1.000000
vn 0.000000 0.000000 1.000000
vn 0.000000 0.000000 1.000000
vn 0.000000 0.000000 1.000000
vn 0.000000 0.000000 1.000000
vn 0.000000 0.000000 1.000000
vn 0.000000 0.000000 1.000000
vn 0.000000 0.000000 1.000000
vn 0.000000 0.000000 1.000000
vn 0.000000 0.000000 1.000000
vn 0.000000 0.000000 1.000000
vn 0.000000 0.000000 1.000000
vn 0.000000 0.000000 1.000000
vn 0.000000 0.000000 1.000000
vn 0.000000 0.000000 1.000000
vn 0.000000 0.000000 1.000000
vn 0.000000 0.000000 1.000000
vn 0.000000 0.000000 1.000000
vn 0.000000 0.000000 1.000000
vn 0.000000 0.000000 1.000000
vn 0.000000 0.000000 1.000000
vn 0.000000 0.000000 1.000000
vn 0.000000 0.000000 1.000000
vn 0.000000 0.000000 1.000000
vn 0.000000 0.000000 1.000000
vn 0.000000 0.000000 1.000000
vn 0.000000 0.000000 1.000000
vn 0.000000 0.000000 1.000000
vn 0.000000 0.000000 1.000000
vn 0.000000 0.000000 1.000000
vn 0.000000 0.000000 1.000000
vn 0.000000 0.000000 1.000000
vn 0.000000 0.000000 1.000000
vn 0.000000 0.000000 1.000000
vn 0.000000 0.000000 1.000000
vn 0.000000 0.000000 1.000000
vn 0.000000 0.000000 1.000000
vn 0.000000 0.000000 1.000000
vn 0.000000 0.000000 1.000000
vn 0.000000 0.000000 1.000000
vn 0.000000 0.000000 1.000000
vn 0.000000 0.000000 1.000000
vn 0.000000 0.000000 1.000000
vn 0.000000 0.000000 1.000000
vn 0.000000 0.000000 1.000000
vn 0.000000 0.000000 1.000000
vn 0.000000 0.000000 1.000000
vn 0.000000 0.000000 1.000000
vn 0.000000 0.000000 1.000000
vn 0.000000 0.000000 1.000000
vn 0.000000 0.000000 1.000000
vn 0.000000 0.000000 1.000000
vn 0.000000 0.000000 1.000000
vn 0.000000 0.000000 1.000000
vn 0.000000 0.000000 1.000000
vn 0.000000 0.000000 1.000000
vn 0.000000 0.000000 1.000000
vn 0.000000 0.000000 1.000000
vn 0.000000 0.000000 1.000000
vn 0.000000 0.000000 1.000000
vn 0.000000 0.000000 1.000000
vn 0.000000 0.000000 1.000000
vn 0.000000 0.000000 1.000000
vn 0.000000 0.000000 1.000000
vn 0.000000 0.000000 1.000000
vn 0.000000 0.000000 1.000000
vn 0.000000 0.000000 1.000000
vn 0.000000 0.000000 1.000000
vn 0.000000 0.000000 1.000000
vn 0.000000 0.000000 1.000000
vn 0.000000 0.000000 1.000000
vn 0.000000 0.000000 1.000000
vn 0.000000 0.000000 1.000000
vn 0.000000 0.000000 1.000000
vn 0.000000 0.000000 1.000000
vn 0.000000 0.000000 1.000000
vn 0.000000 0.000000 1.000000
vn 0.000000 0.000000 1.000000
vn 0.000000 0.000000 1.000000
vn 0.000000 0.000000 1.000000
vn 0.000000 0.000000 1.000000
vn 0.000000 0.000000 1.000000
vn 0.000000 0.000000 1.000000
vn 0.000000 0.000000 1.000000
vn 0.000000 0.000000 1.000000
vn 0.000000 0.000000 1.000000
vn 0.000000 0.000000 1.000000
vn 0.000000 0.000000 1.000000
vn 0.000000 0.000000 1.000000
vn 0.000000 0.000000 1.000000
vn 0.000000 0.000000 1.000000
vn 0.000000 0.000000 1.000000
vn 0.000000 0.000000 1.000000
vn 0.000000 0.000000 1.000000
vn 0.000000 0.000000 1.000000
vn 0.000000 0.000000 1.000000
vn 0.000000 0.000000 1.000000
vn 0.000000 0.000000 1.000000
vn 0.000000 0.000000 1.000000
vn 0.000000 0.000000 1.000000
vn 0.000000 0.000000 1.000000
vn 0.000000 0.000000 1.000000
vn 0.000000 0.000000 1.000000
vn 0.000000 0.000000 1.000000
vn 0.000000 0.000000 1.000000
vn 0.000000 0.000000 1.000000
vn 0.000000 0.000000 1.000000
vn 0.000000 0.000000 1.000000
vn 0.000000 0.000000 1.000000
vn 0.000000 0.000000 1.000000
vn 0.000000 0.000000 1.000000
vn 0.000000 0.000000 1.000000
vn 0.000000 0.000000 1.000000
vn 0.000000 0.000000 1.000000
vn 0.000000 0.000000 1.000000
vn 0.000000 0.000000 1.000000
vn 0.000000 0.000000 1.000000
vn 0.000000 0.000000 1.000000
vn 0.000000 0.000000 1.000000
vn 0.000000 0.000000 1.000000
vn 0.000000 0.000000 1.000000
vn 0.000000 0.000000 1.000000
vn 0.000000 0.000000 1.000000
vn 0.000000 0.000000 1.000000
vn 0.000000 0.000000 1.000000
vn 0.000000 0.000000 1.000000
vn 0.000000 0.000000 1.000000
vn 0.000000 0.000000 1.000000
vn 0.000000 0.000000 1.000000
vn 0.000000 0.000000 1.000000
vn 0.000000 0.000000 1.000000
vn 0.000000 0.000000 1.000000
vn 0.000000 0.000000 1.000000
vn 0.000000 0.000000 1.000000
vn 0.000000 0.000000 1.000000
vn 0.000000 0.000000 1.000000
vn 0.000000 0.000000 1.000000
vn 0.000000 0.000000 1.000000
vn 0.000000 0.000000 1.000000
vn 0.000000 0.000000 1.000000
vn 0.000000 0.000000 1.000000
vn 0.000000 0.000000 1.000000
vn 0.000000 0.000000 1.000000
vn 0.000000 0.000000 1.000000
vn 0.000000 0.000000 1.000000
vn 0.000000 0.000000 1.000000
vn 0.000000 0.000000 1.000000
vn 0.000000 0.000000 1.000000
vn 0.000000 0.000000 1.000000
vn 0.000000 0.000000 1.000000
vn 0.000000 0.000000 1.000000
vn 0.000000 0.000000 1.000000
vn 0.000000 0.000000 1.000000
vn 0.000000 0.000000 1.000000
vn 0.000000 0.000000 1.000000
vn 0.000000 0.000000 1.000000
vn 0.000000 0.000000 1.000000
vn 0.000000 0.000000 1.000000
vn 0.000000 0.000000 1.000000
vn 0.000000 0.000000 1.000000
vn 0.000000 0.000000 1.000000
vn 0.000000 0.000000 1.000000
vn 0.000000 0.000000 1.000000
vn 0.000000 0.000000 1.000000
vn 0.000000 0.000000 1.000000
vn 0.000000 0.000000 1.000000
vn 0.000000 0.000000 1.000000
vn 0.000000 0.000000 1.000000
vn 0.000000 0.000000 1.000000
vn 0.000000 0.000000 1.000000
vn 0.000000 0.000000 1.000000
vn 0.000000 0.000000 1.000000
vn 0.000000 0.000000 1.000000
vn 0.000000 0.000000 1.000000
vn 0.000000 0.000000 1.000000
vn 0.000000 0.000000 1.000000
vn 0.000000 0.000000 1.000000
vn 0.000000 0.000000 1.000000
vn 0.000000 0.000000 1.000000
vn 0.000000 0.000000 1.000000
vn 0.000000 0.000000 1.000000
vn 0.000000 0.000000 1.000000
vn 0.000000 0.000000 1.000000
vn 0.000000 0.000000 1.000000
vn 0.000000 0.000000 1.000000
vn 0.000000 0.000000 1.000000
vn 0.000000 0.000000 1.000000
vn 0.000000 0.000000 1.000000
vn 0.000000 0.000000 1.000000
vn 0.000000 0.000000 1.000000
vn 0.000000 0.000000 1.000000
vn 0.000000 0.000000 1.000000
vn 0.000000 0.000000 1.000000
vn 0.000000 0.000000 1.000000
vn 0.000000 0.000000 1.000000
vn 0.000000 0.000000 1.000000
vn 0.000000 0.000000 1.000000
vn 0.000000 0.000000 1.000000
vn 0.000000 0.000000 1.000000
vn 0.000000 0.000000 1.000000
vn 0.000000 0.000000 1.000000
vn 0.000000 0.000000 1.000000
vn 0.000000 0.000000 1.000000
vn 0.000000 0.000000 1.000000
vn 0.000000 0.000000 1.000000
vn 0.000000 0.000000 1.000000
vn 0.000000 0.000000 1.000000
vn 0.000000 0.000000 1.000000
vn 0.000000 0.000000 1.000000
vn 0.000000 0.000000 1.000000
vn 0.000000 0.000000 1.000000
vn 0.000000 0.000000 1.000000
vn 0.000000 0.000000 1.000000
vn 0.000000 0.000000 1.000000
vn 0.000000 0.000000 1.000000
vn 0.000000 0.000000 1.000000
vn 0.000000 0.000000 1.000000
vn 0.000000 0.000000 1.000000
vn 0.000000 0.000000 1.000000
vn 0.000000 0.000000 1.000000
vn 0.000000 0.000000 1.000000
vn 0.000000 0.000000 1.000000
vn 0.000000 0.000000 1.000000
vn 0.000000 0.000000 1.000000
vn 0.000000 0.000000 1.000000
vn 0.000000 0.000000 1.000000
vn 0.000000 0.000000 1.000000
vn 0.000000 0.000000 1.000000
vn 0.000000 0.000000 1.000000
vn 0.000000 0.000000 1.000000
vn 0.000000 0.000000 1.000000
vn 0.000000 0.000000 1.000000
vn 0.000000 0.000000 1.000000
vn 0.000000 0.000000 1.000000
vn 0.000000 0.000000 1.000000
vn 0.000000 0.000000 1.000000
vn 0.000000 0.000000 1.000000
vn 0.000000 0.000000 1.000000
vn 0.000000 0.000000 1.000000
vn 0.000000 0.000000 1.000000
vn 0.000000 0.000000 1.000000
vn 0.000000 0.000000 1.000000
vn 0.000000 0.000000 1.000000
vn 0.000000 0.000000 1.000000
vn 0.000000 0.000000 1.000000
vn 0.000000 0.000000 1.000000
vn 0.000000 0.000000 1.000000
vn 0.000000 0.000000 1.000000
vn 0.000000 0.000000 1.000000
vn 0.000000 0.000000 1.000000
vn 0.000000 0.000000 1.000000
vn 0.000000 0.000000 1.000000
vn 0.000000 0.000000 1.000000
vn 0.000000 0.000000 1.000000
vn 0.000000 0.000000 1.000000
vn 0.000000 0.000000 1.000000
vn 0.000000 0.000000 1.000000
vn 0.000000 0.000000 1.000000
vn 0.000000 0.000000 1.000000
vn 0.000000 0.000000 1.000000
vn 0.000000 0.000000 1.000000
vn 0.000000 0.000000 1.000000
vn 0.000000 0.000000 1.000000
vn 0.000000 0.000000 1.000000
vn 0.000000 0.000000 1.000000
vn 0.000000 0.000000 1.000000
vn 0.000000 0.000000 1.000000
vn 0.000000 0.000000 1.000000
vn 0.000000 0.000000 1.000000
vn 0.000000 0.000000 1.000000
vn 0.000000 0.000000 1.000000
vn 0.000000 0.000000 1.000000
vn 0.000000 0.000000 1.000000
vn 0.000000 0.000000 1.000000
vn 0.000000 0.000000 1.000000
vn 0.000000 0.000000 1.000000
vn 0.000000 0.000000 1.000000
vn 0.000000 0.000000 1.000000
vn 0.000000 0.000000 1.000000
vn 0.000000 0.000000 1.000000
vn 0.000000 0.000000 1.000000
vn 0.000000 0.000000 1.000000
vn 0.000000 0.000000 1.000000
vn 0.000000 0.000000 1.000000
vn 0.000000 0.000000 1.000000
vn 0.000000 0.000000 1.000000
vn 0.000000 0.000000 1.000000
vn 0.000000 0.000000 1.000000
vn 0.000000 0.000000 1.000000
vn 0.000000 0.000000 1.000000
vn 0.000000 0.000000 1.000000
vn 0.000000 0.000000 1.000000
vn 0.000000 0.000000 1.000000
vn 0.000000 0.000000 1.000000
vn 0.000000 0.000000 1.000000
vn 0.000000 0.000000 1.000000
vn 0.000000 0.000000 1.000000
vn 0.000000 0.000000 1.000000
vn 0.000000 0.000000 1.000000
vn 0.000000 0.000000 1.000000
vn 0.000000 0.000000 1.000000
vn 0.000000 0.000000 1.000000
vn 0.000000 0.000000 1.000000
vn 0.000000 0.000000 1.000000
vn 0.000000 0.000000 1.000000
vn 0.000000 0.000000 1.000000
vn 0.000000 0.000000 1.000000
vn 0.000000 0.000000 1.000000
vn 0.000000 0.000000 1.000000
vn 0.000000 0.000000 1.000000
vn 0.000000 0.000000 1.000000
vn 0.000000 0.000000 1.000000
vn 0.000000 0.000000 1.000000
vn 0.000000 0.000000 1.000000
vn 0.000000 0.000000 1.000000
vn 0.000000 0.000000 1.000000
vn 0.000000 0.000000 1.000000
vn 0.000000 0.000000 1.000000
vn 0.000000 0.000000 1.000000
vn 0.000000 0.000000 1.000000
vn 0.000000 0.000000 1.000000
vn 0.000000 0.000000 1.000000
vn 0.000000 0.000000 1.000000
vn 0.000000 0.000000 1.000000
vn 0.000000 0.000000 1.000000
vn 0.000000 0.000000 1.000000
vn 0.000000 0.000000 1.000000
vn 0.000000 0.000000 1.000000
vn 0.000000 0.000000 1.000000
vn 0.000000 0.000000 1.000000
vn 0.000000 0.000000 1.000000
vn 0.000000 0.000000 1.000000
vn 0.000000 0.000000 1.000000
vn 0.000000 0.000000 1.000000
vn 0.000000 0.000000 1.000000
vn 0.000000 0.000000 1.000000
vn 0.000000 0.000000 1.000000
vn 0.000000 0.000000 1.000000
vn 0.000000 0.000000 1.000000
vn 0.000000 0.000000 1.000000
vn 0.000000 0.000000 1.000000
vn 0.000000 0.000000 1.000000
vn 0.000000 0.000000 1.000000
vn 0.000000 0.000000 1.000000
vn 0.000000 0.000000 1.000000
vn 0.000000 0.000000 1.000000
vn 0.000000 0.000000 1.000000
vn 0.000000 0.000000 1.000000
vn 0.000000 0.000000 1.000000
vn 0.000000 0.000000 1.000000
vn 0.000000 0.000000 1.000000
vn 0.000000 0.000000 1.000000
vn 0.000000 0.000000 1.000000
vn 0.000000 0.000000 1.000000
vn 0.000000 0.000000 1.000000
vn 0.000000 0.000000 1.000000
vn 0.000000 0.000000 1.000000
vn 0.000000 0.000000 1.000000
vn 0.000000 0.000000 1.000000
vn 0.000000 0.000000 1.000000
vn 0.000000 0.000000 1.000000
vn 0.000000 0.000000 1.000000
vn 0.000000 0.000000 1.000000
vn 0.000000 0.000000 1.000000
vn 0.000000 0.000000 1.000000
vn 0.000000 0.000000 1.000000
vn 0.000000 0.000000 1.000000
vn 0.000000 0.000000 1.000000
vn 0.000000 0.000000 1.000000
vn 0.000000 0.000000 1.000000
vn 0.000000 0.000000 1.000000
vn 0.000000 0.000000 1.000000
vn 0.000000 0.000000 1.000000
vn 0.000000 0.000000 1.000000
vn 0.000000 0.000000 1.000000
vn 0.000000 0.000000 1.000000
vn 0.000000 0.000000 1.000000
vn 0.000000 0.000000 1.000000
vn 0.000000 0.000000 1.000000
vn 0.000000 0.000000 1.000000
vn 0.000000 0.000000 1.000000
vn 0.000000 0.000000 1.000000
vn 0.000000 0.000000 1.000000
vn 0.000000 0.000000 1.000000
vn 0.000000 0.000000 1.000000
vn 0.000000 0.000000 1.000000
vn 0.000000 0.000000 1.000000
vn 0.000000 0.000000 1.000000
vn 0.000000 0.000000 1.000000
vn 0.000000 0.000000 1.000000
vn 0.000000 0.000000 1.000000
vn 0.000000 0.000000 1.000000
vn 0.000000 0.000000 1.000000
vn 0.000000 0.000000 1.000000
vn 0.000000 0.000000 1.000000
vn 0.000000 0.000000 1.000000
vn 0.000000 0.000000 1.000000
vn 0.000000 0.000000 1.000000
vn 0.000000 0.000000 1.000000
vn 0.000000 0.000000 1.000000
vn 0.000000 0.000000 1.000000
vn 0.000000 0.000000 1.000000
vn 0.000000 0.000000 1.000000
vn 0.000000 0.000000 1.000000
vn 0.000000 0.000000 1.000000
vn 0.000000 0.000000 1.000000
vn 0.000000 0.000000 1.000000
vn 0.000000 0.000000 1.000000
vn 0.000000 0.000000 1.000000
vn 0.000000 0.000000 1.000000
vn 0.000000 0.000000 1.000000
vn 0.000000 0.000000 1.000000
vn 0.000000 0.000000 1.000000
vn 0.000000 0.000000 1.000000
vn 0.000000 0.000000 1.000000
vn 0.000000 0.000000 1.000000
vn 0.000000 0.000000 1.000000
vn 0.000000 0.000000 1.000000
vn 0.000000 0.000000 1.000000
vn 0.000000 0.000000 1.000000
vn 0.000000 0.000000 1.000000
vn 0.000000 0.000000 1.000000
vn 0.000000 0.000000 1.000000
vn 0.000000 0.000000 1.000000
vn 0.000000 0.000000 1.000000
vn 0.000000 0.000000 1.000000
vn 0.000000 0.000000 1.000000
vn 0.000000 0.000000 1.000000
vn 0.000000 0.000000 1.000000
vn 0.000000 0.000000 1.000000
vn 0.000000 0.000000 1.000000
vn 0.000000 0.000000 1.000000
vn 0.000000 0.000000 1.000000
vn 0.000000 0.000000 1.000000
vn 0.000000 0.000000 1.000000
vn 0.000000 0.000000 1.000000
vn 0.000000 0.000000 1.000000
vn 0.000000 0.000000 1.000000
vn 0.000000 0.000000 1.000000
vn 0.000000 0.000000 1.000000
vn 0.000000 0.000000 1.000000
vn 0.000000 0.000000 1.000000
vn 0.000000 0.000000 1.000000
vn 0.000000 0.000000 1.000000
vn 0.000000 0.000000 1.000000
vn 0.000000 0.000000 1.000000
vn 0.000000 0.000000 1.000000
vn 0.000000 0.000000 1.000000
vn 0.000000 0.000000 1.000000
vn 0.000000 0.000000 1.000000
vn 0.000000 0.000000 1.000000
vn 0.000000 0.000000 1.000000
vn 0.000000 0.000000 1.000000
vn 0.000000 0.000000 1.000000
vn 0.000000 0.000000 1.000000
vn 0.000000 0.000000 1.000000
vn 0.000000 0.000000 1.000000
vn 0.000000 0.000000 1.000000
vn 0.000000 0.000000 1.000000
vn 0.000000 0.000000 1.000000
vn 0.000000 0.000000 1.000000
vn 0.000000 0.000000 1.000000
vn 0.000000 0.000000 1.000000
vn 0.000000 0.000000 1.000000
vn 0.000000 0.000000 1.000000
vn 0.000000 0.000000 1.000000
vn 0.000000 0.000000 1.000000
vn 0.000000 0.000000 1.000000
vn 0.000000 0.000000 1.000000
vn 0.000000 0.000000 1.000000
vn 0.000000 0.000000 1.000000
vn 0.000000 0.000000 1.000000
vn 0.000000 0.000000 1.000000
vn 0.000000 0.000000 1.000000
vn 0.000000 0.000000 1.000000
vn 0.000000 0.000000 1.000000
vn 0.000000 0.000000 1.000000
vn 0.000000 0.000000 1.000000
vn 0.000000 0.000000 1.000000
vn 0.000000 0.000000 1.000000
vn 0.000000 0.000000 1.000000
vn 0.000000 0.000000 1.000000
vn 0.000000 0.000000 1.000000
vn 0.000000 0.000000 1.000000
vn 0.000000 0.000000 1.000000
vn 0.000000 0.000000 1.000000
vn 0.000000 0.000000 1.000000
vn 0.000000 0.000000 1.000000
vn 0.000000 0.000000 1.000000
vn 0.000000 0.000000 1.000000
vn 0.000000 0.000000 1.000000
vn 0.000000 0.000000 1.000000
vn 0.000000 0.000000 1.000000
vn 0.000000 0.000000 1.000000
vn 0.000000 0.000000 1.000000
vn 0.000000 0.000000 1.000000
vn 0.000000 0.000000 1.000000
vn 0.000000 0.000000 1.000000
vn 0.000000 0.000000 1.000000
vn 0.000000 0.000000 1.000000
vn 0.000000 0.000000 1.000000
vn 0.000000 0.000000 1.000000
vn 0.000000 0.000000 1.000000
vn 0.000000 0.000000 1.000000
vn 0.000000 0.000000 1.000000
vn 0.000000 0.000000 1.000000
vn 0.000000 0.000000 1.000000
vn 0.000000 0.000000 1.000000
vn 0.000000 0.000000 1.000000
vn 0.000000 0.000000 1.000000
vn 0.000000 0.000000 1.000000
vn 0.000000 0.000000 1.000000
vn 0.000000 0.000000 1.000000
vn 0.000000 0.000000 1.000000
vn 0.000000 0.000000 1.000000
vn 0.000000 0.000000 1.000000
vn 0.000000 0.000000 1.000000
vn 0.000000 0.000000 1.000000
vn 0.000000 0.000000 1.000000
vn 0.000000 0.000000 1.000000
vn 0.000000 0.000000 1.000000
vn 0.000000 0.000000 1.000000
vn 0.000000 0.000000 1.000000
vn 0.000000 0.000000 1.000000
vn 0.000000 0.000000 1.000000
vn 0.000000 0.000000 1.000000
vn 0.000000 0.000000 1.000000
vn 0.000000 0.000000 1.000000
vn 0.000000 0.000000 1.000000
vn 0.000000 0.000000 1.000000
vn 0.000000 0.000000 1.000000
vn 0.000000 0.000000 1.000000
vn 0.000000 0.000000 1.000000
vn 0.000000 0.000000 1.000000
vn 0.000000 0.000000 1.000000
vn 0.000000 0.000000 1.000000
vn 0.000000 0.000000 1.000000
vn 0.000000 0.000000 1.000000
vn 0.000000 0.000000 1.000000
vn 0.000000 0.000000 1.000000
vn 0.000000 0.000000 1.000000
vn 0.000000 0.000000 1.000000
vn 0.000000 0.000000 1.000000
vn 0.000000 0.000000 1.000000
vn 0.000000 0.000000 1.000000
vn 0.000000 0.000000 1.000000
vn 0.000000 0.000000 1.000000
vn 0.000000 0.000000 1.000000
vn 0.000000 0.000000 1.000000
vn 0.000000 0.000000 1.000000
vn 0.000000 0.000000 1.000000
vn 0.000000 0.000000 1.000000
vn 0.000000 0.000000 1.000000
vn 0.000000 0.000000 1.000000
vn 0.000000 0.000000 1.000000
vn 0.000000 0.000000 1.000000
vn 0.000000 0.000000 1.000000
vn 0.000000 0.000000 1.000000
vn 0.000000 0.000000 1.000000
vn 0.000000 0.000000 1.000000
vn 0.000000 0.000000 1.000000
vn 0.000000 0.000000 1.000000
vn 0.000000 0.000000 1.000000
vn 0.000000 0.000000 1.000000
vn 0.000000 0.000000 1.000000
vn 0.000000 0.000000 1.000000
vn 0.000000 0.000000 1.000000
vn 0.000000 0.000000 1.000000
vn 0.000000 0.000000 1.000000
vn 0.000000 0.000000 1.000000
vn 0.000000 0.000000 1.000000
vn 0.000000 0.000000 1.000000
vn 0.000000 0.000000 1.000000
vn 0.000000 0.000000 1.000000
vn 0.000000 0.000000 1.000000
vn 0.000000 0.000000 1.000000
vn 0.000000 0.000000 1.000000
vn 0.000000 0.000000 1.000000
vn 0.000000 0.000000 1.000000
vn 0.000000 0.000000 1.000000
vn 0.000000 0.000000 1.000000
vn 0.000000 0.000000 1.000000
vn 0.000000 0.000000 1.000000
vn 0.000000 0.000000 1.000000
vn 0.000000 0.000000 1.000000
vn 0.000000 0.000000 1.000000
vn 0.000000 0.000000 1.000000
vn 0.000000 0.000000 1.000000
vn 0.000000 0.000000 1.000000
vn 0.000000 0.000000 1.000000
vn 0.000000 0.000000 1.000000
vn 0.000000 0.000000 1.000000
vn 0.000000 0.000000 1.000000
vn 0.000000 0.000000 1.000000
vn 0.000000 0.000000 1.000000
vn 0.000000 0.000000 1.000000
vn 0.000000 0.000000 1.000000
vn 0.000000 0.000000 1.000000
vn 0.000000 0.000000 1.000000
vn 0.000000 0.000000 1.000000
vn 0.000000 0.000000 1.000000
vn 0.000000 0.000000 1.000000
vn 0.000000 0.000000 1.000000
vn 0.000000 0.000000 1.000000
vn 0.000000 0.000000 1.000000
vn 0.000000 0.000000 1.000000
vn 0.000000 0.000000 1.000000
vn 0.000000 0.000000 1.000000
vn 0.000000 0.000000 1.000000
vn 0.000000 0.000000 1.000000
vn 0.000000 0.000000 1.000000
vn 0.000000 0.000000 1.000000
vn 0.000000 0.000000 1.000000
vn 0.000000 0.000000 1.000000
vn 0.000000 0.000000 1.000000
vn 0.000000 0.000000 1.000000
vn 0.000000 0.000000 1.000000
vn 0.000000 0.000000 1.000000
vn 0.000000 0.000000 1.000000
vn 0.000000 0.000000 1.000000
vn 0.000000 0.000000 1.000000
vn 0.000000 0.000000 1.000000
vn 0.000000 0.000000 1.000000
vn 0.000000 0.000000 1.000000
vn 0.000000 0.000000 1.000000
vn 0.000000 0.000000 1.000000
vn 0.000000 0.000000 1.000000
vn 0.000000 0.000000 1.000000
vn 0.000000 0.000000 1.000000
vn 0.000000 0.000000 1.000000
vn 0.000000 0.000000 1.000000
vn 0.000000 0.000000 1.000000
vn 0.000000 0.000000 1.000000
vn 0.000000 0.000000 1.000000
vn 0.000000 0.000000 1.000000
vn 0.000000 0.000000 1.000000
vn 0.000000 0.000000 1.000000
vn 0.000000 0.000000 1.000000
vn 0.000000 0.000000 1.000000
vn 0.000000 0.000000 1.000000
vn 0.000000 0.000000 1.000000
vn 0.000000 0.000000 1.000000
vn 0.000000 0.000000 1.000000
vn 0.000000 0.000000 1.000000
vn 0.000000 0.000000 1.000000
vn 0.000000 0.000000 1.000000
vn 0.000000 0.000000 1.000000
vn 0.000000 0.000000 1.000000
vn 0.000000 0.000000 1.000000
vn 0.000000 0.000000 1.000000
vn 0.000000 0.000000 1.000000
vn 0.000000 0.000000 1.000000
vn 0.000000 0.000000 1.000000
vn 0.000000 0.000000 1.000000
vn 0.000000 0.000000 1.000000
vn 0.000000 0.000000 1.000000
vn 0.000000 0.000000 1.000000
vn 0.000000 0.000000 1.000000
vn 0.000000 0.000000 1.000000
vn 0.000000 0.000000 1.000000
vn 0.000000 0.000000 1.000000
vn 0.000000 0.000000 1.000000
vn 0.000000 0.000000 1.000000
vn 0.000000 0.000000 1.000000
vn 0.000000 0.000000 1.000000
vn 0.000000 0.000000 1.000000
vn 0.000000 0.000000 1.000000
vn 0.000000 0.000000 1.000000
vn 0.000000 0.000000 1.000000
vn 0.000000 0.000000 1.000000
vn 0.000000 0.000000 1.000000
vn 0.000000 0.000000 1.000000
vn 0.000000 0.000000 1.000000
vn 0.000000 0.000000 1.000000
vn 0.000000 0.000000 1.000000
vn 0.000000 0.000000 1.000000
vn 0.000000 0.000000 1.000000
vn 0.000000 0.000000 1.000000
vn 0.000000 0.000000 1.000000
vn 0.000000 0.000000 1.000000
vn 0.000000 0.000000 1.000000
vn 0.000000 0.000000 1.000000
vn 0.000000 0.000000 1.000000
vn 0.000000 0.000000 1.000000
vn 0.000000 0.000000 1.000000
vn 0.000000 0.000000 1.000000
vn 0.000000 0.000000 1.000000
vn 0.000000 0.000000 1.000000
vn 0.000000 0.000000 1.000000
vn 0.000000 0.000000 1.000000
vn 0.000000 0.000000 1.000000
vn 0.000000 0.000000 1.000000
vn 0.000000 0.000000 1.000000
vn 0.000000 0.000000 1.000000
vn 0.000000 0.000000 1.000000
vn 0.000000 0.000000 1.000000
vn 0.000000 0.000000 1.000000
vn 0.000000 0.000000 1.000000
vn 0.000000 0.000000 1.000000
vn 0.000000 0.000000 1.000000
vn 0.000000 0.000000 1.000000
vn 0.000000 0.000000 1.000000
vn 0.000000 0.000000 1.000000
vn 0.000000 0.000000 1.000000
vn 0.000000 0.000000 1.000000
vn 0.000000 0.000000 1.000000
vn 0.000000 0.000000 1.000000
vn 0.000000 0.000000 1.000000
vn 0.000000 0.000000 1.000000
vn 0.000000 0.000000 1.000000
vn 0.000000 0.000000 1.000000
vn 0.000000 0.000000 1.000000
vn 0.000000 0.000000 1.000000
vn 0.000000 0.000000 1.000000
vn 0.000000 0.000000 1.000000
vn 0.000000 0.000000 1.000000
vn 0.000000 0.000000 1.000000
vn 0.000000 0.000000 1.000000
vn 0.000000 0.000000 1.000000
vn 0.000000 0.000000 1.000000
vn 0.000000 0.000000 1.000000
vn 0.000000 0.000000 1.000000
vn 0.000000 0.000000 1.000000
vn 0.000000 0.000000 1.000000
vn 0.000000 0.000000 1.000000
vn 0.000000 0.000000 1.000000
vn 0.000000 0.000000 1.000000
vn 0.000000 0.000000 1.000000
vn 0.000000 0.000000 1.000000
vn 0.000000 0.000000 1.000000
vn 0.000000 0.000000 1.000000
vn 0.000000 0.000000 1.000000
vn 0.000000 0.000000 1.000000
vn 0.000000 0.000000 1.000000
vn 0.000000 0.000000 1.000000
vn 0.000000 0.000000 1.000000
vn 0.000000 0.000000 1.000000
vn 0.000000 0.000000 1.000000
vn 0.000000 0.000000 1.000000
vn 0.000000 0.000000 1.000000
vn 0.000000 0.000000 1.000000
vn 0.000000 0.000000 1.000000
vn 0.000000 0.000000 1.000000
vn 0.000000 0.000000 1.000000
vn 0.000000 0.000000 1.000000
vn 0.000000 0.000000 1.000000
vn 0.000000 0.000000 1.000000
vn 0.000000 0.000000 1.000000
vn 0.000000 0.000000 1.000000
vn 0.000000 0.000000 1.000000
vn 0.000000 0.000000 1.000000
vn 0.000000 0.000000 1.000000
vn 0.000000 0.000000 1.000000
vn 0.000000 0.000000 1.000000
vn 0.000000 0.000000 1.000000
vn 0.000000 0.000000 1.000000
vn 0.000000 0.000000 1.000000
vn 0.000000 0.000000 1.000000
vn 0.000000 0.000000 1.000000
vn 0.000000 0.000000 1.000000
vn 0.000000 0.000000 1.000000
vn 0.000000 0.000000 1.000000
vn 0.000000 0.000000 1.000000
vn 0.000000 0.000000 1.000000
vn 0.000000 0.000000 1.000000
vn 0.000000 0.000000 1.000000
vn 0.000000 0.000000 1.000000
vn 0.000000 0.000000 1.000000
vn 0.000000 0.000000 1.000000
vn 0.000000 0.000000 1.000000
vn 0.000000 0.000000 1.000000
vn 0.000000 0.000000 1.000000
vn 0.000000 0.000000 1.000000
vn 0.000000 0.000000 1.000000
vn 0.000000 0.000000 1.000000
vn 0.000000 0.000000 1.000000
vn 0.000000 0.000000 1.000000
vn 0.000000 0.000000 1.000000
vn 0.000000 0.000000 1.000000
vn 0.000000 0.000000 1.000000
vn 0.000000 0.000000 1.000000
vn 0.000000 0.000000 1.000000
vn 0.000000 0.000000 1.000000
vn 0.000000 0.000000 1.000000
vn 0.000000 0.000000 1.000000
vn 0.000000 0.000000 1.000000
vn 0.000000 0.000000 1.000000
vn 0.000000 0.000000 1.000000
vn 0.000000 0.000000 1.000000
vn 0.000000 0.000000 1.000000
vn 0.000000 0.000000 1.000000
vn 0.000000 0.000000 1.000000
vn 0.000000 0.000000 1.000000
vn 0.000000 0.000000 1.000000
vn 0.000000 0.000000 1.000000
vn 0.000000 0.000000 1.000000
vn 0.000000 0.000000 1.000000
vn 0.000000 0.000000 1.000000
vn 0.000000 0.000000 1.000000
vn 0.000000 0.000000 1.000000
vn 0.000000 0.000000 1.000000
vn 0.000000 0.000000 1.000000
vn 0.000000 0.000000 1.000000
vn 0.000000 0.000000 1.000000
vn 0.000000 0.000000 1.000000
vn 0.000000 0.000000 1.000000
vn 0.000000 0.000000 1.000000
vn 0.000000 0.000000 1.000000
vn 0.000000 0.000000 1.000000
vn 0.000000 0.000000 1.000000
vn 0.000000 0.000000 1.000000
vn 0.000000 0.000000 1.000000
vn 0.000000 0.000000 1.000000
vn 0.000000 0.000000 1.000000
vn 0.000000 0.000000 1.000000
vn 0.000000 0.000000 1.000000
vn 0.000000 0.000000 1.000000
vn 0.000000 0.000000 1.000000
vn 0.000000 0.000000 1.000000
vn 0.000000 0.000000 1.000000
vn 0.000000 0.000000 1.000000
vn 0.000000 0.000000 1.000000
vn 0.000000 0.000000 1.000000
vn 0.000000 0.000000 1.000000
vn 0.000000 0.000000 1.000000
vn 0.000000 0.000000 1.000000
vn 0.000000 0.000000 1.000000
vn 0.000000 0.000000 1.000000
vn 0.000000 0.000000 1.000000
vn 0.000000 0.000000 1.000000
vn 0.000000 0.000000 1.000000
vn 0.000000 0.000000 1.000000
vn 0.000000 0.000000 1.000000
vn 0.000000 0.000000 1.000000
vn 0.000000 0.000000 1.000000
vn 0.000000 0.000000 1.000000
vn 0.000000 0.000000 1.000000
vn 0.000000 0.000000 1.000000
vn 0.000000 0.000000 1.000000
vn 0.000000 0.000000 1.000000
vn 0.000000 0.000000 1.000000
vn 0.000000 0.000000 1.000000
vn 0.000000 0.000000 1.000000
vn 0.000000 0.000000 1.000000
vn 0.000000 0.000000 1.000000
vn 0.000000 0.000000 1.000000
vn 0.000000 0.000000 1.000000
vn 0.000000 0.000000 1.000000
vn 0.000000 0.000000 1.000000
vn 0.000000 0.000000 1.000000
vn 0.000000 0.000000 1.000000
vn 0.000000 0.000000 1.000000
vn 0.000000 0.000000 1.000000
vn 0.000000 0.000000 1.000000
vn 0.000000 0.000000 1.000000
vn 0.000000 0.000000 1.000000
vn 0.000000 0.000000 1.000000
vn 0.000000 0.000000 1.000000
vn 0.000000 0.000000 1.000000
vn 0.000000 0.000000 1.000000
vn 0.000000 0.000000 1.000000
vn 0.000000 0.000000 1.000000
vn 0.000000 0.000000 1.000000
vn 0.000000 0.000000 1.000000
vn 0.000000 0.000000 1.000000
vn 0.000000 0.000000 1.000000
vn 0.000000 0.000000 1.000000
vn 0.000000 0.000000 1.000000
vn 0.000000 0.000000 1.000000
vn 0.000000 0.000000 1.000000
vn 0.000000 0.000000 1.000000
vn 0.000000 0.000000 1.000000
vn 0.000000 0.000000 1.000000
vn 0.000000 0.000000 1.000000
vn 0.000000 0.000000 1.000000
vn 0.000000 0.000000 1.000000
vn 0.000000 0.000000 1.000000
vn 0.000000 0.000000 1.000000
vn 0.000000 0.000000 1.000000
vn 0.000000 0.000000 1.000000
vn 0.000000 0.000000 1.000000
vn 0.000000 0.000000 1.000000
vn 0.000000 0.000000 1.000000
vn 0.000000 0.000000 1.000000
vn 0.000000 0.000000 1.000000
vn 0.000000 0.000000 1.000000
vn 0.000000 0.000000 1.000000
vn 0.000000 0.000000 1.000000
vn 0.000000 0.000000 1.000000
vn 0.000000 0.000000 1.000000
vn 0.000000 0.000000 1.000000
vn 0.000000 0.000000 1.000000
vn 0.000000 0.000000 1.000000
vn 0.000000 0.000000 1.000000
vn 0.000000 0.000000 1.000000
vn 0.000000 0.000000 1.000000
vn 0.000000 0.000000 1.000000
vn 0.000000 0.000000 1.000000
vn 0.000000 0.000000 1.000000
vn 0.000000 0.000000 1.000000
vn 0.000000 0.000000 1.000000
vn 0.000000 0.000000 1.000000
vn 0.000000 0.000000 1.000000
vn 0.000000 0.000000 1.000000
vn 0.000000 0.000000 1.000000
vn 0.000000 0.000000 1.000000
vn 0.000000 0.000000 1.000000
vn 0.000000 0.000000 1.000000
vn 0.000000 0.000000 1.000000
vn 0.000000 0.000000 1.000000
vn 0.000000 0.000000 1.000000
vn 0.000000 0.000000 1.000000
vn 0.000000 0.000000 1.000000
vn 0.000000 0.000000 1.000000
vn 0.000000 0.000000 1.000000
vn 0.000000 0.000000 1.000000
vn 0.000000 0.000000 1.000000
vn 0.000000 0.000000 1.000000
vn 0.000000 0.000000 1.000000
vn 0.000000 0.000000 1.000000
vn 0.000000 0.000000 1.000000
vn 0.000000 0.000000 1.000000
vn 0.000000 0.000000 1.000000
vn 0.000000 0.000000 1.000000
vn 0.000000 0.000000 1.000000
vn 0.000000 0.000000 1.000000
vn 0.000000 0.000000 1.000000
vn 0.000000 0.000000 1.000000
vn 0.000000 0.000000 1.000000
vn 0.000000 0.000000 1.000000
vn 0.000000 0.000000 1.000000
vn 0.000000 0.000000 1.000000
vn 0.000000 0.000000 1.000000
vn 0.000000 0.000000 1.000000
vn 0.000000 0.000000 1.000000
vn 0.000000 0.000000 1.000000
vn 0.000000 0.000000 1.000000
vn 0.000000 0.000000 1.000000
vn 0.000000 0.000000 1.000000
vn 0.000000 0.000000 1.000000
vn 0.000000 0.000000 1.000000
vn 0.000000 0.000000 1.000000
vn 0.000000 0.000000 1.000000
vn 0.000000 0.000000 1.000000
vn 0.000000 0.000000 1.000000
vn 0.000000 0.000000 1.000000
vn 0.000000 0.000000 1.000000
vn 0.000000 0.000000 1.000000
vn 0.000000 0.000000 1.000000
vn 0.000000 0.000000 1.000000
vn 0.000000 0.000000 1.000000
vn 0.000000 0.000000 1.000000
vn 0.000000 0.000000 1.000000
vn 0.000000 0.000000 1.000000
vn 0.000000 0.000000 1.000000
vn 0.000000 0.000000 1.000000
vn 0.000000 0.000000 1.000000
vn 0.000000 0.000000 1.000000
vn 0.000000 0.000000 1.000000
vn 0.000000 0.000000 1.000000
vn 0.000000 0.000000 1.000000
vn 0.000000 0.000000 1.000000
vn 0.000000 0.000000 1.000000
vn 0.000000 0.000000 1.000000
vn 0.000000 0.000000 1.000000
vn 0.000000 0.000000 1.000000
vn 0.000000 0.000000 1.000000
vn 0.000000 0.000000 1.000000
vn 0.000000 0.000000 1.000000
vn 0.000000 0.000000 1.000000
vn 0.000000 0.000000 1.000000
vn 0.000000 0.000000 1.000000
vn 0.000000 0.000000 1.000000
vn 0.000000 0.000000 1.000000
vn 0.000000 0.000000 1.000000
vn 0.000000 0.000000 1.000000
vn 0.000000 0.000000 1.000000
vn 0.000000 0.000000 1.000000
vn 0.000000 0.000000 1.000000
vn 0.000000 0.000000 1.000000
vn 0.000000 0.000000 1.000000
vn 0.000000 0.000000 1.000000
vn 0.000000 0.000000 1.000000
vn 0.000000 0.000000 1.000000
vn 0.000000 0.000000 1.000000
vn 0.000000 0.000000 1.000000
vn 0.000000 0.000000 1.000000
vn 0.000000 0.000000 1.000000
vn 0.000000 0.000000 1.000000
vn 0.000000 0.000000 1.000000
vn 0.000000 0.000000 1.000000
vn 0.000000 0.000000 1.000000
vn 0.000000 0.000000 1.000000
vn 0.000000 0.000000 1.000000
vn 0.000000 0.000000 1.000000
vn 0.000000 0.000000 1.000000
vn 0.000000 0.000000 1.000000
vn 0.000000 0.000000 1.000000
vn 0.000000 0.000000 1.000000
vn 0.000000 0.000000 1.000000
vn 0.000000 0.000000 1.000000
vn 0.000000 0.000000 1.000000
vn 0.000000 0.000000 1.000000
vn 0.000000 0.000000 1.000000
vn 0.000000 0.000000 1.000000
vn 0.000000 0.000000 1.000000
vn 0.000000 0.000000 1.000000
vn 0.000000 0.000000 1.000000
vn 0.000000 0.000000 1.000000
vn 0.000000 0.000000 1.000000
vn 0.000000 0.000000 1.000000
vn 0.000000 0.000000 1.000000
vn 0.000000 0.000000 1.000000
vn 0.000000 0.000000 1.000000
vn 0.000000 0.000000 1.000000
vn 0.000000 0.000000 1.000000
vn 0.000000 0.000000 1.000000
vn 0.000000 0.000000 1.000000
vn 0.000000 0.000000 1.000000
vn 0.000000 0.000000 1.000000
vn 0.000000 0.000000 1.000000
vn 0.000000 0.000000 1.000000
vn 0.000000 0.000000 1.000000
vn 0.000000 0.000000 1.000000
vn 0.000000 0.000000 1.000000
vn 0.000000 0.000000 1.000000
vn 0.000000 0.000000 1.000000
vn 0.000000 0.000000 1.000000
vn 0.000000 0.000000 1.000000
vn 0.000000 0.000000 1.000000
vn 0.000000 0.000000 1.000000
vn 0.000000 0.000000 1.000000
vn 0.000000 0.000000 1.000000
vn 0.000000 0.000000 1.000000
vn 0.000000 0.000000 1.000000
vn 0.000000 0.000000 1.000000
vn 0.000000 0.000000 1.000000
vn 0.000000 0.000000 1.000000
vn 0.000000 0.000000 1.000000
vn 0.000000 0.000000 1.000000
vn 0.000000 0.000000 1.000000
vn 0.000000 0.000000 1.000000
vn 0.000000 0.000000 1.000000
vn 0.000000 0.000000 1.000000
vn 0.000000 0.000000 1.000000
vn 0.000000 0.000000 1.000000
vn 0.000000 0.000000 1.000000
vn 0.000000 0.000000 1.000000
vn 0.000000 0.000000 1.000000
vn 0.000000 0.000000 1.000000
vn 0.000000 0.000000 1.000000
vn 0.000000 0.000000 1.000000
vn 0.000000 0.000000 1.000000
vn 0.000000 0.000000 1.000000
vn 0.000000 0.000000 1.000000
vn 0.000000 0.000000 1.000000
vn 0.000000 0.000000 1.000000
vn 0.000000 0.000000 1.000000
vn 0.000000 0.000000 1.000000
vn 0.000000 0.000000 1.000000
vn 0.000000 0.000000 1.000000
vn 0.000000 0.000000 1.000000
vn 0.000000 0.000000 1.000000
vn 0.000000 0.000000 1.000000
vn 0.000000 0.000000 1.000000
vn 0.000000 0.000000 1.000000
vn 0.000000 0.000000 1.000000
vn 0.000000 0.000000 1.000000
vn 0.000000 0.000000 1.000000
vn 0.000000 0.000000 1.000000
vn 0.000000 0.000000 1.000000
vn 0.000000 0.000000 1.000000
vn 0.000000 0.000000 1.000000
vn 0.000000 0.000000 1.000000
vn 0.000000 0.000000 1.000000
vn 0.000000 0.000000 1.000000
vn 0.000000 0.000000 1.000000
vn 0.000000 0.000000 1.000000
vn 0.000000 0.000000 1.000000
vn 0.000000 0.000000 1.000000
vn 0.000000 0.000000 1.000000
vn 0.000000 0.000000 1.000000
vn 0.000000 0.000000 1.000000
vn 0.000000 0.000000 1.000000
vn 0.000000 0.000000 1.000000
vn 0.000000 0.000000 1.000000
vn 0.000000 0.000000 1.000000
vn 0.000000 0.000000 1.000000
vn 0.000000 0.000000 1.000000
vn 0.000000 0.000000 1.000000
vn 0.000000 0.000000 1.000000
vn 0.000000 0.000000 1.000000
vn 0.000000 0.000000 1.000000
vn 0.000000 0.000000 1.000000
vn 0.000000 0.000000 1.000000
vn 0.000000 0.000000 1.000000
vn 0.000000 0.000000 1.000000
vn 0.000000 0.000000 1.000000
vn 0.000000 0.000000 1.000000
vn 0.000000 0.000000 1.000000
vn 0.000000 0.000000 1.000000
vn 0.000000 0.000000 1.000000
vn 0.000000 0.000000 1.000000
vn 0.000000 0.000000 1.000000
vn 0.000000 0.000000 1.000000
vn 0.000000 0.000000 1.000000
vn 0.000000 0.000000 1.000000
vn 0.000000 0.000000 1.000000
vn 0.000000 0.000000 1.000000
vn 0.000000 0.000000 1.000000
vn 0.000000 0.000000 1.000000
vn 0.000000 0.000000 1.000000
vn 0.000000 0.000000 1.000000
vn 0.000000 0.000000 1.000000
vn 0.000000 0.000000 1.000000
vn 0.000000 0.000000 1.000000
vn 0.000000 0.000000 1.000000
vn 0.000000 0.000000 1.000000
vn 0.000000 0.000000 1.000000
vn 0.000000 0.000000 1.000000
vn 0.000000 0.000000 1.000000
vn 0.000000 0.000000 1.000000
vn 0.000000 0.000000 1.000000
vn 0.000000 0.000000 1.000000
vn 0.000000 0.000000 1.000000
vn 0.000000 0.000000 1.000000
vn 0.000000 0.000000 1.000000
vn 0.000000 0.000000 1.000000
vn 0.000000 0.000000 1.000000
vn 0.000000 0.000000 1.000000
vn 0.000000 0.000000 1.000000
vn 0.000000 0.000000 1.000000
vn 0.000000 0.000000 1.000000
vn 0.000000 0.000000 1.000000
vn 0.000000 0.000000 1.000000
vn 0.000000 0.000000 1.000000
vn 0.000000 0.000000 1.000000
vn 0.000000 0.000000 1.000000
vn 0.000000 0.000000 1.000000
vn 0.000000 0.000000 1.000000
vn 0.000000 0.000000 1.000000
vn 0.000000 0.000000 1.000000
vn 0.000000 0.000000 1.000000
vn 0.000000 0.000000 1.000000
vn 0.000000 0.000000 1.000000
vn 0.000000 0.000000 1.000000
vn 0.000000 0.000000 1.000000
vn 0.000000 0.000000 1.000000
vn 0.000000 0.000000 1.000000
vn 0.000000 0.000000 1.000000
vn 0.000000 0.000000 1.000000
vn 0.000000 0.000000 1.000000
vn 0.000000 0.000000 1.000000
vn 0.000000 0.000000 1.000000
vn 0.000000 0.000000 1.000000
vn 0.000000 0.000000 1.000000
vn 0.000000 0.000000 1.000000
vn 0.000000 0.000000 1.000000
vn 0.000000 0.000000 1.000000
vn 0.000000 0.000000 1.000000
vn 0.000000 0.000000 1.000000
vn 0.000000 0.000000 1.000000
vn 0.000000 0.000000 1.000000
vn 0.000000 0.000000 1.000000
vn 0.000000 0.000000 1.000000
vn 0.000000 0.000000 1.000000
vn 0.000000 0.000000 1.000000
vn 0.000000 0.000000 1.000000
vn 0.000000 0.000000 1.000000
vn 0.000000 0.000000 1.000000
vn 0.000000 0.000000 1.000000
vn 0.000000 0.000000 1.000000
vn 0.000000 0.000000 1.000000
vn 0.000000 0.000000 1.000000
vn 0.000000 0.000000 1.000000
vn 0.000000 0.000000 1.000000
vn 0.000000 0.000000 1.000000
vn 0.000000 0.000000 1.000000
vn 0.000000 0.000000 1.000000
vn 0.000000 0.000000 1.000000
vn 0.000000 0.000000 1.000000
vn 0.000000 0.000000 1.000000
vn 0.000000 0.000000 1.000000
vn 0.000000 0.000000 1.000000
vn 0.000000 0.000000 1.000000
vn 0.000000 0.000000 1.000000
vn 0.000000 0.000000 1.000000
vn 0.000000 0.000000 1.000000
vn 0.000000 0.000000 1.000000
vn 0.000000 0.000000 1.000000
vn 0.000000 0.000000 1.000000
vn 0.000000 0.000000 1.000000
vn 0.000000 0.000000 1.000000
vn 0.000000 0.000000 1.000000
vn 0.000000 0.000000 1.000000
vn 0.000000 0.000000 1.000000
vn 0.000000 0.000000 1.000000
vn 0.000000 0.000000 1.000000
vn 0.000000 0.000000 1.000000
vn 0.000000 0.000000 1.000000
vn 0.000000 0.000000 1.000000
vn 0.000000 0.000000 1.000000
vn 0.000000 0.000000 1.000000
vn 0.000000 0.000000 1.000000
vn 0.000000 0.000000 1.000000
vn 0.000000 0.000000 1.000000
vn 0.000000 0.000000 1.000000
vn 0.000000 0.000000 1.000000
vn 0.000000 0.000000 1.000000
vn 0.000000 0.000000 1.000000
vn 0.000000 0.000000 1.000000
vn 0.000000 0.000000 1.000000
vn 0.000000 0.000000 1.000000
vn 0.000000 0.000000 1.000000
vn 0.000000 0.000000 1.000000
vn 0.000000 0.000000 1.000000
vn 0.000000 0.000000 1.000000
vn 0.000000 0.000000 1.000000
vn 0.000000 0.000000 1.000000
vn 0.000000 0.000000 1.000000
vn 0.000000 0.000000 1.000000
vn 0.000000 0.000000 1.000000
vn 0.000000 0.000000 1.000000
vn 0.000000 0.000000 1.000000
vn 0.000000 0.000000 1.000000
vn 0.000000 0.000000 1.000000
vn 0.000000 0.000000 1.000000
vn 0.000000 0.000000 1.000000
vn 0.000000 0.000000 1.000000
vn 0.000000 0.000000 1.000000
vn 0.000000 0.000000 1.000000
vn 0.000000 0.000000 1.000000
vn 0.000000 0.000000 1.000000
vn 0.000000 0.000000 1.000000
vn 0.000000 0.000000 1.000000
vn 0.000000 0.000000 1.000000
vn 0.000000 0.000000 1.000000
vn 0.000000 0.000000 1.000000
vn 0.000000 0.000000 1.000000
vn 0.000000 0.000000 1.000000
vn 0.000000 0.000000 1.000000
vn 0.000000 0.000000 1.000000
vn 0.000000 0.000000 1.000000
vn 0.000000 0.000000 1.000000
vn 0.000000 0.000000 1.000000
vn 0.000000 0.000000 1.000000
vn 0.000000 0.000000 1.000000
vn 0.000000 0.000000 1.000000
vn 0.000000 0.000000 1.000000
vn 0.000000 0.000000 1.000000
vn 0.000000 0.000000 1.000000
vn 0.000000 0.000000 1.000000
vn 0.000000 0.000000 1.000000
vn 0.000000 0.000000 1.000000
vn 0.000000 0.000000 1.000000
vn 0.000000 0.000000 1.000000
vn 0.000000 0.000000 1.000000
vn 0.000000 0.000000 1.000000
vn 0.000000 0.000000 1.000000
vn 0.000000 0.000000 1.000000
vn 0.000000 0.000000 1.000000
vn 0.000000 0.000000 1.000000
vn 0.000000 0.000000 1.000000
vn 0.000000 0.000000 1.000000
vn 0.000000 0.000000 1.000000
vn 0.000000 0.000000 1.000000
vn 0.000000 0.000000 1.000000
vn 0.000000 0.000000 1.000000
vn 0.000000 0.000000 1.000000
vn 0.000000 0.000000 1.000000
vn 0.000000 0.000000 1.000000
vn 0.000000 0.000000 1.000000
vn 0.000000 0.000000 1.000000
vn 0.000000 0.000000 1.000000
vn 0.000000 0.000000 1.000000
vn 0.000000 0.000000 1.000000
vn 0.000000 0.000000 1.000000
vn 0.000000 0.000000 1.000000
vn 0.000000 0.000000 1.000000
vn 0.000000 0.000000 1.000000
vn 0.000000 0.000000 1.000000
vn 0.000000 0.000000 1.000000
vn 0.000000 0.000000 1.000000
vn 0.000000 0.000000 1.000000
vn 0.000000 0.000000 1.000000
vn 0.000000 0.000000 1.000000
vn 0.000000 0.000000 1.000000
vn 0.000000 0.000000 1.000000
vn 0.000000 0.000000 1.000000
vn 0.000000 0.000000 1.000000
vn 0.000000 0.000000 1.000000
vn 0.000000 0.000000 1.000000
vn 0.000000 0.000000 1.000000
vn 0.000000 0.000000 1.000000
vn 0.000000 0.000000 1.000000
vn 0.000000 0.000000 1.000000
vn 0.000000 0.000000 1.000000
vn 0.000000 0.000000 1.000000
vn 0.000000 0.000000 1.000000
vn 0.000000 0.000000 1.000000
vn 0.000000 0.000000 1.000000
vn 0.000000 0.000000 1.000000
vn 0.000000 0.000000 1.000000
vn 0.000000 0.000000 1.000000
vn 0.000000 0.000000 1.000000
vn 0.000000 0.000000 1.000000
vn 0.000000 0.000000 1.000000
vn 0.000000 0.000000 1.000000
vn 0.000000 0.000000 1.000000
vn 0.000000 0.000000 1.000000
vn 0.000000 0.000000 1.000000
vn 0.000000 0.000000 1.000000
vn 0.000000 0.000000 1.000000
vn 0.000000 0.000000 1.000000
vn 0.000000 0.000000 1.000000
vn 0.000000 0.000000 1.000000
vn 0.000000 0.000000 1.000000
vn 0.000000 0.000000 1.000000
vn 0.000000 0.000000 1.000000
vn 0.000000 0.000000 1.000000
vn 0.000000 0.000000 1.000000
vn 0.000000 0.000000 1.000000
vn 0.000000 0.000000 1.000000
vn 0.000000 0.000000 1.000000
vn 0.000000 0.000000 1.000000
vn 0.000000 0.000000 1.000000
vn 0.000000 0.000000 1.000000
vn 0.000000 0.000000 1.000000
vn 0.000000 0.000000 1.000000
vn 0.000000 0.000000 1.000000
vn 0.000000 0.000000 1.000000
vn 0.000000 0.000000 1.000000
vn 0.000000 0.000000 1.000000
vn 0.000000 0.000000 1.000000
vn 0.000000 0.000000 1.000000
vn 0.000000 0.000000 1.000000
vn 0.000000 0.000000 1.000000
vn 0.000000 0.000000 1.000000
vn 0.000000 0.000000 1.000000
vn 0.000000 0.000000 1.000000
vn 0.000000 0.000000 1.000000
vn 0.000000 0.000000 1.000000
vn 0.000000 0.000000 1.000000
vn 0.000000 0.000000 1.000000
vn 0.000000 0.000000 1.000000
vn 0.000000 0.000000 1.000000
vn 0.000000 0.000000 1.000000
vn 0.000000 0.000000 1.000000
vn 0.000000 0.000000 1.000000
vn 0.000000 0.000000 1.000000
vn 0.000000 0.000000 1.000000
vn 0.000000 0.000000 1.000000
vn 0.000000 0.000000 1.000000
vn 0.000000 0.000000 1.000000
vn 0.000000 0.000000 1.000000
vn 0.000000 0.000000 1.000000
vn 0.000000 0.000000 1.000000
vn 0.000000 0.000000 1.000000
vn 0.000000 0.000000 1.000000
vn 0.000000 0.000000 1.000000
vn 0.000000 0.000000 1.000000
vn 0.000000 0.000000 1.000000
vn 0.000000 0.000000 1.000000
vn 0.000000 0.000000 1.000000
vn 0.000000 0.000000 1.000000
vn 0.000000 0.000000 1.000000
vn 0.000000 0.000000 1.000000
vn 0.000000 0.000000 1.000000
vn 0.000000 0.000000 1.000000
vn 0.000000 0.000000 1.000000
vn 0.000000 0.000000 1.000000
vn 0.000000 0.000000 1.000000
vn 0.000000 0.000000 1.000000
vn 0.000000 0.000000 1.000000
vn 0.000000 0.000000 1.000000
vn 0.000000 0.000000 1.000000
vn 0.000000 0.000000 1.000000
vn 0.000000 0.000000 1.000000
vn 0.000000 0.000000 1.000000
vn 0.000000 0.000000 1.000000
vn 0.000000 0.000000 1.000000
vn 0.000000 0.000000 1.000000
vn 0.000000 0.000000 1.000000
vn 0.000000 0.000000 1.000000
vn 0.000000 0.000000 1.000000
vn 0.000000 0.000000 1.000000
vn 0.000000 0.000000 1.000000
vn 0.000000 0.000000 1.000000
vn 0.000000 0.000000 1.000000
vn 0.000000 0.000000 1.000000
vn 0.000000 0.000000 1.000000
vn 0.000000 0.000000 1.000000
vn 0.000000 0.000000 1.000000
vn 0.000000 0.000000 1.000000
vn 0.000000 0.000000 1.000000
vn 0.000000 0.000000 1.000000
vn 0.000000 0.000000 1.000000
vn 0.000000 0.000000 1.000000
vn 0.000000 0.000000 1.000000
vn 0.000000 0.000000 1.000000
vn 0.000000 0.000000 1.000000
vn 0.000000 0.000000 1.000000
vn 0.000000 0.000000 1.000000
vn 0.000000 0.000000 1.000000
vn 0.000000 0.000000 1.000000
vn 0.000000 0.000000 1.000000
vn 0.000000 0.000000 1.000000
vn 0.000000 0.000000 1.000000
vn 0.000000 0.000000 1.000000
vn 0.000000 0.000000 1.000000
vn 0.000000 0.000000 1.000000
vn 0.000000 0.000000 1.000000
vn 0.000000 0.000000 1.000000
vn 0.000000 0.000000 1.000000
vn 0.000000 0.000000 1.000000
vn 0.000000 0.000000 1.000000
vn 0.000000 0.000000 1.000000
vn 0.000000 0.000000 1.000000
vn 0.000000 0.000000 1.000000
vn 0.000000 0.000000 1.000000
vn 0.000000 0.000000 1.000000
vn 0.000000 0.000000 1.000000
vn 0.000000 0.000000 1.000000
vn 0.000000 0.000000 1.000000
vn 0.000000 0.000000 1.000000
vn 0.000000 0.000000 1.000000
vn 0.000000 0.000000 1.000000
vn 0.000000 0.000000 1.000000
vn 0.000000 0.000000 1.000000
vn 0.000000 0.000000 1.000000
vn 0.000000 0.000000 1.000000
vn 0.000000 0.000000 1.000000
vn 0.000000 0.000000 1.000000
vn 0.000000 0.000000 1.000000
vn 0.000000 0.000000 1.000000
vn 0.000000 0.000000 1.000000
vn 0.000000 0.000000 1.000000
vn 0.000000 0.000000 1.000000
vn 0.000000 0.000000 1.000000
vn 0.000000 0.000000 1.000000
vn 0.000000 0.000000 1.000000
vn 0.000000 0.000000 1.000000
vn 0.000000 0.000000 1.000000
vn 0.000000 0.000000 1.000000
vn 0.000000 0.000000 1.000000
vn 0.000000 0.000000 1.000000
vn 0.000000 0.000000 1.000000
vn 0.000000 0.000000 1.000000
vn 0.000000 0.000000 1.000000
vn 0.000000 0.000000 1.000000
vn 0.000000 0.000000 1.000000
vn 0.000000 0.000000 1.000000
vn 0.000000 0.000000 1.000000
vn 0.000000 0.000000 1.000000
vn 0.000000 0.000000 1.000000
vn 0.000000 0.000000 1.000000
vn 0.000000 0.000000 1.000000
vn 0.000000 0.000000 1.000000
vn 0.000000 0.000000 1.000000
vn 0.000000 0.000000 1.000000
vn 0.000000 0.000000 1.000000
vn 0.000000 0.000000 1.000000
vn 0.000000 0.000000 1.000000
vn 0.000000 0.000000 1.000000
vn 0.000000 0.000000 1.000000
vn 0.000000 0.000000 1.000000
vn 0.000000 0.000000 1.000000
vn 0.000000 0.000000 1.000000
vn 0.000000 0.000000 1.000000
vn 0.000000 0.000000 1.000000
vn 0.000000 0.000000 1.000000
vn 0.000000 0.000000 1.000000
vn 0.000000 0.000000 1.000000
vn 0.000000 0.000000 1.000000
vn 0.000000 0.000000 1.000000
vn 0.000000 0.000000 1.000000
vn 0.000000 0.000000 1.000000
vn 0.000000 0.000000 1.000000
vn 0.000000 0.000000 1.000000
vn 0.000000 0.000000 1.000000
vn 0.000000 0.000000 1.000000
vn 0.000000 0.000000 1.000000
vn 0.000000 0.000000 1.000000
vn 0.000000 0.000000 1.000000
vn 0.000000 0.000000 1.000000
vn 0.000000 0.000000 1.000000
vn 0.000000 0.000000 1.000000
vn 0.000000 0.000000 1.000000
vn 0.000000 0.000000 1.000000
vn 0.000000 0.000000 1.000000
vn 0.000000 0.000000 1.000000
vn 0.000000 0.000000 1.000000
vn 0.000000 0.000000 1.000000
vn 0.000000 0.000000 1.000000
vn 0.000000 0.000000 1.000000
vn 0.000000 0.000000 1.000000
vn 0.000000 0.000000 1.000000
vn 0.000000 0.000000 1.000000
vn 0.000000 0.000000 1.000000
vn 0.000000 0.000000 1.000000
vn 0.000000 0.000000 1.000000
vn 0.000000 0.000000 1.000000
vn 0.000000 0.000000 1.000000
vn 0.000000 0.000000 1.000000
vn 0.000000 0.000000 1.000000
vn 0.000000 0.000000 1.000000
vn 0.000000 0.000000 1.000000
vn 0.000000 0.000000 1.000000
vn 0.000000 0.000000 1.000000
vn 0.000000 0.000000 1.000000
vn 0.000000 0.000000 1.000000
vn 0.000000 0.000000 1.000000
vn 0.000000 0.000000 1.000000
vn 0.000000 0.000000 1.000000
vn 0.000000 0.000000 1.000000
vn 0.000000 0.000000 1.000000
vn 0.000000 0.000000 1.000000
vn 0.000000 0.000000 1.000000
vn 0.000000 0.000000 1.000000
vn 0.000000 0.000000 1.000000
vn 0.000000 0.000000 1.000000
vn 0.000000 0.000000 1.000000
vn 0.000000 0.000000 1.000000
vn 0.000000 0.000000 1.000000
vn 0.000000 0.000000 1.000000
vn 0.000000 0.000000 1.000000
vn 0.000000 0.000000 1.000000
vn 0.000000 0.000000 1.000000
vn 0.000000 0.000000 1.000000
vn 0.000000 0.000000 1.000000
vn 0.000000 0.000000 1.000000
vn 0.000000 0.000000 1.000000
vn 0.000000 0.000000 1.000000
vn 0.000000 0.000000 1.000000
vn 0.000000 0.000000 1.000000
vn 0.000000 0.000000 1.000000
vn 0.000000 0.000000 1.000000
vn 0.000000 0.000000 1.000000
vn 0.000000 0.000000 1.000000
vn 0.000000 0.000000 1.000000
vn 0.000000 0.000000 1.000000
vn 0.000000 0.000000 1.000000
vn 0.000000 0.000000 1.000000
vn 0.000000 0.000000 1.000000
vn 0.000000 0.000000 1.000000
vn 0.000000 0.000000 1.000000
vn 0.000000 0.000000 1.000000
vn 0.000000 0.000000 1.000000
vn 0.000000 0.000000 1.000000
vn 0.000000 0.000000 1.000000
vn 0.000000 0.000000 1.000000
vn 0.000000 0.000000 1.000000
vn 0.000000 0.000000 1.000000
vn 0.000000 0.000000 1.000000
vn 0.000000 0.000000 1.000000
vn 0.000000 0.000000 1.000000
vn 0.000000 0.000000 1.000000
vn -0.000000 0.000000 1.000000
vn 0.000000 0.000000 1.000000
vn 0.000000 0.000000 1.000000
vn 0.000000 0.000000 1.000000
vn 0.000000 0.000000 1.000000
vn 0.999907 -0.000000 0.013638
vn 0.999163 -0.000000 0.040899
vn 0.999907 0.000000 0.013638
vn 0.997676 -0.000000 0.068132
vn 0.999163 0.000000 0.040899
vn 0.997676 0.000000 0.068132
vn 0.995448 0.000000 0.095310
vn 0.995448 0.000000 0.095310
vn 0.988771 -0.000000 0.149441
vn 0.992479 0.000000 0.122417
vn 0.992479 0.000000 0.122417
vn 0.988771 0.000000 0.149441
vn 0.984327 0.000000 0.176352
vn 0.984327 0.000000 0.176352
vn 0.973249 -0.000000 0.229755
vn 0.979153 0.000000 0.203124
vn 0.979153 0.000000 0.203124
vn 0.973249 0.000000 0.229755
vn 0.966622 0.000000 0.256206
vn 0.966622 0.000000 0.256206
vn 0.959275 0.000000 0.282475
vn 0.959275 0.000000 0.282475
vn 0.951215 0.000000 0.308530
vn 0.951215 0.000000 0.308530
vn 0.942448 0.000000 0.334354
vn 0.942448 0.000000 0.334354
vn 0.932983 0.000000 0.359922
vn 0.932983 0.000000 0.359922
vn 0.922817 0.000000 0.385238
vn 0.922817 0.000000 0.385238
vn 0.911967 0.000000 0.410263
vn 0.911967 0.000000 0.410263
vn 0.900441 0.000000 0.434978
vn 0.900441 0.000000 0.434978
vn 0.888246 0.000000 0.459369
vn 0.875389 -0.000000 0.483419
vn 0.888246 0.000000 0.459369
vn 0.875389 0.000000 0.483419
vn 0.861882 0.000000 0.507109
vn 0.847730 -0.000000 0.530428
vn 0.861882 0.000000 0.507109
vn 0.847730 0.000000 0.530428
vn 0.832949 0.000000 0.553350
vn 0.832949 0.000000 0.553350
vn 0.817550 0.000000 0.575857
vn 0.817550 0.000000 0.575857
vn 0.801547 0.000000 0.597932
vn 0.801547 0.000000 0.597932
vn 0.767748 -0.000000 0.640752
vn 0.784939 0.000000 0.619573
vn 0.784939 0.000000 0.619573
vn 0.767748 0.000000 0.640752
vn 0.731681 -0.000000 0.681648
vn 0.749993 0.000000 0.661446
vn 0.749993 0.000000 0.661446
vn 0.731681 0.000000 0.681648
vn 0.693423 -0.000000 0.720531
vn 0.712815 0.000000 0.701352
vn 0.712815 0.000000 0.701352
vn 0.693423 0.000000 0.720531
vn 0.653116 -0.000000 0.757258
vn 0.673516 0.000000 0.739173
vn 0.673516 0.000000 0.739173
vn 0.653116 0.000000 0.757258
vn 0.610857 -0.000000 0.791741
vn 0.632210 0.000000 0.774797
vn 0.632210 0.000000 0.774797
vn 0.610857 0.000000 0.791741
vn 0.589796 0.000000 0.807552
vn 0.589796 0.000000 0.807552
vn 0.569020 0.000000 0.822323
vn 0.569020 0.000000 0.822323
vn 0.547703 0.000000 0.836673
vn 0.547703 0.000000 0.836673
vn 0.525863 0.000000 0.850569
vn 0.525863 0.000000 0.850569
vn 0.503488 0.000000 0.864002
vn 0.503488 0.000000 0.864002
vn 0.480614 0.000000 0.876932
vn 0.480614 0.000000 0.876932
vn 0.458419 0.000000 0.888736
vn 0.458419 0.000000 0.888736
vn 0.438055 0.000000 0.898948
vn 0.438055 0.000000 0.898948
vn 0.418443 0.000000 0.908243
vn 0.418443 0.000000 0.908243
vn 0.398493 0.000000 0.917171
vn 0.398493 0.000000 0.917171
vn 0.378256 0.000000 0.925701
vn 0.378256 0.000000 0.925701
vn 0.357732 0.000000 0.933824
vn 0.357732 0.000000 0.933824
vn 0.336927 0.000000 0.941531
vn 0.336927 0.000000 0.941531
vn 0.315889 0.000000 0.948796
vn 0.315889 0.000000 0.948796
vn 0.294592 0.000000 0.955623
vn 0.294592 0.000000 0.955623
vn 0.273090 0.000000 0.961989
vn 0.273090 0.000000 0.961989
vn 0.251386 0.000000 0.967887
vn 0.251386 0.000000 0.967887
vn 0.229502 0.000000 0.973308
vn 0.229502 0.000000 0.973308
vn 0.207464 0.000000 0.978243
vn 0.207464 0.000000 0.978243
vn 0.185267 0.000000 0.982688
vn 0.185267 0.000000 0.982688
vn 0.162958 0.000000 0.986633
vn 0.162958 0.000000 0.986633
vn 0.140541 0.000000 0.990075
vn 0.140541 0.000000 0.990075
vn 0.118034 0.000000 0.993010
vn 0.118034 0.000000 0.993010
vn 0.095477 0.000000 0.995432
vn 0.095477 0.000000 0.995432
vn 0.072878 0.000000 0.997341
vn 0.072878 0.000000 0.997341
vn 0.050286 0.000000 0.998735
vn 0.050286 0.000000 0.998735
vn 0.029237 0.000000 0.999573
vn 0.029237 0.000000 0.999572
vn 0.009735 0.000000 0.999953
vn 0.009735 0.000000 0.999953
vn -0.194665 0.980345 0.032086
vn -0.188834 0.981974 -0.008274
vn -0.177916 0.983756 0.023875
vn -0.164240 0.986420 -0.001031
vn -0.170548 0.985252 0.013817
vn -0.174406 0.983694 0.043909
vn -0.155855 0.987779 0.001420
vn -0.132464 0.991188 -0.000594
vn -0.139995 0.990152 0.000902
vn -0.146316 0.989189 0.009797
vn -0.147911 0.988886 0.015062
vn -0.123248 0.992364 0.004918
vn -0.101192 0.994867 0.000801
vn -0.109207 0.994019 -0.000393
vn -0.116198 0.993224 0.002079
vn -0.121174 0.992605 0.007266
vn -0.079276 0.996853 -0.000196
vn -0.086403 0.996260 0.000361
vn -0.092869 0.995674 0.003094
vn -0.094337 0.995531 0.004366
vn -0.050625 0.998718 -0.000038
vn -0.057830 0.998326 0.000040
vn -0.064207 0.997936 0.001408
vn -0.070155 0.997527 0.004172
vn -0.067438 0.997721 0.002070
vn -0.026586 0.999646 -0.000146
vn -0.034260 0.999413 0.000374
vn -0.041453 0.999138 0.002170
vn -0.040487 0.999179 0.001711
vn -0.003646 0.999993 0.000000
vn -0.010562 0.999944 0.000766
vn -0.017147 0.999850 0.002372
vn -0.013496 0.999909 0.000897
vn -0.138980 0.677045 0.722700
vn -0.194426 0.961204 0.195666
vn -1.000000 0.000000 0.000000
vn -1.000000 0.000000 0.000000
vn 0.000000 0.000000 1.000000
vn 0.000000 0.000000 1.000000
vn 1.000000 0.000000 0.000000
vn 1.000000 -0.000000 0.000000
vn 0.194665 0.980345 0.032086
vn 0.188834 0.981974 -0.008274
vn 0.177916 0.983756 0.023875
vn 0.164240 0.986420 -0.001031
vn 0.170548 0.985252 0.013817
vn 0.174406 0.983694 0.043909
vn 0.155855 0.987779 0.001420
vn 0.132464 0.991188 -0.000594
vn 0.139995 0.990152 0.000902
vn 0.146316 0.989189 0.009797
vn 0.147911 0.988886 0.015062
vn 0.123248 0.992364 0.004918
vn 0.101192 0.994867 0.000801
vn 0.109207 0.994019 -0.000393
vn 0.116198 0.993224 0.002079
vn 0.121174 0.992605 0.007266
vn 0.079276 0.996853 -0.000196
vn 0.086403 0.996260 0.000361
vn 0.092869 0.995674 0.003094
vn 0.094337 0.995531 0.004366
vn 0.050625 0.998718 -0.000038
vn 0.057830 0.998326 0.000040
vn 0.064207 0.997936 0.001408
vn 0.070155 0.997527 0.004172
vn 0.067438 0.997721 0.002070
vn 0.026586 0.999646 -0.000146
vn 0.034260 0.999413 0.000374
vn 0.041453 0.999138 0.002170
vn 0.040487 0.999179 0.001711
vn 0.003646 0.999993 0.000000
vn 0.010562 0.999944 0.000766
vn 0.017147 0.999850 0.002372
vn 0.013496 0.999909 0.000897
vn 0.138980 0.677044 0.722701
vn 0.194426 0.961204 0.195667
vn -0.999907 0.000000 0.013638
vn -0.999907 0.000000 0.013638
vn -0.999163 0.000000 0.040899
vn -0.999163 0.000000 0.040899
vn -0.997676 0.000000 0.068132
vn -0.995448 0.000000 0.095310
vn -0.997676 0.000000 0.068132
vn -0.995448 0.000000 0.095310
vn -0.992479 0.000000 0.122417
vn -0.992479 0.000000 0.122417
vn -0.988771 0.000000 0.149441
vn -0.984327 0.000000 0.176352
vn -0.988771 0.000000 0.149441
vn -0.979153 0.000000 0.203124
vn -0.984327 0.000000 0.176352
vn -0.979153 0.000000 0.203124
vn -0.973249 0.000000 0.229755
vn -0.973249 0.000000 0.229755
vn -0.966622 0.000000 0.256206
vn -0.966622 0.000000 0.256206
vn -0.959275 0.000000 0.282475
vn -0.959275 0.000000 0.282475
vn -0.951215 0.000000 0.308530
vn -0.951215 0.000000 0.308530
vn -0.942448 0.000000 0.334354
vn -0.942448 0.000000 0.334354
vn -0.932983 0.000000 0.359922
vn -0.932983 0.000000 0.359922
vn -0.922817 0.000000 0.385238
vn -0.922817 0.000000 0.385238
vn -0.911967 0.000000 0.410263
vn -0.911967 0.000000 0.410263
vn -0.900441 0.000000 0.434978
vn -0.888246 0.000000 0.459369
vn -0.900441 0.000000 0.434978
vn -0.888246 0.000000 0.459369
vn -0.875389 0.000000 0.483419
vn -0.875389 0.000000 0.483419
vn -0.861882 0.000000 0.507109
vn -0.861882 0.000000 0.507109
vn -0.847730 0.000000 0.530428
vn -0.847730 0.000000 0.530428
vn -0.832949 0.000000 0.553350
vn -0.832949 0.000000 0.553350
vn -0.817550 0.000000 0.575857
vn -0.817550 0.000000 0.575857
vn -0.801547 0.000000 0.597932
vn -0.801547 0.000000 0.597932
vn -0.784939 0.000000 0.619573
vn -0.784939 0.000000 0.619573
vn -0.767748 0.000000 0.640752
vn -0.749993 0.000000 0.661446
vn -0.767748 0.000000 0.640752
vn -0.749993 0.000000 0.661446
vn -0.731681 0.000000 0.681648
vn -0.731681 0.000000 0.681648
vn -0.712815 0.000000 0.701352
vn -0.693423 0.000000 0.720531
vn -0.712815 0.000000 0.701352
vn -0.693423 0.000000 0.720531
vn -0.673516 0.000000 0.739173
vn -0.673516 0.000000 0.739173
vn -0.653116 0.000000 0.757258
vn -0.653116 0.000000 0.757258
vn -0.632210 0.000000 0.774797
vn -0.632210 0.000000 0.774797
vn -0.610857 0.000000 0.791741
vn -0.589796 0.000000 0.807552
vn -0.610857 0.000000 0.791741
vn -0.569020 0.000000 0.822323
vn -0.589796 0.000000 0.807552
vn -0.547703 0.000000 0.836673
vn -0.569020 0.000000 0.822323
vn -0.525863 0.000000 0.850569
vn -0.547696 0.000000 0.836677
vn -0.503488 0.000000 0.864002
vn -0.525870 0.000000 0.850565
vn -0.480614 0.000000 0.876932
vn -0.503488 0.000000 0.864002
vn -0.458419 0.000000 0.888736
vn -0.480614 0.000000 0.876932
vn -0.438055 0.000000 0.898948
vn -0.458419 0.000000 0.888736
vn -0.418443 0.000000 0.908243
vn -0.438055 0.000000 0.898948
vn -0.418443 0.000000 0.908243
vn -0.398493 0.000000 0.917171
vn -0.398493 0.000000 0.917171
vn -0.378256 0.000000 0.925701
vn -0.378256 0.000000 0.925701
vn -0.357732 0.000000 0.933824
vn -0.357732 0.000000 0.933824
vn -0.336927 0.000000 0.941531
vn -0.336934 -0.000000 0.941528
vn -0.315889 -0.000000 0.948796
vn -0.315876 0.000000 0.948800
vn -0.294592 0.000000 0.955623
vn -0.294596 0.000000 0.955622
vn -0.273090 0.000000 0.961989
vn -0.273090 0.000000 0.961989
vn -0.251386 0.000000 0.967887
vn -0.251386 0.000000 0.967887
vn -0.229502 0.000000 0.973308
vn -0.229510 -0.000000 0.973306
vn -0.207464 -0.000000 0.978243
vn -0.207456 0.000000 0.978244
vn -0.185267 0.000000 0.982688
vn -0.185264 0.000000 0.982689
vn -0.162958 0.000000 0.986633
vn -0.162958 0.000000 0.986633
vn -0.140541 0.000000 0.990075
vn -0.140541 0.000000 0.990075
vn -0.118034 0.000000 0.993010
vn -0.095477 0.000000 0.995432
vn -0.118036 0.000000 0.993009
vn -0.072878 0.000000 0.997341
vn -0.095476 0.000000 0.995432
vn -0.050286 0.000000 0.998735
vn -0.072879 0.000000 0.997341
vn -0.029237 0.000000 0.999572
vn -0.050285 0.000000 0.998735
vn -0.009735 0.000000 0.999953
vn -0.029238 0.000000 0.999573
vn -0.009735 0.000000 0.999953
vn 0.194663 -0.980346 0.032070
vn 0.188836 -0.981974 -0.008260
vn 0.177910 -0.983756 0.023913
vn 0.164239 -0.986420 -0.001025
vn 0.170550 -0.985252 0.013829
vn 0.174406 -0.983694 0.043909
vn 0.155854 -0.987779 0.001425
vn 0.132464 -0.991188 -0.000594
vn 0.139995 -0.990152 0.000902
vn 0.146314 -0.989190 0.009795
vn 0.147911 -0.988886 0.015065
vn 0.123248 -0.992364 0.004918
vn 0.101189 -0.994867 0.000803
vn 0.109209 -0.994019 -0.000392
vn 0.116198 -0.993224 0.002079
vn 0.121174 -0.992605 0.007266
vn 0.079276 -0.996853 -0.000196
vn 0.086403 -0.996260 0.000361
vn 0.092869 -0.995674 0.003094
vn 0.094337 -0.995531 0.004366
vn 0.050625 -0.998718 -0.000038
vn 0.057830 -0.998326 0.000040
vn 0.064207 -0.997936 0.001408
vn 0.070155 -0.997527 0.004172
vn 0.067438 -0.997721 0.002070
vn 0.026587 -0.999646 -0.000146
vn 0.034260 -0.999413 0.000374
vn 0.041453 -0.999138 0.002170
vn 0.040487 -0.999179 0.001711
vn 0.003646 -0.999993 0.000000
vn 0.010562 -0.999944 0.000766
vn 0.017147 -0.999850 0.002372
vn 0.013496 -0.999909 0.000897
vn 0.138980 -0.677045 0.722700
vn 0.194422 -0.961182 0.195778
vn 1.000000 0.000000 0.000000
vn 1.000000 -0.000000 0.000000
vn 0.000000 0.000000 1.000000
vn 0.000000 0.000000 1.000000
vn -1.000000 0.000000 0.000000
vn -1.000000 0.000000 0.000000
vn -0.194665 -0.980345 0.032086
vn -0.188834 -0.981974 -0.008274
vn -0.177916 -0.983756 0.023875
vn -0.164240 -0.986420 -0.001031
vn -0.170548 -0.985252 0.013817
vn -0.174406 -0.983694 0.043909
vn -0.155855 -0.987779 0.001420
vn -0.132464 -0.991188 -0.000594
vn -0.139995 -0.990152 0.000902
vn -0.146316 -0.989189 0.009797
vn -0.147911 -0.988886 0.015062
vn -0.123248 -0.992364 0.004918
vn -0.101192 -0.994867 0.000801
vn -0.109207 -0.994019 -0.000393
vn -0.116198 -0.993224 0.002079
vn -0.121174 -0.992605 0.007266
vn -0.079276 -0.996853 -0.000196
vn -0.086403 -0.996260 0.000361
vn -0.092869 -0.995674 0.003094
vn -0.094337 -0.995531 0.004366
vn -0.050625 -0.998718 -0.000038
vn -0.057830 -0.998326 0.000040
vn -0.064207 -0.997936 0.001408
vn -0.070155 -0.997527 0.004172
vn -0.067438 -0.997721 0.002070
vn -0.026586 -0.999646 -0.000146
vn -0.034260 -0.999413 0.000374
vn -0.041453 -0.999138 0.002170
vn -0.040487 -0.999179 0.001711
vn -0.003646 -0.999993 -0.000000
vn -0.010562 -0.999944 0.000766
vn -0.017147 -0.999850 0.002372
vn -0.013496 -0.999909 0.000897
vn -0.138980 -0.677044 0.722701
vn -0.194426 -0.961204 0.195667
vn -0.999883 0.015310 0.000000
vn -0.999907 0.013630 -0.000152
vn -0.998939 0.046050 -0.000247
vn -0.999164 0.040891 0.000117
vn -0.997054 0.076699 -0.000337
vn -0.997677 0.068122 0.000215
vn -0.994225 0.107316 -0.000399
vn -0.995449 0.095292 0.000287
vn -0.990445 0.137907 -0.000426
vn -0.992482 0.122394 0.000327
vn -0.985710 0.168452 -0.000405
vn -0.988775 0.149415 0.000325
vn -0.984334 0.176315 0.000268
vn -0.980318 0.197427 -0.000281
vn -0.979161 0.203085 0.000259
vn -0.974699 0.223521 -0.000241
vn -0.968681 0.248308 -0.000315
vn -0.973259 0.229709 0.000338
vn -0.961994 0.273070 -0.000381
vn -0.966635 0.256158 0.000406
vn -0.954622 0.297821 -0.000440
vn -0.959291 0.282420 0.000467
vn -0.946555 0.322542 -0.000498
vn -0.951237 0.308462 0.000521
vn -0.937778 0.347235 -0.000554
vn -0.942471 0.334286 0.000571
vn -0.928284 0.371871 -0.000613
vn -0.933005 0.359863 0.000621
vn -0.918055 0.396452 -0.000682
vn -0.922850 0.385159 0.000675
vn -0.907676 0.419670 -0.000582
vn -0.912001 0.410188 0.000738
vn -0.897772 0.440461 -0.000308
vn -0.900482 0.434892 0.000720
vn -0.887887 0.460061 0.000201
vn -0.888287 0.459288 0.000404
vn -0.877289 0.479963 -0.000175
vn -0.875439 0.483327 0.000794
vn -0.866113 0.499847 -0.000645
vn -0.861932 0.507022 0.001203
vn -0.854387 0.519635 -0.000944
vn -0.842807 0.538215 -0.000745
vn -0.847793 0.530326 0.001410
vn -0.832105 0.554618 0.000493
vn -0.833009 0.553258 0.001099
vn -0.821163 0.570694 -0.000385
vn -0.817622 0.575753 0.001962
vn -0.809833 0.586659 -0.001135
vn -0.798350 0.602193 -0.000415
vn -0.801622 0.597827 0.002149
vn -0.786456 0.617647 0.000488
vn -0.785019 0.619467 0.002292
vn -0.774304 0.632813 -0.001381
vn -0.763456 0.645860 -0.000501
vn -0.767835 0.640635 0.003993
vn -0.752889 0.658147 0.000563
vn -0.750076 0.661330 0.005401
vn -0.741434 0.671021 -0.002477
vn -0.730854 0.682525 0.003642
vn -0.731766 0.681532 0.005823
vn -0.718503 0.695519 -0.002453
vn -0.712862 0.701176 0.013415
vn -0.707185 0.707024 -0.002490
vn -0.697198 0.716873 0.002895
vn -0.693291 0.720162 0.026712
vn -0.686423 0.727174 -0.006333
vn -0.677012 0.735910 0.009555
vn -0.671629 0.736848 0.077263
vn -0.664613 0.746547 -0.030920
vn -0.656537 0.752521 0.051691
vn -0.508907 0.589860 0.626960
vn -0.999672 0.000000 0.025619
vn -0.999672 0.000000 0.025619
vn -0.997048 0.000000 0.076777
vn -0.997048 0.000000 0.076777
vn -0.991794 0.000000 0.127846
vn -0.991794 0.000000 0.127846
vn -0.983899 0.000000 0.178727
vn -0.983899 0.000000 0.178727
vn -0.973340 0.000000 0.229368
vn -0.973340 0.000000 0.229368
vn -0.960093 0.000000 0.279680
vn -0.960093 0.000000 0.279680
vn -0.944973 0.000000 0.327148
vn -0.944973 0.000000 0.327148
vn -0.929237 0.000000 0.369485
vn -0.929237 0.000000 0.369485
vn -0.912420 0.000000 0.409256
vn -0.912420 0.000000 0.409256
vn -0.893733 0.000000 0.448599
vn -0.893733 0.000000 0.448599
vn -0.873125 0.000000 0.487496
vn -0.873125 0.000000 0.487495
vn -0.850577 0.000000 0.525850
vn -0.850577 0.000000 0.525850
vn -0.826040 0.000000 0.563612
vn -0.826040 0.000000 0.563612
vn -0.799493 0.000000 0.600675
vn -0.799493 0.000000 0.600675
vn -0.770897 0.000000 0.636959
vn -0.770897 0.000000 0.636959
vn -0.741789 0.000000 0.670633
vn -0.741789 0.000000 0.670633
vn -0.713913 0.000000 0.700234
vn -0.713913 0.000000 0.700234
vn -0.685955 0.000000 0.727644
vn -0.685955 0.000000 0.727644
vn -0.656487 0.000000 0.754337
vn -0.656487 0.000000 0.754337
vn -0.625445 0.000000 0.780268
vn -0.625445 0.000000 0.780268
vn -0.592785 0.000000 0.805361
vn -0.592785 0.000000 0.805361
vn -0.560231 0.000000 0.828336
vn -0.560231 0.000000 0.828336
vn -0.529614 0.000000 0.848239
vn -0.499429 0.000000 0.866355
vn -0.529614 0.000000 0.848239
vn -0.468080 0.000000 0.883686
vn -0.499429 0.000000 0.866355
vn -0.435550 0.000000 0.900165
vn -0.468080 0.000000 0.883686
vn -0.401815 0.000000 0.915721
vn -0.435550 0.000000 0.900165
vn -0.368646 0.000000 0.929570
vn -0.401815 0.000000 0.915721
vn -0.337857 0.000000 0.941198
vn -0.368646 0.000000 0.929570
vn -0.307814 0.000000 0.951447
vn -0.337856 0.000000 0.941198
vn -0.307814 0.000000 0.951447
vn -0.276901 0.000000 0.960898
vn -0.276901 0.000000 0.960898
vn -0.245146 0.000000 0.969486
vn -0.245146 0.000000 0.969486
vn -0.212512 0.000000 0.977158
vn -0.212512 0.000000 0.977158
vn -0.180728 0.000000 0.983533
vn -0.180728 0.000000 0.983533
vn -0.151474 0.000000 0.988461
vn -0.151474 0.000000 0.988461
vn -0.123161 0.000000 0.992387
vn -0.123161 0.000000 0.992387
vn -0.094310 0.000000 0.995543
vn -0.094310 0.000000 0.995543
vn -0.064891 0.000000 0.997892
vn -0.064891 0.000000 0.997892
vn -0.037631 0.000000 0.999292
vn -0.012607 0.000000 0.999920
vn -0.037631 0.000000 0.999292
vn -0.012607 0.000000 0.999921
vn -0.999883 -0.015310 -0.000000
vn -0.999907 -0.013630 -0.000152
vn -0.998939 -0.046050 -0.000247
vn -0.999164 -0.040891 0.000117
vn -0.997054 -0.076699 -0.000337
vn -0.997677 -0.068122 0.000215
vn -0.994225 -0.107316 -0.000399
vn -0.995449 -0.095292 0.000287
vn -0.990445 -0.137907 -0.000426
vn -0.992482 -0.122394 0.000327
vn -0.985710 -0.168452 -0.000405
vn -0.988775 -0.149415 0.000325
vn -0.984334 -0.176315 0.000268
vn -0.980318 -0.197427 -0.000281
vn -0.979161 -0.203085 0.000259
vn -0.974699 -0.223521 -0.000241
vn -0.968681 -0.248308 -0.000315
vn -0.973259 -0.229709 0.000338
vn -0.961994 -0.273070 -0.000381
vn -0.966635 -0.256158 0.000406
vn -0.954622 -0.297821 -0.000440
vn -0.959291 -0.282420 0.000467
vn -0.946555 -0.322542 -0.000498
vn -0.951237 -0.308462 0.000521
vn -0.937778 -0.347235 -0.000554
vn -0.942471 -0.334286 0.000571
vn -0.928284 -0.371871 -0.000613
vn -0.933005 -0.359863 0.000621
vn -0.918055 -0.396452 -0.000682
vn -0.922850 -0.385159 0.000675
vn -0.907676 -0.419670 -0.000582
vn -0.912001 -0.410188 0.000738
vn -0.897772 -0.440461 -0.000308
vn -0.900482 -0.434892 0.000720
vn -0.887887 -0.460061 0.000201
vn -0.888287 -0.459288 0.000404
vn -0.877289 -0.479963 -0.000175
vn -0.875439 -0.483327 0.000794
vn -0.866113 -0.499847 -0.000645
vn -0.861932 -0.507022 0.001203
vn -0.854387 -0.519636 -0.000944
vn -0.842807 -0.538215 -0.000745
vn -0.847793 -0.530326 0.001410
vn -0.832105 -0.554618 0.000493
vn -0.833009 -0.553258 0.001099
vn -0.821163 -0.570694 -0.000385
vn -0.817622 -0.575753 0.001962
vn -0.809833 -0.586659 -0.001135
vn -0.798350 -0.602193 -0.000415
vn -0.801622 -0.597827 0.002149
vn -0.786456 -0.617647 0.000488
vn -0.785019 -0.619467 0.002292
vn -0.774304 -0.632813 -0.001381
vn -0.763456 -0.645860 -0.000501
vn -0.767835 -0.640635 0.003993
vn -0.752889 -0.658147 0.000563
vn -0.750076 -0.661330 0.005401
vn -0.741434 -0.671021 -0.002477
vn -0.730853 -0.682525 0.003642
vn -0.731766 -0.681532 0.005823
vn -0.718503 -0.695519 -0.002453
vn -0.712862 -0.701176 0.013415
vn -0.707185 -0.707024 -0.002490
vn -0.697198 -0.716873 0.002895
vn -0.693291 -0.720162 0.026712
vn -0.686423 -0.727174 -0.006333
vn -0.677012 -0.735910 0.009555
vn -0.671629 -0.736848 0.077263
vn -0.664613 -0.746547 -0.030920
vn -0.656537 -0.752521 0.051691
vn -0.508907 -0.589860 0.626960
vn 0.999883 -0.015307 0.000000
vn 0.999907 -0.013630 -0.000152
vn 0.998938 -0.046068 -0.000248
vn 0.999164 -0.040891 0.000118
vn 0.997054 -0.076704 -0.000337
vn 0.997677 -0.068122 0.000215
vn 0.994224 -0.107327 -0.000399
vn 0.995449 -0.095292 0.000288
vn 0.990444 -0.137915 -0.000425
vn 0.992482 -0.122394 0.000327
vn 0.985707 -0.168467 -0.000405
vn 0.988775 -0.149415 0.000325
vn 0.984334 -0.176315 0.000267
vn 0.980318 -0.197425 -0.000281
vn 0.979161 -0.203085 0.000260
vn 0.974696 -0.223535 -0.000240
vn 0.968681 -0.248308 -0.000315
vn 0.973259 -0.229709 0.000337
vn 0.961992 -0.273077 -0.000381
vn 0.966635 -0.256158 0.000406
vn 0.954620 -0.297826 -0.000441
vn 0.959291 -0.282420 0.000467
vn 0.946554 -0.322545 -0.000499
vn 0.951237 -0.308462 0.000520
vn 0.937776 -0.347241 -0.000555
vn 0.942471 -0.334286 0.000571
vn 0.928276 -0.371890 -0.000614
vn 0.933005 -0.359863 0.000621
vn 0.918041 -0.396485 -0.000683
vn 0.922850 -0.385159 0.000676
vn 0.907655 -0.419717 -0.000584
vn 0.912001 -0.410188 0.000738
vn 0.897746 -0.440514 -0.000314
vn 0.900482 -0.434892 0.000722
vn 0.887864 -0.460106 0.000193
vn 0.888287 -0.459288 0.000408
vn 0.877266 -0.480004 -0.000169
vn 0.875439 -0.483327 0.000791
vn 0.866077 -0.499911 -0.000639
vn 0.861932 -0.507022 0.001200
vn 0.854355 -0.519689 -0.000945
vn 0.842766 -0.538280 -0.000753
vn 0.847793 -0.530326 0.001411
vn 0.832066 -0.554676 0.000473
vn 0.833009 -0.553258 0.001104
vn 0.821127 -0.570745 -0.000378
vn 0.817622 -0.575753 0.001956
vn 0.809788 -0.586721 -0.001139
vn 0.798305 -0.602253 -0.000435
vn 0.801622 -0.597827 0.002155
vn 0.786410 -0.617705 0.000514
vn 0.785019 -0.619467 0.002269
vn 0.774260 -0.632867 -0.001370
vn 0.763397 -0.645930 -0.000521
vn 0.767835 -0.640635 0.004011
vn 0.752820 -0.658226 0.000625
vn 0.750076 -0.661330 0.005376
vn 0.741376 -0.671086 -0.002481
vn 0.730759 -0.682626 0.003506
vn 0.731765 -0.681531 0.005903
vn 0.718428 -0.695597 -0.002380
vn 0.712859 -0.701178 0.013453
vn 0.707097 -0.707112 -0.002586
vn 0.697122 -0.716946 0.003158
vn 0.693296 -0.720157 0.026730
vn 0.686300 -0.727288 -0.006653
vn 0.676942 -0.735968 0.010025
vn 0.671620 -0.736838 0.077434
vn 0.664466 -0.746646 -0.031706
vn 0.656422 -0.752458 0.054010
vn 0.506496 -0.587069 0.631516
vn 0.999672 0.000000 0.025614
vn 0.999672 0.000000 0.025614
vn 0.997046 0.000000 0.076808
vn 0.997046 0.000000 0.076808
vn 0.991791 -0.000000 0.127868
vn 0.991793 0.000000 0.127854
vn 0.983895 -0.000000 0.178745
vn 0.983896 -0.000000 0.178744
vn 0.973336 -0.000000 0.229384
vn 0.973336 -0.000000 0.229383
vn 0.960087 -0.000000 0.279703
vn 0.960086 -0.000000 0.279705
vn 0.944974 -0.000000 0.327145
vn 0.944975 -0.000000 0.327143
vn 0.929228 0.000000 0.369506
vn 0.929228 0.000000 0.369506
vn 0.912422 0.000000 0.409251
vn 0.912420 0.000000 0.409254
vn 0.893729 0.000000 0.448607
vn 0.893728 0.000000 0.448609
vn 0.873117 0.000000 0.487511
vn 0.873123 0.000000 0.487500
vn 0.850567 -0.000000 0.525866
vn 0.850574 0.000000 0.525856
vn 0.826032 -0.000000 0.563624
vn 0.826030 -0.000000 0.563626
vn 0.799466 -0.000000 0.600712
vn 0.799472 0.000000 0.600703
vn 0.770860 -0.000000 0.637005
vn 0.770860 -0.000000 0.637005
vn 0.741733 0.000000 0.670695
vn 0.741731 0.000000 0.670697
vn 0.713836 -0.000000 0.700313
vn 0.713843 0.000000 0.700305
vn 0.685891 0.000000 0.727704
vn 0.685891 0.000000 0.727704
vn 0.656405 -0.000000 0.754409
vn 0.656414 0.000000 0.754401
vn 0.625349 0.000000 0.780346
vn 0.625349 0.000000 0.780346
vn 0.592682 -0.000000 0.805436
vn 0.592691 0.000000 0.805430
vn 0.560123 -0.000000 0.828409
vn 0.560133 0.000000 0.828403
vn 0.529508 0.000000 0.848305
vn 0.529508 0.000000 0.848305
vn 0.499312 -0.000000 0.866423
vn 0.499325 0.000000 0.866415
vn 0.467963 0.000000 0.883748
vn 0.467959 -0.000000 0.883750
vn 0.435411 -0.000000 0.900232
vn 0.435427 0.000000 0.900224
vn 0.401667 0.000000 0.915786
vn 0.401667 0.000000 0.915786
vn 0.368488 -0.000000 0.929632
vn 0.368500 0.000000 0.929628
vn 0.337686 -0.000000 0.941259
vn 0.337699 0.000000 0.941254
vn 0.307626 0.000000 0.951507
vn 0.307621 -0.000000 0.951509
vn 0.276714 0.000000 0.960952
vn 0.276702 -0.000000 0.960956
vn 0.244934 0.000000 0.969540
vn 0.244923 -0.000000 0.969543
vn 0.212290 0.000000 0.977207
vn 0.212279 -0.000000 0.977209
vn 0.180490 0.000000 0.983577
vn 0.180480 -0.000000 0.983579
vn 0.151221 0.000000 0.988500
vn 0.151211 -0.000000 0.988501
vn 0.122897 0.000000 0.992419
vn 0.122888 -0.000000 0.992421
vn 0.094027 0.000000 0.995570
vn 0.094012 -0.000000 0.995571
vn 0.064599 0.000000 0.997911
vn 0.064591 -0.000000 0.997912
vn 0.037410 0.000000 0.999300
vn 0.037388 -0.000000 0.999301
vn 0.012527 0.000000 0.999922
vn 0.012523 -0.000000 0.999922
vn 0.999883 0.015307 0.000000
vn 0.999907 0.013630 -0.000152
vn 0.998938 0.046068 -0.000248
vn 0.999164 0.040891 0.000118
vn 0.997053 0.076712 -0.000337
vn 0.997677 0.068122 0.000215
vn 0.994224 0.107327 -0.000399
vn 0.995449 0.095292 0.000287
vn 0.990444 0.137914 -0.000426
vn 0.992482 0.122394 0.000327
vn 0.985707 0.168466 -0.000405
vn 0.988775 0.149415 0.000325
vn 0.984334 0.176315 0.000267
vn 0.980318 0.197423 -0.000281
vn 0.979161 0.203085 0.000260
vn 0.974696 0.223535 -0.000240
vn 0.968682 0.248306 -0.000314
vn 0.973259 0.229709 0.000337
vn 0.961992 0.273077 -0.000380
vn 0.966635 0.256158 0.000407
vn 0.954618 0.297832 -0.000440
vn 0.959291 0.282420 0.000468
vn 0.946552 0.322551 -0.000499
vn 0.951237 0.308462 0.000521
vn 0.937776 0.347241 -0.000555
vn 0.942471 0.334286 0.000570
vn 0.928273 0.371900 -0.000614
vn 0.933005 0.359863 0.000621
vn 0.918042 0.396482 -0.000683
vn 0.922850 0.385159 0.000674
vn 0.907655 0.419717 -0.000583
vn 0.912001 0.410188 0.000739
vn 0.897743 0.440519 -0.000314
vn 0.900482 0.434892 0.000722
vn 0.887864 0.460106 0.000194
vn 0.888287 0.459288 0.000408
vn 0.877264 0.480008 -0.000167
vn 0.875439 0.483327 0.000792
vn 0.866077 0.499910 -0.000638
vn 0.861932 0.507022 0.001201
vn 0.854353 0.519692 -0.000943
vn 0.842760 0.538289 -0.000753
vn 0.847793 0.530326 0.001413
vn 0.832071 0.554668 0.000477
vn 0.833009 0.553258 0.001104
vn 0.821117 0.570760 -0.000374
vn 0.817622 0.575753 0.001953
vn 0.809793 0.586714 -0.001139
vn 0.798298 0.602262 -0.000436
vn 0.801622 0.597827 0.002159
vn 0.786410 0.617705 0.000516
vn 0.785019 0.619467 0.002272
vn 0.774253 0.632875 -0.001367
vn 0.763395 0.645932 -0.000522
vn 0.767835 0.640635 0.004010
vn 0.752821 0.658225 0.000628
vn 0.750076 0.661330 0.005381
vn 0.741368 0.671095 -0.002480
vn 0.730748 0.682638 0.003481
vn 0.731765 0.681531 0.005904
vn 0.718435 0.695590 -0.002386
vn 0.712859 0.701178 0.013475
vn 0.707077 0.707132 -0.002614
vn 0.697120 0.716947 0.003136
vn 0.693296 0.720158 0.026712
vn 0.686313 0.727276 -0.006599
vn 0.676928 0.735979 0.010165
vn 0.671625 0.736842 0.077354
vn 0.664463 0.746645 -0.031772
vn 0.656404 0.752457 0.054233
vn 0.506845 0.587473 0.630859
vn -0.999906 -0.013717 0.000000
vn -0.999906 -0.013717 0.000000
vn -0.999153 -0.041146 0.000000
vn -0.999153 -0.041146 0.000000
vn -0.997648 -0.068542 0.000000
vn -0.997648 -0.068542 0.000000
vn -0.995393 -0.095883 0.000000
vn -0.995393 -0.095883 0.000000
vn -0.992388 -0.123153 0.000000
vn -0.992388 -0.123153 0.000000
vn -0.988635 -0.150336 0.000000
vn -0.988635 -0.150336 0.000000
vn -0.984139 -0.177398 0.000000
vn -0.984139 -0.177398 0.000000
vn -0.978903 -0.204328 0.000000
vn -0.978903 -0.204328 0.000000
vn -0.972926 -0.231118 0.000000
vn -0.972926 -0.231118 0.000000
vn -0.966222 -0.257710 0.000000
vn -0.966222 -0.257710 0.000000
vn -0.958785 -0.284133 0.000000
vn -0.958785 -0.284133 0.000000
vn -0.950635 -0.310312 0.000000
vn -0.950635 -0.310312 0.000000
vn -0.941758 -0.336292 0.000000
vn -0.941758 -0.336292 0.000000
vn -0.932183 -0.361986 0.000000
vn -0.921897 -0.387436 0.000000
vn -0.932183 -0.361986 0.000000
vn -0.921897 -0.387436 0.000000
vn -0.910924 -0.412574 0.000000
vn -0.910924 -0.412574 0.000000
vn -0.899259 -0.437416 0.000000
vn -0.899259 -0.437416 0.000000
vn -0.886922 -0.461918 0.000000
vn -0.886922 -0.461918 0.000000
vn -0.873916 -0.486077 0.000000
vn -0.873916 -0.486077 0.000000
vn -0.860257 -0.509860 0.000000
vn -0.860257 -0.509860 0.000000
vn -0.845940 -0.533279 0.000000
vn -0.845940 -0.533279 0.000000
vn -0.830990 -0.556287 0.000000
vn -0.830990 -0.556287 0.000000
vn -0.815424 -0.578864 0.000000
vn -0.815424 -0.578864 0.000000
vn -0.782444 -0.622721 0.000000
vn -0.799228 -0.601028 0.000000
vn -0.799228 -0.601028 0.000000
vn -0.782444 -0.622721 0.000000
vn -0.765064 -0.643955 0.000000
vn -0.765064 -0.643955 0.000000
vn -0.747112 -0.664698 0.000000
vn -0.747112 -0.664698 0.000000
vn -0.709525 -0.704680 0.000000
vn -0.728590 -0.684950 0.000000
vn -0.728590 -0.684950 0.000000
vn -0.709525 -0.704680 0.000000
vn -0.669809 -0.742534 0.000000
vn -0.689932 -0.723874 0.000000
vn -0.689932 -0.723874 0.000000
vn -0.669809 -0.742534 0.000000
vn -0.649192 -0.760625 0.000000
vn -0.649192 -0.760625 0.000000
vn -0.628070 -0.778157 0.000000
vn -0.628070 -0.778157 0.000000
vn -0.606494 -0.795088 0.000000
vn -0.606494 -0.795088 0.000000
vn -0.584455 -0.811426 0.000000
vn -0.584455 -0.811426 0.000000
vn -0.561968 -0.827159 0.000000
vn -0.561968 -0.827159 0.000000
vn -0.539064 -0.842265 0.000000
vn -0.539064 -0.842265 0.000000
vn -0.515756 -0.856735 0.000000
vn -0.515756 -0.856735 0.000000
vn -0.492051 -0.870566 0.000000
vn -0.492051 -0.870566 0.000000
vn -0.467996 -0.883731 0.000000
vn -0.467996 -0.883731 0.000000
vn -0.443564 -0.896243 0.000000
vn -0.443564 -0.896243 0.000000
vn -0.418830 -0.908065 0.000000
vn -0.418830 -0.908065 0.000000
vn -0.393735 -0.919224 0.000000
vn -0.393735 -0.919224 0.000000
vn -0.368377 -0.929676 0.000000
vn -0.368377 -0.929676 0.000000
vn -0.342743 -0.939429 0.000000
vn -0.342743 -0.939429 0.000000
vn -0.316830 -0.948482 0.000000
vn -0.316830 -0.948482 0.000000
vn -0.264344 -0.964429 0.000000
vn -0.290691 -0.956817 0.000000
vn -0.290691 -0.956817 0.000000
vn -0.264344 -0.964429 0.000000
vn -0.237787 -0.971317 0.000000
vn -0.237787 -0.971317 0.000000
vn -0.211040 -0.977477 0.000000
vn -0.211040 -0.977477 0.000000
vn -0.157112 -0.987581 0.000000
vn -0.184136 -0.982901 0.000000
vn -0.184136 -0.982901 0.000000
vn -0.157112 -0.987581 0.000000
vn -0.129964 -0.991519 0.000000
vn -0.129964 -0.991519 0.000000
vn -0.102713 -0.994711 0.000000
vn -0.102713 -0.994711 0.000000
vn -0.048002 -0.998847 0.000000
vn -0.075375 -0.997155 0.000000
vn -0.075375 -0.997155 0.000000
vn -0.020577 -0.999788 0.000000
vn -0.048002 -0.998847 0.000000
vn -0.020577 -0.999788 0.000000
vn 0.006865 -0.999976 0.000000
vn 0.006865 -0.999976 0.000000
vn 0.034290 -0.999412 0.000000
vn 0.061698 -0.998095 0.000000
vn 0.034290 -0.999412 0.000000
vn 0.061698 -0.998095 0.000000
vn 0.089053 -0.996027 0.000000
vn 0.116339 -0.993210 0.000000
vn 0.089053 -0.996027 0.000000
vn 0.116339 -0.993210 0.000000
vn 0.143555 -0.989642 0.000000
vn 0.143555 -0.989642 0.000000
vn 0.170649 -0.985332 0.000000
vn 0.197607 -0.980281 0.000000
vn 0.170649 -0.985332 0.000000
vn 0.197607 -0.980281 0.000000
vn 0.224439 -0.974488 0.000000
vn 0.251067 -0.967970 0.000000
vn 0.224439 -0.974488 0.000000
vn 0.251067 -0.967970 0.000000
vn 0.277550 -0.960711 0.000000
vn 0.277550 -0.960711 0.000000
vn 0.303794 -0.952738 0.000000
vn 0.329814 -0.944046 0.000000
vn 0.303794 -0.952738 0.000000
vn 0.329814 -0.944046 0.000000
vn 0.355588 -0.934643 0.000000
vn 0.355588 -0.934643 0.000000
vn 0.381100 -0.924534 0.000000
vn 0.406317 -0.913732 0.000000
vn 0.381100 -0.924534 0.000000
vn 0.406317 -0.913732 0.000000
vn 0.431237 -0.902239 0.000000
vn 0.431237 -0.902239 0.000000
vn 0.455817 -0.890074 0.000000
vn 0.480073 -0.877229 0.000000
vn 0.455817 -0.890074 0.000000
vn 0.480073 -0.877229 0.000000
vn 0.503955 -0.863730 0.000000
vn 0.503955 -0.863730 0.000000
vn 0.527470 -0.849574 0.000000
vn 0.527470 -0.849574 0.000000
vn 0.550566 -0.834791 0.000000
vn 0.573266 -0.819369 0.000000
vn 0.550566 -0.834791 0.000000
vn 0.573266 -0.819369 0.000000
vn 0.595516 -0.803343 0.000000
vn 0.595516 -0.803343 0.000000
vn 0.617351 -0.786688 0.000000
vn 0.617351 -0.786688 0.000000
vn 0.659558 -0.751653 0.000000
vn 0.638686 -0.769468 0.000000
vn 0.638686 -0.769468 0.000000
vn 0.659558 -0.751653 0.000000
vn 0.679939 -0.733268 0.000000
vn 0.679939 -0.733268 0.000000
vn 0.699792 -0.714347 0.000000
vn 0.719129 -0.694876 0.000000
vn 0.699792 -0.714347 0.000000
vn 0.719129 -0.694876 0.000000
vn 0.737922 -0.674886 0.000000
vn 0.737922 -0.674886 0.000000
vn 0.756153 -0.654395 0.000000
vn 0.773826 -0.633399 0.000000
vn 0.756153 -0.654395 0.000000
vn 0.773826 -0.633399 0.000000
vn 0.790913 -0.611929 0.000000
vn 0.790913 -0.611929 0.000000
vn 0.807398 -0.590007 0.000000
vn 0.807398 -0.590007 0.000000
vn 0.823287 -0.567625 0.000000
vn 0.838546 -0.544831 0.000000
vn 0.823287 -0.567625 0.000000
vn 0.838546 -0.544831 0.000000
vn 0.853178 -0.521620 0.000000
vn 0.867171 -0.498011 0.000000
vn 0.853178 -0.521620 0.000000
vn 0.867171 -0.498011 0.000000
vn 0.880497 -0.474052 0.000000
vn 0.880497 -0.474052 0.000000
vn 0.893176 -0.449708 0.000000
vn 0.893176 -0.449708 0.000000
vn 0.905181 -0.425027 0.000000
vn 0.905181 -0.425027 0.000000
vn 0.916496 -0.400044 0.000000
vn 0.916496 -0.400044 0.000000
vn 0.937056 -0.349180 0.000000
vn 0.927128 -0.374746 0.000000
vn 0.927128 -0.374746 0.000000
vn 0.937056 -0.349180 0.000000
vn 0.954799 -0.297252 0.000000
vn 0.946286 -0.323331 0.000000
vn 0.946286 -0.323331 0.000000
vn 0.962596 -0.270941 0.000000
vn 0.954799 -0.297252 0.000000
vn 0.969664 -0.244441 0.000000
vn 0.962596 -0.270941 0.000000
vn 0.969664 -0.244441 0.000000
vn 0.981612 -0.190885 0.000000
vn 0.976007 -0.217741 0.000000
vn 0.976007 -0.217741 0.000000
vn 0.981612 -0.190885 0.000000
vn 0.990604 -0.136760 0.000000
vn 0.986480 -0.163883 0.000000
vn 0.986480 -0.163883 0.000000
vn 0.990604 -0.136760 0.000000
vn 0.993984 -0.109524 0.000000
vn 0.993984 -0.109524 0.000000
vn 0.996614 -0.082223 0.000000
vn 0.998495 -0.054841 0.000000
vn 0.996614 -0.082223 0.000000
vn 0.998495 -0.054841 0.000000
vn 0.999624 -0.027434 0.000000
vn 0.999624 -0.027434 0.000000
vn 1.000000 0.000000 -0.000000
vn 1.000000 0.000000 0.000000
vn 0.999624 0.027434 0.000000
vn 0.999624 0.027434 -0.000000
vn 0.998495 0.054841 0.000000
vn 0.996614 0.082223 -0.000000
vn 0.998495 0.054841 -0.000000
vn 0.996614 0.082223 -0.000000
vn 0.993984 0.109524 -0.000000
vn 0.993984 0.109524 -0.000000
vn 0.986480 0.163883 -0.000000
vn 0.990604 0.136760 -0.000000
vn 0.990604 0.136760 0.000000
vn 0.986480 0.163883 -0.000000
vn 0.976007 0.217741 -0.000000
vn 0.981612 0.190885 -0.000000
vn 0.981612 0.190885 0.000000
vn 0.969664 0.244441 -0.000000
vn 0.976007 0.217741 -0.000000
vn 0.969664 0.244441 -0.000000
vn 0.954799 0.297252 -0.000000
vn 0.962596 0.270941 -0.000000
vn 0.962596 0.270941 0.000000
vn 0.946286 0.323331 -0.000000
vn 0.954799 0.297252 -0.000000
vn 0.946286 0.323331 -0.000000
vn 0.937056 0.349180 -0.000000
vn 0.937056 0.349180 0.000000
vn 0.927128 0.374746 -0.000000
vn 0.927128 0.374746 0.000000
vn 0.916496 0.400044 -0.000000
vn 0.916496 0.400044 0.000000
vn 0.905181 0.425027 -0.000000
vn 0.905181 0.425027 0.000000
vn 0.893176 0.449708 -0.000000
vn 0.893176 0.449708 0.000000
vn 0.880497 0.474052 -0.000000
vn 0.880497 0.474052 0.000000
vn 0.867171 0.498011 -0.000000
vn 0.867171 0.498011 0.000000
vn 0.853173 0.521628 -0.000000
vn 0.853173 0.521628 0.000000
vn 0.838551 0.544823 0.000000
vn 0.838551 0.544823 -0.000000
vn 0.823282 0.567633 0.000000
vn 0.823282 0.567633 -0.000000
vn 0.807404 0.589999 0.000000
vn 0.790913 0.611929 -0.000000
vn 0.807404 0.589999 -0.000000
vn 0.790913 0.611929 -0.000000
vn 0.773819 0.633407 0.000000
vn 0.773819 0.633407 -0.000000
vn 0.756153 0.654395 -0.000000
vn 0.756153 0.654395 0.000000
vn 0.737930 0.674877 -0.000000
vn 0.737930 0.674877 0.000000
vn 0.699800 0.714338 -0.000000
vn 0.719129 0.694876 -0.000000
vn 0.719129 0.694876 0.000000
vn 0.699800 0.714338 -0.000000
vn 0.679930 0.733277 -0.000000
vn 0.679930 0.733277 0.000000
vn 0.659558 0.751653 -0.000000
vn 0.659558 0.751653 0.000000
vn 0.638696 0.769459 -0.000000
vn 0.638696 0.769459 0.000000
vn 0.617330 0.786704 -0.000000
vn 0.617330 0.786704 0.000000
vn 0.595528 0.803335 -0.000000
vn 0.595528 0.803335 0.000000
vn 0.550554 0.834799 -0.000000
vn 0.573277 0.819361 -0.000000
vn 0.573277 0.819361 0.000000
vn 0.527470 0.849574 -0.000000
vn 0.550554 0.834799 -0.000000
vn 0.527470 0.849574 -0.000000
vn 0.480086 0.877221 -0.000000
vn 0.503942 0.863737 -0.000000
vn 0.503942 0.863737 0.000000
vn 0.480086 0.877221 -0.000000
vn 0.455830 0.890067 -0.000000
vn 0.455830 0.890067 0.000000
vn 0.406303 0.913738 -0.000000
vn 0.431223 0.902245 -0.000000
vn 0.431223 0.902245 0.000000
vn 0.406303 0.913738 -0.000000
vn 0.381100 0.924534 -0.000000
vn 0.381100 0.924534 0.000000
vn 0.355618 0.934631 -0.000000
vn 0.355618 0.934631 -0.000000
vn 0.329798 0.944051 0.000000
vn 0.303794 0.952738 -0.000000
vn 0.329798 0.944051 -0.000000
vn 0.277550 0.960711 -0.000000
vn 0.303794 0.952738 -0.000000
vn 0.277550 0.960711 -0.000000
vn 0.251067 0.967970 0.000000
vn 0.251067 0.967970 -0.000000
vn 0.224439 0.974488 0.000000
vn 0.224439 0.974488 -0.000000
vn 0.197607 0.980281 0.000000
vn 0.197607 0.980281 -0.000000
vn 0.170666 0.985329 0.000000
vn 0.170666 0.985329 -0.000000
vn 0.143521 0.989647 0.000000
vn 0.116373 0.993206 -0.000000
vn 0.143521 0.989647 -0.000000
vn 0.116373 0.993206 -0.000000
vn 0.089053 0.996027 0.000000
vn 0.089053 0.996027 -0.000000
vn 0.061663 0.998097 0.000000
vn 0.034307 0.999411 -0.000000
vn 0.061663 0.998097 -0.000000
vn 0.034307 0.999411 -0.000000
vn 0.006848 0.999977 0.000000
vn 0.006848 0.999977 -0.000000
vn -0.020577 0.999788 0.000000
vn -0.020577 0.999788 0.000000
vn -0.047968 0.998849 0.000000
vn -0.047968 0.998849 0.000000
vn -0.075393 0.997154 0.000000
vn -0.075393 0.997154 0.000000
vn -0.102713 0.994711 0.000000
vn -0.102713 0.994711 0.000000
vn -0.129964 0.991519 0.000000
vn -0.157112 0.987581 0.000000
vn -0.129964 0.991519 0.000000
vn -0.157112 0.987581 0.000000
vn -0.184153 0.982898 0.000000
vn -0.184153 0.982898 0.000000
vn -0.211023 0.977481 0.000000
vn -0.211023 0.977481 0.000000
vn -0.237787 0.971317 0.000000
vn -0.237787 0.971317 0.000000
vn -0.264344 0.964429 0.000000
vn -0.264344 0.964429 0.000000
vn -0.290691 0.956817 0.000000
vn -0.290691 0.956817 0.000000
vn -0.316830 0.948482 0.000000
vn -0.316830 0.948482 0.000000
vn -0.368377 0.929676 0.000000
vn -0.342728 0.939435 0.000000
vn -0.342728 0.939435 0.000000
vn -0.368377 0.929676 0.000000
vn -0.393749 0.919218 0.000000
vn -0.393749 0.919218 0.000000
vn -0.418816 0.908071 0.000000
vn -0.418816 0.908071 0.000000
vn -0.443592 0.896229 0.000000
vn -0.443592 0.896229 0.000000
vn -0.467968 0.883745 0.000000
vn -0.467968 0.883745 0.000000
vn -0.492078 0.870551 0.000000
vn -0.515756 0.856735 0.000000
vn -0.492078 0.870551 0.000000
vn -0.515756 0.856735 0.000000
vn -0.539052 0.842273 0.000000
vn -0.539052 0.842273 0.000000
vn -0.561980 0.827151 0.000000
vn -0.584443 0.811435 0.000000
vn -0.561980 0.827151 0.000000
vn -0.584443 0.811435 0.000000
vn -0.606483 0.795096 0.000000
vn -0.606483 0.795096 0.000000
vn -0.628091 0.778140 0.000000
vn -0.628091 0.778140 0.000000
vn -0.649172 0.760642 0.000000
vn -0.669809 0.742534 0.000000
vn -0.649172 0.760642 0.000000
vn -0.669809 0.742534 0.000000
vn -0.689932 0.723874 0.000000
vn -0.689932 0.723874 0.000000
vn -0.728590 0.684950 0.000000
vn -0.709534 0.704672 0.000000
vn -0.709534 0.704672 0.000000
vn -0.747112 0.664698 0.000000
vn -0.728590 0.684950 0.000000
vn -0.765056 0.643963 0.000000
vn -0.747112 0.664698 0.000000
vn -0.765056 0.643963 0.000000
vn -0.782450 0.622713 0.000000
vn -0.782450 0.622713 0.000000
vn -0.799228 0.601028 0.000000
vn -0.799228 0.601028 0.000000
vn -0.815418 0.578872 0.000000
vn -0.815418 0.578872 0.000000
vn -0.845940 0.533279 0.000000
vn -0.831001 0.556271 0.000000
vn -0.831001 0.556271 0.000000
vn -0.845940 0.533279 0.000000
vn -0.860253 0.509868 0.000000
vn -0.860253 0.509868 0.000000
vn -0.873916 0.486077 0.000000
vn -0.873916 0.486077 0.000000
vn -0.886922 0.461918 0.000000
vn -0.886922 0.461918 0.000000
vn -0.899259 0.437416 0.000000
vn -0.899259 0.437416 0.000000
vn -0.910924 0.412574 0.000000
vn -0.921897 0.387436 0.000000
vn -0.910924 0.412574 0.000000
vn -0.921897 0.387436 0.000000
vn -0.932183 0.361986 0.000000
vn -0.932183 0.361986 0.000000
vn -0.941758 0.336292 0.000000
vn -0.950635 0.310312 0.000000
vn -0.941758 0.336292 0.000000
vn -0.950635 0.310312 0.000000
vn -0.958785 0.284133 0.000000
vn -0.958785 0.284133 0.000000
vn -0.966222 0.257710 0.000000
vn -0.972926 0.231118 0.000000
vn -0.966222 0.257710 0.000000
vn -0.972926 0.231118 0.000000
vn -0.978903 0.204328 0.000000
vn -0.978903 0.204328 0.000000
vn -0.984139 0.177398 0.000000
vn -0.984139 0.177398 0.000000
vn -0.988635 0.150336 0.000000
vn -0.988635 0.150336 0.000000
vn -0.992388 0.123153 0.000000
vn -0.992388 0.123153 0.000000
vn -0.997648 0.068542 0.000000
vn -0.995393 0.095883 0.000000
vn -0.995393 0.095883 0.000000
vn -0.999153 0.041146 0.000000
vn -0.997648 0.068542 0.000000
vn -0.999153 0.041146 0.000000
vn -0.999906 0.013717 0.000000
vn -0.999906 0.013717 0.000000
vn -0.999906 -0.013717 0.000000
vn -0.999906 -0.013717 0.000000
vn -0.999153 -0.041146 0.000000
vn -0.999153 -0.041146 0.000000
vn -0.997648 -0.068542 0.000000
vn -0.997648 -0.068542 0.000000
vn -0.995393 -0.095883 0.000000
vn -0.995393 -0.095883 0.000000
vn -0.992388 -0.123153 0.000000
vn -0.992388 -0.123153 0.000000
vn -0.988635 -0.150336 0.000000
vn -0.988635 -0.150336 0.000000
vn -0.984139 -0.177398 0.000000
vn -0.984139 -0.177398 0.000000
vn -0.978903 -0.204328 0.000000
vn -0.978903 -0.204328 0.000000
vn -0.972926 -0.231118 0.000000
vn -0.972926 -0.231118 0.000000
vn -0.966222 -0.257710 0.000000
vn -0.966222 -0.257710 0.000000
vn -0.958785 -0.284133 0.000000
vn -0.958785 -0.284133 0.000000
vn -0.950635 -0.310312 0.000000
vn -0.950635 -0.310312 0.000000
vn -0.941758 -0.336292 0.000000
vn -0.941758 -0.336292 0.000000
vn -0.932183 -0.361986 0.000000
vn -0.921897 -0.387436 0.000000
vn -0.932183 -0.361986 0.000000
vn -0.921897 -0.387436 0.000000
vn -0.910924 -0.412574 0.000000
vn -0.910924 -0.412574 0.000000
vn -0.899259 -0.437416 0.000000
vn -0.899259 -0.437416 0.000000
vn -0.886922 -0.461918 0.000000
vn -0.886922 -0.461918 0.000000
vn -0.873916 -0.486077 0.000000
vn -0.873916 -0.486077 0.000000
vn -0.860253 -0.509868 0.000000
vn -0.860253 -0.509868 0.000000
vn -0.845940 -0.533279 0.000000
vn -0.845940 -0.533279 0.000000
vn -0.831001 -0.556271 0.000000
vn -0.831001 -0.556271 0.000000
vn -0.815418 -0.578872 0.000000
vn -0.815418 -0.578872 0.000000
vn -0.782450 -0.622713 0.000000
vn -0.799228 -0.601028 0.000000
vn -0.799228 -0.601028 0.000000
vn -0.782450 -0.622713 0.000000
vn -0.765056 -0.643963 0.000000
vn -0.765056 -0.643963 0.000000
vn -0.747112 -0.664698 0.000000
vn -0.747112 -0.664698 0.000000
vn -0.709534 -0.704672 0.000000
vn -0.728590 -0.684950 0.000000
vn -0.728590 -0.684950 0.000000
vn -0.709534 -0.704672 0.000000
vn -0.669809 -0.742534 0.000000
vn -0.689932 -0.723874 0.000000
vn -0.689932 -0.723874 0.000000
vn -0.669809 -0.742534 0.000000
vn -0.649172 -0.760642 0.000000
vn -0.649172 -0.760642 0.000000
vn -0.628091 -0.778140 0.000000
vn -0.628091 -0.778140 0.000000
vn -0.606483 -0.795096 0.000000
vn -0.606483 -0.795096 0.000000
vn -0.584443 -0.811435 0.000000
vn -0.584443 -0.811435 0.000000
vn -0.561980 -0.827151 0.000000
vn -0.561980 -0.827151 0.000000
vn -0.539052 -0.842273 0.000000
vn -0.539052 -0.842273 0.000000
vn -0.515756 -0.856735 0.000000
vn -0.515756 -0.856735 0.000000
vn -0.492078 -0.870551 0.000000
vn -0.492078 -0.870551 0.000000
vn -0.467968 -0.883745 0.000000
vn -0.467968 -0.883745 0.000000
vn -0.443592 -0.896229 0.000000
vn -0.443592 -0.896229 0.000000
vn -0.418816 -0.908071 0.000000
vn -0.418816 -0.908071 0.000000
vn -0.393749 -0.919218 0.000000
vn -0.393749 -0.919218 0.000000
vn -0.368377 -0.929676 0.000000
vn -0.368377 -0.929676 0.000000
vn -0.342728 -0.939435 0.000000
vn -0.342728 -0.939435 0.000000
vn -0.316830 -0.948482 0.000000
vn -0.316830 -0.948482 0.000000
vn -0.264344 -0.964429 0.000000
vn -0.290691 -0.956817 0.000000
vn -0.290691 -0.956817 0.000000
vn -0.264344 -0.964429 0.000000
vn -0.237787 -0.971317 0.000000
vn -0.237787 -0.971317 0.000000
vn -0.211023 -0.977481 0.000000
vn -0.211023 -0.977481 0.000000
vn -0.157112 -0.987581 0.000000
vn -0.184153 -0.982898 0.000000
vn -0.184153 -0.982898 0.000000
vn -0.157112 -0.987581 0.000000
vn -0.129964 -0.991519 0.000000
vn -0.129964 -0.991519 0.000000
vn -0.102713 -0.994711 0.000000
vn -0.102713 -0.994711 0.000000
vn -0.047968 -0.998849 0.000000
vn -0.075393 -0.997154 0.000000
vn -0.075393 -0.997154 0.000000
vn -0.020577 -0.999788 0.000000
vn -0.047968 -0.998849 0.000000
vn -0.020577 -0.999788 0.000000
vn 0.006848 -0.999977 0.000000
vn 0.006848 -0.999977 0.000000
vn 0.034307 -0.999411 0.000000
vn 0.061663 -0.998097 0.000000
vn 0.034307 -0.999411 0.000000
vn 0.061663 -0.998097 0.000000
vn 0.089053 -0.996027 0.000000
vn 0.116373 -0.993206 0.000000
vn 0.089053 -0.996027 0.000000
vn 0.116373 -0.993206 0.000000
vn 0.143521 -0.989647 0.000000
vn 0.143521 -0.989647 0.000000
vn 0.170666 -0.985329 0.000000
vn 0.197607 -0.980281 0.000000
vn 0.170666 -0.985329 0.000000
vn 0.197607 -0.980281 0.000000
vn 0.224439 -0.974488 0.000000
vn 0.251067 -0.967970 0.000000
vn 0.224439 -0.974488 0.000000
vn 0.251067 -0.967970 0.000000
vn 0.277550 -0.960711 0.000000
vn 0.277550 -0.960711 0.000000
vn 0.303794 -0.952738 0.000000
vn 0.329798 -0.944051 0.000000
vn 0.303794 -0.952738 0.000000
vn 0.329798 -0.944051 0.000000
vn 0.355618 -0.934631 0.000000
vn 0.355618 -0.934631 0.000000
vn 0.381100 -0.924534 0.000000
vn 0.406303 -0.913738 0.000000
vn 0.381100 -0.924534 0.000000
vn 0.406303 -0.913738 0.000000
vn 0.431223 -0.902245 0.000000
vn 0.431223 -0.902245 0.000000
vn 0.455830 -0.890067 0.000000
vn 0.480086 -0.877221 0.000000
vn 0.455830 -0.890067 0.000000
vn 0.480086 -0.877221 0.000000
vn 0.503942 -0.863737 0.000000
vn 0.503942 -0.863737 0.000000
vn 0.527470 -0.849574 0.000000
vn 0.527470 -0.849574 0.000000
vn 0.550554 -0.834799 0.000000
vn 0.573277 -0.819361 0.000000
vn 0.550554 -0.834799 0.000000
vn 0.573277 -0.819361 0.000000
vn 0.595528 -0.803335 0.000000
vn 0.595528 -0.803335 0.000000
vn 0.617330 -0.786704 0.000000
vn 0.617330 -0.786704 0.000000
vn 0.659558 -0.751653 0.000000
vn 0.638696 -0.769459 0.000000
vn 0.638696 -0.769459 0.000000
vn 0.659558 -0.751653 0.000000
vn 0.679930 -0.733277 0.000000
vn 0.679930 -0.733277 0.000000
vn 0.699800 -0.714338 0.000000
vn 0.719129 -0.694876 0.000000
vn 0.699800 -0.714338 0.000000
vn 0.719129 -0.694876 0.000000
vn 0.737930 -0.674877 0.000000
vn 0.737930 -0.674877 0.000000
vn 0.756153 -0.654395 0.000000
vn 0.773819 -0.633407 0.000000
vn 0.756153 -0.654395 0.000000
vn 0.773819 -0.633407 0.000000
vn 0.790913 -0.611929 0.000000
vn 0.790913 -0.611929 0.000000
vn 0.807404 -0.589999 0.000000
vn 0.807404 -0.589999 0.000000
vn 0.823282 -0.567633 0.000000
vn 0.838551 -0.544823 0.000000
vn 0.823282 -0.567633 0.000000
vn 0.838551 -0.544823 0.000000
vn 0.853173 -0.521628 0.000000
vn 0.867171 -0.498011 0.000000
vn 0.853173 -0.521628 0.000000
vn 0.867171 -0.498011 0.000000
vn 0.880497 -0.474052 0.000000
vn 0.880497 -0.474052 0.000000
vn 0.893176 -0.449708 0.000000
vn 0.893176 -0.449708 0.000000
vn 0.905181 -0.425027 0.000000
vn 0.905181 -0.425027 0.000000
vn 0.916496 -0.400044 0.000000
vn 0.916496 -0.400044 0.000000
vn 0.937056 -0.349180 0.000000
vn 0.927128 -0.374746 0.000000
vn 0.927128 -0.374746 0.000000
vn 0.937056 -0.349180 0.000000
vn 0.954799 -0.297252 0.000000
vn 0.946286 -0.323331 0.000000
vn 0.946286 -0.323331 0.000000
vn 0.962596 -0.270941 0.000000
vn 0.954799 -0.297252 0.000000
vn 0.969664 -0.244441 0.000000
vn 0.962596 -0.270941 0.000000
vn 0.969664 -0.244441 0.000000
vn 0.981612 -0.190885 0.000000
vn 0.976007 -0.217741 0.000000
vn 0.976007 -0.217741 0.000000
vn 0.981612 -0.190885 0.000000
vn 0.990604 -0.136760 0.000000
vn 0.986480 -0.163883 0.000000
vn 0.986480 -0.163883 0.000000
vn 0.990604 -0.136760 0.000000
vn 0.993984 -0.109524 0.000000
vn 0.993984 -0.109524 0.000000
vn 0.996614 -0.082223 0.000000
vn 0.998495 -0.054841 0.000000
vn 0.996614 -0.082223 0.000000
vn 0.998495 -0.054841 0.000000
vn 0.999624 -0.027434 0.000000
vn 0.999624 -0.027434 0.000000
vn 1.000000 0.000000 -0.000000
vn 1.000000 0.000000 0.000000
vn 0.999624 0.027434 0.000000
vn 0.999624 0.027434 -0.000000
vn 0.998495 0.054841 0.000000
vn 0.996614 0.082223 -0.000000
vn 0.998495 0.054841 -0.000000
vn 0.996614 0.082223 -0.000000
vn 0.993984 0.109524 -0.000000
vn 0.993984 0.109524 -0.000000
vn 0.986480 0.163883 -0.000000
vn 0.990604 0.136760 -0.000000
vn 0.990604 0.136760 0.000000
vn 0.986480 0.163883 -0.000000
vn 0.976007 0.217741 -0.000000
vn 0.981612 0.190885 -0.000000
vn 0.981612 0.190885 0.000000
vn 0.969664 0.244441 -0.000000
vn 0.976007 0.217741 -0.000000
vn 0.969664 0.244441 -0.000000
vn 0.954799 0.297252 -0.000000
vn 0.962596 0.270941 -0.000000
vn 0.962596 0.270941 0.000000
vn 0.946286 0.323331 -0.000000
vn 0.954799 0.297252 -0.000000
vn 0.946286 0.323331 -0.000000
vn 0.937056 0.349180 -0.000000
vn 0.937056 0.349180 0.000000
vn 0.927128 0.374746 -0.000000
vn 0.927128 0.374746 0.000000
vn 0.916496 0.400044 -0.000000
vn 0.916496 0.400044 0.000000
vn 0.905181 0.425027 -0.000000
vn 0.905181 0.425027 0.000000
vn 0.893176 0.449708 -0.000000
vn 0.893176 0.449708 0.000000
vn 0.880497 0.474052 -0.000000
vn 0.880497 0.474052 0.000000
vn 0.867171 0.498011 -0.000000
vn 0.867171 0.498011 0.000000
vn 0.853178 0.521620 -0.000000
vn 0.853178 0.521620 0.000000
vn 0.838546 0.544831 0.000000
vn 0.838546 0.544831 -0.000000
vn 0.823287 0.567625 0.000000
vn 0.823287 0.567625 -0.000000
vn 0.807398 0.590007 0.000000
vn 0.790913 0.611929 -0.000000
vn 0.807398 0.590007 -0.000000
vn 0.790913 0.611929 -0.000000
vn 0.773826 0.633399 0.000000
vn 0.773826 0.633399 -0.000000
vn 0.756153 0.654395 -0.000000
vn 0.756153 0.654395 0.000000
vn 0.737922 0.674886 -0.000000
vn 0.737922 0.674886 0.000000
vn 0.699792 0.714347 -0.000000
vn 0.719129 0.694876 -0.000000
vn 0.719129 0.694876 0.000000
vn 0.699792 0.714347 -0.000000
vn 0.679939 0.733268 -0.000000
vn 0.679939 0.733268 0.000000
vn 0.659558 0.751653 -0.000000
vn 0.659558 0.751653 0.000000
vn 0.638686 0.769468 -0.000000
vn 0.638686 0.769468 0.000000
vn 0.617351 0.786688 -0.000000
vn 0.617351 0.786688 0.000000
vn 0.595516 0.803343 -0.000000
vn 0.595516 0.803343 0.000000
vn 0.550566 0.834791 -0.000000
vn 0.573266 0.819369 -0.000000
vn 0.573266 0.819369 0.000000
vn 0.527470 0.849574 -0.000000
vn 0.550566 0.834791 -0.000000
vn 0.527470 0.849574 -0.000000
vn 0.480073 0.877229 -0.000000
vn 0.503955 0.863730 -0.000000
vn 0.503955 0.863730 0.000000
vn 0.480073 0.877229 -0.000000
vn 0.455817 0.890074 -0.000000
vn 0.455817 0.890074 0.000000
vn 0.406317 0.913732 -0.000000
vn 0.431237 0.902239 -0.000000
vn 0.431237 0.902239 0.000000
vn 0.406317 0.913732 -0.000000
vn 0.381100 0.924534 -0.000000
vn 0.381100 0.924534 0.000000
vn 0.355588 0.934643 -0.000000
vn 0.355588 0.934643 -0.000000
vn 0.329814 0.944046 0.000000
vn 0.303794 0.952738 -0.000000
vn 0.329814 0.944046 -0.000000
vn 0.277550 0.960711 -0.000000
vn 0.303794 0.952738 -0.000000
vn 0.277550 0.960711 -0.000000
vn 0.251067 0.967970 0.000000
vn 0.251067 0.967970 -0.000000
vn 0.224439 0.974488 0.000000
vn 0.224439 0.974488 -0.000000
vn 0.197607 0.980281 0.000000
vn 0.197607 0.980281 -0.000000
vn 0.170649 0.985332 0.000000
vn 0.170649 0.985332 -0.000000
vn 0.143555 0.989642 0.000000
vn 0.116339 0.993210 -0.000000
vn 0.143555 0.989642 -0.000000
vn 0.116339 0.993210 -0.000000
vn 0.089053 0.996027 0.000000
vn 0.089053 0.996027 -0.000000
vn 0.061698 0.998095 0.000000
vn 0.034290 0.999412 -0.000000
vn 0.061698 0.998095 -0.000000
vn 0.034290 0.999412 -0.000000
vn 0.006865 0.999976 0.000000
vn 0.006865 0.999976 -0.000000
vn -0.020577 0.999788 0.000000
vn -0.020577 0.999788 0.000000
vn -0.048002 0.998847 0.000000
vn -0.048002 0.998847 0.000000
vn -0.075375 0.997155 0.000000
vn -0.075375 0.997155 0.000000
vn -0.102713 0.994711 0.000000
vn -0.102713 0.994711 0.000000
vn -0.129964 0.991519 0.000000
vn -0.157112 0.987581 0.000000
vn -0.129964 0.991519 0.000000
vn -0.157112 0.987581 0.000000
vn -0.184136 0.982901 0.000000
vn -0.184136 0.982901 0.000000
vn -0.211040 0.977477 0.000000
vn -0.211040 0.977477 0.000000
vn -0.237787 0.971317 0.000000
vn -0.237787 0.971317 0.000000
vn -0.264344 0.964429 0.000000
vn -0.264344 0.964429 0.000000
vn -0.290691 0.956817 0.000000
vn -0.290691 0.956817 0.000000
vn -0.316830 0.948482 0.000000
vn -0.316830 0.948482 0.000000
vn -0.368377 0.929676 0.000000
vn -0.342743 0.939429 0.000000
vn -0.342743 0.939429 0.000000
vn -0.368377 0.929676 0.000000
vn -0.393735 0.919224 0.000000
vn -0.393735 0.919224 0.000000
vn -0.418830 0.908065 0.000000
vn -0.418830 0.908065 0.000000
vn -0.443564 0.896243 0.000000
vn -0.443564 0.896243 0.000000
vn -0.467996 0.883731 0.000000
vn -0.467996 0.883731 0.000000
vn -0.492051 0.870566 0.000000
vn -0.515756 0.856735 0.000000
vn -0.492051 0.870566 0.000000
vn -0.515756 0.856735 0.000000
vn -0.539064 0.842265 0.000000
vn -0.539064 0.842265 0.000000
vn -0.561968 0.827159 0.000000
vn -0.584455 0.811426 0.000000
vn -0.561968 0.827159 0.000000
vn -0.584455 0.811426 0.000000
vn -0.606494 0.795088 0.000000
vn -0.606494 0.795088 0.000000
vn -0.628070 0.778157 0.000000
vn -0.628070 0.778157 0.000000
vn -0.649192 0.760625 0.000000
vn -0.669809 0.742534 0.000000
vn -0.649192 0.760625 0.000000
vn -0.669809 0.742534 0.000000
vn -0.689932 0.723874 0.000000
vn -0.689932 0.723874 0.000000
vn -0.728590 0.684950 0.000000
vn -0.709525 0.704680 0.000000
vn -0.709525 0.704680 0.000000
vn -0.747112 0.664698 0.000000
vn -0.728590 0.684950 0.000000
vn -0.765064 0.643955 0.000000
vn -0.747112 0.664698 0.000000
vn -0.765064 0.643955 0.000000
vn -0.782444 0.622721 0.000000
vn -0.782444 0.622721 0.000000
vn -0.799228 0.601028 0.000000
vn -0.799228 0.601028 0.000000
vn -0.815424 0.578864 0.000000
vn -0.815424 0.578864 0.000000
vn -0.845940 0.533279 0.000000
vn -0.830990 0.556287 0.000000
vn -0.830990 0.556287 0.000000
vn -0.845940 0.533279 0.000000
vn -0.860257 0.509860 0.000000
vn -0.860257 0.509860 0.000000
vn -0.873916 0.486077 0.000000
vn -0.873916 0.486077 0.000000
vn -0.886922 0.461918 0.000000
vn -0.886922 0.461918 0.000000
vn -0.899259 0.437416 0.000000
vn -0.899259 0.437416 0.000000
vn -0.910924 0.412574 0.000000
vn -0.921897 0.387436 0.000000
vn -0.910924 0.412574 0.000000
vn -0.921897 0.387436 0.000000
vn -0.932183 0.361986 0.000000
vn -0.932183 0.361986 0.000000
vn -0.941758 0.336292 0.000000
vn -0.950635 0.310312 0.000000
vn -0.941758 0.336292 0.000000
vn -0.950635 0.310312 0.000000
vn -0.958785 0.284133 0.000000
vn -0.958785 0.284133 0.000000
vn -0.966222 0.257710 0.000000
vn -0.972926 0.231118 0.000000
vn -0.966222 0.257710 0.000000
vn -0.972926 0.231118 0.000000
vn -0.978903 0.204328 0.000000
vn -0.978903 0.204328 0.000000
vn -0.984139 0.177398 0.000000
vn -0.984139 0.177398 0.000000
vn -0.988635 0.150336 0.000000
vn -0.988635 0.150336 0.000000
vn -0.992388 0.123153 0.000000
vn -0.992388 0.123153 0.000000
vn -0.997648 0.068542 0.000000
vn -0.995393 0.095883 0.000000
vn -0.995393 0.095883 0.000000
vn -0.999153 0.041146 0.000000
vn -0.997648 0.068542 0.000000
vn -0.999153 0.041146 0.000000
vn -0.999906 0.013717 0.000000
vn -0.999906 0.013717 0.000000
vn 0.000000 -1.000000 0.000000
vn 0.000000 -1.000000 0.000000
vn 0.000000 1.000000 0.000000
vn 0.000000 1.000000 0.000000
f 1//1 2//1 3//1
f 4//2 1//2 3//2
f 5//3 4//3 3//3
f 6//4 5//4 3//4
f 7//5 6//5 3//5
f 8//6 7//6 3//6
f 9//7 8//7 3//7
f 10//8 9//8 3//8
f 11//9 10//9 3//9
f 12//10 11//10 3//10
f 13//11 12//11 14//11
f 15//12 12//12 13//12
f 16//13 12//13 15//13
f 17//14 12//14 16//14
f 18//15 12//15 17//15
f 19//16 12//16 18//16
f 20//17 12//17 19//17
f 21//18 11//18 12//18
f 21//19 12//19 20//19
f 22//20 23//20 24//20
f 25//21 24//21 26//21
f 25//22 22//22 24//22
f 27//23 26//23 3//23
f 27//24 25//24 26//24
f 28//25 27//25 3//25
f 2//26 28//26 3//26
f 29//27 30//27 31//27
f 29//28 31//28 32//28
f 33//29 32//29 34//29
f 33//30 29//30 32//30
f 35//31 34//31 36//31
f 35//32 33//32 34//32
f 37//33 36//33 38//33
f 37//34 35//34 36//34
f 39//35 37//35 38//35
f 40//36 38//36 41//36
f 40//37 39//37 38//37
f 42//38 40//38 41//38
f 42//39 41//39 43//39
f 44//40 42//40 43//40
f 44//41 43//41 45//41
f 46//42 44//42 45//42
f 46//43 45//43 47//43
f 48//44 47//44 49//44
f 48//45 46//45 47//45
f 50//46 48//46 49//46
f 51//47 50//47 49//47
f 52//48 50//48 51//48
f 53//49 51//49 54//49
f 53//50 52//50 51//50
f 55//51 54//51 56//51
f 55//52 53//52 54//52
f 57//53 56//53 58//53
f 57//54 55//54 56//54
f 59//55 58//55 60//55
f 59//56 57//56 58//56
f 61//57 60//57 62//57
f 61//58 59//58 60//58
f 63//59 62//59 64//59
f 63//60 61//60 62//60
f 65//61 63//61 64//61
f 66//62 64//62 67//62
f 66//63 65//63 64//63
f 68//64 67//64 69//64
f 68//65 66//65 67//65
f 70//66 69//66 71//66
f 70//67 68//67 69//67
f 72//68 71//68 73//68
f 72//69 70//69 71//69
f 74//70 73//70 75//70
f 74//71 72//71 73//71
f 76//72 75//72 77//72
f 76//73 74//73 75//73
f 76//74 78//74 74//74
f 79//75 77//75 80//75
f 79//76 76//76 77//76
f 81//77 80//77 82//77
f 81//78 79//78 80//78
f 83//79 82//79 84//79
f 83//80 81//80 82//80
f 85//81 84//81 86//81
f 85//82 83//82 84//82
f 87//83 86//83 88//83
f 87//84 85//84 86//84
f 89//85 87//85 88//85
f 89//86 88//86 90//86
f 91//87 89//87 90//87
f 91//88 90//88 92//88
f 93//89 91//89 92//89
f 94//90 93//90 92//90
f 94//91 92//91 95//91
f 96//92 94//92 95//92
f 96//93 95//93 97//93
f 98//94 96//94 97//94
f 98//95 97//95 99//95
f 100//96 98//96 99//96
f 100//97 99//97 101//97
f 102//98 100//98 101//98
f 102//99 101//99 103//99
f 104//100 102//100 103//100
f 104//101 103//101 105//101
f 106//102 104//102 105//102
f 106//103 105//103 107//103
f 108//104 106//104 107//104
f 108//105 107//105 109//105
f 110//106 109//106 111//106
f 110//107 108//107 109//107
f 112//108 111//108 113//108
f 112//109 110//109 111//109
f 114//110 113//110 115//110
f 114//111 112//111 113//111
f 116//112 115//112 117//112
f 116//113 114//113 115//113
f 118//114 117//114 119//114
f 118//115 116//115 117//115
f 120//116 119//116 121//116
f 120//117 118//117 119//117
f 122//118 121//118 123//118
f 122//119 120//119 121//119
f 124//120 123//120 125//120
f 124//121 122//121 123//121
f 126//122 125//122 127//122
f 126//123 124//123 125//123
f 128//124 127//124 129//124
f 128//125 126//125 127//125
f 130//126 129//126 131//126
f 130//127 128//127 129//127
f 132//128 131//128 133//128
f 132//129 130//129 131//129
f 134//130 133//130 135//130
f 134//131 132//131 133//131
f 136//132 135//132 137//132
f 136//133 134//133 135//133
f 138//134 137//134 139//134
f 138//135 136//135 137//135
f 140//136 138//136 139//136
f 140//137 139//137 141//137
f 142//138 140//138 141//138
f 142//139 141//139 143//139
f 144//140 142//140 143//140
f 144//141 143//141 145//141
f 146//142 144//142 145//142
f 146//143 145//143 147//143
f 148//144 146//144 147//144
f 148//145 147//145 149//145
f 150//146 148//146 149//146
f 150//147 149//147 151//147
f 152//148 150//148 151//148
f 152//149 151//149 153//149
f 154//150 155//150 156//150
f 157//151 152//151 153//151
f 157//152 155//152 154//152
f 157//153 153//153 155//153
f 158//154 154//154 156//154
f 158//155 156//155 159//155
f 160//156 157//156 154//156
f 161//157 158//157 159//157
f 161//158 159//158 162//158
f 163//159 161//159 162//159
f 163//160 162//160 164//160
f 165//161 163//161 164//161
f 166//162 165//162 164//162
f 166//163 164//163 167//163
f 168//164 166//164 167//164
f 168//165 167//165 169//165
f 170//166 168//166 169//166
f 171//167 170//167 169//167
f 171//168 169//168 172//168
f 173//169 171//169 172//169
f 173//170 172//170 174//170
f 175//171 173//171 174//171
f 176//172 175//172 174//172
f 176//173 174//173 177//173
f 178//174 177//174 179//174
f 178//175 176//175 177//175
f 180//176 178//176 179//176
f 181//177 179//177 182//177
f 181//178 180//178 179//178
f 183//179 182//179 184//179
f 183//180 181//180 182//180
f 185//181 184//181 186//181
f 185//182 183//182 184//182
f 187//183 185//183 186//183
f 188//184 187//184 186//184
f 189//185 188//185 186//185
f 189//186 186//186 190//186
f 191//187 189//187 190//187
f 191//188 190//188 192//188
f 193//189 191//189 192//189
f 194//190 193//190 192//190
f 194//191 192//191 195//191
f 196//192 194//192 195//192
f 196//193 195//193 197//193
f 198//194 196//194 197//194
f 199//195 198//195 197//195
f 200//196 198//196 199//196
f 201//197 200//197 199//197
f 201//198 199//198 202//198
f 203//199 201//199 202//199
f 203//200 202//200 204//200
f 205//201 203//201 204//201
f 206//202 205//202 204//202
f 206//203 204//203 207//203
f 208//204 206//204 207//204
f 208//205 207//205 209//205
f 210//206 208//206 209//206
f 211//207 210//207 209//207
f 212//208 210//208 211//208
f 213//209 212//209 211//209
f 213//210 211//210 214//210
f 215//211 213//211 214//211
f 216//212 215//212 214//212
f 217//213 215//213 216//213
f 218//214 217//214 216//214
f 218//215 216//215 219//215
f 220//216 218//216 219//216
f 221//217 220//217 219//217
f 222//218 220//218 221//218
f 223//219 222//219 221//219
f 224//220 222//220 223//220
f 225//221 224//221 223//221
f 226//222 224//222 225//222
f 227//223 226//223 225//223
f 227//224 225//224 228//224
f 229//225 227//225 228//225
f 229//226 228//226 230//226
f 231//227 230//227 232//227
f 231//228 229//228 230//228
f 233//229 232//229 234//229
f 233//230 231//230 232//230
f 235//231 233//231 234//231
f 236//232 235//232 234//232
f 237//233 235//233 236//233
f 238//234 237//234 236//234
f 239//235 237//235 238//235
f 240//236 239//236 238//236
f 241//237 239//237 240//237
f 242//238 241//238 240//238
f 243//239 241//239 242//239
f 244//240 243//240 242//240
f 245//241 244//241 246//241
f 245//242 243//242 244//242
f 247//243 246//243 248//243
f 247//244 245//244 246//244
f 249//245 248//245 250//245
f 249//246 247//246 248//246
f 251//247 250//247 252//247
f 251//248 249//248 250//248
f 253//249 251//249 252//249
f 254//250 253//250 255//250
f 254//251 251//251 253//251
f 256//252 255//252 257//252
f 256//253 254//253 255//253
f 258//254 257//254 259//254
f 258//255 256//255 257//255
f 260//256 258//256 259//256
f 261//257 260//257 262//257
f 261//258 258//258 260//258
f 263//259 262//259 264//259
f 263//260 261//260 262//260
f 263//261 265//261 261//261
f 266//262 263//262 264//262
f 266//263 264//263 267//263
f 268//264 267//264 269//264
f 268//265 266//265 267//265
f 270//266 269//266 271//266
f 270//267 268//267 269//267
f 272//268 271//268 273//268
f 272//269 270//269 271//269
f 274//270 273//270 275//270
f 274//271 272//271 273//271
f 276//272 275//272 277//272
f 276//273 274//273 275//273
f 278//274 277//274 279//274
f 278//275 276//275 277//275
f 280//276 279//276 281//276
f 280//277 278//277 279//277
f 282//278 281//278 283//278
f 282//279 280//279 281//279
f 284//280 283//280 285//280
f 284//281 282//281 283//281
f 286//282 285//282 287//282
f 286//283 284//283 285//283
f 288//284 287//284 289//284
f 288//285 286//285 287//285
f 290//286 288//286 289//286
f 290//287 289//287 291//287
f 292//288 290//288 291//288
f 292//289 291//289 293//289
f 294//290 292//290 293//290
f 294//291 293//291 295//291
f 296//292 294//292 295//292
f 296//293 295//293 297//293
f 298//294 296//294 297//294
f 298//295 297//295 299//295
f 300//296 298//296 299//296
f 300//297 299//297 301//297
f 302//298 300//298 301//298
f 302//299 301//299 303//299
f 304//300 302//300 303//300
f 304//301 303//301 305//301
f 306//302 304//302 305//302
f 306//303 305//303 307//303
f 308//304 307//304 309//304
f 308//305 306//305 307//305
f 310//306 309//306 311//306
f 310//307 308//307 309//307
f 312//308 311//308 313//308
f 312//309 310//309 311//309
f 314//310 313//310 315//310
f 314//311 312//311 313//311
f 316//312 315//312 317//312
f 316//313 314//313 315//313
f 318//314 317//314 319//314
f 318//315 316//315 317//315
f 320//316 319//316 321//316
f 320//317 318//317 319//317
f 322//318 321//318 323//318
f 322//319 320//319 321//319
f 324//320 322//320 323//320
f 325//321 323//321 326//321
f 325//322 324//322 323//322
f 327//323 326//323 328//323
f 327//324 325//324 326//324
f 329//325 328//325 330//325
f 329//326 327//326 328//326
f 331//327 330//327 332//327
f 331//328 329//328 330//328
f 333//329 332//329 334//329
f 333//330 331//330 332//330
f 335//331 334//331 336//331
f 335//332 333//332 334//332
f 337//333 336//333 338//333
f 337//334 335//334 336//334
f 339//335 338//335 340//335
f 339//336 337//336 338//336
f 341//337 339//337 340//337
f 341//338 340//338 342//338
f 343//339 341//339 342//339
f 343//340 342//340 344//340
f 345//341 343//341 344//341
f 345//342 344//342 346//342
f 347//343 345//343 346//343
f 347//344 346//344 348//344
f 349//345 347//345 348//345
f 349//346 348//346 350//346
f 351//347 349//347 350//347
f 351//348 350//348 352//348
f 353//349 351//349 352//349
f 353//350 352//350 354//350
f 355//351 353//351 354//351
f 355//352 354//352 356//352
f 357//353 355//353 356//353
f 357//354 356//354 358//354
f 359//355 357//355 358//355
f 359//356 358//356 360//356
f 361//357 359//357 360//357
f 361//358 360//358 362//358
f 363//359 361//359 362//359
f 363//360 362//360 364//360
f 365//361 363//361 364//361
f 365//362 364//362 366//362
f 367//363 365//363 366//363
f 367//364 366//364 368//364
f 369//365 367//365 368//365
f 369//366 368//366 370//366
f 371//367 369//367 370//367
f 371//368 370//368 372//368
f 373//369 371//369 372//369
f 373//370 372//370 374//370
f 375//371 374//371 376//371
f 375//372 373//372 374//372
f 377//373 375//373 376//373
f 377//374 376//374 378//374
f 379//375 378//375 380//375
f 379//376 377//376 378//376
f 381//377 380//377 382//377
f 381//378 379//378 380//378
f 383//379 382//379 384//379
f 383//380 381//380 382//380
f 385//381 384//381 386//381
f 385//382 383//382 384//382
f 387//383 386//383 388//383
f 387//384 385//384 386//384
f 389//385 388//385 390//385
f 389//386 387//386 388//386
f 391//387 389//387 390//387
f 391//388 390//388 392//388
f 393//389 391//389 392//389
f 393//390 392//390 394//390
f 395//391 393//391 394//391
f 395//392 394//392 396//392
f 397//393 395//393 396//393
f 397//394 396//394 398//394
f 399//395 397//395 398//395
f 399//396 398//396 400//396
f 401//397 399//397 400//397
f 401//398 400//398 402//398
f 403//399 401//399 402//399
f 403//400 402//400 404//400
f 405//401 403//401 404//401
f 405//402 404//402 406//402
f 407//403 405//403 406//403
f 407//404 406//404 408//404
f 409//405 407//405 408//405
f 409//406 408//406 410//406
f 411//407 409//407 410//407
f 411//408 410//408 412//408
f 413//409 411//409 412//409
f 413//410 412//410 414//410
f 415//411 413//411 414//411
f 415//412 414//412 416//412
f 417//413 415//413 416//413
f 417//414 416//414 418//414
f 11//415 419//415 420//415
f 421//416 419//416 11//416
f 421//417 417//417 418//417
f 421//418 418//418 419//418
f 10//419 11//419 420//419
f 10//420 420//420 422//420
f 423//421 421//421 11//421
f 9//422 10//422 422//422
f 9//423 422//423 424//423
f 8//424 9//424 424//424
f 8//425 424//425 425//425
f 7//426 8//426 425//426
f 7//427 425//427 426//427
f 6//428 7//428 426//428
f 6//429 426//429 427//429
f 5//430 6//430 427//430
f 428//431 5//431 427//431
f 4//432 5//432 428//432
f 429//433 4//433 428//433
f 1//434 4//434 429//434
f 430//435 1//435 429//435
f 2//436 1//436 430//436
f 431//437 2//437 430//437
f 28//438 2//438 431//438
f 432//439 28//439 431//439
f 27//440 432//440 433//440
f 27//441 28//441 432//441
f 25//442 27//442 433//442
f 25//443 433//443 434//443
f 22//444 25//444 434//444
f 435//445 22//445 434//445
f 23//446 22//446 435//446
f 436//447 435//447 437//447
f 436//448 23//448 435//448
f 438//449 437//449 439//449
f 438//450 436//450 437//450
f 440//451 439//451 441//451
f 440//452 438//452 439//452
f 442//453 441//453 443//453
f 442//454 440//454 441//454
f 444//455 443//455 445//455
f 444//456 442//456 443//456
f 446//457 445//457 447//457
f 446//458 444//458 445//458
f 448//459 447//459 449//459
f 448//460 446//460 447//460
f 450//461 449//461 451//461
f 450//462 448//462 449//462
f 452//463 451//463 453//463
f 452//464 450//464 451//464
f 454//465 453//465 455//465
f 454//466 452//466 453//466
f 456//467 455//467 457//467
f 456//468 454//468 455//468
f 458//469 456//469 457//469
f 459//470 458//470 457//470
f 460//471 458//471 459//471
f 461//472 460//472 459//472
f 462//473 460//473 461//473
f 463//474 462//474 461//474
f 464//475 463//475 461//475
f 465//476 463//476 464//476
f 466//477 464//477 467//477
f 466//478 465//478 464//478
f 468//479 467//479 469//479
f 468//480 466//480 467//480
f 470//481 468//481 469//481
f 471//482 470//482 469//482
f 472//483 470//483 471//483
f 473//484 472//484 471//484
f 474//485 472//485 473//485
f 475//486 474//486 473//486
f 476//487 474//487 475//487
f 477//488 476//488 475//488
f 477//489 475//489 478//489
f 479//490 477//490 478//490
f 479//491 478//491 480//491
f 481//492 479//492 480//492
f 481//493 480//493 482//493
f 483//494 481//494 482//494
f 484//495 483//495 482//495
f 485//496 483//496 484//496
f 486//497 485//497 484//497
f 487//498 485//498 486//498
f 488//499 487//499 486//499
f 488//500 486//500 489//500
f 490//501 488//501 489//501
f 490//502 489//502 491//502
f 492//503 490//503 491//503
f 492//504 491//504 493//504
f 494//505 492//505 493//505
f 494//506 493//506 495//506
f 496//507 494//507 495//507
f 31//508 496//508 495//508
f 30//509 496//509 31//509
f 21//510 497//510 423//510
f 21//511 423//511 11//511
f 498//512 499//512 500//512
f 498//513 500//513 501//513
f 502//514 501//514 503//514
f 502//515 498//515 501//515
f 504//516 503//516 505//516
f 504//517 502//517 503//517
f 506//518 504//518 505//518
f 507//519 506//519 505//519
f 508//520 506//520 507//520
f 509//521 508//521 507//521
f 509//522 507//522 510//522
f 511//523 509//523 510//523
f 511//524 510//524 512//524
f 513//525 511//525 512//525
f 514//526 513//526 512//526
f 515//527 513//527 514//527
f 516//528 515//528 514//528
f 516//529 514//529 517//529
f 518//530 516//530 517//530
f 518//531 517//531 519//531
f 520//532 518//532 519//532
f 521//533 520//533 519//533
f 522//534 520//534 521//534
f 523//535 522//535 521//535
f 524//536 522//536 523//536
f 525//537 524//537 523//537
f 525//538 523//538 526//538
f 527//539 525//539 526//539
f 528//540 527//540 526//540
f 529//541 527//541 528//541
f 530//542 529//542 528//542
f 531//543 529//543 530//543
f 532//544 531//544 530//544
f 533//545 532//545 530//545
f 534//546 532//546 533//546
f 535//547 534//547 533//547
f 536//548 535//548 533//548
f 537//549 535//549 536//549
f 538//550 537//550 536//550
f 539//551 538//551 536//551
f 540//552 538//552 539//552
f 541//553 540//553 539//553
f 542//554 540//554 541//554
f 543//555 542//555 541//555
f 544//556 542//556 543//556
f 545//557 544//557 543//557
f 546//558 544//558 545//558
f 547//559 546//559 545//559
f 548//560 546//560 547//560
f 549//561 548//561 547//561
f 550//562 548//562 549//562
f 551//563 550//563 549//563
f 552//564 550//564 551//564
f 553//565 552//565 551//565
f 554//566 552//566 553//566
f 555//567 554//567 553//567
f 556//568 554//568 555//568
f 557//569 556//569 555//569
f 558//570 556//570 557//570
f 559//571 558//571 557//571
f 560//572 558//572 559//572
f 561//573 560//573 559//573
f 562//574 560//574 561//574
f 563//575 562//575 561//575
f 564//576 562//576 563//576
f 565//577 564//577 563//577
f 566//578 564//578 565//578
f 567//579 566//579 565//579
f 568//580 566//580 567//580
f 569//581 568//581 567//581
f 570//582 568//582 569//582
f 570//583 569//583 571//583
f 572//584 570//584 571//584
f 573//585 572//585 571//585
f 14//586 572//586 573//586
f 13//587 14//587 573//587
f 13//588 573//588 574//588
f 15//589 13//589 574//589
f 15//590 574//590 575//590
f 16//591 15//591 575//591
f 16//592 575//592 576//592
f 577//593 16//593 576//593
f 17//594 16//594 577//594
f 578//595 17//595 577//595
f 18//596 17//596 578//596
f 19//597 18//597 578//597
f 19//598 578//598 579//598
f 20//599 19//599 579//599
f 20//600 579//600 580//600
f 581//601 20//601 580//601
f 21//602 20//602 581//602
f 21//603 581//603 582//603
f 583//604 21//604 582//604
f 583//605 582//605 584//605
f 583//606 497//606 21//606
f 585//607 584//607 586//607
f 585//608 583//608 584//608
f 587//609 586//609 588//609
f 587//610 585//610 586//610
f 589//611 588//611 590//611
f 589//612 587//612 588//612
f 591//613 590//613 592//613
f 591//614 589//614 590//614
f 593//615 592//615 594//615
f 593//616 591//616 592//616
f 595//617 594//617 596//617
f 595//618 593//618 594//618
f 597//619 595//619 596//619
f 597//620 596//620 598//620
f 599//621 597//621 598//621
f 599//622 598//622 600//622
f 601//623 599//623 600//623
f 601//624 600//624 602//624
f 603//625 601//625 602//625
f 603//626 602//626 604//626
f 605//627 603//627 604//627
f 605//628 604//628 606//628
f 607//629 605//629 606//629
f 607//630 606//630 608//630
f 609//631 607//631 608//631
f 609//632 608//632 610//632
f 611//633 609//633 610//633
f 611//634 610//634 612//634
f 613//635 611//635 612//635
f 613//636 612//636 614//636
f 615//637 613//637 614//637
f 615//638 614//638 616//638
f 617//639 615//639 616//639
f 617//640 616//640 618//640
f 619//641 617//641 618//641
f 619//642 618//642 620//642
f 621//643 619//643 620//643
f 621//644 620//644 622//644
f 623//645 621//645 622//645
f 623//646 622//646 624//646
f 625//647 623//647 624//647
f 625//648 624//648 626//648
f 627//649 625//649 626//649
f 627//650 626//650 628//650
f 629//651 628//651 630//651
f 629//652 627//652 628//652
f 631//653 630//653 632//653
f 631//654 629//654 630//654
f 633//655 632//655 634//655
f 633//656 631//656 632//656
f 635//657 634//657 636//657
f 635//658 633//658 634//658
f 637//659 636//659 638//659
f 637//660 635//660 636//660
f 639//661 638//661 640//661
f 639//662 637//662 638//662
f 641//663 640//663 642//663
f 641//664 639//664 640//664
f 643//665 642//665 644//665
f 643//666 641//666 642//666
f 645//667 644//667 646//667
f 645//668 643//668 644//668
f 647//669 645//669 646//669
f 647//670 646//670 648//670
f 649//671 647//671 648//671
f 649//672 648//672 650//672
f 651//673 650//673 652//673
f 651//674 649//674 650//674
f 653//675 652//675 654//675
f 653//676 651//676 652//676
f 655//677 654//677 656//677
f 655//678 653//678 654//678
f 657//679 656//679 658//679
f 657//680 655//680 656//680
f 659//681 658//681 660//681
f 659//682 657//682 658//682
f 661//683 660//683 662//683
f 661//684 659//684 660//684
f 663//685 662//685 664//685
f 663//686 661//686 662//686
f 665//687 664//687 666//687
f 665//688 663//688 664//688
f 667//689 666//689 668//689
f 667//690 665//690 666//690
f 669//691 668//691 670//691
f 669//692 667//692 668//692
f 671//693 670//693 672//693
f 671//694 669//694 670//694
f 673//695 672//695 674//695
f 673//696 671//696 672//696
f 675//697 674//697 676//697
f 675//698 673//698 674//698
f 677//699 676//699 678//699
f 677//700 675//700 676//700
f 679//701 677//701 678//701
f 680//702 678//702 681//702
f 680//703 679//703 678//703
f 682//704 681//704 683//704
f 682//705 680//705 681//705
f 684//706 683//706 685//706
f 684//707 682//707 683//707
f 686//708 685//708 687//708
f 686//709 684//709 685//709
f 688//710 687//710 689//710
f 688//711 686//711 687//711
f 690//712 689//712 691//712
f 690//713 688//713 689//713
f 692//714 691//714 693//714
f 692//715 690//715 691//715
f 694//716 693//716 695//716
f 694//717 692//717 693//717
f 696//718 695//718 697//718
f 696//719 694//719 695//719
f 698//720 696//720 697//720
f 698//721 697//721 699//721
f 700//722 698//722 699//722
f 700//723 699//723 701//723
f 702//724 700//724 701//724
f 702//725 701//725 703//725
f 704//726 702//726 703//726
f 704//727 703//727 705//727
f 706//728 704//728 705//728
f 706//729 705//729 707//729
f 708//730 706//730 707//730
f 708//731 707//731 709//731
f 710//732 708//732 709//732
f 710//733 709//733 711//733
f 712//734 710//734 711//734
f 712//735 711//735 713//735
f 714//736 712//736 713//736
f 714//737 713//737 715//737
f 716//738 714//738 715//738
f 716//739 715//739 717//739
f 718//740 717//740 719//740
f 718//741 716//741 717//741
f 720//742 719//742 721//742
f 720//743 718//743 719//743
f 722//744 721//744 723//744
f 722//745 720//745 721//745
f 724//746 723//746 725//746
f 724//747 722//747 723//747
f 726//748 725//748 727//748
f 726//749 724//749 725//749
f 728//750 727//750 729//750
f 728//751 726//751 727//751
f 730//752 729//752 731//752
f 730//753 728//753 729//753
f 732//754 731//754 733//754
f 732//755 730//755 731//755
f 734//756 733//756 735//756
f 734//757 732//757 733//757
f 736//758 735//758 737//758
f 736//759 734//759 735//759
f 738//760 739//760 740//760
f 741//761 737//761 739//761
f 741//762 736//762 737//762
f 741//763 739//763 738//763
f 742//764 741//764 738//764
f 743//765 740//765 744//765
f 743//766 744//766 745//766
f 743//767 738//767 740//767
f 746//768 745//768 747//768
f 746//769 743//769 745//769
f 748//770 746//770 747//770
f 748//771 747//771 749//771
f 750//772 748//772 749//772
f 750//773 749//773 751//773
f 752//774 750//774 751//774
f 753//775 750//775 752//775
f 754//776 753//776 752//776
f 755//777 753//777 754//777
f 755//778 754//778 756//778
f 757//779 755//779 756//779
f 757//780 756//780 758//780
f 759//781 757//781 758//781
f 759//782 758//782 760//782
f 761//783 759//783 760//783
f 761//784 760//784 762//784
f 763//785 761//785 762//785
f 764//786 763//786 762//786
f 765//787 763//787 764//787
f 766//788 765//788 764//788
f 767//789 765//789 766//789
f 768//790 767//790 766//790
f 769//791 767//791 768//791
f 770//792 769//792 768//792
f 771//793 769//793 770//793
f 772//794 771//794 770//794
f 773//795 771//795 772//795
f 774//796 773//796 772//796
f 775//797 773//797 774//797
f 776//798 775//798 774//798
f 777//799 775//799 776//799
f 778//800 777//800 776//800
f 778//801 776//801 779//801
f 780//802 778//802 779//802
f 780//803 779//803 781//803
f 782//804 780//804 781//804
f 782//805 781//805 783//805
f 784//806 782//806 783//806
f 785//807 784//807 783//807
f 786//808 784//808 785//808
f 787//809 786//809 785//809
f 787//810 785//810 788//810
f 789//811 787//811 788//811
f 790//812 789//812 788//812
f 791//813 789//813 790//813
f 792//814 790//814 793//814
f 792//815 791//815 790//815
f 794//816 793//816 795//816
f 794//817 792//817 793//817
f 796//818 794//818 795//818
f 797//819 796//819 795//819
f 798//820 796//820 797//820
f 799//821 798//821 797//821
f 799//822 797//822 800//822
f 801//823 799//823 800//823
f 802//824 801//824 800//824
f 803//825 801//825 802//825
f 804//826 803//826 802//826
f 804//827 802//827 805//827
f 806//828 804//828 805//828
f 806//829 805//829 807//829
f 808//830 806//830 807//830
f 809//831 808//831 807//831
f 810//832 808//832 809//832
f 811//833 810//833 809//833
f 811//834 809//834 812//834
f 813//835 811//835 812//835
f 813//836 812//836 814//836
f 815//837 813//837 814//837
f 816//838 815//838 814//838
f 817//839 816//839 814//839
f 817//840 814//840 818//840
f 819//841 817//841 818//841
f 819//842 818//842 820//842
f 821//843 819//843 820//843
f 821//844 820//844 822//844
f 823//845 821//845 822//845
f 824//846 823//846 822//846
f 824//847 822//847 825//847
f 826//848 824//848 825//848
f 826//849 825//849 827//849
f 828//850 826//850 827//850
f 829//851 828//851 827//851
f 829//852 827//852 830//852
f 831//853 829//853 830//853
f 831//854 830//854 832//854
f 833//855 831//855 832//855
f 834//856 833//856 832//856
f 834//857 832//857 835//857
f 836//858 834//858 835//858
f 836//859 835//859 837//859
f 838//860 836//860 837//860
f 838//861 837//861 839//861
f 840//862 838//862 839//862
f 840//863 839//863 841//863
f 842//864 841//864 843//864
f 842//865 840//865 841//865
f 844//866 842//866 843//866
f 845//867 843//867 846//867
f 845//868 844//868 843//868
f 847//869 846//869 848//869
f 847//870 849//870 845//870
f 847//871 845//871 846//871
f 850//872 848//872 851//872
f 850//873 847//873 848//873
f 852//874 850//874 851//874
f 852//875 851//875 853//875
f 854//876 853//876 855//876
f 854//877 852//877 853//877
f 856//878 855//878 857//878
f 856//879 854//879 855//879
f 858//880 857//880 859//880
f 858//881 856//881 857//881
f 860//882 859//882 861//882
f 860//883 858//883 859//883
f 862//884 861//884 863//884
f 862//885 860//885 861//885
f 864//886 863//886 865//886
f 864//887 862//887 863//887
f 866//888 865//888 867//888
f 866//889 864//889 865//889
f 868//890 867//890 869//890
f 868//891 866//891 867//891
f 870//892 869//892 871//892
f 870//893 868//893 869//893
f 872//894 871//894 873//894
f 872//895 870//895 871//895
f 874//896 873//896 875//896
f 874//897 872//897 873//897
f 876//898 875//898 877//898
f 876//899 874//899 875//899
f 878//900 877//900 879//900
f 878//901 876//901 877//901
f 880//902 879//902 881//902
f 880//903 878//903 879//903
f 882//904 881//904 883//904
f 882//905 880//905 881//905
f 884//906 883//906 885//906
f 884//907 882//907 883//907
f 886//908 885//908 887//908
f 886//909 884//909 885//909
f 888//910 887//910 889//910
f 888//911 886//911 887//911
f 890//912 889//912 891//912
f 890//913 888//913 889//913
f 892//914 891//914 893//914
f 892//915 890//915 891//915
f 894//916 893//916 895//916
f 894//917 892//917 893//917
f 896//918 895//918 897//918
f 896//919 894//919 895//919
f 898//920 897//920 899//920
f 898//921 896//921 897//921
f 900//922 898//922 899//922
f 900//923 899//923 901//923
f 902//924 900//924 901//924
f 902//925 901//925 903//925
f 904//926 902//926 903//926
f 904//927 903//927 905//927
f 906//928 904//928 905//928
f 906//929 905//929 907//929
f 908//930 906//930 907//930
f 908//931 907//931 909//931
f 910//932 908//932 909//932
f 911//933 910//933 909//933
f 911//934 909//934 912//934
f 913//935 911//935 912//935
f 913//936 912//936 914//936
f 915//937 914//937 916//937
f 915//938 913//938 914//938
f 917//939 915//939 916//939
f 917//940 916//940 918//940
f 919//941 918//941 920//941
f 919//942 917//942 918//942
f 921//943 920//943 922//943
f 921//944 919//944 920//944
f 923//945 922//945 924//945
f 923//946 921//946 922//946
f 925//947 926//947 927//947
f 928//948 924//948 926//948
f 928//949 923//949 924//949
f 928//950 926//950 925//950
f 929//951 927//951 930//951
f 929//952 925//952 927//952
f 931//953 928//953 925//953
f 932//954 930//954 933//954
f 932//955 929//955 930//955
f 934//956 933//956 935//956
f 934//957 932//957 933//957
f 936//958 934//958 935//958
f 937//959 935//959 938//959
f 937//960 936//960 935//960
f 939//961 938//961 940//961
f 939//962 937//962 938//962
f 941//963 940//963 942//963
f 941//964 939//964 940//964
f 943//965 942//965 944//965
f 943//966 941//966 942//966
f 945//967 943//967 944//967
f 946//968 944//968 947//968
f 946//969 945//969 944//969
f 948//970 947//970 949//970
f 948//971 946//971 947//971
f 950//972 948//972 949//972
f 950//973 949//973 951//973
f 952//974 950//974 951//974
f 953//975 952//975 951//975
f 953//976 951//976 954//976
f 955//977 953//977 954//977
f 955//978 954//978 956//978
f 957//979 955//979 956//979
f 957//980 956//980 958//980
f 959//981 957//981 958//981
f 960//982 959//982 958//982
f 960//983 958//983 961//983
f 962//984 960//984 961//984
f 962//985 961//985 963//985
f 964//986 962//986 963//986
f 964//987 963//987 965//987
f 966//988 964//988 965//988
f 967//989 966//989 965//989
f 967//990 965//990 968//990
f 969//991 967//991 968//991
f 969//992 968//992 970//992
f 971//993 969//993 970//993
f 972//994 971//994 970//994
f 973//995 971//995 972//995
f 974//996 973//996 972//996
f 974//997 972//997 500//997
f 499//998 974//998 500//998
f 566//999 975//999 976//999
f 566//1000 976//1000 564//1000
f 568//1001 12//1001 975//1001
f 568//1002 975//1002 566//1002
f 570//1003 12//1003 568//1003
f 572//1004 12//1004 570//1004
f 14//1005 12//1005 572//1005
f 564//1006 976//1006 562//1006
f 562//1007 976//1007 560//1007
f 560//1008 975//1008 558//1008
f 976//1009 975//1009 560//1009
f 558//1010 12//1010 556//1010
f 556//1011 12//1011 554//1011
f 554//1012 12//1012 552//1012
f 552//1013 12//1013 550//1013
f 550//1014 12//1014 548//1014
f 548//1015 12//1015 546//1015
f 546//1016 12//1016 544//1016
f 975//1017 12//1017 558//1017
f 23//1018 436//1018 24//1018
f 24//1019 438//1019 26//1019
f 436//1020 438//1020 24//1020
f 26//1021 440//1021 3//1021
f 438//1022 440//1022 26//1022
f 440//1023 442//1023 3//1023
f 442//1024 444//1024 3//1024
f 444//1025 446//1025 3//1025
f 446//1026 448//1026 3//1026
f 448//1027 450//1027 3//1027
f 450//1028 452//1028 3//1028
f 452//1029 454//1029 3//1029
f 460//1030 538//1030 458//1030
f 458//1031 538//1031 540//1031
f 458//1032 540//1032 456//1032
f 456//1033 540//1033 542//1033
f 456//1034 542//1034 454//1034
f 454//1035 542//1035 544//1035
f 454//1036 544//1036 3//1036
f 3//1037 544//1037 12//1037
f 977//1038 609//1038 611//1038
f 977//1039 607//1039 609//1039
f 977//1040 605//1040 607//1040
f 977//1041 603//1041 605//1041
f 977//1042 601//1042 603//1042
f 977//1043 599//1043 601//1043
f 977//1044 597//1044 599//1044
f 977//1045 595//1045 597//1045
f 977//1046 593//1046 595//1046
f 977//1047 591//1047 593//1047
f 977//1048 589//1048 591//1048
f 977//1049 587//1049 589//1049
f 977//1050 585//1050 587//1050
f 977//1051 583//1051 585//1051
f 977//1052 497//1052 583//1052
f 977//1053 655//1053 657//1053
f 977//1054 653//1054 655//1054
f 977//1055 651//1055 653//1055
f 977//1056 649//1056 651//1056
f 977//1057 647//1057 649//1057
f 977//1058 645//1058 647//1058
f 977//1059 643//1059 645//1059
f 977//1060 641//1060 643//1060
f 977//1061 639//1061 641//1061
f 977//1062 637//1062 639//1062
f 977//1063 635//1063 637//1063
f 977//1064 633//1064 635//1064
f 977//1065 631//1065 633//1065
f 977//1066 629//1066 631//1066
f 977//1067 627//1067 629//1067
f 977//1068 625//1068 627//1068
f 977//1069 623//1069 625//1069
f 977//1070 621//1070 623//1070
f 977//1071 619//1071 621//1071
f 977//1072 617//1072 619//1072
f 977//1073 615//1073 617//1073
f 977//1074 613//1074 615//1074
f 977//1075 611//1075 613//1075
f 978//1076 734//1076 736//1076
f 979//1077 734//1077 978//1077
f 980//1078 978//1078 736//1078
f 981//1079 732//1079 734//1079
f 981//1080 734//1080 979//1080
f 982//1081 980//1081 736//1081
f 982//1082 736//1082 741//1082
f 983//1083 732//1083 981//1083
f 984//1084 982//1084 741//1084
f 985//1085 730//1085 732//1085
f 985//1086 732//1086 983//1086
f 986//1087 741//1087 742//1087
f 986//1088 984//1088 741//1088
f 987//1089 730//1089 985//1089
f 988//1090 986//1090 742//1090
f 989//1091 728//1091 730//1091
f 989//1092 730//1092 987//1092
f 990//1093 988//1093 742//1093
f 991//1094 728//1094 989//1094
f 992//1095 990//1095 742//1095
f 993//1096 726//1096 728//1096
f 993//1097 728//1097 991//1097
f 994//1098 992//1098 742//1098
f 995//1099 726//1099 993//1099
f 996//1100 994//1100 742//1100
f 997//1101 724//1101 726//1101
f 997//1102 726//1102 995//1102
f 998//1103 996//1103 742//1103
f 999//1104 724//1104 997//1104
f 1000//1105 998//1105 742//1105
f 1001//1106 724//1106 999//1106
f 1001//1107 722//1107 724//1107
f 1002//1108 1000//1108 742//1108
f 1003//1109 722//1109 1001//1109
f 1004//1110 1002//1110 742//1110
f 1005//1111 720//1111 722//1111
f 1005//1112 722//1112 1003//1112
f 1006//1113 1004//1113 742//1113
f 1007//1114 720//1114 1005//1114
f 1008//1115 1006//1115 742//1115
f 1009//1116 718//1116 720//1116
f 1009//1117 720//1117 1007//1117
f 1010//1118 1008//1118 742//1118
f 1011//1119 718//1119 1009//1119
f 1012//1120 1010//1120 742//1120
f 1013//1121 716//1121 718//1121
f 1013//1122 718//1122 1011//1122
f 1014//1123 1012//1123 742//1123
f 1015//1124 716//1124 1013//1124
f 1016//1125 1014//1125 742//1125
f 1017//1126 716//1126 1015//1126
f 1017//1127 714//1127 716//1127
f 1018//1128 1016//1128 742//1128
f 1019//1129 714//1129 1017//1129
f 1020//1130 1018//1130 742//1130
f 1021//1131 714//1131 1019//1131
f 1021//1132 712//1132 714//1132
f 1022//1133 1020//1133 742//1133
f 1023//1134 712//1134 1021//1134
f 1024//1135 1022//1135 742//1135
f 1025//1136 712//1136 1023//1136
f 1025//1137 710//1137 712//1137
f 1026//1138 1024//1138 742//1138
f 1027//1139 710//1139 1025//1139
f 1028//1140 1026//1140 742//1140
f 1029//1141 710//1141 1027//1141
f 1029//1142 708//1142 710//1142
f 1030//1143 1028//1143 742//1143
f 1031//1144 708//1144 1029//1144
f 1032//1145 1030//1145 742//1145
f 1033//1146 708//1146 1031//1146
f 1033//1147 706//1147 708//1147
f 1034//1148 1032//1148 742//1148
f 1035//1149 704//1149 706//1149
f 1035//1150 706//1150 1033//1150
f 1036//1151 704//1151 1035//1151
f 1037//1152 702//1152 704//1152
f 1037//1153 704//1153 1036//1153
f 1038//1154 702//1154 1037//1154
f 1039//1155 700//1155 702//1155
f 1039//1156 702//1156 1038//1156
f 1040//1157 700//1157 1039//1157
f 1041//1158 700//1158 1040//1158
f 1041//1159 698//1159 700//1159
f 1042//1160 698//1160 1041//1160
f 1043//1161 698//1161 1042//1161
f 1043//1162 696//1162 698//1162
f 1044//1163 696//1163 1043//1163
f 1045//1164 694//1164 696//1164
f 1045//1165 696//1165 1044//1165
f 1046//1166 694//1166 1045//1166
f 1047//1167 692//1167 694//1167
f 1047//1168 694//1168 1046//1168
f 1048//1169 692//1169 1047//1169
f 1049//1170 690//1170 692//1170
f 1049//1171 692//1171 1048//1171
f 1050//1172 690//1172 1049//1172
f 1051//1173 690//1173 1050//1173
f 1051//1174 688//1174 690//1174
f 1052//1175 688//1175 1051//1175
f 1053//1176 688//1176 1052//1176
f 1053//1177 686//1177 688//1177
f 1054//1178 686//1178 1053//1178
f 1055//1179 686//1179 1054//1179
f 1055//1180 684//1180 686//1180
f 1056//1181 684//1181 1055//1181
f 1056//1182 682//1182 684//1182
f 1057//1183 682//1183 1056//1183
f 1058//1184 682//1184 1057//1184
f 1058//1185 680//1185 682//1185
f 1059//1186 680//1186 1058//1186
f 1060//1187 680//1187 1059//1187
f 1060//1188 679//1188 680//1188
f 1061//1189 679//1189 1060//1189
f 1062//1190 679//1190 1061//1190
f 1062//1191 677//1191 679//1191
f 1063//1192 677//1192 1062//1192
f 1063//1193 675//1193 677//1193
f 1064//1194 675//1194 1063//1194
f 1065//1195 673//1195 675//1195
f 1065//1196 675//1196 1064//1196
f 1066//1197 673//1197 1065//1197
f 1067//1198 673//1198 1066//1198
f 1067//1199 671//1199 673//1199
f 1068//1200 669//1200 671//1200
f 1068//1201 671//1201 1067//1201
f 1069//1202 669//1202 1068//1202
f 1070//1203 667//1203 669//1203
f 1070//1204 669//1204 1069//1204
f 1071//1205 665//1205 667//1205
f 1071//1206 667//1206 1070//1206
f 1072//1207 665//1207 1071//1207
f 1073//1208 663//1208 665//1208
f 1073//1209 665//1209 1072//1209
f 1074//1210 663//1210 1073//1210
f 1074//1211 661//1211 663//1211
f 1075//1212 661//1212 1074//1212
f 1076//1213 661//1213 1075//1213
f 1076//1214 659//1214 661//1214
f 1077//1215 659//1215 1076//1215
f 1077//1216 657//1216 659//1216
f 1078//1217 657//1217 1077//1217
f 1078//1218 977//1218 657//1218
f 1079//1219 977//1219 1078//1219
f 1080//1220 977//1220 1079//1220
f 1081//1221 977//1221 1080//1221
f 1082//1222 977//1222 1081//1222
f 1083//1223 977//1223 1082//1223
f 1084//1224 977//1224 1083//1224
f 1085//1225 977//1225 1084//1225
f 1086//1226 977//1226 1085//1226
f 1087//1227 977//1227 1086//1227
f 1088//1228 977//1228 1087//1228
f 1089//1229 977//1229 1088//1229
f 1090//1230 977//1230 1089//1230
f 1091//1231 977//1231 1090//1231
f 1092//1232 977//1232 1091//1232
f 1093//1233 1094//1233 1095//1233
f 1093//1234 1096//1234 1094//1234
f 1093//1235 1097//1235 1096//1235
f 1093//1236 1098//1236 1097//1236
f 1093//1237 1099//1237 1098//1237
f 1093//1238 1034//1238 742//1238
f 1093//1239 1100//1239 1034//1239
f 1093//1240 1101//1240 1100//1240
f 1093//1241 1102//1241 1101//1241
f 1093//1242 1103//1242 1102//1242
f 1093//1243 1104//1243 1103//1243
f 1093//1244 1105//1244 1104//1244
f 1093//1245 1106//1245 1105//1245
f 1093//1246 1107//1246 1106//1246
f 1093//1247 1108//1247 1107//1247
f 1093//1248 1109//1248 1108//1248
f 1093//1249 1110//1249 1109//1249
f 1093//1250 1111//1250 1110//1250
f 1093//1251 1112//1251 1111//1251
f 1093//1252 1113//1252 1112//1252
f 1093//1253 1114//1253 1113//1253
f 1093//1254 1115//1254 1114//1254
f 1093//1255 1116//1255 1115//1255
f 1093//1256 1117//1256 1116//1256
f 1093//1257 1118//1257 1117//1257
f 1093//1258 1095//1258 1118//1258
f 1119//1259 1120//1259 1099//1259
f 1119//1260 1121//1260 1120//1260
f 1119//1261 1099//1261 1093//1261
f 1122//1262 1123//1262 1121//1262
f 1122//1263 1121//1263 1119//1263
f 1124//1264 1123//1264 1122//1264
f 1124//1265 1125//1265 1123//1265
f 1124//1266 1126//1266 1125//1266
f 1127//1267 1128//1267 1126//1267
f 1127//1268 1129//1268 1128//1268
f 1127//1269 1126//1269 1124//1269
f 1130//1270 1131//1270 1129//1270
f 1130//1271 1129//1271 1127//1271
f 1132//1272 1133//1272 1131//1272
f 1132//1273 1134//1273 1133//1273
f 1132//1274 1131//1274 1130//1274
f 1135//1275 1136//1275 1134//1275
f 1135//1276 1137//1276 1136//1276
f 1135//1277 1134//1277 1132//1277
f 1138//1278 1139//1278 1137//1278
f 1138//1279 1140//1279 1139//1279
f 1138//1280 1137//1280 1135//1280
f 1141//1281 1142//1281 1140//1281
f 1141//1282 1143//1282 1142//1282
f 1141//1283 1140//1283 1138//1283
f 1144//1284 1145//1284 1143//1284
f 1144//1285 1146//1285 1145//1285
f 1144//1286 1143//1286 1141//1286
f 1147//1287 1146//1287 1144//1287
f 1147//1288 1148//1288 1146//1288
f 1147//1289 1149//1289 1148//1289
f 1150//1290 1149//1290 1147//1290
f 1150//1291 1151//1291 1149//1291
f 1150//1292 1152//1292 1151//1292
f 1153//1293 1154//1293 1152//1293
f 1153//1294 1155//1294 1154//1294
f 1153//1295 1152//1295 1150//1295
f 1156//1296 1157//1296 1155//1296
f 1156//1297 1158//1297 1157//1297
f 1156//1298 1155//1298 1153//1298
f 1159//1299 1160//1299 1158//1299
f 1159//1300 1161//1300 1160//1300
f 1159//1301 1158//1301 1156//1301
f 1162//1302 1163//1302 1161//1302
f 1162//1303 1164//1303 1163//1303
f 1162//1304 1161//1304 1159//1304
f 1165//1305 1164//1305 1162//1305
f 1165//1306 1166//1306 1164//1306
f 1165//1307 1167//1307 1166//1307
f 1168//1308 1169//1308 1167//1308
f 1168//1309 1170//1309 1169//1309
f 1168//1310 1167//1310 1165//1310
f 1171//1311 1170//1311 1168//1311
f 1171//1312 1172//1312 1170//1312
f 1171//1313 1173//1313 1172//1313
f 1174//1314 1175//1314 1173//1314
f 1174//1315 1176//1315 1175//1315
f 1174//1316 1173//1316 1171//1316
f 1177//1317 1176//1317 1174//1317
f 1177//1318 1178//1318 1176//1318
f 1179//1319 1178//1319 1177//1319
f 1179//1320 1180//1320 1178//1320
f 1179//1321 1181//1321 1180//1321
f 1182//1322 1183//1322 1181//1322
f 1182//1323 1184//1323 1183//1323
f 1182//1324 1181//1324 1179//1324
f 1185//1325 1184//1325 1182//1325
f 1185//1326 1186//1326 1184//1326
f 1185//1327 1187//1327 1186//1327
f 1188//1328 1187//1328 1185//1328
f 1188//1329 1189//1329 1187//1329
f 1188//1330 1190//1330 1189//1330
f 1191//1331 1190//1331 1188//1331
f 1191//1332 1192//1332 1190//1332
f 1191//1333 1193//1333 1192//1333
f 1194//1334 1195//1334 1193//1334
f 1194//1335 1196//1335 1195//1335
f 1194//1336 1193//1336 1191//1336
f 1197//1337 1196//1337 1194//1337
f 1197//1338 1198//1338 1196//1338
f 1197//1339 1199//1339 1198//1339
f 1200//1340 1201//1340 1199//1340
f 1200//1341 1199//1341 1197//1341
f 1202//1342 1201//1342 1200//1342
f 1202//1343 1203//1343 1201//1343
f 1202//1344 1204//1344 1203//1344
f 1205//1345 1204//1345 1202//1345
f 1205//1346 1206//1346 1204//1346
f 1205//1347 1207//1347 1206//1347
f 1208//1348 1207//1348 1205//1348
f 1208//1349 1209//1349 1207//1349
f 1208//1350 1210//1350 1209//1350
f 1211//1351 1210//1351 1208//1351
f 1211//1352 1212//1352 1210//1352
f 1213//1353 1214//1353 1212//1353
f 1213//1354 1215//1354 1214//1354
f 1213//1355 1212//1355 1211//1355
f 1216//1356 1215//1356 1213//1356
f 1216//1357 1217//1357 1215//1357
f 1216//1358 1218//1358 1217//1358
f 1219//1359 1218//1359 1216//1359
f 1219//1360 1220//1360 1218//1360
f 1221//1361 1222//1361 1220//1361
f 1221//1362 1223//1362 1222//1362
f 1221//1363 1220//1363 1219//1363
f 1224//1364 1225//1364 1223//1364
f 1224//1365 1223//1365 1221//1365
f 1226//1366 1227//1366 1225//1366
f 1226//1367 1228//1367 1227//1367
f 1226//1368 1225//1368 1224//1368
f 1229//1369 1228//1369 1226//1369
f 1229//1370 1230//1370 1228//1370
f 1231//1371 1232//1371 1230//1371
f 1231//1372 1233//1372 1232//1372
f 1231//1373 1230//1373 1229//1373
f 1234//1374 1235//1374 1233//1374
f 1234//1375 1233//1375 1231//1375
f 1236//1376 1235//1376 1234//1376
f 1236//1377 1237//1377 1235//1377
f 1238//1378 1239//1378 1240//1378
f 1238//1379 1241//1379 1239//1379
f 1238//1380 1242//1380 1241//1380
f 1238//1381 1243//1381 1242//1381
f 1238//1382 1244//1382 1243//1382
f 1238//1383 1245//1383 1244//1383
f 1238//1384 1246//1384 1245//1384
f 1238//1385 1247//1385 1246//1385
f 1238//1386 1248//1386 1247//1386
f 1238//1387 1249//1387 1248//1387
f 1238//1388 1250//1388 1249//1388
f 1238//1389 1251//1389 1250//1389
f 1238//1390 1252//1390 1251//1390
f 1238//1391 1253//1391 1252//1391
f 1238//1392 1254//1392 1253//1392
f 1238//1393 1255//1393 1254//1393
f 1238//1394 1256//1394 1255//1394
f 1238//1395 1257//1395 1256//1395
f 1238//1396 1258//1396 1257//1396
f 1238//1397 1259//1397 1258//1397
f 1238//1398 1260//1398 1259//1398
f 1238//1399 1261//1399 1260//1399
f 1238//1400 1262//1400 1261//1400
f 1238//1401 1263//1401 1262//1401
f 1238//1402 1264//1402 1263//1402
f 1238//1403 1265//1403 1264//1403
f 1238//1404 1266//1404 1265//1404
f 1238//1405 1267//1405 1266//1405
f 1238//1406 1268//1406 1267//1406
f 1238//1407 1269//1407 1268//1407
f 1238//1408 1270//1408 1269//1408
f 1238//1409 1271//1409 1270//1409
f 1238//1410 1272//1410 1271//1410
f 1238//1411 1273//1411 1272//1411
f 1238//1412 1274//1412 1273//1412
f 1238//1413 1275//1413 1274//1413
f 1238//1414 1276//1414 1275//1414
f 1238//1415 1236//1415 1276//1415
f 1238//1416 1237//1416 1236//1416
f 1238//1417 1277//1417 1237//1417
f 1238//1418 1278//1418 1277//1418
f 1238//1419 1279//1419 1278//1419
f 1238//1420 1280//1420 1279//1420
f 1238//1421 977//1421 1092//1421
f 1238//1422 1281//1422 1280//1422
f 1238//1423 1282//1423 1281//1423
f 1238//1424 1283//1424 1282//1424
f 1238//1425 1284//1425 1283//1425
f 1238//1426 1285//1426 1284//1426
f 1238//1427 1286//1427 1285//1427
f 1238//1428 1287//1428 1286//1428
f 1238//1429 1288//1429 1287//1429
f 1238//1430 1289//1430 1288//1430
f 1238//1431 1092//1431 1289//1431
f 423//1432 977//1432 1290//1432
f 423//1433 497//1433 977//1433
f 421//1434 423//1434 1290//1434
f 417//1435 421//1435 1290//1435
f 415//1436 417//1436 1290//1436
f 413//1437 415//1437 1290//1437
f 411//1438 413//1438 1290//1438
f 409//1439 411//1439 1290//1439
f 407//1440 409//1440 1290//1440
f 405//1441 407//1441 1290//1441
f 403//1442 405//1442 1290//1442
f 401//1443 403//1443 1290//1443
f 399//1444 401//1444 1290//1444
f 397//1445 399//1445 1290//1445
f 395//1446 397//1446 1290//1446
f 393//1447 395//1447 1290//1447
f 391//1448 393//1448 1290//1448
f 389//1449 391//1449 1290//1449
f 387//1450 389//1450 1290//1450
f 385//1451 387//1451 1290//1451
f 383//1452 385//1452 1290//1452
f 381//1453 383//1453 1290//1453
f 379//1454 381//1454 1290//1454
f 377//1455 379//1455 1290//1455
f 375//1456 377//1456 1290//1456
f 373//1457 375//1457 1290//1457
f 371//1458 373//1458 1290//1458
f 369//1459 371//1459 1290//1459
f 367//1460 369//1460 1290//1460
f 365//1461 367//1461 1290//1461
f 363//1462 365//1462 1290//1462
f 361//1463 363//1463 1290//1463
f 359//1464 361//1464 1290//1464
f 357//1465 359//1465 1290//1465
f 355//1466 357//1466 1290//1466
f 353//1467 355//1467 1290//1467
f 351//1468 353//1468 1290//1468
f 349//1469 351//1469 1290//1469
f 347//1470 349//1470 1290//1470
f 345//1471 347//1471 1290//1471
f 1291//1472 325//1472 327//1472
f 1291//1473 327//1473 1292//1473
f 1293//1474 327//1474 329//1474
f 1293//1475 1292//1475 327//1475
f 1294//1476 324//1476 325//1476
f 1294//1477 325//1477 1291//1477
f 1295//1478 1293//1478 329//1478
f 1296//1479 324//1479 1294//1479
f 1297//1480 329//1480 331//1480
f 1297//1481 1295//1481 329//1481
f 1298//1482 322//1482 324//1482
f 1298//1483 324//1483 1296//1483
f 1299//1484 1297//1484 331//1484
f 1299//1485 331//1485 333//1485
f 1300//1486 322//1486 1298//1486
f 1301//1487 1299//1487 333//1487
f 1302//1488 320//1488 322//1488
f 1302//1489 322//1489 1300//1489
f 1303//1490 1301//1490 333//1490
f 1303//1491 333//1491 335//1491
f 1304//1492 320//1492 1302//1492
f 1305//1493 1303//1493 335//1493
f 1305//1494 335//1494 337//1494
f 1306//1495 318//1495 320//1495
f 1306//1496 320//1496 1304//1496
f 1307//1497 1305//1497 337//1497
f 1308//1498 318//1498 1306//1498
f 1308//1499 316//1499 318//1499
f 1309//1500 1307//1500 337//1500
f 1309//1501 337//1501 339//1501
f 1310//1502 316//1502 1308//1502
f 1311//1503 1309//1503 339//1503
f 1311//1504 339//1504 341//1504
f 1312//1505 314//1505 316//1505
f 1312//1506 316//1506 1310//1506
f 1313//1507 1311//1507 341//1507
f 1314//1508 314//1508 1312//1508
f 1315//1509 1313//1509 341//1509
f 1315//1510 341//1510 343//1510
f 1316//1511 312//1511 314//1511
f 1316//1512 314//1512 1314//1512
f 1317//1513 1315//1513 343//1513
f 1317//1514 343//1514 345//1514
f 1318//1515 312//1515 1316//1515
f 1319//1516 345//1516 1290//1516
f 1319//1517 1317//1517 345//1517
f 1320//1518 310//1518 312//1518
f 1320//1519 312//1519 1318//1519
f 1321//1520 1319//1520 1290//1520
f 1322//1521 310//1521 1320//1521
f 1323//1522 1321//1522 1290//1522
f 1324//1523 308//1523 310//1523
f 1324//1524 310//1524 1322//1524
f 1325//1525 1323//1525 1290//1525
f 1326//1526 308//1526 1324//1526
f 1327//1527 1325//1527 1290//1527
f 1328//1528 306//1528 308//1528
f 1328//1529 308//1529 1326//1529
f 1329//1530 1327//1530 1290//1530
f 1330//1531 306//1531 1328//1531
f 1331//1532 1329//1532 1290//1532
f 1332//1533 304//1533 306//1533
f 1332//1534 306//1534 1330//1534
f 1333//1535 1331//1535 1290//1535
f 1334//1536 304//1536 1332//1536
f 1335//1537 1333//1537 1290//1537
f 1336//1538 302//1538 304//1538
f 1336//1539 304//1539 1334//1539
f 1337//1540 1335//1540 1290//1540
f 1338//1541 302//1541 1336//1541
f 1339//1542 1337//1542 1290//1542
f 1340//1543 300//1543 302//1543
f 1340//1544 302//1544 1338//1544
f 1341//1545 1339//1545 1290//1545
f 1342//1546 300//1546 1340//1546
f 1343//1547 1341//1547 1290//1547
f 1344//1548 298//1548 300//1548
f 1344//1549 300//1549 1342//1549
f 1345//1550 1343//1550 1290//1550
f 1346//1551 298//1551 1344//1551
f 1347//1552 1345//1552 1290//1552
f 1348//1553 296//1553 298//1553
f 1348//1554 298//1554 1346//1554
f 1349//1555 294//1555 296//1555
f 1349//1556 296//1556 1348//1556
f 1350//1557 294//1557 1349//1557
f 1351//1558 294//1558 1350//1558
f 1351//1559 292//1559 294//1559
f 1352//1560 292//1560 1351//1560
f 1353//1561 290//1561 292//1561
f 1353//1562 292//1562 1352//1562
f 1354//1563 290//1563 1353//1563
f 1355//1564 288//1564 290//1564
f 1355//1565 290//1565 1354//1565
f 1356//1566 288//1566 1355//1566
f 1357//1567 286//1567 288//1567
f 1357//1568 288//1568 1356//1568
f 1358//1569 286//1569 1357//1569
f 1359//1570 284//1570 286//1570
f 1359//1571 286//1571 1358//1571
f 1360//1572 284//1572 1359//1572
f 1361//1573 282//1573 284//1573
f 1361//1574 284//1574 1360//1574
f 1362//1575 282//1575 1361//1575
f 1363//1576 280//1576 282//1576
f 1363//1577 282//1577 1362//1577
f 1364//1578 280//1578 1363//1578
f 1365//1579 278//1579 280//1579
f 1365//1580 280//1580 1364//1580
f 1366//1581 278//1581 1365//1581
f 1367//1582 276//1582 278//1582
f 1367//1583 278//1583 1366//1583
f 1368//1584 276//1584 1367//1584
f 1369//1585 276//1585 1368//1585
f 1369//1586 274//1586 276//1586
f 1370//1587 274//1587 1369//1587
f 1371//1588 272//1588 274//1588
f 1371//1589 274//1589 1370//1589
f 1372//1590 272//1590 1371//1590
f 1373//1591 270//1591 272//1591
f 1373//1592 272//1592 1372//1592
f 1374//1593 270//1593 1373//1593
f 1375//1594 268//1594 270//1594
f 1375//1595 270//1595 1374//1595
f 1376//1596 268//1596 1375//1596
f 1377//1597 268//1597 1376//1597
f 1377//1598 266//1598 268//1598
f 1378//1599 266//1599 1377//1599
f 1379//1600 263//1600 266//1600
f 1379//1601 266//1601 1378//1601
f 1380//1602 263//1602 1379//1602
f 1381//1603 265//1603 263//1603
f 1381//1604 263//1604 1380//1604
f 1382//1605 265//1605 1381//1605
f 1383//1606 265//1606 1382//1606
f 1384//1607 265//1607 1383//1607
f 1385//1608 265//1608 1384//1608
f 1386//1609 265//1609 1385//1609
f 1387//1610 265//1610 1386//1610
f 1388//1611 265//1611 1387//1611
f 1389//1612 265//1612 1388//1612
f 1390//1613 265//1613 1389//1613
f 1391//1614 265//1614 1390//1614
f 1392//1615 265//1615 1391//1615
f 1393//1616 265//1616 1392//1616
f 1394//1617 265//1617 1393//1617
f 1395//1618 265//1618 1394//1618
f 1396//1619 265//1619 1395//1619
f 1397//1620 265//1620 1396//1620
f 1398//1621 265//1621 1397//1621
f 1399//1622 265//1622 1398//1622
f 1400//1623 265//1623 1399//1623
f 1401//1624 265//1624 1400//1624
f 1402//1625 265//1625 1401//1625
f 1403//1626 265//1626 1402//1626
f 1404//1627 265//1627 1403//1627
f 1405//1628 265//1628 1404//1628
f 1406//1629 1407//1629 1347//1629
f 1406//1630 1347//1630 1290//1630
f 1406//1631 1408//1631 1407//1631
f 1406//1632 1409//1632 1408//1632
f 1406//1633 1410//1633 1409//1633
f 1406//1634 1411//1634 1410//1634
f 1406//1635 1412//1635 1411//1635
f 1406//1636 1413//1636 1412//1636
f 1406//1637 1414//1637 1413//1637
f 1406//1638 1415//1638 1414//1638
f 1406//1639 1416//1639 1415//1639
f 1406//1640 1417//1640 1416//1640
f 1406//1641 1418//1641 1417//1641
f 1406//1642 1419//1642 1418//1642
f 1406//1643 1420//1643 1419//1643
f 1421//1644 1422//1644 1423//1644
f 1421//1645 1424//1645 1422//1645
f 1425//1646 1424//1646 1421//1646
f 1425//1647 1426//1647 1424//1647
f 1427//1648 1423//1648 1428//1648
f 1427//1649 1421//1649 1423//1649
f 1429//1650 1430//1650 1426//1650
f 1429//1651 1431//1651 1430//1651
f 1429//1652 1426//1652 1425//1652
f 1432//1653 1433//1653 1434//1653
f 1432//1654 1428//1654 1433//1654
f 1432//1655 1427//1655 1428//1655
f 1435//1656 1431//1656 1429//1656
f 1435//1657 1436//1657 1431//1657
f 1435//1658 1437//1658 1436//1658
f 1438//1659 1434//1659 1439//1659
f 1438//1660 1432//1660 1434//1660
f 1440//1661 1437//1661 1435//1661
f 1440//1662 1441//1662 1437//1662
f 1442//1663 1443//1663 1444//1663
f 1442//1664 1439//1664 1443//1664
f 1442//1665 1438//1665 1439//1665
f 1445//1666 1446//1666 1441//1666
f 1445//1667 1447//1667 1446//1667
f 1445//1668 1441//1668 1440//1668
f 1448//1669 1444//1669 1449//1669
f 1448//1670 1442//1670 1444//1670
f 1450//1671 1451//1671 1447//1671
f 1450//1672 1452//1672 1451//1672
f 1450//1673 1447//1673 1445//1673
f 1453//1674 1448//1674 1449//1674
f 1453//1675 1449//1675 1420//1675
f 1453//1676 1420//1676 1406//1676
f 1454//1677 1452//1677 1450//1677
f 1454//1678 1455//1678 1452//1678
f 1454//1679 1456//1679 1455//1679
f 1457//1680 1453//1680 1406//1680
f 1458//1681 1459//1681 1456//1681
f 1458//1682 1456//1682 1454//1682
f 1460//1683 1457//1683 1406//1683
f 1461//1684 1459//1684 1458//1684
f 1461//1685 1462//1685 1459//1685
f 1461//1686 1463//1686 1462//1686
f 1464//1687 1460//1687 1406//1687
f 1465//1688 1463//1688 1461//1688
f 1465//1689 1466//1689 1463//1689
f 1465//1690 1467//1690 1466//1690
f 1468//1691 1464//1691 1406//1691
f 1469//1692 1467//1692 1465//1692
f 1469//1693 1470//1693 1467//1693
f 1469//1694 1471//1694 1470//1694
f 1472//1695 1468//1695 1406//1695
f 1473//1696 1474//1696 1471//1696
f 1473//1697 1475//1697 1474//1697
f 1473//1698 1471//1698 1469//1698
f 1476//1699 1472//1699 1406//1699
f 1477//1700 1475//1700 1473//1700
f 1477//1701 1478//1701 1475//1701
f 1477//1702 1479//1702 1478//1702
f 1480//1703 1476//1703 1406//1703
f 1481//1704 1482//1704 1479//1704
f 1481//1705 1483//1705 1482//1705
f 1481//1706 1479//1706 1477//1706
f 1484//1707 1480//1707 1406//1707
f 1485//1708 1483//1708 1481//1708
f 1485//1709 1486//1709 1483//1709
f 1485//1710 1487//1710 1486//1710
f 1488//1711 1484//1711 1406//1711
f 1489//1712 1487//1712 1485//1712
f 1489//1713 1490//1713 1487//1713
f 1491//1714 1488//1714 1406//1714
f 1492//1715 1490//1715 1489//1715
f 1492//1716 1493//1716 1490//1716
f 1492//1717 1494//1717 1493//1717
f 1495//1718 1491//1718 1406//1718
f 1496//1719 1497//1719 1494//1719
f 1496//1720 1498//1720 1497//1720
f 1496//1721 1494//1721 1492//1721
f 1499//1722 1495//1722 1406//1722
f 1500//1723 1498//1723 1496//1723
f 1500//1724 1501//1724 1498//1724
f 1500//1725 1502//1725 1501//1725
f 1503//1726 1499//1726 1406//1726
f 1504//1727 1505//1727 1502//1727
f 1504//1728 1506//1728 1505//1728
f 1504//1729 1502//1729 1500//1729
f 1507//1730 1503//1730 1406//1730
f 1508//1731 1506//1731 1504//1731
f 1508//1732 1509//1732 1506//1732
f 1508//1733 1510//1733 1509//1733
f 1511//1734 1507//1734 1406//1734
f 1512//1735 1513//1735 1510//1735
f 1512//1736 1514//1736 1513//1736
f 1512//1737 1510//1737 1508//1737
f 1515//1738 1511//1738 1406//1738
f 1516//1739 1514//1739 1512//1739
f 1516//1740 1517//1740 1514//1740
f 1516//1741 1518//1741 1517//1741
f 1519//1742 1515//1742 1406//1742
f 1520//1743 1518//1743 1516//1743
f 1520//1744 1521//1744 1518//1744
f 1520//1745 1522//1745 1521//1745
f 1523//1746 1519//1746 1406//1746
f 1524//1747 1522//1747 1520//1747
f 1524//1748 1525//1748 1522//1748
f 1524//1749 1526//1749 1525//1749
f 1527//1750 1523//1750 1406//1750
f 1528//1751 1526//1751 1524//1751
f 1528//1752 1529//1752 1526//1752
f 1528//1753 1530//1753 1529//1753
f 1531//1754 1527//1754 1406//1754
f 1532//1755 1533//1755 1530//1755
f 1532//1756 1534//1756 1533//1756
f 1532//1757 1530//1757 1528//1757
f 1535//1758 1531//1758 1406//1758
f 1536//1759 1534//1759 1532//1759
f 1536//1760 1537//1760 1534//1760
f 1536//1761 1538//1761 1537//1761
f 1539//1762 1535//1762 1406//1762
f 1540//1763 1538//1763 1536//1763
f 1540//1764 1541//1764 1538//1764
f 1540//1765 1542//1765 1541//1765
f 1543//1766 1539//1766 1406//1766
f 1544//1767 1542//1767 1540//1767
f 1544//1768 1545//1768 1542//1768
f 1544//1769 1546//1769 1545//1769
f 1547//1770 1543//1770 1406//1770
f 1548//1771 1546//1771 1544//1771
f 1548//1772 1549//1772 1546//1772
f 1548//1773 1550//1773 1549//1773
f 1551//1774 1547//1774 1406//1774
f 1552//1775 1550//1775 1548//1775
f 1552//1776 1553//1776 1550//1776
f 1554//1777 1551//1777 1406//1777
f 1555//1778 1553//1778 1552//1778
f 1555//1779 1556//1779 1553//1779
f 1555//1780 1557//1780 1556//1780
f 1558//1781 1554//1781 1406//1781
f 1559//1782 1560//1782 1557//1782
f 1559//1783 1561//1783 1560//1783
f 1559//1784 1557//1784 1555//1784
f 1562//1785 1558//1785 1406//1785
f 1563//1786 1561//1786 1559//1786
f 1563//1787 1564//1787 1561//1787
f 1565//1788 1562//1788 1406//1788
f 1566//1789 1564//1789 1563//1789
f 1566//1790 1567//1790 1564//1790
f 1566//1791 1568//1791 1567//1791
f 1569//1792 1565//1792 1406//1792
f 1570//1793 1571//1793 1568//1793
f 1570//1794 1572//1794 1571//1794
f 1570//1795 1573//1795 1572//1795
f 1570//1796 1574//1796 1573//1796
f 1570//1797 1575//1797 1574//1797
f 1570//1798 1576//1798 1575//1798
f 1570//1799 1577//1799 1576//1799
f 1570//1800 1578//1800 1577//1800
f 1570//1801 1579//1801 1578//1801
f 1570//1802 1580//1802 1579//1802
f 1570//1803 1581//1803 1580//1803
f 1570//1804 1582//1804 1581//1804
f 1570//1805 1583//1805 1582//1805
f 1570//1806 1584//1806 1583//1806
f 1570//1807 1585//1807 1584//1807
f 1570//1808 1586//1808 1585//1808
f 1570//1809 1587//1809 1586//1809
f 1570//1810 1588//1810 1587//1810
f 1570//1811 1589//1811 1588//1811
f 1570//1812 1568//1812 1566//1812
f 1570//1813 1590//1813 1589//1813
f 1570//1814 1591//1814 1590//1814
f 1570//1815 1592//1815 1591//1815
f 1570//1816 1593//1816 1592//1816
f 1570//1817 1594//1817 1593//1817
f 1570//1818 1405//1818 1594//1818
f 1570//1819 265//1819 1405//1819
f 1595//1820 1569//1820 1406//1820
f 1596//1821 1595//1821 1406//1821
f 1597//1822 1596//1822 1406//1822
f 1598//1823 1597//1823 1406//1823
f 1599//1824 1598//1824 1406//1824
f 1600//1825 1599//1825 1406//1825
f 1601//1826 1600//1826 1406//1826
f 1602//1827 1238//1827 1240//1827
f 1602//1828 1601//1828 1406//1828
f 1602//1829 1406//1829 1238//1829
f 261//1830 1570//1830 1603//1830
f 261//1831 265//1831 1570//1831
f 241//1832 1604//1832 1605//1832
f 241//1833 1605//1833 239//1833
f 243//1834 1606//1834 1604//1834
f 243//1835 1604//1835 241//1835
f 245//1836 1607//1836 1606//1836
f 245//1837 1606//1837 243//1837
f 247//1838 1608//1838 1607//1838
f 247//1839 1607//1839 245//1839
f 249//1840 1609//1840 1608//1840
f 249//1841 1608//1841 247//1841
f 251//1842 1610//1842 1609//1842
f 251//1843 1609//1843 249//1843
f 254//1844 1611//1844 1610//1844
f 254//1845 1612//1845 1611//1845
f 254//1846 1610//1846 251//1846
f 256//1847 1613//1847 1612//1847
f 256//1848 1612//1848 254//1848
f 258//1849 1603//1849 1613//1849
f 258//1850 1613//1850 256//1850
f 261//1851 1603//1851 258//1851
f 1614//1852 239//1852 1605//1852
f 1614//1853 237//1853 239//1853
f 1615//1854 235//1854 1614//1854
f 1614//1855 235//1855 237//1855
f 1616//1856 233//1856 1617//1856
f 1617//1857 233//1857 1615//1857
f 1615//1858 233//1858 235//1858
f 1616//1859 231//1859 233//1859
f 1618//1860 229//1860 1619//1860
f 1619//1861 229//1861 1616//1861
f 1616//1862 229//1862 231//1862
f 1618//1863 227//1863 229//1863
f 1620//1864 226//1864 1618//1864
f 1618//1865 226//1865 227//1865
f 1621//1866 220//1866 222//1866
f 1621//1867 222//1867 1622//1867
f 1622//1868 222//1868 1623//1868
f 1623//1869 222//1869 224//1869
f 1623//1870 224//1870 1620//1870
f 1620//1871 224//1871 226//1871
f 1624//1872 166//1872 168//1872
f 1624//1873 168//1873 170//1873
f 171//1874 1624//1874 170//1874
f 173//1875 1624//1875 171//1875
f 175//1876 1624//1876 173//1876
f 176//1877 1624//1877 175//1877
f 178//1878 1624//1878 176//1878
f 180//1879 1624//1879 178//1879
f 181//1880 1624//1880 180//1880
f 1621//1881 218//1881 220//1881
f 1625//1882 215//1882 217//1882
f 1625//1883 217//1883 218//1883
f 1625//1884 218//1884 1621//1884
f 1626//1885 215//1885 1625//1885
f 1626//1886 213//1886 215//1886
f 1627//1887 213//1887 1626//1887
f 1627//1888 212//1888 213//1888
f 1628//1889 212//1889 1627//1889
f 1628//1890 208//1890 210//1890
f 1628//1891 210//1891 212//1891
f 1629//1892 208//1892 1628//1892
f 1629//1893 206//1893 208//1893
f 1630//1894 205//1894 206//1894
f 1630//1895 206//1895 1629//1895
f 1631//1896 205//1896 1630//1896
f 1631//1897 203//1897 205//1897
f 1632//1898 201//1898 203//1898
f 1632//1899 203//1899 1631//1899
f 1633//1900 200//1900 201//1900
f 1633//1901 201//1901 1632//1901
f 1634//1902 1635//1902 1636//1902
f 1634//1903 1636//1903 1637//1903
f 1634//1904 1637//1904 1638//1904
f 1634//1905 1638//1905 1639//1905
f 1634//1906 1639//1906 1640//1906
f 1634//1907 1640//1907 1641//1907
f 1634//1908 1641//1908 1642//1908
f 1634//1909 1642//1909 1643//1909
f 1634//1910 1643//1910 1644//1910
f 1634//1911 1624//1911 181//1911
f 1634//1912 181//1912 183//1912
f 1634//1913 183//1913 185//1913
f 1634//1914 185//1914 187//1914
f 1634//1915 187//1915 188//1915
f 1634//1916 188//1916 189//1916
f 1634//1917 189//1917 191//1917
f 1634//1918 191//1918 193//1918
f 1634//1919 193//1919 194//1919
f 1634//1920 194//1920 196//1920
f 1634//1921 196//1921 198//1921
f 1634//1922 198//1922 200//1922
f 1634//1923 200//1923 1635//1923
f 1635//1924 200//1924 1645//1924
f 1645//1925 200//1925 1646//1925
f 1646//1926 200//1926 1647//1926
f 1647//1927 200//1927 1648//1927
f 1648//1928 200//1928 1649//1928
f 1649//1929 200//1929 1650//1929
f 1650//1930 200//1930 1651//1930
f 1651//1931 200//1931 1652//1931
f 1652//1932 200//1932 1653//1932
f 1653//1933 200//1933 1633//1933
f 1654//1934 154//1934 158//1934
f 1654//1935 158//1935 161//1935
f 1655//1936 161//1936 163//1936
f 1655//1937 163//1937 165//1937
f 1655//1938 1654//1938 161//1938
f 1624//1939 165//1939 166//1939
f 1624//1940 1655//1940 165//1940
f 154//1941 1654//1941 160//1941
f 160//1942 1654//1942 1656//1942
f 1656//1943 1655//1943 1657//1943
f 1654//1944 1655//1944 1656//1944
f 1657//1945 1624//1945 1658//1945
f 1655//1946 1624//1946 1657//1946
f 910//1947 1659//1947 1660//1947
f 911//1948 1661//1948 1659//1948
f 911//1949 1659//1949 910//1949
f 908//1950 1660//1950 1662//1950
f 908//1951 910//1951 1660//1951
f 913//1952 1661//1952 911//1952
f 913//1953 1663//1953 1664//1953
f 913//1954 1664//1954 1661//1954
f 906//1955 908//1955 1662//1955
f 906//1956 1662//1956 1665//1956
f 906//1957 1665//1957 1666//1957
f 915//1958 1667//1958 1663//1958
f 915//1959 1663//1959 913//1959
f 904//1960 1666//1960 1668//1960
f 904//1961 906//1961 1666//1961
f 917//1962 1669//1962 1667//1962
f 917//1963 1667//1963 915//1963
f 902//1964 904//1964 1668//1964
f 902//1965 1668//1965 1670//1965
f 919//1966 1671//1966 1669//1966
f 919//1967 1669//1967 917//1967
f 900//1968 1670//1968 1672//1968
f 900//1969 902//1969 1670//1969
f 921//1970 1673//1970 1674//1970
f 921//1971 1674//1971 1671//1971
f 921//1972 1671//1972 919//1972
f 898//1973 1672//1973 1675//1973
f 898//1974 1675//1974 1676//1974
f 898//1975 900//1975 1672//1975
f 923//1976 1673//1976 921//1976
f 923//1977 1677//1977 1673//1977
f 896//1978 898//1978 1676//1978
f 896//1979 1676//1979 1678//1979
f 928//1980 1679//1980 1677//1980
f 928//1981 1677//1981 923//1981
f 894//1982 896//1982 1678//1982
f 894//1983 1678//1983 1680//1983
f 1681//1984 1679//1984 928//1984
f 1681//1985 1682//1985 1679//1985
f 1681//1986 928//1986 931//1986
f 892//1987 894//1987 1680//1987
f 892//1988 1680//1988 1683//1988
f 1684//1989 1685//1989 1686//1989
f 1684//1990 1686//1990 1682//1990
f 1684//1991 1682//1991 1681//1991
f 1687//1992 1685//1992 1684//1992
f 1687//1993 1688//1993 1689//1993
f 1687//1994 1689//1994 1685//1994
f 890//1995 892//1995 1683//1995
f 890//1996 1683//1996 1690//1996
f 890//1997 1690//1997 1691//1997
f 1692//1998 1693//1998 1688//1998
f 1692//1999 1688//1999 1687//1999
f 888//2000 1691//2000 1694//2000
f 888//2001 890//2001 1691//2001
f 1695//2002 1696//2002 1697//2002
f 1695//2003 1697//2003 1693//2003
f 1695//2004 1693//2004 1692//2004
f 886//2005 888//2005 1694//2005
f 886//2006 1694//2006 1698//2006
f 1699//2007 1700//2007 1696//2007
f 1699//2008 1696//2008 1695//2008
f 884//2009 886//2009 1698//2009
f 884//2010 1698//2010 1701//2010
f 1702//2011 1703//2011 1704//2011
f 1702//2012 1704//2012 1700//2012
f 1702//2013 1700//2013 1699//2013
f 882//2014 884//2014 1701//2014
f 882//2015 1701//2015 1705//2015
f 882//2016 1705//2016 1706//2016
f 1707//2017 1708//2017 1703//2017
f 1707//2018 1703//2018 1702//2018
f 880//2019 882//2019 1706//2019
f 880//2020 1706//2020 1709//2020
f 1710//2021 1708//2021 1707//2021
f 1710//2022 1711//2022 1712//2022
f 1710//2023 1712//2023 1708//2023
f 878//2024 880//2024 1709//2024
f 878//2025 1709//2025 1713//2025
f 1714//2026 1715//2026 1711//2026
f 1714//2027 1711//2027 1710//2027
f 876//2028 878//2028 1713//2028
f 876//2029 1713//2029 1716//2029
f 1717//2030 1718//2030 1719//2030
f 1717//2031 1719//2031 1715//2031
f 1717//2032 1715//2032 1714//2032
f 874//2033 876//2033 1716//2033
f 874//2034 1716//2034 1720//2034
f 874//2035 1720//2035 1721//2035
f 1722//2036 1718//2036 1717//2036
f 1722//2037 1723//2037 1718//2037
f 872//2038 1721//2038 1724//2038
f 872//2039 874//2039 1721//2039
f 1725//2040 1726//2040 1723//2040
f 1725//2041 1723//2041 1722//2041
f 870//2042 872//2042 1724//2042
f 870//2043 1724//2043 1727//2043
f 1728//2044 1726//2044 1725//2044
f 868//2045 870//2045 1727//2045
f 868//2046 1727//2046 1729//2046
f 1730//2047 1726//2047 1728//2047
f 866//2048 868//2048 1729//2048
f 866//2049 1729//2049 1731//2049
f 1732//2050 1726//2050 1730//2050
f 864//2051 866//2051 1731//2051
f 864//2052 1731//2052 1733//2052
f 1734//2053 1726//2053 1732//2053
f 862//2054 864//2054 1733//2054
f 1735//2055 1726//2055 1734//2055
f 860//2056 862//2056 1733//2056
f 858//2057 860//2057 1733//2057
f 1736//2058 1726//2058 1735//2058
f 856//2059 858//2059 1733//2059
f 1737//2060 1726//2060 1736//2060
f 854//2061 856//2061 1733//2061
f 1738//2062 1726//2062 1737//2062
f 852//2063 854//2063 1733//2063
f 1739//2064 1726//2064 1738//2064
f 850//2065 852//2065 1733//2065
f 1740//2066 1726//2066 1739//2066
f 847//2067 850//2067 1733//2067
f 1741//2068 1726//2068 1740//2068
f 1742//2069 1726//2069 1741//2069
f 1743//2070 847//2070 1733//2070
f 1743//2071 849//2071 847//2071
f 1744//2072 1726//2072 1742//2072
f 1745//2073 1743//2073 1733//2073
f 1746//2074 1726//2074 1744//2074
f 1747//2075 1745//2075 1733//2075
f 1748//2076 1733//2076 1749//2076
f 1748//2077 1747//2077 1733//2077
f 1750//2078 1748//2078 1749//2078
f 1751//2079 1750//2079 1749//2079
f 1752//2080 1753//2080 1751//2080
f 1752//2081 1751//2081 1749//2081
f 1754//2082 1752//2082 1749//2082
f 1755//2083 1754//2083 1749//2083
f 1756//2084 1755//2084 1749//2084
f 1757//2085 1756//2085 1749//2085
f 1758//2086 1757//2086 1749//2086
f 1759//2087 1758//2087 1749//2087
f 1760//2088 1759//2088 1749//2088
f 1761//2089 1760//2089 1749//2089
f 1761//2090 1749//2090 1762//2090
f 1763//2091 1762//2091 1764//2091
f 1763//2092 1761//2092 1762//2092
f 1765//2093 1764//2093 1766//2093
f 1765//2094 1763//2094 1764//2094
f 1767//2095 1766//2095 1768//2095
f 1767//2096 1765//2096 1766//2096
f 1769//2097 1768//2097 1770//2097
f 1769//2098 1767//2098 1768//2098
f 1771//2099 1769//2099 1770//2099
f 1771//2100 1772//2100 1773//2100
f 1771//2101 1770//2101 1772//2101
f 1774//2102 1771//2102 1773//2102
f 1774//2103 1773//2103 1775//2103
f 1776//2104 1775//2104 1777//2104
f 1776//2105 1774//2105 1775//2105
f 1778//2106 1777//2106 1779//2106
f 1778//2107 1776//2107 1777//2107
f 1780//2108 1778//2108 1779//2108
f 1780//2109 1781//2109 1782//2109
f 1780//2110 1779//2110 1781//2110
f 1783//2111 1782//2111 1784//2111
f 1783//2112 1780//2112 1782//2112
f 1785//2113 1784//2113 1786//2113
f 1785//2114 1783//2114 1784//2114
f 1787//2115 1786//2115 1788//2115
f 1787//2116 1785//2116 1786//2116
f 1789//2117 1790//2117 1791//2117
f 1789//2118 1788//2118 1790//2118
f 1789//2119 1787//2119 1788//2119
f 1792//2120 1791//2120 1793//2120
f 1792//2121 1789//2121 1791//2121
f 1794//2122 1793//2122 1795//2122
f 1794//2123 1792//2123 1793//2123
f 1796//2124 1795//2124 1797//2124
f 1796//2125 1794//2125 1795//2125
f 1798//2126 1799//2126 1800//2126
f 1798//2127 1797//2127 1799//2127
f 1798//2128 1796//2128 1797//2128
f 1801//2129 1800//2129 1802//2129
f 1801//2130 1798//2130 1800//2130
f 1803//2131 1802//2131 1804//2131
f 1803//2132 1801//2132 1802//2132
f 1805//2133 1804//2133 1806//2133
f 1805//2134 1803//2134 1804//2134
f 1807//2135 1805//2135 1806//2135
f 1807//2136 1808//2136 1809//2136
f 1807//2137 1806//2137 1808//2137
f 1810//2138 1809//2138 1811//2138
f 1810//2139 1807//2139 1809//2139
f 1812//2140 1810//2140 1811//2140
f 1813//2141 1812//2141 1811//2141
f 1814//2142 1812//2142 1813//2142
f 1815//2143 1814//2143 1813//2143
f 1816//2144 1814//2144 1815//2144
f 1817//2145 1816//2145 1815//2145
f 1818//2146 1816//2146 1817//2146
f 1818//2147 1819//2147 1816//2147
f 1820//2148 1821//2148 1819//2148
f 1820//2149 1819//2149 1818//2149
f 1822//2150 1823//2150 1821//2150
f 1822//2151 1821//2151 1820//2151
f 1824//2152 1825//2152 1823//2152
f 1824//2153 1823//2153 1822//2153
f 1826//2154 1825//2154 1824//2154
f 1827//2155 1828//2155 1829//2155
f 1830//2156 1831//2156 1825//2156
f 1830//2157 1825//2157 1826//2157
f 1832//2158 1829//2158 1831//2158
f 1832//2159 1831//2159 1830//2159
f 1833//2160 1827//2160 1829//2160
f 1833//2161 1829//2161 1832//2161
f 1834//2162 1827//2162 1833//2162
f 1834//2163 1835//2163 1827//2163
f 1836//2164 1835//2164 1834//2164
f 1837//2165 1838//2165 1835//2165
f 1837//2166 1835//2166 1836//2166
f 1839//2167 1838//2167 1837//2167
f 1840//2168 1841//2168 1838//2168
f 1840//2169 1838//2169 1839//2169
f 1842//2170 1843//2170 1841//2170
f 1842//2171 1841//2171 1840//2171
f 1844//2172 1843//2172 1842//2172
f 1845//2173 1846//2173 1843//2173
f 1845//2174 1843//2174 1844//2174
f 1847//2175 1848//2175 1846//2175
f 1847//2176 1846//2176 1845//2176
f 1849//2177 1848//2177 1847//2177
f 1850//2178 1851//2178 1848//2178
f 1850//2179 1848//2179 1849//2179
f 1852//2180 1853//2180 1851//2180
f 1852//2181 1851//2181 1850//2181
f 1854//2182 1853//2182 1852//2182
f 1855//2183 1856//2183 1853//2183
f 1855//2184 1853//2184 1854//2184
f 1857//2185 1856//2185 1855//2185
f 1857//2186 1858//2186 1856//2186
f 1859//2187 1858//2187 1857//2187
f 1860//2188 1858//2188 1859//2188
f 1860//2189 1861//2189 1858//2189
f 1862//2190 1861//2190 1860//2190
f 1862//2191 1863//2191 1861//2191
f 1864//2192 1863//2192 1862//2192
f 1864//2193 1865//2193 1863//2193
f 1864//2194 1866//2194 1865//2194
f 1864//2195 1867//2195 1866//2195
f 1864//2196 1868//2196 1867//2196
f 1864//2197 1869//2197 1868//2197
f 1864//2198 1870//2198 1869//2198
f 1864//2199 1871//2199 1870//2199
f 1864//2200 1872//2200 1871//2200
f 1873//2201 1872//2201 1864//2201
f 1874//2202 1873//2202 1864//2202
f 1875//2203 1874//2203 1864//2203
f 1876//2204 1875//2204 1864//2204
f 1877//2205 1876//2205 1864//2205
f 1878//2206 1877//2206 1864//2206
f 1879//2207 1746//2207 1880//2207
f 1879//2208 1880//2208 1881//2208
f 1879//2209 1881//2209 1882//2209
f 1879//2210 1882//2210 1883//2210
f 1879//2211 1883//2211 1884//2211
f 1879//2212 1884//2212 1885//2212
f 1879//2213 1726//2213 1746//2213
f 1886//2214 1879//2214 1885//2214
f 1887//2215 1879//2215 1886//2215
f 1888//2216 1879//2216 1887//2216
f 1889//2217 1879//2217 1888//2217
f 1890//2218 1879//2218 1889//2218
f 1891//2219 1879//2219 1890//2219
f 1892//2220 1879//2220 1891//2220
f 1893//2221 1879//2221 1892//2221
f 1894//2222 1895//2222 1879//2222
f 1894//2223 1879//2223 1893//2223
f 1896//2224 1897//2224 1895//2224
f 1896//2225 1895//2225 1894//2225
f 1898//2226 1899//2226 1897//2226
f 1898//2227 1900//2227 1899//2227
f 1898//2228 1897//2228 1896//2228
f 1901//2229 1900//2229 1898//2229
f 1901//2230 1902//2230 1900//2230
f 1903//2231 1902//2231 1901//2231
f 1903//2232 1904//2232 1902//2232
f 1903//2233 1905//2233 1904//2233
f 1906//2234 1907//2234 1905//2234
f 1906//2235 1905//2235 1903//2235
f 1908//2236 1907//2236 1906//2236
f 1908//2237 1909//2237 1907//2237
f 1908//2238 1910//2238 1909//2238
f 1911//2239 1912//2239 1910//2239
f 1911//2240 1910//2240 1908//2240
f 1913//2241 1914//2241 1912//2241
f 1913//2242 1915//2242 1914//2242
f 1913//2243 1912//2243 1911//2243
f 1916//2244 1915//2244 1913//2244
f 1916//2245 1917//2245 1915//2245
f 1918//2246 1917//2246 1916//2246
f 1918//2247 1919//2247 1917//2247
f 1918//2248 1920//2248 1919//2248
f 1921//2249 1920//2249 1918//2249
f 1921//2250 1922//2250 1920//2250
f 1921//2251 1923//2251 1922//2251
f 1924//2252 1923//2252 1921//2252
f 1924//2253 1925//2253 1923//2253
f 76//2254 1924//2254 78//2254
f 76//2255 1925//2255 1924//2255
f 76//2256 1926//2256 1925//2256
f 79//2257 1926//2257 76//2257
f 79//2258 1927//2258 1926//2258
f 81//2259 1927//2259 79//2259
f 81//2260 1928//2260 1927//2260
f 81//2261 1929//2261 1928//2261
f 83//2262 1929//2262 81//2262
f 83//2263 1930//2263 1929//2263
f 85//2264 1930//2264 83//2264
f 85//2265 1931//2265 1930//2265
f 87//2266 1931//2266 85//2266
f 87//2267 1932//2267 1931//2267
f 89//2268 1932//2268 87//2268
f 89//2269 1933//2269 1932//2269
f 1934//2270 1933//2270 89//2270
f 91//2271 1934//2271 89//2271
f 1935//2272 1934//2272 91//2272
f 93//2273 1935//2273 91//2273
f 1936//2274 93//2274 94//2274
f 1936//2275 1935//2275 93//2275
f 1937//2276 94//2276 96//2276
f 1937//2277 1936//2277 94//2277
f 1938//2278 1937//2278 96//2278
f 1939//2279 96//2279 98//2279
f 1939//2280 1938//2280 96//2280
f 1940//2281 98//2281 100//2281
f 1940//2282 1939//2282 98//2282
f 1941//2283 100//2283 102//2283
f 1941//2284 1940//2284 100//2284
f 1942//2285 102//2285 104//2285
f 1942//2286 1941//2286 102//2286
f 1943//2287 1942//2287 104//2287
f 1944//2288 104//2288 106//2288
f 1944//2289 1943//2289 104//2289
f 1945//2290 1944//2290 106//2290
f 1945//2291 106//2291 108//2291
f 1946//2292 1945//2292 108//2292
f 1946//2293 108//2293 110//2293
f 1947//2294 1946//2294 110//2294
f 1947//2295 110//2295 112//2295
f 1948//2296 1947//2296 112//2296
f 1949//2297 1948//2297 112//2297
f 1949//2298 112//2298 114//2298
f 1950//2299 1949//2299 114//2299
f 1950//2300 114//2300 116//2300
f 1951//2301 1950//2301 116//2301
f 1951//2302 116//2302 118//2302
f 1952//2303 1951//2303 118//2303
f 1952//2304 118//2304 120//2304
f 1953//2305 1952//2305 120//2305
f 1954//2306 120//2306 122//2306
f 1954//2307 1953//2307 120//2307
f 1955//2308 122//2308 124//2308
f 1955//2309 1954//2309 122//2309
f 1956//2310 124//2310 126//2310
f 1956//2311 1955//2311 124//2311
f 1957//2312 1956//2312 126//2312
f 1957//2313 126//2313 128//2313
f 1656//2314 157//2314 160//2314
f 1958//2315 1957//2315 128//2315
f 1959//2316 1958//2316 128//2316
f 1959//2317 128//2317 130//2317
f 1960//2318 130//2318 132//2318
f 1960//2319 1959//2319 130//2319
f 1961//2320 1960//2320 132//2320
f 1961//2321 132//2321 134//2321
f 1962//2322 134//2322 136//2322
f 1962//2323 1961//2323 134//2323
f 1963//2324 136//2324 138//2324
f 1963//2325 1962//2325 136//2325
f 1964//2326 152//2326 157//2326
f 1964//2327 150//2327 152//2327
f 1964//2328 148//2328 150//2328
f 1964//2329 146//2329 148//2329
f 1964//2330 144//2330 146//2330
f 1964//2331 142//2331 144//2331
f 1964//2332 140//2332 142//2332
f 1964//2333 138//2333 140//2333
f 1964//2334 157//2334 1656//2334
f 1964//2335 1656//2335 1657//2335
f 1964//2336 1657//2336 1658//2336
f 1964//2337 1963//2337 138//2337
f 1965//2338 1964//2338 1658//2338
f 1966//2339 1878//2339 1864//2339
f 1967//2340 1968//2340 1969//2340
f 1970//2341 1971//2341 1972//2341
f 1973//2342 1966//2342 1864//2342
f 1973//2343 1974//2343 1975//2343
f 1973//2344 1975//2344 1976//2344
f 1973//2345 1976//2345 1977//2345
f 1973//2346 1977//2346 1978//2346
f 1973//2347 1978//2347 1979//2347
f 1973//2348 1979//2348 1980//2348
f 1973//2349 1980//2349 1981//2349
f 1973//2350 1981//2350 1982//2350
f 1973//2351 1982//2351 1983//2351
f 1973//2352 1983//2352 1984//2352
f 1973//2353 1984//2353 1985//2353
f 1973//2354 1985//2354 1986//2354
f 1973//2355 1986//2355 1987//2355
f 1973//2356 1987//2356 1966//2356
f 1988//2357 1989//2357 1990//2357
f 1988//2358 1991//2358 1989//2358
f 1988//2359 1992//2359 1991//2359
f 1988//2360 1993//2360 1992//2360
f 1988//2361 1968//2361 1967//2361
f 1988//2362 1994//2362 1993//2362
f 1988//2363 1995//2363 1994//2363
f 1988//2364 1996//2364 1995//2364
f 1988//2365 1967//2365 1996//2365
f 1988//2366 1964//2366 1965//2366
f 1988//2367 1965//2367 1997//2367
f 1988//2368 1997//2368 1968//2368
f 1998//2369 1988//2369 1990//2369
f 1998//2370 1990//2370 1999//2370
f 2000//2371 1974//2371 1973//2371
f 2000//2372 2001//2372 1974//2372
f 2002//2373 1998//2373 1999//2373
f 2002//2374 1999//2374 2003//2374
f 2004//2375 2001//2375 2000//2375
f 2004//2376 2005//2376 2001//2376
f 2006//2377 2005//2377 2004//2377
f 2007//2378 2003//2378 2008//2378
f 2007//2379 2002//2379 2003//2379
f 2009//2380 2007//2380 2008//2380
f 2009//2381 2008//2381 2010//2381
f 2011//2382 2012//2382 2005//2382
f 2011//2383 2005//2383 2006//2383
f 2013//2384 2009//2384 2010//2384
f 2013//2385 2010//2385 2014//2385
f 2015//2386 2016//2386 2012//2386
f 2015//2387 2012//2387 2011//2387
f 2017//2388 2013//2388 2014//2388
f 2018//2389 2016//2389 2015//2389
f 2019//2390 2017//2390 2014//2390
f 2019//2391 2014//2391 2020//2391
f 2021//2392 2022//2392 2016//2392
f 2021//2393 2016//2393 2018//2393
f 2023//2394 2020//2394 2024//2394
f 2023//2395 2019//2395 2020//2395
f 2025//2396 2026//2396 2022//2396
f 2025//2397 2022//2397 2021//2397
f 2027//2398 2026//2398 2025//2398
f 2028//2399 2024//2399 2029//2399
f 2028//2400 2023//2400 2024//2400
f 2030//2401 2031//2401 2026//2401
f 2030//2402 2026//2402 2027//2402
f 2032//2403 2029//2403 2033//2403
f 2032//2404 2028//2404 2029//2404
f 2034//2405 2032//2405 2033//2405
f 2035//2406 2036//2406 2031//2406
f 2035//2407 2031//2407 2030//2407
f 2037//2408 2033//2408 2038//2408
f 2037//2409 2034//2409 2033//2409
f 2039//2410 2036//2410 2035//2410
f 2040//2411 2038//2411 2041//2411
f 2040//2412 2037//2412 2038//2412
f 2042//2413 2043//2413 2036//2413
f 2042//2414 2036//2414 2039//2414
f 2044//2415 2041//2415 2045//2415
f 2044//2416 2040//2416 2041//2416
f 2046//2417 2047//2417 2043//2417
f 2046//2418 2043//2418 2042//2418
f 2048//2419 2047//2419 2046//2419
f 2049//2420 2045//2420 2050//2420
f 2049//2421 2044//2421 2045//2421
f 2051//2422 2052//2422 2047//2422
f 2051//2423 2047//2423 2048//2423
f 2053//2424 2049//2424 2050//2424
f 2054//2425 2052//2425 2051//2425
f 2055//2426 2053//2426 2050//2426
f 2055//2427 2050//2427 2056//2427
f 2057//2428 1972//2428 2052//2428
f 2057//2429 2052//2429 2054//2429
f 2058//2430 2056//2430 2059//2430
f 2058//2431 2055//2431 2056//2431
f 2060//2432 2059//2432 2061//2432
f 2060//2433 2058//2433 2059//2433
f 2062//2434 1972//2434 2057//2434
f 2062//2435 1970//2435 1972//2435
f 2063//2436 2060//2436 2061//2436
f 2063//2437 2061//2437 2064//2437
f 2065//2438 1970//2438 2062//2438
f 2065//2439 2066//2439 1970//2439
f 2067//2440 2066//2440 2065//2440
f 2067//2441 2068//2441 2066//2441
f 2069//2442 2063//2442 2064//2442
f 2070//2443 2069//2443 2064//2443
f 2070//2444 2064//2444 2071//2444
f 2072//2445 2068//2445 2067//2445
f 2073//2446 2070//2446 2071//2446
f 2073//2447 2071//2447 2074//2447
f 2075//2448 2068//2448 2072//2448
f 2075//2449 2076//2449 2068//2449
f 2077//2450 2073//2450 2074//2450
f 2077//2451 2074//2451 2078//2451
f 2079//2452 2080//2452 2076//2452
f 2079//2453 2076//2453 2075//2453
f 2081//2454 2077//2454 2078//2454
f 2081//2455 2078//2455 2082//2455
f 2083//2456 2080//2456 2079//2456
f 2083//2457 2084//2457 2080//2457
f 2085//2458 2081//2458 2082//2458
f 2086//2459 2087//2459 2084//2459
f 2086//2460 2084//2460 2083//2460
f 2088//2461 2085//2461 2082//2461
f 2088//2462 2082//2462 2089//2462
f 2090//2463 2087//2463 2086//2463
f 2091//2464 2088//2464 2089//2464
f 2091//2465 2089//2465 2092//2465
f 2093//2466 2087//2466 2090//2466
f 2093//2467 2094//2467 2087//2467
f 2095//2468 2091//2468 2092//2468
f 2095//2469 2094//2469 2093//2469
f 2095//2470 2092//2470 2094//2470
f 2096//2471 2097//2471 1880//2471
f 1880//2472 2097//2472 1881//2472
f 1881//2473 2098//2473 1882//2473
f 2097//2474 2098//2474 1881//2474
f 1882//2475 2099//2475 1883//2475
f 2098//2476 2099//2476 1882//2476
f 1883//2477 2100//2477 1884//2477
f 2099//2478 2100//2478 1883//2478
f 1884//2479 2101//2479 1885//2479
f 2100//2480 2101//2480 1884//2480
f 1885//2481 2102//2481 1886//2481
f 2101//2482 2102//2482 1885//2482
f 1886//2483 2103//2483 1887//2483
f 2102//2484 2103//2484 1886//2484
f 1887//2485 2104//2485 1888//2485
f 2103//2486 2104//2486 1887//2486
f 1888//2487 2105//2487 1889//2487
f 2104//2488 2105//2488 1888//2488
f 2105//2489 2106//2489 1889//2489
f 1889//2490 2106//2490 1890//2490
f 2106//2491 2107//2491 1890//2491
f 1890//2492 2107//2492 1891//2492
f 1891//2493 2107//2493 1892//2493
f 2107//2494 2108//2494 1892//2494
f 2108//2495 2109//2495 1892//2495
f 1892//2496 2109//2496 1893//2496
f 1893//2497 2109//2497 1894//2497
f 2109//2498 2110//2498 1894//2498
f 2110//2499 2111//2499 1894//2499
f 1894//2500 2111//2500 1896//2500
f 2111//2501 2112//2501 1896//2501
f 1896//2502 2112//2502 1898//2502
f 2112//2503 2113//2503 1898//2503
f 1898//2504 2113//2504 1901//2504
f 2113//2505 2114//2505 1901//2505
f 1901//2506 2114//2506 1903//2506
f 1903//2507 2114//2507 1906//2507
f 2114//2508 2115//2508 1906//2508
f 1906//2509 2115//2509 1908//2509
f 2115//2510 2116//2510 1908//2510
f 2116//2511 2117//2511 1908//2511
f 1908//2512 2117//2512 1911//2512
f 1911//2513 2117//2513 1913//2513
f 2117//2514 2118//2514 1913//2514
f 1913//2515 2118//2515 1916//2515
f 2118//2516 2119//2516 1916//2516
f 1916//2517 2119//2517 1918//2517
f 2119//2518 2120//2518 1918//2518
f 1918//2519 2121//2519 1921//2519
f 1921//2520 2121//2520 1924//2520
f 2120//2521 2121//2521 1918//2521
f 2121//2522 2122//2522 1924//2522
f 1924//2523 74//2523 78//2523
f 2122//2524 74//2524 1924//2524
f 2116//2525 53//2525 55//2525
f 2117//2526 55//2526 57//2526
f 2117//2527 57//2527 59//2527
f 2117//2528 2116//2528 55//2528
f 2118//2529 59//2529 61//2529
f 2118//2530 2117//2530 59//2530
f 2119//2531 61//2531 63//2531
f 2119//2532 2118//2532 61//2532
f 2120//2533 63//2533 65//2533
f 2120//2534 65//2534 66//2534
f 2120//2535 2119//2535 63//2535
f 2121//2536 66//2536 68//2536
f 2121//2537 2120//2537 66//2537
f 2122//2538 68//2538 70//2538
f 2122//2539 2121//2539 68//2539
f 72//2540 2122//2540 70//2540
f 74//2541 2122//2541 72//2541
f 2123//2542 466//2542 468//2542
f 2123//2543 468//2543 470//2543
f 2123//2544 470//2544 472//2544
f 2123//2545 472//2545 474//2545
f 2124//2546 465//2546 466//2546
f 2124//2547 466//2547 2123//2547
f 2124//2548 2123//2548 474//2548
f 2125//2549 474//2549 476//2549
f 2125//2550 476//2550 477//2550
f 2125//2551 477//2551 479//2551
f 2125//2552 2124//2552 474//2552
f 2126//2553 2096//2553 465//2553
f 2126//2554 465//2554 2124//2554
f 2127//2555 479//2555 481//2555
f 2127//2556 481//2556 483//2556
f 2127//2557 483//2557 485//2557
f 2127//2558 2125//2558 479//2558
f 2128//2559 2126//2559 2124//2559
f 2128//2560 2124//2560 2125//2560
f 2129//2561 2096//2561 2126//2561
f 2130//2562 2128//2562 2125//2562
f 2130//2563 2127//2563 485//2563
f 2130//2564 2125//2564 2127//2564
f 2131//2565 2129//2565 2126//2565
f 2131//2566 2126//2566 2128//2566
f 2132//2567 2097//2567 2096//2567
f 2132//2568 2098//2568 2097//2568
f 2132//2569 2099//2569 2098//2569
f 2132//2570 2096//2570 2129//2570
f 2133//2571 485//2571 487//2571
f 2133//2572 487//2572 488//2572
f 2133//2573 2130//2573 485//2573
f 2134//2574 2131//2574 2128//2574
f 2134//2575 2128//2575 2130//2575
f 2135//2576 2099//2576 2132//2576
f 2135//2577 2132//2577 2129//2577
f 2135//2578 2100//2578 2099//2578
f 2135//2579 2101//2579 2100//2579
f 2135//2580 2129//2580 2131//2580
f 2136//2581 488//2581 490//2581
f 2136//2582 490//2582 492//2582
f 2136//2583 492//2583 494//2583
f 2136//2584 2133//2584 488//2584
f 2137//2585 2130//2585 2133//2585
f 2137//2586 2134//2586 2130//2586
f 2138//2587 2135//2587 2131//2587
f 2138//2588 2101//2588 2135//2588
f 2138//2589 2102//2589 2101//2589
f 2138//2590 2103//2590 2102//2590
f 2138//2591 2131//2591 2134//2591
f 2139//2592 494//2592 496//2592
f 2139//2593 2136//2593 494//2593
f 2139//2594 2133//2594 2136//2594
f 2139//2595 2137//2595 2133//2595
f 2140//2596 2103//2596 2138//2596
f 2140//2597 2104//2597 2103//2597
f 2140//2598 2105//2598 2104//2598
f 2140//2599 2138//2599 2134//2599
f 2140//2600 2134//2600 2137//2600
f 2141//2601 2139//2601 496//2601
f 2141//2602 496//2602 30//2602
f 2141//2603 30//2603 29//2603
f 2142//2604 2105//2604 2140//2604
f 2142//2605 2106//2605 2105//2605
f 2142//2606 2107//2606 2106//2606
f 2142//2607 2140//2607 2137//2607
f 2142//2608 2137//2608 2139//2608
f 2143//2609 29//2609 33//2609
f 2143//2610 33//2610 35//2610
f 2143//2611 35//2611 37//2611
f 2143//2612 37//2612 39//2612
f 2143//2613 2141//2613 29//2613
f 2144//2614 2142//2614 2139//2614
f 2144//2615 2139//2615 2141//2615
f 2144//2616 2107//2616 2142//2616
f 2144//2617 2108//2617 2107//2617
f 2144//2618 2109//2618 2108//2618
f 2145//2619 2143//2619 39//2619
f 2145//2620 39//2620 40//2620
f 2146//2621 2141//2621 2143//2621
f 2146//2622 2110//2622 2109//2622
f 2146//2623 2109//2623 2144//2623
f 2146//2624 2144//2624 2141//2624
f 2146//2625 2143//2625 2145//2625
f 2147//2626 2110//2626 2146//2626
f 2147//2627 40//2627 42//2627
f 2147//2628 42//2628 44//2628
f 2147//2629 2145//2629 40//2629
f 2147//2630 2111//2630 2110//2630
f 2147//2631 2112//2631 2111//2631
f 2147//2632 2146//2632 2145//2632
f 2148//2633 44//2633 46//2633
f 2148//2634 46//2634 48//2634
f 2148//2635 48//2635 50//2635
f 2148//2636 2147//2636 44//2636
f 2148//2637 2113//2637 2112//2637
f 2148//2638 2114//2638 2113//2638
f 2148//2639 2112//2639 2147//2639
f 2149//2640 2114//2640 2148//2640
f 2149//2641 50//2641 52//2641
f 2149//2642 52//2642 53//2642
f 2149//2643 2115//2643 2114//2643
f 2149//2644 2116//2644 2115//2644
f 2149//2645 2148//2645 50//2645
f 2149//2646 53//2646 2116//2646
f 332//2647 2150//2647 334//2647
f 2150//2648 2151//2648 334//2648
f 334//2649 2151//2649 336//2649
f 332//2650 2152//2650 2150//2650
f 330//2651 2152//2651 332//2651
f 336//2652 2153//2652 338//2652
f 2151//2653 2153//2653 336//2653
f 328//2654 2154//2654 330//2654
f 330//2655 2154//2655 2152//2655
f 338//2656 2155//2656 340//2656
f 2153//2657 2155//2657 338//2657
f 328//2658 2156//2658 2154//2658
f 326//2659 2156//2659 328//2659
f 340//2660 2157//2660 342//2660
f 2155//2661 2157//2661 340//2661
f 326//2662 2158//2662 2156//2662
f 323//2663 2158//2663 326//2663
f 2157//2664 2159//2664 342//2664
f 342//2665 2159//2665 344//2665
f 321//2666 2160//2666 323//2666
f 323//2667 2160//2667 2158//2667
f 344//2668 2161//2668 346//2668
f 2159//2669 2161//2669 344//2669
f 321//2670 2162//2670 2160//2670
f 319//2671 2162//2671 321//2671
f 346//2672 2163//2672 348//2672
f 2161//2673 2163//2673 346//2673
f 319//2674 2164//2674 2162//2674
f 317//2675 2164//2675 319//2675
f 348//2676 2165//2676 350//2676
f 2163//2677 2165//2677 348//2677
f 317//2678 2166//2678 2164//2678
f 315//2679 2166//2679 317//2679
f 350//2680 2167//2680 352//2680
f 2165//2681 2167//2681 350//2681
f 315//2682 2168//2682 2166//2682
f 313//2683 2168//2683 315//2683
f 352//2684 2169//2684 354//2684
f 2167//2685 2169//2685 352//2685
f 313//2686 2170//2686 2168//2686
f 311//2687 2170//2687 313//2687
f 354//2688 2171//2688 356//2688
f 2169//2689 2171//2689 354//2689
f 309//2690 2172//2690 311//2690
f 311//2691 2172//2691 2170//2691
f 356//2692 2173//2692 358//2692
f 2171//2693 2173//2693 356//2693
f 307//2694 2174//2694 309//2694
f 309//2695 2174//2695 2172//2695
f 358//2696 2175//2696 360//2696
f 2173//2697 2175//2697 358//2697
f 305//2698 2176//2698 307//2698
f 307//2699 2176//2699 2174//2699
f 2175//2700 2177//2700 360//2700
f 360//2701 2177//2701 362//2701
f 305//2702 2178//2702 2176//2702
f 303//2703 2178//2703 305//2703
f 362//2704 2179//2704 364//2704
f 2177//2705 2179//2705 362//2705
f 303//2706 2180//2706 2178//2706
f 301//2707 2180//2707 303//2707
f 2179//2708 2181//2708 364//2708
f 364//2709 2181//2709 366//2709
f 299//2710 2182//2710 301//2710
f 301//2711 2182//2711 2180//2711
f 2181//2712 2183//2712 366//2712
f 366//2713 2183//2713 368//2713
f 299//2714 2184//2714 2182//2714
f 297//2715 2184//2715 299//2715
f 2183//2716 2185//2716 368//2716
f 368//2717 2185//2717 370//2717
f 297//2718 2186//2718 2184//2718
f 370//2719 2187//2719 372//2719
f 2185//2720 2187//2720 370//2720
f 297//2721 2188//2721 2186//2721
f 293//2722 2188//2722 295//2722
f 295//2723 2188//2723 297//2723
f 2187//2724 2189//2724 372//2724
f 372//2725 2189//2725 374//2725
f 293//2726 2190//2726 2188//2726
f 291//2727 2190//2727 293//2727
f 2189//2728 2191//2728 374//2728
f 374//2729 2191//2729 376//2729
f 289//2730 2192//2730 291//2730
f 291//2731 2192//2731 2190//2731
f 2191//2732 2193//2732 376//2732
f 376//2733 2193//2733 378//2733
f 289//2734 2194//2734 2192//2734
f 287//2735 2194//2735 289//2735
f 2193//2736 2195//2736 378//2736
f 378//2737 2195//2737 380//2737
f 285//2738 2196//2738 287//2738
f 287//2739 2196//2739 2194//2739
f 2195//2740 2197//2740 380//2740
f 380//2741 2197//2741 382//2741
f 283//2742 2198//2742 285//2742
f 285//2743 2198//2743 2196//2743
f 382//2744 2199//2744 384//2744
f 2197//2745 2199//2745 382//2745
f 283//2746 2200//2746 2198//2746
f 281//2747 2200//2747 283//2747
f 384//2748 2201//2748 386//2748
f 2199//2749 2201//2749 384//2749
f 279//2750 2202//2750 281//2750
f 281//2751 2202//2751 2200//2751
f 2201//2752 2203//2752 386//2752
f 386//2753 2203//2753 388//2753
f 277//2754 2204//2754 279//2754
f 279//2755 2204//2755 2202//2755
f 2203//2756 2205//2756 388//2756
f 388//2757 2205//2757 390//2757
f 275//2758 2206//2758 277//2758
f 277//2759 2206//2759 2204//2759
f 390//2760 2207//2760 392//2760
f 2205//2761 2207//2761 390//2761
f 273//2762 2208//2762 275//2762
f 275//2763 2208//2763 2206//2763
f 2207//2764 2209//2764 392//2764
f 392//2765 2209//2765 394//2765
f 273//2766 2210//2766 2208//2766
f 271//2767 2210//2767 273//2767
f 2209//2768 2211//2768 394//2768
f 394//2769 2211//2769 396//2769
f 269//2770 2212//2770 271//2770
f 271//2771 2212//2771 2210//2771
f 2211//2772 2213//2772 396//2772
f 396//2773 2213//2773 398//2773
f 267//2774 2214//2774 269//2774
f 269//2775 2214//2775 2212//2775
f 2213//2776 2215//2776 398//2776
f 398//2777 2215//2777 400//2777
f 267//2778 2216//2778 2214//2778
f 264//2779 2216//2779 267//2779
f 2215//2780 2217//2780 400//2780
f 400//2781 2217//2781 402//2781
f 262//2782 2218//2782 264//2782
f 264//2783 2218//2783 2216//2783
f 2217//2784 2219//2784 402//2784
f 402//2785 2219//2785 404//2785
f 262//2786 2220//2786 2218//2786
f 2219//2787 2221//2787 404//2787
f 404//2788 2221//2788 406//2788
f 259//2789 2222//2789 260//2789
f 260//2790 2222//2790 262//2790
f 262//2791 2222//2791 2220//2791
f 2221//2792 2223//2792 406//2792
f 406//2793 2223//2793 408//2793
f 257//2794 2224//2794 259//2794
f 259//2795 2224//2795 2222//2795
f 2223//2796 2225//2796 408//2796
f 408//2797 2225//2797 410//2797
f 255//2798 2226//2798 257//2798
f 257//2799 2226//2799 2224//2799
f 2225//2800 2227//2800 410//2800
f 410//2801 2227//2801 412//2801
f 255//2802 2228//2802 2226//2802
f 2227//2803 2229//2803 412//2803
f 412//2804 2229//2804 414//2804
f 252//2805 2230//2805 253//2805
f 253//2806 2230//2806 255//2806
f 255//2807 2230//2807 2228//2807
f 2229//2808 2231//2808 414//2808
f 414//2809 2231//2809 416//2809
f 250//2810 2232//2810 252//2810
f 252//2811 2232//2811 2230//2811
f 2231//2812 2233//2812 416//2812
f 416//2813 2233//2813 418//2813
f 248//2814 2234//2814 250//2814
f 250//2815 2234//2815 2232//2815
f 2233//2816 2235//2816 418//2816
f 418//2817 2235//2817 419//2817
f 248//2818 2236//2818 2234//2818
f 246//2819 2236//2819 248//2819
f 2235//2820 2237//2820 419//2820
f 419//2821 2237//2821 420//2821
f 246//2822 2238//2822 2236//2822
f 244//2823 2238//2823 246//2823
f 2237//2824 2239//2824 420//2824
f 420//2825 2239//2825 422//2825
f 244//2826 2240//2826 2238//2826
f 242//2827 2240//2827 244//2827
f 2239//2828 2241//2828 422//2828
f 422//2829 2241//2829 424//2829
f 242//2830 2242//2830 2240//2830
f 240//2831 2242//2831 242//2831
f 2241//2832 2243//2832 424//2832
f 424//2833 2243//2833 425//2833
f 240//2834 2244//2834 2242//2834
f 238//2835 2244//2835 240//2835
f 2243//2836 2245//2836 425//2836
f 425//2837 2245//2837 426//2837
f 238//2838 2246//2838 2244//2838
f 2245//2839 2247//2839 426//2839
f 426//2840 2247//2840 427//2840
f 238//2841 2248//2841 2246//2841
f 234//2842 2248//2842 236//2842
f 236//2843 2248//2843 238//2843
f 2247//2844 2249//2844 427//2844
f 427//2845 2249//2845 428//2845
f 234//2846 2250//2846 2248//2846
f 2249//2847 2251//2847 428//2847
f 428//2848 2251//2848 429//2848
f 234//2849 2252//2849 2250//2849
f 230//2850 2252//2850 232//2850
f 232//2851 2252//2851 234//2851
f 2251//2852 2253//2852 429//2852
f 429//2853 2253//2853 430//2853
f 230//2854 2254//2854 2252//2854
f 228//2855 2254//2855 230//2855
f 2253//2856 2255//2856 430//2856
f 430//2857 2255//2857 431//2857
f 228//2858 2256//2858 2254//2858
f 228//2859 225//2859 2256//2859
f 2255//2860 2257//2860 431//2860
f 431//2861 2257//2861 432//2861
f 225//2862 2258//2862 2256//2862
f 2257//2863 2259//2863 432//2863
f 432//2864 2259//2864 433//2864
f 223//2865 2260//2865 225//2865
f 225//2866 2260//2866 2258//2866
f 2259//2867 2261//2867 433//2867
f 433//2868 2261//2868 434//2868
f 223//2869 2262//2869 2260//2869
f 221//2870 2262//2870 223//2870
f 2261//2871 2263//2871 434//2871
f 434//2872 2263//2872 435//2872
f 221//2873 219//2873 2262//2873
f 219//2874 2264//2874 2262//2874
f 2263//2875 2265//2875 435//2875
f 2265//2876 437//2876 435//2876
f 219//2877 216//2877 2264//2877
f 2264//2878 216//2878 2266//2878
f 2265//2879 439//2879 437//2879
f 2267//2880 439//2880 2265//2880
f 216//2881 214//2881 2266//2881
f 2266//2882 214//2882 2268//2882
f 2267//2883 2269//2883 439//2883
f 2269//2884 441//2884 439//2884
f 214//2885 211//2885 2268//2885
f 2268//2886 211//2886 2270//2886
f 2269//2887 2271//2887 441//2887
f 2271//2888 443//2888 441//2888
f 211//2889 209//2889 2270//2889
f 2270//2890 209//2890 2272//2890
f 209//2891 2273//2891 2272//2891
f 2271//2892 445//2892 443//2892
f 2274//2893 445//2893 2275//2893
f 2275//2894 445//2894 2271//2894
f 209//2895 207//2895 2273//2895
f 2276//2896 447//2896 2274//2896
f 2274//2897 447//2897 445//2897
f 207//2898 204//2898 2273//2898
f 2273//2899 204//2899 2277//2899
f 2276//2900 449//2900 447//2900
f 204//2901 202//2901 2277//2901
f 2277//2902 202//2902 2278//2902
f 2278//2903 202//2903 2279//2903
f 2280//2904 451//2904 2281//2904
f 2281//2905 451//2905 2276//2905
f 2276//2906 451//2906 449//2906
f 202//2907 199//2907 2279//2907
f 2279//2908 199//2908 2282//2908
f 2283//2909 453//2909 2280//2909
f 2280//2910 453//2910 451//2910
f 199//2911 197//2911 2282//2911
f 2284//2912 455//2912 2283//2912
f 2283//2913 455//2913 453//2913
f 2282//2914 195//2914 2285//2914
f 197//2915 195//2915 2282//2915
f 2284//2916 457//2916 455//2916
f 2285//2917 192//2917 2286//2917
f 195//2918 192//2918 2285//2918
f 2287//2919 459//2919 2288//2919
f 2288//2920 459//2920 2284//2920
f 2284//2921 459//2921 457//2921
f 192//2922 190//2922 2286//2922
f 2286//2923 190//2923 2289//2923
f 2290//2924 461//2924 2287//2924
f 2287//2925 461//2925 459//2925
f 190//2926 186//2926 2289//2926
f 2289//2927 186//2927 2291//2927
f 2290//2928 464//2928 461//2928
f 186//2929 184//2929 2291//2929
f 2291//2930 184//2930 2292//2930
f 2293//2931 467//2931 2290//2931
f 2290//2932 467//2932 464//2932
f 184//2933 182//2933 2292//2933
f 2292//2934 182//2934 2294//2934
f 2293//2935 469//2935 467//2935
f 2295//2936 469//2936 2296//2936
f 2296//2937 469//2937 2293//2937
f 182//2938 179//2938 2294//2938
f 2294//2939 179//2939 2297//2939
f 2295//2940 471//2940 469//2940
f 179//2941 177//2941 2297//2941
f 2297//2942 177//2942 2298//2942
f 2295//2943 473//2943 471//2943
f 2299//2944 473//2944 2300//2944
f 2300//2945 473//2945 2295//2945
f 177//2946 174//2946 2298//2946
f 2298//2947 174//2947 2301//2947
f 2299//2948 475//2948 473//2948
f 174//2949 172//2949 2301//2949
f 2301//2950 172//2950 2302//2950
f 2303//2951 478//2951 2304//2951
f 2304//2952 478//2952 2299//2952
f 2299//2953 478//2953 475//2953
f 172//2954 169//2954 2302//2954
f 2302//2955 169//2955 2305//2955
f 2306//2956 480//2956 2303//2956
f 2303//2957 480//2957 478//2957
f 169//2958 167//2958 2305//2958
f 2305//2959 167//2959 2307//2959
f 2306//2960 482//2960 480//2960
f 2307//2961 164//2961 2308//2961
f 2308//2962 164//2962 2309//2962
f 167//2963 164//2963 2307//2963
f 2310//2964 484//2964 2311//2964
f 2311//2965 484//2965 2306//2965
f 2306//2966 484//2966 482//2966
f 164//2967 162//2967 2309//2967
f 2312//2968 486//2968 2310//2968
f 2310//2969 486//2969 484//2969
f 162//2970 159//2970 2309//2970
f 2309//2971 159//2971 2313//2971
f 2312//2972 489//2972 486//2972
f 159//2973 156//2973 2313//2973
f 2313//2974 156//2974 2314//2974
f 2314//2975 156//2975 2315//2975
f 2316//2976 491//2976 2317//2976
f 2317//2977 491//2977 2312//2977
f 2312//2978 491//2978 489//2978
f 156//2979 155//2979 2315//2979
f 2315//2980 155//2980 2318//2980
f 2319//2981 493//2981 2316//2981
f 2316//2982 493//2982 491//2982
f 155//2983 153//2983 2318//2983
f 2320//2984 495//2984 2319//2984
f 2319//2985 495//2985 493//2985
f 153//2986 151//2986 2318//2986
f 2318//2987 151//2987 2321//2987
f 2322//2988 31//2988 2320//2988
f 2320//2989 31//2989 495//2989
f 151//2990 149//2990 2321//2990
f 2321//2991 149//2991 2323//2991
f 2324//2992 32//2992 2322//2992
f 2322//2993 32//2993 31//2993
f 149//2994 147//2994 2323//2994
f 2323//2995 147//2995 2325//2995
f 2324//2996 34//2996 32//2996
f 2326//2997 145//2997 2327//2997
f 2325//2998 145//2998 2326//2998
f 147//2999 145//2999 2325//2999
f 2328//3000 36//3000 2324//3000
f 2324//3001 36//3001 34//3001
f 145//3002 143//3002 2327//3002
f 2328//3003 38//3003 36//3003
f 2329//3004 38//3004 2330//3004
f 2330//3005 38//3005 2328//3005
f 2327//3006 141//3006 2331//3006
f 143//3007 141//3007 2327//3007
f 2332//3008 41//3008 2329//3008
f 2329//3009 41//3009 38//3009
f 2331//3010 139//3010 2333//3010
f 141//3011 139//3011 2331//3011
f 2334//3012 43//3012 2332//3012
f 2332//3013 43//3013 41//3013
f 2333//3014 137//3014 2335//3014
f 139//3015 137//3015 2333//3015
f 2334//3016 45//3016 43//3016
f 2336//3017 45//3017 2334//3017
f 2335//3018 135//3018 2337//3018
f 2337//3019 135//3019 2338//3019
f 137//3020 135//3020 2335//3020
f 2339//3021 47//3021 2336//3021
f 2336//3022 47//3022 45//3022
f 135//3023 133//3023 2338//3023
f 2339//3024 49//3024 47//3024
f 2338//3025 131//3025 2340//3025
f 2340//3026 131//3026 2341//3026
f 133//3027 131//3027 2338//3027
f 2342//3028 51//3028 2339//3028
f 2339//3029 51//3029 49//3029
f 131//3030 129//3030 2341//3030
f 2343//3031 54//3031 2342//3031
f 2342//3032 54//3032 51//3032
f 2341//3033 127//3033 2344//3033
f 129//3034 127//3034 2341//3034
f 2345//3035 56//3035 2346//3035
f 2346//3036 56//3036 2343//3036
f 2343//3037 56//3037 54//3037
f 2344//3038 125//3038 2347//3038
f 2347//3039 125//3039 2348//3039
f 127//3040 125//3040 2344//3040
f 2345//3041 58//3041 56//3041
f 2348//3042 123//3042 2349//3042
f 125//3043 123//3043 2348//3043
f 2345//3044 60//3044 58//3044
f 2350//3045 60//3045 2345//3045
f 123//3046 121//3046 2349//3046
f 2350//3047 62//3047 60//3047
f 2351//3048 62//3048 2350//3048
f 121//3049 119//3049 2349//3049
f 2349//3050 119//3050 2352//3050
f 2351//3051 64//3051 62//3051
f 2353//3052 64//3052 2351//3052
f 2352//3053 117//3053 2354//3053
f 119//3054 117//3054 2352//3054
f 2353//3055 67//3055 64//3055
f 2355//3056 67//3056 2353//3056
f 117//3057 115//3057 2354//3057
f 2354//3058 115//3058 2356//3058
f 2355//3059 69//3059 67//3059
f 2357//3060 69//3060 2358//3060
f 2358//3061 69//3061 2355//3061
f 2356//3062 113//3062 2359//3062
f 115//3063 113//3063 2356//3063
f 2357//3064 71//3064 69//3064
f 2359//3065 111//3065 2360//3065
f 113//3066 111//3066 2359//3066
f 2357//3067 73//3067 71//3067
f 2361//3068 73//3068 2357//3068
f 2360//3069 109//3069 2362//3069
f 111//3070 109//3070 2360//3070
f 2361//3071 75//3071 73//3071
f 2363//3072 75//3072 2364//3072
f 2364//3073 75//3073 2361//3073
f 2362//3074 107//3074 2365//3074
f 109//3075 107//3075 2362//3075
f 2363//3076 77//3076 75//3076
f 2365//3077 105//3077 2366//3077
f 2366//3078 105//3078 2367//3078
f 107//3079 105//3079 2365//3079
f 2368//3080 80//3080 2363//3080
f 2363//3081 80//3081 77//3081
f 105//3082 103//3082 2367//3082
f 2368//3083 82//3083 80//3083
f 2369//3084 82//3084 2368//3084
f 2367//3085 101//3085 2370//3085
f 103//3086 101//3086 2367//3086
f 2369//3087 84//3087 82//3087
f 2371//3088 84//3088 2369//3088
f 2370//3089 99//3089 2372//3089
f 101//3090 99//3090 2370//3090
f 2373//3091 86//3091 2371//3091
f 2371//3092 86//3092 84//3092
f 99//3093 97//3093 2372//3093
f 2372//3094 97//3094 2374//3094
f 2375//3095 88//3095 2376//3095
f 2376//3096 88//3096 2373//3096
f 2373//3097 88//3097 86//3097
f 97//3098 95//3098 2374//3098
f 2374//3099 95//3099 2377//3099
f 2375//3100 90//3100 88//3100
f 2377//3101 92//3101 2378//3101
f 2378//3102 92//3102 2375//3102
f 95//3103 92//3103 2377//3103
f 2375//3104 92//3104 90//3104
f 2379//3105 534//3105 535//3105
f 2379//3106 535//3106 537//3106
f 2379//3107 537//3107 538//3107
f 460//3108 2379//3108 538//3108
f 2096//3109 460//3109 462//3109
f 2096//3110 462//3110 463//3110
f 2096//3111 463//3111 465//3111
f 2096//3112 2379//3112 460//3112
f 2380//3113 761//3113 763//3113
f 2381//3114 759//3114 761//3114
f 2381//3115 761//3115 2380//3115
f 2382//3116 757//3116 759//3116
f 2382//3117 759//3117 2381//3117
f 2383//3118 755//3118 757//3118
f 2383//3119 757//3119 2382//3119
f 2384//3120 753//3120 755//3120
f 2384//3121 755//3121 2383//3121
f 2385//3122 750//3122 753//3122
f 2385//3123 753//3123 2384//3123
f 2386//3124 748//3124 750//3124
f 2386//3125 750//3125 2385//3125
f 2387//3126 748//3126 2386//3126
f 2388//3127 746//3127 748//3127
f 2388//3128 748//3128 2387//3128
f 2389//3129 743//3129 746//3129
f 2389//3130 746//3130 2388//3130
f 2390//3131 738//3131 743//3131
f 2390//3132 743//3132 2389//3132
f 1093//3133 738//3133 2390//3133
f 742//3134 738//3134 1093//3134
f 2391//3135 925//3135 929//3135
f 2391//3136 929//3136 932//3136
f 2392//3137 932//3137 934//3137
f 2392//3138 934//3138 936//3138
f 2392//3139 2391//3139 932//3139
f 2393//3140 936//3140 937//3140
f 2393//3141 937//3141 939//3141
f 2393//3142 2392//3142 936//3142
f 2394//3143 939//3143 941//3143
f 2394//3144 2393//3144 939//3144
f 2395//3145 941//3145 943//3145
f 2395//3146 943//3146 945//3146
f 2395//3147 2394//3147 941//3147
f 2396//3148 2395//3148 945//3148
f 2396//3149 945//3149 946//3149
f 2396//3150 946//3150 948//3150
f 2397//3151 2396//3151 948//3151
f 2397//3152 948//3152 950//3152
f 2398//3153 2397//3153 950//3153
f 2398//3154 2399//3154 2397//3154
f 2398//3155 2400//3155 2399//3155
f 2398//3156 950//3156 952//3156
f 2398//3157 952//3157 953//3157
f 2398//3158 953//3158 955//3158
f 2401//3159 962//3159 964//3159
f 2401//3160 964//3160 966//3160
f 2402//3161 2403//3161 2400//3161
f 2402//3162 2404//3162 2403//3162
f 2402//3163 2398//3163 955//3163
f 2402//3164 2400//3164 2398//3164
f 2402//3165 955//3165 957//3165
f 2402//3166 957//3166 959//3166
f 2402//3167 959//3167 960//3167
f 2405//3168 966//3168 967//3168
f 2405//3169 967//3169 969//3169
f 2405//3170 969//3170 971//3170
f 2405//3171 971//3171 973//3171
f 2405//3172 2401//3172 966//3172
f 2406//3173 2402//3173 960//3173
f 2406//3174 2407//3174 2404//3174
f 2406//3175 2408//3175 2407//3175
f 2406//3176 960//3176 962//3176
f 2406//3177 962//3177 2401//3177
f 2406//3178 2401//3178 2405//3178
f 2406//3179 2404//3179 2402//3179
f 2409//3180 502//3180 504//3180
f 2409//3181 504//3181 506//3181
f 2409//3182 506//3182 508//3182
f 2410//3183 499//3183 498//3183
f 2410//3184 973//3184 974//3184
f 2410//3185 974//3185 499//3185
f 2410//3186 2405//3186 973//3186
f 2411//3187 2408//3187 2406//3187
f 2411//3188 2412//3188 2408//3188
f 2411//3189 2406//3189 2405//3189
f 2413//3190 513//3190 515//3190
f 2413//3191 515//3191 516//3191
f 2413//3192 516//3192 518//3192
f 2414//3193 508//3193 509//3193
f 2414//3194 509//3194 511//3194
f 2414//3195 511//3195 513//3195
f 2414//3196 2409//3196 508//3196
f 2415//3197 498//3197 502//3197
f 2415//3198 2410//3198 498//3198
f 2415//3199 2409//3199 2414//3199
f 2415//3200 502//3200 2409//3200
f 2416//3201 2411//3201 2405//3201
f 2416//3202 2412//3202 2411//3202
f 2416//3203 2405//3203 2410//3203
f 2416//3204 2417//3204 2412//3204
f 2416//3205 2418//3205 2417//3205
f 2419//3206 524//3206 525//3206
f 2419//3207 525//3207 527//3207
f 2419//3208 527//3208 529//3208
f 2419//3209 529//3209 531//3209
f 2419//3210 531//3210 532//3210
f 2420//3211 518//3211 520//3211
f 2420//3212 520//3212 522//3212
f 2420//3213 522//3213 524//3213
f 2420//3214 2413//3214 518//3214
f 2421//3215 2414//3215 513//3215
f 2421//3216 513//3216 2413//3216
f 2422//3217 2415//3217 2414//3217
f 2422//3218 2414//3218 2421//3218
f 2423//3219 2418//3219 2416//3219
f 2423//3220 2416//3220 2410//3220
f 2423//3221 2424//3221 2418//3221
f 2423//3222 2425//3222 2424//3222
f 2423//3223 2410//3223 2415//3223
f 2426//3224 532//3224 534//3224
f 2426//3225 2420//3225 524//3225
f 2426//3226 2419//3226 532//3226
f 2426//3227 524//3227 2419//3227
f 2427//3228 2421//3228 2413//3228
f 2427//3229 2413//3229 2420//3229
f 2428//3230 2422//3230 2421//3230
f 2429//3231 2415//3231 2422//3231
f 2429//3232 2425//3232 2423//3232
f 2429//3233 2430//3233 2425//3233
f 2429//3234 2431//3234 2430//3234
f 2429//3235 2423//3235 2415//3235
f 2432//3236 534//3236 2379//3236
f 2432//3237 2426//3237 534//3237
f 2432//3238 2420//3238 2426//3238
f 2432//3239 2427//3239 2420//3239
f 2433//3240 2428//3240 2421//3240
f 2433//3241 2421//3241 2427//3241
f 2434//3242 2431//3242 2429//3242
f 2434//3243 2429//3243 2422//3243
f 2434//3244 2435//3244 2431//3244
f 2434//3245 2436//3245 2435//3245
f 2434//3246 2422//3246 2428//3246
f 2437//3247 2433//3247 2427//3247
f 2437//3248 2432//3248 2379//3248
f 2437//3249 2427//3249 2432//3249
f 2438//3250 2434//3250 2428//3250
f 2438//3251 2439//3251 2436//3251
f 2438//3252 2440//3252 2439//3252
f 2438//3253 2436//3253 2434//3253
f 2438//3254 2428//3254 2433//3254
f 2441//3255 2440//3255 2438//3255
f 2441//3256 2438//3256 2433//3256
f 2441//3257 2442//3257 2440//3257
f 2441//3258 2443//3258 2442//3258
f 2441//3259 2379//3259 2443//3259
f 2441//3260 2433//3260 2437//3260
f 2441//3261 2437//3261 2379//3261
f 781//3262 2444//3262 783//3262
f 2444//3263 2445//3263 783//3263
f 783//3264 2445//3264 785//3264
f 781//3265 2446//3265 2444//3265
f 779//3266 2446//3266 781//3266
f 785//3267 2447//3267 788//3267
f 2445//3268 2447//3268 785//3268
f 776//3269 2448//3269 779//3269
f 779//3270 2448//3270 2446//3270
f 788//3271 2449//3271 790//3271
f 2447//3272 2449//3272 788//3272
f 776//3273 2450//3273 2448//3273
f 774//3274 2450//3274 776//3274
f 790//3275 2451//3275 793//3275
f 2449//3276 2451//3276 790//3276
f 774//3277 2452//3277 2450//3277
f 772//3278 2452//3278 774//3278
f 2451//3279 2453//3279 793//3279
f 793//3280 2453//3280 795//3280
f 770//3281 2454//3281 772//3281
f 772//3282 2454//3282 2452//3282
f 795//3283 2455//3283 797//3283
f 2453//3284 2455//3284 795//3284
f 770//3285 2456//3285 2454//3285
f 768//3286 2456//3286 770//3286
f 797//3287 2457//3287 800//3287
f 2455//3288 2457//3288 797//3288
f 768//3289 2458//3289 2456//3289
f 766//3290 2458//3290 768//3290
f 800//3291 2459//3291 802//3291
f 2457//3292 2459//3292 800//3292
f 766//3293 2460//3293 2458//3293
f 764//3294 2460//3294 766//3294
f 802//3295 2461//3295 805//3295
f 2459//3296 2461//3296 802//3296
f 764//3297 2462//3297 2460//3297
f 762//3298 2462//3298 764//3298
f 805//3299 2463//3299 807//3299
f 2461//3300 2463//3300 805//3300
f 762//3301 2464//3301 2462//3301
f 760//3302 2464//3302 762//3302
f 807//3303 2465//3303 809//3303
f 2463//3304 2465//3304 807//3304
f 758//3305 2466//3305 760//3305
f 760//3306 2466//3306 2464//3306
f 809//3307 2467//3307 812//3307
f 2465//3308 2467//3308 809//3308
f 756//3309 2468//3309 758//3309
f 758//3310 2468//3310 2466//3310
f 812//3311 2469//3311 814//3311
f 2467//3312 2469//3312 812//3312
f 754//3313 2470//3313 756//3313
f 756//3314 2470//3314 2468//3314
f 2469//3315 2471//3315 814//3315
f 814//3316 2471//3316 818//3316
f 754//3317 2472//3317 2470//3317
f 752//3318 2472//3318 754//3318
f 818//3319 2473//3319 820//3319
f 2471//3320 2473//3320 818//3320
f 752//3321 2474//3321 2472//3321
f 751//3322 2474//3322 752//3322
f 2473//3323 2475//3323 820//3323
f 820//3324 2475//3324 822//3324
f 749//3325 2476//3325 751//3325
f 751//3326 2476//3326 2474//3326
f 2475//3327 2477//3327 822//3327
f 822//3328 2477//3328 825//3328
f 749//3329 2478//3329 2476//3329
f 747//3330 2478//3330 749//3330
f 2477//3331 2479//3331 825//3331
f 825//3332 2479//3332 827//3332
f 747//3333 2480//3333 2478//3333
f 827//3334 2481//3334 830//3334
f 2479//3335 2481//3335 827//3335
f 747//3336 2482//3336 2480//3336
f 744//3337 2482//3337 745//3337
f 745//3338 2482//3338 747//3338
f 2481//3339 2483//3339 830//3339
f 830//3340 2483//3340 832//3340
f 744//3341 2484//3341 2482//3341
f 740//3342 2484//3342 744//3342
f 2483//3343 2485//3343 832//3343
f 832//3344 2485//3344 835//3344
f 739//3345 2486//3345 740//3345
f 740//3346 2486//3346 2484//3346
f 2485//3347 2487//3347 835//3347
f 835//3348 2487//3348 837//3348
f 739//3349 2488//3349 2486//3349
f 737//3350 2488//3350 739//3350
f 2487//3351 2489//3351 837//3351
f 837//3352 2489//3352 839//3352
f 735//3353 2490//3353 737//3353
f 737//3354 2490//3354 2488//3354
f 2489//3355 2491//3355 839//3355
f 839//3356 2491//3356 841//3356
f 733//3357 2492//3357 735//3357
f 735//3358 2492//3358 2490//3358
f 841//3359 2493//3359 843//3359
f 2491//3360 2493//3360 841//3360
f 733//3361 2494//3361 2492//3361
f 731//3362 2494//3362 733//3362
f 843//3363 2495//3363 846//3363
f 2493//3364 2495//3364 843//3364
f 729//3365 2496//3365 731//3365
f 731//3366 2496//3366 2494//3366
f 2495//3367 2497//3367 846//3367
f 846//3368 2497//3368 848//3368
f 727//3369 2498//3369 729//3369
f 729//3370 2498//3370 2496//3370
f 2497//3371 2499//3371 848//3371
f 848//3372 2499//3372 851//3372
f 725//3373 2500//3373 727//3373
f 727//3374 2500//3374 2498//3374
f 851//3375 2501//3375 853//3375
f 2499//3376 2501//3376 851//3376
f 723//3377 2502//3377 725//3377
f 725//3378 2502//3378 2500//3378
f 2501//3379 2503//3379 853//3379
f 853//3380 2503//3380 855//3380
f 723//3381 2504//3381 2502//3381
f 721//3382 2504//3382 723//3382
f 2503//3383 2505//3383 855//3383
f 855//3384 2505//3384 857//3384
f 719//3385 2506//3385 721//3385
f 721//3386 2506//3386 2504//3386
f 2505//3387 2507//3387 857//3387
f 857//3388 2507//3388 859//3388
f 717//3389 2508//3389 719//3389
f 719//3390 2508//3390 2506//3390
f 2507//3391 2509//3391 859//3391
f 859//3392 2509//3392 861//3392
f 717//3393 2510//3393 2508//3393
f 715//3394 2510//3394 717//3394
f 2509//3395 2511//3395 861//3395
f 861//3396 2511//3396 863//3396
f 713//3397 2512//3397 715//3397
f 715//3398 2512//3398 2510//3398
f 2511//3399 2513//3399 863//3399
f 863//3400 2513//3400 865//3400
f 713//3401 2514//3401 2512//3401
f 2513//3402 2515//3402 865//3402
f 865//3403 2515//3403 867//3403
f 709//3404 2516//3404 711//3404
f 711//3405 2516//3405 713//3405
f 713//3406 2516//3406 2514//3406
f 2515//3407 2517//3407 867//3407
f 867//3408 2517//3408 869//3408
f 707//3409 2518//3409 709//3409
f 709//3410 2518//3410 2516//3410
f 2517//3411 2519//3411 869//3411
f 869//3412 2519//3412 871//3412
f 705//3413 2520//3413 707//3413
f 707//3414 2520//3414 2518//3414
f 2519//3415 2521//3415 871//3415
f 871//3416 2521//3416 873//3416
f 705//3417 2522//3417 2520//3417
f 2521//3418 2523//3418 873//3418
f 873//3419 2523//3419 875//3419
f 701//3420 2524//3420 703//3420
f 703//3421 2524//3421 705//3421
f 705//3422 2524//3422 2522//3422
f 2523//3423 2525//3423 875//3423
f 875//3424 2525//3424 877//3424
f 699//3425 2526//3425 701//3425
f 701//3426 2526//3426 2524//3426
f 2525//3427 2527//3427 877//3427
f 877//3428 2527//3428 879//3428
f 697//3429 2528//3429 699//3429
f 699//3430 2528//3430 2526//3430
f 2527//3431 2529//3431 879//3431
f 879//3432 2529//3432 881//3432
f 697//3433 2530//3433 2528//3433
f 695//3434 2530//3434 697//3434
f 2529//3435 2531//3435 881//3435
f 881//3436 2531//3436 883//3436
f 695//3437 2532//3437 2530//3437
f 693//3438 2532//3438 695//3438
f 2531//3439 2533//3439 883//3439
f 883//3440 2533//3440 885//3440
f 693//3441 2534//3441 2532//3441
f 691//3442 2534//3442 693//3442
f 2533//3443 2535//3443 885//3443
f 885//3444 2535//3444 887//3444
f 691//3445 2536//3445 2534//3445
f 689//3446 2536//3446 691//3446
f 2535//3447 2537//3447 887//3447
f 887//3448 2537//3448 889//3448
f 689//3449 2538//3449 2536//3449
f 687//3450 2538//3450 689//3450
f 2537//3451 2539//3451 889//3451
f 889//3452 2539//3452 891//3452
f 687//3453 2540//3453 2538//3453
f 2539//3454 2541//3454 891//3454
f 891//3455 2541//3455 893//3455
f 687//3456 2542//3456 2540//3456
f 683//3457 2542//3457 685//3457
f 685//3458 2542//3458 687//3458
f 2541//3459 2543//3459 893//3459
f 893//3460 2543//3460 895//3460
f 683//3461 2544//3461 2542//3461
f 2543//3462 2545//3462 895//3462
f 895//3463 2545//3463 897//3463
f 683//3464 2546//3464 2544//3464
f 678//3465 2546//3465 681//3465
f 681//3466 2546//3466 683//3466
f 2545//3467 2547//3467 897//3467
f 897//3468 2547//3468 899//3468
f 678//3469 2548//3469 2546//3469
f 676//3470 2548//3470 678//3470
f 2547//3471 2549//3471 899//3471
f 899//3472 2549//3472 901//3472
f 676//3473 2550//3473 2548//3473
f 676//3474 674//3474 2550//3474
f 2549//3475 2551//3475 901//3475
f 901//3476 2551//3476 903//3476
f 674//3477 2552//3477 2550//3477
f 2551//3478 2553//3478 903//3478
f 903//3479 2553//3479 905//3479
f 672//3480 2554//3480 674//3480
f 674//3481 2554//3481 2552//3481
f 2553//3482 2555//3482 905//3482
f 905//3483 2555//3483 907//3483
f 672//3484 2556//3484 2554//3484
f 670//3485 2556//3485 672//3485
f 2555//3486 2557//3486 907//3486
f 907//3487 2557//3487 909//3487
f 670//3488 668//3488 2556//3488
f 668//3489 2558//3489 2556//3489
f 2557//3490 2559//3490 909//3490
f 2559//3491 912//3491 909//3491
f 668//3492 666//3492 2558//3492
f 2558//3493 666//3493 2560//3493
f 2559//3494 914//3494 912//3494
f 2561//3495 914//3495 2559//3495
f 666//3496 664//3496 2560//3496
f 2560//3497 664//3497 2562//3497
f 2561//3498 2563//3498 914//3498
f 2563//3499 916//3499 914//3499
f 664//3500 662//3500 2562//3500
f 2562//3501 662//3501 2564//3501
f 2563//3502 2565//3502 916//3502
f 2565//3503 918//3503 916//3503
f 662//3504 660//3504 2564//3504
f 2564//3505 660//3505 2566//3505
f 660//3506 2567//3506 2566//3506
f 2565//3507 920//3507 918//3507
f 2568//3508 920//3508 2569//3508
f 2569//3509 920//3509 2565//3509
f 660//3510 658//3510 2567//3510
f 2570//3511 922//3511 2568//3511
f 2568//3512 922//3512 920//3512
f 658//3513 656//3513 2567//3513
f 2567//3514 656//3514 2571//3514
f 2570//3515 924//3515 922//3515
f 656//3516 654//3516 2571//3516
f 2571//3517 654//3517 2572//3517
f 2572//3518 654//3518 2573//3518
f 2574//3519 926//3519 2575//3519
f 2575//3520 926//3520 2570//3520
f 2570//3521 926//3521 924//3521
f 654//3522 652//3522 2573//3522
f 2573//3523 652//3523 2576//3523
f 2577//3524 927//3524 2574//3524
f 2574//3525 927//3525 926//3525
f 652//3526 650//3526 2576//3526
f 2578//3527 930//3527 2577//3527
f 2577//3528 930//3528 927//3528
f 2576//3529 648//3529 2579//3529
f 650//3530 648//3530 2576//3530
f 2578//3531 933//3531 930//3531
f 2579//3532 646//3532 2580//3532
f 648//3533 646//3533 2579//3533
f 2581//3534 935//3534 2582//3534
f 2582//3535 935//3535 2578//3535
f 2578//3536 935//3536 933//3536
f 646//3537 644//3537 2580//3537
f 2580//3538 644//3538 2583//3538
f 2584//3539 938//3539 2581//3539
f 2581//3540 938//3540 935//3540
f 644//3541 642//3541 2583//3541
f 2583//3542 642//3542 2585//3542
f 2584//3543 940//3543 938//3543
f 642//3544 640//3544 2585//3544
f 2585//3545 640//3545 2586//3545
f 2587//3546 942//3546 2584//3546
f 2584//3547 942//3547 940//3547
f 640//3548 638//3548 2586//3548
f 2586//3549 638//3549 2588//3549
f 2587//3550 944//3550 942//3550
f 2589//3551 944//3551 2590//3551
f 2590//3552 944//3552 2587//3552
f 638//3553 636//3553 2588//3553
f 2588//3554 636//3554 2591//3554
f 2589//3555 947//3555 944//3555
f 636//3556 634//3556 2591//3556
f 2591//3557 634//3557 2592//3557
f 2589//3558 949//3558 947//3558
f 2593//3559 949//3559 2594//3559
f 2594//3560 949//3560 2589//3560
f 634//3561 632//3561 2592//3561
f 2592//3562 632//3562 2595//3562
f 2593//3563 951//3563 949//3563
f 632//3564 630//3564 2595//3564
f 2595//3565 630//3565 2596//3565
f 2597//3566 954//3566 2598//3566
f 2598//3567 954//3567 2593//3567
f 2593//3568 954//3568 951//3568
f 630//3569 628//3569 2596//3569
f 2596//3570 628//3570 2599//3570
f 2600//3571 956//3571 2597//3571
f 2597//3572 956//3572 954//3572
f 628//3573 626//3573 2599//3573
f 2599//3574 626//3574 2601//3574
f 2600//3575 958//3575 956//3575
f 2601//3576 624//3576 2602//3576
f 2602//3577 624//3577 2603//3577
f 626//3578 624//3578 2601//3578
f 2604//3579 961//3579 2605//3579
f 2605//3580 961//3580 2600//3580
f 2600//3581 961//3581 958//3581
f 624//3582 622//3582 2603//3582
f 2606//3583 963//3583 2604//3583
f 2604//3584 963//3584 961//3584
f 622//3585 620//3585 2603//3585
f 2603//3586 620//3586 2607//3586
f 2606//3587 965//3587 963//3587
f 620//3588 618//3588 2607//3588
f 2607//3589 618//3589 2608//3589
f 2608//3590 618//3590 2609//3590
f 2610//3591 968//3591 2611//3591
f 2611//3592 968//3592 2606//3592
f 2606//3593 968//3593 965//3593
f 618//3594 616//3594 2609//3594
f 2609//3595 616//3595 2612//3595
f 2613//3596 970//3596 2610//3596
f 2610//3597 970//3597 968//3597
f 616//3598 614//3598 2612//3598
f 2614//3599 972//3599 2613//3599
f 2613//3600 972//3600 970//3600
f 614//3601 612//3601 2612//3601
f 2612//3602 612//3602 2615//3602
f 2616//3603 500//3603 2614//3603
f 2614//3604 500//3604 972//3604
f 612//3605 610//3605 2615//3605
f 2615//3606 610//3606 2617//3606
f 2618//3607 501//3607 2616//3607
f 2616//3608 501//3608 500//3608
f 610//3609 608//3609 2617//3609
f 2617//3610 608//3610 2619//3610
f 2618//3611 503//3611 501//3611
f 2620//3612 606//3612 2621//3612
f 2619//3613 606//3613 2620//3613
f 608//3614 606//3614 2619//3614
f 2622//3615 505//3615 2618//3615
f 2618//3616 505//3616 503//3616
f 606//3617 604//3617 2621//3617
f 2622//3618 507//3618 505//3618
f 2623//3619 507//3619 2624//3619
f 2624//3620 507//3620 2622//3620
f 2621//3621 602//3621 2625//3621
f 604//3622 602//3622 2621//3622
f 2626//3623 510//3623 2623//3623
f 2623//3624 510//3624 507//3624
f 2625//3625 600//3625 2627//3625
f 602//3626 600//3626 2625//3626
f 2628//3627 512//3627 2626//3627
f 2626//3628 512//3628 510//3628
f 2627//3629 598//3629 2629//3629
f 600//3630 598//3630 2627//3630
f 2628//3631 514//3631 512//3631
f 2630//3632 514//3632 2628//3632
f 2629//3633 596//3633 2631//3633
f 2631//3634 596//3634 2632//3634
f 598//3635 596//3635 2629//3635
f 2633//3636 517//3636 2630//3636
f 2630//3637 517//3637 514//3637
f 596//3638 594//3638 2632//3638
f 2633//3639 519//3639 517//3639
f 2632//3640 592//3640 2634//3640
f 2634//3641 592//3641 2635//3641
f 594//3642 592//3642 2632//3642
f 2636//3643 521//3643 2633//3643
f 2633//3644 521//3644 519//3644
f 592//3645 590//3645 2635//3645
f 2637//3646 523//3646 2636//3646
f 2636//3647 523//3647 521//3647
f 2635//3648 588//3648 2638//3648
f 590//3649 588//3649 2635//3649
f 2639//3650 526//3650 2640//3650
f 2640//3651 526//3651 2637//3651
f 2637//3652 526//3652 523//3652
f 2638//3653 586//3653 2641//3653
f 2641//3654 586//3654 2642//3654
f 588//3655 586//3655 2638//3655
f 2639//3656 528//3656 526//3656
f 2642//3657 584//3657 2643//3657
f 586//3658 584//3658 2642//3658
f 2639//3659 530//3659 528//3659
f 2644//3660 530//3660 2639//3660
f 584//3661 582//3661 2643//3661
f 2644//3662 533//3662 530//3662
f 2645//3663 533//3663 2644//3663
f 582//3664 581//3664 2643//3664
f 2643//3665 581//3665 2646//3665
f 2645//3666 536//3666 533//3666
f 2647//3667 536//3667 2645//3667
f 2646//3668 580//3668 2648//3668
f 581//3669 580//3669 2646//3669
f 2647//3670 539//3670 536//3670
f 2649//3671 539//3671 2647//3671
f 580//3672 579//3672 2648//3672
f 2648//3673 579//3673 2650//3673
f 2649//3674 541//3674 539//3674
f 2651//3675 541//3675 2652//3675
f 2652//3676 541//3676 2649//3676
f 2650//3677 578//3677 2653//3677
f 579//3678 578//3678 2650//3678
f 2651//3679 543//3679 541//3679
f 2653//3680 577//3680 2654//3680
f 578//3681 577//3681 2653//3681
f 2651//3682 545//3682 543//3682
f 2655//3683 545//3683 2651//3683
f 2654//3684 576//3684 2656//3684
f 577//3685 576//3685 2654//3685
f 2655//3686 547//3686 545//3686
f 2657//3687 547//3687 2658//3687
f 2658//3688 547//3688 2655//3688
f 2656//3689 575//3689 2659//3689
f 576//3690 575//3690 2656//3690
f 2657//3691 549//3691 547//3691
f 2659//3692 574//3692 2660//3692
f 2660//3693 574//3693 2661//3693
f 575//3694 574//3694 2659//3694
f 2662//3695 551//3695 2657//3695
f 2657//3696 551//3696 549//3696
f 574//3697 573//3697 2661//3697
f 2662//3698 553//3698 551//3698
f 2663//3699 553//3699 2662//3699
f 2661//3700 571//3700 2664//3700
f 573//3701 571//3701 2661//3701
f 2663//3702 555//3702 553//3702
f 2665//3703 555//3703 2663//3703
f 2664//3704 569//3704 2666//3704
f 571//3705 569//3705 2664//3705
f 2667//3706 557//3706 2665//3706
f 2665//3707 557//3707 555//3707
f 569//3708 567//3708 2666//3708
f 2666//3709 567//3709 2668//3709
f 2669//3710 559//3710 2670//3710
f 2670//3711 559//3711 2667//3711
f 2667//3712 559//3712 557//3712
f 567//3713 565//3713 2668//3713
f 2668//3714 565//3714 2671//3714
f 2669//3715 561//3715 559//3715
f 2671//3716 563//3716 2672//3716
f 2672//3717 563//3717 2669//3717
f 565//3718 563//3718 2671//3718
f 2669//3719 563//3719 561//3719
f 925//3720 2391//3720 931//3720
f 931//3721 2391//3721 1681//3721
f 1681//3722 2392//3722 1684//3722
f 2391//3723 2392//3723 1681//3723
f 1684//3724 2393//3724 1687//3724
f 2392//3725 2393//3725 1684//3725
f 1687//3726 2394//3726 1692//3726
f 2393//3727 2394//3727 1687//3727
f 1692//3728 2395//3728 1695//3728
f 2394//3729 2395//3729 1692//3729
f 1695//3730 2396//3730 1699//3730
f 1699//3731 2396//3731 1702//3731
f 2395//3732 2396//3732 1695//3732
f 2396//3733 2397//3733 1702//3733
f 1702//3734 2399//3734 1707//3734
f 1707//3735 2399//3735 1710//3735
f 2397//3736 2399//3736 1702//3736
f 2399//3737 2400//3737 1710//3737
f 2400//3738 2403//3738 1710//3738
f 1710//3739 2403//3739 1714//3739
f 2403//3740 2404//3740 1714//3740
f 1714//3741 2404//3741 1717//3741
f 1717//3742 2404//3742 1722//3742
f 2404//3743 2407//3743 1722//3743
f 2407//3744 2408//3744 1722//3744
f 1722//3745 2408//3745 1725//3745
f 1725//3746 2408//3746 1728//3746
f 2408//3747 2412//3747 1728//3747
f 2412//3748 2417//3748 1728//3748
f 1728//3749 2417//3749 1730//3749
f 2417//3750 2418//3750 1730//3750
f 1730//3751 2418//3751 1732//3751
f 2418//3752 2424//3752 1732//3752
f 1732//3753 2424//3753 1734//3753
f 2424//3754 2425//3754 1734//3754
f 1734//3755 2425//3755 1735//3755
f 2425//3756 2430//3756 1735//3756
f 1735//3757 2430//3757 1736//3757
f 2430//3758 2431//3758 1736//3758
f 1736//3759 2431//3759 1737//3759
f 2431//3760 2435//3760 1737//3760
f 1737//3761 2435//3761 1738//3761
f 2435//3762 2436//3762 1738//3762
f 1738//3763 2436//3763 1739//3763
f 1739//3764 2436//3764 1740//3764
f 2436//3765 2439//3765 1740//3765
f 1740//3766 2439//3766 1741//3766
f 2439//3767 2440//3767 1741//3767
f 1741//3768 2442//3768 1742//3768
f 2440//3769 2442//3769 1741//3769
f 1742//3770 2443//3770 1744//3770
f 2442//3771 2443//3771 1742//3771
f 1744//3772 2379//3772 1746//3772
f 2443//3773 2379//3773 1744//3773
f 2673//3774 2674//3774 1747//3774
f 1747//3775 2674//3775 1745//3775
f 1745//3776 2675//3776 1743//3776
f 1743//3777 2675//3777 849//3777
f 2674//3778 2675//3778 1745//3778
f 2675//3779 845//3779 849//3779
f 838//3780 2673//3780 836//3780
f 2674//3781 2673//3781 838//3781
f 840//3782 2674//3782 838//3782
f 2675//3783 840//3783 842//3783
f 2675//3784 2674//3784 840//3784
f 844//3785 2675//3785 842//3785
f 845//3786 2675//3786 844//3786
f 2676//3787 2677//3787 2678//3787
f 2676//3788 2679//3788 2677//3788
f 2680//3789 2676//3789 2678//3789
f 2681//3790 2676//3790 2680//3790
f 2682//3791 2676//3791 2681//3791
f 2683//3792 2676//3792 2682//3792
f 2684//3793 2676//3793 2683//3793
f 2685//3794 2676//3794 2684//3794
f 2686//3795 2676//3795 2685//3795
f 784//3796 2687//3796 2688//3796
f 784//3797 2688//3797 782//3797
f 786//3798 2687//3798 784//3798
f 787//3799 2689//3799 2687//3799
f 787//3800 2687//3800 786//3800
f 789//3801 2690//3801 2689//3801
f 789//3802 2689//3802 787//3802
f 791//3803 2691//3803 2690//3803
f 791//3804 2690//3804 789//3804
f 792//3805 2691//3805 791//3805
f 794//3806 2691//3806 792//3806
f 794//3807 2692//3807 2691//3807
f 796//3808 2693//3808 2692//3808
f 796//3809 2692//3809 794//3809
f 798//3810 2693//3810 796//3810
f 798//3811 2694//3811 2693//3811
f 799//3812 2695//3812 2694//3812
f 799//3813 2694//3813 798//3813
f 801//3814 2696//3814 2695//3814
f 801//3815 2695//3815 799//3815
f 803//3816 2696//3816 801//3816
f 2673//3817 834//3817 836//3817
f 2673//3818 833//3818 834//3818
f 2673//3819 831//3819 833//3819
f 2673//3820 829//3820 831//3820
f 2673//3821 828//3821 829//3821
f 2673//3822 826//3822 828//3822
f 2673//3823 824//3823 826//3823
f 2673//3824 823//3824 824//3824
f 2673//3825 821//3825 823//3825
f 2673//3826 2676//3826 821//3826
f 821//3827 2676//3827 819//3827
f 819//3828 2676//3828 817//3828
f 817//3829 2676//3829 816//3829
f 816//3830 2676//3830 815//3830
f 815//3831 2676//3831 813//3831
f 813//3832 2676//3832 811//3832
f 811//3833 2676//3833 810//3833
f 810//3834 2676//3834 808//3834
f 808//3835 2676//3835 806//3835
f 806//3836 2676//3836 804//3836
f 804//3837 2676//3837 803//3837
f 803//3838 2676//3838 2686//3838
f 803//3839 2686//3839 2697//3839
f 803//3840 2697//3840 2698//3840
f 803//3841 2698//3841 2699//3841
f 803//3842 2699//3842 2700//3842
f 803//3843 2700//3843 2701//3843
f 803//3844 2701//3844 2702//3844
f 803//3845 2702//3845 2703//3845
f 803//3846 2703//3846 2704//3846
f 803//3847 2704//3847 2705//3847
f 803//3848 2705//3848 2696//3848
f 2706//3849 782//3849 2688//3849
f 2706//3850 780//3850 782//3850
f 2707//3851 778//3851 2706//3851
f 2706//3852 778//3852 780//3852
f 2708//3853 777//3853 2707//3853
f 2707//3854 777//3854 778//3854
f 2709//3855 775//3855 2710//3855
f 2710//3856 775//3856 2708//3856
f 2708//3857 775//3857 777//3857
f 2709//3858 773//3858 775//3858
f 2711//3859 771//3859 2709//3859
f 2709//3860 771//3860 773//3860
f 2712//3861 769//3861 2711//3861
f 2711//3862 769//3862 771//3862
f 2713//3863 767//3863 2714//3863
f 2714//3864 767//3864 2712//3864
f 2712//3865 767//3865 769//3865
f 2713//3866 765//3866 767//3866
f 2380//3867 763//3867 2713//3867
f 2713//3868 763//3868 765//3868
f 1141//3869 1138//3869 2715//3869
f 1141//3870 2715//3870 2716//3870
f 1144//3871 2716//3871 2717//3871
f 1144//3872 1141//3872 2716//3872
f 1147//3873 2717//3873 2718//3873
f 1147//3874 1144//3874 2717//3874
f 1150//3875 2718//3875 2719//3875
f 1150//3876 1147//3876 2718//3876
f 1153//3877 2719//3877 2720//3877
f 1153//3878 1150//3878 2719//3878
f 1156//3879 1153//3879 2720//3879
f 1156//3880 2720//3880 2721//3880
f 1159//3881 1156//3881 2721//3881
f 1159//3882 2721//3882 2722//3882
f 1162//3883 1159//3883 2722//3883
f 1162//3884 2722//3884 2723//3884
f 1165//3885 1162//3885 2723//3885
f 1165//3886 2723//3886 2724//3886
f 1168//3887 1165//3887 2724//3887
f 1168//3888 2724//3888 2725//3888
f 1171//3889 1168//3889 2725//3889
f 1171//3890 2725//3890 2726//3890
f 1174//3891 1171//3891 2726//3891
f 1174//3892 2726//3892 2727//3892
f 1177//3893 1174//3893 2727//3893
f 1177//3894 2727//3894 2728//3894
f 1179//3895 1177//3895 2728//3895
f 1179//3896 2728//3896 2729//3896
f 1182//3897 1179//3897 2729//3897
f 1182//3898 2729//3898 2730//3898
f 1185//3899 1182//3899 2730//3899
f 1185//3900 2730//3900 2731//3900
f 1188//3901 1185//3901 2731//3901
f 1188//3902 2731//3902 2732//3902
f 1191//3903 1188//3903 2732//3903
f 1191//3904 2732//3904 2733//3904
f 1194//3905 1191//3905 2733//3905
f 1194//3906 2733//3906 2734//3906
f 1197//3907 1194//3907 2734//3907
f 1197//3908 2734//3908 2735//3908
f 1200//3909 1197//3909 2735//3909
f 1200//3910 2735//3910 2736//3910
f 1202//3911 1200//3911 2736//3911
f 1202//3912 2736//3912 2737//3912
f 1205//3913 2737//3913 2738//3913
f 1205//3914 1202//3914 2737//3914
f 1208//3915 2738//3915 2739//3915
f 1208//3916 1205//3916 2738//3916
f 1211//3917 2739//3917 2740//3917
f 1211//3918 1208//3918 2739//3918
f 1213//3919 2740//3919 2741//3919
f 1213//3920 1211//3920 2740//3920
f 1216//3921 2741//3921 2742//3921
f 1216//3922 1213//3922 2741//3922
f 1219//3923 2742//3923 2743//3923
f 1219//3924 1216//3924 2742//3924
f 1221//3925 2743//3925 2744//3925
f 1221//3926 1219//3926 2743//3926
f 1224//3927 2744//3927 2745//3927
f 1224//3928 1221//3928 2744//3928
f 1226//3929 1224//3929 2745//3929
f 1226//3930 2745//3930 2746//3930
f 1229//3931 1226//3931 2746//3931
f 1229//3932 2746//3932 2747//3932
f 1231//3933 1229//3933 2747//3933
f 1231//3934 2747//3934 2748//3934
f 1234//3935 1231//3935 2748//3935
f 1234//3936 2748//3936 2749//3936
f 1236//3937 1234//3937 2749//3937
f 1236//3938 2749//3938 2750//3938
f 1276//3939 1236//3939 2750//3939
f 1276//3940 2750//3940 2751//3940
f 1275//3941 1276//3941 2751//3941
f 1275//3942 2751//3942 2752//3942
f 1274//3943 1275//3943 2752//3943
f 1274//3944 2752//3944 2753//3944
f 1273//3945 1274//3945 2753//3945
f 1273//3946 2753//3946 2754//3946
f 1272//3947 1273//3947 2754//3947
f 1272//3948 2754//3948 2755//3948
f 1271//3949 1272//3949 2755//3949
f 1271//3950 2755//3950 2756//3950
f 1270//3951 1271//3951 2756//3951
f 1270//3952 2756//3952 2757//3952
f 1269//3953 1270//3953 2757//3953
f 1269//3954 2757//3954 2758//3954
f 1268//3955 1269//3955 2758//3955
f 1268//3956 2758//3956 2759//3956
f 1267//3957 1268//3957 2759//3957
f 1267//3958 2759//3958 2760//3958
f 1266//3959 1267//3959 2760//3959
f 1266//3960 2760//3960 2761//3960
f 1265//3961 1266//3961 2761//3961
f 1265//3962 2761//3962 2762//3962
f 1264//3963 1265//3963 2762//3963
f 1264//3964 2762//3964 2763//3964
f 1263//3965 1264//3965 2763//3965
f 1263//3966 2763//3966 2764//3966
f 1262//3967 1263//3967 2764//3967
f 1262//3968 2764//3968 2765//3968
f 1261//3969 1262//3969 2765//3969
f 1261//3970 2765//3970 2766//3970
f 1260//3971 1261//3971 2766//3971
f 1260//3972 2766//3972 2767//3972
f 1259//3973 1260//3973 2767//3973
f 1259//3974 2767//3974 2768//3974
f 1258//3975 2768//3975 2769//3975
f 1258//3976 1259//3976 2768//3976
f 1257//3977 2769//3977 2770//3977
f 1257//3978 1258//3978 2769//3978
f 1256//3979 2770//3979 2771//3979
f 1256//3980 1257//3980 2770//3980
f 1255//3981 1256//3981 2771//3981
f 1255//3982 2771//3982 2772//3982
f 1254//3983 2772//3983 2773//3983
f 1254//3984 1255//3984 2772//3984
f 1253//3985 2773//3985 2774//3985
f 1253//3986 1254//3986 2773//3986
f 1252//3987 2774//3987 2775//3987
f 1252//3988 1253//3988 2774//3988
f 1251//3989 2775//3989 2776//3989
f 1251//3990 1252//3990 2775//3990
f 1250//3991 2776//3991 2777//3991
f 1250//3992 1251//3992 2776//3992
f 1249//3993 2777//3993 2778//3993
f 1249//3994 1250//3994 2777//3994
f 1248//3995 2778//3995 2779//3995
f 1248//3996 1249//3996 2778//3996
f 1247//3997 2779//3997 2780//3997
f 1247//3998 1248//3998 2779//3998
f 1246//3999 2780//3999 2781//3999
f 1246//4000 1247//4000 2780//4000
f 1245//4001 2781//4001 2782//4001
f 1245//4002 1246//4002 2781//4002
f 1244//4003 2782//4003 2783//4003
f 1244//4004 1245//4004 2782//4004
f 1243//4005 2783//4005 2784//4005
f 1243//4006 1244//4006 2783//4006
f 1242//4007 2784//4007 2785//4007
f 1242//4008 1243//4008 2784//4008
f 1241//4009 2785//4009 2786//4009
f 1241//4010 1242//4010 2785//4010
f 2787//4011 2786//4011 2788//4011
f 2787//4012 2788//4012 2789//4012
f 1239//4013 1241//4013 2786//4013
f 1239//4014 2786//4014 2787//4014
f 1240//4015 1239//4015 2787//4015
f 2790//4016 2789//4016 2791//4016
f 2790//4017 2787//4017 2789//4017
f 2792//4018 2791//4018 2793//4018
f 2792//4019 2790//4019 2791//4019
f 2794//4020 2793//4020 2795//4020
f 2794//4021 2792//4021 2793//4021
f 2796//4022 2795//4022 2797//4022
f 2796//4023 2794//4023 2795//4023
f 2798//4024 2797//4024 2799//4024
f 2798//4025 2796//4025 2797//4025
f 2800//4026 2799//4026 2801//4026
f 2800//4027 2798//4027 2799//4027
f 2802//4028 2801//4028 2803//4028
f 2802//4029 2800//4029 2801//4029
f 2804//4030 2803//4030 2805//4030
f 2804//4031 2802//4031 2803//4031
f 2806//4032 2805//4032 2807//4032
f 2806//4033 2804//4033 2805//4033
f 2808//4034 2806//4034 2807//4034
f 2809//4035 2806//4035 2808//4035
f 2810//4036 2809//4036 2808//4036
f 2811//4037 2809//4037 2810//4037
f 2812//4038 2811//4038 2810//4038
f 2812//4039 2810//4039 2813//4039
f 2814//4040 2812//4040 2813//4040
f 2815//4041 2814//4041 2813//4041
f 2816//4042 2814//4042 2815//4042
f 2817//4043 2816//4043 2815//4043
f 2818//4044 2816//4044 2817//4044
f 2819//4045 2818//4045 2817//4045
f 2820//4046 2818//4046 2819//4046
f 2821//4047 2820//4047 2819//4047
f 2822//4048 2820//4048 2821//4048
f 2823//4049 2822//4049 2821//4049
f 2824//4050 2822//4050 2823//4050
f 2825//4051 2824//4051 2823//4051
f 2826//4052 2824//4052 2825//4052
f 2827//4053 2826//4053 2825//4053
f 2828//4054 2826//4054 2827//4054
f 2829//4055 2828//4055 2827//4055
f 2830//4056 2828//4056 2829//4056
f 2831//4057 2830//4057 2829//4057
f 2832//4058 2830//4058 2831//4058
f 2833//4059 2832//4059 2831//4059
f 2834//4060 2832//4060 2833//4060
f 2835//4061 2834//4061 2833//4061
f 2836//4062 2834//4062 2835//4062
f 2837//4063 2836//4063 2835//4063
f 2838//4064 2836//4064 2837//4064
f 2839//4065 2838//4065 2837//4065
f 2840//4066 2838//4066 2839//4066
f 2841//4067 2840//4067 2839//4067
f 2842//4068 2841//4068 2839//4068
f 2843//4069 2841//4069 2842//4069
f 2844//4070 2843//4070 2842//4070
f 2845//4071 2844//4071 2842//4071
f 2846//4072 2844//4072 2845//4072
f 2847//4073 2846//4073 2845//4073
f 2848//4074 2846//4074 2847//4074
f 2849//4075 2848//4075 2847//4075
f 2850//4076 2848//4076 2849//4076
f 2851//4077 2849//4077 2852//4077
f 2851//4078 2850//4078 2849//4078
f 2853//4079 2852//4079 2854//4079
f 2853//4080 2851//4080 2852//4080
f 2855//4081 2853//4081 2854//4081
f 2856//4082 2855//4082 2854//4082
f 2857//4083 2855//4083 2856//4083
f 2858//4084 2857//4084 2856//4084
f 2859//4085 2857//4085 2858//4085
f 2860//4086 2859//4086 2858//4086
f 2861//4087 2859//4087 2860//4087
f 2862//4088 2861//4088 2860//4088
f 2862//4089 2860//4089 2863//4089
f 2864//4090 2862//4090 2863//4090
f 2864//4091 2863//4091 2865//4091
f 2866//4092 2864//4092 2865//4092
f 2866//4093 2865//4093 2867//4093
f 2868//4094 2866//4094 2867//4094
f 2869//4095 2868//4095 2867//4095
f 2870//4096 2868//4096 2869//4096
f 2871//4097 2870//4097 2869//4097
f 2872//4098 2870//4098 2871//4098
f 2873//4099 2872//4099 2871//4099
f 2873//4100 2871//4100 2874//4100
f 2875//4101 2873//4101 2874//4101
f 2875//4102 2874//4102 2876//4102
f 2877//4103 2875//4103 2876//4103
f 2877//4104 2876//4104 2878//4104
f 2879//4105 2877//4105 2878//4105
f 2879//4106 2878//4106 2880//4106
f 2881//4107 2879//4107 2880//4107
f 2881//4108 2880//4108 2882//4108
f 2883//4109 2881//4109 2882//4109
f 2883//4110 2882//4110 2884//4110
f 2885//4111 2883//4111 2884//4111
f 2886//4112 2885//4112 2884//4112
f 2887//4113 2885//4113 2886//4113
f 2888//4114 2887//4114 2886//4114
f 2889//4115 2887//4115 2888//4115
f 2890//4116 2888//4116 2891//4116
f 2890//4117 2889//4117 2888//4117
f 2892//4118 2891//4118 2893//4118
f 2892//4119 2890//4119 2891//4119
f 2894//4120 2893//4120 2895//4120
f 2894//4121 2892//4121 2893//4121
f 2896//4122 2895//4122 2897//4122
f 2896//4123 2894//4123 2895//4123
f 2898//4124 2897//4124 2899//4124
f 2898//4125 2896//4125 2897//4125
f 2900//4126 2899//4126 2901//4126
f 2900//4127 2898//4127 2899//4127
f 2902//4128 2901//4128 2903//4128
f 2902//4129 2900//4129 2901//4129
f 2904//4130 2903//4130 2905//4130
f 2904//4131 2902//4131 2903//4131
f 2906//4132 2904//4132 2905//4132
f 2906//4133 2905//4133 2907//4133
f 2908//4134 2906//4134 2907//4134
f 2908//4135 2907//4135 2909//4135
f 2910//4136 2908//4136 2909//4136
f 2910//4137 2909//4137 2911//4137
f 2912//4138 2910//4138 2911//4138
f 2912//4139 2911//4139 2913//4139
f 2914//4140 2912//4140 2913//4140
f 2914//4141 2913//4141 2915//4141
f 2916//4142 2914//4142 2915//4142
f 2917//4143 2916//4143 2915//4143
f 2917//4144 2915//4144 2918//4144
f 2919//4145 2917//4145 2918//4145
f 2919//4146 2918//4146 2920//4146
f 2921//4147 2919//4147 2920//4147
f 1829//4148 1828//4148 2919//4148
f 1829//4149 2919//4149 2921//4149
f 1831//4150 1829//4150 2921//4150
f 1831//4151 2921//4151 2922//4151
f 1825//4152 1831//4152 2922//4152
f 1825//4153 2922//4153 2923//4153
f 1823//4154 1825//4154 2923//4154
f 1823//4155 2923//4155 2924//4155
f 1821//4156 1823//4156 2924//4156
f 1821//4157 2924//4157 2925//4157
f 1819//4158 1821//4158 2925//4158
f 1819//4159 2925//4159 2926//4159
f 1816//4160 1819//4160 2926//4160
f 1816//4161 2926//4161 2927//4161
f 1814//4162 1816//4162 2927//4162
f 1814//4163 2927//4163 2928//4163
f 1812//4164 1814//4164 2928//4164
f 1812//4165 2928//4165 2929//4165
f 1810//4166 1812//4166 2929//4166
f 1810//4167 2929//4167 2930//4167
f 1807//4168 1810//4168 2930//4168
f 1807//4169 2930//4169 2931//4169
f 1805//4170 1807//4170 2931//4170
f 1805//4171 2931//4171 2932//4171
f 1803//4172 1805//4172 2932//4172
f 1803//4173 2932//4173 2933//4173
f 1801//4174 1803//4174 2933//4174
f 1801//4175 2933//4175 2934//4175
f 1798//4176 1801//4176 2934//4176
f 1798//4177 2934//4177 2935//4177
f 1796//4178 2935//4178 2936//4178
f 1796//4179 1798//4179 2935//4179
f 1794//4180 1796//4180 2936//4180
f 1794//4181 2936//4181 2937//4181
f 1792//4182 1794//4182 2937//4182
f 1792//4183 2937//4183 2938//4183
f 1789//4184 1792//4184 2938//4184
f 1789//4185 2938//4185 2939//4185
f 1787//4186 2939//4186 2940//4186
f 1787//4187 1789//4187 2939//4187
f 1785//4188 2940//4188 2941//4188
f 1785//4189 1787//4189 2940//4189
f 1783//4190 2941//4190 2942//4190
f 1783//4191 1785//4191 2941//4191
f 1780//4192 2942//4192 2943//4192
f 1780//4193 1783//4193 2942//4193
f 1778//4194 2943//4194 2944//4194
f 1778//4195 1780//4195 2943//4195
f 1776//4196 2944//4196 2945//4196
f 1776//4197 1778//4197 2944//4197
f 1774//4198 2945//4198 2946//4198
f 1774//4199 1776//4199 2945//4199
f 1771//4200 2946//4200 2947//4200
f 1771//4201 1774//4201 2946//4201
f 1769//4202 2947//4202 2948//4202
f 1769//4203 1771//4203 2947//4203
f 1767//4204 2948//4204 2949//4204
f 1767//4205 1769//4205 2948//4205
f 1765//4206 2949//4206 2950//4206
f 1765//4207 1767//4207 2949//4207
f 1763//4208 2950//4208 2951//4208
f 1763//4209 1765//4209 2950//4209
f 1761//4210 2951//4210 2952//4210
f 1761//4211 1763//4211 2951//4211
f 1760//4212 2952//4212 2953//4212
f 1760//4213 1761//4213 2952//4213
f 1759//4214 2953//4214 2954//4214
f 1759//4215 1760//4215 2953//4215
f 1758//4216 2954//4216 2955//4216
f 1758//4217 1759//4217 2954//4217
f 1757//4218 2955//4218 2956//4218
f 1757//4219 1758//4219 2955//4219
f 1756//4220 2956//4220 2957//4220
f 1756//4221 1757//4221 2956//4221
f 1755//4222 2957//4222 2958//4222
f 1755//4223 1756//4223 2957//4223
f 1754//4224 2958//4224 2959//4224
f 1754//4225 1755//4225 2958//4225
f 2960//4226 2959//4226 2961//4226
f 2960//4227 2961//4227 2962//4227
f 1752//4228 1754//4228 2959//4228
f 1752//4229 2959//4229 2960//4229
f 2963//4230 2960//4230 2962//4230
f 1753//4231 1752//4231 2960//4231
f 2964//4232 2962//4232 2965//4232
f 2964//4233 2963//4233 2962//4233
f 2966//4234 2965//4234 2967//4234
f 2966//4235 2964//4235 2965//4235
f 2968//4236 2966//4236 2967//4236
f 2968//4237 2967//4237 2969//4237
f 2679//4238 2968//4238 2969//4238
f 2677//4239 2679//4239 2969//4239
f 2677//4240 2969//4240 2970//4240
f 2678//4241 2677//4241 2970//4241
f 2678//4242 2970//4242 2971//4242
f 2680//4243 2678//4243 2971//4243
f 2681//4244 2680//4244 2971//4244
f 2681//4245 2971//4245 2972//4245
f 2682//4246 2972//4246 2973//4246
f 2682//4247 2681//4247 2972//4247
f 2683//4248 2973//4248 2974//4248
f 2683//4249 2682//4249 2973//4249
f 2684//4250 2683//4250 2974//4250
f 2685//4251 2974//4251 2975//4251
f 2685//4252 2684//4252 2974//4252
f 2686//4253 2975//4253 2976//4253
f 2686//4254 2685//4254 2975//4254
f 2697//4255 2686//4255 2976//4255
f 2698//4256 2976//4256 2977//4256
f 2698//4257 2697//4257 2976//4257
f 2699//4258 2977//4258 2978//4258
f 2699//4259 2698//4259 2977//4259
f 2700//4260 2699//4260 2978//4260
f 2701//4261 2978//4261 2979//4261
f 2701//4262 2700//4262 2978//4262
f 2702//4263 2979//4263 2980//4263
f 2702//4264 2701//4264 2979//4264
f 2703//4265 2702//4265 2980//4265
f 2981//4266 2703//4266 2980//4266
f 2704//4267 2703//4267 2981//4267
f 2705//4268 2981//4268 2982//4268
f 2705//4269 2704//4269 2981//4269
f 2696//4270 2982//4270 2983//4270
f 2696//4271 2705//4271 2982//4271
f 2695//4272 2983//4272 2984//4272
f 2695//4273 2696//4273 2983//4273
f 2694//4274 2695//4274 2984//4274
f 2985//4275 2694//4275 2984//4275
f 2693//4276 2694//4276 2985//4276
f 2692//4277 2985//4277 2986//4277
f 2692//4278 2693//4278 2985//4278
f 2691//4279 2986//4279 2987//4279
f 2691//4280 2692//4280 2986//4280
f 2690//4281 2987//4281 2988//4281
f 2690//4282 2691//4282 2987//4282
f 2689//4283 2988//4283 2989//4283
f 2689//4284 2690//4284 2988//4284
f 2687//4285 2689//4285 2989//4285
f 2687//4286 2989//4286 2990//4286
f 2688//4287 2687//4287 2990//4287
f 2688//4288 2990//4288 2991//4288
f 2706//4289 2688//4289 2991//4289
f 2706//4290 2991//4290 2992//4290
f 2707//4291 2706//4291 2992//4291
f 2993//4292 2707//4292 2992//4292
f 2708//4293 2707//4293 2993//4293
f 2994//4294 2708//4294 2993//4294
f 2710//4295 2708//4295 2994//4295
f 2995//4296 2710//4296 2994//4296
f 2709//4297 2710//4297 2995//4297
f 2996//4298 2709//4298 2995//4298
f 2711//4299 2709//4299 2996//4299
f 2997//4300 2711//4300 2996//4300
f 2712//4301 2711//4301 2997//4301
f 2998//4302 2712//4302 2997//4302
f 2714//4303 2712//4303 2998//4303
f 2999//4304 2714//4304 2998//4304
f 2713//4305 2714//4305 2999//4305
f 2380//4306 2713//4306 2999//4306
f 2380//4307 2999//4307 3000//4307
f 3001//4308 2380//4308 3000//4308
f 2381//4309 2380//4309 3001//4309
f 3002//4310 2381//4310 3001//4310
f 2382//4311 2381//4311 3002//4311
f 3003//4312 2382//4312 3002//4312
f 2383//4313 3003//4313 3004//4313
f 2383//4314 2382//4314 3003//4314
f 2384//4315 3004//4315 3005//4315
f 2384//4316 2383//4316 3004//4316
f 2385//4317 3005//4317 3006//4317
f 2385//4318 2384//4318 3005//4318
f 2386//4319 3006//4319 3007//4319
f 2386//4320 2385//4320 3006//4320
f 2387//4321 3007//4321 3008//4321
f 2387//4322 2386//4322 3007//4322
f 3009//4323 2387//4323 3008//4323
f 2388//4324 3009//4324 3010//4324
f 2388//4325 2387//4325 3009//4325
f 2389//4326 3010//4326 3011//4326
f 2389//4327 2388//4327 3010//4327
f 2390//4328 3011//4328 3012//4328
f 2390//4329 2389//4329 3011//4329
f 3013//4330 2390//4330 3012//4330
f 1119//4331 1093//4331 2390//4331
f 1119//4332 2390//4332 3013//4332
f 1122//4333 1119//4333 3013//4333
f 1122//4334 3013//4334 3014//4334
f 1124//4335 1122//4335 3014//4335
f 1124//4336 3014//4336 3015//4336
f 1127//4337 1124//4337 3015//4337
f 1127//4338 3015//4338 3016//4338
f 1130//4339 1127//4339 3016//4339
f 1130//4340 3016//4340 3017//4340
f 1132//4341 1130//4341 3017//4341
f 1132//4342 3017//4342 3018//4342
f 1135//4343 1132//4343 3018//4343
f 1135//4344 3018//4344 2715//4344
f 1138//4345 1135//4345 2715//4345
f 1240//4346 2787//4346 1602//4346
f 1602//4347 2787//4347 3019//4347
f 1544//4348 1540//4348 3020//4348
f 1544//4349 3020//4349 3021//4349
f 1548//4350 3021//4350 3022//4350
f 1548//4351 1544//4351 3021//4351
f 1552//4352 3022//4352 3023//4352
f 1552//4353 1548//4353 3022//4353
f 1555//4354 1552//4354 3023//4354
f 1555//4355 3023//4355 3024//4355
f 1559//4356 1555//4356 3024//4356
f 1559//4357 3024//4357 3025//4357
f 1563//4358 1559//4358 3025//4358
f 1563//4359 3025//4359 3026//4359
f 1603//4360 3026//4360 3027//4360
f 1603//4361 3027//4361 3028//4361
f 1566//4362 1563//4362 3026//4362
f 1566//4363 3026//4363 1603//4363
f 1570//4364 1566//4364 1603//4364
f 1613//4365 1603//4365 3028//4365
f 1613//4366 3028//4366 3029//4366
f 1612//4367 1613//4367 3029//4367
f 1612//4368 3029//4368 3030//4368
f 1611//4369 1612//4369 3030//4369
f 1611//4370 3030//4370 3031//4370
f 3032//4371 1611//4371 3031//4371
f 1610//4372 1611//4372 3032//4372
f 3033//4373 1610//4373 3032//4373
f 1609//4374 1610//4374 3033//4374
f 3034//4375 1609//4375 3033//4375
f 1608//4376 1609//4376 3034//4376
f 3035//4377 1608//4377 3034//4377
f 1607//4378 1608//4378 3035//4378
f 1607//4379 3035//4379 3036//4379
f 1606//4380 1607//4380 3036//4380
f 1606//4381 3036//4381 3037//4381
f 1604//4382 1606//4382 3037//4382
f 1604//4383 3037//4383 3038//4383
f 1605//4384 1604//4384 3038//4384
f 1605//4385 3038//4385 3039//4385
f 3040//4386 1605//4386 3039//4386
f 1614//4387 1605//4387 3040//4387
f 1615//4388 1614//4388 3040//4388
f 1615//4389 3040//4389 3041//4389
f 1617//4390 1615//4390 3041//4390
f 1617//4391 3041//4391 3042//4391
f 1616//4392 3042//4392 3043//4392
f 1616//4393 1617//4393 3042//4393
f 1619//4394 3043//4394 3044//4394
f 1619//4395 1616//4395 3043//4395
f 1618//4396 1619//4396 3044//4396
f 3045//4397 1618//4397 3044//4397
f 1620//4398 1618//4398 3045//4398
f 3046//4399 1620//4399 3045//4399
f 1623//4400 1620//4400 3046//4400
f 3047//4401 1623//4401 3046//4401
f 1622//4402 1623//4402 3047//4402
f 3048//4403 1622//4403 3047//4403
f 1621//4404 1622//4404 3048//4404
f 3049//4405 1621//4405 3048//4405
f 1625//4406 1621//4406 3049//4406
f 3050//4407 1625//4407 3049//4407
f 1626//4408 1625//4408 3050//4408
f 3051//4409 1626//4409 3050//4409
f 1627//4410 1626//4410 3051//4410
f 3052//4411 1627//4411 3051//4411
f 1628//4412 1627//4412 3052//4412
f 3053//4413 1628//4413 3052//4413
f 1629//4414 1628//4414 3053//4414
f 3054//4415 1629//4415 3053//4415
f 1630//4416 1629//4416 3054//4416
f 1631//4417 1630//4417 3054//4417
f 1631//4418 3054//4418 3055//4418
f 1632//4419 1631//4419 3055//4419
f 1632//4420 3055//4420 3056//4420
f 1633//4421 1632//4421 3056//4421
f 1633//4422 3056//4422 3057//4422
f 1653//4423 1633//4423 3057//4423
f 3058//4424 1653//4424 3057//4424
f 1652//4425 1653//4425 3058//4425
f 1651//4426 1652//4426 3058//4426
f 1651//4427 3058//4427 3059//4427
f 1650//4428 1651//4428 3059//4428
f 1650//4429 3059//4429 3060//4429
f 1649//4430 1650//4430 3060//4430
f 3061//4431 1649//4431 3060//4431
f 1648//4432 1649//4432 3061//4432
f 1647//4433 1648//4433 3061//4433
f 1647//4434 3061//4434 3062//4434
f 1646//4435 1647//4435 3062//4435
f 1646//4436 3062//4436 3063//4436
f 1645//4437 1646//4437 3063//4437
f 1635//4438 3063//4438 3064//4438
f 1635//4439 1645//4439 3063//4439
f 1636//4440 3064//4440 3065//4440
f 1636//4441 1635//4441 3064//4441
f 1637//4442 1636//4442 3065//4442
f 1638//4443 3065//4443 3066//4443
f 1638//4444 1637//4444 3065//4444
f 1639//4445 3066//4445 3067//4445
f 1639//4446 1638//4446 3066//4446
f 1640//4447 3067//4447 3068//4447
f 1640//4448 1639//4448 3067//4448
f 1641//4449 1640//4449 3068//4449
f 1642//4450 3068//4450 3069//4450
f 1642//4451 1641//4451 3068//4451
f 1643//4452 3069//4452 3070//4452
f 1643//4453 1642//4453 3069//4453
f 1644//4454 1643//4454 3070//4454
f 3071//4455 3070//4455 3072//4455
f 3071//4456 1644//4456 3070//4456
f 3073//4457 3071//4457 3072//4457
f 3073//4458 3072//4458 3074//4458
f 3075//4459 3073//4459 3074//4459
f 3075//4460 3074//4460 3076//4460
f 3077//4461 3075//4461 3076//4461
f 3077//4462 3076//4462 3078//4462
f 3079//4463 3077//4463 3078//4463
f 3080//4464 3079//4464 3078//4464
f 1967//4465 3079//4465 3080//4465
f 1967//4466 1969//4466 3079//4466
f 1996//4467 3080//4467 3081//4467
f 1996//4468 1967//4468 3080//4468
f 1995//4469 3081//4469 3082//4469
f 1995//4470 1996//4470 3081//4470
f 1994//4471 3082//4471 3083//4471
f 1994//4472 1995//4472 3082//4472
f 1993//4473 3083//4473 3084//4473
f 1993//4474 1994//4474 3083//4474
f 1992//4475 3084//4475 3085//4475
f 1992//4476 1993//4476 3084//4476
f 1991//4477 3085//4477 3086//4477
f 1991//4478 1992//4478 3085//4478
f 1989//4479 3086//4479 3087//4479
f 1989//4480 1991//4480 3086//4480
f 1990//4481 3087//4481 3088//4481
f 1990//4482 1989//4482 3087//4482
f 1999//4483 3088//4483 3089//4483
f 1999//4484 1990//4484 3088//4484
f 2003//4485 3089//4485 3090//4485
f 2003//4486 1999//4486 3089//4486
f 2008//4487 3090//4487 3091//4487
f 2008//4488 2003//4488 3090//4488
f 2010//4489 3091//4489 3092//4489
f 2010//4490 2008//4490 3091//4490
f 2014//4491 3092//4491 3093//4491
f 2014//4492 2010//4492 3092//4492
f 2020//4493 3093//4493 3094//4493
f 2020//4494 2014//4494 3093//4494
f 2024//4495 3094//4495 3095//4495
f 2024//4496 2020//4496 3094//4496
f 2029//4497 3095//4497 3096//4497
f 2029//4498 2024//4498 3095//4498
f 2033//4499 3096//4499 3097//4499
f 2033//4500 2029//4500 3096//4500
f 2038//4501 3097//4501 3098//4501
f 2038//4502 2033//4502 3097//4502
f 2041//4503 3098//4503 3099//4503
f 2041//4504 2038//4504 3098//4504
f 2045//4505 2041//4505 3099//4505
f 2045//4506 3099//4506 3100//4506
f 2050//4507 2045//4507 3100//4507
f 2050//4508 3100//4508 3101//4508
f 2056//4509 2050//4509 3101//4509
f 2056//4510 3101//4510 3102//4510
f 2059//4511 2056//4511 3102//4511
f 2059//4512 3102//4512 3103//4512
f 2061//4513 2059//4513 3103//4513
f 2061//4514 3103//4514 3104//4514
f 2064//4515 2061//4515 3104//4515
f 2064//4516 3104//4516 3105//4516
f 2071//4517 2064//4517 3105//4517
f 2071//4518 3105//4518 3106//4518
f 2074//4519 2071//4519 3106//4519
f 2074//4520 3106//4520 3107//4520
f 2078//4521 2074//4521 3107//4521
f 2078//4522 3107//4522 3108//4522
f 2082//4523 3108//4523 3109//4523
f 2082//4524 2078//4524 3108//4524
f 2089//4525 3109//4525 3110//4525
f 2089//4526 2082//4526 3109//4526
f 2092//4527 3110//4527 3111//4527
f 2092//4528 2089//4528 3110//4528
f 2094//4529 3111//4529 3112//4529
f 2094//4530 2092//4530 3111//4530
f 2087//4531 3112//4531 3113//4531
f 2087//4532 2094//4532 3112//4532
f 2084//4533 3113//4533 3114//4533
f 2084//4534 2087//4534 3113//4534
f 2080//4535 3114//4535 3115//4535
f 2080//4536 2084//4536 3114//4536
f 2076//4537 3115//4537 3116//4537
f 2076//4538 2080//4538 3115//4538
f 2068//4539 3116//4539 3117//4539
f 2068//4540 2076//4540 3116//4540
f 2066//4541 3117//4541 3118//4541
f 2066//4542 2068//4542 3117//4542
f 3119//4543 3118//4543 3120//4543
f 3119//4544 3120//4544 3121//4544
f 1970//4545 2066//4545 3118//4545
f 1970//4546 3118//4546 3119//4546
f 3122//4547 3121//4547 3123//4547
f 3122//4548 3119//4548 3121//4548
f 1971//4549 1970//4549 3119//4549
f 3124//4550 3122//4550 3123//4550
f 3125//4551 3123//4551 3126//4551
f 3125//4552 3124//4552 3123//4552
f 3127//4553 3126//4553 3128//4553
f 3127//4554 3125//4554 3126//4554
f 3129//4555 3128//4555 3130//4555
f 3129//4556 3127//4556 3128//4556
f 3131//4557 3129//4557 3130//4557
f 3131//4558 3130//4558 3132//4558
f 3133//4559 3131//4559 3132//4559
f 3134//4560 3133//4560 3132//4560
f 3134//4561 3132//4561 3135//4561
f 3136//4562 3134//4562 3135//4562
f 3136//4563 3135//4563 3137//4563
f 3138//4564 3136//4564 3137//4564
f 3138//4565 3137//4565 3139//4565
f 3140//4566 3138//4566 3139//4566
f 3141//4567 3140//4567 3139//4567
f 3141//4568 3139//4568 3142//4568
f 3143//4569 3141//4569 3142//4569
f 3143//4570 3142//4570 3144//4570
f 3145//4571 3143//4571 3144//4571
f 3145//4572 3144//4572 3146//4572
f 3147//4573 3145//4573 3146//4573
f 3148//4574 3147//4574 3146//4574
f 3148//4575 3146//4575 3149//4575
f 3150//4576 3148//4576 3149//4576
f 3150//4577 3149//4577 3151//4577
f 3152//4578 3150//4578 3151//4578
f 3152//4579 3151//4579 3153//4579
f 3154//4580 3152//4580 3153//4580
f 3155//4581 3154//4581 3153//4581
f 3155//4582 3153//4582 3156//4582
f 3157//4583 3155//4583 3156//4583
f 3157//4584 3156//4584 3158//4584
f 3159//4585 3157//4585 3158//4585
f 3160//4586 3159//4586 3158//4586
f 3161//4587 3159//4587 3160//4587
f 3162//4588 3161//4588 3160//4588
f 3162//4589 3160//4589 3163//4589
f 3164//4590 3163//4590 3165//4590
f 3164//4591 3162//4591 3163//4591
f 3166//4592 3164//4592 3165//4592
f 3167//4593 3165//4593 3168//4593
f 3167//4594 3166//4594 3165//4594
f 3169//4595 3168//4595 3170//4595
f 3169//4596 3167//4596 3168//4596
f 3171//4597 3169//4597 3170//4597
f 3172//4598 3171//4598 3170//4598
f 3173//4599 3171//4599 3172//4599
f 3174//4600 3172//4600 3175//4600
f 3174//4601 3173//4601 3172//4601
f 3176//4602 3175//4602 3177//4602
f 3176//4603 3174//4603 3175//4603
f 3178//4604 3176//4604 3177//4604
f 3179//4605 3178//4605 3177//4605
f 3179//4606 3177//4606 3180//4606
f 3181//4607 3179//4607 3180//4607
f 3181//4608 3180//4608 3182//4608
f 3183//4609 3181//4609 3182//4609
f 3184//4610 3183//4610 3182//4610
f 3184//4611 3182//4611 3185//4611
f 3186//4612 3184//4612 3185//4612
f 3186//4613 3185//4613 3187//4613
f 3188//4614 3186//4614 3187//4614
f 3189//4615 3188//4615 3187//4615
f 3190//4616 3188//4616 3189//4616
f 3191//4617 3190//4617 3189//4617
f 3191//4618 3189//4618 3192//4618
f 3193//4619 3191//4619 3192//4619
f 3194//4620 3193//4620 3192//4620
f 3195//4621 3193//4621 3194//4621
f 3196//4622 3195//4622 3194//4622
f 3196//4623 3194//4623 3197//4623
f 3198//4624 3196//4624 3197//4624
f 3199//4625 3198//4625 3197//4625
f 3200//4626 3198//4626 3199//4626
f 3201//4627 3200//4627 3199//4627
f 3201//4628 3199//4628 3202//4628
f 3203//4629 3201//4629 3202//4629
f 3204//4630 3203//4630 3202//4630
f 3205//4631 3204//4631 3202//4631
f 3206//4632 3204//4632 3205//4632
f 3207//4633 3206//4633 3205//4633
f 3208//4634 3207//4634 3205//4634
f 3209//4635 3207//4635 3208//4635
f 3210//4636 3209//4636 3208//4636
f 3210//4637 3208//4637 3211//4637
f 3212//4638 3210//4638 3211//4638
f 3212//4639 3211//4639 3213//4639
f 3214//4640 3212//4640 3213//4640
f 3214//4641 3213//4641 3215//4641
f 3216//4642 3214//4642 3215//4642
f 3216//4643 3215//4643 3217//4643
f 3218//4644 3216//4644 3217//4644
f 3218//4645 3217//4645 3219//4645
f 3220//4646 3218//4646 3219//4646
f 3220//4647 3219//4647 3221//4647
f 3222//4648 3220//4648 3221//4648
f 3222//4649 3221//4649 3223//4649
f 3224//4650 3222//4650 3223//4650
f 3224//4651 3223//4651 3225//4651
f 3226//4652 3224//4652 3225//4652
f 3226//4653 3225//4653 3227//4653
f 3228//4654 3227//4654 3229//4654
f 3228//4655 3226//4655 3227//4655
f 3230//4656 3228//4656 3229//4656
f 3230//4657 3229//4657 3231//4657
f 3232//4658 3230//4658 3231//4658
f 3232//4659 3231//4659 3233//4659
f 3234//4660 3232//4660 3233//4660
f 3234//4661 3233//4661 3235//4661
f 3236//4662 3235//4662 3237//4662
f 3236//4663 3234//4663 3235//4663
f 3238//4664 3237//4664 3239//4664
f 3238//4665 3236//4665 3237//4665
f 3240//4666 3239//4666 3241//4666
f 3240//4667 3238//4667 3239//4667
f 3242//4668 3241//4668 3243//4668
f 3242//4669 3240//4669 3241//4669
f 3244//4670 3242//4670 3243//4670
f 3245//4671 3244//4671 3243//4671
f 3246//4672 3245//4672 3247//4672
f 3246//4673 3244//4673 3245//4673
f 3248//4674 3247//4674 3249//4674
f 3248//4675 3246//4675 3247//4675
f 3250//4676 3249//4676 3251//4676
f 3250//4677 3248//4677 3249//4677
f 3252//4678 3250//4678 3251//4678
f 3253//4679 3251//4679 3254//4679
f 3253//4680 3252//4680 3251//4680
f 3255//4681 3254//4681 3256//4681
f 3255//4682 3253//4682 3254//4682
f 3257//4683 3255//4683 3256//4683
f 3258//4684 3257//4684 3259//4684
f 3258//4685 3255//4685 3257//4685
f 3260//4686 3258//4686 3259//4686
f 3019//4687 3259//4687 3261//4687
f 3019//4688 3260//4688 3259//4688
f 3262//4689 3019//4689 3261//4689
f 1601//4690 3019//4690 3262//4690
f 1601//4691 1602//4691 3019//4691
f 1600//4692 3262//4692 3263//4692
f 1600//4693 1601//4693 3262//4693
f 1599//4694 3263//4694 3264//4694
f 1599//4695 1600//4695 3263//4695
f 1598//4696 3264//4696 3265//4696
f 1598//4697 1599//4697 3264//4697
f 1597//4698 3265//4698 3266//4698
f 1597//4699 1598//4699 3265//4699
f 1596//4700 3266//4700 3267//4700
f 1596//4701 1597//4701 3266//4701
f 1595//4702 3267//4702 3268//4702
f 1595//4703 1596//4703 3267//4703
f 1569//4704 3268//4704 3269//4704
f 1569//4705 1595//4705 3268//4705
f 1565//4706 1569//4706 3269//4706
f 1565//4707 3269//4707 3270//4707
f 1562//4708 1565//4708 3270//4708
f 1562//4709 3270//4709 3271//4709
f 1558//4710 1562//4710 3271//4710
f 1558//4711 3271//4711 3272//4711
f 1554//4712 1558//4712 3272//4712
f 1554//4713 3272//4713 3273//4713
f 1551//4714 1554//4714 3273//4714
f 1551//4715 3273//4715 3274//4715
f 1547//4716 1551//4716 3274//4716
f 1547//4717 3274//4717 3275//4717
f 1543//4718 3275//4718 3276//4718
f 1543//4719 1547//4719 3275//4719
f 1539//4720 1543//4720 3276//4720
f 1539//4721 3276//4721 3277//4721
f 1535//4722 3277//4722 3278//4722
f 1535//4723 1539//4723 3277//4723
f 1531//4724 3278//4724 3279//4724
f 1531//4725 1535//4725 3278//4725
f 1527//4726 3279//4726 3280//4726
f 1527//4727 1531//4727 3279//4727
f 1523//4728 3280//4728 3281//4728
f 1523//4729 1527//4729 3280//4729
f 1519//4730 3281//4730 3282//4730
f 1519//4731 1523//4731 3281//4731
f 1515//4732 3282//4732 3283//4732
f 1515//4733 1519//4733 3282//4733
f 1511//4734 3283//4734 3284//4734
f 1511//4735 1515//4735 3283//4735
f 1507//4736 3284//4736 3285//4736
f 1507//4737 1511//4737 3284//4737
f 1503//4738 3285//4738 3286//4738
f 1503//4739 1507//4739 3285//4739
f 1499//4740 3286//4740 3287//4740
f 1499//4741 1503//4741 3286//4741
f 1495//4742 3287//4742 3288//4742
f 1495//4743 1499//4743 3287//4743
f 1491//4744 3288//4744 3289//4744
f 1491//4745 1495//4745 3288//4745
f 1488//4746 3289//4746 3290//4746
f 1488//4747 1491//4747 3289//4747
f 1484//4748 3290//4748 3291//4748
f 1484//4749 1488//4749 3290//4749
f 1480//4750 3291//4750 3292//4750
f 1480//4751 1484//4751 3291//4751
f 1476//4752 3292//4752 3293//4752
f 1476//4753 1480//4753 3292//4753
f 1472//4754 3293//4754 3294//4754
f 1472//4755 1476//4755 3293//4755
f 1468//4756 3294//4756 3295//4756
f 1468//4757 1472//4757 3294//4757
f 1464//4758 1468//4758 3295//4758
f 1464//4759 3295//4759 3296//4759
f 1460//4760 1464//4760 3296//4760
f 1460//4761 3296//4761 3297//4761
f 1457//4762 1460//4762 3297//4762
f 1457//4763 3297//4763 3298//4763
f 1453//4764 1457//4764 3298//4764
f 1453//4765 3298//4765 3299//4765
f 1448//4766 1453//4766 3299//4766
f 1448//4767 3299//4767 3300//4767
f 1442//4768 1448//4768 3300//4768
f 1442//4769 3300//4769 3301//4769
f 1438//4770 1442//4770 3301//4770
f 1438//4771 3301//4771 3302//4771
f 1432//4772 1438//4772 3302//4772
f 1432//4773 3302//4773 3303//4773
f 1427//4774 1432//4774 3303//4774
f 1427//4775 3303//4775 3304//4775
f 1421//4776 1427//4776 3304//4776
f 1421//4777 3304//4777 3305//4777
f 1425//4778 1421//4778 3305//4778
f 1425//4779 3305//4779 3306//4779
f 1429//4780 1425//4780 3306//4780
f 1429//4781 3306//4781 3307//4781
f 1435//4782 1429//4782 3307//4782
f 1435//4783 3307//4783 3308//4783
f 1440//4784 1435//4784 3308//4784
f 1440//4785 3308//4785 3309//4785
f 1445//4786 1440//4786 3309//4786
f 1445//4787 3309//4787 3310//4787
f 1450//4788 1445//4788 3310//4788
f 1450//4789 3310//4789 3311//4789
f 1454//4790 3311//4790 3312//4790
f 1454//4791 1450//4791 3311//4791
f 1458//4792 3312//4792 3313//4792
f 1458//4793 1454//4793 3312//4793
f 1461//4794 3313//4794 3314//4794
f 1461//4795 1458//4795 3313//4795
f 1465//4796 3314//4796 3315//4796
f 1465//4797 1461//4797 3314//4797
f 1469//4798 3315//4798 3316//4798
f 1469//4799 1465//4799 3315//4799
f 1473//4800 3316//4800 3317//4800
f 1473//4801 1469//4801 3316//4801
f 1477//4802 3317//4802 3318//4802
f 1477//4803 1473//4803 3317//4803
f 1481//4804 3318//4804 3319//4804
f 1481//4805 1477//4805 3318//4805
f 1485//4806 3319//4806 3320//4806
f 1485//4807 1481//4807 3319//4807
f 1489//4808 1485//4808 3320//4808
f 1489//4809 3320//4809 3321//4809
f 1492//4810 1489//4810 3321//4810
f 1492//4811 3321//4811 3322//4811
f 1496//4812 1492//4812 3322//4812
f 1496//4813 3322//4813 3323//4813
f 1500//4814 1496//4814 3323//4814
f 1500//4815 3323//4815 3324//4815
f 1504//4816 1500//4816 3324//4816
f 1504//4817 3324//4817 3325//4817
f 1508//4818 1504//4818 3325//4818
f 1508//4819 3325//4819 3326//4819
f 1512//4820 1508//4820 3326//4820
f 1512//4821 3326//4821 3327//4821
f 1516//4822 1512//4822 3327//4822
f 1516//4823 3327//4823 3328//4823
f 1520//4824 1516//4824 3328//4824
f 1520//4825 3328//4825 3329//4825
f 1524//4826 1520//4826 3329//4826
f 1524//4827 3329//4827 3330//4827
f 1528//4828 1524//4828 3330//4828
f 1528//4829 3330//4829 3331//4829
f 1532//4830 1528//4830 3331//4830
f 1532//4831 3331//4831 3332//4831
f 1536//4832 1532//4832 3332//4832
f 1536//4833 3332//4833 3020//4833
f 1540//4834 1536//4834 3020//4834
f 1036//4835 1035//4835 3333//4835
f 1036//4836 3333//4836 3334//4836
f 1037//4837 3334//4837 3335//4837
f 1037//4838 1036//4838 3334//4838
f 1038//4839 3335//4839 3336//4839
f 1038//4840 1037//4840 3335//4840
f 1039//4841 3336//4841 3337//4841
f 1039//4842 1038//4842 3336//4842
f 1040//4843 3338//4843 3339//4843
f 1040//4844 3337//4844 3338//4844
f 1040//4845 1039//4845 3337//4845
f 1041//4846 1040//4846 3339//4846
f 1042//4847 3339//4847 3340//4847
f 1042//4848 1041//4848 3339//4848
f 1043//4849 3340//4849 3341//4849
f 1043//4850 1042//4850 3340//4850
f 1044//4851 3341//4851 3342//4851
f 1044//4852 1043//4852 3341//4852
f 1045//4853 1044//4853 3342//4853
f 1045//4854 3342//4854 3343//4854
f 1046//4855 1045//4855 3343//4855
f 1046//4856 3343//4856 3344//4856
f 1047//4857 1046//4857 3344//4857
f 1047//4858 3344//4858 3345//4858
f 1048//4859 1047//4859 3345//4859
f 1048//4860 3345//4860 3346//4860
f 1049//4861 1048//4861 3346//4861
f 1049//4862 3346//4862 3347//4862
f 1050//4863 1049//4863 3347//4863
f 1050//4864 3348//4864 3349//4864
f 1050//4865 3347//4865 3348//4865
f 1051//4866 1050//4866 3349//4866
f 1051//4867 3349//4867 3350//4867
f 1052//4868 1051//4868 3350//4868
f 1052//4869 3350//4869 3351//4869
f 1053//4870 1052//4870 3351//4870
f 1054//4871 3352//4871 3353//4871
f 1054//4872 3351//4872 3352//4872
f 1054//4873 1053//4873 3351//4873
f 1055//4874 1054//4874 3353//4874
f 1056//4875 3354//4875 3355//4875
f 1056//4876 3353//4876 3354//4876
f 1056//4877 1055//4877 3353//4877
f 1057//4878 1056//4878 3355//4878
f 1058//4879 3356//4879 3357//4879
f 1058//4880 3355//4880 3356//4880
f 1058//4881 1057//4881 3355//4881
f 1059//4882 1058//4882 3357//4882
f 1060//4883 3358//4883 3359//4883
f 1060//4884 3357//4884 3358//4884
f 1060//4885 1059//4885 3357//4885
f 1061//4886 3359//4886 3360//4886
f 1061//4887 1060//4887 3359//4887
f 1062//4888 1061//4888 3360//4888
f 1063//4889 3360//4889 3361//4889
f 1063//4890 1062//4890 3360//4890
f 1064//4891 3361//4891 3362//4891
f 1064//4892 1063//4892 3361//4892
f 1065//4893 3363//4893 3364//4893
f 1065//4894 3362//4894 3363//4894
f 1065//4895 1064//4895 3362//4895
f 1066//4896 1065//4896 3364//4896
f 1067//4897 3365//4897 3366//4897
f 1067//4898 3364//4898 3365//4898
f 1067//4899 1066//4899 3364//4899
f 1068//4900 3366//4900 3367//4900
f 1068//4901 1067//4901 3366//4901
f 1069//4902 1068//4902 3367//4902
f 1070//4903 1069//4903 3367//4903
f 1070//4904 3367//4904 3368//4904
f 1071//4905 1070//4905 3368//4905
f 1071//4906 3368//4906 3369//4906
f 1072//4907 1071//4907 3369//4907
f 1072//4908 3369//4908 3370//4908
f 1073//4909 1072//4909 3370//4909
f 1073//4910 3370//4910 3371//4910
f 1074//4911 3371//4911 3372//4911
f 1074//4912 1073//4912 3371//4912
f 1075//4913 1074//4913 3372//4913
f 1075//4914 3372//4914 3373//4914
f 1076//4915 3373//4915 3374//4915
f 1076//4916 1075//4916 3373//4916
f 1077//4917 1076//4917 3374//4917
f 1077//4918 3374//4918 3375//4918
f 1078//4919 3376//4919 3377//4919
f 1078//4920 3375//4920 3376//4920
f 1078//4921 1077//4921 3375//4921
f 1079//4922 1078//4922 3377//4922
f 1080//4923 3377//4923 3378//4923
f 1080//4924 1079//4924 3377//4924
f 1081//4925 3378//4925 3379//4925
f 1081//4926 1080//4926 3378//4926
f 1082//4927 3380//4927 3381//4927
f 1082//4928 3379//4928 3380//4928
f 1082//4929 1081//4929 3379//4929
f 1083//4930 1082//4930 3381//4930
f 1084//4931 3381//4931 3382//4931
f 1084//4932 1083//4932 3381//4932
f 1085//4933 3382//4933 3383//4933
f 1085//4934 1084//4934 3382//4934
f 1086//4935 3383//4935 3384//4935
f 1086//4936 1085//4936 3383//4936
f 1087//4937 3384//4937 3385//4937
f 1087//4938 1086//4938 3384//4938
f 1088//4939 3386//4939 3387//4939
f 1088//4940 3385//4940 3386//4940
f 1088//4941 1087//4941 3385//4941
f 1089//4942 1088//4942 3387//4942
f 1090//4943 3387//4943 3388//4943
f 1090//4944 1089//4944 3387//4944
f 1091//4945 3388//4945 3389//4945
f 1091//4946 1090//4946 3388//4946
f 1092//4947 1091//4947 3389//4947
f 1092//4948 3389//4948 3390//4948
f 1289//4949 1092//4949 3390//4949
f 1289//4950 3390//4950 3391//4950
f 1288//4951 3391//4951 3392//4951
f 1288//4952 1289//4952 3391//4952
f 1287//4953 1288//4953 3392//4953
f 1287//4954 3392//4954 3393//4954
f 1286//4955 1287//4955 3393//4955
f 1286//4956 3393//4956 3394//4956
f 1285//4957 1286//4957 3394//4957
f 1285//4958 3394//4958 3395//4958
f 1284//4959 1285//4959 3395//4959
f 1284//4960 3395//4960 3396//4960
f 1283//4961 1284//4961 3396//4961
f 1283//4962 3396//4962 3397//4962
f 1282//4963 1283//4963 3397//4963
f 1282//4964 3397//4964 3398//4964
f 1281//4965 1282//4965 3398//4965
f 1281//4966 3398//4966 3399//4966
f 1280//4967 1281//4967 3399//4967
f 1280//4968 3399//4968 3400//4968
f 1279//4969 1280//4969 3400//4969
f 1279//4970 3400//4970 3401//4970
f 1278//4971 1279//4971 3401//4971
f 1278//4972 3401//4972 3402//4972
f 1277//4973 1278//4973 3402//4973
f 1277//4974 3402//4974 3403//4974
f 1237//4975 1277//4975 3403//4975
f 1237//4976 3403//4976 3404//4976
f 1235//4977 1237//4977 3404//4977
f 1235//4978 3405//4978 3406//4978
f 1235//4979 3404//4979 3405//4979
f 1233//4980 1235//4980 3406//4980
f 1232//4981 1233//4981 3406//4981
f 1232//4982 3406//4982 3407//4982
f 1230//4983 1232//4983 3407//4983
f 1230//4984 3408//4984 3409//4984
f 1230//4985 3407//4985 3408//4985
f 1228//4986 1230//4986 3409//4986
f 1227//4987 1228//4987 3409//4987
f 1227//4988 3409//4988 3410//4988
f 1225//4989 1227//4989 3410//4989
f 1225//4990 3410//4990 3411//4990
f 1223//4991 1225//4991 3411//4991
f 1223//4992 3412//4992 3413//4992
f 1223//4993 3411//4993 3412//4993
f 1222//4994 1223//4994 3413//4994
f 1220//4995 3414//4995 3415//4995
f 1220//4996 3413//4996 3414//4996
f 1220//4997 1222//4997 3413//4997
f 1218//4998 1220//4998 3415//4998
f 1217//4999 3416//4999 3417//4999
f 1217//5000 3415//5000 3416//5000
f 1217//5001 1218//5001 3415//5001
f 1215//5002 1217//5002 3417//5002
f 1214//5003 3417//5003 3418//5003
f 1214//5004 1215//5004 3417//5004
f 1212//5005 1214//5005 3418//5005
f 1212//5006 3418//5006 3419//5006
f 1210//5007 1212//5007 3419//5007
f 1210//5008 3419//5008 3420//5008
f 1209//5009 1210//5009 3420//5009
f 1209//5010 3421//5010 3422//5010
f 1209//5011 3420//5011 3421//5011
f 1207//5012 1209//5012 3422//5012
f 1206//5013 1207//5013 3422//5013
f 1206//5014 3423//5014 3424//5014
f 1206//5015 3422//5015 3423//5015
f 1204//5016 1206//5016 3424//5016
f 1203//5017 1204//5017 3424//5017
f 1203//5018 3424//5018 3425//5018
f 1201//5019 1203//5019 3425//5019
f 1201//5020 3425//5020 3426//5020
f 1199//5021 1201//5021 3426//5021
f 1199//5022 3427//5022 3428//5022
f 1199//5023 3426//5023 3427//5023
f 1198//5024 1199//5024 3428//5024
f 1196//5025 1198//5025 3428//5025
f 1196//5026 3428//5026 3429//5026
f 1195//5027 1196//5027 3429//5027
f 1195//5028 3429//5028 3430//5028
f 1193//5029 1195//5029 3430//5029
f 1193//5030 3430//5030 3431//5030
f 1192//5031 1193//5031 3431//5031
f 1192//5032 3431//5032 3432//5032
f 1190//5033 3433//5033 3434//5033
f 1190//5034 3432//5034 3433//5034
f 1190//5035 1192//5035 3432//5035
f 1189//5036 1190//5036 3434//5036
f 1187//5037 3434//5037 3435//5037
f 1187//5038 1189//5038 3434//5038
f 1186//5039 3435//5039 3436//5039
f 1186//5040 1187//5040 3435//5040
f 1184//5041 3437//5041 3438//5041
f 1184//5042 3436//5042 3437//5042
f 1184//5043 1186//5043 3436//5043
f 1183//5044 1184//5044 3438//5044
f 1181//5045 3438//5045 3439//5045
f 1181//5046 1183//5046 3438//5046
f 1180//5047 3439//5047 3440//5047
f 1180//5048 1181//5048 3439//5048
f 1178//5049 3440//5049 3441//5049
f 1178//5050 1180//5050 3440//5050
f 1176//5051 3441//5051 3442//5051
f 1176//5052 1178//5052 3441//5052
f 1175//5053 3442//5053 3443//5053
f 1175//5054 1176//5054 3442//5054
f 1173//5055 1175//5055 3443//5055
f 1173//5056 3443//5056 3444//5056
f 1172//5057 1173//5057 3444//5057
f 1172//5058 3445//5058 3446//5058
f 1172//5059 3444//5059 3445//5059
f 1170//5060 1172//5060 3446//5060
f 1169//5061 1170//5061 3446//5061
f 1169//5062 3446//5062 3447//5062
f 1167//5063 1169//5063 3447//5063
f 1167//5064 3448//5064 3449//5064
f 1167//5065 3447//5065 3448//5065
f 1166//5066 1167//5066 3449//5066
f 1164//5067 1166//5067 3449//5067
f 1164//5068 3449//5068 3450//5068
f 1163//5069 1164//5069 3450//5069
f 1163//5070 3450//5070 3451//5070
f 1161//5071 1163//5071 3451//5071
f 1161//5072 3452//5072 3453//5072
f 1161//5073 3451//5073 3452//5073
f 1160//5074 1161//5074 3453//5074
f 1158//5075 3453//5075 3454//5075
f 1158//5076 1160//5076 3453//5076
f 1157//5077 3454//5077 3455//5077
f 1157//5078 1158//5078 3454//5078
f 1155//5079 3456//5079 3457//5079
f 1155//5080 3455//5080 3456//5080
f 1155//5081 1157//5081 3455//5081
f 1154//5082 3457//5082 3458//5082
f 1154//5083 1155//5083 3457//5083
f 1152//5084 1154//5084 3458//5084
f 1151//5085 3459//5085 3460//5085
f 1151//5086 3458//5086 3459//5086
f 1151//5087 1152//5087 3458//5087
f 1149//5088 1151//5088 3460//5088
f 1148//5089 3460//5089 3461//5089
f 1148//5090 1149//5090 3460//5090
f 1146//5091 3462//5091 3463//5091
f 1146//5092 3461//5092 3462//5092
f 1146//5093 1148//5093 3461//5093
f 1145//5094 1146//5094 3463//5094
f 1143//5095 3463//5095 3464//5095
f 1143//5096 1145//5096 3463//5096
f 1142//5097 3465//5097 3466//5097
f 1142//5098 3464//5098 3465//5098
f 1142//5099 1143//5099 3464//5099
f 1140//5100 3466//5100 3467//5100
f 1140//5101 1142//5101 3466//5101
f 1139//5102 1140//5102 3467//5102
f 1137//5103 3467//5103 3468//5103
f 1137//5104 1139//5104 3467//5104
f 1136//5105 3468//5105 3469//5105
f 1136//5106 1137//5106 3468//5106
f 1134//5107 1136//5107 3469//5107
f 1134//5108 3470//5108 3471//5108
f 1134//5109 3469//5109 3470//5109
f 1133//5110 1134//5110 3471//5110
f 1131//5111 1133//5111 3471//5111
f 1131//5112 3471//5112 3472//5112
f 1129//5113 3472//5113 3473//5113
f 1129//5114 1131//5114 3472//5114
f 1128//5115 3474//5115 3475//5115
f 1128//5116 3473//5116 3474//5116
f 1128//5117 1129//5117 3473//5117
f 1126//5118 1128//5118 3475//5118
f 1125//5119 3475//5119 3476//5119
f 1125//5120 1126//5120 3475//5120
f 1123//5121 3477//5121 3478//5121
f 1123//5122 3476//5122 3477//5122
f 1123//5123 1125//5123 3476//5123
f 1121//5124 1123//5124 3478//5124
f 1120//5125 3479//5125 3480//5125
f 1120//5126 3478//5126 3479//5126
f 1120//5127 1121//5127 3478//5127
f 1099//5128 3480//5128 3481//5128
f 1099//5129 1120//5129 3480//5129
f 1098//5130 1099//5130 3481//5130
f 1097//5131 3482//5131 3483//5131
f 1097//5132 3481//5132 3482//5132
f 1097//5133 1098//5133 3481//5133
f 1096//5134 1097//5134 3483//5134
f 1094//5135 3484//5135 3485//5135
f 1094//5136 3483//5136 3484//5136
f 1094//5137 1096//5137 3483//5137
f 1095//5138 1094//5138 3485//5138
f 1118//5139 3485//5139 3486//5139
f 1118//5140 1095//5140 3485//5140
f 1117//5141 3486//5141 3487//5141
f 1117//5142 1118//5142 3486//5142
f 1116//5143 3487//5143 3488//5143
f 1116//5144 1117//5144 3487//5144
f 1115//5145 3489//5145 3490//5145
f 1115//5146 3488//5146 3489//5146
f 1115//5147 1116//5147 3488//5147
f 1114//5148 1115//5148 3490//5148
f 1114//5149 3490//5149 3491//5149
f 1113//5150 1114//5150 3491//5150
f 1113//5151 3491//5151 3492//5151
f 1112//5152 1113//5152 3492//5152
f 1111//5153 1112//5153 3492//5153
f 1111//5154 3493//5154 3494//5154
f 1111//5155 3492//5155 3493//5155
f 1110//5156 1111//5156 3494//5156
f 1109//5157 1110//5157 3494//5157
f 1109//5158 3494//5158 3495//5158
f 1108//5159 1109//5159 3495//5159
f 1108//5160 3495//5160 3496//5160
f 1107//5161 1108//5161 3496//5161
f 1107//5162 3497//5162 3498//5162
f 1107//5163 3496//5163 3497//5163
f 1106//5164 1107//5164 3498//5164
f 1105//5165 1106//5165 3498//5165
f 1105//5166 3499//5166 3500//5166
f 1105//5167 3498//5167 3499//5167
f 1104//5168 1105//5168 3500//5168
f 1104//5169 3500//5169 3501//5169
f 1103//5170 1104//5170 3501//5170
f 1102//5171 1103//5171 3501//5171
f 1102//5172 3501//5172 3502//5172
f 1101//5173 1102//5173 3502//5173
f 1101//5174 3502//5174 3503//5174
f 1100//5175 1101//5175 3503//5175
f 1100//5176 3504//5176 3505//5176
f 1100//5177 3503//5177 3504//5177
f 1034//5178 1100//5178 3505//5178
f 1034//5179 3505//5179 3506//5179
f 1032//5180 1034//5180 3506//5180
f 1032//5181 3506//5181 3507//5181
f 1030//5182 1032//5182 3507//5182
f 1028//5183 1030//5183 3507//5183
f 1028//5184 3507//5184 3508//5184
f 1026//5185 1028//5185 3508//5185
f 1026//5186 3509//5186 3510//5186
f 1026//5187 3508//5187 3509//5187
f 1024//5188 1026//5188 3510//5188
f 1024//5189 3510//5189 3511//5189
f 1022//5190 1024//5190 3511//5190
f 1020//5191 1022//5191 3511//5191
f 1020//5192 3511//5192 3512//5192
f 1018//5193 1020//5193 3512//5193
f 1018//5194 3512//5194 3513//5194
f 1016//5195 3514//5195 3515//5195
f 1016//5196 3513//5196 3514//5196
f 1016//5197 1018//5197 3513//5197
f 1014//5198 1016//5198 3515//5198
f 1012//5199 3515//5199 3516//5199
f 1012//5200 1014//5200 3515//5200
f 1010//5201 3516//5201 3517//5201
f 1010//5202 1012//5202 3516//5202
f 1008//5203 3517//5203 3518//5203
f 1008//5204 1010//5204 3517//5204
f 1006//5205 3519//5205 3520//5205
f 1006//5206 3518//5206 3519//5206
f 1006//5207 1008//5207 3518//5207
f 1004//5208 1006//5208 3520//5208
f 1002//5209 1004//5209 3520//5209
f 1002//5210 3521//5210 3522//5210
f 1002//5211 3520//5211 3521//5211
f 1000//5212 1002//5212 3522//5212
f 1000//5213 3522//5213 3523//5213
f 998//5214 1000//5214 3523//5214
f 996//5215 998//5215 3523//5215
f 996//5216 3524//5216 3525//5216
f 996//5217 3523//5217 3524//5217
f 994//5218 996//5218 3525//5218
f 992//5219 994//5219 3525//5219
f 992//5220 3526//5220 3527//5220
f 992//5221 3525//5221 3526//5221
f 990//5222 992//5222 3527//5222
f 990//5223 3527//5223 3528//5223
f 988//5224 990//5224 3528//5224
f 986//5225 988//5225 3528//5225
f 986//5226 3528//5226 3529//5226
f 984//5227 986//5227 3529//5227
f 984//5228 3530//5228 3531//5228
f 984//5229 3529//5229 3530//5229
f 982//5230 984//5230 3531//5230
f 980//5231 982//5231 3531//5231
f 980//5232 3531//5232 3532//5232
f 978//5233 980//5233 3532//5233
f 978//5234 3532//5234 3533//5234
f 979//5235 3533//5235 3534//5235
f 979//5236 978//5236 3533//5236
f 981//5237 979//5237 3534//5237
f 981//5238 3534//5238 3535//5238
f 983//5239 3535//5239 3536//5239
f 983//5240 981//5240 3535//5240
f 985//5241 3536//5241 3537//5241
f 985//5242 983//5242 3536//5242
f 987//5243 3538//5243 3539//5243
f 987//5244 3537//5244 3538//5244
f 987//5245 985//5245 3537//5245
f 989//5246 987//5246 3539//5246
f 991//5247 3539//5247 3540//5247
f 991//5248 989//5248 3539//5248
f 993//5249 3541//5249 3542//5249
f 993//5250 3540//5250 3541//5250
f 993//5251 991//5251 3540//5251
f 995//5252 3542//5252 3543//5252
f 995//5253 993//5253 3542//5253
f 997//5254 995//5254 3543//5254
f 999//5255 3544//5255 3545//5255
f 999//5256 3543//5256 3544//5256
f 999//5257 997//5257 3543//5257
f 1001//5258 999//5258 3545//5258
f 1003//5259 1001//5259 3545//5259
f 1003//5260 3545//5260 3546//5260
f 1005//5261 1003//5261 3546//5261
f 1005//5262 3546//5262 3547//5262
f 1007//5263 1005//5263 3547//5263
f 1007//5264 3547//5264 3548//5264
f 1009//5265 1007//5265 3548//5265
f 1009//5266 3548//5266 3549//5266
f 1011//5267 1009//5267 3549//5267
f 1011//5268 3549//5268 3550//5268
f 1013//5269 1011//5269 3550//5269
f 1013//5270 3550//5270 3551//5270
f 1015//5271 1013//5271 3551//5271
f 1015//5272 3552//5272 3553//5272
f 1015//5273 3551//5273 3552//5273
f 1017//5274 1015//5274 3553//5274
f 1019//5275 1017//5275 3553//5275
f 1019//5276 3553//5276 3554//5276
f 1021//5277 3554//5277 3555//5277
f 1021//5278 1019//5278 3554//5278
f 1023//5279 3555//5279 3556//5279
f 1023//5280 1021//5280 3555//5280
f 1025//5281 3556//5281 3557//5281
f 1025//5282 1023//5282 3556//5282
f 1027//5283 3557//5283 3558//5283
f 1027//5284 1025//5284 3557//5284
f 1029//5285 3559//5285 3560//5285
f 1029//5286 3558//5286 3559//5286
f 1029//5287 1027//5287 3558//5287
f 1031//5288 1029//5288 3560//5288
f 1033//5289 3560//5289 3561//5289
f 1033//5290 1031//5290 3560//5290
f 1035//5291 3561//5291 3333//5291
f 1035//5292 1033//5292 3561//5292
f 3562//5293 1238//5293 1406//5293
f 3562//5294 1406//5294 3563//5294
f 3564//5295 3565//5295 3566//5295
f 3564//5296 3567//5296 3565//5296
f 3564//5297 3568//5297 3567//5297
f 3564//5298 3569//5298 3568//5298
f 3564//5299 3570//5299 3569//5299
f 3564//5300 3571//5300 3570//5300
f 3564//5301 3572//5301 3571//5301
f 3564//5302 3573//5302 3572//5302
f 3564//5303 3574//5303 3573//5303
f 3564//5304 3575//5304 3574//5304
f 3564//5305 3576//5305 3575//5305
f 3564//5306 3577//5306 3576//5306
f 3578//5307 1238//5307 3562//5307
f 3578//5308 3579//5308 3577//5308
f 3578//5309 3580//5309 3579//5309
f 3578//5310 3581//5310 3580//5310
f 3578//5311 3582//5311 3581//5311
f 3578//5312 3583//5312 3582//5312
f 3578//5313 3584//5313 3583//5313
f 3578//5314 3585//5314 3584//5314
f 3578//5315 3586//5315 3585//5315
f 3578//5316 3587//5316 3586//5316
f 3578//5317 3588//5317 3587//5317
f 3578//5318 3589//5318 3588//5318
f 3578//5319 3590//5319 3589//5319
f 3578//5320 3591//5320 3590//5320
f 3578//5321 3592//5321 3591//5321
f 3578//5322 3593//5322 3592//5322
f 3578//5323 3594//5323 3593//5323
f 3578//5324 3595//5324 3594//5324
f 3578//5325 3596//5325 3595//5325
f 3578//5326 3597//5326 3596//5326
f 3578//5327 3598//5327 3597//5327
f 3578//5328 3599//5328 3598//5328
f 3578//5329 3562//5329 3599//5329
f 3600//5330 1238//5330 3578//5330
f 3600//5331 3578//5331 3601//5331
f 977//5332 1238//5332 3600//5332
f 3602//5333 3600//5333 3601//5333
f 3603//5334 977//5334 3600//5334
f 3604//5335 3603//5335 3600//5335
f 3605//5336 3604//5336 3600//5336
f 3606//5337 3605//5337 3600//5337
f 3607//5338 3606//5338 3600//5338
f 3608//5339 3607//5339 3600//5339
f 3609//5340 3608//5340 3600//5340
f 3610//5341 3609//5341 3600//5341
f 3611//5342 3610//5342 3600//5342
f 3612//5343 3611//5343 3600//5343
f 3613//5344 3612//5344 3600//5344
f 3614//5345 3613//5345 3600//5345
f 3615//5346 3614//5346 3600//5346
f 3616//5347 3615//5347 3600//5347
f 3617//5348 3616//5348 3600//5348
f 3618//5349 3617//5349 3600//5349
f 3619//5350 3618//5350 3600//5350
f 3620//5351 3619//5351 3600//5351
f 3621//5352 3620//5352 3600//5352
f 3622//5353 3621//5353 3600//5353
f 3623//5354 3622//5354 3600//5354
f 3624//5355 3623//5355 3600//5355
f 3625//5356 3624//5356 3600//5356
f 3626//5357 3627//5357 3625//5357
f 3626//5358 3628//5358 3627//5358
f 3626//5359 3629//5359 3628//5359
f 3626//5360 3630//5360 3629//5360
f 3626//5361 3631//5361 3630//5361
f 3626//5362 3632//5362 3631//5362
f 3626//5363 3633//5363 3632//5363
f 3626//5364 3634//5364 3633//5364
f 3626//5365 3635//5365 3634//5365
f 3626//5366 3636//5366 3635//5366
f 3626//5367 3637//5367 3636//5367
f 3626//5368 3638//5368 3637//5368
f 3564//5369 3578//5369 3577//5369
f 3600//5370 3626//5370 3625//5370
f 3639//5371 3640//5371 3641//5371
f 3642//5372 3640//5372 3639//5372
f 3643//5373 3640//5373 3642//5373
f 3644//5374 3640//5374 3643//5374
f 3645//5375 3640//5375 3644//5375
f 3646//5376 3640//5376 3645//5376
f 3647//5377 3640//5377 3646//5377
f 3648//5378 3640//5378 3647//5378
f 3649//5379 3640//5379 3648//5379
f 3650//5380 3640//5380 3649//5380
f 3651//5381 3640//5381 3650//5381
f 3652//5382 3640//5382 3651//5382
f 3653//5383 3652//5383 3654//5383
f 3653//5384 3654//5384 3655//5384
f 3653//5385 3655//5385 3656//5385
f 3653//5386 3656//5386 3657//5386
f 3653//5387 3657//5387 3658//5387
f 3653//5388 3658//5388 3659//5388
f 3653//5389 3659//5389 3660//5389
f 3653//5390 3660//5390 3661//5390
f 3653//5391 3661//5391 3662//5391
f 3653//5392 3662//5392 3663//5392
f 3653//5393 3663//5393 3664//5393
f 3653//5394 3664//5394 3665//5394
f 3653//5395 3665//5395 3666//5395
f 3653//5396 3666//5396 3667//5396
f 3653//5397 3667//5397 3668//5397
f 3653//5398 3668//5398 3669//5398
f 3653//5399 3669//5399 3670//5399
f 3653//5400 3670//5400 3671//5400
f 3653//5401 3671//5401 3672//5401
f 3653//5402 3672//5402 3673//5402
f 3653//5403 3673//5403 3674//5403
f 3653//5404 3674//5404 3563//5404
f 3653//5405 3563//5405 1406//5405
f 3675//5406 3676//5406 3653//5406
f 3677//5407 3675//5407 3653//5407
f 3678//5408 3679//5408 3680//5408
f 3681//5409 3680//5409 3679//5409
f 3682//5410 3678//5410 3680//5410
f 3683//5411 3680//5411 3681//5411
f 3684//5412 3682//5412 3680//5412
f 3685//5413 3680//5413 3683//5413
f 3686//5414 3684//5414 3680//5414
f 3687//5415 3680//5415 3685//5415
f 3688//5416 3686//5416 3680//5416
f 3689//5417 3680//5417 3687//5417
f 3690//5418 3688//5418 3680//5418
f 3691//5419 3690//5419 3680//5419
f 3692//5420 3691//5420 3677//5420
f 3693//5421 3692//5421 3677//5421
f 3694//5422 3693//5422 3677//5422
f 3695//5423 3694//5423 3677//5423
f 3696//5424 3695//5424 3677//5424
f 3697//5425 3696//5425 3677//5425
f 3698//5426 3697//5426 3677//5426
f 3699//5427 3698//5427 3677//5427
f 3700//5428 3699//5428 3677//5428
f 3701//5429 3700//5429 3677//5429
f 3702//5430 3701//5430 3677//5430
f 3703//5431 3702//5431 3677//5431
f 3704//5432 3703//5432 3677//5432
f 3705//5433 3704//5433 3677//5433
f 3706//5434 3705//5434 3677//5434
f 3707//5435 3706//5435 3677//5435
f 3708//5436 3707//5436 3677//5436
f 3709//5437 3708//5437 3677//5437
f 3710//5438 3709//5438 3677//5438
f 3711//5439 3710//5439 3677//5439
f 3712//5440 3711//5440 3677//5440
f 3713//5441 3712//5441 3677//5441
f 1290//5442 3713//5442 3677//5442
f 1290//5443 3653//5443 1406//5443
f 1290//5444 3677//5444 3653//5444
f 3680//5445 3677//5445 3691//5445
f 3653//5446 3640//5446 3652//5446
f 977//5447 3603//5447 1290//5447
f 1290//5448 3603//5448 3713//5448
f 1349//5449 1348//5449 3714//5449
f 1349//5450 3714//5450 3715//5450
f 1350//5451 3715//5451 3716//5451
f 1350//5452 1349//5452 3715//5452
f 1351//5453 3716//5453 3717//5453
f 1351//5454 1350//5454 3716//5454
f 1352//5455 3717//5455 3718//5455
f 1352//5456 1351//5456 3717//5456
f 1353//5457 3719//5457 3720//5457
f 1353//5458 3718//5458 3719//5458
f 1353//5459 1352//5459 3718//5459
f 1354//5460 1353//5460 3720//5460
f 1355//5461 3720//5461 3721//5461
f 1355//5462 1354//5462 3720//5462
f 1356//5463 3721//5463 3722//5463
f 1356//5464 1355//5464 3721//5464
f 1357//5465 3722//5465 3723//5465
f 1357//5466 1356//5466 3722//5466
f 1358//5467 1357//5467 3723//5467
f 1358//5468 3723//5468 3724//5468
f 1359//5469 1358//5469 3724//5469
f 1359//5470 3724//5470 3725//5470
f 1360//5471 1359//5471 3725//5471
f 1360//5472 3725//5472 3726//5472
f 1361//5473 1360//5473 3726//5473
f 1361//5474 3726//5474 3727//5474
f 1362//5475 1361//5475 3727//5475
f 1362//5476 3727//5476 3728//5476
f 1363//5477 1362//5477 3728//5477
f 1363//5478 3729//5478 3730//5478
f 1363//5479 3728//5479 3729//5479
f 1364//5480 1363//5480 3730//5480
f 1364//5481 3730//5481 3731//5481
f 1365//5482 1364//5482 3731//5482
f 1365//5483 3731//5483 3732//5483
f 1366//5484 1365//5484 3732//5484
f 1367//5485 3733//5485 3734//5485
f 1367//5486 3732//5486 3733//5486
f 1367//5487 1366//5487 3732//5487
f 1368//5488 1367//5488 3734//5488
f 1369//5489 3735//5489 3736//5489
f 1369//5490 3734//5490 3735//5490
f 1369//5491 1368//5491 3734//5491
f 1370//5492 1369//5492 3736//5492
f 1371//5493 3737//5493 3738//5493
f 1371//5494 3736//5494 3737//5494
f 1371//5495 1370//5495 3736//5495
f 1372//5496 1371//5496 3738//5496
f 1373//5497 3739//5497 3740//5497
f 1373//5498 3738//5498 3739//5498
f 1373//5499 1372//5499 3738//5499
f 1374//5500 3740//5500 3741//5500
f 1374//5501 1373//5501 3740//5501
f 1375//5502 1374//5502 3741//5502
f 1376//5503 3741//5503 3742//5503
f 1376//5504 1375//5504 3741//5504
f 1377//5505 3742//5505 3743//5505
f 1377//5506 1376//5506 3742//5506
f 1378//5507 3744//5507 3745//5507
f 1378//5508 3743//5508 3744//5508
f 1378//5509 1377//5509 3743//5509
f 1379//5510 1378//5510 3745//5510
f 1380//5511 3746//5511 3747//5511
f 1380//5512 3745//5512 3746//5512
f 1380//5513 1379//5513 3745//5513
f 1381//5514 3747//5514 3748//5514
f 1381//5515 1380//5515 3747//5515
f 1382//5516 1381//5516 3748//5516
f 1383//5517 1382//5517 3748//5517
f 1383//5518 3748//5518 3749//5518
f 1384//5519 1383//5519 3749//5519
f 1384//5520 3749//5520 3750//5520
f 1385//5521 1384//5521 3750//5521
f 1385//5522 3750//5522 3751//5522
f 1386//5523 1385//5523 3751//5523
f 1386//5524 3751//5524 3752//5524
f 1387//5525 3752//5525 3753//5525
f 1387//5526 1386//5526 3752//5526
f 1388//5527 1387//5527 3753//5527
f 1388//5528 3753//5528 3754//5528
f 1389//5529 3754//5529 3755//5529
f 1389//5530 1388//5530 3754//5530
f 1390//5531 1389//5531 3755//5531
f 1390//5532 3755//5532 3756//5532
f 1391//5533 3757//5533 3758//5533
f 1391//5534 3756//5534 3757//5534
f 1391//5535 1390//5535 3756//5535
f 1392//5536 1391//5536 3758//5536
f 1393//5537 3758//5537 3759//5537
f 1393//5538 1392//5538 3758//5538
f 1394//5539 3759//5539 3760//5539
f 1394//5540 1393//5540 3759//5540
f 1395//5541 3761//5541 3762//5541
f 1395//5542 3760//5542 3761//5542
f 1395//5543 1394//5543 3760//5543
f 1396//5544 1395//5544 3762//5544
f 1397//5545 3762//5545 3763//5545
f 1397//5546 1396//5546 3762//5546
f 1398//5547 3763//5547 3764//5547
f 1398//5548 1397//5548 3763//5548
f 1399//5549 3764//5549 3765//5549
f 1399//5550 1398//5550 3764//5550
f 1400//5551 3765//5551 3766//5551
f 1400//5552 1399//5552 3765//5552
f 1401//5553 3767//5553 3768//5553
f 1401//5554 3766//5554 3767//5554
f 1401//5555 1400//5555 3766//5555
f 1402//5556 1401//5556 3768//5556
f 1403//5557 3768//5557 3769//5557
f 1403//5558 1402//5558 3768//5558
f 1404//5559 3769//5559 3770//5559
f 1404//5560 1403//5560 3769//5560
f 1405//5561 1404//5561 3770//5561
f 1405//5562 3770//5562 3771//5562
f 1594//5563 1405//5563 3771//5563
f 1594//5564 3771//5564 3772//5564
f 1593//5565 3772//5565 3773//5565
f 1593//5566 1594//5566 3772//5566
f 1592//5567 1593//5567 3773//5567
f 1592//5568 3773//5568 3774//5568
f 1591//5569 1592//5569 3774//5569
f 1591//5570 3774//5570 3775//5570
f 1590//5571 1591//5571 3775//5571
f 1590//5572 3775//5572 3776//5572
f 1589//5573 1590//5573 3776//5573
f 1589//5574 3776//5574 3777//5574
f 1588//5575 1589//5575 3777//5575
f 1588//5576 3777//5576 3778//5576
f 1587//5577 1588//5577 3778//5577
f 1587//5578 3778//5578 3779//5578
f 1586//5579 1587//5579 3779//5579
f 1586//5580 3779//5580 3780//5580
f 1585//5581 1586//5581 3780//5581
f 1585//5582 3780//5582 3781//5582
f 1584//5583 1585//5583 3781//5583
f 1584//5584 3781//5584 3782//5584
f 1583//5585 1584//5585 3782//5585
f 1583//5586 3782//5586 3783//5586
f 1582//5587 1583//5587 3783//5587
f 1582//5588 3783//5588 3784//5588
f 1581//5589 1582//5589 3784//5589
f 1581//5590 3784//5590 3785//5590
f 1580//5591 1581//5591 3785//5591
f 1580//5592 3786//5592 3787//5592
f 1580//5593 3785//5593 3786//5593
f 1579//5594 1580//5594 3787//5594
f 1578//5595 1579//5595 3787//5595
f 1578//5596 3787//5596 3788//5596
f 1577//5597 1578//5597 3788//5597
f 1577//5598 3789//5598 3790//5598
f 1577//5599 3788//5599 3789//5599
f 1576//5600 1577//5600 3790//5600
f 1575//5601 1576//5601 3790//5601
f 1575//5602 3790//5602 3791//5602
f 1574//5603 1575//5603 3791//5603
f 1574//5604 3791//5604 3792//5604
f 1573//5605 1574//5605 3792//5605
f 1573//5606 3793//5606 3794//5606
f 1573//5607 3792//5607 3793//5607
f 1572//5608 1573//5608 3794//5608
f 1571//5609 3795//5609 3796//5609
f 1571//5610 3794//5610 3795//5610
f 1571//5611 1572//5611 3794//5611
f 1568//5612 1571//5612 3796//5612
f 1567//5613 3797//5613 3798//5613
f 1567//5614 3796//5614 3797//5614
f 1567//5615 1568//5615 3796//5615
f 1564//5616 1567//5616 3798//5616
f 1561//5617 3798//5617 3799//5617
f 1561//5618 1564//5618 3798//5618
f 1560//5619 1561//5619 3799//5619
f 1560//5620 3799//5620 3800//5620
f 1557//5621 1560//5621 3800//5621
f 1557//5622 3800//5622 3801//5622
f 1556//5623 1557//5623 3801//5623
f 1556//5624 3802//5624 3803//5624
f 1556//5625 3801//5625 3802//5625
f 1553//5626 1556//5626 3803//5626
f 1550//5627 1553//5627 3803//5627
f 1550//5628 3804//5628 3805//5628
f 1550//5629 3803//5629 3804//5629
f 1549//5630 1550//5630 3805//5630
f 1546//5631 1549//5631 3805//5631
f 1546//5632 3805//5632 3806//5632
f 1545//5633 1546//5633 3806//5633
f 1545//5634 3806//5634 3807//5634
f 1542//5635 1545//5635 3807//5635
f 1542//5636 3808//5636 3809//5636
f 1542//5637 3807//5637 3808//5637
f 1541//5638 1542//5638 3809//5638
f 1538//5639 1541//5639 3809//5639
f 1538//5640 3809//5640 3810//5640
f 1537//5641 1538//5641 3810//5641
f 1537//5642 3810//5642 3811//5642
f 1534//5643 1537//5643 3811//5643
f 1534//5644 3811//5644 3812//5644
f 1533//5645 1534//5645 3812//5645
f 1533//5646 3812//5646 3813//5646
f 1530//5647 3814//5647 3815//5647
f 1530//5648 3813//5648 3814//5648
f 1530//5649 1533//5649 3813//5649
f 1529//5650 1530//5650 3815//5650
f 1526//5651 3815//5651 3816//5651
f 1526//5652 1529//5652 3815//5652
f 1525//5653 3816//5653 3817//5653
f 1525//5654 1526//5654 3816//5654
f 1522//5655 3818//5655 3819//5655
f 1522//5656 3817//5656 3818//5656
f 1522//5657 1525//5657 3817//5657
f 1521//5658 1522//5658 3819//5658
f 1518//5659 3819//5659 3820//5659
f 1518//5660 1521//5660 3819//5660
f 1517//5661 3820//5661 3821//5661
f 1517//5662 1518//5662 3820//5662
f 1514//5663 3821//5663 3822//5663
f 1514//5664 1517//5664 3821//5664
f 1513//5665 3822//5665 3823//5665
f 1513//5666 1514//5666 3822//5666
f 1510//5667 3823//5667 3824//5667
f 1510//5668 1513//5668 3823//5668
f 1509//5669 1510//5669 3824//5669
f 1509//5670 3824//5670 3825//5670
f 1506//5671 1509//5671 3825//5671
f 1506//5672 3826//5672 3827//5672
f 1506//5673 3825//5673 3826//5673
f 1505//5674 1506//5674 3827//5674
f 1502//5675 1505//5675 3827//5675
f 1502//5676 3827//5676 3828//5676
f 1501//5677 1502//5677 3828//5677
f 1501//5678 3829//5678 3830//5678
f 1501//5679 3828//5679 3829//5679
f 1498//5680 1501//5680 3830//5680
f 1497//5681 1498//5681 3830//5681
f 1497//5682 3830//5682 3831//5682
f 1494//5683 1497//5683 3831//5683
f 1494//5684 3831//5684 3832//5684
f 1493//5685 1494//5685 3832//5685
f 1493//5686 3833//5686 3834//5686
f 1493//5687 3832//5687 3833//5687
f 1490//5688 1493//5688 3834//5688
f 1487//5689 3834//5689 3835//5689
f 1487//5690 1490//5690 3834//5690
f 1486//5691 3835//5691 3836//5691
f 1486//5692 1487//5692 3835//5692
f 1483//5693 3837//5693 3838//5693
f 1483//5694 3836//5694 3837//5694
f 1483//5695 1486//5695 3836//5695
f 1482//5696 3838//5696 3839//5696
f 1482//5697 1483//5697 3838//5697
f 1479//5698 1482//5698 3839//5698
f 1478//5699 3840//5699 3841//5699
f 1478//5700 3839//5700 3840//5700
f 1478//5701 1479//5701 3839//5701
f 1475//5702 1478//5702 3841//5702
f 1474//5703 3841//5703 3842//5703
f 1474//5704 1475//5704 3841//5704
f 1471//5705 3843//5705 3844//5705
f 1471//5706 3842//5706 3843//5706
f 1471//5707 1474//5707 3842//5707
f 1470//5708 1471//5708 3844//5708
f 1467//5709 3844//5709 3845//5709
f 1467//5710 1470//5710 3844//5710
f 1466//5711 3846//5711 3847//5711
f 1466//5712 3845//5712 3846//5712
f 1466//5713 1467//5713 3845//5713
f 1463//5714 3847//5714 3848//5714
f 1463//5715 1466//5715 3847//5715
f 1462//5716 1463//5716 3848//5716
f 1459//5717 3848//5717 3849//5717
f 1459//5718 1462//5718 3848//5718
f 1456//5719 3849//5719 3850//5719
f 1456//5720 1459//5720 3849//5720
f 1455//5721 1456//5721 3850//5721
f 1455//5722 3851//5722 3852//5722
f 1455//5723 3850//5723 3851//5723
f 1452//5724 1455//5724 3852//5724
f 1451//5725 1452//5725 3852//5725
f 1451//5726 3852//5726 3853//5726
f 1447//5727 3853//5727 3854//5727
f 1447//5728 1451//5728 3853//5728
f 1446//5729 3855//5729 3856//5729
f 1446//5730 3854//5730 3855//5730
f 1446//5731 1447//5731 3854//5731
f 1441//5732 1446//5732 3856//5732
f 1437//5733 3856//5733 3857//5733
f 1437//5734 1441//5734 3856//5734
f 1436//5735 3858//5735 3859//5735
f 1436//5736 3857//5736 3858//5736
f 1436//5737 1437//5737 3857//5737
f 1431//5738 1436//5738 3859//5738
f 1430//5739 3860//5739 3861//5739
f 1430//5740 3859//5740 3860//5740
f 1430//5741 1431//5741 3859//5741
f 1426//5742 3861//5742 3862//5742
f 1426//5743 1430//5743 3861//5743
f 1424//5744 1426//5744 3862//5744
f 1422//5745 3863//5745 3864//5745
f 1422//5746 3862//5746 3863//5746
f 1422//5747 1424//5747 3862//5747
f 1423//5748 1422//5748 3864//5748
f 1428//5749 3865//5749 3866//5749
f 1428//5750 3864//5750 3865//5750
f 1428//5751 1423//5751 3864//5751
f 1433//5752 1428//5752 3866//5752
f 1434//5753 3866//5753 3867//5753
f 1434//5754 1433//5754 3866//5754
f 1439//5755 3867//5755 3868//5755
f 1439//5756 1434//5756 3867//5756
f 1443//5757 3868//5757 3869//5757
f 1443//5758 1439//5758 3868//5758
f 1444//5759 3870//5759 3871//5759
f 1444//5760 3869//5760 3870//5760
f 1444//5761 1443//5761 3869//5761
f 1449//5762 1444//5762 3871//5762
f 1449//5763 3871//5763 3872//5763
f 1420//5764 1449//5764 3872//5764
f 1420//5765 3872//5765 3873//5765
f 1419//5766 1420//5766 3873//5766
f 1418//5767 1419//5767 3873//5767
f 1418//5768 3874//5768 3875//5768
f 1418//5769 3873//5769 3874//5769
f 1417//5770 1418//5770 3875//5770
f 1416//5771 1417//5771 3875//5771
f 1416//5772 3875//5772 3876//5772
f 1415//5773 1416//5773 3876//5773
f 1415//5774 3876//5774 3877//5774
f 1414//5775 1415//5775 3877//5775
f 1414//5776 3878//5776 3879//5776
f 1414//5777 3877//5777 3878//5777
f 1413//5778 1414//5778 3879//5778
f 1412//5779 1413//5779 3879//5779
f 1412//5780 3880//5780 3881//5780
f 1412//5781 3879//5781 3880//5781
f 1411//5782 1412//5782 3881//5782
f 1411//5783 3881//5783 3882//5783
f 1410//5784 1411//5784 3882//5784
f 1409//5785 1410//5785 3882//5785
f 1409//5786 3882//5786 3883//5786
f 1408//5787 1409//5787 3883//5787
f 1408//5788 3883//5788 3884//5788
f 1407//5789 1408//5789 3884//5789
f 1407//5790 3885//5790 3886//5790
f 1407//5791 3884//5791 3885//5791
f 1347//5792 1407//5792 3886//5792
f 1347//5793 3886//5793 3887//5793
f 1345//5794 1347//5794 3887//5794
f 1345//5795 3887//5795 3888//5795
f 1343//5796 1345//5796 3888//5796
f 1341//5797 1343//5797 3888//5797
f 1341//5798 3888//5798 3889//5798
f 1339//5799 1341//5799 3889//5799
f 1339//5800 3890//5800 3891//5800
f 1339//5801 3889//5801 3890//5801
f 1337//5802 1339//5802 3891//5802
f 1337//5803 3891//5803 3892//5803
f 1335//5804 1337//5804 3892//5804
f 1333//5805 1335//5805 3892//5805
f 1333//5806 3892//5806 3893//5806
f 1331//5807 1333//5807 3893//5807
f 1331//5808 3893//5808 3894//5808
f 1329//5809 3895//5809 3896//5809
f 1329//5810 3894//5810 3895//5810
f 1329//5811 1331//5811 3894//5811
f 1327//5812 1329//5812 3896//5812
f 1325//5813 3896//5813 3897//5813
f 1325//5814 1327//5814 3896//5814
f 1323//5815 3897//5815 3898//5815
f 1323//5816 1325//5816 3897//5816
f 1321//5817 3898//5817 3899//5817
f 1321//5818 1323//5818 3898//5818
f 1319//5819 3900//5819 3901//5819
f 1319//5820 3899//5820 3900//5820
f 1319//5821 1321//5821 3899//5821
f 1317//5822 1319//5822 3901//5822
f 1315//5823 1317//5823 3901//5823
f 1315//5824 3902//5824 3903//5824
f 1315//5825 3901//5825 3902//5825
f 1313//5826 1315//5826 3903//5826
f 1313//5827 3903//5827 3904//5827
f 1311//5828 1313//5828 3904//5828
f 1309//5829 1311//5829 3904//5829
f 1309//5830 3905//5830 3906//5830
f 1309//5831 3904//5831 3905//5831
f 1307//5832 1309//5832 3906//5832
f 1305//5833 1307//5833 3906//5833
f 1305//5834 3907//5834 3908//5834
f 1305//5835 3906//5835 3907//5835
f 1303//5836 1305//5836 3908//5836
f 1303//5837 3908//5837 3909//5837
f 1301//5838 1303//5838 3909//5838
f 1299//5839 1301//5839 3909//5839
f 1299//5840 3909//5840 3910//5840
f 1297//5841 1299//5841 3910//5841
f 1297//5842 3911//5842 3912//5842
f 1297//5843 3910//5843 3911//5843
f 1295//5844 1297//5844 3912//5844
f 1293//5845 1295//5845 3912//5845
f 1293//5846 3912//5846 3913//5846
f 1292//5847 1293//5847 3913//5847
f 1292//5848 3913//5848 3914//5848
f 1291//5849 3914//5849 3915//5849
f 1291//5850 1292//5850 3914//5850
f 1294//5851 1291//5851 3915//5851
f 1294//5852 3915//5852 3916//5852
f 1296//5853 3916//5853 3917//5853
f 1296//5854 1294//5854 3916//5854
f 1298//5855 3917//5855 3918//5855
f 1298//5856 1296//5856 3917//5856
f 1300//5857 3919//5857 3920//5857
f 1300//5858 3918//5858 3919//5858
f 1300//5859 1298//5859 3918//5859
f 1302//5860 1300//5860 3920//5860
f 1304//5861 3920//5861 3921//5861
f 1304//5862 1302//5862 3920//5862
f 1306//5863 3922//5863 3923//5863
f 1306//5864 3921//5864 3922//5864
f 1306//5865 1304//5865 3921//5865
f 1308//5866 3923//5866 3924//5866
f 1308//5867 1306//5867 3923//5867
f 1310//5868 1308//5868 3924//5868
f 1312//5869 3925//5869 3926//5869
f 1312//5870 3924//5870 3925//5870
f 1312//5871 1310//5871 3924//5871
f 1314//5872 1312//5872 3926//5872
f 1316//5873 1314//5873 3926//5873
f 1316//5874 3926//5874 3927//5874
f 1318//5875 1316//5875 3927//5875
f 1318//5876 3927//5876 3928//5876
f 1320//5877 1318//5877 3928//5877
f 1320//5878 3928//5878 3929//5878
f 1322//5879 1320//5879 3929//5879
f 1322//5880 3929//5880 3930//5880
f 1324//5881 1322//5881 3930//5881
f 1324//5882 3930//5882 3931//5882
f 1326//5883 1324//5883 3931//5883
f 1326//5884 3931//5884 3932//5884
f 1328//5885 1326//5885 3932//5885
f 1328//5886 3933//5886 3934//5886
f 1328//5887 3932//5887 3933//5887
f 1330//5888 1328//5888 3934//5888
f 1332//5889 1330//5889 3934//5889
f 1332//5890 3934//5890 3935//5890
f 1334//5891 3935//5891 3936//5891
f 1334//5892 1332//5892 3935//5892
f 1336//5893 3936//5893 3937//5893
f 1336//5894 1334//5894 3936//5894
f 1338//5895 3937//5895 3938//5895
f 1338//5896 1336//5896 3937//5896
f 1340//5897 3938//5897 3939//5897
f 1340//5898 1338//5898 3938//5898
f 1342//5899 3940//5899 3941//5899
f 1342//5900 3939//5900 3940//5900
f 1342//5901 1340//5901 3939//5901
f 1344//5902 1342//5902 3941//5902
f 1346//5903 3941//5903 3942//5903
f 1346//5904 1344//5904 3941//5904
f 1348//5905 3942//5905 3714//5905
f 1348//5906 1346//5906 3942//5906
f 1965//5907 1658//5907 1634//5907
f 1658//5908 1624//5908 1634//5908
f 3071//5909 1634//5909 1644//5909
f 3943//5910 1634//5910 3071//5910
f 3073//5911 3943//5911 3071//5911
f 3944//5912 3073//5912 3075//5912
f 3944//5913 3943//5913 3073//5913
f 3077//5914 3944//5914 3075//5914
f 3079//5915 3944//5915 3077//5915
f 3945//5916 3946//5916 3947//5916
f 1973//5917 3945//5917 3947//5917
f 3948//5918 3949//5918 3950//5918
f 1864//5919 3948//5919 3945//5919
f 1864//5920 3945//5920 1973//5920
f 1864//5921 3949//5921 3948//5921
f 3951//5922 1864//5922 1862//5922
f 3951//5923 3949//5923 1864//5923
f 3952//5924 1862//5924 1860//5924
f 3952//5925 3951//5925 1862//5925
f 3953//5926 1860//5926 1859//5926
f 3953//5927 3952//5927 1860//5927
f 3954//5928 1859//5928 1857//5928
f 3954//5929 3953//5929 1859//5929
f 3955//5930 1857//5930 1855//5930
f 3955//5931 1855//5931 1854//5931
f 3955//5932 3954//5932 1857//5932
f 3956//5933 3955//5933 1854//5933
f 3957//5934 1854//5934 1852//5934
f 3957//5935 3956//5935 1854//5935
f 3958//5936 1852//5936 1850//5936
f 3958//5937 3957//5937 1852//5937
f 3959//5938 1850//5938 1849//5938
f 3959//5939 3958//5939 1850//5939
f 3960//5940 1849//5940 1847//5940
f 3960//5941 1847//5941 1845//5941
f 3960//5942 3959//5942 1849//5942
f 3961//5943 3960//5943 1845//5943
f 3962//5944 1845//5944 1844//5944
f 3962//5945 1844//5945 1842//5945
f 3962//5946 3961//5946 1845//5946
f 3963//5947 3962//5947 1842//5947
f 3964//5948 1842//5948 1840//5948
f 3964//5949 1840//5949 1839//5949
f 3964//5950 3963//5950 1842//5950
f 3965//5951 3964//5951 1839//5951
f 3966//5952 1839//5952 1837//5952
f 3966//5953 3965//5953 1839//5953
f 3967//5954 1837//5954 1836//5954
f 3967//5955 3966//5955 1837//5955
f 3968//5956 1836//5956 1834//5956
f 3968//5957 3967//5957 1836//5957
f 3969//5958 1834//5958 1833//5958
f 3969//5959 3968//5959 1834//5959
f 3970//5960 1833//5960 1832//5960
f 3970//5961 1832//5961 1830//5961
f 3970//5962 3969//5962 1833//5962
f 3971//5963 3970//5963 1830//5963
f 3972//5964 3971//5964 1830//5964
f 3972//5965 1830//5965 1826//5965
f 3973//5966 3972//5966 1826//5966
f 3973//5967 1826//5967 1824//5967
f 3974//5968 3973//5968 1824//5968
f 3974//5969 1824//5969 1822//5969
f 3975//5970 3974//5970 1822//5970
f 3975//5971 1822//5971 1820//5971
f 3975//5972 1820//5972 1818//5972
f 3976//5973 1818//5973 1817//5973
f 3976//5974 3975//5974 1818//5974
f 3977//5975 3976//5975 1817//5975
f 3978//5976 3977//5976 1817//5976
f 3978//5977 1817//5977 1815//5977
f 3978//5978 1815//5978 1813//5978
f 3979//5979 3978//5979 1813//5979
f 3980//5980 1813//5980 1811//5980
f 3980//5981 1811//5981 1809//5981
f 3980//5982 3979//5982 1813//5982
f 3981//5983 3980//5983 1809//5983
f 3982//5984 1809//5984 1808//5984
f 3982//5985 1808//5985 1806//5985
f 3982//5986 3981//5986 1809//5986
f 3983//5987 3982//5987 1806//5987
f 3984//5988 1806//5988 1804//5988
f 3984//5989 3983//5989 1806//5989
f 3985//5990 1804//5990 1802//5990
f 3985//5991 1802//5991 1800//5991
f 3985//5992 3984//5992 1804//5992
f 3986//5993 3985//5993 1800//5993
f 3987//5994 1800//5994 1799//5994
f 3987//5995 1799//5995 1797//5995
f 3987//5996 3986//5996 1800//5996
f 3988//5997 3987//5997 1797//5997
f 3989//5998 1797//5998 1795//5998
f 3989//5999 3988//5999 1797//5999
f 3990//6000 1795//6000 1793//6000
f 3990//6001 1793//6001 1791//6001
f 3990//6002 3989//6002 1795//6002
f 3991//6003 3990//6003 1791//6003
f 3992//6004 1791//6004 1790//6004
f 3992//6005 3991//6005 1791//6005
f 3993//6006 1790//6006 1788//6006
f 3993//6007 1788//6007 1786//6007
f 3993//6008 3992//6008 1790//6008
f 3994//6009 3993//6009 1786//6009
f 3995//6010 1786//6010 1784//6010
f 3995//6011 3994//6011 1786//6011
f 3996//6012 3995//6012 1784//6012
f 3996//6013 1784//6013 1782//6013
f 3997//6014 3996//6014 1782//6014
f 3997//6015 1782//6015 1781//6015
f 3998//6016 3997//6016 1781//6016
f 3998//6017 1781//6017 1779//6017
f 3999//6018 3998//6018 1779//6018
f 3999//6019 1779//6019 1777//6019
f 3999//6020 1777//6020 1775//6020
f 4000//6021 3999//6021 1775//6021
f 4001//6022 4000//6022 1775//6022
f 4001//6023 1775//6023 1773//6023
f 4002//6024 4001//6024 1773//6024
f 4002//6025 1773//6025 1772//6025
f 4003//6026 4002//6026 1772//6026
f 4003//6027 1772//6027 1770//6027
f 4004//6028 4003//6028 1770//6028
f 4004//6029 1770//6029 1768//6029
f 4005//6030 4004//6030 1768//6030
f 4005//6031 1768//6031 1766//6031
f 4005//6032 1766//6032 1764//6032
f 4006//6033 4005//6033 1764//6033
f 4006//6034 1764//6034 1762//6034
f 4007//6035 4006//6035 1762//6035
f 4008//6036 4007//6036 1762//6036
f 4008//6037 1762//6037 1749//6037
f 1973//6038 4009//6038 2000//6038
f 2000//6039 4009//6039 2004//6039
f 3947//6040 4009//6040 1973//6040
f 4009//6041 4010//6041 2004//6041
f 2004//6042 4011//6042 2006//6042
f 4010//6043 4011//6043 2004//6043
f 2006//6044 4012//6044 2011//6044
f 2011//6045 4012//6045 2015//6045
f 4011//6046 4012//6046 2006//6046
f 4012//6047 4013//6047 2015//6047
f 2015//6048 4014//6048 2018//6048
f 4013//6049 4014//6049 2015//6049
f 2018//6050 4015//6050 2021//6050
f 4014//6051 4015//6051 2018//6051
f 2021//6052 4016//6052 2025//6052
f 2025//6053 4016//6053 2027//6053
f 4015//6054 4016//6054 2021//6054
f 4016//6055 4017//6055 2027//6055
f 2027//6056 4018//6056 2030//6056
f 4017//6057 4018//6057 2027//6057
f 2030//6058 4019//6058 2035//6058
f 4018//6059 4019//6059 2030//6059
f 2035//6060 4020//6060 2039//6060
f 2039//6061 4020//6061 2042//6061
f 4019//6062 4020//6062 2035//6062
f 4020//6063 4021//6063 2042//6063
f 2042//6064 4022//6064 2046//6064
f 4021//6065 4022//6065 2042//6065
f 2046//6066 4023//6066 2048//6066
f 4022//6067 4023//6067 2046//6067
f 2048//6068 4024//6068 2051//6068
f 4023//6069 4024//6069 2048//6069
f 2051//6070 4025//6070 2054//6070
f 4024//6071 4025//6071 2051//6071
f 2054//6072 4026//6072 2057//6072
f 4025//6073 4026//6073 2054//6073
f 2057//6074 4027//6074 2062//6074
f 4026//6075 4027//6075 2057//6075
f 2062//6076 4028//6076 2065//6076
f 4027//6077 4028//6077 2062//6077
f 4028//6078 4029//6078 2065//6078
f 2065//6079 4029//6079 2067//6079
f 4029//6080 4030//6080 2067//6080
f 2067//6081 4030//6081 2072//6081
f 4030//6082 4031//6082 2072//6082
f 2072//6083 4031//6083 2075//6083
f 4031//6084 4032//6084 2075//6084
f 2075//6085 4032//6085 2079//6085
f 4032//6086 4033//6086 2079//6086
f 2079//6087 4033//6087 2083//6087
f 2083//6088 4034//6088 2086//6088
f 4033//6089 4034//6089 2083//6089
f 2086//6090 4034//6090 2090//6090
f 4034//6091 4035//6091 2090//6091
f 2090//6092 4036//6092 2093//6092
f 4035//6093 4036//6093 2090//6093
f 2093//6094 4037//6094 2095//6094
f 2095//6095 4037//6095 2091//6095
f 4036//6096 4037//6096 2093//6096
f 4037//6097 4038//6097 2091//6097
f 2091//6098 4039//6098 2088//6098
f 4038//6099 4039//6099 2091//6099
f 2088//6100 4040//6100 2085//6100
f 4039//6101 4040//6101 2088//6101
f 2085//6102 4041//6102 2081//6102
f 2081//6103 4041//6103 2077//6103
f 4040//6104 4041//6104 2085//6104
f 4041//6105 4042//6105 2077//6105
f 2077//6106 4043//6106 2073//6106
f 2073//6107 4043//6107 2070//6107
f 4042//6108 4043//6108 2077//6108
f 4043//6109 4044//6109 2070//6109
f 2070//6110 4045//6110 2069//6110
f 4044//6111 4045//6111 2070//6111
f 2069//6112 4046//6112 2063//6112
f 4045//6113 4046//6113 2069//6113
f 2063//6114 4047//6114 2060//6114
f 2060//6115 4047//6115 2058//6115
f 4046//6116 4047//6116 2063//6116
f 2058//6117 4048//6117 2055//6117
f 4047//6118 4048//6118 2058//6118
f 4048//6119 4049//6119 2055//6119
f 2055//6120 4050//6120 2053//6120
f 4049//6121 4050//6121 2055//6121
f 2053//6122 4051//6122 2049//6122
f 2049//6123 4051//6123 2044//6123
f 4050//6124 4051//6124 2053//6124
f 4051//6125 4052//6125 2044//6125
f 2044//6126 4053//6126 2040//6126
f 4052//6127 4053//6127 2044//6127
f 4053//6128 4054//6128 2040//6128
f 2040//6129 4054//6129 2037//6129
f 4054//6130 4055//6130 2037//6130
f 2037//6131 4055//6131 2034//6131
f 2034//6132 4055//6132 2032//6132
f 4055//6133 4056//6133 2032//6133
f 4056//6134 4057//6134 2032//6134
f 2032//6135 4057//6135 2028//6135
f 4057//6136 4058//6136 2028//6136
f 2028//6137 4058//6137 2023//6137
f 2023//6138 4058//6138 2019//6138
f 4058//6139 4059//6139 2019//6139
f 4059//6140 4060//6140 2019//6140
f 2019//6141 4060//6141 2017//6141
f 4060//6142 4061//6142 2017//6142
f 2017//6143 4061//6143 2013//6143
f 4061//6144 4062//6144 2013//6144
f 2013//6145 4062//6145 2009//6145
f 4062//6146 4063//6146 2009//6146
f 2009//6147 4063//6147 2007//6147
f 4063//6148 4064//6148 2007//6148
f 2007//6149 4064//6149 2002//6149
f 2002//6150 4064//6150 1998//6150
f 4064//6151 4065//6151 1998//6151
f 4065//6152 4066//6152 1998//6152
f 1998//6153 4066//6153 1988//6153
f 1733//6154 4067//6154 1749//6154
f 1749//6155 4067//6155 4008//6155
f 4068//6156 1964//6156 1988//6156
f 4068//6157 1988//6157 4066//6157
f 1726//6158 4069//6158 1723//6158
f 4070//6159 4069//6159 1726//6159
f 1723//6160 4071//6160 1718//6160
f 4069//6161 4071//6161 1723//6161
f 1718//6162 4072//6162 1719//6162
f 4071//6163 4072//6163 1718//6163
f 1719//6164 4073//6164 1715//6164
f 4072//6165 4073//6165 1719//6165
f 1715//6166 4074//6166 1711//6166
f 1711//6167 4074//6167 1712//6167
f 4073//6168 4074//6168 1715//6168
f 4074//6169 4075//6169 1712//6169
f 1712//6170 4076//6170 1708//6170
f 4075//6171 4076//6171 1712//6171
f 1708//6172 4077//6172 1703//6172
f 4076//6173 4077//6173 1708//6173
f 1703//6174 4078//6174 1704//6174
f 4077//6175 4078//6175 1703//6175
f 1704//6176 4079//6176 1700//6176
f 1700//6177 4079//6177 1696//6177
f 4078//6178 4079//6178 1704//6178
f 4079//6179 4080//6179 1696//6179
f 1696//6180 4081//6180 1697//6180
f 1697//6181 4081//6181 1693//6181
f 4080//6182 4081//6182 1696//6182
f 4081//6183 4082//6183 1693//6183
f 1693//6184 4083//6184 1688//6184
f 1688//6185 4083//6185 1689//6185
f 4082//6186 4083//6186 1693//6186
f 4083//6187 4084//6187 1689//6187
f 1689//6188 4085//6188 1685//6188
f 4084//6189 4085//6189 1689//6189
f 1685//6190 4086//6190 1686//6190
f 4085//6191 4086//6191 1685//6191
f 1686//6192 4087//6192 1682//6192
f 4086//6193 4087//6193 1686//6193
f 1682//6194 4088//6194 1679//6194
f 4087//6195 4088//6195 1682//6195
f 1679//6196 4089//6196 1677//6196
f 1677//6197 4089//6197 1673//6197
f 4088//6198 4089//6198 1679//6198
f 4089//6199 4090//6199 1673//6199
f 4090//6200 4091//6200 1673//6200
f 1673//6201 4091//6201 1674//6201
f 4091//6202 4092//6202 1674//6202
f 1674//6203 4092//6203 1671//6203
f 4092//6204 4093//6204 1671//6204
f 1671//6205 4093//6205 1669//6205
f 4093//6206 4094//6206 1669//6206
f 1669//6207 4094//6207 1667//6207
f 1667//6208 4094//6208 1663//6208
f 1663//6209 4095//6209 1664//6209
f 4094//6210 4095//6210 1663//6210
f 4095//6211 4096//6211 1664//6211
f 4096//6212 4097//6212 1664//6212
f 1664//6213 4097//6213 1661//6213
f 1661//6214 4097//6214 1659//6214
f 4097//6215 4098//6215 1659//6215
f 1659//6216 4099//6216 1660//6216
f 1660//6217 4099//6217 1662//6217
f 4098//6218 4099//6218 1659//6218
f 4099//6219 4100//6219 1662//6219
f 1662//6220 4101//6220 1665//6220
f 1665//6221 4101//6221 1666//6221
f 4100//6222 4101//6222 1662//6222
f 4101//6223 4102//6223 1666//6223
f 1666//6224 4103//6224 1668//6224
f 4102//6225 4103//6225 1666//6225
f 1668//6226 4104//6226 1670//6226
f 1670//6227 4104//6227 1672//6227
f 4103//6228 4104//6228 1668//6228
f 4104//6229 4105//6229 1672//6229
f 1672//6230 4106//6230 1675//6230
f 1675//6231 4106//6231 1676//6231
f 4105//6232 4106//6232 1672//6232
f 4106//6233 4107//6233 1676//6233
f 1676//6234 4108//6234 1678//6234
f 4107//6235 4108//6235 1676//6235
f 1678//6236 4109//6236 1680//6236
f 1680//6237 4109//6237 1683//6237
f 4108//6238 4109//6238 1678//6238
f 4109//6239 4110//6239 1683//6239
f 1683//6240 4111//6240 1690//6240
f 4110//6241 4111//6241 1683//6241
f 1690//6242 4112//6242 1691//6242
f 1691//6243 4112//6243 1694//6243
f 4111//6244 4112//6244 1690//6244
f 4112//6245 4113//6245 1694//6245
f 1694//6246 4114//6246 1698//6246
f 4113//6247 4114//6247 1694//6247
f 4114//6248 4115//6248 1698//6248
f 1698//6249 4115//6249 1701//6249
f 4115//6250 4116//6250 1701//6250
f 1701//6251 4116//6251 1705//6251
f 4116//6252 4117//6252 1705//6252
f 1705//6253 4117//6253 1706//6253
f 4117//6254 4118//6254 1706//6254
f 1706//6255 4118//6255 1709//6255
f 1709//6256 4118//6256 1713//6256
f 4118//6257 4119//6257 1713//6257
f 4119//6258 4120//6258 1713//6258
f 1713//6259 4120//6259 1716//6259
f 4120//6260 4121//6260 1716//6260
f 1716//6261 4121//6261 1720//6261
f 4121//6262 4122//6262 1720//6262
f 1720//6263 4122//6263 1721//6263
f 4122//6264 4123//6264 1721//6264
f 1721//6265 4123//6265 1724//6265
f 4123//6266 4124//6266 1724//6266
f 1724//6267 4124//6267 1727//6267
f 1727//6268 4124//6268 1729//6268
f 4124//6269 4125//6269 1729//6269
f 1729//6270 4125//6270 1731//6270
f 4125//6271 4126//6271 1731//6271
f 4126//6272 4067//6272 1731//6272
f 1731//6273 4067//6273 1733//6273
f 4127//6274 1879//6274 1895//6274
f 4127//6275 1895//6275 1897//6275
f 4127//6276 4128//6276 1879//6276
f 4129//6277 4127//6277 1897//6277
f 4130//6278 1897//6278 1899//6278
f 4130//6279 4129//6279 1897//6279
f 4131//6280 1899//6280 1900//6280
f 4131//6281 1900//6281 1902//6281
f 4131//6282 4130//6282 1899//6282
f 4132//6283 4131//6283 1902//6283
f 4133//6284 1902//6284 1904//6284
f 4133//6285 4132//6285 1902//6285
f 4134//6286 1904//6286 1905//6286
f 4134//6287 4133//6287 1904//6287
f 4135//6288 1905//6288 1907//6288
f 4135//6289 1907//6289 1909//6289
f 4135//6290 4134//6290 1905//6290
f 4136//6291 4135//6291 1909//6291
f 4137//6292 1909//6292 1910//6292
f 4137//6293 4136//6293 1909//6293
f 4138//6294 1910//6294 1912//6294
f 4138//6295 4137//6295 1910//6295
f 4139//6296 1912//6296 1914//6296
f 4139//6297 1914//6297 1915//6297
f 4139//6298 4138//6298 1912//6298
f 4140//6299 4139//6299 1915//6299
f 4141//6300 1915//6300 1917//6300
f 4141//6301 4140//6301 1915//6301
f 4142//6302 1917//6302 1919//6302
f 4142//6303 4141//6303 1917//6303
f 4143//6304 1919//6304 1920//6304
f 4143//6305 4142//6305 1919//6305
f 4144//6306 1920//6306 1922//6306
f 4144//6307 4143//6307 1920//6307
f 4145//6308 1922//6308 1923//6308
f 4145//6309 4144//6309 1922//6309
f 4146//6310 1923//6310 1925//6310
f 4146//6311 4145//6311 1923//6311
f 4147//6312 1925//6312 1926//6312
f 4147//6313 4146//6313 1925//6313
f 4148//6314 4147//6314 1926//6314
f 4148//6315 1926//6315 1927//6315
f 4149//6316 4148//6316 1927//6316
f 4149//6317 1927//6317 1928//6317
f 4150//6318 4149//6318 1928//6318
f 4150//6319 1928//6319 1929//6319
f 4151//6320 4150//6320 1929//6320
f 4151//6321 1929//6321 1930//6321
f 4152//6322 4151//6322 1930//6322
f 4152//6323 1930//6323 1931//6323
f 4153//6324 1931//6324 1932//6324
f 4153//6325 4152//6325 1931//6325
f 4153//6326 1932//6326 1933//6326
f 4154//6327 4153//6327 1933//6327
f 4155//6328 1933//6328 1934//6328
f 4155//6329 4154//6329 1933//6329
f 4156//6330 1934//6330 1935//6330
f 4156//6331 1935//6331 1936//6331
f 4156//6332 4155//6332 1934//6332
f 4157//6333 4156//6333 1936//6333
f 4158//6334 1936//6334 1937//6334
f 4158//6335 4157//6335 1936//6335
f 4159//6336 1937//6336 1938//6336
f 4159//6337 4158//6337 1937//6337
f 4160//6338 1938//6338 1939//6338
f 4160//6339 1939//6339 1940//6339
f 4160//6340 4159//6340 1938//6340
f 4161//6341 4160//6341 1940//6341
f 4162//6342 1940//6342 1941//6342
f 4162//6343 1941//6343 1942//6343
f 4162//6344 4161//6344 1940//6344
f 4163//6345 4162//6345 1942//6345
f 4164//6346 1942//6346 1943//6346
f 4164//6347 4163//6347 1942//6347
f 4165//6348 1943//6348 1944//6348
f 4165//6349 4164//6349 1943//6349
f 4166//6350 1944//6350 1945//6350
f 4166//6351 1945//6351 1946//6351
f 4166//6352 4165//6352 1944//6352
f 4167//6353 1946//6353 1947//6353
f 4167//6354 4166//6354 1946//6354
f 4168//6355 4167//6355 1947//6355
f 4169//6356 1947//6356 1948//6356
f 4169//6357 4168//6357 1947//6357
f 4170//6358 1948//6358 1949//6358
f 4170//6359 1949//6359 1950//6359
f 4170//6360 4169//6360 1948//6360
f 4171//6361 4170//6361 1950//6361
f 4172//6362 1950//6362 1951//6362
f 4172//6363 4171//6363 1950//6363
f 4173//6364 4172//6364 1951//6364
f 4173//6365 1951//6365 1952//6365
f 4174//6366 4173//6366 1952//6366
f 4174//6367 1952//6367 1953//6367
f 4174//6368 1953//6368 1954//6368
f 4175//6369 4174//6369 1954//6369
f 4176//6370 4175//6370 1954//6370
f 4176//6371 1954//6371 1955//6371
f 4177//6372 4176//6372 1955//6372
f 4177//6373 1955//6373 1956//6373
f 4177//6374 1956//6374 1957//6374
f 4178//6375 4177//6375 1957//6375
f 4179//6376 4178//6376 1957//6376
f 4179//6377 1957//6377 1958//6377
f 4180//6378 4179//6378 1958//6378
f 4180//6379 1958//6379 1959//6379
f 4181//6380 4180//6380 1959//6380
f 4181//6381 1959//6381 1960//6381
f 4182//6382 4181//6382 1960//6382
f 4182//6383 1960//6383 1961//6383
f 4183//6384 4182//6384 1961//6384
f 4183//6385 1961//6385 1962//6385
f 4183//6386 1962//6386 1963//6386
f 4184//6387 4183//6387 1963//6387
f 4068//6388 4184//6388 1963//6388
f 4068//6389 1963//6389 1964//6389
f 4128//6390 4185//6390 1879//6390
f 4186//6391 4185//6391 4128//6391
f 1726//6392 1879//6392 4185//6392
f 4187//6393 1726//6393 4185//6393
f 4070//6394 4187//6394 4188//6394
f 4070//6395 1726//6395 4187//6395
f 4189//6396 2676//6396 1748//6396
f 4189//6397 1748//6397 1750//6397
f 4190//6398 1750//6398 1751//6398
f 4190//6399 4189//6399 1750//6399
f 2960//6400 1751//6400 1753//6400
f 2960//6401 4190//6401 1751//6401
f 4191//6402 2919//6402 1828//6402
f 4191//6403 1828//6403 1827//6403
f 4192//6404 1827//6404 1835//6404
f 4192//6405 4191//6405 1827//6405
f 4193//6406 1835//6406 1838//6406
f 4193//6407 4192//6407 1835//6407
f 4194//6408 1838//6408 1841//6408
f 4194//6409 4193//6409 1838//6409
f 4195//6410 1841//6410 1843//6410
f 4195//6411 4194//6411 1841//6411
f 4196//6412 1843//6412 1846//6412
f 4196//6413 4195//6413 1843//6413
f 4197//6414 1846//6414 1848//6414
f 4197//6415 4196//6415 1846//6415
f 4198//6416 1848//6416 1851//6416
f 4198//6417 4197//6417 1848//6417
f 4199//6418 1851//6418 1853//6418
f 4199//6419 4198//6419 1851//6419
f 4200//6420 4199//6420 1853//6420
f 4200//6421 1853//6421 1856//6421
f 4201//6422 4200//6422 1856//6422
f 4201//6423 1856//6423 1858//6423
f 4202//6424 4201//6424 1858//6424
f 4202//6425 1858//6425 1861//6425
f 4203//6426 4202//6426 1861//6426
f 4203//6427 1861//6427 1863//6427
f 4203//6428 1863//6428 1865//6428
f 4204//6429 4203//6429 1865//6429
f 4205//6430 4204//6430 1865//6430
f 4205//6431 1865//6431 1866//6431
f 4206//6432 4205//6432 1866//6432
f 4206//6433 1866//6433 1867//6433
f 4207//6434 4206//6434 1867//6434
f 4207//6435 1867//6435 1868//6435
f 4208//6436 4207//6436 1868//6436
f 4208//6437 1868//6437 1869//6437
f 4209//6438 4208//6438 1869//6438
f 4209//6439 1869//6439 1870//6439
f 4210//6440 4209//6440 1870//6440
f 4210//6441 1870//6441 1871//6441
f 4211//6442 4210//6442 1871//6442
f 4211//6443 1871//6443 1872//6443
f 4212//6444 4211//6444 1872//6444
f 4212//6445 1872//6445 1873//6445
f 4213//6446 4212//6446 1873//6446
f 4213//6447 1873//6447 1874//6447
f 4214//6448 1874//6448 1875//6448
f 4214//6449 1875//6449 1876//6449
f 4214//6450 4213//6450 1874//6450
f 4215//6451 4214//6451 1876//6451
f 4216//6452 1876//6452 1877//6452
f 4216//6453 4215//6453 1876//6453
f 4217//6454 1877//6454 1878//6454
f 4217//6455 4216//6455 1877//6455
f 1878//6456 1966//6456 4218//6456
f 4217//6457 1878//6457 4218//6457
f 3119//6458 4219//6458 1971//6458
f 1971//6459 4219//6459 1972//6459
f 1972//6460 4220//6460 2052//6460
f 4219//6461 4220//6461 1972//6461
f 2052//6462 4221//6462 2047//6462
f 4220//6463 4221//6463 2052//6463
f 2047//6464 4222//6464 2043//6464
f 4221//6465 4222//6465 2047//6465
f 2043//6466 4223//6466 2036//6466
f 4222//6467 4223//6467 2043//6467
f 2036//6468 4224//6468 2031//6468
f 4223//6469 4224//6469 2036//6469
f 2031//6470 4225//6470 2026//6470
f 4224//6471 4225//6471 2031//6471
f 2026//6472 4226//6472 2022//6472
f 4225//6473 4226//6473 2026//6473
f 2022//6474 4227//6474 2016//6474
f 4226//6475 4227//6475 2022//6475
f 4227//6476 4228//6476 2016//6476
f 2016//6477 4228//6477 2012//6477
f 4228//6478 4229//6478 2012//6478
f 2012//6479 4229//6479 2005//6479
f 4229//6480 4230//6480 2005//6480
f 2005//6481 4230//6481 2001//6481
f 4230//6482 4231//6482 2001//6482
f 2001//6483 4231//6483 1974//6483
f 4231//6484 4232//6484 1974//6484
f 1974//6485 4232//6485 1975//6485
f 4232//6486 4233//6486 1975//6486
f 1975//6487 4233//6487 1976//6487
f 4233//6488 4234//6488 1976//6488
f 1976//6489 4234//6489 1977//6489
f 4234//6490 4235//6490 1977//6490
f 1977//6491 4235//6491 1978//6491
f 4235//6492 4236//6492 1978//6492
f 1978//6493 4236//6493 1979//6493
f 4236//6494 4237//6494 1979//6494
f 1979//6495 4237//6495 1980//6495
f 4237//6496 4238//6496 1980//6496
f 1980//6497 4238//6497 1981//6497
f 4238//6498 4239//6498 1981//6498
f 1981//6499 4239//6499 1982//6499
f 4239//6500 4240//6500 1982//6500
f 1982//6501 4240//6501 1983//6501
f 4240//6502 4241//6502 1983//6502
f 1983//6503 4241//6503 1984//6503
f 1984//6504 4242//6504 1985//6504
f 4241//6505 4242//6505 1984//6505
f 1985//6506 4243//6506 1986//6506
f 4242//6507 4243//6507 1985//6507
f 1986//6508 4244//6508 1987//6508
f 4243//6509 4244//6509 1986//6509
f 1987//6510 4218//6510 1966//6510
f 4244//6511 4218//6511 1987//6511
f 1634//6512 3943//6512 1965//6512
f 1965//6513 3943//6513 1997//6513
f 1997//6514 3944//6514 1968//6514
f 1968//6515 3944//6515 1969//6515
f 3943//6516 3944//6516 1997//6516
f 3944//6517 3079//6517 1969//6517
f 1880//6518 1746//6518 2096//6518
f 1746//6519 2379//6519 2096//6519
f 1747//6520 1748//6520 2676//6520
f 2673//6521 1747//6521 2676//6521
f 2322//6522 2320//6522 4245//6522
f 2322//6523 4245//6523 4246//6523
f 2324//6524 4246//6524 4247//6524
f 2324//6525 2322//6525 4246//6525
f 2328//6526 4247//6526 4248//6526
f 2328//6527 2324//6527 4247//6527
f 2330//6528 4248//6528 4249//6528
f 2330//6529 2328//6529 4248//6529
f 2329//6530 4249//6530 4250//6530
f 2329//6531 2330//6531 4249//6531
f 2332//6532 4250//6532 4251//6532
f 2332//6533 2329//6533 4250//6533
f 2334//6534 4251//6534 4252//6534
f 2334//6535 2332//6535 4251//6535
f 2336//6536 4252//6536 4253//6536
f 2336//6537 2334//6537 4252//6537
f 2339//6538 4253//6538 4254//6538
f 2339//6539 2336//6539 4253//6539
f 2342//6540 2339//6540 4254//6540
f 2342//6541 4254//6541 4255//6541
f 2343//6542 2342//6542 4255//6542
f 2343//6543 4255//6543 4256//6543
f 2346//6544 2343//6544 4256//6544
f 2346//6545 4256//6545 4257//6545
f 2345//6546 2346//6546 4257//6546
f 2345//6547 4257//6547 4258//6547
f 2350//6548 2345//6548 4258//6548
f 2350//6549 4259//6549 4260//6549
f 2350//6550 4258//6550 4259//6550
f 2351//6551 2350//6551 4260//6551
f 2351//6552 4260//6552 4261//6552
f 2353//6553 2351//6553 4261//6553
f 2355//6554 2353//6554 4261//6554
f 2355//6555 4261//6555 4262//6555
f 2358//6556 2355//6556 4262//6556
f 2358//6557 4262//6557 4263//6557
f 2357//6558 4263//6558 4264//6558
f 2357//6559 2358//6559 4263//6559
f 2361//6560 4264//6560 4265//6560
f 2361//6561 2357//6561 4264//6561
f 2364//6562 4265//6562 4266//6562
f 2364//6563 2361//6563 4265//6563
f 2363//6564 4266//6564 4267//6564
f 2363//6565 2364//6565 4266//6565
f 2368//6566 4267//6566 4268//6566
f 2368//6567 2363//6567 4267//6567
f 2369//6568 4269//6568 4270//6568
f 2369//6569 4268//6569 4269//6569
f 2369//6570 2368//6570 4268//6570
f 2371//6571 2369//6571 4270//6571
f 2373//6572 4270//6572 4271//6572
f 2373//6573 2371//6573 4270//6573
f 2376//6574 4271//6574 4272//6574
f 2376//6575 2373//6575 4271//6575
f 2375//6576 4273//6576 4274//6576
f 2375//6577 4272//6577 4273//6577
f 2375//6578 2376//6578 4272//6578
f 2378//6579 2375//6579 4274//6579
f 2377//6580 4275//6580 4276//6580
f 2377//6581 4274//6581 4275//6581
f 2377//6582 2378//6582 4274//6582
f 2374//6583 2377//6583 4276//6583
f 2372//6584 4276//6584 4277//6584
f 2372//6585 2374//6585 4276//6585
f 2370//6586 4277//6586 4278//6586
f 2370//6587 2372//6587 4277//6587
f 2367//6588 4278//6588 4279//6588
f 2367//6589 2370//6589 4278//6589
f 2366//6590 2367//6590 4279//6590
f 2366//6591 4279//6591 4280//6591
f 2365//6592 2366//6592 4280//6592
f 2365//6593 4280//6593 4281//6593
f 2362//6594 2365//6594 4281//6594
f 2362//6595 4281//6595 4282//6595
f 2360//6596 2362//6596 4282//6596
f 2360//6597 4282//6597 4283//6597
f 2359//6598 4283//6598 4284//6598
f 2359//6599 2360//6599 4283//6599
f 2356//6600 4284//6600 4285//6600
f 2356//6601 2359//6601 4284//6601
f 2354//6602 4285//6602 4286//6602
f 2354//6603 2356//6603 4285//6603
f 2352//6604 4286//6604 4287//6604
f 2352//6605 2354//6605 4286//6605
f 2349//6606 4287//6606 4288//6606
f 2349//6607 2352//6607 4287//6607
f 2348//6608 4288//6608 4289//6608
f 2348//6609 2349//6609 4288//6609
f 2347//6610 4289//6610 4290//6610
f 2347//6611 2348//6611 4289//6611
f 2344//6612 4290//6612 4291//6612
f 2344//6613 2347//6613 4290//6613
f 2341//6614 4292//6614 4293//6614
f 2341//6615 4291//6615 4292//6615
f 2341//6616 2344//6616 4291//6616
f 2340//6617 2341//6617 4293//6617
f 2338//6618 4293//6618 4294//6618
f 2338//6619 2340//6619 4293//6619
f 2337//6620 4294//6620 4295//6620
f 2337//6621 2338//6621 4294//6621
f 2335//6622 4296//6622 4297//6622
f 2335//6623 4295//6623 4296//6623
f 2335//6624 2337//6624 4295//6624
f 2333//6625 2335//6625 4297//6625
f 2331//6626 4297//6626 4298//6626
f 2331//6627 2333//6627 4297//6627
f 2327//6628 4298//6628 4299//6628
f 2327//6629 2331//6629 4298//6629
f 2326//6630 4300//6630 4301//6630
f 2326//6631 4299//6631 4300//6631
f 2326//6632 2327//6632 4299//6632
f 2325//6633 4301//6633 4302//6633
f 2325//6634 2326//6634 4301//6634
f 2323//6635 2325//6635 4302//6635
f 2321//6636 2323//6636 4302//6636
f 2321//6637 4302//6637 4303//6637
f 2318//6638 2321//6638 4303//6638
f 2318//6639 4304//6639 4305//6639
f 2318//6640 4303//6640 4304//6640
f 2315//6641 2318//6641 4305//6641
f 2314//6642 2315//6642 4305//6642
f 2314//6643 4306//6643 4307//6643
f 2314//6644 4305//6644 4306//6644
f 2313//6645 2314//6645 4307//6645
f 2309//6646 2313//6646 4307//6646
f 2309//6647 4307//6647 4308//6647
f 2308//6648 2309//6648 4308//6648
f 2308//6649 4309//6649 4310//6649
f 2308//6650 4308//6650 4309//6650
f 2307//6651 2308//6651 4310//6651
f 2305//6652 2307//6652 4310//6652
f 2305//6653 4311//6653 4312//6653
f 2305//6654 4310//6654 4311//6654
f 2302//6655 2305//6655 4312//6655
f 2302//6656 4312//6656 4313//6656
f 2301//6657 2302//6657 4313//6657
f 2298//6658 2301//6658 4313//6658
f 2298//6659 4314//6659 4315//6659
f 2298//6660 4313//6660 4314//6660
f 2297//6661 2298//6661 4315//6661
f 2294//6662 2297//6662 4315//6662
f 2294//6663 4315//6663 4316//6663
f 2292//6664 2294//6664 4316//6664
f 2292//6665 4317//6665 4318//6665
f 2292//6666 4316//6666 4317//6666
f 2291//6667 2292//6667 4318//6667
f 2291//6668 4318//6668 4319//6668
f 2289//6669 2291//6669 4319//6669
f 2286//6670 2289//6670 4319//6670
f 2286//6671 4320//6671 4321//6671
f 2286//6672 4319//6672 4320//6672
f 2285//6673 2286//6673 4321//6673
f 2282//6674 2285//6674 4321//6674
f 2282//6675 4321//6675 4322//6675
f 2279//6676 2282//6676 4322//6676
f 2279//6677 4322//6677 4323//6677
f 2278//6678 2279//6678 4323//6678
f 2278//6679 4324//6679 4325//6679
f 2278//6680 4323//6680 4324//6680
f 2277//6681 2278//6681 4325//6681
f 2277//6682 4325//6682 4326//6682
f 2273//6683 2277//6683 4326//6683
f 2272//6684 4326//6684 4327//6684
f 2272//6685 2273//6685 4326//6685
f 2270//6686 4328//6686 4329//6686
f 2270//6687 4327//6687 4328//6687
f 2270//6688 2272//6688 4327//6688
f 2268//6689 2270//6689 4329//6689
f 2266//6690 4329//6690 4330//6690
f 2266//6691 2268//6691 4329//6691
f 2264//6692 2266//6692 4330//6692
f 2264//6693 4331//6693 4332//6693
f 2264//6694 4330//6694 4331//6694
f 2262//6695 2264//6695 4332//6695
f 2262//6696 4332//6696 4333//6696
f 2260//6697 2262//6697 4333//6697
f 2258//6698 2260//6698 4333//6698
f 2258//6699 4334//6699 4335//6699
f 2258//6700 4333//6700 4334//6700
f 2256//6701 2258//6701 4335//6701
f 2254//6702 2256//6702 4335//6702
f 2254//6703 4335//6703 4336//6703
f 2252//6704 2254//6704 4336//6704
f 2252//6705 4336//6705 4337//6705
f 2250//6706 2252//6706 4337//6706
f 2250//6707 4338//6707 4339//6707
f 2250//6708 4337//6708 4338//6708
f 2248//6709 2250//6709 4339//6709
f 2246//6710 2248//6710 4339//6710
f 2246//6711 4340//6711 4341//6711
f 2246//6712 4339//6712 4340//6712
f 2244//6713 2246//6713 4341//6713
f 2244//6714 4341//6714 4342//6714
f 2242//6715 2244//6715 4342//6715
f 2240//6716 2242//6716 4342//6716
f 2240//6717 4342//6717 4343//6717
f 2238//6718 2240//6718 4343//6718
f 2238//6719 4343//6719 4344//6719
f 2236//6720 4344//6720 4345//6720
f 2236//6721 2238//6721 4344//6721
f 2234//6722 4346//6722 4347//6722
f 2234//6723 4345//6723 4346//6723
f 2234//6724 2236//6724 4345//6724
f 2232//6725 2234//6725 4347//6725
f 2230//6726 4348//6726 4349//6726
f 2230//6727 4347//6727 4348//6727
f 2230//6728 2232//6728 4347//6728
f 2228//6729 4349//6729 4350//6729
f 2228//6730 2230//6730 4349//6730
f 2226//6731 4350//6731 4351//6731
f 2226//6732 2228//6732 4350//6732
f 2224//6733 2226//6733 4351//6733
f 2222//6734 4352//6734 4353//6734
f 2222//6735 4351//6735 4352//6735
f 2222//6736 2224//6736 4351//6736
f 2220//6737 2222//6737 4353//6737
f 2218//6738 4354//6738 4355//6738
f 2218//6739 4353//6739 4354//6739
f 2218//6740 2220//6740 4353//6740
f 2216//6741 2218//6741 4355//6741
f 2214//6742 2216//6742 4355//6742
f 2214//6743 4355//6743 4356//6743
f 2212//6744 2214//6744 4356//6744
f 2212//6745 4357//6745 4358//6745
f 2212//6746 4356//6746 4357//6746
f 2210//6747 2212//6747 4358//6747
f 2210//6748 4358//6748 4359//6748
f 2208//6749 2210//6749 4359//6749
f 2208//6750 4359//6750 4360//6750
f 2206//6751 2208//6751 4360//6751
f 2204//6752 2206//6752 4360//6752
f 2204//6753 4360//6753 4361//6753
f 2202//6754 2204//6754 4361//6754
f 2202//6755 4362//6755 4363//6755
f 2202//6756 4361//6756 4362//6756
f 2200//6757 2202//6757 4363//6757
f 2200//6758 4363//6758 4364//6758
f 2198//6759 2200//6759 4364//6759
f 2196//6760 4365//6760 4366//6760
f 2196//6761 4364//6761 4365//6761
f 2196//6762 2198//6762 4364//6762
f 2194//6763 2196//6763 4366//6763
f 2192//6764 4367//6764 4368//6764
f 2192//6765 4366//6765 4367//6765
f 2192//6766 2194//6766 4366//6766
f 2190//6767 4368//6767 4369//6767
f 2190//6768 2192//6768 4368//6768
f 2188//6769 2190//6769 4369//6769
f 2186//6770 4370//6770 4371//6770
f 2186//6771 4369//6771 4370//6771
f 2186//6772 2188//6772 4369//6772
f 2184//6773 4371//6773 4372//6773
f 2184//6774 2186//6774 4371//6774
f 2182//6775 2184//6775 4372//6775
f 2180//6776 4372//6776 4373//6776
f 2180//6777 2182//6777 4372//6777
f 2178//6778 4373//6778 4374//6778
f 2178//6779 2180//6779 4373//6779
f 2176//6780 4374//6780 4375//6780
f 2176//6781 2178//6781 4374//6781
f 2174//6782 4375//6782 4376//6782
f 2174//6783 2176//6783 4375//6783
f 2172//6784 4376//6784 4377//6784
f 2172//6785 2174//6785 4376//6785
f 2170//6786 4377//6786 4378//6786
f 2170//6787 2172//6787 4377//6787
f 2168//6788 4378//6788 4379//6788
f 2168//6789 2170//6789 4378//6789
f 2166//6790 4379//6790 4380//6790
f 2166//6791 2168//6791 4379//6791
f 2164//6792 2166//6792 4380//6792
f 2164//6793 4380//6793 4381//6793
f 2162//6794 2164//6794 4381//6794
f 2162//6795 4381//6795 4382//6795
f 2160//6796 2162//6796 4382//6796
f 2160//6797 4383//6797 4384//6797
f 2160//6798 4382//6798 4383//6798
f 2158//6799 2160//6799 4384//6799
f 2156//6800 2158//6800 4384//6800
f 2156//6801 4384//6801 4385//6801
f 2154//6802 4385//6802 4386//6802
f 2154//6803 2156//6803 4385//6803
f 2152//6804 4386//6804 4387//6804
f 2152//6805 2154//6805 4386//6805
f 2150//6806 4388//6806 4389//6806
f 2150//6807 4387//6807 4388//6807
f 2150//6808 2152//6808 4387//6808
f 2151//6809 2150//6809 4389//6809
f 2153//6810 4389//6810 4390//6810
f 2153//6811 2151//6811 4389//6811
f 2155//6812 4390//6812 4391//6812
f 2155//6813 2153//6813 4390//6813
f 2157//6814 4391//6814 4392//6814
f 2157//6815 2155//6815 4391//6815
f 2159//6816 4392//6816 4393//6816
f 2159//6817 2157//6817 4392//6817
f 2161//6818 4393//6818 4394//6818
f 2161//6819 2159//6819 4393//6819
f 2163//6820 4395//6820 4396//6820
f 2163//6821 4394//6821 4395//6821
f 2163//6822 2161//6822 4394//6822
f 2165//6823 4396//6823 4397//6823
f 2165//6824 2163//6824 4396//6824
f 2167//6825 2165//6825 4397//6825
f 2169//6826 4398//6826 4399//6826
f 2169//6827 4397//6827 4398//6827
f 2169//6828 2167//6828 4397//6828
f 2171//6829 2169//6829 4399//6829
f 2173//6830 4399//6830 4400//6830
f 2173//6831 2171//6831 4399//6831
f 2175//6832 4401//6832 4402//6832
f 2175//6833 4400//6833 4401//6833
f 2175//6834 2173//6834 4400//6834
f 2177//6835 2175//6835 4402//6835
f 2179//6836 4402//6836 4403//6836
f 2179//6837 2177//6837 4402//6837
f 2179//6838 4403//6838 4404//6838
f 2181//6839 2179//6839 4404//6839
f 2183//6840 2181//6840 4404//6840
f 2183//6841 4405//6841 4406//6841
f 2183//6842 4404//6842 4405//6842
f 2185//6843 4406//6843 4407//6843
f 2185//6844 2183//6844 4406//6844
f 2187//6845 2185//6845 4407//6845
f 2189//6846 2187//6846 4407//6846
f 2189//6847 4407//6847 4408//6847
f 2191//6848 2189//6848 4408//6848
f 2191//6849 4408//6849 4409//6849
f 2193//6850 2191//6850 4409//6850
f 2193//6851 4409//6851 4410//6851
f 2195//6852 2193//6852 4410//6852
f 2195//6853 4410//6853 4411//6853
f 2197//6854 2195//6854 4411//6854
f 2197//6855 4412//6855 4413//6855
f 2197//6856 4411//6856 4412//6856
f 2199//6857 2197//6857 4413//6857
f 2201//6858 2199//6858 4413//6858
f 2201//6859 4413//6859 4414//6859
f 2203//6860 2201//6860 4414//6860
f 2203//6861 4415//6861 4416//6861
f 2203//6862 4414//6862 4415//6862
f 2205//6863 2203//6863 4416//6863
f 2207//6864 2205//6864 4416//6864
f 2207//6865 4416//6865 4417//6865
f 2209//6866 2207//6866 4417//6866
f 2209//6867 4417//6867 4418//6867
f 2211//6868 2209//6868 4418//6868
f 2211//6869 4418//6869 4419//6869
f 2213//6870 2211//6870 4419//6870
f 2213//6871 4419//6871 4420//6871
f 2215//6872 2213//6872 4420//6872
f 2215//6873 4420//6873 4421//6873
f 2217//6874 2215//6874 4421//6874
f 2217//6875 4422//6875 4423//6875
f 2217//6876 4421//6876 4422//6876
f 2219//6877 2217//6877 4423//6877
f 2219//6878 4423//6878 4424//6878
f 2221//6879 2219//6879 4424//6879
f 2223//6880 2221//6880 4424//6880
f 2223//6881 4424//6881 4425//6881
f 2225//6882 4425//6882 4426//6882
f 2225//6883 2223//6883 4425//6883
f 2227//6884 4426//6884 4427//6884
f 2227//6885 2225//6885 4426//6885
f 2229//6886 4427//6886 4428//6886
f 2229//6887 2227//6887 4427//6887
f 2231//6888 4428//6888 4429//6888
f 2231//6889 2229//6889 4428//6889
f 2233//6890 4430//6890 4431//6890
f 2233//6891 4429//6891 4430//6891
f 2233//6892 2231//6892 4429//6892
f 2235//6893 2233//6893 4431//6893
f 2235//6894 4431//6894 4432//6894
f 2237//6895 2235//6895 4432//6895
f 2237//6896 4432//6896 4433//6896
f 2239//6897 2237//6897 4433//6897
f 2241//6898 2239//6898 4433//6898
f 2241//6899 4433//6899 4434//6899
f 2243//6900 2241//6900 4434//6900
f 2243//6901 4434//6901 4435//6901
f 2245//6902 2243//6902 4435//6902
f 2245//6903 4436//6903 4437//6903
f 2245//6904 4435//6904 4436//6904
f 2247//6905 2245//6905 4437//6905
f 2249//6906 2247//6906 4437//6906
f 2249//6907 4437//6907 4438//6907
f 2251//6908 2249//6908 4438//6908
f 2251//6909 4439//6909 4440//6909
f 2251//6910 4438//6910 4439//6910
f 2253//6911 2251//6911 4440//6911
f 2255//6912 2253//6912 4440//6912
f 2255//6913 4440//6913 4441//6913
f 2257//6914 2255//6914 4441//6914
f 2257//6915 4441//6915 4442//6915
f 2259//6916 2257//6916 4442//6916
f 2259//6917 4443//6917 4444//6917
f 2259//6918 4442//6918 4443//6918
f 2261//6919 2259//6919 4444//6919
f 2263//6920 2261//6920 4444//6920
f 2263//6921 4444//6921 4445//6921
f 2265//6922 4446//6922 4447//6922
f 2265//6923 4445//6923 4446//6923
f 2265//6924 2263//6924 4445//6924
f 2267//6925 4447//6925 4448//6925
f 2267//6926 2265//6926 4447//6926
f 2269//6927 4448//6927 4449//6927
f 2269//6928 2267//6928 4448//6928
f 2271//6929 2269//6929 4449//6929
f 2275//6930 4449//6930 4450//6930
f 2275//6931 2271//6931 4449//6931
f 2274//6932 4450//6932 4451//6932
f 2274//6933 2275//6933 4450//6933
f 2276//6934 4451//6934 4452//6934
f 2276//6935 2274//6935 4451//6935
f 2281//6936 4453//6936 4454//6936
f 2281//6937 4452//6937 4453//6937
f 2281//6938 2276//6938 4452//6938
f 2280//6939 2281//6939 4454//6939
f 2283//6940 4454//6940 4455//6940
f 2283//6941 2280//6941 4454//6941
f 2284//6942 4455//6942 4456//6942
f 2284//6943 2283//6943 4455//6943
f 2288//6944 4456//6944 4457//6944
f 2288//6945 2284//6945 4456//6945
f 2287//6946 2288//6946 4457//6946
f 2287//6947 4457//6947 4458//6947
f 2290//6948 2287//6948 4458//6948
f 2290//6949 4459//6949 4460//6949
f 2290//6950 4458//6950 4459//6950
f 2293//6951 2290//6951 4460//6951
f 2296//6952 2293//6952 4460//6952
f 2296//6953 4460//6953 4461//6953
f 2295//6954 2296//6954 4461//6954
f 2295//6955 4462//6955 4463//6955
f 2295//6956 4461//6956 4462//6956
f 2300//6957 2295//6957 4463//6957
f 2300//6958 4463//6958 4464//6958
f 2299//6959 2300//6959 4464//6959
f 2304//6960 2299//6960 4464//6960
f 2304//6961 4465//6961 4466//6961
f 2304//6962 4464//6962 4465//6962
f 2303//6963 2304//6963 4466//6963
f 2306//6964 4466//6964 4467//6964
f 2306//6965 2303//6965 4466//6965
f 2311//6966 4467//6966 4468//6966
f 2311//6967 2306//6967 4467//6967
f 2310//6968 4468//6968 4469//6968
f 2310//6969 2311//6969 4468//6969
f 2312//6970 4469//6970 4470//6970
f 2312//6971 2310//6971 4469//6971
f 2317//6972 4471//6972 4472//6972
f 2317//6973 4470//6973 4471//6973
f 2317//6974 2312//6974 4470//6974
f 2316//6975 4472//6975 4473//6975
f 2316//6976 2317//6976 4472//6976
f 2319//6977 2316//6977 4473//6977
f 2320//6978 4473//6978 4245//6978
f 2320//6979 2319//6979 4473//6979
f 2616//6980 2614//6980 4474//6980
f 2616//6981 4474//6981 4475//6981
f 2618//6982 4475//6982 4476//6982
f 2618//6983 2616//6983 4475//6983
f 2622//6984 4476//6984 4477//6984
f 2622//6985 2618//6985 4476//6985
f 2624//6986 4477//6986 4478//6986
f 2624//6987 2622//6987 4477//6987
f 2623//6988 4478//6988 4479//6988
f 2623//6989 2624//6989 4478//6989
f 2626//6990 4479//6990 4480//6990
f 2626//6991 2623//6991 4479//6991
f 2628//6992 4480//6992 4481//6992
f 2628//6993 2626//6993 4480//6993
f 2630//6994 4481//6994 4482//6994
f 2630//6995 2628//6995 4481//6995
f 2633//6996 4482//6996 4483//6996
f 2633//6997 2630//6997 4482//6997
f 2636//6998 2633//6998 4483//6998
f 2636//6999 4483//6999 4484//6999
f 2637//7000 2636//7000 4484//7000
f 2637//7001 4484//7001 4485//7001
f 2640//7002 2637//7002 4485//7002
f 2640//7003 4485//7003 4486//7003
f 2639//7004 2640//7004 4486//7004
f 2639//7005 4486//7005 4487//7005
f 2644//7006 2639//7006 4487//7006
f 2644//7007 4488//7007 4489//7007
f 2644//7008 4487//7008 4488//7008
f 2645//7009 2644//7009 4489//7009
f 2645//7010 4489//7010 4490//7010
f 2647//7011 2645//7011 4490//7011
f 2649//7012 2647//7012 4490//7012
f 2649//7013 4490//7013 4491//7013
f 2652//7014 2649//7014 4491//7014
f 2652//7015 4491//7015 4492//7015
f 2651//7016 4492//7016 4493//7016
f 2651//7017 2652//7017 4492//7017
f 2655//7018 4493//7018 4494//7018
f 2655//7019 2651//7019 4493//7019
f 2658//7020 4494//7020 4495//7020
f 2658//7021 2655//7021 4494//7021
f 2657//7022 4495//7022 4496//7022
f 2657//7023 2658//7023 4495//7023
f 2662//7024 4496//7024 4497//7024
f 2662//7025 2657//7025 4496//7025
f 2663//7026 4498//7026 4499//7026
f 2663//7027 4497//7027 4498//7027
f 2663//7028 2662//7028 4497//7028
f 2665//7029 2663//7029 4499//7029
f 2667//7030 4499//7030 4500//7030
f 2667//7031 2665//7031 4499//7031
f 2670//7032 4500//7032 4501//7032
f 2670//7033 2667//7033 4500//7033
f 2669//7034 4502//7034 4503//7034
f 2669//7035 4501//7035 4502//7035
f 2669//7036 2670//7036 4501//7036
f 2672//7037 2669//7037 4503//7037
f 2671//7038 4504//7038 4505//7038
f 2671//7039 4503//7039 4504//7039
f 2671//7040 2672//7040 4503//7040
f 2668//7041 2671//7041 4505//7041
f 2666//7042 4505//7042 4506//7042
f 2666//7043 2668//7043 4505//7043
f 2664//7044 4506//7044 4507//7044
f 2664//7045 2666//7045 4506//7045
f 2661//7046 4507//7046 4508//7046
f 2661//7047 2664//7047 4507//7047
f 2660//7048 2661//7048 4508//7048
f 2660//7049 4508//7049 4509//7049
f 2659//7050 2660//7050 4509//7050
f 2659//7051 4509//7051 4510//7051
f 2656//7052 2659//7052 4510//7052
f 2656//7053 4510//7053 4511//7053
f 2654//7054 2656//7054 4511//7054
f 2654//7055 4511//7055 4512//7055
f 2653//7056 4512//7056 4513//7056
f 2653//7057 2654//7057 4512//7057
f 2650//7058 4513//7058 4514//7058
f 2650//7059 2653//7059 4513//7059
f 2648//7060 4514//7060 4515//7060
f 2648//7061 2650//7061 4514//7061
f 2646//7062 4515//7062 4516//7062
f 2646//7063 2648//7063 4515//7063
f 2643//7064 4516//7064 4517//7064
f 2643//7065 2646//7065 4516//7065
f 2642//7066 4517//7066 4518//7066
f 2642//7067 2643//7067 4517//7067
f 2641//7068 4518//7068 4519//7068
f 2641//7069 2642//7069 4518//7069
f 2638//7070 4519//7070 4520//7070
f 2638//7071 2641//7071 4519//7071
f 2635//7072 4521//7072 4522//7072
f 2635//7073 4520//7073 4521//7073
f 2635//7074 2638//7074 4520//7074
f 2634//7075 2635//7075 4522//7075
f 2632//7076 4522//7076 4523//7076
f 2632//7077 2634//7077 4522//7077
f 2631//7078 4523//7078 4524//7078
f 2631//7079 2632//7079 4523//7079
f 2629//7080 4525//7080 4526//7080
f 2629//7081 4524//7081 4525//7081
f 2629//7082 2631//7082 4524//7082
f 2627//7083 2629//7083 4526//7083
f 2625//7084 4526//7084 4527//7084
f 2625//7085 2627//7085 4526//7085
f 2621//7086 4527//7086 4528//7086
f 2621//7087 2625//7087 4527//7087
f 2620//7088 4529//7088 4530//7088
f 2620//7089 4528//7089 4529//7089
f 2620//7090 2621//7090 4528//7090
f 2619//7091 4530//7091 4531//7091
f 2619//7092 2620//7092 4530//7092
f 2617//7093 2619//7093 4531//7093
f 2615//7094 2617//7094 4531//7094
f 2615//7095 4531//7095 4532//7095
f 2612//7096 2615//7096 4532//7096
f 2612//7097 4533//7097 4534//7097
f 2612//7098 4532//7098 4533//7098
f 2609//7099 2612//7099 4534//7099
f 2608//7100 2609//7100 4534//7100
f 2608//7101 4535//7101 4536//7101
f 2608//7102 4534//7102 4535//7102
f 2607//7103 2608//7103 4536//7103
f 2603//7104 2607//7104 4536//7104
f 2603//7105 4536//7105 4537//7105
f 2602//7106 2603//7106 4537//7106
f 2602//7107 4538//7107 4539//7107
f 2602//7108 4537//7108 4538//7108
f 2601//7109 2602//7109 4539//7109
f 2599//7110 2601//7110 4539//7110
f 2599//7111 4540//7111 4541//7111
f 2599//7112 4539//7112 4540//7112
f 2596//7113 2599//7113 4541//7113
f 2596//7114 4541//7114 4542//7114
f 2595//7115 2596//7115 4542//7115
f 2592//7116 2595//7116 4542//7116
f 2592//7117 4543//7117 4544//7117
f 2592//7118 4542//7118 4543//7118
f 2591//7119 2592//7119 4544//7119
f 2588//7120 2591//7120 4544//7120
f 2588//7121 4544//7121 4545//7121
f 2586//7122 2588//7122 4545//7122
f 2586//7123 4546//7123 4547//7123
f 2586//7124 4545//7124 4546//7124
f 2585//7125 2586//7125 4547//7125
f 2585//7126 4547//7126 4548//7126
f 2583//7127 2585//7127 4548//7127
f 2580//7128 2583//7128 4548//7128
f 2580//7129 4549//7129 4550//7129
f 2580//7130 4548//7130 4549//7130
f 2579//7131 2580//7131 4550//7131
f 2576//7132 2579//7132 4550//7132
f 2576//7133 4550//7133 4551//7133
f 2573//7134 2576//7134 4551//7134
f 2573//7135 4551//7135 4552//7135
f 2572//7136 2573//7136 4552//7136
f 2572//7137 4553//7137 4554//7137
f 2572//7138 4552//7138 4553//7138
f 2571//7139 2572//7139 4554//7139
f 2571//7140 4554//7140 4555//7140
f 2567//7141 2571//7141 4555//7141
f 2566//7142 4555//7142 4556//7142
f 2566//7143 2567//7143 4555//7143
f 2564//7144 4557//7144 4558//7144
f 2564//7145 4556//7145 4557//7145
f 2564//7146 2566//7146 4556//7146
f 2562//7147 2564//7147 4558//7147
f 2560//7148 4558//7148 4559//7148
f 2560//7149 2562//7149 4558//7149
f 2558//7150 2560//7150 4559//7150
f 2558//7151 4560//7151 4561//7151
f 2558//7152 4559//7152 4560//7152
f 2556//7153 2558//7153 4561//7153
f 2556//7154 4561//7154 4562//7154
f 2554//7155 2556//7155 4562//7155
f 2552//7156 2554//7156 4562//7156
f 2552//7157 4563//7157 4564//7157
f 2552//7158 4562//7158 4563//7158
f 2550//7159 2552//7159 4564//7159
f 2548//7160 2550//7160 4564//7160
f 2548//7161 4564//7161 4565//7161
f 2546//7162 2548//7162 4565//7162
f 2546//7163 4565//7163 4566//7163
f 2544//7164 2546//7164 4566//7164
f 2544//7165 4567//7165 4568//7165
f 2544//7166 4566//7166 4567//7166
f 2542//7167 2544//7167 4568//7167
f 2540//7168 2542//7168 4568//7168
f 2540//7169 4569//7169 4570//7169
f 2540//7170 4568//7170 4569//7170
f 2538//7171 2540//7171 4570//7171
f 2538//7172 4570//7172 4571//7172
f 2536//7173 2538//7173 4571//7173
f 2534//7174 2536//7174 4571//7174
f 2534//7175 4571//7175 4572//7175
f 2532//7176 2534//7176 4572//7176
f 2532//7177 4572//7177 4573//7177
f 2530//7178 4573//7178 4574//7178
f 2530//7179 2532//7179 4573//7179
f 2528//7180 4575//7180 4576//7180
f 2528//7181 4574//7181 4575//7181
f 2528//7182 2530//7182 4574//7182
f 2526//7183 2528//7183 4576//7183
f 2524//7184 4577//7184 4578//7184
f 2524//7185 4576//7185 4577//7185
f 2524//7186 2526//7186 4576//7186
f 2522//7187 4578//7187 4579//7187
f 2522//7188 2524//7188 4578//7188
f 2520//7189 4579//7189 4580//7189
f 2520//7190 2522//7190 4579//7190
f 2518//7191 2520//7191 4580//7191
f 2516//7192 4581//7192 4582//7192
f 2516//7193 4580//7193 4581//7193
f 2516//7194 2518//7194 4580//7194
f 2514//7195 2516//7195 4582//7195
f 2512//7196 4583//7196 4584//7196
f 2512//7197 4582//7197 4583//7197
f 2512//7198 2514//7198 4582//7198
f 2510//7199 2512//7199 4584//7199
f 2508//7200 2510//7200 4584//7200
f 2508//7201 4584//7201 4585//7201
f 2506//7202 2508//7202 4585//7202
f 2506//7203 4586//7203 4587//7203
f 2506//7204 4585//7204 4586//7204
f 2504//7205 2506//7205 4587//7205
f 2504//7206 4587//7206 4588//7206
f 2502//7207 2504//7207 4588//7207
f 2502//7208 4588//7208 4589//7208
f 2500//7209 2502//7209 4589//7209
f 2498//7210 2500//7210 4589//7210
f 2498//7211 4589//7211 4590//7211
f 2496//7212 2498//7212 4590//7212
f 2496//7213 4591//7213 4592//7213
f 2496//7214 4590//7214 4591//7214
f 2494//7215 2496//7215 4592//7215
f 2494//7216 4592//7216 4593//7216
f 2492//7217 2494//7217 4593//7217
f 2490//7218 4594//7218 4595//7218
f 2490//7219 4593//7219 4594//7219
f 2490//7220 2492//7220 4593//7220
f 2488//7221 2490//7221 4595//7221
f 2486//7222 4596//7222 4597//7222
f 2486//7223 4595//7223 4596//7223
f 2486//7224 2488//7224 4595//7224
f 2484//7225 4597//7225 4598//7225
f 2484//7226 2486//7226 4597//7226
f 2482//7227 2484//7227 4598//7227
f 2480//7228 4599//7228 4600//7228
f 2480//7229 4598//7229 4599//7229
f 2480//7230 2482//7230 4598//7230
f 2478//7231 4600//7231 4601//7231
f 2478//7232 2480//7232 4600//7232
f 2476//7233 2478//7233 4601//7233
f 2474//7234 4601//7234 4602//7234
f 2474//7235 2476//7235 4601//7235
f 2472//7236 4602//7236 4603//7236
f 2472//7237 2474//7237 4602//7237
f 2470//7238 4603//7238 4604//7238
f 2470//7239 2472//7239 4603//7239
f 2468//7240 4604//7240 4605//7240
f 2468//7241 2470//7241 4604//7241
f 2466//7242 4605//7242 4606//7242
f 2466//7243 2468//7243 4605//7243
f 2464//7244 4606//7244 4607//7244
f 2464//7245 2466//7245 4606//7245
f 2462//7246 4607//7246 4608//7246
f 2462//7247 2464//7247 4607//7247
f 2460//7248 4608//7248 4609//7248
f 2460//7249 2462//7249 4608//7249
f 2458//7250 2460//7250 4609//7250
f 2458//7251 4609//7251 4610//7251
f 2456//7252 2458//7252 4610//7252
f 2456//7253 4610//7253 4611//7253
f 2454//7254 2456//7254 4611//7254
f 2454//7255 4612//7255 4613//7255
f 2454//7256 4611//7256 4612//7256
f 2452//7257 2454//7257 4613//7257
f 2450//7258 2452//7258 4613//7258
f 2450//7259 4613//7259 4614//7259
f 2448//7260 4614//7260 4615//7260
f 2448//7261 2450//7261 4614//7261
f 2446//7262 4615//7262 4616//7262
f 2446//7263 2448//7263 4615//7263
f 2444//7264 4617//7264 4618//7264
f 2444//7265 4616//7265 4617//7265
f 2444//7266 2446//7266 4616//7266
f 2445//7267 2444//7267 4618//7267
f 2447//7268 4618//7268 4619//7268
f 2447//7269 2445//7269 4618//7269
f 2449//7270 4619//7270 4620//7270
f 2449//7271 2447//7271 4619//7271
f 2451//7272 4620//7272 4621//7272
f 2451//7273 2449//7273 4620//7273
f 2453//7274 4621//7274 4622//7274
f 2453//7275 2451//7275 4621//7275
f 2455//7276 4622//7276 4623//7276
f 2455//7277 2453//7277 4622//7277
f 2457//7278 4624//7278 4625//7278
f 2457//7279 4623//7279 4624//7279
f 2457//7280 2455//7280 4623//7280
f 2459//7281 4625//7281 4626//7281
f 2459//7282 2457//7282 4625//7282
f 2461//7283 2459//7283 4626//7283
f 2463//7284 4627//7284 4628//7284
f 2463//7285 4626//7285 4627//7285
f 2463//7286 2461//7286 4626//7286
f 2465//7287 2463//7287 4628//7287
f 2467//7288 4628//7288 4629//7288
f 2467//7289 2465//7289 4628//7289
f 2469//7290 4630//7290 4631//7290
f 2469//7291 4629//7291 4630//7291
f 2469//7292 2467//7292 4629//7292
f 2471//7293 2469//7293 4631//7293
f 2473//7294 4631//7294 4632//7294
f 2473//7295 2471//7295 4631//7295
f 2473//7296 4632//7296 4633//7296
f 2475//7297 2473//7297 4633//7297
f 2477//7298 2475//7298 4633//7298
f 2477//7299 4634//7299 4635//7299
f 2477//7300 4633//7300 4634//7300
f 2479//7301 4635//7301 4636//7301
f 2479//7302 2477//7302 4635//7302
f 2481//7303 2479//7303 4636//7303
f 2483//7304 2481//7304 4636//7304
f 2483//7305 4636//7305 4637//7305
f 2485//7306 2483//7306 4637//7306
f 2485//7307 4637//7307 4638//7307
f 2487//7308 2485//7308 4638//7308
f 2487//7309 4638//7309 4639//7309
f 2489//7310 2487//7310 4639//7310
f 2489//7311 4639//7311 4640//7311
f 2491//7312 2489//7312 4640//7312
f 2491//7313 4641//7313 4642//7313
f 2491//7314 4640//7314 4641//7314
f 2493//7315 2491//7315 4642//7315
f 2495//7316 2493//7316 4642//7316
f 2495//7317 4642//7317 4643//7317
f 2497//7318 2495//7318 4643//7318
f 2497//7319 4644//7319 4645//7319
f 2497//7320 4643//7320 4644//7320
f 2499//7321 2497//7321 4645//7321
f 2501//7322 2499//7322 4645//7322
f 2501//7323 4645//7323 4646//7323
f 2503//7324 2501//7324 4646//7324
f 2503//7325 4646//7325 4647//7325
f 2505//7326 2503//7326 4647//7326
f 2505//7327 4647//7327 4648//7327
f 2507//7328 2505//7328 4648//7328
f 2507//7329 4648//7329 4649//7329
f 2509//7330 2507//7330 4649//7330
f 2509//7331 4649//7331 4650//7331
f 2511//7332 2509//7332 4650//7332
f 2511//7333 4651//7333 4652//7333
f 2511//7334 4650//7334 4651//7334
f 2513//7335 2511//7335 4652//7335
f 2513//7336 4652//7336 4653//7336
f 2515//7337 2513//7337 4653//7337
f 2517//7338 2515//7338 4653//7338
f 2517//7339 4653//7339 4654//7339
f 2519//7340 4654//7340 4655//7340
f 2519//7341 2517//7341 4654//7341
f 2521//7342 4655//7342 4656//7342
f 2521//7343 2519//7343 4655//7343
f 2523//7344 4656//7344 4657//7344
f 2523//7345 2521//7345 4656//7345
f 2525//7346 4657//7346 4658//7346
f 2525//7347 2523//7347 4657//7347
f 2527//7348 4659//7348 4660//7348
f 2527//7349 4658//7349 4659//7349
f 2527//7350 2525//7350 4658//7350
f 2529//7351 2527//7351 4660//7351
f 2529//7352 4660//7352 4661//7352
f 2531//7353 2529//7353 4661//7353
f 2531//7354 4661//7354 4662//7354
f 2533//7355 2531//7355 4662//7355
f 2535//7356 2533//7356 4662//7356
f 2535//7357 4662//7357 4663//7357
f 2537//7358 2535//7358 4663//7358
f 2537//7359 4663//7359 4664//7359
f 2539//7360 2537//7360 4664//7360
f 2539//7361 4665//7361 4666//7361
f 2539//7362 4664//7362 4665//7362
f 2541//7363 2539//7363 4666//7363
f 2543//7364 2541//7364 4666//7364
f 2543//7365 4666//7365 4667//7365
f 2545//7366 2543//7366 4667//7366
f 2545//7367 4668//7367 4669//7367
f 2545//7368 4667//7368 4668//7368
f 2547//7369 2545//7369 4669//7369
f 2549//7370 2547//7370 4669//7370
f 2549//7371 4669//7371 4670//7371
f 2551//7372 2549//7372 4670//7372
f 2551//7373 4670//7373 4671//7373
f 2553//7374 2551//7374 4671//7374
f 2553//7375 4672//7375 4673//7375
f 2553//7376 4671//7376 4672//7376
f 2555//7377 2553//7377 4673//7377
f 2557//7378 2555//7378 4673//7378
f 2557//7379 4673//7379 4674//7379
f 2559//7380 4675//7380 4676//7380
f 2559//7381 4674//7381 4675//7381
f 2559//7382 2557//7382 4674//7382
f 2561//7383 4676//7383 4677//7383
f 2561//7384 2559//7384 4676//7384
f 2563//7385 4677//7385 4678//7385
f 2563//7386 2561//7386 4677//7386
f 2565//7387 2563//7387 4678//7387
f 2569//7388 4678//7388 4679//7388
f 2569//7389 2565//7389 4678//7389
f 2568//7390 4679//7390 4680//7390
f 2568//7391 2569//7391 4679//7391
f 2570//7392 4680//7392 4681//7392
f 2570//7393 2568//7393 4680//7393
f 2575//7394 4682//7394 4683//7394
f 2575//7395 4681//7395 4682//7395
f 2575//7396 2570//7396 4681//7396
f 2574//7397 2575//7397 4683//7397
f 2577//7398 4683//7398 4684//7398
f 2577//7399 2574//7399 4683//7399
f 2578//7400 4684//7400 4685//7400
f 2578//7401 2577//7401 4684//7401
f 2582//7402 4685//7402 4686//7402
f 2582//7403 2578//7403 4685//7403
f 2581//7404 2582//7404 4686//7404
f 2581//7405 4686//7405 4687//7405
f 2584//7406 2581//7406 4687//7406
f 2584//7407 4688//7407 4689//7407
f 2584//7408 4687//7408 4688//7408
f 2587//7409 2584//7409 4689//7409
f 2590//7410 2587//7410 4689//7410
f 2590//7411 4689//7411 4690//7411
f 2589//7412 2590//7412 4690//7412
f 2589//7413 4691//7413 4692//7413
f 2589//7414 4690//7414 4691//7414
f 2594//7415 2589//7415 4692//7415
f 2594//7416 4692//7416 4693//7416
f 2593//7417 2594//7417 4693//7417
f 2598//7418 2593//7418 4693//7418
f 2598//7419 4694//7419 4695//7419
f 2598//7420 4693//7420 4694//7420
f 2597//7421 2598//7421 4695//7421
f 2600//7422 4695//7422 4696//7422
f 2600//7423 2597//7423 4695//7423
f 2605//7424 4696//7424 4697//7424
f 2605//7425 2600//7425 4696//7425
f 2604//7426 4697//7426 4698//7426
f 2604//7427 2605//7427 4697//7427
f 2606//7428 4698//7428 4699//7428
f 2606//7429 2604//7429 4698//7429
f 2611//7430 4700//7430 4701//7430
f 2611//7431 4699//7431 4700//7431
f 2611//7432 2606//7432 4699//7432
f 2610//7433 4701//7433 4702//7433
f 2610//7434 2611//7434 4701//7434
f 2613//7435 2610//7435 4702//7435
f 2614//7436 4702//7436 4474//7436
f 2614//7437 2613//7437 4702//7437
f 4190//7438 2960//7438 2963//7438
f 4190//7439 2963//7439 2964//7439
f 4189//7440 2964//7440 2966//7440
f 4189//7441 2966//7441 2968//7441
f 4189//7442 4190//7442 2964//7442
f 2676//7443 2968//7443 2679//7443
f 2676//7444 4189//7444 2968//7444
f 4197//7445 2900//7445 2902//7445
f 4196//7446 2902//7446 2904//7446
f 4196//7447 4197//7447 2902//7447
f 4195//7448 2904//7448 2906//7448
f 4195//7449 4196//7449 2904//7449
f 4194//7450 2906//7450 2908//7450
f 4194//7451 2908//7451 2910//7451
f 4194//7452 4195//7452 2906//7452
f 4193//7453 2910//7453 2912//7453
f 4193//7454 4194//7454 2910//7454
f 4192//7455 2912//7455 2914//7455
f 4192//7456 4193//7456 2912//7456
f 2916//7457 4192//7457 2914//7457
f 4191//7458 4192//7458 2916//7458
f 2917//7459 4191//7459 2916//7459
f 2919//7460 4191//7460 2917//7460
f 4703//7461 2846//7461 2848//7461
f 4703//7462 2848//7462 2850//7462
f 4703//7463 2850//7463 2851//7463
f 4703//7464 2851//7464 2853//7464
f 4704//7465 2844//7465 2846//7465
f 4704//7466 2846//7466 4703//7466
f 4704//7467 4703//7467 2853//7467
f 4705//7468 2853//7468 2855//7468
f 4705//7469 2855//7469 2857//7469
f 4705//7470 2857//7470 2859//7470
f 4705//7471 4704//7471 2853//7471
f 4706//7472 4217//7472 2844//7472
f 4706//7473 2844//7473 4704//7473
f 4707//7474 2859//7474 2861//7474
f 4707//7475 2861//7475 2862//7475
f 4707//7476 2862//7476 2864//7476
f 4707//7477 4705//7477 2859//7477
f 4708//7478 4704//7478 4705//7478
f 4708//7479 4706//7479 4704//7479
f 4709//7480 4217//7480 4706//7480
f 4710//7481 4707//7481 2864//7481
f 4710//7482 4708//7482 4705//7482
f 4710//7483 4705//7483 4707//7483
f 4711//7484 4709//7484 4706//7484
f 4711//7485 4706//7485 4708//7485
f 4712//7486 4216//7486 4217//7486
f 4712//7487 4215//7487 4216//7487
f 4712//7488 4214//7488 4215//7488
f 4712//7489 4217//7489 4709//7489
f 4713//7490 2864//7490 2866//7490
f 4713//7491 2866//7491 2868//7491
f 4713//7492 4710//7492 2864//7492
f 4714//7493 4711//7493 4708//7493
f 4714//7494 4708//7494 4710//7494
f 4715//7495 4214//7495 4712//7495
f 4715//7496 4213//7496 4214//7496
f 4715//7497 4212//7497 4213//7497
f 4715//7498 4709//7498 4711//7498
f 4715//7499 4712//7499 4709//7499
f 4716//7500 2868//7500 2870//7500
f 4716//7501 2870//7501 2872//7501
f 4716//7502 2872//7502 2873//7502
f 4716//7503 4713//7503 2868//7503
f 4717//7504 4714//7504 4710//7504
f 4717//7505 4710//7505 4713//7505
f 4718//7506 4211//7506 4212//7506
f 4718//7507 4210//7507 4211//7507
f 4718//7508 4711//7508 4714//7508
f 4718//7509 4715//7509 4711//7509
f 4718//7510 4212//7510 4715//7510
f 4719//7511 4716//7511 2873//7511
f 4719//7512 2873//7512 2875//7512
f 4719//7513 4713//7513 4716//7513
f 4719//7514 4717//7514 4713//7514
f 4720//7515 4210//7515 4718//7515
f 4720//7516 4718//7516 4714//7516
f 4720//7517 4717//7517 4719//7517
f 4720//7518 4209//7518 4210//7518
f 4720//7519 4208//7519 4209//7519
f 4720//7520 4714//7520 4717//7520
f 4721//7521 4719//7521 2875//7521
f 4721//7522 2875//7522 2877//7522
f 4721//7523 2877//7523 2879//7523
f 4722//7524 4208//7524 4720//7524
f 4722//7525 4207//7525 4208//7525
f 4722//7526 4206//7526 4207//7526
f 4722//7527 4720//7527 4719//7527
f 4723//7528 4721//7528 2879//7528
f 4723//7529 2879//7529 2881//7529
f 4723//7530 2881//7530 2883//7530
f 4723//7531 2883//7531 2885//7531
f 4724//7532 4719//7532 4721//7532
f 4724//7533 4206//7533 4722//7533
f 4724//7534 4205//7534 4206//7534
f 4724//7535 4204//7535 4205//7535
f 4724//7536 4722//7536 4719//7536
f 4725//7537 2885//7537 2887//7537
f 4725//7538 2887//7538 2889//7538
f 4725//7539 4723//7539 2885//7539
f 4726//7540 4724//7540 4721//7540
f 4726//7541 4204//7541 4724//7541
f 4726//7542 4203//7542 4204//7542
f 4726//7543 4721//7543 4723//7543
f 4727//7544 4726//7544 4723//7544
f 4727//7545 4725//7545 2889//7545
f 4727//7546 2889//7546 2890//7546
f 4727//7547 4723//7547 4725//7547
f 4727//7548 4202//7548 4203//7548
f 4727//7549 4201//7549 4202//7549
f 4727//7550 4203//7550 4726//7550
f 4728//7551 2890//7551 2892//7551
f 4728//7552 2892//7552 2894//7552
f 4728//7553 2894//7553 2896//7553
f 4728//7554 4200//7554 4201//7554
f 4728//7555 4199//7555 4200//7555
f 4728//7556 4201//7556 4727//7556
f 4728//7557 4727//7557 2890//7557
f 4729//7558 4199//7558 4728//7558
f 4729//7559 4728//7559 2896//7559
f 4729//7560 2896//7560 2898//7560
f 4729//7561 2898//7561 2900//7561
f 4729//7562 4198//7562 4199//7562
f 4729//7563 4197//7563 4198//7563
f 4729//7564 2900//7564 4197//7564
f 4218//7565 3207//7565 3209//7565
f 4218//7566 3206//7566 3207//7566
f 4218//7567 3204//7567 3206//7567
f 2840//7568 4218//7568 3209//7568
f 4217//7569 2843//7569 2844//7569
f 4217//7570 2841//7570 2843//7570
f 4217//7571 2840//7571 2841//7571
f 4217//7572 4218//7572 2840//7572
f 2818//7573 4730//7573 2816//7573
f 2816//7574 4730//7574 2814//7574
f 2820//7575 4731//7575 2818//7575
f 2818//7576 4731//7576 4730//7576
f 2834//7577 4732//7577 2832//7577
f 2832//7578 4732//7578 2830//7578
f 2830//7579 4732//7579 2828//7579
f 2828//7580 4732//7580 2826//7580
f 2826//7581 4732//7581 2824//7581
f 2824//7582 4732//7582 2822//7582
f 2822//7583 4732//7583 2820//7583
f 2820//7584 4732//7584 4731//7584
f 3232//7585 3234//7585 4733//7585
f 4734//7586 3230//7586 4733//7586
f 4733//7587 3230//7587 3232//7587
f 4735//7588 3228//7588 4734//7588
f 4734//7589 3228//7589 3230//7589
f 4735//7590 3226//7590 3228//7590
f 4735//7591 3224//7591 3226//7591
f 4735//7592 3222//7592 3224//7592
f 4735//7593 3220//7593 3222//7593
f 4735//7594 3218//7594 3220//7594
f 4735//7595 3216//7595 3218//7595
f 4735//7596 3214//7596 3216//7596
f 2840//7597 3209//7597 3210//7597
f 2840//7598 3210//7598 2838//7598
f 2838//7599 3210//7599 2836//7599
f 2836//7600 3210//7600 3212//7600
f 2836//7601 3212//7601 2834//7601
f 2834//7602 3212//7602 3214//7602
f 2834//7603 3214//7603 4732//7603
f 4732//7604 3214//7604 4735//7604
f 2812//7605 2814//7605 4730//7605
f 2811//7606 4730//7606 4731//7606
f 2811//7607 2812//7607 4730//7607
f 2809//7608 4731//7608 4732//7608
f 2809//7609 2811//7609 4731//7609
f 2806//7610 2809//7610 4732//7610
f 2804//7611 2806//7611 4732//7611
f 2802//7612 2804//7612 4732//7612
f 2800//7613 2802//7613 4732//7613
f 2798//7614 2800//7614 4732//7614
f 2796//7615 2798//7615 4732//7615
f 2794//7616 2796//7616 4732//7616
f 2792//7617 2794//7617 4732//7617
f 2790//7618 2792//7618 4732//7618
f 2787//7619 2790//7619 4732//7619
f 4735//7620 2787//7620 4732//7620
f 3246//7621 4735//7621 3244//7621
f 3248//7622 4735//7622 3246//7622
f 3250//7623 4735//7623 3248//7623
f 3252//7624 4735//7624 3250//7624
f 3253//7625 4735//7625 3252//7625
f 3255//7626 4735//7626 3253//7626
f 3258//7627 4735//7627 3255//7627
f 3260//7628 4735//7628 3258//7628
f 3019//7629 2787//7629 4735//7629
f 3019//7630 4735//7630 3260//7630
f 2927//7631 4736//7631 2928//7631
f 4736//7632 4737//7632 2928//7632
f 2928//7633 4737//7633 2929//7633
f 2926//7634 4738//7634 2927//7634
f 2927//7635 4738//7635 4736//7635
f 2929//7636 4739//7636 2930//7636
f 4737//7637 4739//7637 2929//7637
f 2926//7638 4740//7638 4738//7638
f 2925//7639 4740//7639 2926//7639
f 2930//7640 4741//7640 2931//7640
f 4739//7641 4741//7641 2930//7641
f 2924//7642 4742//7642 2925//7642
f 2925//7643 4742//7643 4740//7643
f 4741//7644 4743//7644 2931//7644
f 2931//7645 4743//7645 2932//7645
f 2924//7646 4744//7646 4742//7646
f 2923//7647 4744//7647 2924//7647
f 2932//7648 4745//7648 2933//7648
f 4743//7649 4745//7649 2932//7649
f 2922//7650 4746//7650 2923//7650
f 2923//7651 4746//7651 4744//7651
f 2933//7652 4747//7652 2934//7652
f 4745//7653 4747//7653 2933//7653
f 2922//7654 4748//7654 4746//7654
f 2921//7655 4748//7655 2922//7655
f 2934//7656 4749//7656 2935//7656
f 4747//7657 4749//7657 2934//7657
f 2921//7658 4750//7658 4748//7658
f 2920//7659 4750//7659 2921//7659
f 2935//7660 4751//7660 2936//7660
f 4749//7661 4751//7661 2935//7661
f 2918//7662 4752//7662 2920//7662
f 2920//7663 4752//7663 4750//7663
f 4751//7664 4753//7664 2936//7664
f 2936//7665 4753//7665 2937//7665
f 2918//7666 4754//7666 4752//7666
f 2915//7667 4754//7667 2918//7667
f 2937//7668 4755//7668 2938//7668
f 4753//7669 4755//7669 2937//7669
f 2913//7670 4756//7670 2915//7670
f 2915//7671 4756//7671 4754//7671
f 2938//7672 4757//7672 2939//7672
f 4755//7673 4757//7673 2938//7673
f 2913//7674 4758//7674 4756//7674
f 2911//7675 4758//7675 2913//7675
f 4757//7676 4759//7676 2939//7676
f 2939//7677 4759//7677 2940//7677
f 2911//7678 4760//7678 4758//7678
f 2909//7679 4760//7679 2911//7679
f 2940//7680 4761//7680 2941//7680
f 4759//7681 4761//7681 2940//7681
f 2909//7682 4762//7682 4760//7682
f 2907//7683 4762//7683 2909//7683
f 2941//7684 4763//7684 2942//7684
f 4761//7685 4763//7685 2941//7685
f 2907//7686 4764//7686 4762//7686
f 2905//7687 4764//7687 2907//7687
f 2942//7688 4765//7688 2943//7688
f 4763//7689 4765//7689 2942//7689
f 2903//7690 4766//7690 2905//7690
f 2905//7691 4766//7691 4764//7691
f 4765//7692 4767//7692 2943//7692
f 2943//7693 4767//7693 2944//7693
f 2901//7694 4768//7694 2903//7694
f 2903//7695 4768//7695 4766//7695
f 2944//7696 4769//7696 2945//7696
f 4767//7697 4769//7697 2944//7697
f 2899//7698 4770//7698 2901//7698
f 2901//7699 4770//7699 4768//7699
f 4769//7700 4771//7700 2945//7700
f 2945//7701 4771//7701 2946//7701
f 2897//7702 4772//7702 2899//7702
f 2899//7703 4772//7703 4770//7703
f 2946//7704 4773//7704 2947//7704
f 4771//7705 4773//7705 2946//7705
f 2895//7706 4774//7706 2897//7706
f 2897//7707 4774//7707 4772//7707
f 4773//7708 4775//7708 2947//7708
f 2947//7709 4775//7709 2948//7709
f 2893//7710 4776//7710 2895//7710
f 2895//7711 4776//7711 4774//7711
f 2948//7712 4777//7712 2949//7712
f 4775//7713 4777//7713 2948//7713
f 2891//7714 4778//7714 2893//7714
f 2893//7715 4778//7715 4776//7715
f 4777//7716 4779//7716 2949//7716
f 2949//7717 4779//7717 2950//7717
f 2891//7718 4780//7718 4778//7718
f 2888//7719 4780//7719 2891//7719
f 4779//7720 4781//7720 2950//7720
f 2950//7721 4781//7721 2951//7721
f 2886//7722 4782//7722 2888//7722
f 2888//7723 4782//7723 4780//7723
f 2951//7724 4783//7724 2952//7724
f 4781//7725 4783//7725 2951//7725
f 2886//7726 4784//7726 4782//7726
f 2884//7727 4784//7727 2886//7727
f 4783//7728 4785//7728 2952//7728
f 2952//7729 4785//7729 2953//7729
f 2882//7730 4786//7730 2884//7730
f 2884//7731 4786//7731 4784//7731
f 2953//7732 4787//7732 2954//7732
f 4785//7733 4787//7733 2953//7733
f 2880//7734 4788//7734 2882//7734
f 2882//7735 4788//7735 4786//7735
f 4787//7736 4789//7736 2954//7736
f 2954//7737 4789//7737 2955//7737
f 2878//7738 4790//7738 2880//7738
f 2880//7739 4790//7739 4788//7739
f 4789//7740 4791//7740 2955//7740
f 2955//7741 4791//7741 2956//7741
f 2876//7742 4792//7742 2878//7742
f 2878//7743 4792//7743 4790//7743
f 2956//7744 4793//7744 2957//7744
f 4791//7745 4793//7745 2956//7745
f 2874//7746 4794//7746 2876//7746
f 2876//7747 4794//7747 4792//7747
f 4793//7748 4795//7748 2957//7748
f 2957//7749 4795//7749 2958//7749
f 2874//7750 4796//7750 4794//7750
f 2871//7751 4796//7751 2874//7751
f 2958//7752 4797//7752 2959//7752
f 4795//7753 4797//7753 2958//7753
f 2871//7754 4798//7754 4796//7754
f 2869//7755 4798//7755 2871//7755
f 4797//7756 4799//7756 2959//7756
f 2959//7757 4799//7757 2961//7757
f 2867//7758 4800//7758 2869//7758
f 2869//7759 4800//7759 4798//7759
f 2961//7760 4801//7760 2962//7760
f 4799//7761 4801//7761 2961//7761
f 2865//7762 4802//7762 2867//7762
f 2867//7763 4802//7763 4800//7763
f 4801//7764 4803//7764 2962//7764
f 2962//7765 4803//7765 2965//7765
f 2863//7766 4804//7766 2865//7766
f 2865//7767 4804//7767 4802//7767
f 4803//7768 4805//7768 2965//7768
f 2965//7769 4805//7769 2967//7769
f 2863//7770 4806//7770 4804//7770
f 4805//7771 4807//7771 2967//7771
f 2967//7772 4807//7772 2969//7772
f 2858//7773 4808//7773 2860//7773
f 2860//7774 4808//7774 2863//7774
f 2863//7775 4808//7775 4806//7775
f 2969//7776 4809//7776 2970//7776
f 4807//7777 4809//7777 2969//7777
f 2856//7778 4810//7778 2858//7778
f 2858//7779 4810//7779 4808//7779
f 4809//7780 4811//7780 2970//7780
f 2970//7781 4811//7781 2971//7781
f 2856//7782 4812//7782 4810//7782
f 4811//7783 4813//7783 2971//7783
f 2971//7784 4813//7784 2972//7784
f 2854//7785 4814//7785 2856//7785
f 2856//7786 4814//7786 4812//7786
f 4813//7787 4815//7787 2972//7787
f 2972//7788 4815//7788 2973//7788
f 2849//7789 4816//7789 2852//7789
f 2852//7790 4816//7790 2854//7790
f 2854//7791 4816//7791 4814//7791
f 4815//7792 4817//7792 2973//7792
f 2973//7793 4817//7793 2974//7793
f 2847//7794 4818//7794 2849//7794
f 2849//7795 4818//7795 4816//7795
f 4817//7796 4819//7796 2974//7796
f 2974//7797 4819//7797 2975//7797
f 2847//7798 4820//7798 4818//7798
f 4819//7799 4821//7799 2975//7799
f 2975//7800 4821//7800 2976//7800
f 2845//7801 4822//7801 2847//7801
f 2847//7802 4822//7802 4820//7802
f 4821//7803 4823//7803 2976//7803
f 2976//7804 4823//7804 2977//7804
f 2845//7805 4824//7805 4822//7805
f 2839//7806 4824//7806 2842//7806
f 2842//7807 4824//7807 2845//7807
f 4823//7808 4825//7808 2977//7808
f 2977//7809 4825//7809 2978//7809
f 2839//7810 4826//7810 4824//7810
f 2837//7811 4826//7811 2839//7811
f 4825//7812 4827//7812 2978//7812
f 2978//7813 4827//7813 2979//7813
f 2837//7814 4828//7814 4826//7814
f 4827//7815 4829//7815 2979//7815
f 2979//7816 4829//7816 2980//7816
f 2837//7817 4830//7817 4828//7817
f 2833//7818 4830//7818 2835//7818
f 2835//7819 4830//7819 2837//7819
f 4829//7820 4831//7820 2980//7820
f 2980//7821 4831//7821 2981//7821
f 2833//7822 4832//7822 4830//7822
f 2831//7823 4832//7823 2833//7823
f 4831//7824 4833//7824 2981//7824
f 2981//7825 4833//7825 2982//7825
f 2831//7826 4834//7826 4832//7826
f 2829//7827 4834//7827 2831//7827
f 4833//7828 4835//7828 2982//7828
f 2982//7829 4835//7829 2983//7829
f 2829//7830 4836//7830 4834//7830
f 2827//7831 4836//7831 2829//7831
f 4835//7832 4837//7832 2983//7832
f 2983//7833 4837//7833 2984//7833
f 2827//7834 4838//7834 4836//7834
f 2825//7835 4838//7835 2827//7835
f 4837//7836 4839//7836 2984//7836
f 2984//7837 4839//7837 2985//7837
f 2825//7838 4840//7838 4838//7838
f 2823//7839 4840//7839 2825//7839
f 4839//7840 4841//7840 2985//7840
f 2985//7841 4841//7841 2986//7841
f 2823//7842 4842//7842 4840//7842
f 2823//7843 2821//7843 4842//7843
f 4841//7844 4843//7844 2986//7844
f 2986//7845 4843//7845 2987//7845
f 2821//7846 4844//7846 4842//7846
f 4843//7847 4845//7847 2987//7847
f 2987//7848 4845//7848 2988//7848
f 2819//7849 4846//7849 2821//7849
f 2821//7850 4846//7850 4844//7850
f 4845//7851 2989//7851 2988//7851
f 4845//7852 4847//7852 2989//7852
f 2819//7853 4848//7853 4846//7853
f 2817//7854 4848//7854 2819//7854
f 4847//7855 4849//7855 2989//7855
f 2989//7856 4849//7856 2990//7856
f 2815//7857 4850//7857 2817//7857
f 2817//7858 4850//7858 4848//7858
f 4849//7859 2991//7859 2990//7859
f 4851//7860 2991//7860 4849//7860
f 2815//7861 2813//7861 4850//7861
f 4850//7862 2813//7862 4852//7862
f 4851//7863 2992//7863 2991//7863
f 4853//7864 2992//7864 4851//7864
f 2813//7865 2810//7865 4852//7865
f 4852//7866 2810//7866 4854//7866
f 4853//7867 2993//7867 2992//7867
f 4855//7868 2993//7868 4853//7868
f 2810//7869 2808//7869 4854//7869
f 4854//7870 2808//7870 4856//7870
f 4855//7871 2994//7871 2993//7871
f 4857//7872 2994//7872 4855//7872
f 4857//7873 4858//7873 2994//7873
f 2808//7874 2807//7874 4856//7874
f 4856//7875 2807//7875 4859//7875
f 4860//7876 2995//7876 4858//7876
f 4858//7877 2995//7877 2994//7877
f 2807//7878 2805//7878 4859//7878
f 4859//7879 2805//7879 4861//7879
f 4860//7880 2996//7880 2995//7880
f 4862//7881 2996//7881 4860//7881
f 2805//7882 2803//7882 4861//7882
f 4861//7883 2803//7883 4863//7883
f 4862//7884 2997//7884 2996//7884
f 2803//7885 2801//7885 4863//7885
f 4863//7886 2801//7886 4864//7886
f 4865//7887 2998//7887 4866//7887
f 4866//7888 2998//7888 4862//7888
f 4862//7889 2998//7889 2997//7889
f 2801//7890 2799//7890 4864//7890
f 4864//7891 2799//7891 4867//7891
f 4868//7892 2999//7892 4865//7892
f 4865//7893 2999//7893 2998//7893
f 2799//7894 2797//7894 4867//7894
f 4867//7895 2797//7895 4869//7895
f 4868//7896 3000//7896 2999//7896
f 4869//7897 2795//7897 4870//7897
f 2797//7898 2795//7898 4869//7898
f 4871//7899 3001//7899 4872//7899
f 4872//7900 3001//7900 4868//7900
f 4868//7901 3001//7901 3000//7901
f 4870//7902 2793//7902 4873//7902
f 2795//7903 2793//7903 4870//7903
f 4871//7904 3002//7904 3001//7904
f 2793//7905 2791//7905 4873//7905
f 4873//7906 2791//7906 4874//7906
f 4871//7907 3003//7907 3002//7907
f 4875//7908 3003//7908 4871//7908
f 2791//7909 2789//7909 4874//7909
f 4874//7910 2789//7910 4876//7910
f 4875//7911 3004//7911 3003//7911
f 4877//7912 3004//7912 4875//7912
f 2789//7913 2788//7913 4876//7913
f 4876//7914 2788//7914 4878//7914
f 4877//7915 3005//7915 3004//7915
f 4879//7916 3005//7916 4877//7916
f 2788//7917 2786//7917 4878//7917
f 4878//7918 2786//7918 4880//7918
f 4881//7919 3006//7919 4882//7919
f 4882//7920 3006//7920 4879//7920
f 4879//7921 3006//7921 3005//7921
f 2786//7922 2785//7922 4880//7922
f 4880//7923 2785//7923 4883//7923
f 4881//7924 3007//7924 3006//7924
f 4884//7925 3007//7925 4881//7925
f 2785//7926 2784//7926 4883//7926
f 4883//7927 2784//7927 4885//7927
f 4886//7928 3008//7928 4884//7928
f 4884//7929 3008//7929 3007//7929
f 2784//7930 2783//7930 4885//7930
f 4885//7931 2783//7931 4887//7931
f 4886//7932 3009//7932 3008//7932
f 2783//7933 2782//7933 4887//7933
f 4887//7934 2782//7934 4888//7934
f 4889//7935 3010//7935 4890//7935
f 4890//7936 3010//7936 4886//7936
f 4886//7937 3010//7937 3009//7937
f 2782//7938 2781//7938 4888//7938
f 4888//7939 2781//7939 4891//7939
f 4889//7940 3011//7940 3010//7940
f 2781//7941 2780//7941 4891//7941
f 4891//7942 2780//7942 4892//7942
f 4893//7943 3012//7943 4894//7943
f 4894//7944 3012//7944 4889//7944
f 4889//7945 3012//7945 3011//7945
f 4892//7946 2779//7946 4895//7946
f 4895//7947 2779//7947 4896//7947
f 2780//7948 2779//7948 4892//7948
f 4893//7949 3013//7949 3012//7949
f 2779//7950 2778//7950 4896//7950
f 4897//7951 3014//7951 4893//7951
f 4893//7952 3014//7952 3013//7952
f 2778//7953 2777//7953 4896//7953
f 4896//7954 2777//7954 4898//7954
f 4899//7955 3015//7955 4900//7955
f 4900//7956 3015//7956 4897//7956
f 4897//7957 3015//7957 3014//7957
f 2777//7958 2776//7958 4898//7958
f 4898//7959 2776//7959 4901//7959
f 4901//7960 2776//7960 4902//7960
f 4899//7961 3016//7961 3015//7961
f 2776//7962 2775//7962 4902//7962
f 4902//7963 2775//7963 4903//7963
f 4904//7964 3017//7964 4899//7964
f 4899//7965 3017//7965 3016//7965
f 2775//7966 2774//7966 4903//7966
f 4904//7967 3018//7967 3017//7967
f 4905//7968 3018//7968 4906//7968
f 4906//7969 3018//7969 4904//7969
f 2774//7970 2773//7970 4903//7970
f 4903//7971 2773//7971 4907//7971
f 4905//7972 2715//7972 3018//7972
f 2773//7973 2772//7973 4907//7973
f 4907//7974 2772//7974 4908//7974
f 4905//7975 2716//7975 2715//7975
f 4909//7976 2716//7976 4910//7976
f 4910//7977 2716//7977 4905//7977
f 2772//7978 2771//7978 4908//7978
f 4908//7979 2771//7979 4911//7979
f 4912//7980 2717//7980 4909//7980
f 4909//7981 2717//7981 2716//7981
f 4913//7982 2770//7982 4914//7982
f 4911//7983 2770//7983 4913//7983
f 2771//7984 2770//7984 4911//7984
f 4915//7985 2718//7985 4912//7985
f 4912//7986 2718//7986 2717//7986
f 2770//7987 2769//7987 4914//7987
f 4915//7988 2719//7988 2718//7988
f 4914//7989 2768//7989 4916//7989
f 2769//7990 2768//7990 4914//7990
f 4915//7991 2720//7991 2719//7991
f 4917//7992 2720//7992 4915//7992
f 4916//7993 2767//7993 4918//7993
f 2768//7994 2767//7994 4916//7994
f 4919//7995 2721//7995 4920//7995
f 4920//7996 2721//7996 4917//7996
f 4917//7997 2721//7997 2720//7997
f 4918//7998 2766//7998 4921//7998
f 2767//7999 2766//7999 4918//7999
f 4922//8000 2722//8000 4919//8000
f 4919//8001 2722//8001 2721//8001
f 4921//8002 2765//8002 4923//8002
f 4923//8003 2765//8003 4924//8003
f 2766//8004 2765//8004 4921//8004
f 4925//8005 2723//8005 4922//8005
f 4922//8006 2723//8006 2722//8006
f 2765//8007 2764//8007 4924//8007
f 4926//8008 2724//8008 4925//8008
f 4925//8009 2724//8009 2723//8009
f 4924//8010 2763//8010 4927//8010
f 2764//8011 2763//8011 4924//8011
f 4926//8012 2725//8012 2724//8012
f 4927//8013 2762//8013 4928//8013
f 2763//8014 2762//8014 4927//8014
f 4929//8015 2726//8015 4926//8015
f 4926//8016 2726//8016 2725//8016
f 4928//8017 2761//8017 4930//8017
f 2762//8018 2761//8018 4928//8018
f 4931//8019 2727//8019 4929//8019
f 4929//8020 2727//8020 2726//8020
f 4930//8021 2760//8021 4932//8021
f 2761//8022 2760//8022 4930//8022
f 4933//8023 2728//8023 4931//8023
f 4931//8024 2728//8024 2727//8024
f 4932//8025 2759//8025 4934//8025
f 4934//8026 2759//8026 4935//8026
f 2760//8027 2759//8027 4932//8027
f 4936//8028 2729//8028 4933//8028
f 4933//8029 2729//8029 2728//8029
f 2759//8030 2758//8030 4935//8030
f 4936//8031 2730//8031 2729//8031
f 4937//8032 2730//8032 4938//8032
f 4938//8033 2730//8033 4936//8033
f 2758//8034 2757//8034 4935//8034
f 4935//8035 2757//8035 4939//8035
f 4937//8036 2731//8036 2730//8036
f 4940//8037 2731//8037 4937//8037
f 4939//8038 2756//8038 4941//8038
f 2757//8039 2756//8039 4939//8039
f 4940//8040 2732//8040 2731//8040
f 2756//8041 2755//8041 4941//8041
f 4941//8042 2755//8042 4942//8042
f 4943//8043 2733//8043 4944//8043
f 4944//8044 2733//8044 4940//8044
f 4940//8045 2733//8045 2732//8045
f 4942//8046 2754//8046 4945//8046
f 2755//8047 2754//8047 4942//8047
f 4943//8048 2734//8048 2733//8048
f 4945//8049 2753//8049 4946//8049
f 2754//8050 2753//8050 4945//8050
f 4947//8051 2735//8051 4943//8051
f 4943//8052 2735//8052 2734//8052
f 4946//8053 2752//8053 4948//8053
f 4948//8054 2752//8054 4949//8054
f 2753//8055 2752//8055 4946//8055
f 4947//8056 2736//8056 2735//8056
f 4950//8057 2736//8057 4947//8057
f 2752//8058 2751//8058 4949//8058
f 4950//8059 2737//8059 2736//8059
f 4951//8060 2737//8060 4952//8060
f 4952//8061 2737//8061 4950//8061
f 4949//8062 2750//8062 4953//8062
f 2751//8063 2750//8063 4949//8063
f 4951//8064 2738//8064 2737//8064
f 4953//8065 2749//8065 4954//8065
f 2750//8066 2749//8066 4953//8066
f 4955//8067 2739//8067 4951//8067
f 4951//8068 2739//8068 2738//8068
f 4954//8069 2748//8069 4956//8069
f 2749//8070 2748//8070 4954//8070
f 4957//8071 2740//8071 4958//8071
f 4958//8072 2740//8072 4955//8072
f 4955//8073 2740//8073 2739//8073
f 4956//8074 2747//8074 4959//8074
f 2748//8075 2747//8075 4956//8075
f 4957//8076 2741//8076 2740//8076
f 4959//8077 2746//8077 4960//8077
f 2747//8078 2746//8078 4959//8078
f 4957//8079 2742//8079 2741//8079
f 4961//8080 2742//8080 4962//8080
f 4962//8081 2742//8081 4957//8081
f 4960//8082 2745//8082 4963//8082
f 4963//8083 2745//8083 4964//8083
f 2746//8084 2745//8084 4960//8084
f 4961//8085 2743//8085 2742//8085
f 4964//8086 2743//8086 4961//8086
f 4964//8087 2744//8087 2743//8087
f 2745//8088 2744//8088 4964//8088
f 3236//8089 4734//8089 4733//8089
f 3236//8090 4733//8090 3234//8090
f 3238//8091 4735//8091 4734//8091
f 3238//8092 4734//8092 3236//8092
f 3240//8093 4735//8093 3238//8093
f 3242//8094 4735//8094 3240//8094
f 3244//8095 4735//8095 3242//8095
f 4219//8096 3119//8096 3122//8096
f 4219//8097 3122//8097 3124//8097
f 4220//8098 3124//8098 3125//8098
f 4220//8099 3125//8099 3127//8099
f 4220//8100 4219//8100 3124//8100
f 4221//8101 3127//8101 3129//8101
f 4221//8102 3129//8102 3131//8102
f 4221//8103 4220//8103 3127//8103
f 4222//8104 3131//8104 3133//8104
f 4222//8105 4221//8105 3131//8105
f 4223//8106 4222//8106 3133//8106
f 4223//8107 3133//8107 3134//8107
f 4223//8108 3134//8108 3136//8108
f 4224//8109 3136//8109 3138//8109
f 4224//8110 3138//8110 3140//8110
f 4224//8111 4223//8111 3136//8111
f 4225//8112 3140//8112 3141//8112
f 4225//8113 4224//8113 3140//8113
f 4965//8114 3141//8114 3143//8114
f 4965//8115 3143//8115 3145//8115
f 4965//8116 3145//8116 3147//8116
f 4965//8117 4225//8117 3141//8117
f 4965//8118 4226//8118 4225//8118
f 4965//8119 4227//8119 4226//8119
f 4966//8120 3154//8120 3155//8120
f 4966//8121 3155//8121 3157//8121
f 4967//8122 3147//8122 3148//8122
f 4967//8123 3148//8123 3150//8123
f 4967//8124 3150//8124 3152//8124
f 4967//8125 4228//8125 4227//8125
f 4967//8126 4229//8126 4228//8126
f 4967//8127 4965//8127 3147//8127
f 4967//8128 4227//8128 4965//8128
f 4968//8129 4966//8129 3157//8129
f 4968//8130 3157//8130 3159//8130
f 4968//8131 3159//8131 3161//8131
f 4968//8132 3161//8132 3162//8132
f 4968//8133 3162//8133 3164//8133
f 4969//8134 3154//8134 4966//8134
f 4969//8135 3152//8135 3154//8135
f 4969//8136 4967//8136 3152//8136
f 4969//8137 4229//8137 4967//8137
f 4969//8138 4230//8138 4229//8138
f 4969//8139 4231//8139 4230//8139
f 4970//8140 3169//8140 3171//8140
f 4970//8141 3171//8141 3173//8141
f 4970//8142 3173//8142 3174//8142
f 4970//8143 3174//8143 3176//8143
f 4971//8144 3164//8144 3166//8144
f 4971//8145 3166//8145 3167//8145
f 4971//8146 3167//8146 3169//8146
f 4971//8147 4968//8147 3164//8147
f 4972//8148 4968//8148 4971//8148
f 4972//8149 4966//8149 4968//8149
f 4972//8150 4232//8150 4231//8150
f 4972//8151 4969//8151 4966//8151
f 4972//8152 4231//8152 4969//8152
f 4973//8153 3181//8153 3183//8153
f 4973//8154 3183//8154 3184//8154
f 4973//8155 3184//8155 3186//8155
f 4973//8156 3186//8156 3188//8156
f 4974//8157 4970//8157 3176//8157
f 4974//8158 3176//8158 3178//8158
f 4974//8159 3178//8159 3179//8159
f 4974//8160 3179//8160 3181//8160
f 4975//8161 3169//8161 4970//8161
f 4975//8162 4971//8162 3169//8162
f 4976//8163 4232//8163 4972//8163
f 4976//8164 4971//8164 4975//8164
f 4976//8165 4972//8165 4971//8165
f 4976//8166 4233//8166 4232//8166
f 4976//8167 4234//8167 4233//8167
f 4977//8168 3193//8168 3195//8168
f 4977//8169 3195//8169 3196//8169
f 4977//8170 3196//8170 3198//8170
f 4977//8171 3198//8171 3200//8171
f 4977//8172 3200//8172 3201//8172
f 4977//8173 3201//8173 3203//8173
f 4978//8174 4973//8174 3188//8174
f 4978//8175 3188//8175 3190//8175
f 4978//8176 3190//8176 3191//8176
f 4978//8177 3191//8177 3193//8177
f 4979//8178 3181//8178 4973//8178
f 4979//8179 4974//8179 3181//8179
f 4980//8180 4975//8180 4970//8180
f 4980//8181 4970//8181 4974//8181
f 4981//8182 4976//8182 4975//8182
f 4981//8183 4235//8183 4234//8183
f 4981//8184 4236//8184 4235//8184
f 4981//8185 4234//8185 4976//8185
f 4982//8186 4978//8186 3193//8186
f 4982//8187 3203//8187 3204//8187
f 4982//8188 4977//8188 3203//8188
f 4982//8189 3193//8189 4977//8189
f 4983//8190 4979//8190 4973//8190
f 4983//8191 4973//8191 4978//8191
f 4984//8192 4980//8192 4974//8192
f 4984//8193 4979//8193 4983//8193
f 4984//8194 4974//8194 4979//8194
f 4985//8195 4975//8195 4980//8195
f 4985//8196 4981//8196 4975//8196
f 4985//8197 4236//8197 4981//8197
f 4985//8198 4237//8198 4236//8198
f 4985//8199 4238//8199 4237//8199
f 4986//8200 4983//8200 4978//8200
f 4986//8201 4978//8201 4982//8201
f 4986//8202 3204//8202 4218//8202
f 4986//8203 4982//8203 3204//8203
f 4987//8204 4984//8204 4983//8204
f 4988//8205 4985//8205 4980//8205
f 4988//8206 4980//8206 4984//8206
f 4988//8207 4238//8207 4985//8207
f 4988//8208 4239//8208 4238//8208
f 4988//8209 4240//8209 4239//8209
f 4989//8210 4983//8210 4986//8210
f 4989//8211 4987//8211 4983//8211
f 4989//8212 4986//8212 4218//8212
f 4990//8213 4988//8213 4984//8213
f 4990//8214 4240//8214 4988//8214
f 4990//8215 4241//8215 4240//8215
f 4990//8216 4242//8216 4241//8216
f 4990//8217 4984//8217 4987//8217
f 4991//8218 4987//8218 4989//8218
f 4991//8219 4242//8219 4990//8219
f 4991//8220 4990//8220 4987//8220
f 4991//8221 4989//8221 4218//8221
f 4991//8222 4243//8222 4242//8222
f 4991//8223 4244//8223 4243//8223
f 4991//8224 4218//8224 4244//8224
f 3231//8225 4992//8225 3233//8225
f 4992//8226 4993//8226 3233//8226
f 3233//8227 4993//8227 3235//8227
f 3229//8228 4994//8228 3231//8228
f 3231//8229 4994//8229 4992//8229
f 3235//8230 4995//8230 3237//8230
f 4993//8231 4995//8231 3235//8231
f 3229//8232 4996//8232 4994//8232
f 3227//8233 4996//8233 3229//8233
f 3237//8234 4997//8234 3239//8234
f 4995//8235 4997//8235 3237//8235
f 3225//8236 4998//8236 3227//8236
f 3227//8237 4998//8237 4996//8237
f 4997//8238 4999//8238 3239//8238
f 3239//8239 4999//8239 3241//8239
f 3225//8240 5000//8240 4998//8240
f 3223//8241 5000//8241 3225//8241
f 3241//8242 5001//8242 3243//8242
f 4999//8243 5001//8243 3241//8243
f 3221//8244 5002//8244 3223//8244
f 3223//8245 5002//8245 5000//8245
f 3243//8246 5003//8246 3245//8246
f 5001//8247 5003//8247 3243//8247
f 3221//8248 5004//8248 5002//8248
f 3219//8249 5004//8249 3221//8249
f 3245//8250 5005//8250 3247//8250
f 5003//8251 5005//8251 3245//8251
f 3219//8252 5006//8252 5004//8252
f 3217//8253 5006//8253 3219//8253
f 3247//8254 5007//8254 3249//8254
f 5005//8255 5007//8255 3247//8255
f 3215//8256 5008//8256 3217//8256
f 3217//8257 5008//8257 5006//8257
f 5007//8258 5009//8258 3249//8258
f 3249//8259 5009//8259 3251//8259
f 3215//8260 5010//8260 5008//8260
f 3213//8261 5010//8261 3215//8261
f 3251//8262 5011//8262 3254//8262
f 5009//8263 5011//8263 3251//8263
f 3211//8264 5012//8264 3213//8264
f 3213//8265 5012//8265 5010//8265
f 3254//8266 5013//8266 3256//8266
f 5011//8267 5013//8267 3254//8267
f 3211//8268 5014//8268 5012//8268
f 3208//8269 5014//8269 3211//8269
f 5013//8270 5015//8270 3256//8270
f 3256//8271 5015//8271 3257//8271
f 3208//8272 5016//8272 5014//8272
f 3205//8273 5016//8273 3208//8273
f 3257//8274 5017//8274 3259//8274
f 5015//8275 5017//8275 3257//8275
f 3205//8276 5018//8276 5016//8276
f 3202//8277 5018//8277 3205//8277
f 3259//8278 5019//8278 3261//8278
f 5017//8279 5019//8279 3259//8279
f 3202//8280 5020//8280 5018//8280
f 3199//8281 5020//8281 3202//8281
f 3261//8282 5021//8282 3262//8282
f 5019//8283 5021//8283 3261//8283
f 3197//8284 5022//8284 3199//8284
f 3199//8285 5022//8285 5020//8285
f 5021//8286 5023//8286 3262//8286
f 3262//8287 5023//8287 3263//8287
f 3194//8288 5024//8288 3197//8288
f 3197//8289 5024//8289 5022//8289
f 3263//8290 5025//8290 3264//8290
f 5023//8291 5025//8291 3263//8291
f 3192//8292 5026//8292 3194//8292
f 3194//8293 5026//8293 5024//8293
f 5025//8294 5027//8294 3264//8294
f 3264//8295 5027//8295 3265//8295
f 3189//8296 5028//8296 3192//8296
f 3192//8297 5028//8297 5026//8297
f 3265//8298 5029//8298 3266//8298
f 5027//8299 5029//8299 3265//8299
f 3187//8300 5030//8300 3189//8300
f 3189//8301 5030//8301 5028//8301
f 5029//8302 5031//8302 3266//8302
f 3266//8303 5031//8303 3267//8303
f 3185//8304 5032//8304 3187//8304
f 3187//8305 5032//8305 5030//8305
f 3267//8306 5033//8306 3268//8306
f 5031//8307 5033//8307 3267//8307
f 3182//8308 5034//8308 3185//8308
f 3185//8309 5034//8309 5032//8309
f 5033//8310 5035//8310 3268//8310
f 3268//8311 5035//8311 3269//8311
f 3182//8312 5036//8312 5034//8312
f 3180//8313 5036//8313 3182//8313
f 5035//8314 5037//8314 3269//8314
f 3269//8315 5037//8315 3270//8315
f 3177//8316 5038//8316 3180//8316
f 3180//8317 5038//8317 5036//8317
f 3270//8318 5039//8318 3271//8318
f 5037//8319 5039//8319 3270//8319
f 3177//8320 5040//8320 5038//8320
f 3175//8321 5040//8321 3177//8321
f 5039//8322 5041//8322 3271//8322
f 3271//8323 5041//8323 3272//8323
f 3172//8324 5042//8324 3175//8324
f 3175//8325 5042//8325 5040//8325
f 3272//8326 5043//8326 3273//8326
f 5041//8327 5043//8327 3272//8327
f 3170//8328 5044//8328 3172//8328
f 3172//8329 5044//8329 5042//8329
f 5043//8330 5045//8330 3273//8330
f 3273//8331 5045//8331 3274//8331
f 3168//8332 5046//8332 3170//8332
f 3170//8333 5046//8333 5044//8333
f 5045//8334 5047//8334 3274//8334
f 3274//8335 5047//8335 3275//8335
f 3165//8336 5048//8336 3168//8336
f 3168//8337 5048//8337 5046//8337
f 3275//8338 5049//8338 3276//8338
f 5047//8339 5049//8339 3275//8339
f 3163//8340 5050//8340 3165//8340
f 3165//8341 5050//8341 5048//8341
f 5049//8342 5051//8342 3276//8342
f 3276//8343 5051//8343 3277//8343
f 3163//8344 5052//8344 5050//8344
f 3160//8345 5052//8345 3163//8345
f 3277//8346 5053//8346 3278//8346
f 5051//8347 5053//8347 3277//8347
f 3160//8348 5054//8348 5052//8348
f 3158//8349 5054//8349 3160//8349
f 5053//8350 5055//8350 3278//8350
f 3278//8351 5055//8351 3279//8351
f 3156//8352 5056//8352 3158//8352
f 3158//8353 5056//8353 5054//8353
f 3279//8354 5057//8354 3280//8354
f 5055//8355 5057//8355 3279//8355
f 3153//8356 5058//8356 3156//8356
f 3156//8357 5058//8357 5056//8357
f 5057//8358 5059//8358 3280//8358
f 3280//8359 5059//8359 3281//8359
f 3151//8360 5060//8360 3153//8360
f 3153//8361 5060//8361 5058//8361
f 5059//8362 5061//8362 3281//8362
f 3281//8363 5061//8363 3282//8363
f 3151//8364 5062//8364 5060//8364
f 5061//8365 5063//8365 3282//8365
f 3282//8366 5063//8366 3283//8366
f 3146//8367 5064//8367 3149//8367
f 3149//8368 5064//8368 3151//8368
f 3151//8369 5064//8369 5062//8369
f 3283//8370 5065//8370 3284//8370
f 5063//8371 5065//8371 3283//8371
f 3144//8372 5066//8372 3146//8372
f 3146//8373 5066//8373 5064//8373
f 5065//8374 5067//8374 3284//8374
f 3284//8375 5067//8375 3285//8375
f 3144//8376 5068//8376 5066//8376
f 5067//8377 5069//8377 3285//8377
f 3285//8378 5069//8378 3286//8378
f 3142//8379 5070//8379 3144//8379
f 3144//8380 5070//8380 5068//8380
f 5069//8381 5071//8381 3286//8381
f 3286//8382 5071//8382 3287//8382
f 3137//8383 5072//8383 3139//8383
f 3139//8384 5072//8384 3142//8384
f 3142//8385 5072//8385 5070//8385
f 5071//8386 5073//8386 3287//8386
f 3287//8387 5073//8387 3288//8387
f 3135//8388 5074//8388 3137//8388
f 3137//8389 5074//8389 5072//8389
f 5073//8390 5075//8390 3288//8390
f 3288//8391 5075//8391 3289//8391
f 3135//8392 5076//8392 5074//8392
f 5075//8393 5077//8393 3289//8393
f 3289//8394 5077//8394 3290//8394
f 3132//8395 5078//8395 3135//8395
f 3135//8396 5078//8396 5076//8396
f 5077//8397 5079//8397 3290//8397
f 3290//8398 5079//8398 3291//8398
f 3132//8399 5080//8399 5078//8399
f 3128//8400 5080//8400 3130//8400
f 3130//8401 5080//8401 3132//8401
f 5079//8402 5081//8402 3291//8402
f 3291//8403 5081//8403 3292//8403
f 3128//8404 5082//8404 5080//8404
f 3126//8405 5082//8405 3128//8405
f 5081//8406 5083//8406 3292//8406
f 3292//8407 5083//8407 3293//8407
f 3126//8408 5084//8408 5082//8408
f 5083//8409 5085//8409 3293//8409
f 3293//8410 5085//8410 3294//8410
f 3126//8411 5086//8411 5084//8411
f 3121//8412 5086//8412 3123//8412
f 3123//8413 5086//8413 3126//8413
f 5085//8414 5087//8414 3294//8414
f 3294//8415 5087//8415 3295//8415
f 3121//8416 5088//8416 5086//8416
f 3120//8417 5088//8417 3121//8417
f 5087//8418 5089//8418 3295//8418
f 3295//8419 5089//8419 3296//8419
f 3120//8420 5090//8420 5088//8420
f 3118//8421 5090//8421 3120//8421
f 5089//8422 5091//8422 3296//8422
f 3296//8423 5091//8423 3297//8423
f 3118//8424 5092//8424 5090//8424
f 3117//8425 5092//8425 3118//8425
f 5091//8426 5093//8426 3297//8426
f 3297//8427 5093//8427 3298//8427
f 3117//8428 5094//8428 5092//8428
f 3116//8429 5094//8429 3117//8429
f 5093//8430 5095//8430 3298//8430
f 3298//8431 5095//8431 3299//8431
f 3116//8432 5096//8432 5094//8432
f 3115//8433 5096//8433 3116//8433
f 5095//8434 5097//8434 3299//8434
f 3299//8435 5097//8435 3300//8435
f 3115//8436 5098//8436 5096//8436
f 3115//8437 3114//8437 5098//8437
f 5097//8438 5099//8438 3300//8438
f 3300//8439 5099//8439 3301//8439
f 3114//8440 5100//8440 5098//8440
f 5099//8441 5101//8441 3301//8441
f 3301//8442 5101//8442 3302//8442
f 3113//8443 5102//8443 3114//8443
f 3114//8444 5102//8444 5100//8444
f 5101//8445 3303//8445 3302//8445
f 5101//8446 5103//8446 3303//8446
f 3113//8447 5104//8447 5102//8447
f 3112//8448 5104//8448 3113//8448
f 5103//8449 5105//8449 3303//8449
f 3303//8450 5105//8450 3304//8450
f 3111//8451 5106//8451 3112//8451
f 3112//8452 5106//8452 5104//8452
f 5105//8453 3305//8453 3304//8453
f 5107//8454 3305//8454 5105//8454
f 3111//8455 3110//8455 5106//8455
f 5106//8456 3110//8456 5108//8456
f 5107//8457 3306//8457 3305//8457
f 5109//8458 3306//8458 5107//8458
f 3110//8459 3109//8459 5108//8459
f 5108//8460 3109//8460 5110//8460
f 5109//8461 3307//8461 3306//8461
f 5111//8462 3307//8462 5109//8462
f 3109//8463 3108//8463 5110//8463
f 5110//8464 3108//8464 5112//8464
f 5111//8465 3308//8465 3307//8465
f 5113//8466 3308//8466 5111//8466
f 5113//8467 5114//8467 3308//8467
f 3108//8468 3107//8468 5112//8468
f 5112//8469 3107//8469 5115//8469
f 5116//8470 3309//8470 5114//8470
f 5114//8471 3309//8471 3308//8471
f 3107//8472 3106//8472 5115//8472
f 5115//8473 3106//8473 5117//8473
f 5116//8474 3310//8474 3309//8474
f 5118//8475 3310//8475 5116//8475
f 3106//8476 3105//8476 5117//8476
f 5117//8477 3105//8477 5119//8477
f 5118//8478 3311//8478 3310//8478
f 3105//8479 3104//8479 5119//8479
f 5119//8480 3104//8480 5120//8480
f 5121//8481 3312//8481 5122//8481
f 5122//8482 3312//8482 5118//8482
f 5118//8483 3312//8483 3311//8483
f 3104//8484 3103//8484 5120//8484
f 5120//8485 3103//8485 5123//8485
f 5124//8486 3313//8486 5121//8486
f 5121//8487 3313//8487 3312//8487
f 3103//8488 3102//8488 5123//8488
f 5123//8489 3102//8489 5125//8489
f 5124//8490 3314//8490 3313//8490
f 5125//8491 3101//8491 5126//8491
f 3102//8492 3101//8492 5125//8492
f 5127//8493 3315//8493 5128//8493
f 5128//8494 3315//8494 5124//8494
f 5124//8495 3315//8495 3314//8495
f 5126//8496 3100//8496 5129//8496
f 3101//8497 3100//8497 5126//8497
f 5127//8498 3316//8498 3315//8498
f 3100//8499 3099//8499 5129//8499
f 5129//8500 3099//8500 5130//8500
f 5127//8501 3317//8501 3316//8501
f 5131//8502 3317//8502 5127//8502
f 3099//8503 3098//8503 5130//8503
f 5130//8504 3098//8504 5132//8504
f 5131//8505 3318//8505 3317//8505
f 5133//8506 3318//8506 5131//8506
f 3098//8507 3097//8507 5132//8507
f 5132//8508 3097//8508 5134//8508
f 5133//8509 3319//8509 3318//8509
f 5135//8510 3319//8510 5133//8510
f 3097//8511 3096//8511 5134//8511
f 5134//8512 3096//8512 5136//8512
f 5137//8513 3320//8513 5138//8513
f 5138//8514 3320//8514 5135//8514
f 5135//8515 3320//8515 3319//8515
f 3096//8516 3095//8516 5136//8516
f 5136//8517 3095//8517 5139//8517
f 5137//8518 3321//8518 3320//8518
f 5140//8519 3321//8519 5137//8519
f 3095//8520 3094//8520 5139//8520
f 5139//8521 3094//8521 5141//8521
f 5142//8522 3322//8522 5140//8522
f 5140//8523 3322//8523 3321//8523
f 3094//8524 3093//8524 5141//8524
f 5141//8525 3093//8525 5143//8525
f 5142//8526 3323//8526 3322//8526
f 3093//8527 3092//8527 5143//8527
f 5143//8528 3092//8528 5144//8528
f 5145//8529 3324//8529 5146//8529
f 5146//8530 3324//8530 5142//8530
f 5142//8531 3324//8531 3323//8531
f 3092//8532 3091//8532 5144//8532
f 5144//8533 3091//8533 5147//8533
f 5145//8534 3325//8534 3324//8534
f 3091//8535 3090//8535 5147//8535
f 5147//8536 3090//8536 5148//8536
f 5149//8537 3326//8537 5150//8537
f 5150//8538 3326//8538 5145//8538
f 5145//8539 3326//8539 3325//8539
f 5148//8540 3089//8540 5151//8540
f 5151//8541 3089//8541 5152//8541
f 3090//8542 3089//8542 5148//8542
f 5149//8543 3327//8543 3326//8543
f 3089//8544 3088//8544 5152//8544
f 5153//8545 3328//8545 5149//8545
f 5149//8546 3328//8546 3327//8546
f 3088//8547 3087//8547 5152//8547
f 5152//8548 3087//8548 5154//8548
f 5155//8549 3329//8549 5156//8549
f 5156//8550 3329//8550 5153//8550
f 5153//8551 3329//8551 3328//8551
f 3087//8552 3086//8552 5154//8552
f 5154//8553 3086//8553 5157//8553
f 5157//8554 3086//8554 5158//8554
f 5155//8555 3330//8555 3329//8555
f 3086//8556 3085//8556 5158//8556
f 5158//8557 3085//8557 5159//8557
f 5160//8558 3331//8558 5155//8558
f 5155//8559 3331//8559 3330//8559
f 3085//8560 3084//8560 5159//8560
f 5160//8561 3332//8561 3331//8561
f 5161//8562 3332//8562 5162//8562
f 5162//8563 3332//8563 5160//8563
f 3084//8564 3083//8564 5159//8564
f 5159//8565 3083//8565 5163//8565
f 5161//8566 3020//8566 3332//8566
f 3083//8567 3082//8567 5163//8567
f 5163//8568 3082//8568 5164//8568
f 5161//8569 3021//8569 3020//8569
f 5165//8570 3021//8570 5166//8570
f 5166//8571 3021//8571 5161//8571
f 3082//8572 3081//8572 5164//8572
f 5164//8573 3081//8573 5167//8573
f 5168//8574 3022//8574 5165//8574
f 5165//8575 3022//8575 3021//8575
f 5169//8576 3080//8576 5170//8576
f 5167//8577 3080//8577 5169//8577
f 3081//8578 3080//8578 5167//8578
f 5171//8579 3023//8579 5168//8579
f 5168//8580 3023//8580 3022//8580
f 3080//8581 3078//8581 5170//8581
f 5171//8582 3024//8582 3023//8582
f 5170//8583 3076//8583 5172//8583
f 3078//8584 3076//8584 5170//8584
f 5171//8585 3025//8585 3024//8585
f 5173//8586 3025//8586 5171//8586
f 5172//8587 3074//8587 5174//8587
f 3076//8588 3074//8588 5172//8588
f 5175//8589 3026//8589 5176//8589
f 5176//8590 3026//8590 5173//8590
f 5173//8591 3026//8591 3025//8591
f 5174//8592 3072//8592 5177//8592
f 3074//8593 3072//8593 5174//8593
f 5178//8594 3027//8594 5175//8594
f 5175//8595 3027//8595 3026//8595
f 5177//8596 3070//8596 5179//8596
f 5179//8597 3070//8597 5180//8597
f 3072//8598 3070//8598 5177//8598
f 5181//8599 3028//8599 5178//8599
f 5178//8600 3028//8600 3027//8600
f 3070//8601 3069//8601 5180//8601
f 5182//8602 3029//8602 5181//8602
f 5181//8603 3029//8603 3028//8603
f 5180//8604 3068//8604 5183//8604
f 3069//8605 3068//8605 5180//8605
f 5182//8606 3030//8606 3029//8606
f 5183//8607 3067//8607 5184//8607
f 3068//8608 3067//8608 5183//8608
f 5185//8609 3031//8609 5182//8609
f 5182//8610 3031//8610 3030//8610
f 5184//8611 3066//8611 5186//8611
f 3067//8612 3066//8612 5184//8612
f 5187//8613 3032//8613 5185//8613
f 5185//8614 3032//8614 3031//8614
f 5186//8615 3065//8615 5188//8615
f 3066//8616 3065//8616 5186//8616
f 5189//8617 3033//8617 5187//8617
f 5187//8618 3033//8618 3032//8618
f 5188//8619 3064//8619 5190//8619
f 5190//8620 3064//8620 5191//8620
f 3065//8621 3064//8621 5188//8621
f 5192//8622 3034//8622 5189//8622
f 5189//8623 3034//8623 3033//8623
f 3064//8624 3063//8624 5191//8624
f 5192//8625 3035//8625 3034//8625
f 5193//8626 3035//8626 5194//8626
f 5194//8627 3035//8627 5192//8627
f 3063//8628 3062//8628 5191//8628
f 5191//8629 3062//8629 5195//8629
f 5193//8630 3036//8630 3035//8630
f 5196//8631 3036//8631 5193//8631
f 5195//8632 3061//8632 5197//8632
f 3062//8633 3061//8633 5195//8633
f 5196//8634 3037//8634 3036//8634
f 3061//8635 3060//8635 5197//8635
f 5197//8636 3060//8636 5198//8636
f 5199//8637 3038//8637 5200//8637
f 5200//8638 3038//8638 5196//8638
f 5196//8639 3038//8639 3037//8639
f 5198//8640 3059//8640 5201//8640
f 3060//8641 3059//8641 5198//8641
f 5199//8642 3039//8642 3038//8642
f 5201//8643 3058//8643 5202//8643
f 3059//8644 3058//8644 5201//8644
f 5203//8645 3040//8645 5199//8645
f 5199//8646 3040//8646 3039//8646
f 5202//8647 3057//8647 5204//8647
f 5204//8648 3057//8648 5205//8648
f 3058//8649 3057//8649 5202//8649
f 5203//8650 3041//8650 3040//8650
f 5206//8651 3041//8651 5203//8651
f 3057//8652 3056//8652 5205//8652
f 5206//8653 3042//8653 3041//8653
f 5207//8654 3042//8654 5208//8654
f 5208//8655 3042//8655 5206//8655
f 5205//8656 3055//8656 5209//8656
f 3056//8657 3055//8657 5205//8657
f 5207//8658 3043//8658 3042//8658
f 5209//8659 3054//8659 5210//8659
f 3055//8660 3054//8660 5209//8660
f 5211//8661 3044//8661 5207//8661
f 5207//8662 3044//8662 3043//8662
f 5210//8663 3053//8663 5212//8663
f 3054//8664 3053//8664 5210//8664
f 5213//8665 3045//8665 5214//8665
f 5214//8666 3045//8666 5211//8666
f 5211//8667 3045//8667 3044//8667
f 5212//8668 3052//8668 5215//8668
f 3053//8669 3052//8669 5212//8669
f 5213//8670 3046//8670 3045//8670
f 5215//8671 3051//8671 5216//8671
f 3052//8672 3051//8672 5215//8672
f 5213//8673 3047//8673 3046//8673
f 5217//8674 3047//8674 5218//8674
f 5218//8675 3047//8675 5213//8675
f 5216//8676 3050//8676 5219//8676
f 5219//8677 3050//8677 5220//8677
f 3051//8678 3050//8678 5216//8678
f 5217//8679 3048//8679 3047//8679
f 5220//8680 3048//8680 5217//8680
f 5220//8681 3049//8681 3048//8681
f 3050//8682 3049//8682 5220//8682
f 5221//8683 3978//8683 3979//8683
f 5222//8684 3979//8684 3980//8684
f 5222//8685 3980//8685 3981//8685
f 5222//8686 5221//8686 3979//8686
f 5223//8687 3977//8687 3978//8687
f 5223//8688 3978//8688 5221//8688
f 5224//8689 5222//8689 3981//8689
f 5224//8690 3981//8690 3982//8690
f 5225//8691 3976//8691 3977//8691
f 5225//8692 3977//8692 5223//8692
f 5226//8693 5224//8693 3982//8693
f 5226//8694 3982//8694 3983//8694
f 5227//8695 3974//8695 3975//8695
f 5227//8696 3975//8696 3976//8696
f 5227//8697 3976//8697 5225//8697
f 5228//8698 3983//8698 3984//8698
f 5228//8699 3984//8699 3985//8699
f 5228//8700 5226//8700 3983//8700
f 5229//8701 3973//8701 3974//8701
f 5229//8702 3974//8702 5227//8702
f 5230//8703 3985//8703 3986//8703
f 5230//8704 5228//8704 3985//8704
f 5231//8705 3972//8705 3973//8705
f 5231//8706 3973//8706 5229//8706
f 5232//8707 5230//8707 3986//8707
f 5232//8708 3986//8708 3987//8708
f 5233//8709 3970//8709 3971//8709
f 5233//8710 3971//8710 3972//8710
f 5233//8711 3972//8711 5231//8711
f 5234//8712 5232//8712 3987//8712
f 5234//8713 3987//8713 3988//8713
f 5234//8714 3988//8714 3989//8714
f 5235//8715 3970//8715 5233//8715
f 5235//8716 3969//8716 3970//8716
f 5236//8717 3989//8717 3990//8717
f 5236//8718 5234//8718 3989//8718
f 5237//8719 3969//8719 5235//8719
f 5237//8720 3968//8720 3969//8720
f 5238//8721 5236//8721 3990//8721
f 5238//8722 3990//8722 3991//8722
f 5239//8723 3966//8723 3967//8723
f 5239//8724 3967//8724 3968//8724
f 5239//8725 3968//8725 5237//8725
f 5240//8726 3991//8726 3992//8726
f 5240//8727 3992//8727 3993//8727
f 5240//8728 5238//8728 3991//8728
f 5241//8729 3966//8729 5239//8729
f 5241//8730 3965//8730 3966//8730
f 5242//8731 5240//8731 3993//8731
f 5242//8732 3993//8732 3994//8732
f 5243//8733 3964//8733 3965//8733
f 5243//8734 3965//8734 5241//8734
f 5244//8735 5242//8735 3994//8735
f 5244//8736 3994//8736 3995//8736
f 5245//8737 3963//8737 3964//8737
f 5245//8738 3964//8738 5243//8738
f 5246//8739 3995//8739 3996//8739
f 5246//8740 5244//8740 3995//8740
f 5247//8741 3961//8741 3962//8741
f 5247//8742 3962//8742 3963//8742
f 5247//8743 3963//8743 5245//8743
f 5248//8744 3996//8744 3997//8744
f 5248//8745 3997//8745 3998//8745
f 5248//8746 5246//8746 3996//8746
f 5249//8747 3960//8747 3961//8747
f 5249//8748 3961//8748 5247//8748
f 5250//8749 3998//8749 3999//8749
f 5250//8750 5248//8750 3998//8750
f 5251//8751 3959//8751 3960//8751
f 5251//8752 3960//8752 5249//8752
f 5252//8753 3999//8753 4000//8753
f 5252//8754 5250//8754 3999//8754
f 5253//8755 3957//8755 3958//8755
f 5253//8756 3958//8756 3959//8756
f 5253//8757 3959//8757 5251//8757
f 5254//8758 4000//8758 4001//8758
f 5254//8759 4001//8759 4002//8759
f 5254//8760 5252//8760 4000//8760
f 5255//8761 3956//8761 3957//8761
f 5255//8762 3957//8762 5253//8762
f 5256//8763 5254//8763 4002//8763
f 5256//8764 4002//8764 4003//8764
f 5257//8765 3955//8765 3956//8765
f 5257//8766 3956//8766 5255//8766
f 5258//8767 4003//8767 4004//8767
f 5258//8768 5256//8768 4003//8768
f 5259//8769 3954//8769 3955//8769
f 5259//8770 3955//8770 5257//8770
f 5260//8771 4004//8771 4005//8771
f 5260//8772 5258//8772 4004//8772
f 5261//8773 3952//8773 3953//8773
f 5261//8774 3953//8774 3954//8774
f 5261//8775 3954//8775 5259//8775
f 5262//8776 4005//8776 4006//8776
f 5262//8777 4006//8777 4007//8777
f 5262//8778 5260//8778 4005//8778
f 5263//8779 3951//8779 3952//8779
f 5263//8780 3952//8780 5261//8780
f 5264//8781 5262//8781 4007//8781
f 5264//8782 4007//8782 4008//8782
f 5265//8783 3949//8783 3951//8783
f 5265//8784 3951//8784 5263//8784
f 5266//8785 5264//8785 4008//8785
f 5267//8786 3949//8786 5265//8786
f 5268//8787 5266//8787 4008//8787
f 5269//8788 3949//8788 5267//8788
f 5270//8789 5268//8789 4008//8789
f 5271//8790 3949//8790 5269//8790
f 5272//8791 5270//8791 4008//8791
f 5273//8792 3949//8792 5271//8792
f 5274//8793 5272//8793 4008//8793
f 5275//8794 3949//8794 5273//8794
f 5276//8795 5274//8795 4008//8795
f 5277//8796 3950//8796 3949//8796
f 5277//8797 3949//8797 5275//8797
f 5278//8798 5276//8798 4008//8798
f 5279//8799 3950//8799 5277//8799
f 5280//8800 5278//8800 4008//8800
f 5281//8801 3950//8801 5279//8801
f 5282//8802 5280//8802 4008//8802
f 5283//8803 3950//8803 5281//8803
f 5284//8804 5282//8804 4008//8804
f 5285//8805 3950//8805 5283//8805
f 5286//8806 5284//8806 4008//8806
f 5287//8807 3950//8807 5285//8807
f 5288//8808 5286//8808 4008//8808
f 5289//8809 3950//8809 5287//8809
f 5290//8810 5288//8810 4008//8810
f 5291//8811 5292//8811 3950//8811
f 5291//8812 3950//8812 5289//8812
f 5293//8813 5290//8813 4008//8813
f 5294//8814 5295//8814 5292//8814
f 5294//8815 5292//8815 5291//8815
f 5296//8816 5293//8816 4008//8816
f 5297//8817 5298//8817 5295//8817
f 5297//8818 5299//8818 5298//8818
f 5297//8819 5295//8819 5294//8819
f 5300//8820 5296//8820 4008//8820
f 5301//8821 5302//8821 5299//8821
f 5301//8822 5299//8822 5297//8822
f 5303//8823 5300//8823 4008//8823
f 5304//8824 5305//8824 5302//8824
f 5304//8825 5302//8825 5301//8825
f 5306//8826 5303//8826 4008//8826
f 5307//8827 5308//8827 5305//8827
f 5307//8828 5305//8828 5304//8828
f 5309//8829 5306//8829 4008//8829
f 5310//8830 5311//8830 5308//8830
f 5310//8831 5312//8831 5311//8831
f 5310//8832 5308//8832 5307//8832
f 5313//8833 5309//8833 4008//8833
f 5314//8834 5315//8834 5312//8834
f 5314//8835 5312//8835 5310//8835
f 5316//8836 5313//8836 4008//8836
f 5317//8837 5318//8837 5315//8837
f 5317//8838 5315//8838 5314//8838
f 5319//8839 5316//8839 4008//8839
f 5320//8840 5321//8840 5318//8840
f 5320//8841 5318//8841 5317//8841
f 5322//8842 5319//8842 4008//8842
f 5323//8843 5321//8843 5320//8843
f 5323//8844 5324//8844 5321//8844
f 5323//8845 5325//8845 5324//8845
f 5326//8846 5322//8846 4008//8846
f 5327//8847 5325//8847 5323//8847
f 5327//8848 5328//8848 5325//8848
f 5329//8849 5326//8849 4008//8849
f 5330//8850 5328//8850 5327//8850
f 5330//8851 5331//8851 5328//8851
f 5332//8852 5329//8852 4008//8852
f 5333//8853 5331//8853 5330//8853
f 5333//8854 5334//8854 5331//8854
f 5333//8855 5335//8855 5334//8855
f 5336//8856 5332//8856 4008//8856
f 5337//8857 5335//8857 5333//8857
f 5337//8858 5338//8858 5335//8858
f 5339//8859 5336//8859 4008//8859
f 5340//8860 5338//8860 5337//8860
f 5340//8861 5341//8861 5338//8861
f 5342//8862 5339//8862 4008//8862
f 5343//8863 5341//8863 5340//8863
f 5343//8864 5344//8864 5341//8864
f 5345//8865 5342//8865 4008//8865
f 5346//8866 5344//8866 5343//8866
f 5346//8867 5347//8867 5344//8867
f 5346//8868 5348//8868 5347//8868
f 5349//8869 5345//8869 4008//8869
f 5350//8870 5348//8870 5346//8870
f 5350//8871 5351//8871 5348//8871
f 5352//8872 5349//8872 4008//8872
f 5353//8873 5351//8873 5350//8873
f 5353//8874 5354//8874 5351//8874
f 5355//8875 5354//8875 5353//8875
f 5355//8876 5356//8876 5354//8876
f 5355//8877 5357//8877 5356//8877
f 5358//8878 5359//8878 5357//8878
f 5358//8879 5357//8879 5355//8879
f 5360//8880 5359//8880 5358//8880
f 5361//8881 5359//8881 5360//8881
f 5362//8882 5361//8882 5360//8882
f 5363//8883 5361//8883 5362//8883
f 5364//8884 5362//8884 5365//8884
f 5364//8885 5363//8885 5362//8885
f 5366//8886 5365//8886 5367//8886
f 5366//8887 5367//8887 5368//8887
f 5366//8888 5368//8888 5369//8888
f 5366//8889 5364//8889 5365//8889
f 5370//8890 5366//8890 5369//8890
f 5371//8891 5366//8891 5370//8891
f 5372//8892 5366//8892 5371//8892
f 5373//8893 5366//8893 5372//8893
f 5374//8894 5366//8894 5373//8894
f 5374//8895 5373//8895 5375//8895
f 5374//8896 5375//8896 5376//8896
f 5374//8897 5376//8897 5377//8897
f 5374//8898 5377//8898 5378//8898
f 5374//8899 5378//8899 5379//8899
f 5374//8900 5379//8900 5380//8900
f 5374//8901 5380//8901 5381//8901
f 5374//8902 5381//8902 5382//8902
f 5383//8903 5382//8903 5384//8903
f 5383//8904 5374//8904 5382//8904
f 5385//8905 5383//8905 5384//8905
f 5386//8906 5385//8906 5384//8906
f 5386//8907 5384//8907 5387//8907
f 5388//8908 5387//8908 5389//8908
f 5388//8909 5386//8909 5387//8909
f 5390//8910 5388//8910 5389//8910
f 5390//8911 5389//8911 5391//8911
f 5392//8912 5390//8912 5391//8912
f 5393//8913 5392//8913 5391//8913
f 5393//8914 5391//8914 5394//8914
f 3564//8915 5394//8915 5395//8915
f 3564//8916 5395//8916 5396//8916
f 3564//8917 5396//8917 5397//8917
f 3564//8918 5397//8918 5398//8918
f 3564//8919 5398//8919 5399//8919
f 3564//8920 5399//8920 5400//8920
f 3564//8921 5400//8921 5401//8921
f 3564//8922 5401//8922 5402//8922
f 3564//8923 5402//8923 5403//8923
f 3564//8924 5403//8924 5404//8924
f 3564//8925 5404//8925 5405//8925
f 3564//8926 5405//8926 5406//8926
f 3564//8927 5406//8927 5407//8927
f 3564//8928 5407//8928 5408//8928
f 3564//8929 5408//8929 5409//8929
f 3564//8930 5409//8930 5410//8930
f 3564//8931 5410//8931 5411//8931
f 3564//8932 5411//8932 5412//8932
f 3564//8933 5412//8933 5413//8933
f 3564//8934 5413//8934 5414//8934
f 3564//8935 5414//8935 5415//8935
f 3564//8936 5393//8936 5394//8936
f 3477//8937 3476//8937 5416//8937
f 3477//8938 5416//8938 5417//8938
f 3475//8939 5416//8939 3476//8939
f 3475//8940 5418//8940 5416//8940
f 3478//8941 3477//8941 5417//8941
f 3478//8942 5417//8942 5419//8942
f 3474//8943 5420//8943 5418//8943
f 3474//8944 5418//8944 3475//8944
f 3479//8945 3478//8945 5419//8945
f 3473//8946 5420//8946 3474//8946
f 3480//8947 3479//8947 5419//8947
f 3480//8948 5419//8948 5421//8948
f 3472//8949 5422//8949 5420//8949
f 3472//8950 5420//8950 3473//8950
f 3481//8951 3480//8951 5421//8951
f 3481//8952 5421//8952 5423//8952
f 3471//8953 5422//8953 3472//8953
f 3482//8954 3481//8954 5423//8954
f 3470//8955 5422//8955 3471//8955
f 3470//8956 5424//8956 5422//8956
f 3483//8957 5423//8957 5425//8957
f 3483//8958 3482//8958 5423//8958
f 3469//8959 5424//8959 3470//8959
f 3469//8960 5426//8960 5424//8960
f 3484//8961 3483//8961 5425//8961
f 3484//8962 5425//8962 5427//8962
f 3468//8963 5426//8963 3469//8963
f 3485//8964 3484//8964 5427//8964
f 3467//8965 5426//8965 3468//8965
f 3467//8966 5428//8966 5426//8966
f 3486//8967 3485//8967 5427//8967
f 3486//8968 5427//8968 5429//8968
f 3466//8969 5428//8969 3467//8969
f 3466//8970 5430//8970 5428//8970
f 3487//8971 3486//8971 5429//8971
f 3487//8972 5429//8972 5431//8972
f 3465//8973 5430//8973 3466//8973
f 3488//8974 3487//8974 5431//8974
f 3464//8975 5430//8975 3465//8975
f 3464//8976 5432//8976 5430//8976
f 3489//8977 3488//8977 5431//8977
f 3489//8978 5431//8978 5433//8978
f 3463//8979 5432//8979 3464//8979
f 3490//8980 3489//8980 5433//8980
f 3490//8981 5433//8981 5434//8981
f 3462//8982 5432//8982 3463//8982
f 3462//8983 5435//8983 5432//8983
f 3491//8984 3490//8984 5434//8984
f 3461//8985 5435//8985 3462//8985
f 3461//8986 5436//8986 5435//8986
f 3492//8987 3491//8987 5434//8987
f 3492//8988 5434//8988 5437//8988
f 3460//8989 5436//8989 3461//8989
f 3493//8990 3492//8990 5437//8990
f 3493//8991 5437//8991 5438//8991
f 3459//8992 5439//8992 5436//8992
f 3459//8993 5436//8993 3460//8993
f 3494//8994 3493//8994 5438//8994
f 3494//8995 5438//8995 5440//8995
f 3458//8996 5439//8996 3459//8996
f 3495//8997 3494//8997 5440//8997
f 3457//8998 5439//8998 3458//8998
f 3457//8999 5441//8999 5439//8999
f 3496//9000 3495//9000 5440//9000
f 3496//9001 5440//9001 5442//9001
f 3456//9002 5441//9002 3457//9002
f 3456//9003 5443//9003 5441//9003
f 3497//9004 3496//9004 5442//9004
f 3497//9005 5442//9005 5444//9005
f 3455//9006 5443//9006 3456//9006
f 3498//9007 3497//9007 5444//9007
f 3498//9008 5444//9008 5445//9008
f 3454//9009 5443//9009 3455//9009
f 3454//9010 5446//9010 5443//9010
f 3499//9011 3498//9011 5445//9011
f 3453//9012 5446//9012 3454//9012
f 3500//9013 3499//9013 5445//9013
f 3500//9014 5445//9014 5447//9014
f 3452//9015 5446//9015 3453//9015
f 3452//9016 5448//9016 5446//9016
f 3501//9017 3500//9017 5447//9017
f 3501//9018 5447//9018 5449//9018
f 3451//9019 5448//9019 3452//9019
f 3451//9020 5450//9020 5448//9020
f 3502//9021 3501//9021 5449//9021
f 3502//9022 5449//9022 5451//9022
f 3450//9023 5450//9023 3451//9023
f 3503//9024 3502//9024 5451//9024
f 3503//9025 5451//9025 5452//9025
f 3449//9026 5450//9026 3450//9026
f 3449//9027 5453//9027 5450//9027
f 3504//9028 3503//9028 5452//9028
f 3448//9029 5453//9029 3449//9029
f 3448//9030 5454//9030 5453//9030
f 3505//9031 3504//9031 5452//9031
f 3505//9032 5452//9032 5455//9032
f 3447//9033 5454//9033 3448//9033
f 3446//9034 5456//9034 5454//9034
f 3446//9035 5454//9035 3447//9035
f 3445//9036 5456//9036 3446//9036
f 3444//9037 5456//9037 3445//9037
f 3444//9038 5457//9038 5456//9038
f 3443//9039 5457//9039 3444//9039
f 3443//9040 5458//9040 5457//9040
f 3442//9041 5458//9041 3443//9041
f 3441//9042 5458//9042 3442//9042
f 3441//9043 5459//9043 5458//9043
f 3440//9044 5459//9044 3441//9044
f 3439//9045 5459//9045 3440//9045
f 5460//9046 3439//9046 3438//9046
f 5460//9047 3438//9047 3437//9047
f 5460//9048 3437//9048 3436//9048
f 5460//9049 3436//9049 3435//9049
f 5460//9050 3435//9050 3434//9050
f 5460//9051 3434//9051 3433//9051
f 5460//9052 3433//9052 3432//9052
f 5460//9053 3432//9053 3431//9053
f 5460//9054 3431//9054 3430//9054
f 5460//9055 3430//9055 3429//9055
f 5460//9056 3429//9056 3428//9056
f 5460//9057 3428//9057 3427//9057
f 5460//9058 3427//9058 3426//9058
f 5460//9059 3426//9059 3425//9059
f 5460//9060 3425//9060 3424//9060
f 5460//9061 3424//9061 3423//9061
f 5460//9062 3423//9062 3422//9062
f 5460//9063 3422//9063 3421//9063
f 5460//9064 3421//9064 3420//9064
f 5460//9065 3420//9065 3419//9065
f 5460//9066 3419//9066 3418//9066
f 5460//9067 3418//9067 3417//9067
f 5460//9068 3417//9068 3416//9068
f 5460//9069 3416//9069 3415//9069
f 5460//9070 3415//9070 3414//9070
f 5460//9071 3414//9071 3413//9071
f 5460//9072 5461//9072 5462//9072
f 5460//9073 5462//9073 5463//9073
f 5460//9074 5463//9074 5464//9074
f 5460//9075 5464//9075 5465//9075
f 5460//9076 5465//9076 5466//9076
f 5460//9077 5466//9077 5467//9077
f 5460//9078 5467//9078 5468//9078
f 5460//9079 5468//9079 5469//9079
f 5460//9080 5469//9080 5470//9080
f 5460//9081 5470//9081 5471//9081
f 5460//9082 5471//9082 5472//9082
f 5460//9083 5472//9083 5473//9083
f 5460//9084 5473//9084 5474//9084
f 5460//9085 5474//9085 5475//9085
f 5460//9086 5475//9086 5476//9086
f 5460//9087 5459//9087 3439//9087
f 5460//9088 5476//9088 5477//9088
f 5460//9089 5477//9089 5478//9089
f 5460//9090 5478//9090 5479//9090
f 5460//9091 5479//9091 5480//9091
f 5460//9092 5480//9092 5481//9092
f 5460//9093 5481//9093 5482//9093
f 5460//9094 5482//9094 5483//9094
f 5460//9095 5483//9095 5484//9095
f 5460//9096 5484//9096 5485//9096
f 5460//9097 5485//9097 5486//9097
f 5460//9098 5486//9098 5459//9098
f 3412//9099 5460//9099 3413//9099
f 3411//9100 5460//9100 3412//9100
f 3410//9101 5460//9101 3411//9101
f 3409//9102 5460//9102 3410//9102
f 3408//9103 5460//9103 3409//9103
f 3407//9104 5460//9104 3408//9104
f 3406//9105 5460//9105 3407//9105
f 3405//9106 5460//9106 3406//9106
f 3404//9107 5460//9107 3405//9107
f 3403//9108 5460//9108 3404//9108
f 3402//9109 5460//9109 3403//9109
f 3401//9110 5460//9110 3402//9110
f 3400//9111 5460//9111 3401//9111
f 3399//9112 5460//9112 3400//9112
f 3398//9113 5460//9113 3399//9113
f 3397//9114 5460//9114 3398//9114
f 3396//9115 5460//9115 3397//9115
f 3395//9116 5460//9116 3396//9116
f 3394//9117 5460//9117 3395//9117
f 3393//9118 5460//9118 3394//9118
f 3392//9119 5460//9119 3393//9119
f 3391//9120 5460//9120 3392//9120
f 3578//9121 5415//9121 5487//9121
f 3578//9122 5487//9122 5461//9122
f 3578//9123 5461//9123 5460//9123
f 3578//9124 3564//9124 5415//9124
f 4617//9125 5455//9125 5488//9125
f 4618//9126 5488//9126 5489//9126
f 4618//9127 4617//9127 5488//9127
f 4616//9128 3505//9128 5455//9128
f 4616//9129 5455//9129 4617//9129
f 4619//9130 4618//9130 5489//9130
f 4619//9131 5489//9131 5490//9131
f 4615//9132 3505//9132 4616//9132
f 4615//9133 3507//9133 3506//9133
f 4615//9134 3506//9134 3505//9134
f 4620//9135 4619//9135 5490//9135
f 4620//9136 5352//9136 4008//9136
f 4620//9137 4008//9137 4067//9137
f 4620//9138 5490//9138 5352//9138
f 4614//9139 3508//9139 3507//9139
f 4614//9140 3507//9140 4615//9140
f 4621//9141 4620//9141 4067//9141
f 4613//9142 3509//9142 3508//9142
f 4613//9143 3508//9143 4614//9143
f 4622//9144 4621//9144 4067//9144
f 4612//9145 3510//9145 3509//9145
f 4612//9146 3509//9146 4613//9146
f 4623//9147 4622//9147 4067//9147
f 4611//9148 3512//9148 3511//9148
f 4611//9149 3511//9149 3510//9149
f 4611//9150 3510//9150 4612//9150
f 4624//9151 4623//9151 4067//9151
f 4610//9152 3513//9152 3512//9152
f 4610//9153 3512//9153 4611//9153
f 4625//9154 4624//9154 4067//9154
f 4609//9155 3513//9155 4610//9155
f 4609//9156 3514//9156 3513//9156
f 4626//9157 4625//9157 4067//9157
f 4608//9158 3516//9158 3515//9158
f 4608//9159 3515//9159 3514//9159
f 4608//9160 3514//9160 4609//9160
f 4627//9161 4626//9161 4067//9161
f 4607//9162 3517//9162 3516//9162
f 4607//9163 3516//9163 4608//9163
f 4628//9164 4627//9164 4067//9164
f 4606//9165 3517//9165 4607//9165
f 4606//9166 3519//9166 3518//9166
f 4606//9167 3518//9167 3517//9167
f 4629//9168 4628//9168 4067//9168
f 4605//9169 3520//9169 3519//9169
f 4605//9170 3519//9170 4606//9170
f 4630//9171 4629//9171 4067//9171
f 4604//9172 3520//9172 4605//9172
f 4604//9173 3521//9173 3520//9173
f 4631//9174 4630//9174 4067//9174
f 4603//9175 3523//9175 3522//9175
f 4603//9176 3522//9176 3521//9176
f 4603//9177 3521//9177 4604//9177
f 4632//9178 4631//9178 4067//9178
f 4602//9179 3524//9179 3523//9179
f 4602//9180 3523//9180 4603//9180
f 4633//9181 4632//9181 4067//9181
f 4601//9182 3526//9182 3525//9182
f 4601//9183 3525//9183 3524//9183
f 4601//9184 3524//9184 4602//9184
f 4634//9185 4633//9185 4067//9185
f 4600//9186 3527//9186 3526//9186
f 4600//9187 3526//9187 4601//9187
f 4635//9188 4634//9188 4067//9188
f 4599//9189 3527//9189 4600//9189
f 4599//9190 3529//9190 3528//9190
f 4599//9191 3528//9191 3527//9191
f 4636//9192 4635//9192 4067//9192
f 4598//9193 3530//9193 3529//9193
f 4598//9194 3529//9194 4599//9194
f 4637//9195 4636//9195 4067//9195
f 4597//9196 3532//9196 3531//9196
f 4597//9197 3531//9197 3530//9197
f 4597//9198 3530//9198 4598//9198
f 4638//9199 4637//9199 4067//9199
f 4596//9200 3533//9200 3532//9200
f 4596//9201 3532//9201 4597//9201
f 4639//9202 4638//9202 4067//9202
f 4595//9203 3535//9203 3534//9203
f 4595//9204 3534//9204 3533//9204
f 4595//9205 3533//9205 4596//9205
f 4640//9206 4639//9206 4067//9206
f 4594//9207 3537//9207 3536//9207
f 4594//9208 3536//9208 3535//9208
f 4594//9209 3535//9209 4595//9209
f 4641//9210 4640//9210 4067//9210
f 4593//9211 3538//9211 3537//9211
f 4593//9212 3537//9212 4594//9212
f 4642//9213 4641//9213 4067//9213
f 4592//9214 3540//9214 3539//9214
f 4592//9215 3539//9215 3538//9215
f 4592//9216 3538//9216 4593//9216
f 4643//9217 4642//9217 4067//9217
f 4591//9218 3540//9218 4592//9218
f 4591//9219 3541//9219 3540//9219
f 4644//9220 4643//9220 4067//9220
f 4590//9221 3543//9221 3542//9221
f 4590//9222 3542//9222 3541//9222
f 4590//9223 3541//9223 4591//9223
f 4645//9224 4644//9224 4067//9224
f 4589//9225 3545//9225 3544//9225
f 4589//9226 3544//9226 3543//9226
f 4589//9227 3543//9227 4590//9227
f 4646//9228 4645//9228 4067//9228
f 4588//9229 3546//9229 3545//9229
f 4588//9230 3545//9230 4589//9230
f 4647//9231 4646//9231 4067//9231
f 4587//9232 3546//9232 4588//9232
f 4587//9233 3548//9233 3547//9233
f 4587//9234 3547//9234 3546//9234
f 4648//9235 4647//9235 4067//9235
f 4586//9236 3550//9236 3549//9236
f 4586//9237 3549//9237 3548//9237
f 4586//9238 3548//9238 4587//9238
f 4649//9239 4648//9239 4067//9239
f 4585//9240 3551//9240 3550//9240
f 4585//9241 3550//9241 4586//9241
f 4650//9242 4649//9242 4067//9242
f 4584//9243 3553//9243 3552//9243
f 4584//9244 3552//9244 3551//9244
f 4584//9245 3551//9245 4585//9245
f 4651//9246 4650//9246 4067//9246
f 4583//9247 3554//9247 3553//9247
f 4583//9248 3553//9248 4584//9248
f 4583//9249 3555//9249 3554//9249
f 4652//9250 4067//9250 4126//9250
f 4652//9251 4651//9251 4067//9251
f 4582//9252 3555//9252 4583//9252
f 4582//9253 3556//9253 3555//9253
f 4653//9254 4126//9254 4125//9254
f 4653//9255 4652//9255 4126//9255
f 4581//9256 3556//9256 4582//9256
f 4581//9257 3558//9257 3557//9257
f 4581//9258 3557//9258 3556//9258
f 4654//9259 4125//9259 4124//9259
f 4654//9260 4653//9260 4125//9260
f 4580//9261 3558//9261 4581//9261
f 4580//9262 3559//9262 3558//9262
f 4655//9263 4123//9263 4122//9263
f 4655//9264 4124//9264 4123//9264
f 4655//9265 4654//9265 4124//9265
f 4579//9266 3559//9266 4580//9266
f 4579//9267 3561//9267 3560//9267
f 4579//9268 3560//9268 3559//9268
f 4656//9269 4122//9269 4121//9269
f 4656//9270 4655//9270 4122//9270
f 4578//9271 3334//9271 3333//9271
f 4578//9272 3561//9272 4579//9272
f 4578//9273 3333//9273 3561//9273
f 4657//9274 4121//9274 4120//9274
f 4657//9275 4656//9275 4121//9275
f 4577//9276 3335//9276 3334//9276
f 4577//9277 3334//9277 4578//9277
f 4658//9278 4120//9278 4119//9278
f 4658//9279 4657//9279 4120//9279
f 4576//9280 3337//9280 3336//9280
f 4576//9281 3336//9281 3335//9281
f 4576//9282 3335//9282 4577//9282
f 4659//9283 4118//9283 4117//9283
f 4659//9284 4119//9284 4118//9284
f 4659//9285 4658//9285 4119//9285
f 4575//9286 3337//9286 4576//9286
f 4575//9287 3339//9287 3338//9287
f 4575//9288 3338//9288 3337//9288
f 4660//9289 4117//9289 4116//9289
f 4660//9290 4659//9290 4117//9290
f 4574//9291 3340//9291 3339//9291
f 4574//9292 3339//9292 4575//9292
f 4661//9293 4116//9293 4115//9293
f 4661//9294 4660//9294 4116//9294
f 4573//9295 3341//9295 3340//9295
f 4573//9296 3340//9296 4574//9296
f 4662//9297 4114//9297 4113//9297
f 4662//9298 4115//9298 4114//9298
f 4662//9299 4661//9299 4115//9299
f 4663//9300 4113//9300 4112//9300
f 4663//9301 4662//9301 4113//9301
f 4664//9302 4112//9302 4111//9302
f 4664//9303 4663//9303 4112//9303
f 4665//9304 4111//9304 4110//9304
f 4665//9305 4664//9305 4111//9305
f 4666//9306 4110//9306 4109//9306
f 4666//9307 4665//9307 4110//9307
f 4666//9308 4109//9308 4108//9308
f 4667//9309 4666//9309 4108//9309
f 4667//9310 4108//9310 4107//9310
f 4668//9311 4667//9311 4107//9311
f 4668//9312 4107//9312 4106//9312
f 5491//9313 3352//9313 3351//9313
f 5491//9314 3351//9314 3350//9314
f 5491//9315 3350//9315 3349//9315
f 5491//9316 3349//9316 3348//9316
f 5491//9317 3348//9317 3347//9317
f 5491//9318 3347//9318 3346//9318
f 5491//9319 3346//9319 3345//9319
f 5491//9320 3345//9320 3344//9320
f 5491//9321 3344//9321 3343//9321
f 5491//9322 3343//9322 3342//9322
f 5491//9323 3342//9323 3341//9323
f 5491//9324 4573//9324 4572//9324
f 5491//9325 4572//9325 4571//9325
f 5491//9326 4571//9326 4570//9326
f 5491//9327 4570//9327 4569//9327
f 5491//9328 4569//9328 4568//9328
f 5491//9329 4568//9329 4567//9329
f 5491//9330 4567//9330 4566//9330
f 5491//9331 3389//9331 3388//9331
f 5491//9332 3388//9332 3387//9332
f 5491//9333 3387//9333 3386//9333
f 5491//9334 3386//9334 3385//9334
f 5491//9335 3385//9335 3384//9335
f 5491//9336 3384//9336 3383//9336
f 5491//9337 3383//9337 3382//9337
f 5491//9338 3382//9338 3381//9338
f 5491//9339 3381//9339 3380//9339
f 5491//9340 3380//9340 3379//9340
f 5491//9341 3379//9341 3378//9341
f 5491//9342 3378//9342 3377//9342
f 5491//9343 3377//9343 3376//9343
f 5491//9344 3376//9344 3375//9344
f 5491//9345 3375//9345 3374//9345
f 5491//9346 3341//9346 4573//9346
f 5491//9347 3374//9347 3373//9347
f 5491//9348 3373//9348 3372//9348
f 5491//9349 3372//9349 3371//9349
f 5491//9350 3371//9350 3370//9350
f 5491//9351 3370//9351 3369//9351
f 5491//9352 3369//9352 3368//9352
f 5491//9353 3368//9353 3367//9353
f 5491//9354 3367//9354 3366//9354
f 5491//9355 3366//9355 3365//9355
f 5491//9356 3365//9356 3364//9356
f 5491//9357 3364//9357 3363//9357
f 5491//9358 3363//9358 3362//9358
f 5491//9359 3362//9359 3361//9359
f 5491//9360 3361//9360 3360//9360
f 5491//9361 3360//9361 3359//9361
f 5491//9362 3359//9362 3358//9362
f 5491//9363 3358//9363 3357//9363
f 5491//9364 3357//9364 3356//9364
f 5491//9365 3356//9365 3355//9365
f 5491//9366 3355//9366 3354//9366
f 5491//9367 3354//9367 3353//9367
f 5491//9368 3353//9368 3352//9368
f 4669//9369 4668//9369 4106//9369
f 4669//9370 4105//9370 4104//9370
f 4669//9371 4106//9371 4105//9371
f 4565//9372 5491//9372 4566//9372
f 4670//9373 4669//9373 4104//9373
f 4670//9374 4104//9374 4103//9374
f 4564//9375 5491//9375 4565//9375
f 4671//9376 4670//9376 4103//9376
f 4671//9377 4103//9377 4102//9377
f 4563//9378 5491//9378 4564//9378
f 4672//9379 4671//9379 4102//9379
f 4672//9380 4101//9380 4100//9380
f 4672//9381 4102//9381 4101//9381
f 4562//9382 5491//9382 4563//9382
f 4673//9383 4672//9383 4100//9383
f 4673//9384 4100//9384 4099//9384
f 4561//9385 5491//9385 4562//9385
f 4674//9386 4673//9386 4099//9386
f 4560//9387 5491//9387 4561//9387
f 4098//9388 4674//9388 4099//9388
f 4675//9389 4674//9389 4098//9389
f 4559//9390 5491//9390 4560//9390
f 4097//9391 4676//9391 4675//9391
f 4097//9392 4675//9392 4098//9392
f 4558//9393 5491//9393 4559//9393
f 4557//9394 5491//9394 4558//9394
f 4096//9395 4676//9395 4097//9395
f 4556//9396 5491//9396 4557//9396
f 4555//9397 5491//9397 4556//9397
f 4095//9398 4677//9398 4676//9398
f 4095//9399 4676//9399 4096//9399
f 4554//9400 5491//9400 4555//9400
f 4553//9401 5491//9401 4554//9401
f 4094//9402 4678//9402 4677//9402
f 4094//9403 4677//9403 4095//9403
f 4552//9404 5491//9404 4553//9404
f 4093//9405 4678//9405 4094//9405
f 4093//9406 4679//9406 4678//9406
f 4551//9407 5491//9407 4552//9407
f 4550//9408 5491//9408 4551//9408
f 4092//9409 4679//9409 4093//9409
f 4549//9410 5491//9410 4550//9410
f 4548//9411 5491//9411 4549//9411
f 4091//9412 4679//9412 4092//9412
f 4091//9413 4680//9413 4679//9413
f 4547//9414 5491//9414 4548//9414
f 4547//9415 3600//9415 5491//9415
f 4546//9416 3600//9416 4547//9416
f 4090//9417 4680//9417 4091//9417
f 4090//9418 4681//9418 4680//9418
f 4545//9419 3600//9419 4546//9419
f 4089//9420 4682//9420 4681//9420
f 4089//9421 4681//9421 4090//9421
f 4088//9422 4682//9422 4089//9422
f 4087//9423 4683//9423 4682//9423
f 4087//9424 4682//9424 4088//9424
f 4086//9425 4684//9425 4683//9425
f 4086//9426 4683//9426 4087//9426
f 4085//9427 4684//9427 4086//9427
f 4085//9428 4685//9428 4684//9428
f 4084//9429 4685//9429 4085//9429
f 4083//9430 4686//9430 4685//9430
f 4083//9431 4685//9431 4084//9431
f 4082//9432 4686//9432 4083//9432
f 4082//9433 4687//9433 4686//9433
f 4081//9434 4687//9434 4082//9434
f 4081//9435 4688//9435 4687//9435
f 4080//9436 4688//9436 4081//9436
f 4080//9437 4689//9437 4688//9437
f 4079//9438 4689//9438 4080//9438
f 4078//9439 4690//9439 4689//9439
f 4078//9440 4689//9440 4079//9440
f 4077//9441 4691//9441 4690//9441
f 4077//9442 4690//9442 4078//9442
f 4076//9443 4692//9443 4691//9443
f 4076//9444 4691//9444 4077//9444
f 4075//9445 4692//9445 4076//9445
f 4075//9446 4693//9446 4692//9446
f 4074//9447 4693//9447 4075//9447
f 4073//9448 4694//9448 4693//9448
f 4073//9449 4693//9449 4074//9449
f 4072//9450 4694//9450 4073//9450
f 4072//9451 4695//9451 4694//9451
f 4071//9452 4695//9452 4072//9452
f 4071//9453 4696//9453 4695//9453
f 4069//9454 4697//9454 4696//9454
f 4069//9455 4696//9455 4071//9455
f 4070//9456 4474//9456 4702//9456
f 4070//9457 4702//9457 4701//9457
f 4070//9458 4701//9458 4700//9458
f 4070//9459 4700//9459 4699//9459
f 4070//9460 4699//9460 4698//9460
f 4070//9461 4698//9461 4697//9461
f 4070//9462 4697//9462 4069//9462
f 3626//9463 3600//9463 4545//9463
f 3626//9464 4545//9464 4544//9464
f 3626//9465 4544//9465 4543//9465
f 3626//9466 4543//9466 4542//9466
f 3626//9467 4542//9467 4541//9467
f 3626//9468 4541//9468 4540//9468
f 3626//9469 4540//9469 4539//9469
f 3626//9470 4539//9470 4538//9470
f 3626//9471 4538//9471 4537//9471
f 3626//9472 4537//9472 4536//9472
f 3626//9473 4536//9473 4535//9473
f 3626//9474 4535//9474 4534//9474
f 3626//9475 4534//9475 4533//9475
f 3626//9476 4533//9476 4532//9476
f 3626//9477 4532//9477 4531//9477
f 3626//9478 4531//9478 4530//9478
f 3626//9479 4530//9479 4529//9479
f 3626//9480 4529//9480 4528//9480
f 3626//9481 4528//9481 4527//9481
f 3626//9482 4527//9482 4526//9482
f 3626//9483 4526//9483 4525//9483
f 4188//9484 4474//9484 4070//9484
f 4188//9485 4480//9485 4479//9485
f 4188//9486 4479//9486 4478//9486
f 4188//9487 4478//9487 4477//9487
f 4188//9488 4477//9488 4476//9488
f 4188//9489 4476//9489 4475//9489
f 4188//9490 4475//9490 4474//9490
f 5492//9491 3626//9491 4525//9491
f 5492//9492 4525//9492 4524//9492
f 5493//9493 4481//9493 4480//9493
f 5493//9494 4480//9494 4188//9494
f 5494//9495 5492//9495 4524//9495
f 5494//9496 4524//9496 4523//9496
f 5495//9497 4482//9497 4481//9497
f 5495//9498 4481//9498 5493//9498
f 5496//9499 5494//9499 4523//9499
f 5496//9500 4523//9500 4522//9500
f 5497//9501 4483//9501 4482//9501
f 5497//9502 4482//9502 5495//9502
f 5498//9503 5496//9503 4522//9503
f 5499//9504 4483//9504 5497//9504
f 5499//9505 4484//9505 4483//9505
f 5500//9506 5498//9506 4522//9506
f 5500//9507 4522//9507 4521//9507
f 5501//9508 4484//9508 5499//9508
f 5502//9509 5500//9509 4521//9509
f 5502//9510 4521//9510 4520//9510
f 5503//9511 4485//9511 4484//9511
f 5503//9512 4484//9512 5501//9512
f 5504//9513 4520//9513 4519//9513
f 5504//9514 5502//9514 4520//9514
f 5505//9515 4486//9515 4485//9515
f 5505//9516 4485//9516 5503//9516
f 5506//9517 4519//9517 4518//9517
f 5506//9518 4518//9518 4517//9518
f 5506//9519 4517//9519 4516//9519
f 5506//9520 4516//9520 4515//9520
f 5506//9521 4515//9521 4514//9521
f 5506//9522 4514//9522 4513//9522
f 5506//9523 4513//9523 4512//9523
f 5506//9524 5504//9524 4519//9524
f 5507//9525 4486//9525 5505//9525
f 5507//9526 4487//9526 4486//9526
f 5508//9527 4488//9527 4487//9527
f 5508//9528 4487//9528 5507//9528
f 5509//9529 4488//9529 5508//9529
f 5510//9530 4489//9530 4488//9530
f 5510//9531 4488//9531 5509//9531
f 5511//9532 4490//9532 4489//9532
f 5511//9533 4489//9533 5510//9533
f 5512//9534 4491//9534 4490//9534
f 5512//9535 4490//9535 5511//9535
f 5513//9536 4492//9536 4491//9536
f 5513//9537 4491//9537 5512//9537
f 5514//9538 4492//9538 5513//9538
f 5515//9539 4493//9539 4492//9539
f 5515//9540 4492//9540 5514//9540
f 5516//9541 4494//9541 4493//9541
f 5516//9542 4493//9542 5515//9542
f 5517//9543 4495//9543 4494//9543
f 5517//9544 4494//9544 5516//9544
f 5518//9545 4495//9545 5517//9545
f 5519//9546 4496//9546 4495//9546
f 5519//9547 4495//9547 5518//9547
f 5520//9548 4497//9548 4496//9548
f 5520//9549 4496//9549 5519//9549
f 5521//9550 4498//9550 4497//9550
f 5521//9551 4497//9551 5520//9551
f 5522//9552 4499//9552 4498//9552
f 5522//9553 4498//9553 5521//9553
f 5523//9554 4499//9554 5522//9554
f 5524//9555 4500//9555 4499//9555
f 5524//9556 4499//9556 5523//9556
f 5525//9557 4512//9557 4511//9557
f 5525//9558 4511//9558 4510//9558
f 5525//9559 4510//9559 4509//9559
f 5525//9560 4509//9560 4508//9560
f 5525//9561 4508//9561 4507//9561
f 5525//9562 4507//9562 4506//9562
f 5525//9563 4506//9563 4505//9563
f 5525//9564 5506//9564 4512//9564
f 5526//9565 4500//9565 5524//9565
f 5526//9566 4501//9566 4500//9566
f 5527//9567 4505//9567 4504//9567
f 5527//9568 5525//9568 4505//9568
f 5528//9569 4501//9569 5526//9569
f 5528//9570 4502//9570 4501//9570
f 5529//9571 4504//9571 4503//9571
f 5529//9572 5527//9572 4504//9572
f 5530//9573 4502//9573 5528//9573
f 5531//9574 4503//9574 4502//9574
f 5531//9575 4502//9575 5530//9575
f 5531//9576 5529//9576 4503//9576
f 5532//9577 5533//9577 5366//9577
f 5532//9578 5366//9578 5374//9578
f 5534//9579 5535//9579 5536//9579
f 5537//9580 5536//9580 5538//9580
f 5537//9581 5538//9581 5539//9581
f 5537//9582 5534//9582 5536//9582
f 5540//9583 5541//9583 5535//9583
f 5540//9584 5535//9584 5534//9584
f 5542//9585 5539//9585 5533//9585
f 5542//9586 5537//9586 5539//9586
f 5543//9587 5544//9587 5545//9587
f 5543//9588 5545//9588 5541//9588
f 5543//9589 5541//9589 5540//9589
f 5546//9590 5542//9590 5533//9590
f 5547//9591 5548//9591 5544//9591
f 5547//9592 5544//9592 5543//9592
f 5549//9593 5546//9593 5533//9593
f 5550//9594 5551//9594 5548//9594
f 5550//9595 5548//9595 5547//9595
f 5552//9596 5549//9596 5533//9596
f 5553//9597 5554//9597 5555//9597
f 5553//9598 5555//9598 5551//9598
f 5553//9599 5551//9599 5550//9599
f 5556//9600 5552//9600 5533//9600
f 5557//9601 5558//9601 5554//9601
f 5557//9602 5554//9602 5553//9602
f 5559//9603 5556//9603 5533//9603
f 5560//9604 5561//9604 5558//9604
f 5560//9605 5558//9605 5557//9605
f 5562//9606 5559//9606 5533//9606
f 5563//9607 5564//9607 5561//9607
f 5563//9608 5561//9608 5560//9608
f 5565//9609 5562//9609 5533//9609
f 5565//9610 5533//9610 5532//9610
f 5566//9611 5567//9611 5568//9611
f 5566//9612 5568//9612 5564//9612
f 5566//9613 5564//9613 5563//9613
f 5569//9614 5565//9614 5532//9614
f 5570//9615 5571//9615 5567//9615
f 5570//9616 5567//9616 5566//9616
f 5572//9617 5569//9617 5532//9617
f 5573//9618 5574//9618 5571//9618
f 5573//9619 5571//9619 5570//9619
f 5575//9620 5572//9620 5532//9620
f 5576//9621 5577//9621 5578//9621
f 5576//9622 5578//9622 5574//9622
f 5576//9623 5574//9623 5573//9623
f 5579//9624 5575//9624 5532//9624
f 5580//9625 5581//9625 5577//9625
f 5580//9626 5577//9626 5576//9626
f 5582//9627 5579//9627 5532//9627
f 5583//9628 5584//9628 5581//9628
f 5583//9629 5581//9629 5580//9629
f 5585//9630 5582//9630 5532//9630
f 5586//9631 5587//9631 5584//9631
f 5586//9632 5584//9632 5583//9632
f 5588//9633 5585//9633 5532//9633
f 5589//9634 5590//9634 5591//9634
f 5589//9635 5591//9635 5587//9635
f 5589//9636 5587//9636 5586//9636
f 5592//9637 5588//9637 5532//9637
f 5592//9638 5532//9638 5593//9638
f 5594//9639 5595//9639 5590//9639
f 5594//9640 5590//9640 5589//9640
f 5596//9641 5592//9641 5593//9641
f 5596//9642 5593//9642 5597//9642
f 5596//9643 5597//9643 5598//9643
f 5599//9644 5600//9644 5595//9644
f 5599//9645 5595//9645 5594//9645
f 5601//9646 5596//9646 5598//9646
f 5601//9647 5598//9647 5602//9647
f 5603//9648 5604//9648 5600//9648
f 5603//9649 5600//9649 5599//9649
f 5605//9650 5601//9650 5602//9650
f 5605//9651 5602//9651 5606//9651
f 5607//9652 5608//9652 5609//9652
f 5607//9653 5609//9653 5604//9653
f 5607//9654 5604//9654 5603//9654
f 5610//9655 5605//9655 5606//9655
f 5610//9656 5606//9656 5611//9656
f 5610//9657 5611//9657 5612//9657
f 5613//9658 5614//9658 5608//9658
f 5613//9659 5608//9659 5607//9659
f 5615//9660 5610//9660 5612//9660
f 5615//9661 5612//9661 3640//9661
f 5616//9662 3946//9662 5614//9662
f 5616//9663 5614//9663 5613//9663
f 5617//9664 5615//9664 3640//9664
f 5618//9665 3946//9665 5616//9665
f 5619//9666 5617//9666 3640//9666
f 5620//9667 3946//9667 5618//9667
f 5621//9668 5619//9668 3640//9668
f 5622//9669 3946//9669 5620//9669
f 5623//9670 5621//9670 3640//9670
f 5624//9671 3946//9671 5622//9671
f 5625//9672 5623//9672 3640//9672
f 5626//9673 3946//9673 5624//9673
f 5627//9674 5625//9674 3640//9674
f 5628//9675 3946//9675 5626//9675
f 5629//9676 5627//9676 3640//9676
f 5630//9677 3947//9677 3946//9677
f 5630//9678 3946//9678 5628//9678
f 5631//9679 5629//9679 3640//9679
f 5632//9680 3947//9680 5630//9680
f 5633//9681 5631//9681 3640//9681
f 5634//9682 3947//9682 5632//9682
f 5635//9683 5633//9683 3640//9683
f 5636//9684 3947//9684 5634//9684
f 5637//9685 5635//9685 3640//9685
f 5638//9686 3947//9686 5636//9686
f 5639//9687 5637//9687 3640//9687
f 5640//9688 3947//9688 5638//9688
f 5641//9689 5639//9689 3640//9689
f 5642//9690 4009//9690 3947//9690
f 5642//9691 3947//9691 5640//9691
f 5643//9692 5641//9692 3640//9692
f 5644//9693 4010//9693 4009//9693
f 5644//9694 4009//9694 5642//9694
f 5645//9695 5643//9695 3640//9695
f 5646//9696 4010//9696 5644//9696
f 5646//9697 4011//9697 4010//9697
f 5646//9698 4012//9698 4011//9698
f 5647//9699 5645//9699 3640//9699
f 5648//9700 4013//9700 4012//9700
f 5648//9701 4012//9701 5646//9701
f 5649//9702 5647//9702 3640//9702
f 5650//9703 4014//9703 4013//9703
f 5650//9704 4013//9704 5648//9704
f 5651//9705 5649//9705 3640//9705
f 5652//9706 4014//9706 5650//9706
f 5652//9707 4015//9707 4014//9707
f 5653//9708 5651//9708 3640//9708
f 5654//9709 4015//9709 5652//9709
f 5654//9710 4016//9710 4015//9710
f 5654//9711 4017//9711 4016//9711
f 5655//9712 5653//9712 3640//9712
f 5656//9713 4018//9713 4017//9713
f 5656//9714 4017//9714 5654//9714
f 5657//9715 5655//9715 3640//9715
f 5658//9716 4019//9716 4018//9716
f 5658//9717 4018//9717 5656//9717
f 5659//9718 4019//9718 5658//9718
f 5659//9719 4020//9719 4019//9719
f 5659//9720 4021//9720 4020//9720
f 5660//9721 4022//9721 4021//9721
f 5660//9722 4021//9722 5659//9722
f 5661//9723 4022//9723 5660//9723
f 5661//9724 4023//9724 4022//9724
f 5662//9725 4023//9725 5661//9725
f 5662//9726 4024//9726 4023//9726
f 5663//9727 4024//9727 5662//9727
f 5663//9728 4025//9728 4024//9728
f 5663//9729 4026//9729 4025//9729
f 5664//9730 4027//9730 4026//9730
f 5664//9731 4026//9731 5663//9731
f 5665//9732 4028//9732 4027//9732
f 5665//9733 4027//9733 5664//9733
f 5666//9734 4028//9734 5665//9734
f 5666//9735 4029//9735 4028//9735
f 5666//9736 4030//9736 4029//9736
f 3653//9737 5657//9737 3640//9737
f 3653//9738 5667//9738 5668//9738
f 3653//9739 5668//9739 5657//9739
f 5669//9740 4030//9740 5666//9740
f 5669//9741 4031//9741 4030//9741
f 5670//9742 4032//9742 4031//9742
f 5670//9743 4031//9743 5669//9743
f 5671//9744 4032//9744 5670//9744
f 5671//9745 4033//9745 4032//9745
f 5671//9746 4034//9746 4033//9746
f 5672//9747 4035//9747 4034//9747
f 5672//9748 4034//9748 5671//9748
f 5673//9749 4036//9749 4035//9749
f 5673//9750 4035//9750 5672//9750
f 5674//9751 4036//9751 5673//9751
f 4037//9752 4036//9752 5674//9752
f 5675//9753 4037//9753 5674//9753
f 4038//9754 4037//9754 5675//9754
f 4039//9755 4038//9755 5675//9755
f 4039//9756 5675//9756 5676//9756
f 4040//9757 4039//9757 5676//9757
f 4040//9758 5676//9758 5677//9758
f 5678//9759 5679//9759 5680//9759
f 5678//9760 5680//9760 5681//9760
f 5678//9761 5681//9761 5682//9761
f 5678//9762 5682//9762 5683//9762
f 5678//9763 5683//9763 5684//9763
f 5678//9764 5684//9764 5685//9764
f 5678//9765 5685//9765 5686//9765
f 5678//9766 5686//9766 5687//9766
f 5678//9767 5687//9767 5688//9767
f 5678//9768 5688//9768 5689//9768
f 5678//9769 5689//9769 5690//9769
f 5678//9770 5690//9770 5691//9770
f 5678//9771 5691//9771 5692//9771
f 5678//9772 5692//9772 5693//9772
f 5678//9773 5693//9773 5694//9773
f 5678//9774 5667//9774 3653//9774
f 5678//9775 5694//9775 5695//9775
f 5678//9776 5695//9776 5696//9776
f 5678//9777 5696//9777 5667//9777
f 5697//9778 5679//9778 5678//9778
f 4041//9779 4040//9779 5677//9779
f 4041//9780 5677//9780 5698//9780
f 5699//9781 5697//9781 5678//9781
f 5700//9782 5699//9782 5678//9782
f 4042//9783 4041//9783 5698//9783
f 5701//9784 5700//9784 5678//9784
f 4043//9785 4042//9785 5698//9785
f 4043//9786 5698//9786 5702//9786
f 5703//9787 5701//9787 5678//9787
f 5704//9788 5703//9788 5678//9788
f 4044//9789 4043//9789 5702//9789
f 4044//9790 5702//9790 5705//9790
f 5706//9791 5704//9791 5678//9791
f 5707//9792 5706//9792 5678//9792
f 4045//9793 4044//9793 5705//9793
f 4045//9794 5705//9794 5708//9794
f 4046//9795 4045//9795 5708//9795
f 4047//9796 4046//9796 5708//9796
f 4047//9797 5708//9797 5709//9797
f 4048//9798 4047//9798 5709//9798
f 4048//9799 5709//9799 5710//9799
f 4049//9800 4048//9800 5710//9800
f 4049//9801 5710//9801 5711//9801
f 4050//9802 4049//9802 5711//9802
f 4051//9803 4050//9803 5711//9803
f 4051//9804 5711//9804 5712//9804
f 4052//9805 4051//9805 5712//9805
f 4052//9806 5712//9806 5713//9806
f 4053//9807 4052//9807 5713//9807
f 4053//9808 5713//9808 5714//9808
f 4054//9809 5714//9809 5715//9809
f 4054//9810 4053//9810 5714//9810
f 4055//9811 4054//9811 5715//9811
f 4056//9812 5715//9812 5716//9812
f 4056//9813 4055//9813 5715//9813
f 4057//9814 5716//9814 5717//9814
f 4057//9815 4056//9815 5716//9815
f 4058//9816 5717//9816 5718//9816
f 4058//9817 4057//9817 5717//9817
f 4059//9818 4058//9818 5718//9818
f 4060//9819 5718//9819 5719//9819
f 4060//9820 4059//9820 5718//9820
f 4061//9821 5719//9821 5720//9821
f 4061//9822 4060//9822 5719//9822
f 4062//9823 5720//9823 5721//9823
f 4062//9824 4061//9824 5720//9824
f 4063//9825 5721//9825 5722//9825
f 4063//9826 4062//9826 5721//9826
f 4064//9827 4063//9827 5722//9827
f 4065//9828 5722//9828 5723//9828
f 4065//9829 4064//9829 5722//9829
f 4066//9830 5723//9830 5724//9830
f 4066//9831 5724//9831 5725//9831
f 4066//9832 5725//9832 5726//9832
f 4066//9833 5726//9833 5727//9833
f 4066//9834 5727//9834 5728//9834
f 4066//9835 5728//9835 5729//9835
f 4066//9836 5729//9836 5730//9836
f 4066//9837 5730//9837 5731//9837
f 4066//9838 5731//9838 5732//9838
f 4066//9839 5732//9839 5733//9839
f 4066//9840 5733//9840 5734//9840
f 4066//9841 5734//9841 5735//9841
f 4066//9842 5735//9842 5736//9842
f 4066//9843 5736//9843 5737//9843
f 4066//9844 5737//9844 5738//9844
f 4066//9845 5738//9845 5739//9845
f 4066//9846 5739//9846 5740//9846
f 4066//9847 5740//9847 5741//9847
f 4066//9848 5741//9848 5742//9848
f 4066//9849 5742//9849 5743//9849
f 4066//9850 5743//9850 5744//9850
f 4066//9851 5744//9851 5745//9851
f 4066//9852 5745//9852 5746//9852
f 4066//9853 5746//9853 5747//9853
f 4066//9854 5747//9854 5748//9854
f 4066//9855 5748//9855 5749//9855
f 4066//9856 5749//9856 5750//9856
f 4066//9857 5750//9857 5751//9857
f 4066//9858 5751//9858 5752//9858
f 4066//9859 5752//9859 5753//9859
f 4066//9860 5753//9860 5754//9860
f 4066//9861 5754//9861 5755//9861
f 4066//9862 4065//9862 5723//9862
f 3858//9863 3857//9863 5678//9863
f 3856//9864 5678//9864 3857//9864
f 3859//9865 3858//9865 5678//9865
f 3855//9866 5678//9866 3856//9866
f 3860//9867 3859//9867 5678//9867
f 3854//9868 5678//9868 3855//9868
f 3861//9869 3860//9869 5678//9869
f 3853//9870 5678//9870 3854//9870
f 3862//9871 3861//9871 5678//9871
f 3852//9872 5678//9872 3853//9872
f 3863//9873 3862//9873 5678//9873
f 3851//9874 5678//9874 3852//9874
f 3864//9875 3863//9875 5678//9875
f 3850//9876 5678//9876 3851//9876
f 3865//9877 3864//9877 5678//9877
f 3849//9878 5678//9878 3850//9878
f 3866//9879 3865//9879 5678//9879
f 3848//9880 5678//9880 3849//9880
f 3867//9881 3866//9881 5678//9881
f 3847//9882 5678//9882 3848//9882
f 3868//9883 3867//9883 5678//9883
f 3846//9884 5678//9884 3847//9884
f 3869//9885 3868//9885 5678//9885
f 3845//9886 5678//9886 3846//9886
f 3870//9887 3869//9887 5678//9887
f 3844//9888 5678//9888 3845//9888
f 3871//9889 3870//9889 5678//9889
f 3843//9890 5678//9890 3844//9890
f 3872//9891 3871//9891 5678//9891
f 3842//9892 5678//9892 3843//9892
f 3873//9893 3872//9893 5678//9893
f 3841//9894 5678//9894 3842//9894
f 3874//9895 3873//9895 5678//9895
f 3840//9896 5678//9896 3841//9896
f 3875//9897 3874//9897 5678//9897
f 3839//9898 5678//9898 3840//9898
f 3876//9899 3875//9899 5678//9899
f 3838//9900 5678//9900 3839//9900
f 3877//9901 3876//9901 5678//9901
f 3837//9902 5678//9902 3838//9902
f 3837//9903 5707//9903 5678//9903
f 3878//9904 3877//9904 5678//9904
f 3836//9905 5707//9905 3837//9905
f 3879//9906 3878//9906 5678//9906
f 3835//9907 5756//9907 5707//9907
f 3835//9908 5707//9908 3836//9908
f 3880//9909 3879//9909 5678//9909
f 3834//9910 5756//9910 3835//9910
f 3881//9911 3880//9911 5678//9911
f 3833//9912 5757//9912 5756//9912
f 3833//9913 5756//9913 3834//9913
f 3882//9914 3881//9914 5678//9914
f 3832//9915 5757//9915 3833//9915
f 3832//9916 5758//9916 5757//9916
f 3883//9917 3882//9917 5678//9917
f 3831//9918 5758//9918 3832//9918
f 3884//9919 3883//9919 5678//9919
f 3830//9920 5758//9920 3831//9920
f 3830//9921 5759//9921 5758//9921
f 3885//9922 3884//9922 5678//9922
f 3829//9923 5759//9923 3830//9923
f 3828//9924 5759//9924 3829//9924
f 3828//9925 5760//9925 5759//9925
f 3827//9926 5760//9926 3828//9926
f 3827//9927 5761//9927 5760//9927
f 3826//9928 5761//9928 3827//9928
f 3825//9929 5761//9929 3826//9929
f 3825//9930 5762//9930 5761//9930
f 3824//9931 5762//9931 3825//9931
f 3824//9932 5763//9932 5762//9932
f 3823//9933 5763//9933 3824//9933
f 3822//9934 5764//9934 5763//9934
f 3822//9935 5763//9935 3823//9935
f 3821//9936 5764//9936 3822//9936
f 3820//9937 5765//9937 5764//9937
f 3820//9938 5764//9938 3821//9938
f 3819//9939 5765//9939 3820//9939
f 3819//9940 5766//9940 5765//9940
f 3818//9941 5766//9941 3819//9941
f 3817//9942 5767//9942 5766//9942
f 3817//9943 5766//9943 3818//9943
f 3816//9944 5767//9944 3817//9944
f 3815//9945 5767//9945 3816//9945
f 3815//9946 5768//9946 5767//9946
f 3814//9947 5768//9947 3815//9947
f 3814//9948 5769//9948 5768//9948
f 3813//9949 5769//9949 3814//9949
f 3812//9950 5770//9950 5769//9950
f 3812//9951 5769//9951 3813//9951
f 3811//9952 5770//9952 3812//9952
f 3810//9953 5770//9953 3811//9953
f 3810//9954 5771//9954 5770//9954
f 3809//9955 5772//9955 5771//9955
f 3809//9956 5771//9956 3810//9956
f 3808//9957 5772//9957 3809//9957
f 3807//9958 5772//9958 3808//9958
f 3807//9959 5773//9959 5772//9959
f 5774//9960 3908//9960 3907//9960
f 5774//9961 3907//9961 3906//9961
f 5774//9962 3906//9962 3905//9962
f 5774//9963 3905//9963 3904//9963
f 5774//9964 3904//9964 3903//9964
f 5774//9965 3903//9965 3902//9965
f 5774//9966 3902//9966 3901//9966
f 5774//9967 3901//9967 3900//9967
f 5774//9968 3900//9968 3899//9968
f 5774//9969 3899//9969 3898//9969
f 5774//9970 3898//9970 3897//9970
f 5774//9971 3897//9971 3896//9971
f 5774//9972 3896//9972 3895//9972
f 5774//9973 3895//9973 3894//9973
f 5774//9974 3894//9974 3893//9974
f 5774//9975 3893//9975 3892//9975
f 5774//9976 3892//9976 3891//9976
f 5774//9977 3891//9977 3890//9977
f 5774//9978 3890//9978 3889//9978
f 5774//9979 3889//9979 3888//9979
f 5774//9980 3888//9980 3887//9980
f 3806//9981 5773//9981 3807//9981
f 3806//9982 5775//9982 5773//9982
f 3909//9983 3908//9983 5774//9983
f 3805//9984 5775//9984 3806//9984
f 3910//9985 3909//9985 5774//9985
f 3804//9986 5775//9986 3805//9986
f 3804//9987 5776//9987 5775//9987
f 3911//9988 3910//9988 5774//9988
f 3803//9989 5776//9989 3804//9989
f 3912//9990 3911//9990 5774//9990
f 3802//9991 5776//9991 3803//9991
f 3802//9992 5777//9992 5776//9992
f 3913//9993 3912//9993 5774//9993
f 3801//9994 5777//9994 3802//9994
f 3801//9995 5778//9995 5777//9995
f 3914//9996 3913//9996 5774//9996
f 3800//9997 5778//9997 3801//9997
f 3915//9998 3914//9998 5774//9998
f 3799//9999 5778//9999 3800//9999
f 3799//10000 5779//10000 5778//10000
f 3916//10001 3915//10001 5774//10001
f 3798//10002 5779//10002 3799//10002
f 3798//10003 5780//10003 5779//10003
f 3917//10004 3916//10004 5774//10004
f 3797//10005 5780//10005 3798//10005
f 3918//10006 3917//10006 5774//10006
f 3796//10007 5780//10007 3797//10007
f 3796//10008 5781//10008 5780//10008
f 3919//10009 3918//10009 5774//10009
f 3795//10010 5781//10010 3796//10010
f 3795//10011 5782//10011 5781//10011
f 3920//10012 3919//10012 5774//10012
f 3794//10013 5782//10013 3795//10013
f 3921//10014 3920//10014 5774//10014
f 3793//10015 5783//10015 5782//10015
f 3793//10016 5782//10016 3794//10016
f 3922//10017 3921//10017 5774//10017
f 3792//10018 5784//10018 5783//10018
f 3792//10019 5783//10019 3793//10019
f 3923//10020 3922//10020 5774//10020
f 3791//10021 5784//10021 3792//10021
f 3924//10022 3923//10022 5774//10022
f 3790//10023 5785//10023 5784//10023
f 3790//10024 5784//10024 3791//10024
f 3925//10025 3924//10025 5774//10025
f 3789//10026 5785//10026 3790//10026
f 3789//10027 5786//10027 5785//10027
f 3926//10028 3925//10028 5774//10028
f 3788//10029 5786//10029 3789//10029
f 3927//10030 3926//10030 5774//10030
f 3787//10031 5787//10031 5786//10031
f 3787//10032 5786//10032 3788//10032
f 3928//10033 3927//10033 5774//10033
f 3786//10034 5787//10034 3787//10034
f 3786//10035 5788//10035 5787//10035
f 3929//10036 3928//10036 5774//10036
f 3785//10037 5788//10037 3786//10037
f 3930//10038 3929//10038 5774//10038
f 3784//10039 5789//10039 5788//10039
f 3784//10040 5788//10040 3785//10040
f 3931//10041 3930//10041 5774//10041
f 3783//10042 5790//10042 5789//10042
f 3783//10043 5789//10043 3784//10043
f 3932//10044 3931//10044 5774//10044
f 3782//10045 5791//10045 5790//10045
f 3782//10046 5790//10046 3783//10046
f 3933//10047 3932//10047 5774//10047
f 3781//10048 5791//10048 3782//10048
f 3934//10049 3933//10049 5774//10049
f 3780//10050 5791//10050 3781//10050
f 3780//10051 5792//10051 5791//10051
f 3935//10052 3934//10052 5774//10052
f 3779//10053 5792//10053 3780//10053
f 3779//10054 5793//10054 5792//10054
f 3778//10055 5793//10055 3779//10055
f 3778//10056 5794//10056 5793//10056
f 3777//10057 5794//10057 3778//10057
f 3776//10058 5794//10058 3777//10058
f 3776//10059 5795//10059 5794//10059
f 3775//10060 5795//10060 3776//10060
f 3775//10061 5796//10061 5795//10061
f 3774//10062 5796//10062 3775//10062
f 3774//10063 5797//10063 5796//10063
f 3773//10064 5797//10064 3774//10064
f 3773//10065 5798//10065 5797//10065
f 3772//10066 5798//10066 3773//10066
f 3771//10067 5799//10067 5798//10067
f 3771//10068 5798//10068 3772//10068
f 4389//10069 4388//10069 5774//10069
f 4387//10070 5774//10070 4388//10070
f 4390//10071 4389//10071 5774//10071
f 4386//10072 5774//10072 4387//10072
f 4391//10073 4390//10073 5774//10073
f 4385//10074 5774//10074 4386//10074
f 4392//10075 4391//10075 5774//10075
f 4384//10076 5774//10076 4385//10076
f 4393//10077 4392//10077 5774//10077
f 4383//10078 5774//10078 4384//10078
f 4394//10079 4393//10079 5774//10079
f 4382//10080 5774//10080 4383//10080
f 4395//10081 4394//10081 5774//10081
f 4381//10082 5774//10082 4382//10082
f 4396//10083 4395//10083 5774//10083
f 4380//10084 5774//10084 4381//10084
f 4397//10085 4396//10085 5774//10085
f 4379//10086 5774//10086 4380//10086
f 4398//10087 4397//10087 5774//10087
f 4378//10088 5774//10088 4379//10088
f 4399//10089 4398//10089 5774//10089
f 4377//10090 5774//10090 4378//10090
f 4400//10091 4399//10091 5774//10091
f 4376//10092 5774//10092 4377//10092
f 4401//10093 4400//10093 5774//10093
f 4401//10094 5774//10094 3677//10094
f 4375//10095 5774//10095 4376//10095
f 4375//10096 3935//10096 5774//10096
f 4375//10097 3936//10097 3935//10097
f 4402//10098 4401//10098 3677//10098
f 4374//10099 3937//10099 3936//10099
f 4374//10100 3936//10100 4375//10100
f 4403//10101 4402//10101 3677//10101
f 4403//10102 3677//10102 3680//10102
f 4373//10103 3937//10103 4374//10103
f 4373//10104 3939//10104 3938//10104
f 4373//10105 3938//10105 3937//10105
f 4404//10106 4403//10106 3680//10106
f 4372//10107 3941//10107 3940//10107
f 4372//10108 3940//10108 3939//10108
f 4372//10109 3939//10109 4373//10109
f 4405//10110 4404//10110 3680//10110
f 4371//10111 3941//10111 4372//10111
f 4371//10112 3942//10112 3941//10112
f 4406//10113 4405//10113 3680//10113
f 4370//10114 3942//10114 4371//10114
f 4370//10115 3714//10115 3942//10115
f 4370//10116 3715//10116 3714//10116
f 4407//10117 4406//10117 3680//10117
f 4369//10118 3717//10118 3716//10118
f 4369//10119 3716//10119 3715//10119
f 4369//10120 3715//10120 4370//10120
f 4408//10121 4407//10121 3680//10121
f 4368//10122 3718//10122 3717//10122
f 4368//10123 3717//10123 4369//10123
f 4409//10124 4408//10124 3680//10124
f 4367//10125 3718//10125 4368//10125
f 4367//10126 3720//10126 3719//10126
f 4367//10127 3719//10127 3718//10127
f 4410//10128 4409//10128 3680//10128
f 4366//10129 3721//10129 3720//10129
f 4366//10130 3720//10130 4367//10130
f 4411//10131 4410//10131 3680//10131
f 4365//10132 3721//10132 4366//10132
f 4365//10133 3723//10133 3722//10133
f 4365//10134 3722//10134 3721//10134
f 4412//10135 4411//10135 3680//10135
f 4364//10136 3725//10136 3724//10136
f 4364//10137 3724//10137 3723//10137
f 4364//10138 3723//10138 4365//10138
f 4413//10139 4412//10139 3680//10139
f 4363//10140 3726//10140 3725//10140
f 4363//10141 3725//10141 4364//10141
f 4414//10142 4413//10142 3680//10142
f 4362//10143 3726//10143 4363//10143
f 4362//10144 3728//10144 3727//10144
f 4362//10145 3727//10145 3726//10145
f 4415//10146 4414//10146 3680//10146
f 4361//10147 3730//10147 3729//10147
f 4361//10148 3729//10148 3728//10148
f 4361//10149 3728//10149 4362//10149
f 4416//10150 4415//10150 3680//10150
f 4360//10151 3731//10151 3730//10151
f 4360//10152 3730//10152 4361//10152
f 4417//10153 4416//10153 3680//10153
f 4359//10154 3733//10154 3732//10154
f 4359//10155 3732//10155 3731//10155
f 4359//10156 3731//10156 4360//10156
f 4418//10157 4417//10157 3680//10157
f 4358//10158 3735//10158 3734//10158
f 4358//10159 3734//10159 3733//10159
f 4358//10160 3733//10160 4359//10160
f 4419//10161 4418//10161 3680//10161
f 4357//10162 3736//10162 3735//10162
f 4357//10163 3735//10163 4358//10163
f 4420//10164 4419//10164 3680//10164
f 4356//10165 3738//10165 3737//10165
f 4356//10166 3737//10166 3736//10166
f 4356//10167 3736//10167 4357//10167
f 4421//10168 4420//10168 3680//10168
f 4355//10169 3739//10169 3738//10169
f 4355//10170 3738//10170 4356//10170
f 4422//10171 4421//10171 3680//10171
f 4354//10172 3741//10172 3740//10172
f 4354//10173 3740//10173 3739//10173
f 4354//10174 3739//10174 4355//10174
f 4423//10175 3680//10175 5800//10175
f 4423//10176 4422//10176 3680//10176
f 4353//10177 3743//10177 3742//10177
f 4353//10178 3742//10178 3741//10178
f 4353//10179 3741//10179 4354//10179
f 4424//10180 5800//10180 5801//10180
f 4424//10181 4423//10181 5800//10181
f 4352//10182 3744//10182 3743//10182
f 4352//10183 3743//10183 4353//10183
f 4425//10184 5801//10184 5802//10184
f 4425//10185 4424//10185 5801//10185
f 4351//10186 3744//10186 4352//10186
f 4351//10187 3746//10187 3745//10187
f 4351//10188 3745//10188 3744//10188
f 4426//10189 4425//10189 5802//10189
f 4426//10190 5803//10190 5804//10190
f 4426//10191 5802//10191 5803//10191
f 4350//10192 3747//10192 3746//10192
f 4350//10193 3746//10193 4351//10193
f 4427//10194 4426//10194 5804//10194
f 4427//10195 5804//10195 5805//10195
f 4349//10196 3749//10196 3748//10196
f 4349//10197 3748//10197 3747//10197
f 4349//10198 3747//10198 4350//10198
f 4428//10199 4427//10199 5805//10199
f 4428//10200 5805//10200 5806//10200
f 4348//10201 3750//10201 3749//10201
f 4348//10202 3749//10202 4349//10202
f 4429//10203 4428//10203 5806//10203
f 4429//10204 5806//10204 5807//10204
f 4347//10205 3750//10205 4348//10205
f 4347//10206 3752//10206 3751//10206
f 4347//10207 3751//10207 3750//10207
f 4430//10208 4429//10208 5807//10208
f 4346//10209 3752//10209 4347//10209
f 4346//10210 3753//10210 3752//10210
f 4431//10211 4430//10211 5807//10211
f 4345//10212 3755//10212 3754//10212
f 4345//10213 3754//10213 3753//10213
f 4345//10214 3753//10214 4346//10214
f 4432//10215 4431//10215 5807//10215
f 4344//10216 3756//10216 3755//10216
f 4344//10217 3755//10217 4345//10217
f 4433//10218 4432//10218 5807//10218
f 4343//10219 3757//10219 3756//10219
f 4343//10220 3756//10220 4344//10220
f 4434//10221 4433//10221 5807//10221
f 4342//10222 3757//10222 4343//10222
f 4342//10223 3759//10223 3758//10223
f 4342//10224 3758//10224 3757//10224
f 4435//10225 4434//10225 5807//10225
f 4341//10226 3759//10226 4342//10226
f 4341//10227 3760//10227 3759//10227
f 4436//10228 4435//10228 5807//10228
f 4340//10229 3760//10229 4341//10229
f 4340//10230 3762//10230 3761//10230
f 4340//10231 3761//10231 3760//10231
f 4339//10232 3762//10232 4340//10232
f 4339//10233 3763//10233 3762//10233
f 4338//10234 3763//10234 4339//10234
f 4338//10235 3764//10235 3763//10235
f 4337//10236 3764//10236 4338//10236
f 4337//10237 3766//10237 3765//10237
f 4337//10238 3765//10238 3764//10238
f 5808//10239 5807//10239 5506//10239
f 5808//10240 5506//10240 5525//10240
f 5808//10241 4436//10241 5807//10241
f 5808//10242 4439//10242 4438//10242
f 5808//10243 4438//10243 4437//10243
f 5808//10244 4437//10244 4436//10244
f 4440//10245 4439//10245 5808//10245
f 4336//10246 3766//10246 4337//10246
f 4336//10247 3767//10247 3766//10247
f 4441//10248 4440//10248 5808//10248
f 4335//10249 3767//10249 4336//10249
f 4335//10250 3768//10250 3767//10250
f 4442//10251 4441//10251 5808//10251
f 4334//10252 3769//10252 3768//10252
f 4334//10253 3768//10253 4335//10253
f 4443//10254 5808//10254 5809//10254
f 4443//10255 4442//10255 5808//10255
f 4333//10256 3771//10256 3770//10256
f 4333//10257 3770//10257 3769//10257
f 4333//10258 3769//10258 4334//10258
f 4444//10259 4443//10259 5809//10259
f 4444//10260 5809//10260 5810//10260
f 4332//10261 3771//10261 4333//10261
f 4332//10262 5799//10262 3771//10262
f 4445//10263 4444//10263 5810//10263
f 5811//10264 4445//10264 5810//10264
f 4331//10265 5799//10265 4332//10265
f 4331//10266 5812//10266 5799//10266
f 4446//10267 4445//10267 5811//10267
f 4330//10268 5812//10268 4331//10268
f 4330//10269 5813//10269 5812//10269
f 5814//10270 4446//10270 5811//10270
f 4329//10271 5813//10271 4330//10271
f 4329//10272 5815//10272 5813//10272
f 4328//10273 5815//10273 4329//10273
f 4328//10274 4066//10274 5755//10274
f 4328//10275 5755//10275 5815//10275
f 5816//10276 4446//10276 5814//10276
f 5816//10277 4447//10277 4446//10277
f 5817//10278 4447//10278 5816//10278
f 5817//10279 4448//10279 4447//10279
f 5818//10280 4448//10280 5817//10280
f 5818//10281 4449//10281 4448//10281
f 5819//10282 4449//10282 5818//10282
f 5820//10283 4450//10283 4449//10283
f 5820//10284 4449//10284 5819//10284
f 5821//10285 4450//10285 5820//10285
f 5821//10286 4451//10286 4450//10286
f 5822//10287 4452//10287 4451//10287
f 5822//10288 4451//10288 5821//10288
f 5823//10289 4453//10289 4452//10289
f 5823//10290 4452//10290 5822//10290
f 5824//10291 4453//10291 5823//10291
f 5825//10292 4453//10292 5824//10292
f 5825//10293 4454//10293 4453//10293
f 5826//10294 4454//10294 5825//10294
f 5826//10295 4455//10295 4454//10295
f 5827//10296 4455//10296 5826//10296
f 5827//10297 4456//10297 4455//10297
f 5828//10298 4456//10298 5827//10298
f 5829//10299 4457//10299 4456//10299
f 5829//10300 4456//10300 5828//10300
f 5830//10301 4457//10301 5829//10301
f 5830//10302 4458//10302 4457//10302
f 5831//10303 4458//10303 5830//10303
f 5831//10304 4459//10304 4458//10304
f 5832//10305 4459//10305 5831//10305
f 5832//10306 4460//10306 4459//10306
f 5833//10307 4460//10307 5832//10307
f 5834//10308 4461//10308 4460//10308
f 5834//10309 4460//10309 5833//10309
f 5835//10310 4461//10310 5834//10310
f 5835//10311 4462//10311 4461//10311
f 5836//10312 4462//10312 5835//10312
f 5836//10313 4463//10313 4462//10313
f 5837//10314 4464//10314 4463//10314
f 5837//10315 4463//10315 5836//10315
f 5838//10316 4464//10316 5837//10316
f 5839//10317 4465//10317 4464//10317
f 5839//10318 4464//10318 5838//10318
f 5840//10319 4465//10319 5839//10319
f 5840//10320 4466//10320 4465//10320
f 5841//10321 4466//10321 5840//10321
f 5841//10322 4467//10322 4466//10322
f 5842//10323 4467//10323 5841//10323
f 5842//10324 4468//10324 4467//10324
f 4186//10325 4468//10325 5842//10325
f 4186//10326 4245//10326 4473//10326
f 4186//10327 4473//10327 4472//10327
f 4186//10328 4472//10328 4471//10328
f 4186//10329 4471//10329 4470//10329
f 4186//10330 4470//10330 4469//10330
f 4186//10331 4469//10331 4468//10331
f 4128//10332 4245//10332 4186//10332
f 4128//10333 4251//10333 4250//10333
f 4128//10334 4250//10334 4249//10334
f 4128//10335 4249//10335 4248//10335
f 4128//10336 4248//10336 4247//10336
f 4128//10337 4247//10337 4246//10337
f 4128//10338 4246//10338 4245//10338
f 4068//10339 4315//10339 4314//10339
f 4068//10340 4314//10340 4313//10340
f 4068//10341 4313//10341 4312//10341
f 4068//10342 4312//10342 4311//10342
f 4068//10343 4311//10343 4310//10343
f 4068//10344 4310//10344 4309//10344
f 4068//10345 4309//10345 4308//10345
f 4068//10346 4308//10346 4307//10346
f 4068//10347 4307//10347 4306//10347
f 4068//10348 4306//10348 4305//10348
f 4068//10349 4305//10349 4304//10349
f 4068//10350 4304//10350 4303//10350
f 4068//10351 4303//10351 4302//10351
f 4068//10352 4302//10352 4301//10352
f 4068//10353 4301//10353 4300//10353
f 4068//10354 4300//10354 4299//10354
f 4068//10355 4299//10355 4298//10355
f 4068//10356 4298//10356 4297//10356
f 4068//10357 4297//10357 4296//10357
f 4068//10358 4066//10358 4328//10358
f 4068//10359 4328//10359 4327//10359
f 4068//10360 4327//10360 4326//10360
f 4068//10361 4326//10361 4325//10361
f 4068//10362 4325//10362 4324//10362
f 4068//10363 4324//10363 4323//10363
f 4068//10364 4323//10364 4322//10364
f 4068//10365 4322//10365 4321//10365
f 4068//10366 4321//10366 4320//10366
f 4068//10367 4320//10367 4319//10367
f 4068//10368 4319//10368 4318//10368
f 4068//10369 4318//10369 4317//10369
f 4068//10370 4317//10370 4316//10370
f 4068//10371 4316//10371 4315//10371
f 4184//10372 4068//10372 4296//10372
f 4184//10373 4296//10373 4295//10373
f 4127//10374 4251//10374 4128//10374
f 4127//10375 4252//10375 4251//10375
f 4183//10376 4184//10376 4295//10376
f 4183//10377 4295//10377 4294//10377
f 4129//10378 4252//10378 4127//10378
f 4129//10379 4253//10379 4252//10379
f 4130//10380 4253//10380 4129//10380
f 4130//10381 4254//10381 4253//10381
f 4182//10382 4183//10382 4294//10382
f 4182//10383 4294//10383 4293//10383
f 4181//10384 4182//10384 4293//10384
f 4131//10385 4254//10385 4130//10385
f 4131//10386 4255//10386 4254//10386
f 4180//10387 4181//10387 4293//10387
f 4180//10388 4293//10388 4292//10388
f 4132//10389 4255//10389 4131//10389
f 4179//10390 4180//10390 4292//10390
f 4179//10391 4292//10391 4291//10391
f 4133//10392 4256//10392 4255//10392
f 4133//10393 4255//10393 4132//10393
f 4178//10394 4291//10394 4290//10394
f 4178//10395 4179//10395 4291//10395
f 4134//10396 4256//10396 4133//10396
f 4134//10397 4257//10397 4256//10397
f 4177//10398 4178//10398 4290//10398
f 4177//10399 4290//10399 4289//10399
f 4135//10400 4257//10400 4134//10400
f 4135//10401 4258//10401 4257//10401
f 4136//10402 4258//10402 4135//10402
f 4136//10403 4259//10403 4258//10403
f 4176//10404 4177//10404 4289//10404
f 4137//10405 4259//10405 4136//10405
f 4175//10406 4176//10406 4289//10406
f 4175//10407 4289//10407 4288//10407
f 4138//10408 4260//10408 4259//10408
f 4138//10409 4259//10409 4137//10409
f 4174//10410 4288//10410 4287//10410
f 4174//10411 4175//10411 4288//10411
f 4173//10412 4287//10412 4286//10412
f 4173//10413 4174//10413 4287//10413
f 4139//10414 4260//10414 4138//10414
f 4139//10415 4261//10415 4260//10415
f 4172//10416 4173//10416 4286//10416
f 4140//10417 4261//10417 4139//10417
f 4140//10418 4262//10418 4261//10418
f 4171//10419 4172//10419 4286//10419
f 4171//10420 4286//10420 4285//10420
f 4141//10421 4262//10421 4140//10421
f 4141//10422 4263//10422 4262//10422
f 4142//10423 4263//10423 4141//10423
f 4170//10424 4285//10424 4284//10424
f 4170//10425 4171//10425 4285//10425
f 4143//10426 4263//10426 4142//10426
f 4143//10427 4264//10427 4263//10427
f 4169//10428 4284//10428 4283//10428
f 4169//10429 4170//10429 4284//10429
f 4144//10430 4264//10430 4143//10430
f 4144//10431 4265//10431 4264//10431
f 4168//10432 4283//10432 4282//10432
f 4168//10433 4169//10433 4283//10433
f 4145//10434 4266//10434 4265//10434
f 4145//10435 4265//10435 4144//10435
f 4167//10436 4168//10436 4282//10436
f 4146//10437 4266//10437 4145//10437
f 4166//10438 4282//10438 4281//10438
f 4166//10439 4167//10439 4282//10439
f 4147//10440 4267//10440 4266//10440
f 4147//10441 4266//10441 4146//10441
f 4165//10442 4281//10442 4280//10442
f 4165//10443 4166//10443 4281//10443
f 4148//10444 4267//10444 4147//10444
f 4148//10445 4268//10445 4267//10445
f 4164//10446 4280//10446 4279//10446
f 4164//10447 4165//10447 4280//10447
f 4149//10448 4269//10448 4268//10448
f 4149//10449 4268//10449 4148//10449
f 4163//10450 4164//10450 4279//10450
f 4150//10451 4269//10451 4149//10451
f 4162//10452 4279//10452 4278//10452
f 4162//10453 4163//10453 4279//10453
f 4151//10454 4270//10454 4269//10454
f 4151//10455 4269//10455 4150//10455
f 4161//10456 4278//10456 4277//10456
f 4161//10457 4162//10457 4278//10457
f 4160//10458 4277//10458 4276//10458
f 4160//10459 4161//10459 4277//10459
f 4152//10460 4271//10460 4270//10460
f 4152//10461 4270//10461 4151//10461
f 4153//10462 4272//10462 4271//10462
f 4153//10463 4271//10463 4152//10463
f 4159//10464 4160//10464 4276//10464
f 4154//10465 4272//10465 4153//10465
f 4158//10466 4276//10466 4275//10466
f 4158//10467 4159//10467 4276//10467
f 4155//10468 4272//10468 4154//10468
f 4155//10469 4273//10469 4272//10469
f 4157//10470 4158//10470 4275//10470
f 4157//10471 4275//10471 4274//10471
f 4156//10472 4157//10472 4274//10472
f 4156//10473 4273//10473 4155//10473
f 4156//10474 4274//10474 4273//10474
f 5678//10475 5774//10475 3886//10475
f 3886//10476 5774//10476 3887//10476
f 5678//10477 3886//10477 3885//10477
f 5491//10478 5460//10478 3390//10478
f 3390//10479 5460//10479 3391//10479
f 5491//10480 3390//10480 3389//10480
f 3562//10481 3563//10481 3599//10481
f 3599//10482 3674//10482 3598//10482
f 3563//10483 3674//10483 3599//10483
f 3598//10484 3673//10484 3597//10484
f 3674//10485 3673//10485 3598//10485
f 3673//10486 3672//10486 3597//10486
f 3597//10487 3671//10487 3596//10487
f 3672//10488 3671//10488 3597//10488
f 3595//10489 3670//10489 3594//10489
f 3596//10490 3670//10490 3595//10490
f 3671//10491 3670//10491 3596//10491
f 3670//10492 3669//10492 3594//10492
f 3594//10493 3668//10493 3593//10493
f 3669//10494 3668//10494 3594//10494
f 3592//10495 3667//10495 3591//10495
f 3593//10496 3667//10496 3592//10496
f 3668//10497 3667//10497 3593//10497
f 3667//10498 3666//10498 3591//10498
f 3591//10499 3665//10499 3590//10499
f 3666//10500 3665//10500 3591//10500
f 3590//10501 3664//10501 3589//10501
f 3665//10502 3664//10502 3590//10502
f 3589//10503 3663//10503 3588//10503
f 3664//10504 3663//10504 3589//10504
f 3588//10505 3662//10505 3587//10505
f 3663//10506 3662//10506 3588//10506
f 3587//10507 3661//10507 3586//10507
f 3662//10508 3661//10508 3587//10508
f 3586//10509 3660//10509 3585//10509
f 3661//10510 3660//10510 3586//10510
f 3585//10511 3659//10511 3584//10511
f 3660//10512 3659//10512 3585//10512
f 3584//10513 3658//10513 3583//10513
f 3659//10514 3658//10514 3584//10514
f 3658//10515 3657//10515 3583//10515
f 3582//10516 3657//10516 3581//10516
f 3583//10517 3657//10517 3582//10517
f 3657//10518 3656//10518 3581//10518
f 3656//10519 3655//10519 3581//10519
f 3580//10520 3655//10520 3579//10520
f 3581//10521 3655//10521 3580//10521
f 3655//10522 3654//10522 3579//10522
f 3579//10523 3652//10523 3577//10523
f 3654//10524 3652//10524 3579//10524
f 3577//10525 3651//10525 3576//10525
f 3652//10526 3651//10526 3577//10526
f 3576//10527 3650//10527 3575//10527
f 3651//10528 3650//10528 3576//10528
f 3574//10529 3649//10529 3573//10529
f 3575//10530 3649//10530 3574//10530
f 3650//10531 3649//10531 3575//10531
f 3649//10532 3648//10532 3573//10532
f 3572//10533 3647//10533 3571//10533
f 3573//10534 3647//10534 3572//10534
f 3648//10535 3647//10535 3573//10535
f 3647//10536 3646//10536 3571//10536
f 3570//10537 3645//10537 3569//10537
f 3571//10538 3645//10538 3570//10538
f 3646//10539 3645//10539 3571//10539
f 3645//10540 3644//10540 3569//10540
f 3568//10541 3643//10541 3567//10541
f 3569//10542 3643//10542 3568//10542
f 3644//10543 3643//10543 3569//10543
f 3643//10544 3642//10544 3567//10544
f 3565//10545 3639//10545 3566//10545
f 3567//10546 3639//10546 3565//10546
f 3642//10547 3639//10547 3567//10547
f 3639//10548 3641//10548 3566//10548
f 3566//10549 5843//10549 5844//10549
f 3641//10550 5843//10550 3566//10550
f 5844//10551 5845//10551 5846//10551
f 5843//10552 5845//10552 5844//10552
f 5846//10553 5847//10553 5848//10553
f 5845//10554 5847//10554 5846//10554
f 5848//10555 5849//10555 5850//10555
f 5847//10556 5849//10556 5848//10556
f 5850//10557 5851//10557 5852//10557
f 5849//10558 5851//10558 5850//10558
f 5852//10559 5853//10559 5854//10559
f 5851//10560 5853//10560 5852//10560
f 5854//10561 5855//10561 5856//10561
f 5853//10562 5855//10562 5854//10562
f 5856//10563 5857//10563 5858//10563
f 5855//10564 5857//10564 5856//10564
f 5858//10565 5859//10565 5860//10565
f 5857//10566 5859//10566 5858//10566
f 5859//10567 5861//10567 5860//10567
f 5860//10568 5861//10568 5862//10568
f 5861//10569 5863//10569 5862//10569
f 5862//10570 5863//10570 5864//10570
f 5863//10571 5865//10571 5864//10571
f 5864//10572 5865//10572 5866//10572
f 5865//10573 5867//10573 5866//10573
f 5866//10574 5867//10574 5868//10574
f 5867//10575 5869//10575 5868//10575
f 5868//10576 5869//10576 5870//10576
f 5869//10577 5871//10577 5870//10577
f 5870//10578 5871//10578 5872//10578
f 5871//10579 5873//10579 5872//10579
f 5872//10580 5873//10580 5874//10580
f 5873//10581 5875//10581 5874//10581
f 5874//10582 5875//10582 5876//10582
f 5875//10583 5877//10583 5876//10583
f 5876//10584 5877//10584 5878//10584
f 5877//10585 5879//10585 5878//10585
f 5878//10586 5879//10586 5880//10586
f 5879//10587 5881//10587 5880//10587
f 5880//10588 5881//10588 5882//10588
f 5881//10589 5883//10589 5882//10589
f 5882//10590 5883//10590 5884//10590
f 5883//10591 5885//10591 5884//10591
f 5884//10592 5885//10592 5886//10592
f 5886//10593 5887//10593 5888//10593
f 5885//10594 5887//10594 5886//10594
f 5888//10595 5889//10595 5890//10595
f 5887//10596 5889//10596 5888//10596
f 5890//10597 5891//10597 5892//10597
f 5889//10598 5891//10598 5890//10598
f 5892//10599 5893//10599 5894//10599
f 5891//10600 5893//10600 5892//10600
f 5894//10601 5895//10601 5896//10601
f 5893//10602 5895//10602 5894//10602
f 5896//10603 5532//10603 5374//10603
f 5895//10604 5532//10604 5896//10604
f 5894//10605 5383//10605 5892//10605
f 5383//10606 5890//10606 5892//10606
f 5383//10607 5888//10607 5890//10607
f 5886//10608 5385//10608 5884//10608
f 5888//10609 5385//10609 5886//10609
f 5383//10610 5385//10610 5888//10610
f 5385//10611 5882//10611 5884//10611
f 5878//10612 5386//10612 5876//10612
f 5880//10613 5386//10613 5878//10613
f 5882//10614 5386//10614 5880//10614
f 5385//10615 5386//10615 5882//10615
f 5386//10616 5874//10616 5876//10616
f 5870//10617 5388//10617 5868//10617
f 5872//10618 5388//10618 5870//10618
f 5874//10619 5388//10619 5872//10619
f 5386//10620 5388//10620 5874//10620
f 5864//10621 5390//10621 5862//10621
f 5866//10622 5390//10622 5864//10622
f 5868//10623 5390//10623 5866//10623
f 5388//10624 5390//10624 5868//10624
f 5856//10625 5392//10625 5854//10625
f 5858//10626 5392//10626 5856//10626
f 5860//10627 5392//10627 5858//10627
f 5862//10628 5392//10628 5860//10628
f 5390//10629 5392//10629 5862//10629
f 5850//10630 5393//10630 5848//10630
f 5852//10631 5393//10631 5850//10631
f 5854//10632 5393//10632 5852//10632
f 5392//10633 5393//10633 5854//10633
f 5844//10634 3564//10634 3566//10634
f 5846//10635 3564//10635 5844//10635
f 5848//10636 3564//10636 5846//10636
f 5393//10637 3564//10637 5848//10637
f 5374//10638 5383//10638 5896//10638
f 5896//10639 5383//10639 5894//10639
f 5460//10640 5897//10640 3578//10640
f 3578//10641 5897//10641 3601//10641
f 3602//10642 3601//10642 5897//10642
f 3602//10643 5897//10643 5898//10643
f 5898//10644 5491//10644 3600//10644
f 5898//10645 3600//10645 3602//10645
f 5504//10646 5899//10646 5900//10646
f 5901//10647 5504//10647 5900//10647
f 5902//10648 5504//10648 5901//10648
f 5502//10649 5903//10649 5904//10649
f 5502//10650 5902//10650 5903//10650
f 5502//10651 5504//10651 5902//10651
f 5905//10652 5502//10652 5904//10652
f 5500//10653 5906//10653 5907//10653
f 5500//10654 5908//10654 5906//10654
f 5500//10655 5905//10655 5908//10655
f 5500//10656 5502//10656 5905//10656
f 5909//10657 5500//10657 5907//10657
f 5498//10658 5910//10658 5911//10658
f 5498//10659 5912//10659 5910//10659
f 5498//10660 5909//10660 5912//10660
f 5498//10661 5500//10661 5909//10661
f 5496//10662 5913//10662 5914//10662
f 5496//10663 5915//10663 5913//10663
f 5496//10664 5911//10664 5915//10664
f 5496//10665 5498//10665 5911//10665
f 5494//10666 5916//10666 5917//10666
f 5494//10667 5918//10667 5916//10667
f 5494//10668 5919//10668 5918//10668
f 5494//10669 5914//10669 5919//10669
f 5494//10670 5496//10670 5914//10670
f 5492//10671 5920//10671 5921//10671
f 5492//10672 5922//10672 5920//10672
f 5492//10673 5917//10673 5922//10673
f 5492//10674 5494//10674 5917//10674
f 3626//10675 5923//10675 3638//10675
f 3626//10676 5924//10676 5923//10676
f 3626//10677 5921//10677 5924//10677
f 3626//10678 5492//10678 5921//10678
f 5504//10679 5506//10679 5925//10679
f 5504//10680 5925//10680 5899//10680
f 3712//10681 3713//10681 3603//10681
f 3712//10682 3603//10682 3604//10682
f 3711//10683 3604//10683 3605//10683
f 3711//10684 3712//10684 3604//10684
f 3710//10685 3605//10685 3606//10685
f 3710//10686 3606//10686 3607//10686
f 3710//10687 3711//10687 3605//10687
f 3709//10688 3710//10688 3607//10688
f 3708//10689 3607//10689 3608//10689
f 3708//10690 3709//10690 3607//10690
f 3707//10691 3608//10691 3609//10691
f 3707//10692 3609//10692 3610//10692
f 3707//10693 3708//10693 3608//10693
f 3706//10694 3610//10694 3611//10694
f 3706//10695 3707//10695 3610//10695
f 3705//10696 3706//10696 3611//10696
f 3704//10697 3611//10697 3612//10697
f 3704//10698 3705//10698 3611//10698
f 3703//10699 3612//10699 3613//10699
f 3703//10700 3704//10700 3612//10700
f 3702//10701 3613//10701 3614//10701
f 3702//10702 3703//10702 3613//10702
f 3701//10703 3614//10703 3615//10703
f 3701//10704 3702//10704 3614//10704
f 3700//10705 3615//10705 3616//10705
f 3700//10706 3701//10706 3615//10706
f 3699//10707 3616//10707 3617//10707
f 3699//10708 3700//10708 3616//10708
f 3698//10709 3617//10709 3618//10709
f 3698//10710 3699//10710 3617//10710
f 3697//10711 3618//10711 3619//10711
f 3697//10712 3698//10712 3618//10712
f 3696//10713 3619//10713 3620//10713
f 3696//10714 3620//10714 3621//10714
f 3696//10715 3697//10715 3619//10715
f 3695//10716 3696//10716 3621//10716
f 3694//10717 3695//10717 3621//10717
f 3694//10718 3621//10718 3622//10718
f 3694//10719 3622//10719 3623//10719
f 3693//10720 3694//10720 3623//10720
f 3692//10721 3693//10721 3623//10721
f 3692//10722 3623//10722 3624//10722
f 3692//10723 3624//10723 3625//10723
f 3691//10724 3692//10724 3625//10724
f 3690//10725 3691//10725 3625//10725
f 3690//10726 3625//10726 3627//10726
f 3690//10727 3627//10727 3628//10727
f 3688//10728 3690//10728 3628//10728
f 3686//10729 3688//10729 3628//10729
f 3686//10730 3628//10730 3629//10730
f 3684//10731 3629//10731 3630//10731
f 3684//10732 3630//10732 3631//10732
f 3684//10733 3686//10733 3629//10733
f 3682//10734 3684//10734 3631//10734
f 3678//10735 3631//10735 3632//10735
f 3678//10736 3682//10736 3631//10736
f 3679//10737 3632//10737 3633//10737
f 3679//10738 3633//10738 3634//10738
f 3679//10739 3678//10739 3632//10739
f 3681//10740 3679//10740 3634//10740
f 3683//10741 3634//10741 3635//10741
f 3683//10742 3681//10742 3634//10742
f 3685//10743 3635//10743 3636//10743
f 3685//10744 3683//10744 3635//10744
f 3687//10745 3636//10745 3637//10745
f 3687//10746 3685//10746 3636//10746
f 3689//10747 3637//10747 3638//10747
f 3689//10748 3638//10748 5923//10748
f 3689//10749 3687//10749 3637//10749
f 5926//10750 5923//10750 5924//10750
f 5926//10751 3689//10751 5923//10751
f 5927//10752 5924//10752 5921//10752
f 5927//10753 5926//10753 5924//10753
f 5928//10754 5921//10754 5920//10754
f 5928//10755 5927//10755 5921//10755
f 5929//10756 5920//10756 5922//10756
f 5929//10757 5928//10757 5920//10757
f 5930//10758 5922//10758 5917//10758
f 5930//10759 5929//10759 5922//10759
f 5931//10760 5917//10760 5916//10760
f 5931//10761 5930//10761 5917//10761
f 5932//10762 5916//10762 5918//10762
f 5932//10763 5931//10763 5916//10763
f 5933//10764 5918//10764 5919//10764
f 5933//10765 5932//10765 5918//10765
f 5934//10766 5933//10766 5919//10766
f 5934//10767 5919//10767 5914//10767
f 5935//10768 5934//10768 5914//10768
f 5935//10769 5914//10769 5913//10769
f 5936//10770 5935//10770 5913//10770
f 5936//10771 5913//10771 5915//10771
f 5937//10772 5936//10772 5915//10772
f 5937//10773 5915//10773 5911//10773
f 5938//10774 5937//10774 5911//10774
f 5938//10775 5911//10775 5910//10775
f 5939//10776 5938//10776 5910//10776
f 5939//10777 5910//10777 5912//10777
f 5940//10778 5939//10778 5912//10778
f 5940//10779 5912//10779 5909//10779
f 5941//10780 5940//10780 5909//10780
f 5941//10781 5909//10781 5907//10781
f 5942//10782 5941//10782 5907//10782
f 5942//10783 5907//10783 5906//10783
f 5943//10784 5942//10784 5906//10784
f 5943//10785 5906//10785 5908//10785
f 5944//10786 5943//10786 5908//10786
f 5944//10787 5908//10787 5905//10787
f 5945//10788 5944//10788 5905//10788
f 5945//10789 5905//10789 5904//10789
f 5946//10790 5945//10790 5904//10790
f 5946//10791 5904//10791 5903//10791
f 5947//10792 5946//10792 5903//10792
f 5947//10793 5903//10793 5902//10793
f 5948//10794 5902//10794 5901//10794
f 5948//10795 5947//10795 5902//10795
f 5949//10796 5901//10796 5900//10796
f 5949//10797 5948//10797 5901//10797
f 5950//10798 5900//10798 5899//10798
f 5950//10799 5949//10799 5900//10799
f 5951//10800 5899//10800 5925//10800
f 5951//10801 5950//10801 5899//10801
f 5952//10802 5925//10802 5506//10802
f 5952//10803 5951//10803 5925//10803
f 5807//10804 5952//10804 5506//10804
f 5951//10805 5806//10805 5950//10805
f 5806//10806 5949//10806 5950//10806
f 5806//10807 5948//10807 5949//10807
f 5947//10808 5805//10808 5946//10808
f 5948//10809 5805//10809 5947//10809
f 5806//10810 5805//10810 5948//10810
f 5805//10811 5945//10811 5946//10811
f 5943//10812 5804//10812 5942//10812
f 5944//10813 5804//10813 5943//10813
f 5945//10814 5804//10814 5944//10814
f 5805//10815 5804//10815 5945//10815
f 5804//10816 5941//10816 5942//10816
f 5939//10817 5803//10817 5938//10817
f 5940//10818 5803//10818 5939//10818
f 5941//10819 5803//10819 5940//10819
f 5804//10820 5803//10820 5941//10820
f 5936//10821 5802//10821 5935//10821
f 5937//10822 5802//10822 5936//10822
f 5938//10823 5802//10823 5937//10823
f 5803//10824 5802//10824 5938//10824
f 5932//10825 5801//10825 5931//10825
f 5933//10826 5801//10826 5932//10826
f 5934//10827 5801//10827 5933//10827
f 5935//10828 5801//10828 5934//10828
f 5802//10829 5801//10829 5935//10829
f 5929//10830 5800//10830 5928//10830
f 5930//10831 5800//10831 5929//10831
f 5931//10832 5800//10832 5930//10832
f 5801//10833 5800//10833 5931//10833
f 5926//10834 3680//10834 3689//10834
f 5927//10835 3680//10835 5926//10835
f 5928//10836 3680//10836 5927//10836
f 5800//10837 3680//10837 5928//10837
f 5807//10838 5806//10838 5952//10838
f 5952//10839 5806//10839 5951//10839
f 3675//10840 3677//10840 5774//10840
f 3675//10841 5774//10841 5953//10841
f 5953//10842 5954//10842 3676//10842
f 5953//10843 3676//10843 3675//10843
f 3653//10844 3676//10844 5678//10844
f 5678//10845 3676//10845 5954//10845
f 5593//10846 5893//10846 5891//10846
f 5889//10847 5593//10847 5891//10847
f 5887//10848 5593//10848 5889//10848
f 5597//10849 5885//10849 5883//10849
f 5597//10850 5887//10850 5885//10850
f 5597//10851 5593//10851 5887//10851
f 5881//10852 5597//10852 5883//10852
f 5598//10853 5877//10853 5875//10853
f 5598//10854 5879//10854 5877//10854
f 5598//10855 5881//10855 5879//10855
f 5598//10856 5597//10856 5881//10856
f 5873//10857 5598//10857 5875//10857
f 5602//10858 5869//10858 5867//10858
f 5602//10859 5871//10859 5869//10859
f 5602//10860 5873//10860 5871//10860
f 5602//10861 5598//10861 5873//10861
f 5606//10862 5863//10862 5861//10862
f 5606//10863 5865//10863 5863//10863
f 5606//10864 5867//10864 5865//10864
f 5606//10865 5602//10865 5867//10865
f 5611//10866 5855//10866 5853//10866
f 5611//10867 5857//10867 5855//10867
f 5611//10868 5859//10868 5857//10868
f 5611//10869 5861//10869 5859//10869
f 5611//10870 5606//10870 5861//10870
f 5612//10871 5849//10871 5847//10871
f 5612//10872 5851//10872 5849//10872
f 5612//10873 5853//10873 5851//10873
f 5612//10874 5611//10874 5853//10874
f 3640//10875 5843//10875 3641//10875
f 3640//10876 5845//10876 5843//10876
f 3640//10877 5847//10877 5845//10877
f 3640//10878 5612//10878 5847//10878
f 5593//10879 5532//10879 5895//10879
f 5593//10880 5895//10880 5893//10880
f 3948//10881 3950//10881 5955//10881
f 3950//10882 5292//10882 5955//10882
f 5955//10883 5295//10883 5956//10883
f 5292//10884 5295//10884 5955//10884
f 5956//10885 5298//10885 5957//10885
f 5295//10886 5298//10886 5956//10886
f 5957//10887 5299//10887 5958//10887
f 5298//10888 5299//10888 5957//10888
f 5958//10889 5302//10889 5959//10889
f 5299//10890 5302//10890 5958//10890
f 5959//10891 5305//10891 5960//10891
f 5302//10892 5305//10892 5959//10892
f 5305//10893 5308//10893 5960//10893
f 5960//10894 5308//10894 5961//10894
f 5308//10895 5311//10895 5961//10895
f 5961//10896 5311//10896 5962//10896
f 5962//10897 5312//10897 5963//10897
f 5311//10898 5312//10898 5962//10898
f 5963//10899 5315//10899 5964//10899
f 5312//10900 5315//10900 5963//10900
f 5964//10901 5318//10901 5965//10901
f 5315//10902 5318//10902 5964//10902
f 5965//10903 5321//10903 5966//10903
f 5318//10904 5321//10904 5965//10904
f 5966//10905 5324//10905 5967//10905
f 5321//10906 5324//10906 5966//10906
f 5967//10907 5325//10907 5968//10907
f 5324//10908 5325//10908 5967//10908
f 5968//10909 5328//10909 5969//10909
f 5325//10910 5328//10910 5968//10910
f 5969//10911 5331//10911 5970//10911
f 5328//10912 5331//10912 5969//10912
f 5970//10913 5334//10913 5971//10913
f 5331//10914 5334//10914 5970//10914
f 5971//10915 5335//10915 5972//10915
f 5334//10916 5335//10916 5971//10916
f 5335//10917 5973//10917 5972//10917
f 5335//10918 5338//10918 5973//10918
f 5338//10919 5974//10919 5973//10919
f 5338//10920 5341//10920 5974//10920
f 5341//10921 5975//10921 5974//10921
f 5975//10922 5344//10922 5976//10922
f 5341//10923 5344//10923 5975//10923
f 5976//10924 5347//10924 5977//10924
f 5344//10925 5347//10925 5976//10925
f 5347//10926 5978//10926 5977//10926
f 5347//10927 5348//10927 5978//10927
f 5348//10928 5979//10928 5978//10928
f 5979//10929 5351//10929 5980//10929
f 5348//10930 5351//10930 5979//10930
f 5351//10931 5981//10931 5980//10931
f 5351//10932 5354//10932 5981//10932
f 5354//10933 5982//10933 5981//10933
f 5982//10934 5356//10934 5983//10934
f 5354//10935 5356//10935 5982//10935
f 5356//10936 5984//10936 5983//10936
f 5356//10937 5357//10937 5984//10937
f 5357//10938 5985//10938 5984//10938
f 5985//10939 5359//10939 5986//10939
f 5357//10940 5359//10940 5985//10940
f 5359//10941 5987//10941 5986//10941
f 5359//10942 5361//10942 5987//10942
f 5361//10943 5988//10943 5987//10943
f 5361//10944 5989//10944 5988//10944
f 5361//10945 5363//10945 5989//10945
f 5363//10946 5990//10946 5989//10946
f 5363//10947 5991//10947 5990//10947
f 5363//10948 5364//10948 5991//10948
f 5364//10949 5992//10949 5991//10949
f 5364//10950 5993//10950 5992//10950
f 5364//10951 5366//10951 5993//10951
f 5994//10952 3945//10952 3948//10952
f 5994//10953 3948//10953 5955//10953
f 5995//10954 5955//10954 5956//10954
f 5995//10955 5994//10955 5955//10955
f 5996//10956 5956//10956 5957//10956
f 5996//10957 5995//10957 5956//10957
f 5997//10958 5996//10958 5957//10958
f 5997//10959 5957//10959 5958//10959
f 5998//10960 5997//10960 5958//10960
f 5998//10961 5958//10961 5959//10961
f 5999//10962 5959//10962 5960//10962
f 5999//10963 5998//10963 5959//10963
f 6000//10964 5999//10964 5960//10964
f 6000//10965 5960//10965 5961//10965
f 6001//10966 5961//10966 5962//10966
f 6001//10967 6000//10967 5961//10967
f 6002//10968 5962//10968 5963//10968
f 6002//10969 6001//10969 5962//10969
f 6003//10970 5963//10970 5964//10970
f 6003//10971 6002//10971 5963//10971
f 6004//10972 5964//10972 5965//10972
f 6004//10973 6003//10973 5964//10973
f 6005//10974 5965//10974 5966//10974
f 6005//10975 6004//10975 5965//10975
f 6006//10976 5966//10976 5967//10976
f 6006//10977 6005//10977 5966//10977
f 6007//10978 5967//10978 5968//10978
f 6007//10979 6006//10979 5967//10979
f 6008//10980 5968//10980 5969//10980
f 6008//10981 6007//10981 5968//10981
f 6009//10982 5969//10982 5970//10982
f 6009//10983 6008//10983 5969//10983
f 6010//10984 5970//10984 5971//10984
f 6010//10985 6009//10985 5970//10985
f 6011//10986 5971//10986 5972//10986
f 6011//10987 6010//10987 5971//10987
f 6012//10988 5972//10988 5973//10988
f 6012//10989 6011//10989 5972//10989
f 6013//10990 5973//10990 5974//10990
f 6013//10991 6012//10991 5973//10991
f 6014//10992 5974//10992 5975//10992
f 6014//10993 6013//10993 5974//10993
f 6015//10994 5975//10994 5976//10994
f 6015//10995 6014//10995 5975//10995
f 6016//10996 5976//10996 5977//10996
f 6016//10997 5977//10997 5978//10997
f 6016//10998 6015//10998 5976//10998
f 6017//10999 5978//10999 5979//10999
f 6017//11000 6016//11000 5978//11000
f 6018//11001 5979//11001 5980//11001
f 6018//11002 6017//11002 5979//11002
f 6019//11003 5980//11003 5981//11003
f 6019//11004 6018//11004 5980//11004
f 6020//11005 5981//11005 5982//11005
f 6020//11006 6019//11006 5981//11006
f 6021//11007 5982//11007 5983//11007
f 6021//11008 6020//11008 5982//11008
f 6022//11009 5983//11009 5984//11009
f 6022//11010 6021//11010 5983//11010
f 6023//11011 6022//11011 5984//11011
f 6023//11012 5984//11012 5985//11012
f 6024//11013 6023//11013 5985//11013
f 6024//11014 5985//11014 5986//11014
f 6025//11015 6024//11015 5986//11015
f 6025//11016 5986//11016 5987//11016
f 6026//11017 6025//11017 5987//11017
f 6026//11018 5987//11018 5988//11018
f 6027//11019 6026//11019 5988//11019
f 6027//11020 5988//11020 5989//11020
f 6028//11021 6027//11021 5989//11021
f 6028//11022 5989//11022 5990//11022
f 6029//11023 6028//11023 5990//11023
f 6029//11024 5990//11024 5991//11024
f 6030//11025 6029//11025 5991//11025
f 6030//11026 5991//11026 5992//11026
f 6031//11027 6030//11027 5992//11027
f 6031//11028 5992//11028 5993//11028
f 6032//11029 5993//11029 5366//11029
f 6032//11030 6031//11030 5993//11030
f 5533//11031 6032//11031 5366//11031
f 3946//11032 3945//11032 5994//11032
f 5614//11033 3946//11033 5994//11033
f 5608//11034 5994//11034 5995//11034
f 5608//11035 5614//11035 5994//11035
f 5609//11036 5995//11036 5996//11036
f 5609//11037 5608//11037 5995//11037
f 5604//11038 5996//11038 5997//11038
f 5604//11039 5609//11039 5996//11039
f 5600//11040 5997//11040 5998//11040
f 5600//11041 5604//11041 5997//11041
f 5595//11042 5998//11042 5999//11042
f 5595//11043 5600//11043 5998//11043
f 5590//11044 5595//11044 5999//11044
f 5590//11045 5999//11045 6000//11045
f 5591//11046 5590//11046 6000//11046
f 5591//11047 6000//11047 6001//11047
f 5587//11048 6001//11048 6002//11048
f 5587//11049 5591//11049 6001//11049
f 5584//11050 6002//11050 6003//11050
f 5584//11051 5587//11051 6002//11051
f 5581//11052 6003//11052 6004//11052
f 5581//11053 5584//11053 6003//11053
f 5577//11054 6004//11054 6005//11054
f 5577//11055 5581//11055 6004//11055
f 5578//11056 6005//11056 6006//11056
f 5578//11057 5577//11057 6005//11057
f 5574//11058 6006//11058 6007//11058
f 5574//11059 5578//11059 6006//11059
f 5571//11060 6007//11060 6008//11060
f 5571//11061 5574//11061 6007//11061
f 5567//11062 6008//11062 6009//11062
f 5567//11063 5571//11063 6008//11063
f 5568//11064 6009//11064 6010//11064
f 5568//11065 5567//11065 6009//11065
f 5564//11066 6010//11066 6011//11066
f 5564//11067 5568//11067 6010//11067
f 6012//11068 5564//11068 6011//11068
f 5561//11069 5564//11069 6012//11069
f 6013//11070 5561//11070 6012//11070
f 5558//11071 5561//11071 6013//11071
f 6014//11072 5558//11072 6013//11072
f 5554//11073 6014//11073 6015//11073
f 5554//11074 5558//11074 6014//11074
f 5555//11075 6015//11075 6016//11075
f 5555//11076 5554//11076 6015//11076
f 6017//11077 5555//11077 6016//11077
f 5551//11078 5555//11078 6017//11078
f 6018//11079 5551//11079 6017//11079
f 5548//11080 6018//11080 6019//11080
f 5548//11081 5551//11081 6018//11081
f 6020//11082 5548//11082 6019//11082
f 5544//11083 5548//11083 6020//11083
f 6021//11084 5544//11084 6020//11084
f 5545//11085 6021//11085 6022//11085
f 5545//11086 5544//11086 6021//11086
f 6023//11087 5545//11087 6022//11087
f 5541//11088 5545//11088 6023//11088
f 6024//11089 5541//11089 6023//11089
f 5535//11090 6024//11090 6025//11090
f 5535//11091 5541//11091 6024//11091
f 6026//11092 5535//11092 6025//11092
f 5536//11093 5535//11093 6026//11093
f 6027//11094 5536//11094 6026//11094
f 6028//11095 5536//11095 6027//11095
f 5538//11096 5536//11096 6028//11096
f 6029//11097 5538//11097 6028//11097
f 6030//11098 5538//11098 6029//11098
f 5539//11099 5538//11099 6030//11099
f 6031//11100 5539//11100 6030//11100
f 6032//11101 5539//11101 6031//11101
f 5533//11102 5539//11102 6032//11102
f 4185//11103 4186//11103 6033//11103
f 4186//11104 5842//11104 6033//11104
f 6033//11105 5841//11105 6034//11105
f 5842//11106 5841//11106 6033//11106
f 6034//11107 5840//11107 6035//11107
f 5841//11108 5840//11108 6034//11108
f 6035//11109 5839//11109 6036//11109
f 5840//11110 5839//11110 6035//11110
f 6036//11111 5838//11111 6037//11111
f 5839//11112 5838//11112 6036//11112
f 6037//11113 5837//11113 6038//11113
f 5838//11114 5837//11114 6037//11114
f 5837//11115 5836//11115 6038//11115
f 6038//11116 5836//11116 6039//11116
f 5836//11117 5835//11117 6039//11117
f 6039//11118 5835//11118 6040//11118
f 6040//11119 5834//11119 6041//11119
f 5835//11120 5834//11120 6040//11120
f 6041//11121 5833//11121 6042//11121
f 5834//11122 5833//11122 6041//11122
f 6042//11123 5832//11123 6043//11123
f 5833//11124 5832//11124 6042//11124
f 6043//11125 5831//11125 6044//11125
f 5832//11126 5831//11126 6043//11126
f 6044//11127 5830//11127 6045//11127
f 5831//11128 5830//11128 6044//11128
f 6045//11129 5829//11129 6046//11129
f 5830//11130 5829//11130 6045//11130
f 6046//11131 5828//11131 6047//11131
f 5829//11132 5828//11132 6046//11132
f 6047//11133 5827//11133 6048//11133
f 5828//11134 5827//11134 6047//11134
f 6048//11135 5826//11135 6049//11135
f 5827//11136 5826//11136 6048//11136
f 6049//11137 5825//11137 6050//11137
f 5826//11138 5825//11138 6049//11138
f 5825//11139 6051//11139 6050//11139
f 5825//11140 5824//11140 6051//11140
f 5824//11141 6052//11141 6051//11141
f 5824//11142 5823//11142 6052//11142
f 5823//11143 6053//11143 6052//11143
f 6053//11144 5822//11144 6054//11144
f 5823//11145 5822//11145 6053//11145
f 6054//11146 5821//11146 6055//11146
f 5822//11147 5821//11147 6054//11147
f 5821//11148 6056//11148 6055//11148
f 5821//11149 5820//11149 6056//11149
f 5820//11150 6057//11150 6056//11150
f 6057//11151 5819//11151 6058//11151
f 5820//11152 5819//11152 6057//11152
f 5819//11153 6059//11153 6058//11153
f 5819//11154 5818//11154 6059//11154
f 5818//11155 6060//11155 6059//11155
f 6060//11156 5817//11156 6061//11156
f 5818//11157 5817//11157 6060//11157
f 5817//11158 6062//11158 6061//11158
f 5817//11159 5816//11159 6062//11159
f 5816//11160 6063//11160 6062//11160
f 6063//11161 5814//11161 6064//11161
f 5816//11162 5814//11162 6063//11162
f 5814//11163 6065//11163 6064//11163
f 5814//11164 5811//11164 6065//11164
f 5811//11165 6066//11165 6065//11165
f 5811//11166 6067//11166 6066//11166
f 5811//11167 5810//11167 6067//11167
f 5810//11168 6068//11168 6067//11168
f 5810//11169 6069//11169 6068//11169
f 5810//11170 5809//11170 6069//11170
f 5809//11171 6070//11171 6069//11171
f 5809//11172 6071//11172 6070//11172
f 5809//11173 5808//11173 6071//11173
f 4185//11174 6033//11174 4187//11174
f 4187//11175 6033//11175 6072//11175
f 6072//11176 6034//11176 6073//11176
f 6033//11177 6034//11177 6072//11177
f 6073//11178 6035//11178 6074//11178
f 6034//11179 6035//11179 6073//11179
f 6035//11180 6036//11180 6074//11180
f 6074//11181 6036//11181 6075//11181
f 6036//11182 6037//11182 6075//11182
f 6075//11183 6037//11183 6076//11183
f 6076//11184 6038//11184 6077//11184
f 6037//11185 6038//11185 6076//11185
f 6038//11186 6039//11186 6077//11186
f 6077//11187 6039//11187 6078//11187
f 6078//11188 6040//11188 6079//11188
f 6039//11189 6040//11189 6078//11189
f 6079//11190 6041//11190 6080//11190
f 6040//11191 6041//11191 6079//11191
f 6080//11192 6042//11192 6081//11192
f 6041//11193 6042//11193 6080//11193
f 6081//11194 6043//11194 6082//11194
f 6042//11195 6043//11195 6081//11195
f 6082//11196 6044//11196 6083//11196
f 6043//11197 6044//11197 6082//11197
f 6083//11198 6045//11198 6084//11198
f 6044//11199 6045//11199 6083//11199
f 6084//11200 6046//11200 6085//11200
f 6045//11201 6046//11201 6084//11201
f 6085//11202 6047//11202 6086//11202
f 6046//11203 6047//11203 6085//11203
f 6086//11204 6048//11204 6087//11204
f 6047//11205 6048//11205 6086//11205
f 6087//11206 6049//11206 6088//11206
f 6048//11207 6049//11207 6087//11207
f 6088//11208 6050//11208 6089//11208
f 6049//11209 6050//11209 6088//11209
f 6089//11210 6051//11210 6090//11210
f 6050//11211 6051//11211 6089//11211
f 6090//11212 6052//11212 6091//11212
f 6051//11213 6052//11213 6090//11213
f 6091//11214 6053//11214 6092//11214
f 6052//11215 6053//11215 6091//11215
f 6092//11216 6054//11216 6093//11216
f 6053//11217 6054//11217 6092//11217
f 6093//11218 6055//11218 6094//11218
f 6054//11219 6055//11219 6093//11219
f 6094//11220 6056//11220 6095//11220
f 6055//11221 6056//11221 6094//11221
f 6095//11222 6057//11222 6096//11222
f 6056//11223 6057//11223 6095//11223
f 6096//11224 6058//11224 6097//11224
f 6057//11225 6058//11225 6096//11225
f 6097//11226 6059//11226 6098//11226
f 6058//11227 6059//11227 6097//11227
f 6098//11228 6060//11228 6099//11228
f 6059//11229 6060//11229 6098//11229
f 6099//11230 6061//11230 6100//11230
f 6060//11231 6061//11231 6099//11231
f 6061//11232 6062//11232 6100//11232
f 6100//11233 6062//11233 6101//11233
f 6062//11234 6063//11234 6101//11234
f 6101//11235 6063//11235 6102//11235
f 6063//11236 6064//11236 6102//11236
f 6102//11237 6064//11237 6103//11237
f 6064//11238 6065//11238 6103//11238
f 6103//11239 6065//11239 6104//11239
f 6065//11240 6066//11240 6104//11240
f 6104//11241 6066//11241 6105//11241
f 6066//11242 6067//11242 6105//11242
f 6105//11243 6067//11243 6106//11243
f 6067//11244 6068//11244 6106//11244
f 6106//11245 6068//11245 6107//11245
f 6068//11246 6069//11246 6107//11246
f 6107//11247 6069//11247 6108//11247
f 6069//11248 6070//11248 6108//11248
f 6108//11249 6070//11249 6109//11249
f 6070//11250 6071//11250 6109//11250
f 6109//11251 6071//11251 6110//11251
f 6110//11252 5808//11252 5525//11252
f 6071//11253 5808//11253 6110//11253
f 4188//11254 4187//11254 6072//11254
f 5493//11255 4188//11255 6072//11255
f 5495//11256 6072//11256 6073//11256
f 5495//11257 5493//11257 6072//11257
f 5497//11258 6073//11258 6074//11258
f 5497//11259 5495//11259 6073//11259
f 5499//11260 6074//11260 6075//11260
f 5499//11261 5497//11261 6074//11261
f 5501//11262 6075//11262 6076//11262
f 5501//11263 5499//11263 6075//11263
f 5503//11264 6076//11264 6077//11264
f 5503//11265 5501//11265 6076//11265
f 5505//11266 5503//11266 6077//11266
f 5505//11267 6077//11267 6078//11267
f 5507//11268 5505//11268 6078//11268
f 5507//11269 6078//11269 6079//11269
f 5508//11270 6079//11270 6080//11270
f 5508//11271 5507//11271 6079//11271
f 5509//11272 6080//11272 6081//11272
f 5509//11273 5508//11273 6080//11273
f 5510//11274 6081//11274 6082//11274
f 5510//11275 5509//11275 6081//11275
f 5511//11276 6082//11276 6083//11276
f 5511//11277 5510//11277 6082//11277
f 5512//11278 6083//11278 6084//11278
f 5512//11279 5511//11279 6083//11279
f 5513//11280 6084//11280 6085//11280
f 5513//11281 5512//11281 6084//11281
f 5514//11282 6085//11282 6086//11282
f 5514//11283 5513//11283 6085//11283
f 5515//11284 6086//11284 6087//11284
f 5515//11285 5514//11285 6086//11285
f 5516//11286 6087//11286 6088//11286
f 5516//11287 5515//11287 6087//11287
f 5517//11288 6088//11288 6089//11288
f 5517//11289 5516//11289 6088//11289
f 6090//11290 5517//11290 6089//11290
f 5518//11291 5517//11291 6090//11291
f 6091//11292 5518//11292 6090//11292
f 5519//11293 5518//11293 6091//11293
f 6092//11294 5519//11294 6091//11294
f 5520//11295 6092//11295 6093//11295
f 5520//11296 5519//11296 6092//11296
f 5521//11297 6093//11297 6094//11297
f 5521//11298 5520//11298 6093//11298
f 6095//11299 5521//11299 6094//11299
f 5522//11300 5521//11300 6095//11300
f 6096//11301 5522//11301 6095//11301
f 5523//11302 6096//11302 6097//11302
f 5523//11303 5522//11303 6096//11303
f 6098//11304 5523//11304 6097//11304
f 5524//11305 5523//11305 6098//11305
f 6099//11306 5524//11306 6098//11306
f 5526//11307 6099//11307 6100//11307
f 5526//11308 5524//11308 6099//11308
f 6101//11309 5526//11309 6100//11309
f 5528//11310 5526//11310 6101//11310
f 6102//11311 5528//11311 6101//11311
f 5530//11312 6102//11312 6103//11312
f 5530//11313 5528//11313 6102//11313
f 6104//11314 5530//11314 6103//11314
f 5531//11315 5530//11315 6104//11315
f 6105//11316 5531//11316 6104//11316
f 6106//11317 5531//11317 6105//11317
f 5529//11318 5531//11318 6106//11318
f 6107//11319 5529//11319 6106//11319
f 6108//11320 5529//11320 6107//11320
f 5527//11321 5529//11321 6108//11321
f 6109//11322 5527//11322 6108//11322
f 6110//11323 5527//11323 6109//11323
f 5525//11324 5527//11324 6110//11324
f 4910//11325 4905//11325 5430//11325
f 4910//11326 5430//11326 5432//11326
f 4909//11327 5432//11327 5435//11327
f 4909//11328 4910//11328 5432//11328
f 4912//11329 5435//11329 5436//11329
f 4912//11330 4909//11330 5435//11330
f 4915//11331 5436//11331 5439//11331
f 4915//11332 4912//11332 5436//11332
f 4917//11333 5439//11333 5441//11333
f 4917//11334 4915//11334 5439//11334
f 4920//11335 5441//11335 5443//11335
f 4920//11336 4917//11336 5441//11336
f 4919//11337 5443//11337 5446//11337
f 4919//11338 4920//11338 5443//11338
f 4922//11339 5446//11339 5448//11339
f 4922//11340 4919//11340 5446//11340
f 4925//11341 5448//11341 5450//11341
f 4925//11342 4922//11342 5448//11342
f 4926//11343 4925//11343 5450//11343
f 4926//11344 5450//11344 5453//11344
f 4929//11345 4926//11345 5453//11345
f 4929//11346 5453//11346 5454//11346
f 4931//11347 4929//11347 5454//11347
f 4931//11348 5454//11348 5456//11348
f 4933//11349 4931//11349 5456//11349
f 4933//11350 5456//11350 5457//11350
f 4936//11351 4933//11351 5457//11351
f 4936//11352 5458//11352 5459//11352
f 4936//11353 5457//11353 5458//11353
f 4938//11354 4936//11354 5459//11354
f 4938//11355 5459//11355 5486//11355
f 4937//11356 4938//11356 5486//11356
f 4940//11357 4937//11357 5486//11357
f 4940//11358 5486//11358 5485//11358
f 4944//11359 4940//11359 5485//11359
f 4944//11360 5485//11360 5484//11360
f 4943//11361 5484//11361 5483//11361
f 4943//11362 4944//11362 5484//11362
f 4947//11363 5483//11363 5482//11363
f 4947//11364 4943//11364 5483//11364
f 4950//11365 5482//11365 5481//11365
f 4950//11366 4947//11366 5482//11366
f 4952//11367 5481//11367 5480//11367
f 4952//11368 4950//11368 5481//11368
f 4951//11369 5480//11369 5479//11369
f 4951//11370 4952//11370 5480//11370
f 4955//11371 5478//11371 5477//11371
f 4955//11372 5479//11372 5478//11372
f 4955//11373 4951//11373 5479//11373
f 4958//11374 4955//11374 5477//11374
f 4957//11375 5477//11375 5476//11375
f 4957//11376 4958//11376 5477//11376
f 4962//11377 5476//11377 5475//11377
f 4962//11378 4957//11378 5476//11378
f 4961//11379 5474//11379 5473//11379
f 4961//11380 5475//11380 5474//11380
f 4961//11381 4962//11381 5475//11381
f 4964//11382 4961//11382 5473//11382
f 4963//11383 5472//11383 5471//11383
f 4963//11384 5473//11384 5472//11384
f 4963//11385 4964//11385 5473//11385
f 4960//11386 4963//11386 5471//11386
f 4959//11387 5471//11387 5470//11387
f 4959//11388 4960//11388 5471//11388
f 4956//11389 5470//11389 5469//11389
f 4956//11390 4959//11390 5470//11390
f 4954//11391 5469//11391 5468//11391
f 4954//11392 4956//11392 5469//11392
f 4953//11393 4954//11393 5468//11393
f 4953//11394 5468//11394 5467//11394
f 4949//11395 4953//11395 5467//11395
f 4949//11396 5467//11396 5466//11396
f 4948//11397 4949//11397 5466//11397
f 4948//11398 5466//11398 5465//11398
f 4946//11399 4948//11399 5465//11399
f 4946//11400 5465//11400 5464//11400
f 4945//11401 5464//11401 5463//11401
f 4945//11402 4946//11402 5464//11402
f 4942//11403 5463//11403 5462//11403
f 4942//11404 4945//11404 5463//11404
f 4941//11405 5462//11405 5461//11405
f 4941//11406 4942//11406 5462//11406
f 4939//11407 5461//11407 5487//11407
f 4939//11408 4941//11408 5461//11408
f 4935//11409 5487//11409 5415//11409
f 4935//11410 4939//11410 5487//11410
f 4934//11411 5415//11411 5414//11411
f 4934//11412 4935//11412 5415//11412
f 4932//11413 5414//11413 5413//11413
f 4932//11414 4934//11414 5414//11414
f 4930//11415 5413//11415 5412//11415
f 4930//11416 4932//11416 5413//11416
f 4928//11417 5411//11417 5410//11417
f 4928//11418 5412//11418 5411//11418
f 4928//11419 4930//11419 5412//11419
f 4927//11420 4928//11420 5410//11420
f 4924//11421 5410//11421 5409//11421
f 4924//11422 4927//11422 5410//11422
f 4923//11423 5409//11423 5408//11423
f 4923//11424 4924//11424 5409//11424
f 4921//11425 5407//11425 5406//11425
f 4921//11426 5408//11426 5407//11426
f 4921//11427 4923//11427 5408//11427
f 4918//11428 4921//11428 5406//11428
f 4916//11429 5406//11429 5405//11429
f 4916//11430 4918//11430 5406//11430
f 4914//11431 5405//11431 5404//11431
f 4914//11432 4916//11432 5405//11432
f 4913//11433 5403//11433 5402//11433
f 4913//11434 5404//11434 5403//11434
f 4913//11435 4914//11435 5404//11435
f 4911//11436 5402//11436 5401//11436
f 4911//11437 4913//11437 5402//11437
f 4908//11438 4911//11438 5401//11438
f 4907//11439 4908//11439 5401//11439
f 4907//11440 5401//11440 5400//11440
f 4903//11441 4907//11441 5400//11441
f 4903//11442 5399//11442 5398//11442
f 4903//11443 5400//11443 5399//11443
f 4902//11444 4903//11444 5398//11444
f 4901//11445 4902//11445 5398//11445
f 4901//11446 5397//11446 5396//11446
f 4901//11447 5398//11447 5397//11447
f 4898//11448 4901//11448 5396//11448
f 4896//11449 4898//11449 5396//11449
f 4896//11450 5396//11450 5395//11450
f 4895//11451 4896//11451 5395//11451
f 4895//11452 5394//11452 5391//11452
f 4895//11453 5395//11453 5394//11453
f 4892//11454 4895//11454 5391//11454
f 4891//11455 4892//11455 5391//11455
f 4891//11456 5389//11456 5387//11456
f 4891//11457 5391//11457 5389//11457
f 4888//11458 4891//11458 5387//11458
f 4888//11459 5387//11459 5384//11459
f 4887//11460 4888//11460 5384//11460
f 4885//11461 4887//11461 5384//11461
f 4885//11462 5382//11462 5381//11462
f 4885//11463 5384//11463 5382//11463
f 4883//11464 4885//11464 5381//11464
f 4880//11465 4883//11465 5381//11465
f 4880//11466 5381//11466 5380//11466
f 4878//11467 4880//11467 5380//11467
f 4878//11468 5379//11468 5378//11468
f 4878//11469 5380//11469 5379//11469
f 4876//11470 4878//11470 5378//11470
f 4876//11471 5378//11471 5377//11471
f 4874//11472 4876//11472 5377//11472
f 4873//11473 4874//11473 5377//11473
f 4873//11474 5376//11474 5375//11474
f 4873//11475 5377//11475 5376//11475
f 4870//11476 4873//11476 5375//11476
f 4869//11477 4870//11477 5375//11477
f 4869//11478 5375//11478 5373//11478
f 4867//11479 4869//11479 5373//11479
f 4867//11480 5373//11480 5372//11480
f 4864//11481 4867//11481 5372//11481
f 4864//11482 5371//11482 5370//11482
f 4864//11483 5372//11483 5371//11483
f 4863//11484 4864//11484 5370//11484
f 4863//11485 5370//11485 5369//11485
f 4861//11486 4863//11486 5369//11486
f 4859//11487 5369//11487 5368//11487
f 4859//11488 4861//11488 5369//11488
f 4856//11489 5367//11489 5365//11489
f 4856//11490 5368//11490 5367//11490
f 4856//11491 4859//11491 5368//11491
f 4854//11492 4856//11492 5365//11492
f 4852//11493 5365//11493 5362//11493
f 4852//11494 4854//11494 5365//11494
f 4850//11495 4852//11495 5362//11495
f 4850//11496 5360//11496 5358//11496
f 4850//11497 5362//11497 5360//11497
f 4848//11498 4850//11498 5358//11498
f 4848//11499 5358//11499 5355//11499
f 4846//11500 4848//11500 5355//11500
f 4844//11501 4846//11501 5355//11501
f 4844//11502 5353//11502 5350//11502
f 4844//11503 5355//11503 5353//11503
f 4842//11504 4844//11504 5350//11504
f 4840//11505 4842//11505 5350//11505
f 4840//11506 5350//11506 5346//11506
f 4838//11507 4840//11507 5346//11507
f 4838//11508 5346//11508 5343//11508
f 4836//11509 4838//11509 5343//11509
f 4836//11510 5340//11510 5337//11510
f 4836//11511 5343//11511 5340//11511
f 4834//11512 4836//11512 5337//11512
f 4832//11513 4834//11513 5337//11513
f 4832//11514 5333//11514 5330//11514
f 4832//11515 5337//11515 5333//11515
f 4830//11516 4832//11516 5330//11516
f 4830//11517 5330//11517 5327//11517
f 4828//11518 4830//11518 5327//11518
f 4826//11519 4828//11519 5327//11519
f 4826//11520 5327//11520 5323//11520
f 4824//11521 4826//11521 5323//11521
f 4824//11522 5323//11522 5320//11522
f 4822//11523 5320//11523 5317//11523
f 4822//11524 4824//11524 5320//11524
f 4820//11525 5314//11525 5310//11525
f 4820//11526 5317//11526 5314//11526
f 4820//11527 4822//11527 5317//11527
f 4818//11528 4820//11528 5310//11528
f 4816//11529 5307//11529 5304//11529
f 4816//11530 5310//11530 5307//11530
f 4816//11531 4818//11531 5310//11531
f 4814//11532 5304//11532 5301//11532
f 4814//11533 4816//11533 5304//11533
f 4812//11534 5301//11534 5297//11534
f 4812//11535 4814//11535 5301//11535
f 4810//11536 4812//11536 5297//11536
f 4808//11537 5294//11537 5291//11537
f 4808//11538 5297//11538 5294//11538
f 4808//11539 4810//11539 5297//11539
f 4806//11540 4808//11540 5291//11540
f 4804//11541 5289//11541 5287//11541
f 4804//11542 5291//11542 5289//11542
f 4804//11543 4806//11543 5291//11543
f 4802//11544 4804//11544 5287//11544
f 4800//11545 4802//11545 5287//11545
f 4800//11546 5287//11546 5285//11546
f 4798//11547 4800//11547 5285//11547
f 4798//11548 5283//11548 5281//11548
f 4798//11549 5285//11549 5283//11549
f 4796//11550 4798//11550 5281//11550
f 4796//11551 5281//11551 5279//11551
f 4794//11552 4796//11552 5279//11552
f 4794//11553 5279//11553 5277//11553
f 4792//11554 4794//11554 5277//11554
f 4790//11555 4792//11555 5277//11555
f 4790//11556 5277//11556 5275//11556
f 4788//11557 4790//11557 5275//11557
f 4788//11558 5273//11558 5271//11558
f 4788//11559 5275//11559 5273//11559
f 4786//11560 4788//11560 5271//11560
f 4786//11561 5271//11561 5269//11561
f 4784//11562 4786//11562 5269//11562
f 4782//11563 5267//11563 5265//11563
f 4782//11564 5269//11564 5267//11564
f 4782//11565 4784//11565 5269//11565
f 4780//11566 4782//11566 5265//11566
f 4778//11567 5263//11567 5261//11567
f 4778//11568 5265//11568 5263//11568
f 4778//11569 4780//11569 5265//11569
f 4776//11570 5261//11570 5259//11570
f 4776//11571 4778//11571 5261//11571
f 4774//11572 4776//11572 5259//11572
f 4772//11573 5257//11573 5255//11573
f 4772//11574 5259//11574 5257//11574
f 4772//11575 4774//11575 5259//11575
f 4770//11576 5255//11576 5253//11576
f 4770//11577 4772//11577 5255//11577
f 4768//11578 4770//11578 5253//11578
f 4766//11579 5253//11579 5251//11579
f 4766//11580 4768//11580 5253//11580
f 4764//11581 5251//11581 5249//11581
f 4764//11582 4766//11582 5251//11582
f 4762//11583 5249//11583 5247//11583
f 4762//11584 4764//11584 5249//11584
f 4760//11585 5247//11585 5245//11585
f 4760//11586 4762//11586 5247//11586
f 4758//11587 5245//11587 5243//11587
f 4758//11588 4760//11588 5245//11588
f 4756//11589 5243//11589 5241//11589
f 4756//11590 4758//11590 5243//11590
f 4754//11591 5241//11591 5239//11591
f 4754//11592 4756//11592 5241//11592
f 4752//11593 5239//11593 5237//11593
f 4752//11594 4754//11594 5239//11594
f 4750//11595 4752//11595 5237//11595
f 4750//11596 5237//11596 5235//11596
f 4748//11597 4750//11597 5235//11597
f 4748//11598 5235//11598 5233//11598
f 4746//11599 4748//11599 5233//11599
f 4746//11600 5231//11600 5229//11600
f 4746//11601 5233//11601 5231//11601
f 4744//11602 4746//11602 5229//11602
f 4742//11603 4744//11603 5229//11603
f 4742//11604 5229//11604 5227//11604
f 4740//11605 5227//11605 5225//11605
f 4740//11606 4742//11606 5227//11606
f 4738//11607 5225//11607 5223//11607
f 4738//11608 4740//11608 5225//11608
f 4736//11609 5221//11609 5222//11609
f 4736//11610 5223//11610 5221//11610
f 4736//11611 4738//11611 5223//11611
f 4737//11612 4736//11612 5222//11612
f 4739//11613 5222//11613 5224//11613
f 4739//11614 4737//11614 5222//11614
f 4741//11615 5224//11615 5226//11615
f 4741//11616 4739//11616 5224//11616
f 4743//11617 5226//11617 5228//11617
f 4743//11618 4741//11618 5226//11618
f 4745//11619 5228//11619 5230//11619
f 4745//11620 4743//11620 5228//11620
f 4747//11621 5230//11621 5232//11621
f 4747//11622 4745//11622 5230//11622
f 4749//11623 5234//11623 5236//11623
f 4749//11624 5232//11624 5234//11624
f 4749//11625 4747//11625 5232//11625
f 4751//11626 5236//11626 5238//11626
f 4751//11627 4749//11627 5236//11627
f 4753//11628 4751//11628 5238//11628
f 4755//11629 5240//11629 5242//11629
f 4755//11630 5238//11630 5240//11630
f 4755//11631 4753//11631 5238//11631
f 4757//11632 4755//11632 5242//11632
f 4759//11633 5242//11633 5244//11633
f 4759//11634 4757//11634 5242//11634
f 4761//11635 5246//11635 5248//11635
f 4761//11636 5244//11636 5246//11636
f 4761//11637 4759//11637 5244//11637
f 4763//11638 4761//11638 5248//11638
f 4765//11639 5248//11639 5250//11639
f 4765//11640 4763//11640 5248//11640
f 4765//11641 5250//11641 5252//11641
f 4767//11642 4765//11642 5252//11642
f 4769//11643 4767//11643 5252//11643
f 4769//11644 5254//11644 5256//11644
f 4769//11645 5252//11645 5254//11645
f 4771//11646 5256//11646 5258//11646
f 4771//11647 4769//11647 5256//11647
f 4773//11648 4771//11648 5258//11648
f 4775//11649 4773//11649 5258//11649
f 4775//11650 5258//11650 5260//11650
f 4777//11651 4775//11651 5260//11651
f 4777//11652 5260//11652 5262//11652
f 4779//11653 4777//11653 5262//11653
f 4779//11654 5262//11654 5264//11654
f 4781//11655 4779//11655 5264//11655
f 4781//11656 5264//11656 5266//11656
f 4783//11657 4781//11657 5266//11657
f 4783//11658 5268//11658 5270//11658
f 4783//11659 5266//11659 5268//11659
f 4785//11660 4783//11660 5270//11660
f 4787//11661 4785//11661 5270//11661
f 4787//11662 5270//11662 5272//11662
f 4789//11663 4787//11663 5272//11663
f 4789//11664 5274//11664 5276//11664
f 4789//11665 5272//11665 5274//11665
f 4791//11666 4789//11666 5276//11666
f 4793//11667 4791//11667 5276//11667
f 4793//11668 5276//11668 5278//11668
f 4795//11669 4793//11669 5278//11669
f 4795//11670 5278//11670 5280//11670
f 4797//11671 4795//11671 5280//11671
f 4797//11672 5280//11672 5282//11672
f 4799//11673 4797//11673 5282//11673
f 4799//11674 5282//11674 5284//11674
f 4801//11675 4799//11675 5284//11675
f 4801//11676 5284//11676 5286//11676
f 4803//11677 4801//11677 5286//11677
f 4803//11678 5288//11678 5290//11678
f 4803//11679 5286//11679 5288//11679
f 4805//11680 4803//11680 5290//11680
f 4805//11681 5290//11681 5293//11681
f 4807//11682 4805//11682 5293//11682
f 4809//11683 4807//11683 5293//11683
f 4809//11684 5293//11684 5296//11684
f 4811//11685 5296//11685 5300//11685
f 4811//11686 4809//11686 5296//11686
f 4813//11687 5300//11687 5303//11687
f 4813//11688 4811//11688 5300//11688
f 4815//11689 5303//11689 5306//11689
f 4815//11690 4813//11690 5303//11690
f 4817//11691 5306//11691 5309//11691
f 4817//11692 4815//11692 5306//11692
f 4819//11693 5313//11693 5316//11693
f 4819//11694 5309//11694 5313//11694
f 4819//11695 4817//11695 5309//11695
f 4821//11696 4819//11696 5316//11696
f 4821//11697 5316//11697 5319//11697
f 4823//11698 4821//11698 5319//11698
f 4823//11699 5319//11699 5322//11699
f 4825//11700 4823//11700 5322//11700
f 4827//11701 4825//11701 5322//11701
f 4827//11702 5322//11702 5326//11702
f 4829//11703 4827//11703 5326//11703
f 4829//11704 5326//11704 5329//11704
f 4831//11705 4829//11705 5329//11705
f 4831//11706 5332//11706 5336//11706
f 4831//11707 5329//11707 5332//11707
f 4833//11708 4831//11708 5336//11708
f 4835//11709 4833//11709 5336//11709
f 4835//11710 5336//11710 5339//11710
f 4837//11711 4835//11711 5339//11711
f 4837//11712 5342//11712 5345//11712
f 4837//11713 5339//11713 5342//11713
f 4839//11714 4837//11714 5345//11714
f 4841//11715 4839//11715 5345//11715
f 4841//11716 5345//11716 5349//11716
f 4843//11717 4841//11717 5349//11717
f 4843//11718 5349//11718 5352//11718
f 4845//11719 4843//11719 5352//11719
f 4845//11720 5490//11720 5489//11720
f 4845//11721 5352//11721 5490//11721
f 4847//11722 4845//11722 5489//11722
f 4849//11723 4847//11723 5489//11723
f 4849//11724 5489//11724 5488//11724
f 4851//11725 5455//11725 5452//11725
f 4851//11726 5488//11726 5455//11726
f 4851//11727 4849//11727 5488//11727
f 4853//11728 5452//11728 5451//11728
f 4853//11729 4851//11729 5452//11729
f 4855//11730 5451//11730 5449//11730
f 4855//11731 4853//11731 5451//11731
f 4857//11732 4855//11732 5449//11732
f 4858//11733 5449//11733 5447//11733
f 4858//11734 4857//11734 5449//11734
f 4860//11735 5447//11735 5445//11735
f 4860//11736 4858//11736 5447//11736
f 4862//11737 5445//11737 5444//11737
f 4862//11738 4860//11738 5445//11738
f 4866//11739 5442//11739 5440//11739
f 4866//11740 5444//11740 5442//11740
f 4866//11741 4862//11741 5444//11741
f 4865//11742 4866//11742 5440//11742
f 4868//11743 5440//11743 5438//11743
f 4868//11744 4865//11744 5440//11744
f 4872//11745 5438//11745 5437//11745
f 4872//11746 4868//11746 5438//11746
f 4871//11747 5437//11747 5434//11747
f 4871//11748 4872//11748 5437//11748
f 4875//11749 4871//11749 5434//11749
f 4875//11750 5434//11750 5433//11750
f 4877//11751 4875//11751 5433//11751
f 4877//11752 5431//11752 5429//11752
f 4877//11753 5433//11753 5431//11753
f 4879//11754 4877//11754 5429//11754
f 4882//11755 4879//11755 5429//11755
f 4882//11756 5429//11756 5427//11756
f 4881//11757 4882//11757 5427//11757
f 4881//11758 5425//11758 5423//11758
f 4881//11759 5427//11759 5425//11759
f 4884//11760 4881//11760 5423//11760
f 4884//11761 5423//11761 5421//11761
f 4886//11762 4884//11762 5421//11762
f 4890//11763 4886//11763 5421//11763
f 4890//11764 5419//11764 5417//11764
f 4890//11765 5421//11765 5419//11765
f 4889//11766 4890//11766 5417//11766
f 4894//11767 5417//11767 5416//11767
f 4894//11768 4889//11768 5417//11768
f 4893//11769 5416//11769 5418//11769
f 4893//11770 4894//11770 5416//11770
f 4897//11771 5418//11771 5420//11771
f 4897//11772 4893//11772 5418//11772
f 4900//11773 5420//11773 5422//11773
f 4900//11774 4897//11774 5420//11774
f 4899//11775 5424//11775 5426//11775
f 4899//11776 5422//11776 5424//11776
f 4899//11777 4900//11777 5422//11777
f 4904//11778 5426//11778 5428//11778
f 4904//11779 4899//11779 5426//11779
f 4906//11780 4904//11780 5428//11780
f 4905//11781 5428//11781 5430//11781
f 4905//11782 4906//11782 5428//11782
f 5166//11783 5161//11783 5770//11783
f 5166//11784 5770//11784 5771//11784
f 5165//11785 5771//11785 5772//11785
f 5165//11786 5166//11786 5771//11786
f 5168//11787 5772//11787 5773//11787
f 5168//11788 5165//11788 5772//11788
f 5171//11789 5773//11789 5775//11789
f 5171//11790 5168//11790 5773//11790
f 5173//11791 5775//11791 5776//11791
f 5173//11792 5171//11792 5775//11792
f 5176//11793 5776//11793 5777//11793
f 5176//11794 5173//11794 5776//11794
f 5175//11795 5777//11795 5778//11795
f 5175//11796 5176//11796 5777//11796
f 5178//11797 5778//11797 5779//11797
f 5178//11798 5175//11798 5778//11798
f 5181//11799 5779//11799 5780//11799
f 5181//11800 5178//11800 5779//11800
f 5182//11801 5181//11801 5780//11801
f 5182//11802 5780//11802 5781//11802
f 5185//11803 5182//11803 5781//11803
f 5185//11804 5781//11804 5782//11804
f 5187//11805 5185//11805 5782//11805
f 5187//11806 5782//11806 5783//11806
f 5189//11807 5187//11807 5783//11807
f 5189//11808 5783//11808 5784//11808
f 5192//11809 5189//11809 5784//11809
f 5192//11810 5785//11810 5786//11810
f 5192//11811 5784//11811 5785//11811
f 5194//11812 5192//11812 5786//11812
f 5194//11813 5786//11813 5787//11813
f 5193//11814 5194//11814 5787//11814
f 5196//11815 5193//11815 5787//11815
f 5196//11816 5787//11816 5788//11816
f 5200//11817 5196//11817 5788//11817
f 5200//11818 5788//11818 5789//11818
f 5199//11819 5789//11819 5790//11819
f 5199//11820 5200//11820 5789//11820
f 5203//11821 5790//11821 5791//11821
f 5203//11822 5199//11822 5790//11822
f 5206//11823 5791//11823 5792//11823
f 5206//11824 5203//11824 5791//11824
f 5208//11825 5792//11825 5793//11825
f 5208//11826 5206//11826 5792//11826
f 5207//11827 5793//11827 5794//11827
f 5207//11828 5208//11828 5793//11828
f 5211//11829 5795//11829 5796//11829
f 5211//11830 5794//11830 5795//11830
f 5211//11831 5207//11831 5794//11831
f 5214//11832 5211//11832 5796//11832
f 5213//11833 5796//11833 5797//11833
f 5213//11834 5214//11834 5796//11834
f 5218//11835 5797//11835 5798//11835
f 5218//11836 5213//11836 5797//11836
f 5217//11837 5799//11837 5812//11837
f 5217//11838 5798//11838 5799//11838
f 5217//11839 5218//11839 5798//11839
f 5220//11840 5217//11840 5812//11840
f 5219//11841 5813//11841 5815//11841
f 5219//11842 5812//11842 5813//11842
f 5219//11843 5220//11843 5812//11843
f 5216//11844 5219//11844 5815//11844
f 5215//11845 5815//11845 5755//11845
f 5215//11846 5216//11846 5815//11846
f 5212//11847 5755//11847 5754//11847
f 5212//11848 5215//11848 5755//11848
f 5210//11849 5754//11849 5753//11849
f 5210//11850 5212//11850 5754//11850
f 5209//11851 5210//11851 5753//11851
f 5209//11852 5753//11852 5752//11852
f 5205//11853 5209//11853 5752//11853
f 5205//11854 5752//11854 5751//11854
f 5204//11855 5205//11855 5751//11855
f 5204//11856 5751//11856 5750//11856
f 5202//11857 5204//11857 5750//11857
f 5202//11858 5750//11858 5749//11858
f 5201//11859 5749//11859 5748//11859
f 5201//11860 5202//11860 5749//11860
f 5198//11861 5748//11861 5747//11861
f 5198//11862 5201//11862 5748//11862
f 5197//11863 5747//11863 5746//11863
f 5197//11864 5198//11864 5747//11864
f 5195//11865 5746//11865 5745//11865
f 5195//11866 5197//11866 5746//11866
f 5191//11867 5745//11867 5744//11867
f 5191//11868 5195//11868 5745//11868
f 5190//11869 5744//11869 5743//11869
f 5190//11870 5191//11870 5744//11870
f 5188//11871 5743//11871 5742//11871
f 5188//11872 5190//11872 5743//11872
f 5186//11873 5742//11873 5741//11873
f 5186//11874 5188//11874 5742//11874
f 5184//11875 5740//11875 5739//11875
f 5184//11876 5741//11876 5740//11876
f 5184//11877 5186//11877 5741//11877
f 5183//11878 5184//11878 5739//11878
f 5180//11879 5739//11879 5738//11879
f 5180//11880 5183//11880 5739//11880
f 5179//11881 5738//11881 5737//11881
f 5179//11882 5180//11882 5738//11882
f 5177//11883 5736//11883 5735//11883
f 5177//11884 5737//11884 5736//11884
f 5177//11885 5179//11885 5737//11885
f 5174//11886 5177//11886 5735//11886
f 5172//11887 5735//11887 5734//11887
f 5172//11888 5174//11888 5735//11888
f 5170//11889 5734//11889 5733//11889
f 5170//11890 5172//11890 5734//11890
f 5169//11891 5732//11891 5731//11891
f 5169//11892 5733//11892 5732//11892
f 5169//11893 5170//11893 5733//11893
f 5167//11894 5731//11894 5730//11894
f 5167//11895 5169//11895 5731//11895
f 5164//11896 5167//11896 5730//11896
f 5163//11897 5164//11897 5730//11897
f 5163//11898 5730//11898 5729//11898
f 5159//11899 5163//11899 5729//11899
f 5159//11900 5728//11900 5727//11900
f 5159//11901 5729//11901 5728//11901
f 5158//11902 5159//11902 5727//11902
f 5157//11903 5158//11903 5727//11903
f 5157//11904 5726//11904 5725//11904
f 5157//11905 5727//11905 5726//11905
f 5154//11906 5157//11906 5725//11906
f 5152//11907 5154//11907 5725//11907
f 5152//11908 5725//11908 5724//11908
f 5151//11909 5152//11909 5724//11909
f 5151//11910 5723//11910 5722//11910
f 5151//11911 5724//11911 5723//11911
f 5148//11912 5151//11912 5722//11912
f 5147//11913 5148//11913 5722//11913
f 5147//11914 5721//11914 5720//11914
f 5147//11915 5722//11915 5721//11915
f 5144//11916 5147//11916 5720//11916
f 5144//11917 5720//11917 5719//11917
f 5143//11918 5144//11918 5719//11918
f 5141//11919 5143//11919 5719//11919
f 5141//11920 5718//11920 5717//11920
f 5141//11921 5719//11921 5718//11921
f 5139//11922 5141//11922 5717//11922
f 5136//11923 5139//11923 5717//11923
f 5136//11924 5717//11924 5716//11924
f 5134//11925 5136//11925 5716//11925
f 5134//11926 5715//11926 5714//11926
f 5134//11927 5716//11927 5715//11927
f 5132//11928 5134//11928 5714//11928
f 5132//11929 5714//11929 5713//11929
f 5130//11930 5132//11930 5713//11930
f 5129//11931 5130//11931 5713//11931
f 5129//11932 5712//11932 5711//11932
f 5129//11933 5713//11933 5712//11933
f 5126//11934 5129//11934 5711//11934
f 5125//11935 5126//11935 5711//11935
f 5125//11936 5711//11936 5710//11936
f 5123//11937 5125//11937 5710//11937
f 5123//11938 5710//11938 5709//11938
f 5120//11939 5123//11939 5709//11939
f 5120//11940 5708//11940 5705//11940
f 5120//11941 5709//11941 5708//11941
f 5119//11942 5120//11942 5705//11942
f 5119//11943 5705//11943 5702//11943
f 5117//11944 5119//11944 5702//11944
f 5115//11945 5702//11945 5698//11945
f 5115//11946 5117//11946 5702//11946
f 5112//11947 5677//11947 5676//11947
f 5112//11948 5698//11948 5677//11948
f 5112//11949 5115//11949 5698//11949
f 5110//11950 5112//11950 5676//11950
f 5108//11951 5676//11951 5675//11951
f 5108//11952 5110//11952 5676//11952
f 5106//11953 5108//11953 5675//11953
f 5106//11954 5674//11954 5673//11954
f 5106//11955 5675//11955 5674//11955
f 5104//11956 5106//11956 5673//11956
f 5104//11957 5673//11957 5672//11957
f 5102//11958 5104//11958 5672//11958
f 5100//11959 5102//11959 5672//11959
f 5100//11960 5671//11960 5670//11960
f 5100//11961 5672//11961 5671//11961
f 5098//11962 5100//11962 5670//11962
f 5096//11963 5098//11963 5670//11963
f 5096//11964 5670//11964 5669//11964
f 5094//11965 5096//11965 5669//11965
f 5094//11966 5669//11966 5666//11966
f 5092//11967 5094//11967 5666//11967
f 5092//11968 5665//11968 5664//11968
f 5092//11969 5666//11969 5665//11969
f 5090//11970 5092//11970 5664//11970
f 5088//11971 5090//11971 5664//11971
f 5088//11972 5663//11972 5662//11972
f 5088//11973 5664//11973 5663//11973
f 5086//11974 5088//11974 5662//11974
f 5086//11975 5662//11975 5661//11975
f 5084//11976 5086//11976 5661//11976
f 5082//11977 5084//11977 5661//11977
f 5082//11978 5661//11978 5660//11978
f 5080//11979 5082//11979 5660//11979
f 5080//11980 5660//11980 5659//11980
f 5078//11981 5659//11981 5658//11981
f 5078//11982 5080//11982 5659//11982
f 5076//11983 5656//11983 5654//11983
f 5076//11984 5658//11984 5656//11984
f 5076//11985 5078//11985 5658//11985
f 5074//11986 5076//11986 5654//11986
f 5072//11987 5652//11987 5650//11987
f 5072//11988 5654//11988 5652//11988
f 5072//11989 5074//11989 5654//11989
f 5070//11990 5650//11990 5648//11990
f 5070//11991 5072//11991 5650//11991
f 5068//11992 5648//11992 5646//11992
f 5068//11993 5070//11993 5648//11993
f 5066//11994 5068//11994 5646//11994
f 5064//11995 5644//11995 5642//11995
f 5064//11996 5646//11996 5644//11996
f 5064//11997 5066//11997 5646//11997
f 5062//11998 5064//11998 5642//11998
f 5060//11999 5640//11999 5638//11999
f 5060//12000 5642//12000 5640//12000
f 5060//12001 5062//12001 5642//12001
f 5058//12002 5060//12002 5638//12002
f 5056//12003 5058//12003 5638//12003
f 5056//12004 5638//12004 5636//12004
f 5054//12005 5056//12005 5636//12005
f 5054//12006 5634//12006 5632//12006
f 5054//12007 5636//12007 5634//12007
f 5052//12008 5054//12008 5632//12008
f 5052//12009 5632//12009 5630//12009
f 5050//12010 5052//12010 5630//12010
f 5050//12011 5630//12011 5628//12011
f 5048//12012 5050//12012 5628//12012
f 5046//12013 5048//12013 5628//12013
f 5046//12014 5628//12014 5626//12014
f 5044//12015 5046//12015 5626//12015
f 5044//12016 5624//12016 5622//12016
f 5044//12017 5626//12017 5624//12017
f 5042//12018 5044//12018 5622//12018
f 5042//12019 5622//12019 5620//12019
f 5040//12020 5042//12020 5620//12020
f 5038//12021 5618//12021 5616//12021
f 5038//12022 5620//12022 5618//12022
f 5038//12023 5040//12023 5620//12023
f 5036//12024 5038//12024 5616//12024
f 5034//12025 5613//12025 5607//12025
f 5034//12026 5616//12026 5613//12026
f 5034//12027 5036//12027 5616//12027
f 5032//12028 5607//12028 5603//12028
f 5032//12029 5034//12029 5607//12029
f 5030//12030 5032//12030 5603//12030
f 5028//12031 5599//12031 5594//12031
f 5028//12032 5603//12032 5599//12032
f 5028//12033 5030//12033 5603//12033
f 5026//12034 5594//12034 5589//12034
f 5026//12035 5028//12035 5594//12035
f 5024//12036 5026//12036 5589//12036
f 5022//12037 5589//12037 5586//12037
f 5022//12038 5024//12038 5589//12038
f 5020//12039 5586//12039 5583//12039
f 5020//12040 5022//12040 5586//12040
f 5018//12041 5583//12041 5580//12041
f 5018//12042 5020//12042 5583//12042
f 5016//12043 5580//12043 5576//12043
f 5016//12044 5018//12044 5580//12044
f 5014//12045 5576//12045 5573//12045
f 5014//12046 5016//12046 5576//12046
f 5012//12047 5573//12047 5570//12047
f 5012//12048 5014//12048 5573//12048
f 5010//12049 5570//12049 5566//12049
f 5010//12050 5012//12050 5570//12050
f 5008//12051 5566//12051 5563//12051
f 5008//12052 5010//12052 5566//12052
f 5006//12053 5008//12053 5563//12053
f 5006//12054 5563//12054 5560//12054
f 5004//12055 5006//12055 5560//12055
f 5004//12056 5560//12056 5557//12056
f 5002//12057 5004//12057 5557//12057
f 5002//12058 5553//12058 5550//12058
f 5002//12059 5557//12059 5553//12059
f 5000//12060 5002//12060 5550//12060
f 4998//12061 5000//12061 5550//12061
f 4998//12062 5550//12062 5547//12062
f 4996//12063 5547//12063 5543//12063
f 4996//12064 4998//12064 5547//12064
f 4994//12065 5543//12065 5540//12065
f 4994//12066 4996//12066 5543//12066
f 4992//12067 5534//12067 5537//12067
f 4992//12068 5540//12068 5534//12068
f 4992//12069 4994//12069 5540//12069
f 4993//12070 4992//12070 5537//12070
f 4995//12071 5537//12071 5542//12071
f 4995//12072 4993//12072 5537//12072
f 4997//12073 5542//12073 5546//12073
f 4997//12074 4995//12074 5542//12074
f 4999//12075 5546//12075 5549//12075
f 4999//12076 4997//12076 5546//12076
f 5001//12077 5549//12077 5552//12077
f 5001//12078 4999//12078 5549//12078
f 5003//12079 5552//12079 5556//12079
f 5003//12080 5001//12080 5552//12080
f 5005//12081 5559//12081 5562//12081
f 5005//12082 5556//12082 5559//12082
f 5005//12083 5003//12083 5556//12083
f 5007//12084 5562//12084 5565//12084
f 5007//12085 5005//12085 5562//12085
f 5009//12086 5007//12086 5565//12086
f 5011//12087 5569//12087 5572//12087
f 5011//12088 5565//12088 5569//12088
f 5011//12089 5009//12089 5565//12089
f 5013//12090 5011//12090 5572//12090
f 5015//12091 5572//12091 5575//12091
f 5015//12092 5013//12092 5572//12092
f 5017//12093 5579//12093 5582//12093
f 5017//12094 5575//12094 5579//12094
f 5017//12095 5015//12095 5575//12095
f 5019//12096 5017//12096 5582//12096
f 5021//12097 5582//12097 5585//12097
f 5021//12098 5019//12098 5582//12098
f 5021//12099 5585//12099 5588//12099
f 5023//12100 5021//12100 5588//12100
f 5025//12101 5023//12101 5588//12101
f 5025//12102 5592//12102 5596//12102
f 5025//12103 5588//12103 5592//12103
f 5027//12104 5596//12104 5601//12104
f 5027//12105 5025//12105 5596//12105
f 5029//12106 5027//12106 5601//12106
f 5031//12107 5029//12107 5601//12107
f 5031//12108 5601//12108 5605//12108
f 5033//12109 5031//12109 5605//12109
f 5033//12110 5605//12110 5610//12110
f 5035//12111 5033//12111 5610//12111
f 5035//12112 5610//12112 5615//12112
f 5037//12113 5035//12113 5615//12113
f 5037//12114 5615//12114 5617//12114
f 5039//12115 5037//12115 5617//12115
f 5039//12116 5619//12116 5621//12116
f 5039//12117 5617//12117 5619//12117
f 5041//12118 5039//12118 5621//12118
f 5043//12119 5041//12119 5621//12119
f 5043//12120 5621//12120 5623//12120
f 5045//12121 5043//12121 5623//12121
f 5045//12122 5625//12122 5627//12122
f 5045//12123 5623//12123 5625//12123
f 5047//12124 5045//12124 5627//12124
f 5049//12125 5047//12125 5627//12125
f 5049//12126 5627//12126 5629//12126
f 5051//12127 5049//12127 5629//12127
f 5051//12128 5629//12128 5631//12128
f 5053//12129 5051//12129 5631//12129
f 5053//12130 5631//12130 5633//12130
f 5055//12131 5053//12131 5633//12131
f 5055//12132 5633//12132 5635//12132
f 5057//12133 5055//12133 5635//12133
f 5057//12134 5635//12134 5637//12134
f 5059//12135 5057//12135 5637//12135
f 5059//12136 5639//12136 5641//12136
f 5059//12137 5637//12137 5639//12137
f 5061//12138 5059//12138 5641//12138
f 5061//12139 5641//12139 5643//12139
f 5063//12140 5061//12140 5643//12140
f 5065//12141 5063//12141 5643//12141
f 5065//12142 5643//12142 5645//12142
f 5067//12143 5645//12143 5647//12143
f 5067//12144 5065//12144 5645//12144
f 5069//12145 5647//12145 5649//12145
f 5069//12146 5067//12146 5647//12146
f 5071//12147 5649//12147 5651//12147
f 5071//12148 5069//12148 5649//12148
f 5073//12149 5651//12149 5653//12149
f 5073//12150 5071//12150 5651//12150
f 5075//12151 5655//12151 5657//12151
f 5075//12152 5653//12152 5655//12152
f 5075//12153 5073//12153 5653//12153
f 5077//12154 5075//12154 5657//12154
f 5077//12155 5657//12155 5668//12155
f 5079//12156 5077//12156 5668//12156
f 5079//12157 5668//12157 5667//12157
f 5081//12158 5079//12158 5667//12158
f 5083//12159 5081//12159 5667//12159
f 5083//12160 5667//12160 5696//12160
f 5085//12161 5083//12161 5696//12161
f 5085//12162 5696//12162 5695//12162
f 5087//12163 5085//12163 5695//12163
f 5087//12164 5694//12164 5693//12164
f 5087//12165 5695//12165 5694//12165
f 5089//12166 5087//12166 5693//12166
f 5091//12167 5089//12167 5693//12167
f 5091//12168 5693//12168 5692//12168
f 5093//12169 5091//12169 5692//12169
f 5093//12170 5691//12170 5690//12170
f 5093//12171 5692//12171 5691//12171
f 5095//12172 5093//12172 5690//12172
f 5097//12173 5095//12173 5690//12173
f 5097//12174 5690//12174 5689//12174
f 5099//12175 5097//12175 5689//12175
f 5099//12176 5689//12176 5688//12176
f 5101//12177 5099//12177 5688//12177
f 5101//12178 5687//12178 5686//12178
f 5101//12179 5688//12179 5687//12179
f 5103//12180 5101//12180 5686//12180
f 5105//12181 5103//12181 5686//12181
f 5105//12182 5686//12182 5685//12182
f 5107//12183 5684//12183 5683//12183
f 5107//12184 5685//12184 5684//12184
f 5107//12185 5105//12185 5685//12185
f 5109//12186 5683//12186 5682//12186
f 5109//12187 5107//12187 5683//12187
f 5111//12188 5682//12188 5681//12188
f 5111//12189 5109//12189 5682//12189
f 5113//12190 5111//12190 5681//12190
f 5114//12191 5681//12191 5680//12191
f 5114//12192 5113//12192 5681//12192
f 5116//12193 5680//12193 5679//12193
f 5116//12194 5114//12194 5680//12194
f 5118//12195 5679//12195 5697//12195
f 5118//12196 5116//12196 5679//12196
f 5122//12197 5699//12197 5700//12197
f 5122//12198 5697//12198 5699//12198
f 5122//12199 5118//12199 5697//12199
f 5121//12200 5122//12200 5700//12200
f 5124//12201 5700//12201 5701//12201
f 5124//12202 5121//12202 5700//12202
f 5128//12203 5701//12203 5703//12203
f 5128//12204 5124//12204 5701//12204
f 5127//12205 5703//12205 5704//12205
f 5127//12206 5128//12206 5703//12206
f 5131//12207 5127//12207 5704//12207
f 5131//12208 5704//12208 5706//12208
f 5133//12209 5131//12209 5706//12209
f 5133//12210 5707//12210 5756//12210
f 5133//12211 5706//12211 5707//12211
f 5135//12212 5133//12212 5756//12212
f 5138//12213 5135//12213 5756//12213
f 5138//12214 5756//12214 5757//12214
f 5137//12215 5138//12215 5757//12215
f 5137//12216 5758//12216 5759//12216
f 5137//12217 5757//12217 5758//12217
f 5140//12218 5137//12218 5759//12218
f 5140//12219 5759//12219 5760//12219
f 5142//12220 5140//12220 5760//12220
f 5146//12221 5142//12221 5760//12221
f 5146//12222 5761//12222 5762//12222
f 5146//12223 5760//12223 5761//12223
f 5145//12224 5146//12224 5762//12224
f 5150//12225 5762//12225 5763//12225
f 5150//12226 5145//12226 5762//12226
f 5149//12227 5763//12227 5764//12227
f 5149//12228 5150//12228 5763//12228
f 5153//12229 5764//12229 5765//12229
f 5153//12230 5149//12230 5764//12230
f 5156//12231 5765//12231 5766//12231
f 5156//12232 5153//12232 5765//12232
f 5155//12233 5767//12233 5768//12233
f 5155//12234 5766//12234 5767//12234
f 5155//12235 5156//12235 5766//12235
f 5160//12236 5768//12236 5769//12236
f 5160//12237 5155//12237 5768//12237
f 5162//12238 5160//12238 5769//12238
f 5161//12239 5769//12239 5770//12239
f 5161//12240 5162//12240 5769//12240
f 5491//12241 5898//12241 5460//12241
f 5460//12242 5898//12242 5897//12242
f 5953//12243 5774//12243 5678//12243
f 5953//12244 5678//12244 5954//12244
