# Created by FreeCAD <http://www.freecad.org>
v -55.000000 19.000000 44.000000
v -55.000000 -22.000000 44.000000
v -55.000000 19.000000 45.000000
v -55.000000 -22.000000 45.000000
v -53.000000 -24.000000 44.000000
v -53.000000 -24.000000 45.000000
v -51.635246 -14.127484 44.000000
v -51.603886 -14.158204 44.000000
v -51.665749 -14.095915 44.000000
v -51.571697 -14.188052 44.000000
v -51.695374 -14.063521 44.000000
v -51.538700 -14.217006 44.000000
v -51.724102 -14.030327 44.000000
v -51.504921 -14.245044 44.000000
v -51.751907 -13.996357 44.000000
v -51.470387 -14.272144 44.000000
v -51.778770 -13.961637 44.000000
v -51.435120 -14.298286 44.000000
v -51.804672 -13.926194 44.000000
v -51.399151 -14.323452 44.000000
v -51.829590 -13.890053 44.000000
v -51.362507 -14.347622 44.000000
v -51.853504 -13.853242 44.000000
v -51.325211 -14.370776 44.000000
v -51.876404 -13.815788 44.000000
v -51.287292 -14.392900 44.000000
v -51.898266 -13.777721 44.000000
v -51.248783 -14.413974 44.000000
v -51.919075 -13.739068 44.000000
v -51.209713 -14.433984 44.000000
v -51.938820 -13.699859 44.000000
v -51.170105 -14.452914 44.000000
v -51.957478 -13.660123 44.000000
v -51.129993 -14.470751 44.000000
v -51.975037 -13.619890 44.000000
v -51.089409 -14.487481 44.000000
v -51.991489 -13.579190 44.000000
v -51.048378 -14.503091 44.000000
v -52.006817 -13.538054 44.000000
v -51.006935 -14.517570 44.000000
v -52.021011 -13.496514 44.000000
v -50.965111 -14.530906 44.000000
v -52.034061 -13.454600 44.000000
v -50.922939 -14.543089 44.000000
v -52.045952 -13.412343 44.000000
v -50.880447 -14.554111 44.000000
v -52.056683 -13.369777 44.000000
v -50.837666 -14.563963 44.000000
v -52.066242 -13.326931 44.000000
v -50.794632 -14.572639 44.000000
v -52.074623 -13.283839 44.000000
v -50.751381 -14.580130 44.000000
v -52.081818 -13.240535 44.000000
v -50.707935 -14.586431 44.000000
v -52.087818 -13.197048 44.000000
v -50.664333 -14.591538 44.000000
v -52.092628 -13.153414 44.000000
v -50.620609 -14.595448 44.000000
v -52.096237 -13.109664 44.000000
v -50.576794 -14.598156 44.000000
v -52.098644 -13.065831 44.000000
v -50.532921 -14.599661 44.000000
v -52.099850 -13.021950 44.000000
v -50.489025 -14.599962 44.000000
v -48.000000 -24.000000 44.000000
v -46.000000 -22.000000 44.000000
v -52.099850 -12.978050 44.000000
v -50.445137 -14.599059 44.000000
v -52.098644 -12.934169 44.000000
v -50.401287 -14.596952 44.000000
v -52.096237 -12.890336 44.000000
v -50.357513 -14.593643 44.000000
v -52.092628 -12.846586 44.000000
v -50.313847 -14.589134 44.000000
v -52.087818 -12.802952 44.000000
v -50.270321 -14.583429 44.000000
v -52.081818 -12.759465 44.000000
v -50.226967 -14.576532 44.000000
v -50.183819 -14.568448 44.000000
v -50.140911 -14.559184 44.000000
v -50.098270 -14.548746 44.000000
v -50.055935 -14.537142 44.000000
v -50.013931 -14.524381 44.000000
v -49.972294 -14.510472 44.000000
v -49.931053 -14.495426 44.000000
v -49.890244 -14.479255 44.000000
v -49.849892 -14.461970 44.000000
v -49.810028 -14.443584 44.000000
v -49.770683 -14.424112 44.000000
v -49.731888 -14.403568 44.000000
v -49.693672 -14.381968 44.000000
v -49.656063 -14.359327 44.000000
v -49.619087 -14.335663 44.000000
v -49.582779 -14.310993 44.000000
v -49.547157 -14.285336 44.000000
v -49.512253 -14.258712 44.000000
v -49.478092 -14.231140 44.000000
v -49.444702 -14.202642 44.000000
v -49.412106 -14.173239 44.000000
v -49.380329 -14.142952 44.000000
v -49.349396 -14.111804 44.000000
v -49.319328 -14.079820 44.000000
v -49.290146 -14.047023 44.000000
v -49.261879 -14.013437 44.000000
v -49.234543 -13.979090 44.000000
v -49.208157 -13.944004 44.000000
v -49.182747 -13.908209 44.000000
v -49.158325 -13.871729 44.000000
v -49.134914 -13.834594 44.000000
v -49.112534 -13.796830 44.000000
v -49.091194 -13.758466 44.000000
v -49.070919 -13.719531 44.000000
v -49.051716 -13.680055 44.000000
v -49.033604 -13.640067 44.000000
v -49.016598 -13.599597 44.000000
v -49.000706 -13.558675 44.000000
v -48.985943 -13.517333 44.000000
v -48.972321 -13.475602 44.000000
v -48.959846 -13.433513 44.000000
v -48.948536 -13.391097 44.000000
v -48.938389 -13.348387 44.000000
v -48.929420 -13.305414 44.000000
v -48.921631 -13.262212 44.000000
v -48.915031 -13.218812 44.000000
v -48.909626 -13.175247 44.000000
v -48.905418 -13.131552 44.000000
v -48.902409 -13.087756 44.000000
v -48.900600 -13.043895 44.000000
v -48.900002 -13.000000 44.000000
v -48.900600 -12.956105 44.000000
v -48.902409 -12.912244 44.000000
v -48.905418 -12.868448 44.000000
v -48.909626 -12.824753 44.000000
v -48.915031 -12.781188 44.000000
v -48.921631 -12.737788 44.000000
v -51.635246 -11.872516 44.000000
v -51.603886 8.841796 44.000000
v -51.603886 -11.841796 44.000000
v -51.635246 8.872516 44.000000
v -51.665749 -11.904085 44.000000
v -51.665749 8.904085 44.000000
v -51.571697 8.811948 44.000000
v -51.571697 -11.811948 44.000000
v -51.695374 8.936479 44.000000
v -51.695374 -11.936479 44.000000
v -51.538700 8.782994 44.000000
v -51.538700 -11.782994 44.000000
v -51.724102 -11.969673 44.000000
v -51.724102 8.969673 44.000000
v -51.504921 8.754956 44.000000
v -51.504921 -11.754956 44.000000
v -51.751907 9.003643 44.000000
v -51.751907 -12.003643 44.000000
v -51.470387 8.727856 44.000000
v -51.470387 -11.727856 44.000000
v -51.804672 -12.073806 44.000000
v -51.778770 9.038363 44.000000
v -51.778770 -12.038363 44.000000
v -51.435120 8.701714 44.000000
v -51.435120 -11.701714 44.000000
v -51.804672 9.073806 44.000000
v -51.399151 8.676548 44.000000
v -51.399151 -11.676548 44.000000
v -51.853504 -12.146758 44.000000
v -51.829590 9.109947 44.000000
v -51.829590 -12.109947 44.000000
v -51.362507 8.652378 44.000000
v -51.362507 -11.652378 44.000000
v -51.876404 -12.184212 44.000000
v -51.853504 9.146758 44.000000
v -51.325211 8.629224 44.000000
v -51.325211 -11.629224 44.000000
v -51.876404 9.184212 44.000000
v -51.287292 8.607100 44.000000
v -51.287292 -11.607100 44.000000
v -51.898266 9.222279 44.000000
v -51.919075 -12.260932 44.000000
v -51.898266 -12.222279 44.000000
v -51.248783 8.586026 44.000000
v -51.248783 -11.586026 44.000000
v -51.919075 9.260932 44.000000
v -51.209713 8.566016 44.000000
v -51.209713 -11.566016 44.000000
v -51.938820 -12.300141 44.000000
v -51.938820 9.300141 44.000000
v -51.170105 8.547086 44.000000
v -51.170105 -11.547086 44.000000
v -51.129993 -11.529249 44.000000
v -51.957478 -12.339877 44.000000
v -51.957478 9.339877 44.000000
v -51.129993 8.529249 44.000000
v -51.975037 9.380110 44.000000
v -51.975037 -12.380110 44.000000
v -51.089409 8.512519 44.000000
v -51.089409 -11.512519 44.000000
v -52.006817 -12.461946 44.000000
v -51.991489 9.420810 44.000000
v -51.991489 -12.420810 44.000000
v -51.048378 8.496909 44.000000
v -51.048378 -11.496909 44.000000
v -52.006817 9.461946 44.000000
v -51.006935 8.482430 44.000000
v -51.006935 -11.482430 44.000000
v -52.034061 -12.545400 44.000000
v -52.021011 9.503486 44.000000
v -52.021011 -12.503486 44.000000
v -50.965111 8.469094 44.000000
v -50.965111 -11.469094 44.000000
v -52.034061 9.545400 44.000000
v -50.922939 8.456911 44.000000
v -50.922939 -11.456911 44.000000
v -50.880447 8.445889 44.000000
v -50.880447 -11.445889 44.000000
v -50.837666 8.436037 44.000000
v -50.837666 -11.436037 44.000000
v -50.794632 -11.427361 44.000000
v -50.794632 8.427361 44.000000
v -50.751381 8.419870 44.000000
v -50.751381 -11.419870 44.000000
v -50.707935 8.413569 44.000000
v -50.707935 -11.413569 44.000000
v -50.664333 8.408462 44.000000
v -50.664333 -11.408462 44.000000
v -50.620609 8.404552 44.000000
v -50.620609 -11.404552 44.000000
v -50.576794 8.401844 44.000000
v -50.576794 -11.401844 44.000000
v -50.532921 8.400339 44.000000
v -50.532921 -11.400339 44.000000
v -50.489025 8.400038 44.000000
v -50.489025 -11.400038 44.000000
v -50.445137 8.400941 44.000000
v -50.445137 -11.400941 44.000000
v -50.401287 8.403048 44.000000
v -50.401287 -11.403048 44.000000
v -50.357513 8.406357 44.000000
v -50.357513 -11.406357 44.000000
v -50.313847 8.410866 44.000000
v -50.313847 -11.410866 44.000000
v -50.270321 8.416571 44.000000
v -50.270321 -11.416571 44.000000
v -50.226967 8.423468 44.000000
v -50.226967 -11.423468 44.000000
v -50.183819 -11.431552 44.000000
v -50.183819 8.431552 44.000000
v -50.140911 8.440816 44.000000
v -50.140911 -11.440816 44.000000
v -50.098270 8.451254 44.000000
v -50.098270 -11.451254 44.000000
v -50.055935 8.462858 44.000000
v -50.055935 -11.462858 44.000000
v -50.013931 8.475619 44.000000
v -50.013931 -11.475619 44.000000
v -49.972294 8.489528 44.000000
v -49.972294 -11.489528 44.000000
v -49.931053 -11.504574 44.000000
v -49.931053 8.504574 44.000000
v -49.890244 8.520745 44.000000
v -49.890244 -11.520745 44.000000
v -49.849892 8.538030 44.000000
v -49.849892 -11.538030 44.000000
v -49.810028 8.556416 44.000000
v -49.810028 -11.556416 44.000000
v -49.770683 8.575888 44.000000
v -49.770683 -11.575888 44.000000
v -49.731888 8.596432 44.000000
v -49.731888 -11.596432 44.000000
v -49.693672 8.618032 44.000000
v -49.693672 -11.618032 44.000000
v -49.656063 -11.640673 44.000000
v -49.656063 8.640673 44.000000
v -49.619087 8.664337 44.000000
v -49.619087 -11.664337 44.000000
v -49.582779 8.689007 44.000000
v -49.582779 -11.689007 44.000000
v -49.547157 -11.714664 44.000000
v -49.547157 8.714664 44.000000
v -49.512253 8.741288 44.000000
v -49.512253 -11.741288 44.000000
v -49.478092 8.768860 44.000000
v -49.478092 -11.768860 44.000000
v -49.444702 8.797358 44.000000
v -49.444702 -11.797358 44.000000
v -49.412106 -11.826761 44.000000
v -49.412106 8.826761 44.000000
v -49.380329 8.857048 44.000000
v -49.380329 -11.857048 44.000000
v -49.349396 8.888196 44.000000
v -49.349396 -11.888196 44.000000
v -49.319328 8.920180 44.000000
v -49.319328 -11.920180 44.000000
v -49.290146 -11.952977 44.000000
v -49.290146 8.952977 44.000000
v -49.261879 8.986563 44.000000
v -49.261879 -11.986563 44.000000
v -49.234543 9.020910 44.000000
v -49.234543 -12.020910 44.000000
v -49.208157 -12.055996 44.000000
v -49.208157 9.055996 44.000000
v -49.182747 9.091791 44.000000
v -49.182747 -12.091791 44.000000
v -49.158325 9.128271 44.000000
v -49.158325 -12.128271 44.000000
v -49.134914 9.165406 44.000000
v -49.134914 -12.165406 44.000000
v -49.112534 9.203170 44.000000
v -49.112534 -12.203170 44.000000
v -49.091194 -12.241534 44.000000
v -49.091194 9.241534 44.000000
v -49.070919 -12.280469 44.000000
v -49.070919 9.280469 44.000000
v -49.051716 9.319945 44.000000
v -49.051716 -12.319945 44.000000
v -49.033604 9.359933 44.000000
v -49.033604 -12.359933 44.000000
v -49.016598 -12.400403 44.000000
v -49.016598 9.400403 44.000000
v -49.000706 -12.441325 44.000000
v -49.000706 9.441325 44.000000
v -48.985943 9.482667 44.000000
v -48.985943 -12.482667 44.000000
v -48.972321 9.524398 44.000000
v -48.972321 -12.524398 44.000000
v -50.751381 11.580130 44.000000
v -55.000000 19.000000 44.000000
v -50.707935 11.586431 44.000000
v -50.664333 11.591538 44.000000
v -50.620609 11.595448 44.000000
v -50.576794 11.598156 44.000000
v -50.532921 11.599661 44.000000
v -52.074623 9.716161 44.000000
v -52.081818 9.759465 44.000000
v -52.087818 9.802952 44.000000
v -52.092628 9.846586 44.000000
v -52.096237 9.890336 44.000000
v -52.098644 9.934169 44.000000
v -52.099850 9.978050 44.000000
v -52.099850 10.021950 44.000000
v -52.098644 10.065831 44.000000
v -52.096237 10.109664 44.000000
v -52.092628 10.153414 44.000000
v -52.087818 10.197048 44.000000
v -52.081818 10.240535 44.000000
v -52.074623 10.283839 44.000000
v -52.066242 10.326931 44.000000
v -52.056683 10.369777 44.000000
v -52.045952 10.412343 44.000000
v -52.034061 10.454600 44.000000
v -52.021011 10.496514 44.000000
v -52.006817 10.538054 44.000000
v -51.991489 10.579190 44.000000
v -51.975037 10.619890 44.000000
v -51.957478 10.660123 44.000000
v -51.938820 10.699859 44.000000
v -51.919075 10.739068 44.000000
v -51.898266 10.777721 44.000000
v -51.876404 10.815788 44.000000
v -51.853504 10.853242 44.000000
v -51.829590 10.890053 44.000000
v -51.804672 10.926194 44.000000
v -51.778770 10.961637 44.000000
v -51.751907 10.996357 44.000000
v -51.724102 11.030327 44.000000
v -51.695374 11.063521 44.000000
v -51.665749 11.095915 44.000000
v -51.635246 11.127484 44.000000
v -51.603886 11.158204 44.000000
v -51.571697 11.188052 44.000000
v -51.538700 11.217006 44.000000
v -51.504921 11.245044 44.000000
v -51.470387 11.272144 44.000000
v -51.435120 11.298286 44.000000
v -51.399151 11.323452 44.000000
v -51.362507 11.347622 44.000000
v -51.325211 11.370776 44.000000
v -51.287292 11.392900 44.000000
v -51.248783 11.413974 44.000000
v -51.209713 11.433984 44.000000
v -51.170105 11.452914 44.000000
v -51.129993 11.470751 44.000000
v -51.089409 11.487481 44.000000
v -51.048378 11.503091 44.000000
v -51.006935 11.517570 44.000000
v -50.965111 11.530906 44.000000
v -50.922939 11.543089 44.000000
v -50.880447 11.554111 44.000000
v -50.837666 11.563963 44.000000
v -50.794632 11.572639 44.000000
v -53.000000 21.000000 44.000000
v -50.489025 11.599962 44.000000
v -46.000000 19.000000 44.000000
v -50.445137 11.599059 44.000000
v -50.401287 11.596952 44.000000
v -50.357513 11.593643 44.000000
v -50.313847 11.589134 44.000000
v -50.270321 11.583429 44.000000
v -50.226967 11.576532 44.000000
v -50.183819 11.568448 44.000000
v -50.140911 11.559184 44.000000
v -50.098270 11.548746 44.000000
v -50.055935 11.537142 44.000000
v -50.013931 11.524381 44.000000
v -49.972294 11.510472 44.000000
v -49.931053 11.495426 44.000000
v -49.890244 11.479255 44.000000
v -49.849892 11.461970 44.000000
v -49.810028 11.443584 44.000000
v -49.770683 11.424112 44.000000
v -49.731888 11.403568 44.000000
v -49.693672 11.381968 44.000000
v -49.656063 11.359327 44.000000
v -49.619087 11.335663 44.000000
v -49.582779 11.310993 44.000000
v -49.547157 11.285336 44.000000
v -49.512253 11.258712 44.000000
v -49.478092 11.231140 44.000000
v -49.444702 11.202642 44.000000
v -49.412106 11.173239 44.000000
v -49.380329 11.142952 44.000000
v -49.349396 11.111804 44.000000
v -49.319328 11.079820 44.000000
v -48.900002 10.000000 44.000000
v -48.900600 9.956105 44.000000
v -49.290146 11.047023 44.000000
v -48.902409 9.912244 44.000000
v -49.261879 11.013437 44.000000
v -48.905418 9.868448 44.000000
v -49.234543 10.979090 44.000000
v -48.909626 9.824753 44.000000
v -49.208157 10.944004 44.000000
v -48.915031 9.781188 44.000000
v -49.182747 10.908209 44.000000
v -48.921631 9.737788 44.000000
v -49.158325 10.871729 44.000000
v -48.929420 9.694586 44.000000
v -49.134914 10.834594 44.000000
v -49.112534 10.796830 44.000000
v -49.091194 10.758466 44.000000
v -49.070919 10.719531 44.000000
v -49.051716 10.680055 44.000000
v -49.033604 10.640067 44.000000
v -49.016598 10.599597 44.000000
v -49.000706 10.558675 44.000000
v -48.985943 10.517333 44.000000
v -48.972321 10.475602 44.000000
v -48.959846 10.433513 44.000000
v -48.948536 10.391097 44.000000
v -48.938389 10.348387 44.000000
v -48.929420 10.305414 44.000000
v -48.921631 10.262212 44.000000
v -48.915031 10.218812 44.000000
v -48.909626 10.175247 44.000000
v -48.905418 10.131552 44.000000
v -48.902409 10.087756 44.000000
v -48.900600 10.043895 44.000000
v -48.000000 21.000000 44.000000
v -52.074623 -12.716161 44.000000
v -52.066242 -12.673069 44.000000
v -52.056683 -12.630223 44.000000
v -52.045952 -12.587657 44.000000
v -52.066242 9.673069 44.000000
v -52.056683 9.630223 44.000000
v -52.045952 9.587657 44.000000
v -48.929420 -12.694586 44.000000
v -48.938389 -12.651613 44.000000
v -48.948536 -12.608903 44.000000
v -48.959846 -12.566487 44.000000
v -48.938389 9.651613 44.000000
v -48.948536 9.608903 44.000000
v -48.959846 9.566487 44.000000
v -53.000000 21.000000 45.000000
v -55.000000 19.000000 45.000000
v -54.000000 -21.585787 46.000000
v -54.000000 18.585787 46.000000
v -52.585785 -23.000000 46.000000
v -48.000000 -24.000000 45.000000
v -48.000000 21.000000 45.000000
v -53.000000 21.000000 44.000000
v -53.000000 21.000000 45.000000
v -48.000000 21.000000 44.000000
v -46.000000 -22.000000 45.000000
v -46.000000 19.000000 45.000000
v -46.000000 19.000000 44.000000
v -46.000000 19.000000 45.000000
v -48.900002 -13.000000 46.000000
v -48.900600 -12.956105 46.000000
v -48.902409 -12.912244 46.000000
v -48.905418 -12.868448 46.000000
v -48.909626 -12.824753 46.000000
v -48.915031 -12.781188 46.000000
v -48.921631 -12.737788 46.000000
v -48.929420 -12.694586 46.000000
v -48.938389 -12.651613 46.000000
v -48.948536 -12.608903 46.000000
v -48.959846 -12.566487 46.000000
v -48.972321 -12.524398 46.000000
v -48.985943 -12.482667 46.000000
v -49.000706 -12.441325 46.000000
v -49.016598 -12.400403 46.000000
v -49.033604 -12.359933 46.000000
v -49.051716 -12.319945 46.000000
v -49.070919 -12.280469 46.000000
v -49.091194 -12.241534 46.000000
v -49.112534 -12.203170 46.000000
v -49.134914 -12.165406 46.000000
v -49.158325 -12.128271 46.000000
v -49.182747 -12.091791 46.000000
v -49.208157 -12.055996 46.000000
v -49.234543 -12.020910 46.000000
v -49.261879 -11.986563 46.000000
v -49.290146 -11.952977 46.000000
v -49.319328 -11.920180 46.000000
v -49.349396 -11.888196 46.000000
v -49.380329 -11.857048 46.000000
v -49.412106 -11.826761 46.000000
v -49.444702 -11.797358 46.000000
v -49.478092 -11.768860 46.000000
v -49.512253 -11.741288 46.000000
v -49.547157 -11.714664 46.000000
v -49.582779 -11.689007 46.000000
v -49.619087 -11.664337 46.000000
v -49.656063 -11.640673 46.000000
v -49.693672 -11.618032 46.000000
v -49.731888 -11.596432 46.000000
v -49.770683 -11.575888 46.000000
v -49.810028 -11.556416 46.000000
v -49.849892 -11.538030 46.000000
v -49.890244 -11.520745 46.000000
v -49.931053 -11.504574 46.000000
v -49.972294 -11.489528 46.000000
v -50.013931 -11.475619 46.000000
v -50.055935 -11.462858 46.000000
v -50.098270 -11.451254 46.000000
v -50.140911 -11.440816 46.000000
v -50.183819 -11.431552 46.000000
v -50.226967 -11.423468 46.000000
v -50.270321 -11.416571 46.000000
v -50.313847 -11.410866 46.000000
v -50.357513 -11.406357 46.000000
v -50.401287 -11.403048 46.000000
v -50.445137 -11.400941 46.000000
v -50.489025 -11.400038 46.000000
v -50.532921 -11.400339 46.000000
v -50.576794 -11.401844 46.000000
v -50.620609 -11.404552 46.000000
v -50.664333 -11.408462 46.000000
v -50.707935 -11.413569 46.000000
v -50.751381 -11.419870 46.000000
v -50.794632 -11.427361 46.000000
v -50.837666 -11.436037 46.000000
v -50.880447 -11.445889 46.000000
v -50.922939 -11.456911 46.000000
v -50.965111 -11.469094 46.000000
v -51.006935 -11.482430 46.000000
v -51.048378 -11.496909 46.000000
v -51.089409 -11.512519 46.000000
v -51.129993 -11.529249 46.000000
v -51.170105 -11.547086 46.000000
v -51.209713 -11.566016 46.000000
v -51.248783 -11.586026 46.000000
v -51.287292 -11.607100 46.000000
v -51.325211 -11.629224 46.000000
v -51.362507 -11.652378 46.000000
v -51.399151 -11.676548 46.000000
v -51.435120 -11.701714 46.000000
v -51.470387 -11.727856 46.000000
v -51.504921 -11.754956 46.000000
v -51.538700 -11.782994 46.000000
v -51.571697 -11.811948 46.000000
v -51.603886 -11.841796 46.000000
v -51.635246 -11.872516 46.000000
v -51.665749 -11.904085 46.000000
v -51.695374 -11.936479 46.000000
v -51.724102 -11.969673 46.000000
v -51.751907 -12.003643 46.000000
v -51.778770 -12.038363 46.000000
v -51.804672 -12.073806 46.000000
v -51.829590 -12.109947 46.000000
v -51.853504 -12.146758 46.000000
v -51.876404 -12.184212 46.000000
v -51.898266 -12.222279 46.000000
v -51.919075 -12.260932 46.000000
v -51.938820 -12.300141 46.000000
v -51.957478 -12.339877 46.000000
v -51.975037 -12.380110 46.000000
v -51.991489 -12.420810 46.000000
v -52.006817 -12.461946 46.000000
v -52.021011 -12.503486 46.000000
v -52.034061 -12.545400 46.000000
v -52.045952 -12.587657 46.000000
v -52.056683 -12.630223 46.000000
v -52.066242 -12.673069 46.000000
v -52.074623 -12.716161 46.000000
v -52.081818 -12.759465 46.000000
v -52.087818 -12.802952 46.000000
v -52.092628 -12.846586 46.000000
v -52.096237 -12.890336 46.000000
v -52.098644 -12.934169 46.000000
v -52.099850 -12.978050 46.000000
v -52.099850 -13.021950 46.000000
v -52.098644 -13.065831 46.000000
v -52.096237 -13.109664 46.000000
v -52.092628 -13.153414 46.000000
v -52.087818 -13.197048 46.000000
v -52.081818 -13.240535 46.000000
v -52.074623 -13.283839 46.000000
v -52.066242 -13.326931 46.000000
v -52.056683 -13.369777 46.000000
v -52.045952 -13.412343 46.000000
v -52.034061 -13.454600 46.000000
v -52.021011 -13.496514 46.000000
v -52.006817 -13.538054 46.000000
v -51.991489 -13.579190 46.000000
v -51.975037 -13.619890 46.000000
v -51.957478 -13.660123 46.000000
v -51.938820 -13.699859 46.000000
v -51.919075 -13.739068 46.000000
v -51.898266 -13.777721 46.000000
v -51.876404 -13.815788 46.000000
v -51.853504 -13.853242 46.000000
v -51.829590 -13.890053 46.000000
v -51.804672 -13.926194 46.000000
v -51.778770 -13.961637 46.000000
v -51.751907 -13.996357 46.000000
v -51.724102 -14.030327 46.000000
v -51.695374 -14.063521 46.000000
v -51.665749 -14.095915 46.000000
v -51.635246 -14.127484 46.000000
v -51.603886 -14.158204 46.000000
v -51.571697 -14.188052 46.000000
v -51.538700 -14.217006 46.000000
v -51.504921 -14.245044 46.000000
v -51.470387 -14.272144 46.000000
v -51.435120 -14.298286 46.000000
v -51.399151 -14.323452 46.000000
v -51.362507 -14.347622 46.000000
v -51.325211 -14.370776 46.000000
v -51.287292 -14.392900 46.000000
v -51.248783 -14.413974 46.000000
v -51.209713 -14.433984 46.000000
v -51.170105 -14.452914 46.000000
v -51.129993 -14.470751 46.000000
v -51.089409 -14.487481 46.000000
v -51.048378 -14.503091 46.000000
v -51.006935 -14.517570 46.000000
v -50.965111 -14.530906 46.000000
v -50.922939 -14.543089 46.000000
v -50.880447 -14.554111 46.000000
v -50.837666 -14.563963 46.000000
v -50.794632 -14.572639 46.000000
v -50.751381 -14.580130 46.000000
v -50.707935 -14.586431 46.000000
v -50.664333 -14.591538 46.000000
v -50.620609 -14.595448 46.000000
v -50.576794 -14.598156 46.000000
v -50.532921 -14.599661 46.000000
v -50.489025 -14.599962 46.000000
v -50.445137 -14.599059 46.000000
v -50.401287 -14.596952 46.000000
v -50.357513 -14.593643 46.000000
v -50.313847 -14.589134 46.000000
v -50.270321 -14.583429 46.000000
v -50.226967 -14.576532 46.000000
v -50.183819 -14.568448 46.000000
v -50.140911 -14.559184 46.000000
v -50.098270 -14.548746 46.000000
v -50.055935 -14.537142 46.000000
v -50.013931 -14.524381 46.000000
v -49.972294 -14.510472 46.000000
v -49.931053 -14.495426 46.000000
v -49.890244 -14.479255 46.000000
v -49.849892 -14.461970 46.000000
v -49.810028 -14.443584 46.000000
v -49.770683 -14.424112 46.000000
v -49.731888 -14.403568 46.000000
v -49.693672 -14.381968 46.000000
v -49.656063 -14.359327 46.000000
v -49.619087 -14.335663 46.000000
v -49.582779 -14.310993 46.000000
v -49.547157 -14.285336 46.000000
v -49.512253 -14.258712 46.000000
v -49.478092 -14.231140 46.000000
v -49.444702 -14.202642 46.000000
v -49.412106 -14.173239 46.000000
v -49.380329 -14.142952 46.000000
v -49.349396 -14.111804 46.000000
v -49.319328 -14.079820 46.000000
v -49.290146 -14.047023 46.000000
v -49.261879 -14.013437 46.000000
v -49.234543 -13.979090 46.000000
v -49.208157 -13.944004 46.000000
v -49.182747 -13.908209 46.000000
v -49.158325 -13.871729 46.000000
v -49.134914 -13.834594 46.000000
v -49.112534 -13.796830 46.000000
v -49.091194 -13.758466 46.000000
v -49.070919 -13.719531 46.000000
v -49.051716 -13.680055 46.000000
v -49.033604 -13.640067 46.000000
v -49.016598 -13.599597 46.000000
v -49.000706 -13.558675 46.000000
v -48.985943 -13.517333 46.000000
v -48.972321 -13.475602 46.000000
v -48.959846 -13.433513 46.000000
v -48.948536 -13.391097 46.000000
v -48.938389 -13.348387 46.000000
v -48.929420 -13.305414 46.000000
v -48.921631 -13.262212 46.000000
v -48.915031 -13.218812 46.000000
v -48.909626 -13.175247 46.000000
v -48.905418 -13.131552 46.000000
v -48.902409 -13.087756 46.000000
v -48.900600 -13.043895 46.000000
v -48.900002 10.000000 46.000000
v -48.900600 10.043895 46.000000
v -48.902409 10.087756 46.000000
v -48.905418 10.131552 46.000000
v -48.909626 10.175247 46.000000
v -48.915031 10.218812 46.000000
v -48.921631 10.262212 46.000000
v -48.929420 10.305414 46.000000
v -48.938389 10.348387 46.000000
v -48.948536 10.391097 46.000000
v -48.959846 10.433513 46.000000
v -48.972321 10.475602 46.000000
v -48.985943 10.517333 46.000000
v -49.000706 10.558675 46.000000
v -49.016598 10.599597 46.000000
v -49.033604 10.640067 46.000000
v -49.051716 10.680055 46.000000
v -49.070919 10.719531 46.000000
v -49.091194 10.758466 46.000000
v -49.112534 10.796830 46.000000
v -49.134914 10.834594 46.000000
v -49.158325 10.871729 46.000000
v -49.182747 10.908209 46.000000
v -49.208157 10.944004 46.000000
v -49.234543 10.979090 46.000000
v -49.261879 11.013437 46.000000
v -49.290146 11.047023 46.000000
v -49.319328 11.079820 46.000000
v -49.349396 11.111804 46.000000
v -49.380329 11.142952 46.000000
v -49.412106 11.173239 46.000000
v -49.444702 11.202642 46.000000
v -49.478092 11.231140 46.000000
v -49.512253 11.258712 46.000000
v -49.547157 11.285336 46.000000
v -49.582779 11.310993 46.000000
v -49.619087 11.335663 46.000000
v -49.656063 11.359327 46.000000
v -49.693672 11.381968 46.000000
v -49.731888 11.403568 46.000000
v -49.770683 11.424112 46.000000
v -49.810028 11.443584 46.000000
v -49.849892 11.461970 46.000000
v -49.890244 11.479255 46.000000
v -49.931053 11.495426 46.000000
v -49.972294 11.510472 46.000000
v -50.013931 11.524381 46.000000
v -50.055935 11.537142 46.000000
v -50.098270 11.548746 46.000000
v -50.140911 11.559184 46.000000
v -50.183819 11.568448 46.000000
v -50.226967 11.576532 46.000000
v -50.270321 11.583429 46.000000
v -50.313847 11.589134 46.000000
v -50.357513 11.593643 46.000000
v -50.401287 11.596952 46.000000
v -50.445137 11.599059 46.000000
v -50.489025 11.599962 46.000000
v -50.532921 11.599661 46.000000
v -50.576794 11.598156 46.000000
v -50.620609 11.595448 46.000000
v -50.664333 11.591538 46.000000
v -50.707935 11.586431 46.000000
v -50.751381 11.580130 46.000000
v -50.794632 11.572639 46.000000
v -50.837666 11.563963 46.000000
v -50.880447 11.554111 46.000000
v -50.922939 11.543089 46.000000
v -50.965111 11.530906 46.000000
v -51.006935 11.517570 46.000000
v -51.048378 11.503091 46.000000
v -51.089409 11.487481 46.000000
v -51.129993 11.470751 46.000000
v -51.170105 11.452914 46.000000
v -51.209713 11.433984 46.000000
v -51.248783 11.413974 46.000000
v -51.287292 11.392900 46.000000
v -51.325211 11.370776 46.000000
v -51.362507 11.347622 46.000000
v -51.399151 11.323452 46.000000
v -51.435120 11.298286 46.000000
v -51.470387 11.272144 46.000000
v -51.504921 11.245044 46.000000
v -51.538700 11.217006 46.000000
v -51.571697 11.188052 46.000000
v -51.603886 11.158204 46.000000
v -51.635246 11.127484 46.000000
v -51.665749 11.095915 46.000000
v -51.695374 11.063521 46.000000
v -51.724102 11.030327 46.000000
v -51.751907 10.996357 46.000000
v -51.778770 10.961637 46.000000
v -51.804672 10.926194 46.000000
v -51.829590 10.890053 46.000000
v -51.853504 10.853242 46.000000
v -51.876404 10.815788 46.000000
v -51.898266 10.777721 46.000000
v -51.919075 10.739068 46.000000
v -51.938820 10.699859 46.000000
v -51.957478 10.660123 46.000000
v -51.975037 10.619890 46.000000
v -51.991489 10.579190 46.000000
v -52.006817 10.538054 46.000000
v -52.021011 10.496514 46.000000
v -52.034061 10.454600 46.000000
v -52.045952 10.412343 46.000000
v -52.056683 10.369777 46.000000
v -52.066242 10.326931 46.000000
v -52.074623 10.283839 46.000000
v -52.081818 10.240535 46.000000
v -52.087818 10.197048 46.000000
v -52.092628 10.153414 46.000000
v -52.096237 10.109664 46.000000
v -52.098644 10.065831 46.000000
v -52.099850 10.021950 46.000000
v -52.099850 9.978050 46.000000
v -52.098644 9.934169 46.000000
v -52.096237 9.890336 46.000000
v -52.092628 9.846586 46.000000
v -52.087818 9.802952 46.000000
v -52.081818 9.759465 46.000000
v -52.074623 9.716161 46.000000
v -52.066242 9.673069 46.000000
v -52.056683 9.630223 46.000000
v -52.045952 9.587657 46.000000
v -52.034061 9.545400 46.000000
v -52.021011 9.503486 46.000000
v -52.006817 9.461946 46.000000
v -51.991489 9.420810 46.000000
v -51.975037 9.380110 46.000000
v -51.957478 9.339877 46.000000
v -51.938820 9.300141 46.000000
v -51.919075 9.260932 46.000000
v -51.898266 9.222279 46.000000
v -51.876404 9.184212 46.000000
v -51.853504 9.146758 46.000000
v -51.829590 9.109947 46.000000
v -51.804672 9.073806 46.000000
v -51.778770 9.038363 46.000000
v -51.751907 9.003643 46.000000
v -51.724102 8.969673 46.000000
v -51.695374 8.936479 46.000000
v -51.665749 8.904085 46.000000
v -51.635246 8.872516 46.000000
v -51.603886 8.841796 46.000000
v -51.571697 8.811948 46.000000
v -51.538700 8.782994 46.000000
v -51.504921 8.754956 46.000000
v -51.470387 8.727856 46.000000
v -51.435120 8.701714 46.000000
v -51.399151 8.676548 46.000000
v -51.362507 8.652378 46.000000
v -51.325211 8.629224 46.000000
v -51.287292 8.607100 46.000000
v -51.248783 8.586026 46.000000
v -51.209713 8.566016 46.000000
v -51.170105 8.547086 46.000000
v -51.129993 8.529249 46.000000
v -51.089409 8.512519 46.000000
v -51.048378 8.496909 46.000000
v -51.006935 8.482430 46.000000
v -50.965111 8.469094 46.000000
v -50.922939 8.456911 46.000000
v -50.880447 8.445889 46.000000
v -50.837666 8.436037 46.000000
v -50.794632 8.427361 46.000000
v -50.751381 8.419870 46.000000
v -50.707935 8.413569 46.000000
v -50.664333 8.408462 46.000000
v -50.620609 8.404552 46.000000
v -50.576794 8.401844 46.000000
v -50.532921 8.400339 46.000000
v -50.489025 8.400038 46.000000
v -50.445137 8.400941 46.000000
v -50.401287 8.403048 46.000000
v -50.357513 8.406357 46.000000
v -50.313847 8.410866 46.000000
v -50.270321 8.416571 46.000000
v -50.226967 8.423468 46.000000
v -50.183819 8.431552 46.000000
v -50.140911 8.440816 46.000000
v -50.098270 8.451254 46.000000
v -50.055935 8.462858 46.000000
v -50.013931 8.475619 46.000000
v -49.972294 8.489528 46.000000
v -49.931053 8.504574 46.000000
v -49.890244 8.520745 46.000000
v -49.849892 8.538030 46.000000
v -49.810028 8.556416 46.000000
v -49.770683 8.575888 46.000000
v -49.731888 8.596432 46.000000
v -49.693672 8.618032 46.000000
v -49.656063 8.640673 46.000000
v -49.619087 8.664337 46.000000
v -49.582779 8.689007 46.000000
v -49.547157 8.714664 46.000000
v -49.512253 8.741288 46.000000
v -49.478092 8.768860 46.000000
v -49.444702 8.797358 46.000000
v -49.412106 8.826761 46.000000
v -49.380329 8.857048 46.000000
v -49.349396 8.888196 46.000000
v -49.319328 8.920180 46.000000
v -49.290146 8.952977 46.000000
v -49.261879 8.986563 46.000000
v -49.234543 9.020910 46.000000
v -49.208157 9.055996 46.000000
v -49.182747 9.091791 46.000000
v -49.158325 9.128271 46.000000
v -49.134914 9.165406 46.000000
v -49.112534 9.203170 46.000000
v -49.091194 9.241534 46.000000
v -49.070919 9.280469 46.000000
v -49.051716 9.319945 46.000000
v -49.033604 9.359933 46.000000
v -49.016598 9.400403 46.000000
v -49.000706 9.441325 46.000000
v -48.985943 9.482667 46.000000
v -48.972321 9.524398 46.000000
v -48.959846 9.566487 46.000000
v -48.948536 9.608903 46.000000
v -48.938389 9.651613 46.000000
v -48.929420 9.694586 46.000000
v -48.921631 9.737788 46.000000
v -48.915031 9.781188 46.000000
v -48.909626 9.824753 46.000000
v -48.905418 9.868448 46.000000
v -48.902409 9.912244 46.000000
v -48.900600 9.956105 46.000000
v -52.585785 20.000000 46.000000
v -47.000000 -21.585787 46.000000
v -48.414215 -23.000000 46.000000
v -47.000000 18.585787 46.000000
v -48.414215 20.000000 46.000000
vn -1.000000 0.000000 0.000000
vn -1.000000 0.000000 0.000000
vn -0.707107 -0.707107 0.000000
vn -0.707107 -0.707107 0.000000
vn 0.000000 -0.000000 -1.000000
vn 0.000000 0.000000 -1.000000
vn 0.000000 -0.000000 -1.000000
vn 0.000000 0.000000 -1.000000
vn 0.000000 -0.000000 -1.000000
vn 0.000000 0.000000 -1.000000
vn 0.000000 -0.000000 -1.000000
vn 0.000000 0.000000 -1.000000
vn 0.000000 -0.000000 -1.000000
vn 0.000000 0.000000 -1.000000
vn 0.000000 -0.000000 -1.000000
vn 0.000000 0.000000 -1.000000
vn 0.000000 -0.000000 -1.000000
vn 0.000000 0.000000 -1.000000
vn 0.000000 -0.000000 -1.000000
vn 0.000000 0.000000 -1.000000
vn 0.000000 -0.000000 -1.000000
vn 0.000000 0.000000 -1.000000
vn 0.000000 -0.000000 -1.000000
vn 0.000000 0.000000 -1.000000
vn 0.000000 -0.000000 -1.000000
vn 0.000000 0.000000 -1.000000
vn 0.000000 -0.000000 -1.000000
vn 0.000000 0.000000 -1.000000
vn 0.000000 -0.000000 -1.000000
vn 0.000000 0.000000 -1.000000
vn 0.000000 -0.000000 -1.000000
vn 0.000000 0.000000 -1.000000
vn 0.000000 -0.000000 -1.000000
vn 0.000000 0.000000 -1.000000
vn 0.000000 -0.000000 -1.000000
vn 0.000000 0.000000 -1.000000
vn 0.000000 -0.000000 -1.000000
vn 0.000000 0.000000 -1.000000
vn 0.000000 -0.000000 -1.000000
vn 0.000000 0.000000 -1.000000
vn 0.000000 -0.000000 -1.000000
vn 0.000000 0.000000 -1.000000
vn 0.000000 -0.000000 -1.000000
vn 0.000000 0.000000 -1.000000
vn 0.000000 -0.000000 -1.000000
vn 0.000000 0.000000 -1.000000
vn 0.000000 -0.000000 -1.000000
vn 0.000000 0.000000 -1.000000
vn 0.000000 -0.000000 -1.000000
vn 0.000000 0.000000 -1.000000
vn 0.000000 -0.000000 -1.000000
vn 0.000000 0.000000 -1.000000
vn 0.000000 -0.000000 -1.000000
vn 0.000000 0.000000 -1.000000
vn 0.000000 -0.000000 -1.000000
vn 0.000000 0.000000 -1.000000
vn 0.000000 -0.000000 -1.000000
vn 0.000000 0.000000 -1.000000
vn 0.000000 0.000000 -1.000000
vn 0.000000 -0.000000 -1.000000
vn 0.000000 0.000000 -1.000000
vn 0.000000 0.000000 -1.000000
vn 0.000000 0.000000 -1.000000
vn 0.000000 -0.000000 -1.000000
vn 0.000000 0.000000 -1.000000
vn 0.000000 0.000000 -1.000000
vn 0.000000 0.000000 -1.000000
vn 0.000000 0.000000 -1.000000
vn 0.000000 0.000000 -1.000000
vn 0.000000 0.000000 -1.000000
vn 0.000000 0.000000 -1.000000
vn 0.000000 0.000000 -1.000000
vn 0.000000 0.000000 -1.000000
vn 0.000000 0.000000 -1.000000
vn 0.000000 0.000000 -1.000000
vn 0.000000 0.000000 -1.000000
vn 0.000000 0.000000 -1.000000
vn 0.000000 0.000000 -1.000000
vn 0.000000 0.000000 -1.000000
vn 0.000000 0.000000 -1.000000
vn 0.000000 0.000000 -1.000000
vn 0.000000 0.000000 -1.000000
vn 0.000000 0.000000 -1.000000
vn 0.000000 0.000000 -1.000000
vn 0.000000 0.000000 -1.000000
vn 0.000000 0.000000 -1.000000
vn 0.000000 0.000000 -1.000000
vn 0.000000 0.000000 -1.000000
vn 0.000000 0.000000 -1.000000
vn 0.000000 0.000000 -1.000000
vn 0.000000 0.000000 -1.000000
vn 0.000000 0.000000 -1.000000
vn 0.000000 0.000000 -1.000000
vn 0.000000 0.000000 -1.000000
vn 0.000000 0.000000 -1.000000
vn 0.000000 0.000000 -1.000000
vn 0.000000 0.000000 -1.000000
vn 0.000000 0.000000 -1.000000
vn 0.000000 0.000000 -1.000000
vn 0.000000 0.000000 -1.000000
vn 0.000000 0.000000 -1.000000
vn 0.000000 0.000000 -1.000000
vn 0.000000 0.000000 -1.000000
vn 0.000000 0.000000 -1.000000
vn 0.000000 0.000000 -1.000000
vn 0.000000 0.000000 -1.000000
vn 0.000000 0.000000 -1.000000
vn 0.000000 0.000000 -1.000000
vn 0.000000 0.000000 -1.000000
vn 0.000000 0.000000 -1.000000
vn 0.000000 0.000000 -1.000000
vn 0.000000 0.000000 -1.000000
vn 0.000000 0.000000 -1.000000
vn 0.000000 0.000000 -1.000000
vn 0.000000 0.000000 -1.000000
vn 0.000000 0.000000 -1.000000
vn 0.000000 0.000000 -1.000000
vn 0.000000 0.000000 -1.000000
vn 0.000000 0.000000 -1.000000
vn 0.000000 0.000000 -1.000000
vn 0.000000 0.000000 -1.000000
vn 0.000000 0.000000 -1.000000
vn 0.000000 0.000000 -1.000000
vn 0.000000 0.000000 -1.000000
vn 0.000000 0.000000 -1.000000
vn 0.000000 0.000000 -1.000000
vn 0.000000 0.000000 -1.000000
vn 0.000000 0.000000 -1.000000
vn 0.000000 0.000000 -1.000000
vn 0.000000 0.000000 -1.000000
vn 0.000000 0.000000 -1.000000
vn 0.000000 0.000000 -1.000000
vn 0.000000 0.000000 -1.000000
vn 0.000000 0.000000 -1.000000
vn 0.000000 0.000000 -1.000000
vn 0.000000 0.000000 -1.000000
vn 0.000000 0.000000 -1.000000
vn 0.000000 0.000000 -1.000000
vn 0.000000 0.000000 -1.000000
vn 0.000000 0.000000 -1.000000
vn 0.000000 0.000000 -1.000000
vn 0.000000 0.000000 -1.000000
vn 0.000000 0.000000 -1.000000
vn 0.000000 0.000000 -1.000000
vn 0.000000 0.000000 -1.000000
vn 0.000000 0.000000 -1.000000
vn 0.000000 0.000000 -1.000000
vn 0.000000 0.000000 -1.000000
vn 0.000000 0.000000 -1.000000
vn 0.000000 0.000000 -1.000000
vn 0.000000 0.000000 -1.000000
vn 0.000000 0.000000 -1.000000
vn 0.000000 0.000000 -1.000000
vn 0.000000 0.000000 -1.000000
vn 0.000000 0.000000 -1.000000
vn 0.000000 0.000000 -1.000000
vn 0.000000 0.000000 -1.000000
vn 0.000000 0.000000 -1.000000
vn 0.000000 0.000000 -1.000000
vn 0.000000 0.000000 -1.000000
vn 0.000000 0.000000 -1.000000
vn 0.000000 0.000000 -1.000000
vn 0.000000 0.000000 -1.000000
vn 0.000000 0.000000 -1.000000
vn 0.000000 0.000000 -1.000000
vn 0.000000 0.000000 -1.000000
vn 0.000000 0.000000 -1.000000
vn 0.000000 0.000000 -1.000000
vn 0.000000 0.000000 -1.000000
vn 0.000000 0.000000 -1.000000
vn 0.000000 0.000000 -1.000000
vn 0.000000 0.000000 -1.000000
vn 0.000000 0.000000 -1.000000
vn 0.000000 0.000000 -1.000000
vn 0.000000 0.000000 -1.000000
vn 0.000000 0.000000 -1.000000
vn 0.000000 0.000000 -1.000000
vn 0.000000 0.000000 -1.000000
vn 0.000000 0.000000 -1.000000
vn 0.000000 0.000000 -1.000000
vn 0.000000 0.000000 -1.000000
vn 0.000000 0.000000 -1.000000
vn 0.000000 0.000000 -1.000000
vn 0.000000 0.000000 -1.000000
vn 0.000000 0.000000 -1.000000
vn 0.000000 0.000000 -1.000000
vn 0.000000 0.000000 -1.000000
vn 0.000000 0.000000 -1.000000
vn 0.000000 0.000000 -1.000000
vn 0.000000 0.000000 -1.000000
vn 0.000000 0.000000 -1.000000
vn 0.000000 0.000000 -1.000000
vn 0.000000 0.000000 -1.000000
vn 0.000000 0.000000 -1.000000
vn 0.000000 0.000000 -1.000000
vn 0.000000 0.000000 -1.000000
vn 0.000000 0.000000 -1.000000
vn 0.000000 0.000000 -1.000000
vn 0.000000 0.000000 -1.000000
vn 0.000000 0.000000 -1.000000
vn 0.000000 0.000000 -1.000000
vn 0.000000 0.000000 -1.000000
vn 0.000000 0.000000 -1.000000
vn 0.000000 0.000000 -1.000000
vn 0.000000 0.000000 -1.000000
vn 0.000000 0.000000 -1.000000
vn 0.000000 0.000000 -1.000000
vn 0.000000 0.000000 -1.000000
vn 0.000000 0.000000 -1.000000
vn 0.000000 0.000000 -1.000000
vn 0.000000 0.000000 -1.000000
vn 0.000000 0.000000 -1.000000
vn 0.000000 0.000000 -1.000000
vn 0.000000 0.000000 -1.000000
vn 0.000000 0.000000 -1.000000
vn 0.000000 0.000000 -1.000000
vn 0.000000 0.000000 -1.000000
vn 0.000000 0.000000 -1.000000
vn 0.000000 0.000000 -1.000000
vn 0.000000 0.000000 -1.000000
vn 0.000000 0.000000 -1.000000
vn 0.000000 0.000000 -1.000000
vn 0.000000 0.000000 -1.000000
vn 0.000000 0.000000 -1.000000
vn 0.000000 0.000000 -1.000000
vn 0.000000 0.000000 -1.000000
vn 0.000000 0.000000 -1.000000
vn 0.000000 0.000000 -1.000000
vn 0.000000 0.000000 -1.000000
vn 0.000000 0.000000 -1.000000
vn 0.000000 0.000000 -1.000000
vn 0.000000 0.000000 -1.000000
vn 0.000000 0.000000 -1.000000
vn 0.000000 0.000000 -1.000000
vn 0.000000 0.000000 -1.000000
vn 0.000000 0.000000 -1.000000
vn 0.000000 0.000000 -1.000000
vn 0.000000 0.000000 -1.000000
vn 0.000000 0.000000 -1.000000
vn 0.000000 0.000000 -1.000000
vn 0.000000 0.000000 -1.000000
vn 0.000000 0.000000 -1.000000
vn 0.000000 0.000000 -1.000000
vn 0.000000 0.000000 -1.000000
vn 0.000000 0.000000 -1.000000
vn 0.000000 0.000000 -1.000000
vn 0.000000 0.000000 -1.000000
vn 0.000000 0.000000 -1.000000
vn 0.000000 0.000000 -1.000000
vn 0.000000 0.000000 -1.000000
vn 0.000000 0.000000 -1.000000
vn 0.000000 0.000000 -1.000000
vn 0.000000 0.000000 -1.000000
vn 0.000000 0.000000 -1.000000
vn 0.000000 0.000000 -1.000000
vn 0.000000 0.000000 -1.000000
vn 0.000000 0.000000 -1.000000
vn 0.000000 0.000000 -1.000000
vn 0.000000 0.000000 -1.000000
vn 0.000000 0.000000 -1.000000
vn 0.000000 0.000000 -1.000000
vn 0.000000 0.000000 -1.000000
vn 0.000000 0.000000 -1.000000
vn 0.000000 0.000000 -1.000000
vn 0.000000 0.000000 -1.000000
vn 0.000000 0.000000 -1.000000
vn 0.000000 0.000000 -1.000000
vn 0.000000 0.000000 -1.000000
vn 0.000000 0.000000 -1.000000
vn 0.000000 0.000000 -1.000000
vn 0.000000 0.000000 -1.000000
vn 0.000000 0.000000 -1.000000
vn 0.000000 0.000000 -1.000000
vn 0.000000 0.000000 -1.000000
vn 0.000000 0.000000 -1.000000
vn 0.000000 0.000000 -1.000000
vn 0.000000 0.000000 -1.000000
vn 0.000000 0.000000 -1.000000
vn 0.000000 0.000000 -1.000000
vn 0.000000 0.000000 -1.000000
vn 0.000000 0.000000 -1.000000
vn 0.000000 0.000000 -1.000000
vn 0.000000 0.000000 -1.000000
vn 0.000000 0.000000 -1.000000
vn 0.000000 0.000000 -1.000000
vn 0.000000 0.000000 -1.000000
vn 0.000000 0.000000 -1.000000
vn 0.000000 0.000000 -1.000000
vn 0.000000 0.000000 -1.000000
vn 0.000000 0.000000 -1.000000
vn 0.000000 0.000000 -1.000000
vn 0.000000 0.000000 -1.000000
vn 0.000000 0.000000 -1.000000
vn 0.000000 0.000000 -1.000000
vn 0.000000 0.000000 -1.000000
vn 0.000000 0.000000 -1.000000
vn 0.000000 0.000000 -1.000000
vn 0.000000 0.000000 -1.000000
vn 0.000000 0.000000 -1.000000
vn 0.000000 0.000000 -1.000000
vn 0.000000 0.000000 -1.000000
vn 0.000000 0.000000 -1.000000
vn 0.000000 0.000000 -1.000000
vn 0.000000 0.000000 -1.000000
vn 0.000000 0.000000 -1.000000
vn 0.000000 0.000000 -1.000000
vn 0.000000 0.000000 -1.000000
vn 0.000000 0.000000 -1.000000
vn 0.000000 0.000000 -1.000000
vn 0.000000 0.000000 -1.000000
vn 0.000000 0.000000 -1.000000
vn 0.000000 0.000000 -1.000000
vn 0.000000 0.000000 -1.000000
vn 0.000000 0.000000 -1.000000
vn 0.000000 0.000000 -1.000000
vn 0.000000 0.000000 -1.000000
vn 0.000000 0.000000 -1.000000
vn 0.000000 0.000000 -1.000000
vn 0.000000 0.000000 -1.000000
vn 0.000000 0.000000 -1.000000
vn 0.000000 0.000000 -1.000000
vn 0.000000 0.000000 -1.000000
vn 0.000000 0.000000 -1.000000
vn 0.000000 0.000000 -1.000000
vn 0.000000 0.000000 -1.000000
vn 0.000000 0.000000 -1.000000
vn 0.000000 0.000000 -1.000000
vn 0.000000 0.000000 -1.000000
vn 0.000000 0.000000 -1.000000
vn 0.000000 0.000000 -1.000000
vn 0.000000 0.000000 -1.000000
vn 0.000000 0.000000 -1.000000
vn 0.000000 0.000000 -1.000000
vn 0.000000 0.000000 -1.000000
vn 0.000000 0.000000 -1.000000
vn 0.000000 0.000000 -1.000000
vn 0.000000 0.000000 -1.000000
vn 0.000000 0.000000 -1.000000
vn 0.000000 0.000000 -1.000000
vn 0.000000 0.000000 -1.000000
vn 0.000000 0.000000 -1.000000
vn 0.000000 0.000000 -1.000000
vn 0.000000 0.000000 -1.000000
vn 0.000000 0.000000 -1.000000
vn 0.000000 0.000000 -1.000000
vn 0.000000 0.000000 -1.000000
vn 0.000000 0.000000 -1.000000
vn 0.000000 0.000000 -1.000000
vn 0.000000 0.000000 -1.000000
vn 0.000000 0.000000 -1.000000
vn 0.000000 0.000000 -1.000000
vn 0.000000 0.000000 -1.000000
vn 0.000000 0.000000 -1.000000
vn 0.000000 0.000000 -1.000000
vn 0.000000 0.000000 -1.000000
vn 0.000000 0.000000 -1.000000
vn 0.000000 0.000000 -1.000000
vn 0.000000 0.000000 -1.000000
vn 0.000000 0.000000 -1.000000
vn 0.000000 0.000000 -1.000000
vn 0.000000 0.000000 -1.000000
vn 0.000000 0.000000 -1.000000
vn 0.000000 0.000000 -1.000000
vn 0.000000 0.000000 -1.000000
vn 0.000000 0.000000 -1.000000
vn 0.000000 0.000000 -1.000000
vn 0.000000 0.000000 -1.000000
vn 0.000000 0.000000 -1.000000
vn 0.000000 0.000000 -1.000000
vn 0.000000 0.000000 -1.000000
vn 0.000000 0.000000 -1.000000
vn 0.000000 0.000000 -1.000000
vn 0.000000 0.000000 -1.000000
vn 0.000000 0.000000 -1.000000
vn 0.000000 0.000000 -1.000000
vn 0.000000 0.000000 -1.000000
vn 0.000000 0.000000 -1.000000
vn 0.000000 0.000000 -1.000000
vn 0.000000 0.000000 -1.000000
vn 0.000000 0.000000 -1.000000
vn 0.000000 0.000000 -1.000000
vn 0.000000 0.000000 -1.000000
vn 0.000000 0.000000 -1.000000
vn 0.000000 0.000000 -1.000000
vn 0.000000 0.000000 -1.000000
vn 0.000000 0.000000 -1.000000
vn 0.000000 0.000000 -1.000000
vn 0.000000 0.000000 -1.000000
vn 0.000000 0.000000 -1.000000
vn 0.000000 0.000000 -1.000000
vn 0.000000 0.000000 -1.000000
vn 0.000000 0.000000 -1.000000
vn 0.000000 0.000000 -1.000000
vn 0.000000 0.000000 -1.000000
vn 0.000000 0.000000 -1.000000
vn 0.000000 0.000000 -1.000000
vn 0.000000 0.000000 -1.000000
vn 0.000000 0.000000 -1.000000
vn 0.000000 0.000000 -1.000000
vn 0.000000 0.000000 -1.000000
vn 0.000000 0.000000 -1.000000
vn 0.000000 0.000000 -1.000000
vn 0.000000 0.000000 -1.000000
vn 0.000000 0.000000 -1.000000
vn 0.000000 0.000000 -1.000000
vn 0.000000 0.000000 -1.000000
vn 0.000000 0.000000 -1.000000
vn 0.000000 0.000000 -1.000000
vn 0.000000 0.000000 -1.000000
vn 0.000000 0.000000 -1.000000
vn 0.000000 0.000000 -1.000000
vn 0.000000 0.000000 -1.000000
vn 0.000000 0.000000 -1.000000
vn 0.000000 0.000000 -1.000000
vn 0.000000 -0.000000 -1.000000
vn 0.000000 0.000000 -1.000000
vn 0.000000 -0.000000 -1.000000
vn 0.000000 0.000000 -1.000000
vn 0.000000 -0.000000 -1.000000
vn 0.000000 0.000000 -1.000000
vn 0.000000 -0.000000 -1.000000
vn 0.000000 0.000000 -1.000000
vn 0.000000 -0.000000 -1.000000
vn 0.000000 0.000000 -1.000000
vn 0.000000 -0.000000 -1.000000
vn 0.000000 0.000000 -1.000000
vn 0.000000 -0.000000 -1.000000
vn 0.000000 0.000000 -1.000000
vn 0.000000 0.000000 -1.000000
vn 0.000000 0.000000 -1.000000
vn 0.000000 0.000000 -1.000000
vn 0.000000 0.000000 -1.000000
vn 0.000000 0.000000 -1.000000
vn 0.000000 0.000000 -1.000000
vn 0.000000 0.000000 -1.000000
vn 0.000000 0.000000 -1.000000
vn 0.000000 0.000000 -1.000000
vn 0.000000 0.000000 -1.000000
vn 0.000000 0.000000 -1.000000
vn 0.000000 0.000000 -1.000000
vn 0.000000 0.000000 -1.000000
vn 0.000000 0.000000 -1.000000
vn 0.000000 0.000000 -1.000000
vn 0.000000 0.000000 -1.000000
vn 0.000000 0.000000 -1.000000
vn 0.000000 0.000000 -1.000000
vn 0.000000 0.000000 -1.000000
vn 0.000000 0.000000 -1.000000
vn 0.000000 0.000000 -1.000000
vn 0.000000 0.000000 -1.000000
vn 0.000000 0.000000 -1.000000
vn 0.000000 0.000000 -1.000000
vn 0.000000 0.000000 -1.000000
vn 0.000000 0.000000 -1.000000
vn 0.000000 0.000000 -1.000000
vn 0.000000 0.000000 -1.000000
vn 0.000000 0.000000 -1.000000
vn 0.000000 0.000000 -1.000000
vn 0.000000 0.000000 -1.000000
vn 0.000000 0.000000 -1.000000
vn 0.000000 0.000000 -1.000000
vn 0.000000 -0.000000 -1.000000
vn 0.000000 0.000000 -1.000000
vn 0.000000 0.000000 -1.000000
vn 0.000000 0.000000 -1.000000
vn 0.000000 0.000000 -1.000000
vn 0.000000 0.000000 -1.000000
vn 0.000000 0.000000 -1.000000
vn 0.000000 0.000000 -1.000000
vn 0.000000 0.000000 -1.000000
vn 0.000000 0.000000 -1.000000
vn 0.000000 0.000000 -1.000000
vn -0.707107 0.707107 0.000000
vn -0.707107 0.707107 0.000000
vn -0.707107 0.000000 0.707107
vn -0.707107 0.000000 0.707107
vn -0.500000 -0.500000 0.707107
vn -0.499999 -0.500000 0.707107
vn 0.000000 -1.000000 0.000000
vn 0.000000 -1.000000 0.000000
vn 0.000000 1.000000 0.000000
vn 0.000000 1.000000 0.000000
vn 0.707107 -0.707107 0.000000
vn 0.707107 -0.707107 0.000000
vn 0.707107 0.707107 -0.000000
vn 0.707107 0.707107 -0.000000
vn 1.000000 0.000000 0.000000
vn 1.000000 -0.000000 0.000000
vn -0.999907 -0.013643 0.000000
vn -0.999907 -0.013643 0.000000
vn -0.999151 -0.041190 0.000000
vn -0.999151 -0.041190 0.000000
vn -0.997647 -0.068562 0.000000
vn -0.997647 -0.068562 0.000000
vn -0.995396 -0.095851 0.000000
vn -0.995396 -0.095851 0.000000
vn -0.992390 -0.123134 0.000000
vn -0.992390 -0.123134 0.000000
vn -0.988635 -0.150333 0.000000
vn -0.988635 -0.150333 0.000000
vn -0.984131 -0.177444 0.000000
vn -0.984131 -0.177444 0.000000
vn -0.978909 -0.204298 0.000000
vn -0.978909 -0.204298 0.000000
vn -0.972919 -0.231146 0.000000
vn -0.972919 -0.231146 0.000000
vn -0.966236 -0.257657 0.000000
vn -0.966236 -0.257657 0.000000
vn -0.958779 -0.284153 0.000000
vn -0.958779 -0.284153 0.000000
vn -0.950633 -0.310317 0.000000
vn -0.950633 -0.310317 0.000000
vn -0.941757 -0.336295 0.000000
vn -0.941757 -0.336295 0.000000
vn -0.932175 -0.362008 0.000000
vn -0.932175 -0.362008 0.000000
vn -0.921913 -0.387396 0.000000
vn -0.921913 -0.387396 0.000000
vn -0.910915 -0.412595 0.000000
vn -0.910915 -0.412595 0.000000
vn -0.899249 -0.437437 0.000000
vn -0.899249 -0.437437 0.000000
vn -0.886946 -0.461874 0.000000
vn -0.886946 -0.461874 0.000000
vn -0.873907 -0.486093 0.000000
vn -0.873907 -0.486093 0.000000
vn -0.860268 -0.509843 0.000000
vn -0.860268 -0.509843 0.000000
vn -0.845931 -0.533293 0.000000
vn -0.845931 -0.533293 0.000000
vn -0.830979 -0.556303 0.000000
vn -0.830979 -0.556303 0.000000
vn -0.815436 -0.578848 0.000000
vn -0.815436 -0.578848 0.000000
vn -0.799212 -0.601049 0.000000
vn -0.799212 -0.601049 0.000000
vn -0.782443 -0.622722 0.000000
vn -0.782443 -0.622722 0.000000
vn -0.765087 -0.643927 0.000000
vn -0.765087 -0.643927 0.000000
vn -0.747074 -0.664741 0.000000
vn -0.747074 -0.664741 0.000000
vn -0.728603 -0.684936 0.000000
vn -0.728603 -0.684936 0.000000
vn -0.709547 -0.704659 0.000000
vn -0.709547 -0.704659 0.000000
vn -0.689936 -0.723870 0.000000
vn -0.689936 -0.723870 0.000000
vn -0.669804 -0.742537 0.000000
vn -0.669804 -0.742537 0.000000
vn -0.649183 -0.760632 0.000000
vn -0.649183 -0.760632 0.000000
vn -0.628067 -0.778159 0.000000
vn -0.628067 -0.778159 0.000000
vn -0.606487 -0.795093 0.000000
vn -0.606487 -0.795093 0.000000
vn -0.584441 -0.811436 0.000000
vn -0.584441 -0.811436 0.000000
vn -0.561999 -0.827138 0.000000
vn -0.561999 -0.827138 0.000000
vn -0.539052 -0.842272 0.000000
vn -0.539052 -0.842272 0.000000
vn -0.515748 -0.856741 0.000000
vn -0.515748 -0.856741 0.000000
vn -0.492067 -0.870557 0.000000
vn -0.492067 -0.870557 0.000000
vn -0.467982 -0.883738 0.000000
vn -0.467982 -0.883738 0.000000
vn -0.443560 -0.896245 0.000000
vn -0.443560 -0.896245 0.000000
vn -0.418820 -0.908069 0.000000
vn -0.418820 -0.908069 0.000000
vn -0.393741 -0.919221 0.000000
vn -0.393741 -0.919221 0.000000
vn -0.368396 -0.929669 0.000000
vn -0.368396 -0.929669 0.000000
vn -0.342739 -0.939431 0.000000
vn -0.342739 -0.939431 0.000000
vn -0.316827 -0.948483 0.000000
vn -0.316827 -0.948483 0.000000
vn -0.290690 -0.956817 0.000000
vn -0.290690 -0.956817 0.000000
vn -0.264353 -0.964426 0.000000
vn -0.264353 -0.964426 0.000000
vn -0.237769 -0.971322 0.000000
vn -0.237769 -0.971322 0.000000
vn -0.184157 -0.982897 0.000000
vn -0.211042 -0.977477 0.000000
vn -0.211042 -0.977477 0.000000
vn -0.184157 -0.982897 0.000000
vn -0.157109 -0.987581 0.000000
vn -0.157109 -0.987581 0.000000
vn -0.129958 -0.991520 0.000000
vn -0.129958 -0.991520 0.000000
vn -0.102712 -0.994711 0.000000
vn -0.102712 -0.994711 0.000000
vn -0.075384 -0.997155 0.000000
vn -0.075384 -0.997155 0.000000
vn -0.047987 -0.998848 0.000000
vn -0.047987 -0.998848 0.000000
vn -0.020574 -0.999788 0.000000
vn -0.020574 -0.999788 0.000000
vn 0.006865 -0.999976 0.000000
vn 0.006865 -0.999976 0.000000
vn 0.034281 -0.999412 0.000000
vn 0.034281 -0.999412 0.000000
vn 0.061697 -0.998095 0.000000
vn 0.061697 -0.998095 0.000000
vn 0.089049 -0.996027 0.000000
vn 0.089049 -0.996027 0.000000
vn 0.116352 -0.993208 0.000000
vn 0.116352 -0.993208 0.000000
vn 0.143529 -0.989646 0.000000
vn 0.143529 -0.989646 0.000000
vn 0.170660 -0.985330 0.000000
vn 0.170660 -0.985330 0.000000
vn 0.197624 -0.980278 0.000000
vn 0.197624 -0.980278 0.000000
vn 0.224399 -0.974497 0.000000
vn 0.251093 -0.967963 0.000000
vn 0.224399 -0.974497 0.000000
vn 0.251093 -0.967963 0.000000
vn 0.277546 -0.960712 0.000000
vn 0.277546 -0.960712 0.000000
vn 0.303792 -0.952738 0.000000
vn 0.303792 -0.952738 0.000000
vn 0.329816 -0.944045 0.000000
vn 0.329816 -0.944045 0.000000
vn 0.355576 -0.934647 0.000000
vn 0.355576 -0.934647 0.000000
vn 0.381120 -0.924525 0.000000
vn 0.381120 -0.924525 0.000000
vn 0.406314 -0.913734 0.000000
vn 0.406314 -0.913734 0.000000
vn 0.431223 -0.902245 0.000000
vn 0.431223 -0.902245 0.000000
vn 0.455848 -0.890058 0.000000
vn 0.455848 -0.890058 0.000000
vn 0.480066 -0.877232 0.000000
vn 0.503947 -0.863735 0.000000
vn 0.480066 -0.877232 0.000000
vn 0.503947 -0.863735 0.000000
vn 0.527442 -0.849591 0.000000
vn 0.527442 -0.849591 0.000000
vn 0.550602 -0.834768 0.000000
vn 0.573270 -0.819367 0.000000
vn 0.550602 -0.834768 0.000000
vn 0.595500 -0.803355 0.000000
vn 0.573270 -0.819367 0.000000
vn 0.595500 -0.803355 0.000000
vn 0.617347 -0.786691 0.000000
vn 0.617347 -0.786691 0.000000
vn 0.659550 -0.751661 0.000000
vn 0.638687 -0.769466 0.000000
vn 0.638687 -0.769466 0.000000
vn 0.679948 -0.733261 0.000000
vn 0.659550 -0.751661 0.000000
vn 0.679948 -0.733261 0.000000
vn 0.699770 -0.714368 0.000000
vn 0.699770 -0.714368 0.000000
vn 0.719157 -0.694847 0.000000
vn 0.719157 -0.694847 0.000000
vn 0.737937 -0.674869 0.000000
vn 0.737937 -0.674869 0.000000
vn 0.756141 -0.654409 0.000000
vn 0.773826 -0.633399 0.000000
vn 0.756141 -0.654409 0.000000
vn 0.773826 -0.633399 0.000000
vn 0.790905 -0.611938 0.000000
vn 0.790905 -0.611938 0.000000
vn 0.807381 -0.590030 0.000000
vn 0.823293 -0.567617 0.000000
vn 0.807381 -0.590030 0.000000
vn 0.823293 -0.567617 0.000000
vn 0.838576 -0.544784 0.000000
vn 0.838576 -0.544784 0.000000
vn 0.853167 -0.521637 0.000000
vn 0.853167 -0.521637 0.000000
vn 0.867166 -0.498019 0.000000
vn 0.880511 -0.474026 0.000000
vn 0.867166 -0.498019 0.000000
vn 0.880511 -0.474026 0.000000
vn 0.893146 -0.449766 0.000000
vn 0.893146 -0.449766 0.000000
vn 0.905183 -0.425023 0.000000
vn 0.916514 -0.400002 0.000000
vn 0.905183 -0.425023 0.000000
vn 0.916514 -0.400002 0.000000
vn 0.937065 -0.349156 0.000000
vn 0.927113 -0.374782 0.000000
vn 0.927113 -0.374782 0.000000
vn 0.946280 -0.323349 0.000000
vn 0.937065 -0.349156 0.000000
vn 0.946280 -0.323349 0.000000
vn 0.954791 -0.297278 0.000000
vn 0.954791 -0.297278 0.000000
vn 0.969663 -0.244447 0.000000
vn 0.962618 -0.270863 0.000000
vn 0.962618 -0.270863 0.000000
vn 0.976002 -0.217763 0.000000
vn 0.969663 -0.244447 0.000000
vn 0.976002 -0.217763 0.000000
vn 0.981607 -0.190912 0.000000
vn 0.981607 -0.190912 0.000000
vn 0.990614 -0.136690 0.000000
vn 0.986478 -0.163892 0.000000
vn 0.986478 -0.163892 0.000000
vn 0.993978 -0.109578 0.000000
vn 0.990614 -0.136690 0.000000
vn 0.993978 -0.109578 0.000000
vn 0.996615 -0.082206 0.000000
vn 0.996615 -0.082206 0.000000
vn 0.998496 -0.054832 0.000000
vn 0.999623 -0.027460 0.000000
vn 0.998496 -0.054832 0.000000
vn 0.999623 -0.027460 0.000000
vn 1.000000 0.000000 0.000000
vn 0.999623 0.027460 -0.000000
vn 1.000000 0.000000 0.000000
vn 0.999623 0.027460 -0.000000
vn 0.998496 0.054832 0.000000
vn 0.996615 0.082206 -0.000000
vn 0.998496 0.054832 -0.000000
vn 0.996615 0.082206 -0.000000
vn 0.993978 0.109578 0.000000
vn 0.990614 0.136690 -0.000000
vn 0.993978 0.109578 -0.000000
vn 0.990614 0.136690 -0.000000
vn 0.981607 0.190912 -0.000000
vn 0.986478 0.163892 -0.000000
vn 0.986478 0.163892 0.000000
vn 0.981607 0.190912 -0.000000
vn 0.976002 0.217763 -0.000000
vn 0.976002 0.217763 0.000000
vn 0.969663 0.244447 -0.000000
vn 0.969663 0.244447 0.000000
vn 0.962618 0.270863 -0.000000
vn 0.962618 0.270863 0.000000
vn 0.946280 0.323349 -0.000000
vn 0.954791 0.297278 -0.000000
vn 0.954791 0.297278 0.000000
vn 0.937065 0.349156 -0.000000
vn 0.946280 0.323349 -0.000000
vn 0.937065 0.349156 -0.000000
vn 0.927113 0.374782 -0.000000
vn 0.927113 0.374782 0.000000
vn 0.905183 0.425023 -0.000000
vn 0.916514 0.400002 -0.000000
vn 0.916514 0.400002 0.000000
vn 0.905183 0.425023 -0.000000
vn 0.893146 0.449766 -0.000000
vn 0.893146 0.449766 0.000000
vn 0.880511 0.474026 -0.000000
vn 0.880511 0.474026 0.000000
vn 0.867166 0.498019 -0.000000
vn 0.867166 0.498019 0.000000
vn 0.853167 0.521637 -0.000000
vn 0.853167 0.521637 0.000000
vn 0.838576 0.544784 0.000000
vn 0.823293 0.567617 -0.000000
vn 0.838576 0.544784 -0.000000
vn 0.823293 0.567617 -0.000000
vn 0.807381 0.590030 0.000000
vn 0.807381 0.590030 -0.000000
vn 0.790905 0.611938 0.000000
vn 0.790905 0.611938 -0.000000
vn 0.773826 0.633399 -0.000000
vn 0.773826 0.633399 0.000000
vn 0.756141 0.654409 -0.000000
vn 0.756141 0.654409 0.000000
vn 0.737937 0.674869 0.000000
vn 0.737937 0.674869 -0.000000
vn 0.699770 0.714368 -0.000000
vn 0.719157 0.694847 -0.000000
vn 0.719157 0.694847 0.000000
vn 0.699770 0.714368 -0.000000
vn 0.679948 0.733261 -0.000000
vn 0.679948 0.733261 0.000000
vn 0.659550 0.751661 -0.000000
vn 0.659550 0.751661 0.000000
vn 0.638687 0.769466 -0.000000
vn 0.638687 0.769466 0.000000
vn 0.617347 0.786691 -0.000000
vn 0.617347 0.786691 0.000000
vn 0.595500 0.803355 -0.000000
vn 0.595500 0.803355 0.000000
vn 0.550602 0.834768 -0.000000
vn 0.573270 0.819367 -0.000000
vn 0.573270 0.819367 0.000000
vn 0.550602 0.834768 -0.000000
vn 0.503947 0.863735 -0.000000
vn 0.527442 0.849591 -0.000000
vn 0.527442 0.849591 0.000000
vn 0.480066 0.877232 -0.000000
vn 0.503947 0.863735 -0.000000
vn 0.480066 0.877232 -0.000000
vn 0.455848 0.890058 -0.000000
vn 0.455848 0.890058 0.000000
vn 0.406314 0.913734 -0.000000
vn 0.431223 0.902245 -0.000000
vn 0.431223 0.902245 0.000000
vn 0.406314 0.913734 -0.000000
vn 0.381120 0.924525 0.000000
vn 0.381120 0.924525 -0.000000
vn 0.355576 0.934647 0.000000
vn 0.355576 0.934647 -0.000000
vn 0.329816 0.944045 -0.000000
vn 0.329816 0.944045 0.000000
vn 0.303792 0.952738 0.000000
vn 0.277546 0.960712 -0.000000
vn 0.303792 0.952738 -0.000000
vn 0.277546 0.960712 -0.000000
vn 0.251093 0.967963 0.000000
vn 0.251093 0.967963 -0.000000
vn 0.224399 0.974497 0.000000
vn 0.224399 0.974497 -0.000000
vn 0.197624 0.980278 0.000000
vn 0.197624 0.980278 -0.000000
vn 0.170660 0.985330 0.000000
vn 0.170660 0.985330 -0.000000
vn 0.143529 0.989646 0.000000
vn 0.143529 0.989646 -0.000000
vn 0.116352 0.993208 0.000000
vn 0.089049 0.996027 -0.000000
vn 0.116352 0.993208 -0.000000
vn 0.089049 0.996027 -0.000000
vn 0.061697 0.998095 -0.000000
vn 0.061697 0.998095 -0.000000
vn 0.034281 0.999412 0.000000
vn 0.006865 0.999976 -0.000000
vn 0.034281 0.999412 -0.000000
vn 0.006865 0.999976 -0.000000
vn -0.020574 0.999788 0.000000
vn -0.047987 0.998848 0.000000
vn -0.020574 0.999788 0.000000
vn -0.047987 0.998848 0.000000
vn -0.075384 0.997155 0.000000
vn -0.075384 0.997155 0.000000
vn -0.102712 0.994711 0.000000
vn -0.102712 0.994711 0.000000
vn -0.129958 0.991520 0.000000
vn -0.129958 0.991520 0.000000
vn -0.157109 0.987581 0.000000
vn -0.157109 0.987581 0.000000
vn -0.184157 0.982897 0.000000
vn -0.211042 0.977477 0.000000
vn -0.184157 0.982897 0.000000
vn -0.211042 0.977477 0.000000
vn -0.237769 0.971322 0.000000
vn -0.237769 0.971322 0.000000
vn -0.290690 0.956817 0.000000
vn -0.264353 0.964426 0.000000
vn -0.264353 0.964426 0.000000
vn -0.290690 0.956817 0.000000
vn -0.342739 0.939431 0.000000
vn -0.316827 0.948483 0.000000
vn -0.316827 0.948483 0.000000
vn -0.368396 0.929669 0.000000
vn -0.342739 0.939431 0.000000
vn -0.368396 0.929669 0.000000
vn -0.393741 0.919221 0.000000
vn -0.393741 0.919221 0.000000
vn -0.418820 0.908069 0.000000
vn -0.443560 0.896245 0.000000
vn -0.418820 0.908069 0.000000
vn -0.443560 0.896245 0.000000
vn -0.467982 0.883738 0.000000
vn -0.467982 0.883738 0.000000
vn -0.492067 0.870557 0.000000
vn -0.515748 0.856741 0.000000
vn -0.492067 0.870557 0.000000
vn -0.515748 0.856741 0.000000
vn -0.539052 0.842272 0.000000
vn -0.539052 0.842272 0.000000
vn -0.561999 0.827138 0.000000
vn -0.561999 0.827138 0.000000
vn -0.584441 0.811436 0.000000
vn -0.584441 0.811436 0.000000
vn -0.606487 0.795093 0.000000
vn -0.606487 0.795093 0.000000
vn -0.628067 0.778159 0.000000
vn -0.628067 0.778159 0.000000
vn -0.649183 0.760632 0.000000
vn -0.669804 0.742537 0.000000
vn -0.649183 0.760632 0.000000
vn -0.669804 0.742537 0.000000
vn -0.689936 0.723870 0.000000
vn -0.689936 0.723870 0.000000
vn -0.709547 0.704659 0.000000
vn -0.709547 0.704659 0.000000
vn -0.728603 0.684936 0.000000
vn -0.728603 0.684936 0.000000
vn -0.747074 0.664741 0.000000
vn -0.747074 0.664741 0.000000
vn -0.782443 0.622722 0.000000
vn -0.765087 0.643927 0.000000
vn -0.765087 0.643927 0.000000
vn -0.799212 0.601049 0.000000
vn -0.782443 0.622722 0.000000
vn -0.799212 0.601049 0.000000
vn -0.815436 0.578848 0.000000
vn -0.815436 0.578848 0.000000
vn -0.830979 0.556303 0.000000
vn -0.830979 0.556303 0.000000
vn -0.845931 0.533293 0.000000
vn -0.845931 0.533293 0.000000
vn -0.860268 0.509843 0.000000
vn -0.860268 0.509843 0.000000
vn -0.873907 0.486093 0.000000
vn -0.873907 0.486093 0.000000
vn -0.886946 0.461874 0.000000
vn -0.886946 0.461874 0.000000
vn -0.899249 0.437437 0.000000
vn -0.899249 0.437437 0.000000
vn -0.910915 0.412595 0.000000
vn -0.910915 0.412595 0.000000
vn -0.921913 0.387396 0.000000
vn -0.932175 0.362008 0.000000
vn -0.921913 0.387396 0.000000
vn -0.932175 0.362008 0.000000
vn -0.941757 0.336295 0.000000
vn -0.950633 0.310317 0.000000
vn -0.941757 0.336295 0.000000
vn -0.950633 0.310317 0.000000
vn -0.958779 0.284153 0.000000
vn -0.966236 0.257657 0.000000
vn -0.958779 0.284153 0.000000
vn -0.966236 0.257657 0.000000
vn -0.972919 0.231146 0.000000
vn -0.972919 0.231146 0.000000
vn -0.978909 0.204298 0.000000
vn -0.978909 0.204298 0.000000
vn -0.984131 0.177444 0.000000
vn -0.984131 0.177444 0.000000
vn -0.988635 0.150333 0.000000
vn -0.988635 0.150333 0.000000
vn -0.992390 0.123134 0.000000
vn -0.992390 0.123134 0.000000
vn -0.997647 0.068562 0.000000
vn -0.995396 0.095851 0.000000
vn -0.995396 0.095851 0.000000
vn -0.997647 0.068562 0.000000
vn -0.999151 0.041190 0.000000
vn -0.999151 0.041190 0.000000
vn -0.999907 0.013643 0.000000
vn -0.999907 0.013643 0.000000
vn -0.999907 -0.013643 0.000000
vn -0.999907 -0.013643 0.000000
vn -0.999151 -0.041190 0.000000
vn -0.999151 -0.041190 0.000000
vn -0.997647 -0.068562 0.000000
vn -0.997647 -0.068562 0.000000
vn -0.995396 -0.095851 0.000000
vn -0.995396 -0.095851 0.000000
vn -0.992390 -0.123134 0.000000
vn -0.992390 -0.123134 0.000000
vn -0.988635 -0.150333 0.000000
vn -0.988635 -0.150333 0.000000
vn -0.984131 -0.177444 0.000000
vn -0.984131 -0.177444 0.000000
vn -0.978909 -0.204298 0.000000
vn -0.978909 -0.204298 0.000000
vn -0.972919 -0.231146 0.000000
vn -0.972919 -0.231146 0.000000
vn -0.966236 -0.257657 0.000000
vn -0.966236 -0.257657 0.000000
vn -0.958779 -0.284153 0.000000
vn -0.958779 -0.284153 0.000000
vn -0.950633 -0.310317 0.000000
vn -0.950633 -0.310317 0.000000
vn -0.941757 -0.336295 0.000000
vn -0.941757 -0.336295 0.000000
vn -0.932175 -0.362008 0.000000
vn -0.932175 -0.362008 0.000000
vn -0.921913 -0.387396 0.000000
vn -0.921913 -0.387396 0.000000
vn -0.910915 -0.412595 0.000000
vn -0.910915 -0.412595 0.000000
vn -0.899249 -0.437437 0.000000
vn -0.899249 -0.437437 0.000000
vn -0.886946 -0.461874 0.000000
vn -0.886946 -0.461874 0.000000
vn -0.873907 -0.486093 0.000000
vn -0.873907 -0.486093 0.000000
vn -0.860268 -0.509843 0.000000
vn -0.860268 -0.509843 0.000000
vn -0.845931 -0.533293 0.000000
vn -0.845931 -0.533293 0.000000
vn -0.830979 -0.556303 0.000000
vn -0.830979 -0.556303 0.000000
vn -0.815436 -0.578848 0.000000
vn -0.815436 -0.578848 0.000000
vn -0.799212 -0.601049 0.000000
vn -0.799212 -0.601049 0.000000
vn -0.782443 -0.622722 0.000000
vn -0.782443 -0.622722 0.000000
vn -0.765087 -0.643927 0.000000
vn -0.765087 -0.643927 0.000000
vn -0.747074 -0.664741 0.000000
vn -0.747074 -0.664741 0.000000
vn -0.728603 -0.684936 0.000000
vn -0.728603 -0.684936 0.000000
vn -0.709547 -0.704659 0.000000
vn -0.709547 -0.704659 0.000000
vn -0.689936 -0.723870 0.000000
vn -0.689936 -0.723870 0.000000
vn -0.669804 -0.742537 0.000000
vn -0.669804 -0.742537 0.000000
vn -0.649183 -0.760632 0.000000
vn -0.649183 -0.760632 0.000000
vn -0.628067 -0.778159 0.000000
vn -0.628067 -0.778159 0.000000
vn -0.606487 -0.795093 0.000000
vn -0.606487 -0.795093 0.000000
vn -0.584441 -0.811436 0.000000
vn -0.584441 -0.811436 0.000000
vn -0.561999 -0.827138 0.000000
vn -0.561999 -0.827138 0.000000
vn -0.539052 -0.842272 0.000000
vn -0.539052 -0.842272 0.000000
vn -0.515748 -0.856741 0.000000
vn -0.515748 -0.856741 0.000000
vn -0.492067 -0.870557 0.000000
vn -0.492067 -0.870557 0.000000
vn -0.467982 -0.883738 0.000000
vn -0.467982 -0.883738 0.000000
vn -0.443560 -0.896245 0.000000
vn -0.443560 -0.896245 0.000000
vn -0.418820 -0.908069 0.000000
vn -0.418820 -0.908069 0.000000
vn -0.393741 -0.919221 0.000000
vn -0.393741 -0.919221 0.000000
vn -0.368396 -0.929669 0.000000
vn -0.368396 -0.929669 0.000000
vn -0.342739 -0.939431 0.000000
vn -0.342739 -0.939431 0.000000
vn -0.316827 -0.948483 0.000000
vn -0.316827 -0.948483 0.000000
vn -0.290690 -0.956817 0.000000
vn -0.290690 -0.956817 0.000000
vn -0.264353 -0.964426 0.000000
vn -0.264353 -0.964426 0.000000
vn -0.237769 -0.971322 0.000000
vn -0.237769 -0.971322 0.000000
vn -0.184157 -0.982897 0.000000
vn -0.211042 -0.977477 0.000000
vn -0.211042 -0.977477 0.000000
vn -0.184157 -0.982897 0.000000
vn -0.157109 -0.987581 0.000000
vn -0.157109 -0.987581 0.000000
vn -0.129958 -0.991520 0.000000
vn -0.129958 -0.991520 0.000000
vn -0.102712 -0.994711 0.000000
vn -0.102712 -0.994711 0.000000
vn -0.075384 -0.997155 0.000000
vn -0.075384 -0.997155 0.000000
vn -0.047987 -0.998848 0.000000
vn -0.047987 -0.998848 0.000000
vn -0.020574 -0.999788 0.000000
vn -0.020574 -0.999788 0.000000
vn 0.006865 -0.999976 0.000000
vn 0.006865 -0.999976 0.000000
vn 0.034281 -0.999412 0.000000
vn 0.034281 -0.999412 0.000000
vn 0.061697 -0.998095 0.000000
vn 0.061697 -0.998095 0.000000
vn 0.089049 -0.996027 0.000000
vn 0.089049 -0.996027 0.000000
vn 0.116352 -0.993208 0.000000
vn 0.116352 -0.993208 0.000000
vn 0.143529 -0.989646 0.000000
vn 0.143529 -0.989646 0.000000
vn 0.170660 -0.985330 0.000000
vn 0.170660 -0.985330 0.000000
vn 0.197624 -0.980278 0.000000
vn 0.197624 -0.980278 0.000000
vn 0.224399 -0.974497 0.000000
vn 0.251093 -0.967963 0.000000
vn 0.224399 -0.974497 0.000000
vn 0.251093 -0.967963 0.000000
vn 0.277546 -0.960712 0.000000
vn 0.277546 -0.960712 0.000000
vn 0.303792 -0.952738 0.000000
vn 0.303792 -0.952738 0.000000
vn 0.329816 -0.944045 0.000000
vn 0.329816 -0.944045 0.000000
vn 0.355576 -0.934647 0.000000
vn 0.355576 -0.934647 0.000000
vn 0.381120 -0.924525 0.000000
vn 0.381120 -0.924525 0.000000
vn 0.406314 -0.913734 0.000000
vn 0.406314 -0.913734 0.000000
vn 0.431223 -0.902245 0.000000
vn 0.431223 -0.902245 0.000000
vn 0.455848 -0.890058 0.000000
vn 0.455848 -0.890058 0.000000
vn 0.480066 -0.877232 0.000000
vn 0.503947 -0.863735 0.000000
vn 0.480066 -0.877232 0.000000
vn 0.503947 -0.863735 0.000000
vn 0.527442 -0.849591 0.000000
vn 0.527442 -0.849591 0.000000
vn 0.550602 -0.834768 0.000000
vn 0.573270 -0.819367 0.000000
vn 0.550602 -0.834768 0.000000
vn 0.595500 -0.803355 0.000000
vn 0.573270 -0.819367 0.000000
vn 0.595500 -0.803355 0.000000
vn 0.617347 -0.786691 0.000000
vn 0.617347 -0.786691 0.000000
vn 0.659550 -0.751661 0.000000
vn 0.638687 -0.769466 0.000000
vn 0.638687 -0.769466 0.000000
vn 0.679948 -0.733261 0.000000
vn 0.659550 -0.751661 0.000000
vn 0.679948 -0.733261 0.000000
vn 0.699770 -0.714368 0.000000
vn 0.699770 -0.714368 0.000000
vn 0.719157 -0.694847 0.000000
vn 0.719157 -0.694847 0.000000
vn 0.737937 -0.674869 0.000000
vn 0.737937 -0.674869 0.000000
vn 0.756141 -0.654409 0.000000
vn 0.773826 -0.633399 0.000000
vn 0.756141 -0.654409 0.000000
vn 0.773826 -0.633399 0.000000
vn 0.790905 -0.611938 0.000000
vn 0.790905 -0.611938 0.000000
vn 0.807381 -0.590030 0.000000
vn 0.823293 -0.567617 0.000000
vn 0.807381 -0.590030 0.000000
vn 0.823293 -0.567617 0.000000
vn 0.838576 -0.544784 0.000000
vn 0.838576 -0.544784 0.000000
vn 0.853167 -0.521637 0.000000
vn 0.853167 -0.521637 0.000000
vn 0.867166 -0.498019 0.000000
vn 0.880511 -0.474026 0.000000
vn 0.867166 -0.498019 0.000000
vn 0.880511 -0.474026 0.000000
vn 0.893146 -0.449766 0.000000
vn 0.893146 -0.449766 0.000000
vn 0.905183 -0.425023 0.000000
vn 0.916514 -0.400002 0.000000
vn 0.905183 -0.425023 0.000000
vn 0.916514 -0.400002 0.000000
vn 0.937065 -0.349156 0.000000
vn 0.927113 -0.374782 0.000000
vn 0.927113 -0.374782 0.000000
vn 0.946280 -0.323349 0.000000
vn 0.937065 -0.349156 0.000000
vn 0.946280 -0.323349 0.000000
vn 0.954791 -0.297278 0.000000
vn 0.954791 -0.297278 0.000000
vn 0.969663 -0.244447 0.000000
vn 0.962618 -0.270863 0.000000
vn 0.962618 -0.270863 0.000000
vn 0.976002 -0.217763 0.000000
vn 0.969663 -0.244447 0.000000
vn 0.976002 -0.217763 0.000000
vn 0.981607 -0.190912 0.000000
vn 0.981607 -0.190912 0.000000
vn 0.990614 -0.136690 0.000000
vn 0.986478 -0.163892 0.000000
vn 0.986478 -0.163892 0.000000
vn 0.993978 -0.109578 0.000000
vn 0.990614 -0.136690 0.000000
vn 0.993978 -0.109578 0.000000
vn 0.996615 -0.082206 0.000000
vn 0.996615 -0.082206 0.000000
vn 0.998496 -0.054832 0.000000
vn 0.999623 -0.027460 0.000000
vn 0.998496 -0.054832 0.000000
vn 0.999623 -0.027460 0.000000
vn 1.000000 0.000000 0.000000
vn 0.999623 0.027460 -0.000000
vn 1.000000 0.000000 0.000000
vn 0.999623 0.027460 -0.000000
vn 0.998496 0.054832 0.000000
vn 0.996615 0.082206 -0.000000
vn 0.998496 0.054832 -0.000000
vn 0.996615 0.082206 -0.000000
vn 0.993978 0.109578 0.000000
vn 0.990614 0.136690 -0.000000
vn 0.993978 0.109578 -0.000000
vn 0.990614 0.136690 -0.000000
vn 0.981607 0.190912 -0.000000
vn 0.986478 0.163892 -0.000000
vn 0.986478 0.163892 0.000000
vn 0.981607 0.190912 -0.000000
vn 0.976002 0.217763 -0.000000
vn 0.976002 0.217763 0.000000
vn 0.969663 0.244447 -0.000000
vn 0.969663 0.244447 0.000000
vn 0.962618 0.270863 -0.000000
vn 0.962618 0.270863 0.000000
vn 0.946280 0.323349 -0.000000
vn 0.954791 0.297278 -0.000000
vn 0.954791 0.297278 0.000000
vn 0.937065 0.349156 -0.000000
vn 0.946280 0.323349 -0.000000
vn 0.937065 0.349156 -0.000000
vn 0.927113 0.374782 -0.000000
vn 0.927113 0.374782 0.000000
vn 0.905183 0.425023 -0.000000
vn 0.916514 0.400002 -0.000000
vn 0.916514 0.400002 0.000000
vn 0.905183 0.425023 -0.000000
vn 0.893146 0.449766 -0.000000
vn 0.893146 0.449766 0.000000
vn 0.880511 0.474026 -0.000000
vn 0.880511 0.474026 0.000000
vn 0.867166 0.498019 -0.000000
vn 0.867166 0.498019 0.000000
vn 0.853167 0.521637 -0.000000
vn 0.853167 0.521637 0.000000
vn 0.838576 0.544784 0.000000
vn 0.823293 0.567617 -0.000000
vn 0.838576 0.544784 -0.000000
vn 0.823293 0.567617 -0.000000
vn 0.807381 0.590030 0.000000
vn 0.807381 0.590030 -0.000000
vn 0.790905 0.611938 0.000000
vn 0.790905 0.611938 -0.000000
vn 0.773826 0.633399 -0.000000
vn 0.773826 0.633399 0.000000
vn 0.756141 0.654409 -0.000000
vn 0.756141 0.654409 0.000000
vn 0.737937 0.674869 0.000000
vn 0.737937 0.674869 -0.000000
vn 0.699770 0.714368 -0.000000
vn 0.719157 0.694847 -0.000000
vn 0.719157 0.694847 0.000000
vn 0.699770 0.714368 -0.000000
vn 0.679948 0.733261 -0.000000
vn 0.679948 0.733261 0.000000
vn 0.659550 0.751661 -0.000000
vn 0.659550 0.751661 0.000000
vn 0.638687 0.769466 -0.000000
vn 0.638687 0.769466 0.000000
vn 0.617347 0.786691 -0.000000
vn 0.617347 0.786691 0.000000
vn 0.595500 0.803355 -0.000000
vn 0.595500 0.803355 0.000000
vn 0.550602 0.834768 -0.000000
vn 0.573270 0.819367 -0.000000
vn 0.573270 0.819367 0.000000
vn 0.550602 0.834768 -0.000000
vn 0.503947 0.863735 -0.000000
vn 0.527442 0.849591 -0.000000
vn 0.527442 0.849591 0.000000
vn 0.480066 0.877232 -0.000000
vn 0.503947 0.863735 -0.000000
vn 0.480066 0.877232 -0.000000
vn 0.455848 0.890058 -0.000000
vn 0.455848 0.890058 0.000000
vn 0.406314 0.913734 -0.000000
vn 0.431223 0.902245 -0.000000
vn 0.431223 0.902245 0.000000
vn 0.406314 0.913734 -0.000000
vn 0.381120 0.924525 0.000000
vn 0.381120 0.924525 -0.000000
vn 0.355576 0.934647 0.000000
vn 0.355576 0.934647 -0.000000
vn 0.329816 0.944045 -0.000000
vn 0.329816 0.944045 0.000000
vn 0.303792 0.952738 0.000000
vn 0.277546 0.960712 -0.000000
vn 0.303792 0.952738 -0.000000
vn 0.277546 0.960712 -0.000000
vn 0.251093 0.967963 0.000000
vn 0.251093 0.967963 -0.000000
vn 0.224399 0.974497 0.000000
vn 0.224399 0.974497 -0.000000
vn 0.197624 0.980278 0.000000
vn 0.197624 0.980278 -0.000000
vn 0.170660 0.985330 0.000000
vn 0.170660 0.985330 -0.000000
vn 0.143529 0.989646 0.000000
vn 0.143529 0.989646 -0.000000
vn 0.116352 0.993208 0.000000
vn 0.089049 0.996027 -0.000000
vn 0.116352 0.993208 -0.000000
vn 0.089049 0.996027 -0.000000
vn 0.061697 0.998095 -0.000000
vn 0.061697 0.998095 -0.000000
vn 0.034281 0.999412 0.000000
vn 0.006865 0.999976 -0.000000
vn 0.034281 0.999412 -0.000000
vn 0.006865 0.999976 -0.000000
vn -0.020574 0.999788 0.000000
vn -0.047987 0.998848 0.000000
vn -0.020574 0.999788 0.000000
vn -0.047987 0.998848 0.000000
vn -0.075384 0.997155 0.000000
vn -0.075384 0.997155 0.000000
vn -0.102712 0.994711 0.000000
vn -0.102712 0.994711 0.000000
vn -0.129958 0.991520 0.000000
vn -0.129958 0.991520 0.000000
vn -0.157109 0.987581 0.000000
vn -0.157109 0.987581 0.000000
vn -0.184157 0.982897 0.000000
vn -0.211042 0.977477 0.000000
vn -0.184157 0.982897 0.000000
vn -0.211042 0.977477 0.000000
vn -0.237769 0.971322 0.000000
vn -0.237769 0.971322 0.000000
vn -0.290690 0.956817 0.000000
vn -0.264353 0.964426 0.000000
vn -0.264353 0.964426 0.000000
vn -0.290690 0.956817 0.000000
vn -0.342739 0.939431 0.000000
vn -0.316827 0.948483 0.000000
vn -0.316827 0.948483 0.000000
vn -0.368396 0.929669 0.000000
vn -0.342739 0.939431 0.000000
vn -0.368396 0.929669 0.000000
vn -0.393741 0.919221 0.000000
vn -0.393741 0.919221 0.000000
vn -0.418820 0.908069 0.000000
vn -0.443560 0.896245 0.000000
vn -0.418820 0.908069 0.000000
vn -0.443560 0.896245 0.000000
vn -0.467982 0.883738 0.000000
vn -0.467982 0.883738 0.000000
vn -0.492067 0.870557 0.000000
vn -0.515748 0.856741 0.000000
vn -0.492067 0.870557 0.000000
vn -0.515748 0.856741 0.000000
vn -0.539052 0.842272 0.000000
vn -0.539052 0.842272 0.000000
vn -0.561999 0.827138 0.000000
vn -0.561999 0.827138 0.000000
vn -0.584441 0.811436 0.000000
vn -0.584441 0.811436 0.000000
vn -0.606487 0.795093 0.000000
vn -0.606487 0.795093 0.000000
vn -0.628067 0.778159 0.000000
vn -0.628067 0.778159 0.000000
vn -0.649183 0.760632 0.000000
vn -0.669804 0.742537 0.000000
vn -0.649183 0.760632 0.000000
vn -0.669804 0.742537 0.000000
vn -0.689936 0.723870 0.000000
vn -0.689936 0.723870 0.000000
vn -0.709547 0.704659 0.000000
vn -0.709547 0.704659 0.000000
vn -0.728603 0.684936 0.000000
vn -0.728603 0.684936 0.000000
vn -0.747074 0.664741 0.000000
vn -0.747074 0.664741 0.000000
vn -0.782443 0.622722 0.000000
vn -0.765087 0.643927 0.000000
vn -0.765087 0.643927 0.000000
vn -0.799212 0.601049 0.000000
vn -0.782443 0.622722 0.000000
vn -0.799212 0.601049 0.000000
vn -0.815436 0.578848 0.000000
vn -0.815436 0.578848 0.000000
vn -0.830979 0.556303 0.000000
vn -0.830979 0.556303 0.000000
vn -0.845931 0.533293 0.000000
vn -0.845931 0.533293 0.000000
vn -0.860268 0.509843 0.000000
vn -0.860268 0.509843 0.000000
vn -0.873907 0.486093 0.000000
vn -0.873907 0.486093 0.000000
vn -0.886946 0.461874 0.000000
vn -0.886946 0.461874 0.000000
vn -0.899249 0.437437 0.000000
vn -0.899249 0.437437 0.000000
vn -0.910915 0.412595 0.000000
vn -0.910915 0.412595 0.000000
vn -0.921913 0.387396 0.000000
vn -0.932175 0.362008 0.000000
vn -0.921913 0.387396 0.000000
vn -0.932175 0.362008 0.000000
vn -0.941757 0.336295 0.000000
vn -0.950633 0.310317 0.000000
vn -0.941757 0.336295 0.000000
vn -0.950633 0.310317 0.000000
vn -0.958779 0.284153 0.000000
vn -0.966236 0.257657 0.000000
vn -0.958779 0.284153 0.000000
vn -0.966236 0.257657 0.000000
vn -0.972919 0.231146 0.000000
vn -0.972919 0.231146 0.000000
vn -0.978909 0.204298 0.000000
vn -0.978909 0.204298 0.000000
vn -0.984131 0.177444 0.000000
vn -0.984131 0.177444 0.000000
vn -0.988635 0.150333 0.000000
vn -0.988635 0.150333 0.000000
vn -0.992390 0.123134 0.000000
vn -0.992390 0.123134 0.000000
vn -0.997647 0.068562 0.000000
vn -0.995396 0.095851 0.000000
vn -0.995396 0.095851 0.000000
vn -0.997647 0.068562 0.000000
vn -0.999151 0.041190 0.000000
vn -0.999151 0.041190 0.000000
vn -0.999907 0.013643 0.000000
vn -0.999907 0.013643 0.000000
vn -0.500000 0.500000 0.707107
vn -0.499999 0.500000 0.707107
vn 0.000000 0.000000 1.000000
vn 0.000000 0.000000 1.000000
vn 0.000000 0.000000 1.000000
vn 0.000000 0.000000 1.000000
vn 0.000000 0.000000 1.000000
vn 0.000000 0.000000 1.000000
vn 0.000000 0.000000 1.000000
vn 0.000000 0.000000 1.000000
vn 0.000000 0.000000 1.000000
vn 0.000000 0.000000 1.000000
vn 0.000000 0.000000 1.000000
vn 0.000000 0.000000 1.000000
vn 0.000000 0.000000 1.000000
vn 0.000000 0.000000 1.000000
vn 0.000000 0.000000 1.000000
vn 0.000000 0.000000 1.000000
vn 0.000000 0.000000 1.000000
vn 0.000000 0.000000 1.000000
vn 0.000000 0.000000 1.000000
vn 0.000000 0.000000 1.000000
vn 0.000000 0.000000 1.000000
vn 0.000000 0.000000 1.000000
vn 0.000000 0.000000 1.000000
vn 0.000000 0.000000 1.000000
vn 0.000000 0.000000 1.000000
vn 0.000000 0.000000 1.000000
vn 0.000000 0.000000 1.000000
vn 0.000000 0.000000 1.000000
vn 0.000000 0.000000 1.000000
vn 0.000000 0.000000 1.000000
vn 0.000000 0.000000 1.000000
vn 0.000000 0.000000 1.000000
vn 0.000000 0.000000 1.000000
vn 0.000000 0.000000 1.000000
vn 0.000000 0.000000 1.000000
vn 0.000000 0.000000 1.000000
vn 0.000000 0.000000 1.000000
vn 0.000000 0.000000 1.000000
vn 0.000000 0.000000 1.000000
vn 0.000000 0.000000 1.000000
vn 0.000000 0.000000 1.000000
vn 0.000000 0.000000 1.000000
vn 0.000000 0.000000 1.000000
vn 0.000000 0.000000 1.000000
vn 0.000000 0.000000 1.000000
vn 0.000000 0.000000 1.000000
vn 0.000000 0.000000 1.000000
vn 0.000000 0.000000 1.000000
vn 0.000000 0.000000 1.000000
vn 0.000000 0.000000 1.000000
vn 0.000000 0.000000 1.000000
vn 0.000000 0.000000 1.000000
vn 0.000000 0.000000 1.000000
vn 0.000000 0.000000 1.000000
vn 0.000000 0.000000 1.000000
vn 0.000000 0.000000 1.000000
vn 0.000000 0.000000 1.000000
vn 0.000000 0.000000 1.000000
vn 0.000000 0.000000 1.000000
vn 0.000000 0.000000 1.000000
vn 0.000000 0.000000 1.000000
vn 0.000000 0.000000 1.000000
vn 0.000000 0.000000 1.000000
vn 0.000000 0.000000 1.000000
vn 0.000000 0.000000 1.000000
vn 0.000000 0.000000 1.000000
vn 0.000000 0.000000 1.000000
vn 0.000000 0.000000 1.000000
vn 0.000000 0.000000 1.000000
vn 0.000000 0.000000 1.000000
vn 0.000000 0.000000 1.000000
vn 0.000000 0.000000 1.000000
vn 0.000000 0.000000 1.000000
vn 0.000000 0.000000 1.000000
vn 0.000000 0.000000 1.000000
vn 0.000000 0.000000 1.000000
vn 0.000000 0.000000 1.000000
vn 0.000000 0.000000 1.000000
vn 0.000000 0.000000 1.000000
vn 0.000000 0.000000 1.000000
vn 0.000000 0.000000 1.000000
vn 0.000000 0.000000 1.000000
vn 0.000000 0.000000 1.000000
vn 0.000000 0.000000 1.000000
vn 0.000000 0.000000 1.000000
vn 0.000000 0.000000 1.000000
vn 0.000000 0.000000 1.000000
vn 0.000000 0.000000 1.000000
vn 0.000000 0.000000 1.000000
vn 0.000000 0.000000 1.000000
vn 0.000000 0.000000 1.000000
vn 0.000000 0.000000 1.000000
vn 0.000000 0.000000 1.000000
vn 0.000000 0.000000 1.000000
vn 0.000000 0.000000 1.000000
vn 0.000000 0.000000 1.000000
vn 0.000000 0.000000 1.000000
vn 0.000000 0.000000 1.000000
vn 0.000000 0.000000 1.000000
vn 0.000000 0.000000 1.000000
vn 0.000000 0.000000 1.000000
vn 0.000000 0.000000 1.000000
vn 0.000000 0.000000 1.000000
vn 0.000000 0.000000 1.000000
vn 0.000000 0.000000 1.000000
vn 0.000000 0.000000 1.000000
vn 0.000000 0.000000 1.000000
vn 0.000000 0.000000 1.000000
vn 0.000000 0.000000 1.000000
vn 0.000000 0.000000 1.000000
vn 0.000000 0.000000 1.000000
vn 0.000000 0.000000 1.000000
vn 0.000000 0.000000 1.000000
vn 0.000000 0.000000 1.000000
vn 0.000000 0.000000 1.000000
vn 0.000000 0.000000 1.000000
vn 0.000000 0.000000 1.000000
vn 0.000000 0.000000 1.000000
vn 0.000000 0.000000 1.000000
vn 0.000000 0.000000 1.000000
vn 0.000000 0.000000 1.000000
vn 0.000000 0.000000 1.000000
vn 0.000000 0.000000 1.000000
vn 0.000000 0.000000 1.000000
vn 0.000000 0.000000 1.000000
vn 0.000000 0.000000 1.000000
vn 0.000000 0.000000 1.000000
vn 0.000000 0.000000 1.000000
vn 0.000000 0.000000 1.000000
vn 0.000000 0.000000 1.000000
vn 0.000000 0.000000 1.000000
vn 0.000000 0.000000 1.000000
vn 0.000000 0.000000 1.000000
vn 0.000000 0.000000 1.000000
vn 0.000000 0.000000 1.000000
vn 0.000000 0.000000 1.000000
vn 0.000000 0.000000 1.000000
vn 0.000000 0.000000 1.000000
vn 0.000000 0.000000 1.000000
vn 0.000000 0.000000 1.000000
vn 0.000000 0.000000 1.000000
vn 0.000000 0.000000 1.000000
vn 0.000000 0.000000 1.000000
vn 0.000000 0.000000 1.000000
vn 0.000000 0.000000 1.000000
vn 0.000000 0.000000 1.000000
vn 0.000000 0.000000 1.000000
vn 0.000000 0.000000 1.000000
vn 0.000000 0.000000 1.000000
vn 0.000000 0.000000 1.000000
vn 0.000000 0.000000 1.000000
vn 0.000000 0.000000 1.000000
vn 0.000000 0.000000 1.000000
vn 0.000000 0.000000 1.000000
vn 0.000000 0.000000 1.000000
vn 0.000000 0.000000 1.000000
vn 0.000000 0.000000 1.000000
vn 0.000000 0.000000 1.000000
vn 0.000000 0.000000 1.000000
vn 0.000000 0.000000 1.000000
vn 0.000000 0.000000 1.000000
vn 0.000000 0.000000 1.000000
vn 0.000000 0.000000 1.000000
vn 0.000000 0.000000 1.000000
vn 0.000000 0.000000 1.000000
vn 0.000000 0.000000 1.000000
vn 0.000000 0.000000 1.000000
vn 0.000000 0.000000 1.000000
vn 0.000000 0.000000 1.000000
vn 0.000000 0.000000 1.000000
vn 0.000000 0.000000 1.000000
vn 0.000000 0.000000 1.000000
vn 0.000000 0.000000 1.000000
vn 0.000000 0.000000 1.000000
vn 0.000000 0.000000 1.000000
vn 0.000000 0.000000 1.000000
vn 0.000000 0.000000 1.000000
vn 0.000000 0.000000 1.000000
vn 0.000000 0.000000 1.000000
vn 0.000000 0.000000 1.000000
vn 0.000000 0.000000 1.000000
vn 0.000000 0.000000 1.000000
vn 0.000000 0.000000 1.000000
vn 0.000000 0.000000 1.000000
vn 0.000000 0.000000 1.000000
vn 0.000000 0.000000 1.000000
vn 0.000000 0.000000 1.000000
vn 0.000000 0.000000 1.000000
vn 0.000000 0.000000 1.000000
vn 0.000000 0.000000 1.000000
vn 0.000000 0.000000 1.000000
vn 0.000000 0.000000 1.000000
vn 0.000000 0.000000 1.000000
vn 0.000000 0.000000 1.000000
vn 0.000000 0.000000 1.000000
vn 0.000000 0.000000 1.000000
vn 0.000000 0.000000 1.000000
vn 0.000000 0.000000 1.000000
vn 0.000000 0.000000 1.000000
vn 0.000000 0.000000 1.000000
vn 0.000000 0.000000 1.000000
vn 0.000000 0.000000 1.000000
vn 0.000000 0.000000 1.000000
vn 0.000000 0.000000 1.000000
vn 0.000000 0.000000 1.000000
vn 0.000000 0.000000 1.000000
vn 0.000000 0.000000 1.000000
vn 0.000000 0.000000 1.000000
vn 0.000000 0.000000 1.000000
vn 0.000000 0.000000 1.000000
vn 0.000000 0.000000 1.000000
vn 0.000000 0.000000 1.000000
vn 0.000000 0.000000 1.000000
vn 0.000000 0.000000 1.000000
vn 0.000000 0.000000 1.000000
vn 0.000000 0.000000 1.000000
vn 0.000000 0.000000 1.000000
vn 0.000000 0.000000 1.000000
vn 0.000000 0.000000 1.000000
vn 0.000000 0.000000 1.000000
vn 0.000000 0.000000 1.000000
vn 0.000000 0.000000 1.000000
vn 0.000000 0.000000 1.000000
vn 0.000000 0.000000 1.000000
vn 0.000000 0.000000 1.000000
vn 0.000000 0.000000 1.000000
vn 0.000000 0.000000 1.000000
vn 0.000000 0.000000 1.000000
vn 0.000000 0.000000 1.000000
vn 0.000000 0.000000 1.000000
vn 0.000000 0.000000 1.000000
vn 0.000000 0.000000 1.000000
vn 0.000000 0.000000 1.000000
vn 0.000000 0.000000 1.000000
vn 0.000000 0.000000 1.000000
vn 0.000000 0.000000 1.000000
vn 0.000000 0.000000 1.000000
vn 0.000000 0.000000 1.000000
vn 0.000000 0.000000 1.000000
vn 0.000000 0.000000 1.000000
vn 0.000000 0.000000 1.000000
vn 0.000000 0.000000 1.000000
vn 0.000000 0.000000 1.000000
vn 0.000000 0.000000 1.000000
vn 0.000000 0.000000 1.000000
vn 0.000000 0.000000 1.000000
vn 0.000000 0.000000 1.000000
vn 0.000000 0.000000 1.000000
vn 0.000000 0.000000 1.000000
vn 0.000000 0.000000 1.000000
vn 0.000000 0.000000 1.000000
vn 0.000000 0.000000 1.000000
vn 0.000000 0.000000 1.000000
vn 0.000000 0.000000 1.000000
vn 0.000000 0.000000 1.000000
vn 0.000000 0.000000 1.000000
vn 0.000000 0.000000 1.000000
vn 0.000000 0.000000 1.000000
vn 0.000000 0.000000 1.000000
vn 0.000000 0.000000 1.000000
vn 0.000000 0.000000 1.000000
vn 0.000000 0.000000 1.000000
vn 0.000000 0.000000 1.000000
vn 0.000000 0.000000 1.000000
vn 0.000000 0.000000 1.000000
vn 0.000000 0.000000 1.000000
vn 0.000000 0.000000 1.000000
vn 0.000000 0.000000 1.000000
vn 0.000000 0.000000 1.000000
vn 0.000000 0.000000 1.000000
vn 0.000000 0.000000 1.000000
vn 0.000000 0.000000 1.000000
vn 0.000000 0.000000 1.000000
vn 0.000000 0.000000 1.000000
vn 0.000000 0.000000 1.000000
vn 0.000000 0.000000 1.000000
vn 0.000000 0.000000 1.000000
vn 0.000000 0.000000 1.000000
vn 0.000000 0.000000 1.000000
vn 0.000000 0.000000 1.000000
vn 0.000000 0.000000 1.000000
vn 0.000000 0.000000 1.000000
vn 0.000000 0.000000 1.000000
vn 0.000000 0.000000 1.000000
vn 0.000000 0.000000 1.000000
vn 0.000000 0.000000 1.000000
vn 0.000000 0.000000 1.000000
vn 0.000000 0.000000 1.000000
vn 0.000000 0.000000 1.000000
vn 0.000000 0.000000 1.000000
vn 0.000000 0.000000 1.000000
vn 0.000000 0.000000 1.000000
vn 0.000000 0.000000 1.000000
vn 0.000000 0.000000 1.000000
vn 0.000000 0.000000 1.000000
vn 0.000000 0.000000 1.000000
vn 0.000000 0.000000 1.000000
vn 0.000000 0.000000 1.000000
vn 0.000000 0.000000 1.000000
vn 0.000000 0.000000 1.000000
vn 0.000000 0.000000 1.000000
vn 0.000000 0.000000 1.000000
vn 0.000000 0.000000 1.000000
vn 0.000000 0.000000 1.000000
vn 0.000000 0.000000 1.000000
vn 0.000000 0.000000 1.000000
vn 0.000000 0.000000 1.000000
vn 0.000000 0.000000 1.000000
vn 0.000000 0.000000 1.000000
vn 0.000000 0.000000 1.000000
vn 0.000000 0.000000 1.000000
vn 0.000000 0.000000 1.000000
vn 0.000000 0.000000 1.000000
vn 0.000000 0.000000 1.000000
vn 0.000000 0.000000 1.000000
vn 0.000000 0.000000 1.000000
vn 0.000000 0.000000 1.000000
vn 0.000000 0.000000 1.000000
vn 0.000000 0.000000 1.000000
vn 0.000000 0.000000 1.000000
vn 0.000000 0.000000 1.000000
vn 0.000000 0.000000 1.000000
vn 0.000000 0.000000 1.000000
vn 0.000000 0.000000 1.000000
vn 0.000000 0.000000 1.000000
vn 0.000000 0.000000 1.000000
vn 0.000000 0.000000 1.000000
vn 0.000000 0.000000 1.000000
vn 0.000000 0.000000 1.000000
vn 0.000000 0.000000 1.000000
vn 0.000000 0.000000 1.000000
vn 0.000000 0.000000 1.000000
vn 0.000000 0.000000 1.000000
vn 0.000000 0.000000 1.000000
vn 0.000000 0.000000 1.000000
vn 0.000000 0.000000 1.000000
vn 0.000000 0.000000 1.000000
vn 0.000000 0.000000 1.000000
vn 0.000000 0.000000 1.000000
vn 0.000000 0.000000 1.000000
vn 0.000000 0.000000 1.000000
vn 0.000000 0.000000 1.000000
vn 0.000000 0.000000 1.000000
vn 0.000000 0.000000 1.000000
vn 0.000000 0.000000 1.000000
vn 0.000000 0.000000 1.000000
vn 0.000000 0.000000 1.000000
vn 0.000000 0.000000 1.000000
vn 0.000000 0.000000 1.000000
vn 0.000000 0.000000 1.000000
vn 0.000000 0.000000 1.000000
vn 0.000000 0.000000 1.000000
vn 0.000000 0.000000 1.000000
vn 0.000000 0.000000 1.000000
vn 0.000000 0.000000 1.000000
vn 0.000000 0.000000 1.000000
vn 0.000000 0.000000 1.000000
vn 0.000000 0.000000 1.000000
vn 0.000000 0.000000 1.000000
vn 0.000000 0.000000 1.000000
vn 0.000000 0.000000 1.000000
vn 0.000000 0.000000 1.000000
vn 0.000000 0.000000 1.000000
vn 0.000000 0.000000 1.000000
vn 0.000000 0.000000 1.000000
vn 0.000000 0.000000 1.000000
vn 0.000000 0.000000 1.000000
vn 0.000000 0.000000 1.000000
vn 0.000000 0.000000 1.000000
vn 0.000000 0.000000 1.000000
vn 0.000000 0.000000 1.000000
vn 0.000000 0.000000 1.000000
vn 0.000000 0.000000 1.000000
vn 0.000000 0.000000 1.000000
vn 0.000000 0.000000 1.000000
vn 0.000000 0.000000 1.000000
vn 0.000000 0.000000 1.000000
vn 0.000000 0.000000 1.000000
vn 0.000000 0.000000 1.000000
vn 0.000000 0.000000 1.000000
vn 0.000000 0.000000 1.000000
vn 0.000000 0.000000 1.000000
vn 0.000000 0.000000 1.000000
vn 0.000000 0.000000 1.000000
vn 0.000000 0.000000 1.000000
vn 0.000000 0.000000 1.000000
vn 0.000000 0.000000 1.000000
vn 0.000000 0.000000 1.000000
vn 0.000000 0.000000 1.000000
vn 0.000000 0.000000 1.000000
vn 0.000000 0.000000 1.000000
vn 0.000000 0.000000 1.000000
vn 0.000000 0.000000 1.000000
vn 0.000000 0.000000 1.000000
vn 0.000000 0.000000 1.000000
vn 0.000000 0.000000 1.000000
vn 0.000000 0.000000 1.000000
vn 0.000000 0.000000 1.000000
vn 0.000000 0.000000 1.000000
vn 0.000000 0.000000 1.000000
vn 0.000000 0.000000 1.000000
vn 0.000000 0.000000 1.000000
vn 0.000000 0.000000 1.000000
vn 0.000000 0.000000 1.000000
vn 0.000000 0.000000 1.000000
vn 0.000000 0.000000 1.000000
vn 0.000000 0.000000 1.000000
vn 0.000000 0.000000 1.000000
vn 0.000000 0.000000 1.000000
vn 0.000000 0.000000 1.000000
vn 0.000000 0.000000 1.000000
vn 0.000000 0.000000 1.000000
vn 0.000000 0.000000 1.000000
vn 0.000000 0.000000 1.000000
vn 0.000000 0.000000 1.000000
vn 0.000000 0.000000 1.000000
vn 0.000000 0.000000 1.000000
vn 0.000000 0.000000 1.000000
vn 0.000000 0.000000 1.000000
vn 0.000000 0.000000 1.000000
vn 0.000000 0.000000 1.000000
vn 0.000000 0.000000 1.000000
vn 0.000000 0.000000 1.000000
vn 0.000000 0.000000 1.000000
vn 0.000000 0.000000 1.000000
vn 0.000000 0.000000 1.000000
vn 0.000000 0.000000 1.000000
vn 0.000000 0.000000 1.000000
vn 0.000000 0.000000 1.000000
vn 0.000000 0.000000 1.000000
vn 0.000000 0.000000 1.000000
vn 0.000000 0.000000 1.000000
vn 0.000000 0.000000 1.000000
vn 0.000000 0.000000 1.000000
vn 0.000000 0.000000 1.000000
vn 0.000000 0.000000 1.000000
vn 0.000000 0.000000 1.000000
vn 0.000000 0.000000 1.000000
vn 0.000000 0.000000 1.000000
vn 0.000000 0.000000 1.000000
vn 0.000000 0.000000 1.000000
vn 0.000000 0.000000 1.000000
vn 0.000000 0.000000 1.000000
vn 0.000000 0.000000 1.000000
vn 0.000000 0.000000 1.000000
vn 0.000000 0.000000 1.000000
vn 0.000000 0.000000 1.000000
vn 0.000000 0.000000 1.000000
vn 0.000000 -0.000000 1.000000
vn 0.000000 -0.000000 1.000000
vn 0.000000 -0.000000 1.000000
vn 0.000000 -0.000000 1.000000
vn 0.000000 -0.000000 1.000000
vn 0.000000 -0.000000 1.000000
vn 0.000000 -0.000000 1.000000
vn 0.000000 -0.000000 1.000000
vn 0.000000 -0.000000 1.000000
vn 0.000000 -0.000000 1.000000
vn 0.000000 -0.000000 1.000000
vn 0.000000 0.000000 1.000000
vn 0.000000 0.000000 1.000000
vn 0.000000 0.000000 1.000000
vn 0.000000 0.000000 1.000000
vn 0.000000 0.000000 1.000000
vn 0.000000 0.000000 1.000000
vn 0.000000 0.000000 1.000000
vn 0.000000 0.000000 1.000000
vn 0.000000 0.000000 1.000000
vn 0.000000 -0.707107 0.707107
vn 0.000000 -0.707107 0.707107
vn 0.000000 0.707107 0.707107
vn 0.000000 0.707107 0.707107
vn 0.500000 -0.500000 0.707107
vn 0.499999 -0.500000 0.707107
vn 0.500000 0.500000 0.707107
vn 0.499999 0.500000 0.707107
vn 0.707107 0.000000 0.707107
vn 0.707107 -0.000000 0.707107
f 1//1 2//1 3//1
f 2//2 4//2 3//2
f 2//3 5//3 4//3
f 5//4 6//4 4//4
f 7//5 8//5 2//5
f 2//6 9//6 7//6
f 8//7 10//7 2//7
f 2//8 11//8 9//8
f 10//9 12//9 2//9
f 2//10 13//10 11//10
f 12//11 14//11 2//11
f 2//12 15//12 13//12
f 14//13 16//13 2//13
f 2//14 17//14 15//14
f 16//15 18//15 2//15
f 2//16 19//16 17//16
f 18//17 20//17 2//17
f 2//18 21//18 19//18
f 20//19 22//19 2//19
f 2//20 23//20 21//20
f 22//21 24//21 2//21
f 2//22 25//22 23//22
f 24//23 26//23 2//23
f 2//24 27//24 25//24
f 26//25 28//25 2//25
f 2//26 29//26 27//26
f 28//27 30//27 2//27
f 2//28 31//28 29//28
f 30//29 32//29 2//29
f 2//30 33//30 31//30
f 32//31 34//31 2//31
f 2//32 35//32 33//32
f 34//33 36//33 2//33
f 2//34 37//34 35//34
f 36//35 38//35 2//35
f 2//36 39//36 37//36
f 38//37 40//37 2//37
f 2//38 41//38 39//38
f 40//39 42//39 2//39
f 2//40 43//40 41//40
f 42//41 44//41 2//41
f 2//42 45//42 43//42
f 44//43 46//43 2//43
f 2//44 47//44 45//44
f 46//45 48//45 2//45
f 2//46 49//46 47//46
f 48//47 50//47 2//47
f 2//48 51//48 49//48
f 50//49 52//49 2//49
f 2//50 53//50 51//50
f 52//51 54//51 2//51
f 2//52 55//52 53//52
f 54//53 56//53 2//53
f 2//54 57//54 55//54
f 56//55 58//55 2//55
f 2//56 59//56 57//56
f 58//57 60//57 2//57
f 2//58 61//58 59//58
f 2//59 62//59 5//59
f 60//60 62//60 2//60
f 2//61 63//61 61//61
f 5//62 64//62 65//62
f 65//63 64//63 66//63
f 62//64 64//64 5//64
f 2//65 67//65 63//65
f 64//66 68//66 66//66
f 2//67 69//67 67//67
f 68//68 70//68 66//68
f 2//69 71//69 69//69
f 70//70 72//70 66//70
f 2//71 73//71 71//71
f 72//72 74//72 66//72
f 2//73 75//73 73//73
f 74//74 76//74 66//74
f 2//75 77//75 75//75
f 76//76 78//76 66//76
f 78//77 79//77 66//77
f 79//78 80//78 66//78
f 80//79 81//79 66//79
f 81//80 82//80 66//80
f 82//81 83//81 66//81
f 83//82 84//82 66//82
f 84//83 85//83 66//83
f 85//84 86//84 66//84
f 86//85 87//85 66//85
f 87//86 88//86 66//86
f 88//87 89//87 66//87
f 89//88 90//88 66//88
f 90//89 91//89 66//89
f 91//90 92//90 66//90
f 92//91 93//91 66//91
f 93//92 94//92 66//92
f 94//93 95//93 66//93
f 95//94 96//94 66//94
f 96//95 97//95 66//95
f 97//96 98//96 66//96
f 98//97 99//97 66//97
f 99//98 100//98 66//98
f 100//99 101//99 66//99
f 101//100 102//100 66//100
f 102//101 103//101 66//101
f 103//102 104//102 66//102
f 104//103 105//103 66//103
f 105//104 106//104 66//104
f 106//105 107//105 66//105
f 107//106 108//106 66//106
f 108//107 109//107 66//107
f 109//108 110//108 66//108
f 110//109 111//109 66//109
f 111//110 112//110 66//110
f 112//111 113//111 66//111
f 113//112 114//112 66//112
f 114//113 115//113 66//113
f 115//114 116//114 66//114
f 116//115 117//115 66//115
f 117//116 118//116 66//116
f 118//117 119//117 66//117
f 119//118 120//118 66//118
f 120//119 121//119 66//119
f 121//120 122//120 66//120
f 122//121 123//121 66//121
f 123//122 124//122 66//122
f 124//123 125//123 66//123
f 125//124 126//124 66//124
f 126//125 127//125 66//125
f 127//126 128//126 66//126
f 128//127 129//127 66//127
f 129//128 130//128 66//128
f 130//129 131//129 66//129
f 131//130 132//130 66//130
f 132//131 133//131 66//131
f 133//132 134//132 66//132
f 134//133 135//133 66//133
f 136//134 137//134 138//134
f 139//135 137//135 136//135
f 140//136 141//136 136//136
f 136//137 141//137 139//137
f 137//138 142//138 138//138
f 138//139 142//139 143//139
f 140//140 144//140 141//140
f 145//141 144//141 140//141
f 142//142 146//142 143//142
f 143//143 146//143 147//143
f 148//144 149//144 145//144
f 145//145 149//145 144//145
f 146//146 150//146 147//146
f 147//147 150//147 151//147
f 148//148 152//148 149//148
f 153//149 152//149 148//149
f 150//150 154//150 151//150
f 151//151 154//151 155//151
f 156//152 157//152 158//152
f 153//153 157//153 152//153
f 158//154 157//154 153//154
f 154//155 159//155 155//155
f 155//156 159//156 160//156
f 156//157 161//157 157//157
f 159//158 162//158 160//158
f 160//159 162//159 163//159
f 164//160 165//160 166//160
f 166//161 165//161 156//161
f 156//162 165//162 161//162
f 162//163 167//163 163//163
f 163//164 167//164 168//164
f 169//165 170//165 164//165
f 164//166 170//166 165//166
f 167//167 171//167 168//167
f 168//168 171//168 172//168
f 169//169 173//169 170//169
f 172//170 174//170 175//170
f 171//171 174//171 172//171
f 169//172 176//172 173//172
f 177//173 176//173 178//173
f 178//174 176//174 169//174
f 174//175 179//175 175//175
f 175//176 179//176 180//176
f 177//177 181//177 176//177
f 179//178 182//178 180//178
f 180//179 182//179 183//179
f 184//180 185//180 177//180
f 177//181 185//181 181//181
f 183//182 186//182 187//182
f 187//183 186//183 188//183
f 182//184 186//184 183//184
f 189//185 190//185 184//185
f 184//186 190//186 185//186
f 186//187 191//187 188//187
f 189//188 192//188 190//188
f 193//189 192//189 189//189
f 188//190 194//190 195//190
f 191//191 194//191 188//191
f 196//192 197//192 198//192
f 198//193 197//193 193//193
f 193//194 197//194 192//194
f 195//195 199//195 200//195
f 194//196 199//196 195//196
f 196//197 201//197 197//197
f 200//198 202//198 203//198
f 199//199 202//199 200//199
f 204//200 205//200 206//200
f 206//201 205//201 196//201
f 196//202 205//202 201//202
f 203//203 207//203 208//203
f 202//204 207//204 203//204
f 204//205 209//205 205//205
f 208//206 210//206 211//206
f 207//207 210//207 208//207
f 210//208 212//208 211//208
f 211//209 212//209 213//209
f 213//210 214//210 215//210
f 215//211 214//211 216//211
f 212//212 214//212 213//212
f 214//213 217//213 216//213
f 217//214 218//214 216//214
f 216//215 218//215 219//215
f 218//216 220//216 219//216
f 219//217 220//217 221//217
f 220//218 222//218 221//218
f 221//219 222//219 223//219
f 222//220 224//220 223//220
f 223//221 224//221 225//221
f 224//222 226//222 225//222
f 225//223 226//223 227//223
f 226//224 228//224 227//224
f 227//225 228//225 229//225
f 228//226 230//226 229//226
f 229//227 230//227 231//227
f 230//228 232//228 231//228
f 231//229 232//229 233//229
f 232//230 234//230 233//230
f 233//231 234//231 235//231
f 234//232 236//232 235//232
f 235//233 236//233 237//233
f 236//234 238//234 237//234
f 237//235 238//235 239//235
f 238//236 240//236 239//236
f 239//237 240//237 241//237
f 240//238 242//238 241//238
f 241//239 242//239 243//239
f 243//240 242//240 244//240
f 242//241 245//241 244//241
f 245//242 246//242 244//242
f 244//243 246//243 247//243
f 246//244 248//244 247//244
f 247//245 248//245 249//245
f 248//246 250//246 249//246
f 249//247 250//247 251//247
f 250//248 252//248 251//248
f 251//249 252//249 253//249
f 252//250 254//250 253//250
f 253//251 254//251 255//251
f 255//252 254//252 256//252
f 254//253 257//253 256//253
f 257//254 258//254 256//254
f 256//255 258//255 259//255
f 258//256 260//256 259//256
f 259//257 260//257 261//257
f 260//258 262//258 261//258
f 261//259 262//259 263//259
f 262//260 264//260 263//260
f 263//261 264//261 265//261
f 264//262 266//262 265//262
f 265//263 266//263 267//263
f 266//264 268//264 267//264
f 267//265 268//265 269//265
f 269//266 268//266 270//266
f 268//267 271//267 270//267
f 271//268 272//268 270//268
f 270//269 272//269 273//269
f 273//270 274//270 275//270
f 275//271 274//271 276//271
f 272//272 274//272 273//272
f 274//273 277//273 276//273
f 276//274 278//274 279//274
f 277//275 278//275 276//275
f 279//276 280//276 281//276
f 278//277 280//277 279//277
f 281//278 282//278 283//278
f 283//279 282//279 284//279
f 280//280 282//280 281//280
f 282//281 285//281 284//281
f 284//282 286//282 287//282
f 285//283 286//283 284//283
f 287//284 288//284 289//284
f 286//285 288//285 287//285
f 289//286 290//286 291//286
f 291//287 290//287 292//287
f 288//288 290//288 289//288
f 290//289 293//289 292//289
f 292//290 294//290 295//290
f 293//291 294//291 292//291
f 295//292 296//292 297//292
f 297//293 296//293 298//293
f 294//294 296//294 295//294
f 296//295 299//295 298//295
f 298//296 300//296 301//296
f 299//297 300//297 298//297
f 301//298 302//298 303//298
f 300//299 302//299 301//299
f 303//300 304//300 305//300
f 302//301 304//301 303//301
f 305//302 306//302 307//302
f 307//303 306//303 308//303
f 304//304 306//304 305//304
f 306//305 309//305 308//305
f 308//306 309//306 310//306
f 309//307 311//307 310//307
f 311//308 312//308 310//308
f 310//309 312//309 313//309
f 313//310 314//310 315//310
f 315//311 314//311 316//311
f 312//312 314//312 313//312
f 314//313 317//313 316//313
f 316//314 317//314 318//314
f 317//315 319//315 318//315
f 319//316 320//316 318//316
f 318//317 320//317 321//317
f 320//318 322//318 321//318
f 321//319 322//319 323//319
f 324//320 325//320 326//320
f 326//321 325//321 327//321
f 327//322 325//322 328//322
f 328//323 325//323 329//323
f 329//324 325//324 330//324
f 331//325 325//325 332//325
f 332//326 325//326 333//326
f 333//327 325//327 334//327
f 334//328 325//328 335//328
f 335//329 325//329 336//329
f 336//330 325//330 337//330
f 337//331 325//331 338//331
f 338//332 325//332 339//332
f 339//333 325//333 340//333
f 340//334 325//334 341//334
f 341//335 325//335 342//335
f 342//336 325//336 343//336
f 343//337 325//337 344//337
f 344//338 325//338 345//338
f 345//339 325//339 346//339
f 346//340 325//340 347//340
f 347//341 325//341 348//341
f 348//342 325//342 349//342
f 349//343 325//343 350//343
f 350//344 325//344 351//344
f 351//345 325//345 352//345
f 352//346 325//346 353//346
f 353//347 325//347 354//347
f 354//348 325//348 355//348
f 355//349 325//349 356//349
f 356//350 325//350 357//350
f 357//351 325//351 358//351
f 358//352 325//352 359//352
f 359//353 325//353 360//353
f 360//354 325//354 361//354
f 361//355 325//355 362//355
f 362//356 325//356 363//356
f 363//357 325//357 364//357
f 364//358 325//358 365//358
f 365//359 325//359 366//359
f 366//360 325//360 367//360
f 367//361 325//361 368//361
f 368//362 325//362 369//362
f 369//363 325//363 370//363
f 370//364 325//364 371//364
f 371//365 325//365 372//365
f 372//366 325//366 373//366
f 373//367 325//367 374//367
f 374//368 325//368 375//368
f 375//369 325//369 376//369
f 376//370 325//370 377//370
f 377//371 325//371 378//371
f 378//372 325//372 379//372
f 379//373 325//373 380//373
f 380//374 325//374 381//374
f 381//375 325//375 382//375
f 382//376 325//376 383//376
f 383//377 325//377 384//377
f 384//378 325//378 385//378
f 385//379 325//379 386//379
f 386//380 325//380 387//380
f 387//381 325//381 388//381
f 388//382 325//382 324//382
f 330//383 389//383 390//383
f 325//384 389//384 330//384
f 390//385 391//385 392//385
f 392//386 391//386 393//386
f 393//387 391//387 394//387
f 394//388 391//388 395//388
f 395//389 391//389 396//389
f 396//390 391//390 397//390
f 397//391 391//391 398//391
f 398//392 391//392 399//392
f 399//393 391//393 400//393
f 400//394 391//394 401//394
f 401//395 391//395 402//395
f 402//396 391//396 403//396
f 403//397 391//397 404//397
f 404//398 391//398 405//398
f 405//399 391//399 406//399
f 406//400 391//400 407//400
f 407//401 391//401 408//401
f 408//402 391//402 409//402
f 409//403 391//403 410//403
f 410//404 391//404 411//404
f 411//405 391//405 412//405
f 412//406 391//406 413//406
f 413//407 391//407 414//407
f 414//408 391//408 415//408
f 415//409 391//409 416//409
f 416//410 391//410 417//410
f 417//411 391//411 418//411
f 418//412 391//412 419//412
f 419//413 391//413 420//413
f 420//414 391//414 421//414
f 422//415 391//415 423//415
f 421//416 391//416 424//416
f 423//417 391//417 425//417
f 424//418 391//418 426//418
f 425//419 391//419 427//419
f 426//420 391//420 428//420
f 427//421 391//421 429//421
f 428//422 391//422 430//422
f 429//423 391//423 431//423
f 430//424 391//424 432//424
f 431//425 391//425 433//425
f 432//426 391//426 434//426
f 433//427 391//427 435//427
f 434//428 391//428 436//428
f 436//429 391//429 437//429
f 437//430 391//430 438//430
f 438//431 391//431 439//431
f 439//432 391//432 440//432
f 440//433 391//433 441//433
f 441//434 391//434 442//434
f 442//435 391//435 443//435
f 443//436 391//436 444//436
f 444//437 391//437 445//437
f 445//438 391//438 446//438
f 446//439 391//439 447//439
f 447//440 391//440 448//440
f 448//441 391//441 449//441
f 449//442 391//442 450//442
f 450//443 391//443 451//443
f 451//444 391//444 452//444
f 452//445 391//445 453//445
f 453//446 391//446 454//446
f 454//447 391//447 455//447
f 455//448 391//448 422//448
f 390//449 456//449 391//449
f 389//450 456//450 390//450
f 2//451 325//451 77//451
f 77//452 325//452 457//452
f 457//453 325//453 458//453
f 458//454 325//454 459//454
f 459//455 325//455 460//455
f 460//456 325//456 204//456
f 204//457 325//457 331//457
f 204//458 331//458 461//458
f 204//459 461//459 462//459
f 204//460 462//460 463//460
f 204//461 463//461 209//461
f 391//462 66//462 135//462
f 391//463 135//463 464//463
f 391//464 464//464 465//464
f 391//465 465//465 466//465
f 391//466 466//466 467//466
f 391//467 467//467 323//467
f 391//468 323//468 435//468
f 435//469 323//469 468//469
f 468//470 323//470 469//470
f 469//471 323//471 470//471
f 470//472 323//472 322//472
f 471//473 325//473 472//473
f 471//474 389//474 325//474
f 473//475 472//475 4//475
f 473//476 474//476 472//476
f 4//477 6//477 473//477
f 473//478 6//478 475//478
f 5//479 476//479 6//479
f 65//480 476//480 5//480
f 477//481 478//481 479//481
f 477//482 480//482 478//482
f 65//483 66//483 481//483
f 476//484 65//484 481//484
f 391//485 477//485 482//485
f 456//486 477//486 391//486
f 66//487 483//487 484//487
f 481//488 66//488 484//488
f 130//489 129//489 485//489
f 130//490 485//490 486//490
f 131//491 486//491 487//491
f 131//492 130//492 486//492
f 132//493 487//493 488//493
f 132//494 131//494 487//494
f 133//495 488//495 489//495
f 133//496 132//496 488//496
f 134//497 489//497 490//497
f 134//498 133//498 489//498
f 135//499 490//499 491//499
f 135//500 134//500 490//500
f 464//501 491//501 492//501
f 464//502 135//502 491//502
f 465//503 492//503 493//503
f 465//504 464//504 492//504
f 466//505 493//505 494//505
f 466//506 465//506 493//506
f 467//507 466//507 494//507
f 467//508 494//508 495//508
f 323//509 467//509 495//509
f 323//510 495//510 496//510
f 321//511 323//511 496//511
f 321//512 496//512 497//512
f 318//513 321//513 497//513
f 318//514 497//514 498//514
f 316//515 318//515 498//515
f 316//516 498//516 499//516
f 315//517 316//517 499//517
f 315//518 499//518 500//518
f 313//519 315//519 500//519
f 313//520 500//520 501//520
f 310//521 313//521 501//521
f 310//522 501//522 502//522
f 308//523 310//523 502//523
f 308//524 502//524 503//524
f 307//525 503//525 504//525
f 307//526 308//526 503//526
f 305//527 504//527 505//527
f 305//528 307//528 504//528
f 303//529 505//529 506//529
f 303//530 305//530 505//530
f 301//531 506//531 507//531
f 301//532 303//532 506//532
f 298//533 507//533 508//533
f 298//534 301//534 507//534
f 297//535 508//535 509//535
f 297//536 298//536 508//536
f 295//537 509//537 510//537
f 295//538 297//538 509//538
f 292//539 510//539 511//539
f 292//540 295//540 510//540
f 291//541 511//541 512//541
f 291//542 292//542 511//542
f 289//543 512//543 513//543
f 289//544 291//544 512//544
f 287//545 513//545 514//545
f 287//546 289//546 513//546
f 284//547 514//547 515//547
f 284//548 287//548 514//548
f 283//549 515//549 516//549
f 283//550 284//550 515//550
f 281//551 516//551 517//551
f 281//552 283//552 516//552
f 279//553 517//553 518//553
f 279//554 281//554 517//554
f 276//555 518//555 519//555
f 276//556 279//556 518//556
f 275//557 276//557 519//557
f 275//558 519//558 520//558
f 273//559 275//559 520//559
f 273//560 520//560 521//560
f 270//561 273//561 521//561
f 270//562 521//562 522//562
f 269//563 270//563 522//563
f 269//564 522//564 523//564
f 267//565 523//565 524//565
f 267//566 269//566 523//566
f 265//567 267//567 524//567
f 265//568 524//568 525//568
f 263//569 525//569 526//569
f 263//570 265//570 525//570
f 261//571 263//571 526//571
f 261//572 526//572 527//572
f 259//573 527//573 528//573
f 259//574 261//574 527//574
f 256//575 528//575 529//575
f 256//576 259//576 528//576
f 255//577 529//577 530//577
f 255//578 256//578 529//578
f 253//579 530//579 531//579
f 253//580 255//580 530//580
f 251//581 531//581 532//581
f 251//582 253//582 531//582
f 249//583 532//583 533//583
f 249//584 251//584 532//584
f 247//585 533//585 534//585
f 247//586 249//586 533//586
f 244//587 535//587 536//587
f 244//588 534//588 535//588
f 244//589 247//589 534//589
f 243//590 244//590 536//590
f 241//591 536//591 537//591
f 241//592 243//592 536//592
f 239//593 537//593 538//593
f 239//594 241//594 537//594
f 237//595 538//595 539//595
f 237//596 239//596 538//596
f 235//597 539//597 540//597
f 235//598 237//598 539//598
f 233//599 540//599 541//599
f 233//600 235//600 540//600
f 233//601 541//601 542//601
f 231//602 233//602 542//602
f 229//603 231//603 542//603
f 229//604 542//604 543//604
f 227//605 543//605 544//605
f 227//606 229//606 543//606
f 225//607 227//607 544//607
f 225//608 544//608 545//608
f 223//609 225//609 545//609
f 223//610 545//610 546//610
f 221//611 223//611 546//611
f 221//612 546//612 547//612
f 219//613 221//613 547//613
f 219//614 547//614 548//614
f 216//615 219//615 548//615
f 216//616 548//616 549//616
f 215//617 216//617 549//617
f 215//618 549//618 550//618
f 213//619 215//619 550//619
f 213//620 551//620 552//620
f 213//621 550//621 551//621
f 211//622 213//622 552//622
f 211//623 552//623 553//623
f 208//624 211//624 553//624
f 203//625 208//625 553//625
f 203//626 553//626 554//626
f 200//627 203//627 554//627
f 200//628 554//628 555//628
f 195//629 200//629 555//629
f 195//630 555//630 556//630
f 188//631 195//631 556//631
f 188//632 556//632 557//632
f 187//633 188//633 557//633
f 187//634 557//634 558//634
f 183//635 187//635 558//635
f 183//636 558//636 559//636
f 180//637 183//637 559//637
f 180//638 559//638 560//638
f 175//639 180//639 560//639
f 175//640 561//640 562//640
f 175//641 560//641 561//641
f 172//642 175//642 562//642
f 172//643 562//643 563//643
f 168//644 172//644 563//644
f 163//645 168//645 563//645
f 163//646 564//646 565//646
f 163//647 563//647 564//647
f 160//648 565//648 566//648
f 160//649 163//649 565//649
f 155//650 160//650 566//650
f 151//651 566//651 567//651
f 151//652 155//652 566//652
f 147//653 568//653 569//653
f 147//654 567//654 568//654
f 147//655 151//655 567//655
f 143//656 569//656 570//656
f 143//657 147//657 569//657
f 138//658 143//658 570//658
f 136//659 138//659 570//659
f 136//660 570//660 571//660
f 140//661 136//661 571//661
f 140//662 571//662 572//662
f 145//663 140//663 572//663
f 145//664 572//664 573//664
f 148//665 145//665 573//665
f 148//666 574//666 575//666
f 148//667 573//667 574//667
f 153//668 148//668 575//668
f 153//669 575//669 576//669
f 158//670 153//670 576//670
f 156//671 158//671 576//671
f 156//672 577//672 578//672
f 156//673 576//673 577//673
f 166//674 156//674 578//674
f 166//675 578//675 579//675
f 164//676 166//676 579//676
f 169//677 164//677 579//677
f 169//678 579//678 580//678
f 178//679 169//679 580//679
f 178//680 581//680 582//680
f 178//681 580//681 581//681
f 177//682 178//682 582//682
f 184//683 177//683 582//683
f 184//684 582//684 583//684
f 189//685 184//685 583//685
f 189//686 584//686 585//686
f 189//687 583//687 584//687
f 193//688 189//688 585//688
f 198//689 586//689 587//689
f 198//690 585//690 586//690
f 198//691 193//691 585//691
f 196//692 587//692 588//692
f 196//693 198//693 587//693
f 206//694 196//694 588//694
f 204//695 588//695 589//695
f 204//696 206//696 588//696
f 460//697 590//697 591//697
f 460//698 589//698 590//698
f 460//699 204//699 589//699
f 459//700 591//700 592//700
f 459//701 460//701 591//701
f 458//702 459//702 592//702
f 457//703 592//703 593//703
f 457//704 458//704 592//704
f 77//705 594//705 595//705
f 77//706 593//706 594//706
f 77//707 457//707 593//707
f 75//708 595//708 596//708
f 75//709 77//709 595//709
f 73//710 75//710 596//710
f 71//711 73//711 596//711
f 71//712 596//712 597//712
f 69//713 71//713 597//713
f 69//714 598//714 599//714
f 69//715 597//715 598//715
f 67//716 69//716 599//716
f 63//717 67//717 599//717
f 63//718 600//718 601//718
f 63//719 599//719 600//719
f 61//720 63//720 601//720
f 59//721 61//721 601//721
f 59//722 602//722 603//722
f 59//723 601//723 602//723
f 57//724 59//724 603//724
f 55//725 57//725 603//725
f 55//726 604//726 605//726
f 55//727 603//727 604//727
f 53//728 55//728 605//728
f 51//729 606//729 607//729
f 51//730 605//730 606//730
f 51//731 53//731 605//731
f 49//732 51//732 607//732
f 47//733 607//733 608//733
f 47//734 49//734 607//734
f 45//735 608//735 609//735
f 45//736 47//736 608//736
f 43//737 609//737 610//737
f 43//738 45//738 609//738
f 41//739 611//739 612//739
f 41//740 610//740 611//740
f 41//741 43//741 610//741
f 39//742 612//742 613//742
f 39//743 41//743 612//743
f 37//744 39//744 613//744
f 35//745 613//745 614//745
f 35//746 37//746 613//746
f 33//747 615//747 616//747
f 33//748 614//748 615//748
f 33//749 35//749 614//749
f 31//750 33//750 616//750
f 29//751 616//751 617//751
f 29//752 31//752 616//752
f 27//753 617//753 618//753
f 27//754 29//754 617//754
f 25//755 618//755 619//755
f 25//756 27//756 618//756
f 23//757 619//757 620//757
f 23//758 25//758 619//758
f 21//759 23//759 620//759
f 21//760 621//760 622//760
f 21//761 620//761 621//761
f 19//762 21//762 622//762
f 17//763 19//763 622//763
f 17//764 622//764 623//764
f 15//765 17//765 623//765
f 15//766 623//766 624//766
f 13//767 624//767 625//767
f 13//768 15//768 624//768
f 11//769 625//769 626//769
f 11//770 13//770 625//770
f 9//771 11//771 626//771
f 9//772 626//772 627//772
f 7//773 628//773 629//773
f 7//774 627//774 628//774
f 7//775 9//775 627//775
f 8//776 7//776 629//776
f 10//777 629//777 630//777
f 10//778 8//778 629//778
f 12//779 630//779 631//779
f 12//780 10//780 630//780
f 14//781 631//781 632//781
f 14//782 12//782 631//782
f 16//783 632//783 633//783
f 16//784 14//784 632//784
f 18//785 633//785 634//785
f 18//786 16//786 633//786
f 20//787 635//787 636//787
f 20//788 634//788 635//788
f 20//789 18//789 634//789
f 22//790 20//790 636//790
f 24//791 637//791 638//791
f 24//792 636//792 637//792
f 24//793 22//793 636//793
f 26//794 638//794 639//794
f 26//795 24//795 638//795
f 28//796 26//796 639//796
f 30//797 639//797 640//797
f 30//798 28//798 639//798
f 32//799 641//799 642//799
f 32//800 640//800 641//800
f 32//801 30//801 640//801
f 34//802 32//802 642//802
f 36//803 34//803 642//803
f 36//804 642//804 643//804
f 38//805 36//805 643//805
f 38//806 643//806 644//806
f 40//807 644//807 645//807
f 40//808 38//808 644//808
f 42//809 40//809 645//809
f 42//810 646//810 647//810
f 42//811 645//811 646//811
f 44//812 42//812 647//812
f 46//813 44//813 647//813
f 46//814 647//814 648//814
f 48//815 46//815 648//815
f 48//816 648//816 649//816
f 50//817 48//817 649//817
f 50//818 649//818 650//818
f 52//819 50//819 650//819
f 52//820 650//820 651//820
f 54//821 52//821 651//821
f 54//822 651//822 652//822
f 56//823 54//823 652//823
f 56//824 653//824 654//824
f 56//825 652//825 653//825
f 58//826 56//826 654//826
f 58//827 654//827 655//827
f 60//828 58//828 655//828
f 62//829 60//829 655//829
f 62//830 656//830 657//830
f 62//831 655//831 656//831
f 64//832 62//832 657//832
f 68//833 64//833 657//833
f 68//834 658//834 659//834
f 68//835 657//835 658//835
f 70//836 68//836 659//836
f 72//837 70//837 659//837
f 72//838 659//838 660//838
f 74//839 72//839 660//839
f 74//840 660//840 661//840
f 76//841 74//841 661//841
f 76//842 661//842 662//842
f 78//843 76//843 662//843
f 78//844 662//844 663//844
f 79//845 78//845 663//845
f 79//846 664//846 665//846
f 79//847 663//847 664//847
f 80//848 79//848 665//848
f 81//849 665//849 666//849
f 81//850 80//850 665//850
f 82//851 667//851 668//851
f 82//852 666//852 667//852
f 82//853 81//853 666//853
f 83//854 82//854 668//854
f 84//855 669//855 670//855
f 84//856 668//856 669//856
f 84//857 83//857 668//857
f 85//858 670//858 671//858
f 85//859 84//859 670//859
f 86//860 85//860 671//860
f 86//861 671//861 672//861
f 87//862 86//862 672//862
f 88//863 87//863 672//863
f 88//864 673//864 674//864
f 88//865 672//865 673//865
f 89//866 88//866 674//866
f 90//867 89//867 674//867
f 90//868 674//868 675//868
f 91//869 90//869 675//869
f 91//870 676//870 677//870
f 91//871 675//871 676//871
f 92//872 91//872 677//872
f 93//873 92//873 677//873
f 93//874 677//874 678//874
f 94//875 93//875 678//875
f 94//876 678//876 679//876
f 95//877 94//877 679//877
f 95//878 679//878 680//878
f 96//879 95//879 680//879
f 96//880 680//880 681//880
f 97//881 96//881 681//881
f 97//882 681//882 682//882
f 98//883 97//883 682//883
f 98//884 683//884 684//884
f 98//885 682//885 683//885
f 99//886 98//886 684//886
f 99//887 684//887 685//887
f 100//888 99//888 685//888
f 101//889 100//889 685//889
f 101//890 685//890 686//890
f 102//891 101//891 686//891
f 102//892 686//892 687//892
f 103//893 687//893 688//893
f 103//894 102//894 687//894
f 104//895 689//895 690//895
f 104//896 688//896 689//896
f 104//897 103//897 688//897
f 105//898 690//898 691//898
f 105//899 104//899 690//899
f 106//900 105//900 691//900
f 107//901 691//901 692//901
f 107//902 106//902 691//902
f 108//903 692//903 693//903
f 108//904 107//904 692//904
f 109//905 693//905 694//905
f 109//906 108//906 693//906
f 110//907 694//907 695//907
f 110//908 109//908 694//908
f 111//909 695//909 696//909
f 111//910 110//910 695//910
f 112//911 696//911 697//911
f 112//912 111//912 696//912
f 113//913 112//913 697//913
f 113//914 697//914 698//914
f 114//915 113//915 698//915
f 114//916 698//916 699//916
f 115//917 114//917 699//917
f 115//918 700//918 701//918
f 115//919 699//919 700//919
f 116//920 115//920 701//920
f 117//921 116//921 701//921
f 117//922 702//922 703//922
f 117//923 701//923 702//923
f 118//924 117//924 703//924
f 119//925 118//925 703//925
f 119//926 704//926 705//926
f 119//927 703//927 704//927
f 120//928 119//928 705//928
f 120//929 705//929 706//929
f 121//930 120//930 706//930
f 122//931 706//931 707//931
f 122//932 121//932 706//932
f 123//933 707//933 708//933
f 123//934 122//934 707//934
f 124//935 708//935 709//935
f 124//936 123//936 708//936
f 125//937 709//937 710//937
f 125//938 124//938 709//938
f 126//939 711//939 712//939
f 126//940 710//940 711//940
f 126//941 125//941 710//941
f 127//942 126//942 712//942
f 128//943 712//943 713//943
f 128//944 127//944 712//944
f 129//945 713//945 485//945
f 129//946 128//946 713//946
f 455//947 422//947 714//947
f 455//948 714//948 715//948
f 454//949 715//949 716//949
f 454//950 455//950 715//950
f 453//951 716//951 717//951
f 453//952 454//952 716//952
f 452//953 717//953 718//953
f 452//954 453//954 717//954
f 451//955 718//955 719//955
f 451//956 452//956 718//956
f 450//957 719//957 720//957
f 450//958 451//958 719//958
f 449//959 720//959 721//959
f 449//960 450//960 720//960
f 448//961 721//961 722//961
f 448//962 449//962 721//962
f 447//963 722//963 723//963
f 447//964 448//964 722//964
f 446//965 447//965 723//965
f 446//966 723//966 724//966
f 445//967 446//967 724//967
f 445//968 724//968 725//968
f 444//969 445//969 725//969
f 444//970 725//970 726//970
f 443//971 444//971 726//971
f 443//972 726//972 727//972
f 442//973 443//973 727//973
f 442//974 727//974 728//974
f 441//975 442//975 728//975
f 441//976 728//976 729//976
f 440//977 441//977 729//977
f 440//978 729//978 730//978
f 439//979 440//979 730//979
f 439//980 730//980 731//980
f 438//981 439//981 731//981
f 438//982 731//982 732//982
f 437//983 732//983 733//983
f 437//984 438//984 732//984
f 436//985 733//985 734//985
f 436//986 437//986 733//986
f 434//987 734//987 735//987
f 434//988 436//988 734//988
f 432//989 735//989 736//989
f 432//990 434//990 735//990
f 430//991 736//991 737//991
f 430//992 432//992 736//992
f 428//993 737//993 738//993
f 428//994 430//994 737//994
f 426//995 738//995 739//995
f 426//996 428//996 738//996
f 424//997 739//997 740//997
f 424//998 426//998 739//998
f 421//999 740//999 741//999
f 421//1000 424//1000 740//1000
f 420//1001 741//1001 742//1001
f 420//1002 421//1002 741//1002
f 419//1003 742//1003 743//1003
f 419//1004 420//1004 742//1004
f 418//1005 743//1005 744//1005
f 418//1006 419//1006 743//1006
f 417//1007 744//1007 745//1007
f 417//1008 418//1008 744//1008
f 416//1009 745//1009 746//1009
f 416//1010 417//1010 745//1010
f 415//1011 746//1011 747//1011
f 415//1012 416//1012 746//1012
f 414//1013 747//1013 748//1013
f 414//1014 415//1014 747//1014
f 413//1015 414//1015 748//1015
f 413//1016 748//1016 749//1016
f 412//1017 413//1017 749//1017
f 412//1018 749//1018 750//1018
f 411//1019 412//1019 750//1019
f 411//1020 750//1020 751//1020
f 410//1021 411//1021 751//1021
f 410//1022 751//1022 752//1022
f 409//1023 752//1023 753//1023
f 409//1024 410//1024 752//1024
f 408//1025 409//1025 753//1025
f 408//1026 753//1026 754//1026
f 407//1027 754//1027 755//1027
f 407//1028 408//1028 754//1028
f 406//1029 407//1029 755//1029
f 406//1030 755//1030 756//1030
f 405//1031 756//1031 757//1031
f 405//1032 406//1032 756//1032
f 404//1033 757//1033 758//1033
f 404//1034 405//1034 757//1034
f 403//1035 758//1035 759//1035
f 403//1036 404//1036 758//1036
f 402//1037 759//1037 760//1037
f 402//1038 403//1038 759//1038
f 401//1039 760//1039 761//1039
f 401//1040 402//1040 760//1040
f 400//1041 761//1041 762//1041
f 400//1042 401//1042 761//1042
f 399//1043 762//1043 763//1043
f 399//1044 400//1044 762//1044
f 398//1045 764//1045 765//1045
f 398//1046 763//1046 764//1046
f 398//1047 399//1047 763//1047
f 397//1048 398//1048 765//1048
f 396//1049 765//1049 766//1049
f 396//1050 397//1050 765//1050
f 395//1051 766//1051 767//1051
f 395//1052 396//1052 766//1052
f 394//1053 767//1053 768//1053
f 394//1054 395//1054 767//1054
f 393//1055 768//1055 769//1055
f 393//1056 394//1056 768//1056
f 392//1057 769//1057 770//1057
f 392//1058 393//1058 769//1058
f 392//1059 770//1059 771//1059
f 390//1060 392//1060 771//1060
f 330//1061 390//1061 771//1061
f 330//1062 771//1062 772//1062
f 329//1063 772//1063 773//1063
f 329//1064 330//1064 772//1064
f 328//1065 329//1065 773//1065
f 328//1066 773//1066 774//1066
f 327//1067 328//1067 774//1067
f 327//1068 774//1068 775//1068
f 326//1069 327//1069 775//1069
f 326//1070 775//1070 776//1070
f 324//1071 326//1071 776//1071
f 324//1072 776//1072 777//1072
f 388//1073 324//1073 777//1073
f 388//1074 777//1074 778//1074
f 387//1075 388//1075 778//1075
f 387//1076 778//1076 779//1076
f 386//1077 387//1077 779//1077
f 386//1078 780//1078 781//1078
f 386//1079 779//1079 780//1079
f 385//1080 386//1080 781//1080
f 385//1081 781//1081 782//1081
f 384//1082 385//1082 782//1082
f 383//1083 384//1083 782//1083
f 383//1084 782//1084 783//1084
f 382//1085 383//1085 783//1085
f 382//1086 783//1086 784//1086
f 381//1087 382//1087 784//1087
f 381//1088 784//1088 785//1088
f 380//1089 381//1089 785//1089
f 380//1090 785//1090 786//1090
f 379//1091 380//1091 786//1091
f 379//1092 786//1092 787//1092
f 378//1093 379//1093 787//1093
f 378//1094 787//1094 788//1094
f 377//1095 378//1095 788//1095
f 377//1096 788//1096 789//1096
f 376//1097 377//1097 789//1097
f 376//1098 790//1098 791//1098
f 376//1099 789//1099 790//1099
f 375//1100 376//1100 791//1100
f 375//1101 791//1101 792//1101
f 374//1102 375//1102 792//1102
f 373//1103 374//1103 792//1103
f 373//1104 793//1104 794//1104
f 373//1105 792//1105 793//1105
f 372//1106 794//1106 795//1106
f 372//1107 373//1107 794//1107
f 371//1108 372//1108 795//1108
f 370//1109 795//1109 796//1109
f 370//1110 371//1110 795//1110
f 369//1111 797//1111 798//1111
f 369//1112 796//1112 797//1112
f 369//1113 370//1113 796//1113
f 368//1114 798//1114 799//1114
f 368//1115 369//1115 798//1115
f 367//1116 368//1116 799//1116
f 366//1117 367//1117 799//1117
f 366//1118 799//1118 800//1118
f 365//1119 366//1119 800//1119
f 365//1120 800//1120 801//1120
f 364//1121 365//1121 801//1121
f 364//1122 801//1122 802//1122
f 363//1123 364//1123 802//1123
f 363//1124 803//1124 804//1124
f 363//1125 802//1125 803//1125
f 362//1126 363//1126 804//1126
f 362//1127 804//1127 805//1127
f 361//1128 362//1128 805//1128
f 360//1129 361//1129 805//1129
f 360//1130 806//1130 807//1130
f 360//1131 805//1131 806//1131
f 359//1132 360//1132 807//1132
f 359//1133 807//1133 808//1133
f 358//1134 359//1134 808//1134
f 357//1135 358//1135 808//1135
f 357//1136 808//1136 809//1136
f 356//1137 357//1137 809//1137
f 356//1138 810//1138 811//1138
f 356//1139 809//1139 810//1139
f 355//1140 356//1140 811//1140
f 354//1141 355//1141 811//1141
f 354//1142 811//1142 812//1142
f 353//1143 354//1143 812//1143
f 353//1144 813//1144 814//1144
f 353//1145 812//1145 813//1145
f 352//1146 353//1146 814//1146
f 351//1147 815//1147 816//1147
f 351//1148 814//1148 815//1148
f 351//1149 352//1149 814//1149
f 350//1150 816//1150 817//1150
f 350//1151 351//1151 816//1151
f 349//1152 350//1152 817//1152
f 348//1153 817//1153 818//1153
f 348//1154 349//1154 817//1154
f 347//1155 819//1155 820//1155
f 347//1156 818//1156 819//1156
f 347//1157 348//1157 818//1157
f 346//1158 820//1158 821//1158
f 346//1159 347//1159 820//1159
f 345//1160 346//1160 821//1160
f 344//1161 821//1161 822//1161
f 344//1162 345//1162 821//1162
f 343//1163 823//1163 824//1163
f 343//1164 822//1164 823//1164
f 343//1165 344//1165 822//1165
f 342//1166 824//1166 825//1166
f 342//1167 343//1167 824//1167
f 341//1168 342//1168 825//1168
f 340//1169 341//1169 825//1169
f 340//1170 825//1170 826//1170
f 339//1171 340//1171 826//1171
f 339//1172 827//1172 828//1172
f 339//1173 826//1173 827//1173
f 338//1174 339//1174 828//1174
f 337//1175 338//1175 828//1175
f 337//1176 829//1176 830//1176
f 337//1177 828//1177 829//1177
f 336//1178 337//1178 830//1178
f 335//1179 336//1179 830//1179
f 335//1180 831//1180 832//1180
f 335//1181 830//1181 831//1181
f 334//1182 335//1182 832//1182
f 333//1183 334//1183 832//1183
f 333//1184 833//1184 834//1184
f 333//1185 832//1185 833//1185
f 332//1186 333//1186 834//1186
f 331//1187 835//1187 836//1187
f 331//1188 834//1188 835//1188
f 331//1189 332//1189 834//1189
f 461//1190 331//1190 836//1190
f 462//1191 836//1191 837//1191
f 462//1192 461//1192 836//1192
f 463//1193 837//1193 838//1193
f 463//1194 462//1194 837//1194
f 209//1195 838//1195 839//1195
f 209//1196 463//1196 838//1196
f 205//1197 840//1197 841//1197
f 205//1198 839//1198 840//1198
f 205//1199 209//1199 839//1199
f 201//1200 841//1200 842//1200
f 201//1201 205//1201 841//1201
f 197//1202 201//1202 842//1202
f 192//1203 842//1203 843//1203
f 192//1204 197//1204 842//1204
f 190//1205 844//1205 845//1205
f 190//1206 843//1206 844//1206
f 190//1207 192//1207 843//1207
f 185//1208 190//1208 845//1208
f 181//1209 845//1209 846//1209
f 181//1210 185//1210 845//1210
f 176//1211 846//1211 847//1211
f 176//1212 181//1212 846//1212
f 173//1213 847//1213 848//1213
f 173//1214 176//1214 847//1214
f 170//1215 848//1215 849//1215
f 170//1216 173//1216 848//1216
f 165//1217 170//1217 849//1217
f 165//1218 850//1218 851//1218
f 165//1219 849//1219 850//1219
f 161//1220 165//1220 851//1220
f 157//1221 161//1221 851//1221
f 157//1222 851//1222 852//1222
f 152//1223 157//1223 852//1223
f 152//1224 852//1224 853//1224
f 149//1225 853//1225 854//1225
f 149//1226 152//1226 853//1226
f 144//1227 854//1227 855//1227
f 144//1228 149//1228 854//1228
f 141//1229 144//1229 855//1229
f 141//1230 855//1230 856//1230
f 139//1231 857//1231 858//1231
f 139//1232 856//1232 857//1232
f 139//1233 141//1233 856//1233
f 137//1234 139//1234 858//1234
f 142//1235 858//1235 859//1235
f 142//1236 137//1236 858//1236
f 146//1237 859//1237 860//1237
f 146//1238 142//1238 859//1238
f 150//1239 860//1239 861//1239
f 150//1240 146//1240 860//1240
f 154//1241 861//1241 862//1241
f 154//1242 150//1242 861//1242
f 159//1243 862//1243 863//1243
f 159//1244 154//1244 862//1244
f 162//1245 864//1245 865//1245
f 162//1246 863//1246 864//1246
f 162//1247 159//1247 863//1247
f 167//1248 162//1248 865//1248
f 171//1249 866//1249 867//1249
f 171//1250 865//1250 866//1250
f 171//1251 167//1251 865//1251
f 174//1252 867//1252 868//1252
f 174//1253 171//1253 867//1253
f 179//1254 174//1254 868//1254
f 182//1255 868//1255 869//1255
f 182//1256 179//1256 868//1256
f 186//1257 870//1257 871//1257
f 186//1258 869//1258 870//1258
f 186//1259 182//1259 869//1259
f 191//1260 186//1260 871//1260
f 194//1261 191//1261 871//1261
f 194//1262 871//1262 872//1262
f 199//1263 194//1263 872//1263
f 199//1264 872//1264 873//1264
f 202//1265 873//1265 874//1265
f 202//1266 199//1266 873//1266
f 207//1267 202//1267 874//1267
f 207//1268 875//1268 876//1268
f 207//1269 874//1269 875//1269
f 210//1270 207//1270 876//1270
f 212//1271 210//1271 876//1271
f 212//1272 876//1272 877//1272
f 214//1273 212//1273 877//1273
f 214//1274 877//1274 878//1274
f 217//1275 214//1275 878//1275
f 217//1276 878//1276 879//1276
f 218//1277 217//1277 879//1277
f 218//1278 879//1278 880//1278
f 220//1279 218//1279 880//1279
f 220//1280 880//1280 881//1280
f 222//1281 220//1281 881//1281
f 222//1282 882//1282 883//1282
f 222//1283 881//1283 882//1283
f 224//1284 222//1284 883//1284
f 224//1285 883//1285 884//1285
f 226//1286 224//1286 884//1286
f 228//1287 226//1287 884//1287
f 228//1288 885//1288 886//1288
f 228//1289 884//1289 885//1289
f 230//1290 228//1290 886//1290
f 232//1291 230//1291 886//1291
f 232//1292 887//1292 888//1292
f 232//1293 886//1293 887//1293
f 234//1294 232//1294 888//1294
f 236//1295 234//1295 888//1295
f 236//1296 888//1296 889//1296
f 238//1297 236//1297 889//1297
f 238//1298 889//1298 890//1298
f 240//1299 238//1299 890//1299
f 240//1300 890//1300 891//1300
f 242//1301 240//1301 891//1301
f 242//1302 891//1302 892//1302
f 245//1303 242//1303 892//1303
f 245//1304 893//1304 894//1304
f 245//1305 892//1305 893//1305
f 246//1306 245//1306 894//1306
f 248//1307 894//1307 895//1307
f 248//1308 246//1308 894//1308
f 250//1309 896//1309 897//1309
f 250//1310 895//1310 896//1310
f 250//1311 248//1311 895//1311
f 252//1312 250//1312 897//1312
f 254//1313 898//1313 899//1313
f 254//1314 897//1314 898//1314
f 254//1315 252//1315 897//1315
f 257//1316 899//1316 900//1316
f 257//1317 254//1317 899//1317
f 258//1318 257//1318 900//1318
f 258//1319 900//1319 901//1319
f 260//1320 258//1320 901//1320
f 262//1321 260//1321 901//1321
f 262//1322 902//1322 903//1322
f 262//1323 901//1323 902//1323
f 264//1324 262//1324 903//1324
f 266//1325 264//1325 903//1325
f 266//1326 903//1326 904//1326
f 268//1327 266//1327 904//1327
f 268//1328 905//1328 906//1328
f 268//1329 904//1329 905//1329
f 271//1330 268//1330 906//1330
f 272//1331 271//1331 906//1331
f 272//1332 906//1332 907//1332
f 274//1333 272//1333 907//1333
f 274//1334 907//1334 908//1334
f 277//1335 274//1335 908//1335
f 277//1336 908//1336 909//1336
f 278//1337 277//1337 909//1337
f 278//1338 909//1338 910//1338
f 280//1339 278//1339 910//1339
f 280//1340 910//1340 911//1340
f 282//1341 280//1341 911//1341
f 282//1342 912//1342 913//1342
f 282//1343 911//1343 912//1343
f 285//1344 282//1344 913//1344
f 285//1345 913//1345 914//1345
f 286//1346 285//1346 914//1346
f 288//1347 286//1347 914//1347
f 288//1348 914//1348 915//1348
f 290//1349 288//1349 915//1349
f 290//1350 915//1350 916//1350
f 293//1351 916//1351 917//1351
f 293//1352 290//1352 916//1352
f 294//1353 918//1353 919//1353
f 294//1354 917//1354 918//1354
f 294//1355 293//1355 917//1355
f 296//1356 919//1356 920//1356
f 296//1357 294//1357 919//1357
f 299//1358 296//1358 920//1358
f 300//1359 920//1359 921//1359
f 300//1360 299//1360 920//1360
f 302//1361 921//1361 922//1361
f 302//1362 300//1362 921//1362
f 304//1363 922//1363 923//1363
f 304//1364 302//1364 922//1364
f 306//1365 923//1365 924//1365
f 306//1366 304//1366 923//1366
f 309//1367 924//1367 925//1367
f 309//1368 306//1368 924//1368
f 311//1369 925//1369 926//1369
f 311//1370 309//1370 925//1370
f 312//1371 311//1371 926//1371
f 312//1372 926//1372 927//1372
f 314//1373 312//1373 927//1373
f 314//1374 927//1374 928//1374
f 317//1375 314//1375 928//1375
f 317//1376 929//1376 930//1376
f 317//1377 928//1377 929//1377
f 319//1378 317//1378 930//1378
f 320//1379 319//1379 930//1379
f 320//1380 931//1380 932//1380
f 320//1381 930//1381 931//1381
f 322//1382 320//1382 932//1382
f 470//1383 322//1383 932//1383
f 470//1384 933//1384 934//1384
f 470//1385 932//1385 933//1385
f 469//1386 470//1386 934//1386
f 469//1387 934//1387 935//1387
f 468//1388 469//1388 935//1388
f 435//1389 935//1389 936//1389
f 435//1390 468//1390 935//1390
f 433//1391 936//1391 937//1391
f 433//1392 435//1392 936//1392
f 431//1393 937//1393 938//1393
f 431//1394 433//1394 937//1394
f 429//1395 938//1395 939//1395
f 429//1396 431//1396 938//1396
f 427//1397 940//1397 941//1397
f 427//1398 939//1398 940//1398
f 427//1399 429//1399 939//1399
f 425//1400 427//1400 941//1400
f 423//1401 941//1401 942//1401
f 423//1402 425//1402 941//1402
f 422//1403 942//1403 714//1403
f 422//1404 423//1404 942//1404
f 471//1405 472//1405 474//1405
f 471//1406 474//1406 943//1406
f 944//1407 473//1407 475//1407
f 944//1408 475//1408 945//1408
f 629//1409 628//1409 473//1409
f 627//1410 473//1410 628//1410
f 630//1411 629//1411 473//1411
f 626//1412 473//1412 627//1412
f 631//1413 630//1413 473//1413
f 625//1414 473//1414 626//1414
f 632//1415 631//1415 473//1415
f 624//1416 473//1416 625//1416
f 633//1417 632//1417 473//1417
f 623//1418 473//1418 624//1418
f 634//1419 633//1419 473//1419
f 622//1420 473//1420 623//1420
f 635//1421 634//1421 473//1421
f 621//1422 473//1422 622//1422
f 636//1423 635//1423 473//1423
f 620//1424 473//1424 621//1424
f 637//1425 636//1425 473//1425
f 619//1426 473//1426 620//1426
f 638//1427 637//1427 473//1427
f 618//1428 473//1428 619//1428
f 639//1429 638//1429 473//1429
f 617//1430 473//1430 618//1430
f 640//1431 639//1431 473//1431
f 616//1432 473//1432 617//1432
f 641//1433 640//1433 473//1433
f 615//1434 473//1434 616//1434
f 642//1435 641//1435 473//1435
f 614//1436 473//1436 615//1436
f 643//1437 642//1437 473//1437
f 613//1438 473//1438 614//1438
f 644//1439 643//1439 473//1439
f 612//1440 473//1440 613//1440
f 645//1441 644//1441 473//1441
f 611//1442 473//1442 612//1442
f 646//1443 645//1443 473//1443
f 610//1444 473//1444 611//1444
f 647//1445 646//1445 473//1445
f 609//1446 473//1446 610//1446
f 648//1447 647//1447 473//1447
f 608//1448 473//1448 609//1448
f 649//1449 648//1449 473//1449
f 607//1450 473//1450 608//1450
f 650//1451 649//1451 473//1451
f 606//1452 473//1452 607//1452
f 651//1453 650//1453 473//1453
f 605//1454 473//1454 606//1454
f 652//1455 651//1455 473//1455
f 604//1456 473//1456 605//1456
f 653//1457 652//1457 473//1457
f 603//1458 473//1458 604//1458
f 654//1459 653//1459 473//1459
f 602//1460 473//1460 603//1460
f 655//1461 654//1461 473//1461
f 601//1462 473//1462 602//1462
f 656//1463 655//1463 473//1463
f 600//1464 473//1464 601//1464
f 657//1465 473//1465 944//1465
f 657//1466 656//1466 473//1466
f 599//1467 473//1467 600//1467
f 658//1468 657//1468 944//1468
f 598//1469 473//1469 599//1469
f 659//1470 658//1470 944//1470
f 597//1471 473//1471 598//1471
f 660//1472 659//1472 944//1472
f 661//1473 660//1473 944//1473
f 662//1474 661//1474 944//1474
f 663//1475 662//1475 944//1475
f 664//1476 663//1476 944//1476
f 665//1477 664//1477 944//1477
f 666//1478 665//1478 944//1478
f 667//1479 666//1479 944//1479
f 668//1480 667//1480 944//1480
f 669//1481 668//1481 944//1481
f 670//1482 669//1482 944//1482
f 671//1483 670//1483 944//1483
f 672//1484 671//1484 944//1484
f 673//1485 672//1485 944//1485
f 674//1486 673//1486 944//1486
f 675//1487 674//1487 944//1487
f 676//1488 675//1488 944//1488
f 677//1489 676//1489 944//1489
f 678//1490 677//1490 944//1490
f 679//1491 678//1491 944//1491
f 680//1492 679//1492 944//1492
f 681//1493 680//1493 944//1493
f 682//1494 681//1494 944//1494
f 683//1495 682//1495 944//1495
f 684//1496 683//1496 944//1496
f 685//1497 684//1497 944//1497
f 686//1498 685//1498 944//1498
f 687//1499 686//1499 944//1499
f 688//1500 687//1500 944//1500
f 689//1501 688//1501 944//1501
f 690//1502 689//1502 944//1502
f 691//1503 690//1503 944//1503
f 692//1504 691//1504 944//1504
f 693//1505 692//1505 944//1505
f 694//1506 693//1506 944//1506
f 695//1507 694//1507 944//1507
f 696//1508 695//1508 944//1508
f 697//1509 696//1509 944//1509
f 698//1510 697//1510 944//1510
f 699//1511 698//1511 944//1511
f 700//1512 699//1512 944//1512
f 701//1513 700//1513 944//1513
f 702//1514 701//1514 944//1514
f 703//1515 702//1515 944//1515
f 704//1516 703//1516 944//1516
f 705//1517 704//1517 944//1517
f 706//1518 705//1518 944//1518
f 707//1519 706//1519 944//1519
f 708//1520 707//1520 944//1520
f 709//1521 708//1521 944//1521
f 710//1522 709//1522 944//1522
f 711//1523 710//1523 944//1523
f 712//1524 711//1524 944//1524
f 713//1525 712//1525 944//1525
f 485//1526 713//1526 944//1526
f 486//1527 485//1527 944//1527
f 487//1528 486//1528 944//1528
f 857//1529 572//1529 571//1529
f 858//1530 857//1530 571//1530
f 858//1531 571//1531 570//1531
f 856//1532 572//1532 857//1532
f 859//1533 858//1533 570//1533
f 859//1534 570//1534 569//1534
f 855//1535 572//1535 856//1535
f 855//1536 573//1536 572//1536
f 860//1537 859//1537 569//1537
f 860//1538 569//1538 568//1538
f 854//1539 573//1539 855//1539
f 854//1540 574//1540 573//1540
f 861//1541 860//1541 568//1541
f 861//1542 568//1542 567//1542
f 861//1543 567//1543 566//1543
f 853//1544 574//1544 854//1544
f 853//1545 575//1545 574//1545
f 862//1546 861//1546 566//1546
f 852//1547 575//1547 853//1547
f 852//1548 576//1548 575//1548
f 863//1549 862//1549 566//1549
f 863//1550 566//1550 565//1550
f 851//1551 576//1551 852//1551
f 851//1552 577//1552 576//1552
f 864//1553 863//1553 565//1553
f 864//1554 565//1554 564//1554
f 850//1555 578//1555 577//1555
f 850//1556 577//1556 851//1556
f 865//1557 864//1557 564//1557
f 865//1558 564//1558 563//1558
f 849//1559 579//1559 578//1559
f 849//1560 578//1560 850//1560
f 866//1561 865//1561 563//1561
f 866//1562 563//1562 562//1562
f 848//1563 579//1563 849//1563
f 848//1564 581//1564 580//1564
f 848//1565 580//1565 579//1565
f 867//1566 562//1566 561//1566
f 867//1567 866//1567 562//1567
f 847//1568 581//1568 848//1568
f 868//1569 561//1569 560//1569
f 868//1570 867//1570 561//1570
f 846//1571 582//1571 581//1571
f 846//1572 581//1572 847//1572
f 869//1573 868//1573 560//1573
f 869//1574 560//1574 559//1574
f 845//1575 583//1575 582//1575
f 845//1576 582//1576 846//1576
f 870//1577 869//1577 559//1577
f 870//1578 559//1578 558//1578
f 844//1579 584//1579 583//1579
f 844//1580 583//1580 845//1580
f 871//1581 558//1581 557//1581
f 871//1582 870//1582 558//1582
f 843//1583 585//1583 584//1583
f 843//1584 584//1584 844//1584
f 872//1585 557//1585 556//1585
f 872//1586 871//1586 557//1586
f 842//1587 586//1587 585//1587
f 842//1588 585//1588 843//1588
f 873//1589 556//1589 555//1589
f 873//1590 872//1590 556//1590
f 841//1591 586//1591 842//1591
f 841//1592 587//1592 586//1592
f 874//1593 873//1593 555//1593
f 874//1594 555//1594 554//1594
f 840//1595 588//1595 587//1595
f 840//1596 587//1596 841//1596
f 875//1597 554//1597 553//1597
f 875//1598 874//1598 554//1598
f 876//1599 553//1599 552//1599
f 876//1600 552//1600 551//1600
f 876//1601 875//1601 553//1601
f 877//1602 876//1602 551//1602
f 878//1603 877//1603 551//1603
f 878//1604 551//1604 550//1604
f 879//1605 878//1605 550//1605
f 879//1606 550//1606 549//1606
f 880//1607 879//1607 549//1607
f 880//1608 549//1608 548//1608
f 881//1609 880//1609 548//1609
f 881//1610 548//1610 547//1610
f 882//1611 881//1611 547//1611
f 882//1612 547//1612 546//1612
f 883//1613 882//1613 546//1613
f 883//1614 546//1614 545//1614
f 883//1615 545//1615 544//1615
f 884//1616 883//1616 544//1616
f 885//1617 884//1617 544//1617
f 885//1618 544//1618 543//1618
f 885//1619 543//1619 542//1619
f 886//1620 885//1620 542//1620
f 886//1621 542//1621 541//1621
f 887//1622 886//1622 541//1622
f 888//1623 887//1623 541//1623
f 888//1624 541//1624 540//1624
f 889//1625 888//1625 540//1625
f 889//1626 540//1626 539//1626
f 889//1627 539//1627 538//1627
f 890//1628 889//1628 538//1628
f 891//1629 890//1629 538//1629
f 891//1630 538//1630 537//1630
f 892//1631 891//1631 537//1631
f 892//1632 537//1632 536//1632
f 892//1633 536//1633 535//1633
f 893//1634 892//1634 535//1634
f 894//1635 893//1635 535//1635
f 894//1636 535//1636 534//1636
f 895//1637 894//1637 534//1637
f 895//1638 534//1638 533//1638
f 896//1639 895//1639 533//1639
f 896//1640 533//1640 532//1640
f 897//1641 896//1641 532//1641
f 897//1642 532//1642 531//1642
f 898//1643 897//1643 531//1643
f 898//1644 531//1644 530//1644
f 898//1645 530//1645 529//1645
f 899//1646 898//1646 529//1646
f 900//1647 899//1647 529//1647
f 900//1648 529//1648 528//1648
f 901//1649 900//1649 528//1649
f 901//1650 528//1650 527//1650
f 902//1651 901//1651 527//1651
f 902//1652 527//1652 526//1652
f 903//1653 902//1653 526//1653
f 903//1654 526//1654 525//1654
f 903//1655 525//1655 524//1655
f 904//1656 903//1656 524//1656
f 905//1657 904//1657 524//1657
f 905//1658 524//1658 523//1658
f 905//1659 523//1659 522//1659
f 906//1660 905//1660 522//1660
f 906//1661 522//1661 521//1661
f 907//1662 521//1662 520//1662
f 907//1663 906//1663 521//1663
f 908//1664 907//1664 520//1664
f 909//1665 520//1665 519//1665
f 909//1666 908//1666 520//1666
f 910//1667 519//1667 518//1667
f 910//1668 518//1668 517//1668
f 910//1669 909//1669 519//1669
f 911//1670 910//1670 517//1670
f 912//1671 517//1671 516//1671
f 912//1672 911//1672 517//1672
f 913//1673 516//1673 515//1673
f 913//1674 912//1674 516//1674
f 914//1675 515//1675 514//1675
f 914//1676 514//1676 513//1676
f 914//1677 913//1677 515//1677
f 915//1678 513//1678 512//1678
f 915//1679 914//1679 513//1679
f 916//1680 512//1680 511//1680
f 916//1681 915//1681 512//1681
f 917//1682 916//1682 511//1682
f 918//1683 511//1683 510//1683
f 918//1684 917//1684 511//1684
f 919//1685 510//1685 509//1685
f 919//1686 918//1686 510//1686
f 920//1687 509//1687 508//1687
f 920//1688 919//1688 509//1688
f 921//1689 508//1689 507//1689
f 921//1690 920//1690 508//1690
f 922//1691 507//1691 506//1691
f 922//1692 921//1692 507//1692
f 923//1693 506//1693 505//1693
f 923//1694 922//1694 506//1694
f 924//1695 923//1695 505//1695
f 924//1696 505//1696 504//1696
f 925//1697 504//1697 503//1697
f 925//1698 503//1698 502//1698
f 925//1699 924//1699 504//1699
f 926//1700 925//1700 502//1700
f 927//1701 502//1701 501//1701
f 927//1702 926//1702 502//1702
f 928//1703 927//1703 501//1703
f 928//1704 501//1704 500//1704
f 929//1705 928//1705 500//1705
f 929//1706 500//1706 499//1706
f 930//1707 929//1707 499//1707
f 930//1708 499//1708 498//1708
f 931//1709 498//1709 497//1709
f 931//1710 930//1710 498//1710
f 474//1711 777//1711 776//1711
f 474//1712 776//1712 775//1712
f 474//1713 775//1713 774//1713
f 474//1714 774//1714 773//1714
f 474//1715 773//1715 772//1715
f 474//1716 772//1716 771//1716
f 474//1717 832//1717 831//1717
f 474//1718 831//1718 830//1718
f 474//1719 830//1719 829//1719
f 474//1720 829//1720 828//1720
f 474//1721 828//1721 827//1721
f 474//1722 827//1722 826//1722
f 474//1723 826//1723 825//1723
f 474//1724 825//1724 824//1724
f 474//1725 824//1725 823//1725
f 474//1726 823//1726 822//1726
f 474//1727 822//1727 821//1727
f 474//1728 821//1728 820//1728
f 474//1729 820//1729 819//1729
f 474//1730 819//1730 818//1730
f 474//1731 818//1731 817//1731
f 474//1732 817//1732 816//1732
f 474//1733 816//1733 815//1733
f 474//1734 815//1734 814//1734
f 474//1735 814//1735 813//1735
f 474//1736 813//1736 812//1736
f 474//1737 812//1737 811//1737
f 474//1738 811//1738 810//1738
f 474//1739 810//1739 809//1739
f 474//1740 809//1740 808//1740
f 474//1741 808//1741 807//1741
f 474//1742 807//1742 806//1742
f 474//1743 806//1743 805//1743
f 474//1744 805//1744 804//1744
f 474//1745 804//1745 803//1745
f 474//1746 803//1746 802//1746
f 474//1747 802//1747 801//1747
f 474//1748 801//1748 800//1748
f 474//1749 800//1749 799//1749
f 474//1750 799//1750 798//1750
f 474//1751 798//1751 797//1751
f 474//1752 797//1752 796//1752
f 474//1753 796//1753 795//1753
f 474//1754 795//1754 794//1754
f 474//1755 794//1755 793//1755
f 474//1756 793//1756 792//1756
f 474//1757 792//1757 791//1757
f 474//1758 791//1758 790//1758
f 474//1759 790//1759 789//1759
f 474//1760 789//1760 788//1760
f 474//1761 788//1761 787//1761
f 474//1762 787//1762 786//1762
f 474//1763 786//1763 785//1763
f 474//1764 785//1764 784//1764
f 474//1765 784//1765 783//1765
f 474//1766 783//1766 782//1766
f 474//1767 782//1767 781//1767
f 474//1768 781//1768 780//1768
f 474//1769 780//1769 779//1769
f 474//1770 779//1770 778//1770
f 474//1771 778//1771 777//1771
f 946//1772 771//1772 770//1772
f 946//1773 770//1773 769//1773
f 946//1774 769//1774 768//1774
f 946//1775 768//1775 767//1775
f 946//1776 767//1776 766//1776
f 946//1777 766//1777 765//1777
f 946//1778 765//1778 764//1778
f 946//1779 764//1779 763//1779
f 946//1780 763//1780 762//1780
f 946//1781 762//1781 761//1781
f 946//1782 761//1782 760//1782
f 946//1783 760//1783 759//1783
f 946//1784 759//1784 758//1784
f 946//1785 758//1785 757//1785
f 946//1786 757//1786 756//1786
f 946//1787 756//1787 755//1787
f 946//1788 755//1788 754//1788
f 946//1789 754//1789 753//1789
f 946//1790 753//1790 752//1790
f 946//1791 752//1791 751//1791
f 946//1792 751//1792 750//1792
f 946//1793 474//1793 771//1793
f 946//1794 750//1794 749//1794
f 946//1795 749//1795 748//1795
f 946//1796 748//1796 747//1796
f 946//1797 747//1797 746//1797
f 946//1798 746//1798 745//1798
f 946//1799 745//1799 744//1799
f 946//1800 744//1800 743//1800
f 946//1801 743//1801 742//1801
f 946//1802 742//1802 741//1802
f 946//1803 714//1803 942//1803
f 946//1804 741//1804 740//1804
f 946//1805 942//1805 941//1805
f 946//1806 740//1806 739//1806
f 946//1807 941//1807 940//1807
f 946//1808 739//1808 738//1808
f 946//1809 940//1809 939//1809
f 946//1810 738//1810 737//1810
f 946//1811 737//1811 736//1811
f 946//1812 736//1812 735//1812
f 946//1813 735//1813 734//1813
f 946//1814 734//1814 733//1814
f 946//1815 733//1815 732//1815
f 946//1816 732//1816 731//1816
f 946//1817 731//1817 730//1817
f 946//1818 730//1818 729//1818
f 946//1819 729//1819 728//1819
f 946//1820 728//1820 727//1820
f 946//1821 727//1821 726//1821
f 946//1822 726//1822 725//1822
f 946//1823 725//1823 724//1823
f 946//1824 724//1824 723//1824
f 946//1825 723//1825 722//1825
f 946//1826 722//1826 721//1826
f 946//1827 721//1827 720//1827
f 946//1828 720//1828 719//1828
f 946//1829 719//1829 718//1829
f 946//1830 718//1830 717//1830
f 946//1831 717//1831 716//1831
f 946//1832 716//1832 715//1832
f 946//1833 715//1833 714//1833
f 947//1834 943//1834 474//1834
f 947//1835 474//1835 946//1835
f 474//1836 473//1836 597//1836
f 474//1837 597//1837 596//1837
f 474//1838 596//1838 595//1838
f 474//1839 595//1839 594//1839
f 474//1840 594//1840 593//1840
f 474//1841 593//1841 592//1841
f 474//1842 592//1842 591//1842
f 474//1843 591//1843 590//1843
f 474//1844 590//1844 589//1844
f 474//1845 589//1845 588//1845
f 474//1846 588//1846 832//1846
f 832//1847 588//1847 833//1847
f 833//1848 588//1848 834//1848
f 834//1849 588//1849 835//1849
f 835//1850 588//1850 836//1850
f 836//1851 588//1851 837//1851
f 837//1852 588//1852 838//1852
f 838//1853 588//1853 839//1853
f 839//1854 588//1854 840//1854
f 944//1855 946//1855 487//1855
f 487//1856 946//1856 488//1856
f 488//1857 946//1857 489//1857
f 489//1858 946//1858 490//1858
f 490//1859 946//1859 491//1859
f 491//1860 946//1860 492//1860
f 492//1861 946//1861 493//1861
f 493//1862 946//1862 494//1862
f 494//1863 946//1863 495//1863
f 495//1864 946//1864 496//1864
f 496//1865 946//1865 497//1865
f 497//1866 946//1866 939//1866
f 497//1867 939//1867 938//1867
f 497//1868 938//1868 937//1868
f 497//1869 937//1869 936//1869
f 497//1870 936//1870 935//1870
f 497//1871 935//1871 934//1871
f 497//1872 934//1872 933//1872
f 497//1873 933//1873 932//1873
f 497//1874 932//1874 931//1874
f 6//1875 945//1875 475//1875
f 6//1876 476//1876 945//1876
f 947//1877 471//1877 943//1877
f 477//1878 471//1878 947//1878
f 476//1879 481//1879 944//1879
f 476//1880 944//1880 945//1880
f 482//1881 477//1881 946//1881
f 946//1882 477//1882 947//1882
f 481//1883 946//1883 944//1883
f 481//1884 482//1884 946//1884
