# Created by FreeCAD <http://www.freecad.org>
v 1.000000 -4.000000 0.000000
v 1.000000 -4.000000 0.400000
v 1.000000 -0.500000 0.000000
v 1.000000 -0.500000 0.400000
v 3.000000 -4.000000 2.400000
v 1.000000 -4.000000 -6.000000
v 31.000000 -4.000000 0.000000
v 31.000000 -4.000000 0.400000
v 29.000000 -4.000000 2.400000
v 31.000000 -4.000000 -6.000000
v -4.000000 1.000000 0.000000
v 0.000000 5.000000 0.000000
v -4.000000 6.500000 0.000000
v 0.000000 6.500000 0.000000
v 5.000000 5.000000 0.000000
v 14.620143 10.552245 0.000000
v 14.580944 10.590645 0.000000
v 14.542814 10.630106 0.000000
v 14.660380 10.514935 0.000000
v 14.505781 10.670598 0.000000
v 14.701626 10.478743 0.000000
v 14.469872 10.712090 0.000000
v 14.743849 10.443696 0.000000
v 14.435116 10.754553 0.000000
v 14.787017 10.409820 0.000000
v 14.401537 10.797953 0.000000
v 14.831099 10.377142 0.000000
v 14.369162 10.842257 0.000000
v 14.876060 10.345685 0.000000
v 14.338014 10.887434 0.000000
v 14.921867 10.315474 0.000000
v 14.308118 10.933448 0.000000
v 14.968487 10.286530 0.000000
v 14.279494 10.980265 0.000000
v 15.015882 10.258876 0.000000
v 14.252167 11.027849 0.000000
v 15.064019 10.232533 0.000000
v 14.226154 11.076165 0.000000
v 15.112860 10.207520 0.000000
v 14.201477 11.125176 0.000000
v 15.162369 10.183857 0.000000
v 14.178154 11.174847 0.000000
v 15.212508 10.161561 0.000000
v 14.156203 11.225138 0.000000
v 15.263241 10.140649 0.000000
v 14.135639 11.276011 0.000000
v 15.314528 10.121137 0.000000
v 14.116479 11.327432 0.000000
v 15.366330 10.103039 0.000000
v 14.098737 11.379357 0.000000
v 15.418611 10.086369 0.000000
v 14.082425 11.431750 0.000000
v 15.471328 10.071138 0.000000
v 14.067558 11.484571 0.000000
v 15.524443 10.057362 0.000000
v 14.054145 11.537780 0.000000
v 15.577916 10.045046 0.000000
v 14.042196 11.591336 0.000000
v 15.631708 10.034203 0.000000
v 14.031722 11.645201 0.000000
v 15.685776 10.024838 0.000000
v 14.022730 11.699332 0.000000
v 15.740081 10.016961 0.000000
v 14.015225 11.753690 0.000000
v 15.794581 10.010577 0.000000
v 14.009215 11.808232 0.000000
v 15.849236 10.005691 0.000000
v 14.004704 11.862920 0.000000
v 15.904006 10.002305 0.000000
v 14.001694 11.917710 0.000000
v 15.958847 10.000423 0.000000
v 14.000188 11.972564 0.000000
v 16.013720 10.000047 0.000000
v 14.000188 12.027436 0.000000
v 14.001694 12.082290 0.000000
v 14.004704 12.137080 0.000000
v 14.009215 12.191768 0.000000
v 14.015225 12.246310 0.000000
v 14.022730 12.300668 0.000000
v 14.031722 12.354799 0.000000
v 14.042196 12.408664 0.000000
v 27.000000 5.000000 0.000000
v 16.068581 10.001176 0.000000
v 16.123390 10.003810 0.000000
v 16.178108 10.007946 0.000000
v 16.232691 10.013582 0.000000
v 16.287098 10.020714 0.000000
v 16.341290 10.029335 0.000000
v 16.395226 10.039439 0.000000
v 16.448862 10.051020 0.000000
v 16.502161 10.064068 0.000000
v 16.555084 10.078573 0.000000
v 16.607588 10.094524 0.000000
v 16.659634 10.111910 0.000000
v 16.711184 10.130717 0.000000
v 16.762197 10.150931 0.000000
v 16.812637 10.172537 0.000000
v 16.862467 10.195519 0.000000
v 16.911646 10.219859 0.000000
v 16.960140 10.245540 0.000000
v 17.007910 10.272540 0.000000
v 17.054922 10.300841 0.000000
v 17.101139 10.330421 0.000000
v 17.146528 10.361259 0.000000
v 17.191053 10.393330 0.000000
v 17.234684 10.426610 0.000000
v 17.277384 10.461074 0.000000
v 17.319120 10.496697 0.000000
v 17.359867 10.533452 0.000000
v 17.399588 10.571311 0.000000
v 17.438255 10.610245 0.000000
v 17.475842 10.650225 0.000000
v 17.512316 10.691221 0.000000
v 17.999247 12.054868 0.000000
v 18.000000 12.000000 0.000000
v 17.547651 10.733203 0.000000
v 17.996990 12.109694 0.000000
v 17.581821 10.776138 0.000000
v 17.993229 12.164439 0.000000
v 17.614803 10.819994 0.000000
v 17.987967 12.219060 0.000000
v 17.646566 10.864739 0.000000
v 17.981209 12.273515 0.000000
v 17.677092 10.910338 0.000000
v 17.972960 12.327765 0.000000
v 17.706354 10.956758 0.000000
v 17.963224 12.381767 0.000000
v 17.734333 11.003963 0.000000
v 17.761005 11.051917 0.000000
v 17.786352 11.100586 0.000000
v 17.810354 11.149931 0.000000
v 17.832994 11.199917 0.000000
v 17.854254 11.250504 0.000000
v 17.874117 11.301656 0.000000
v 17.892570 11.353333 0.000000
v 17.909599 11.405498 0.000000
v 17.925190 11.458110 0.000000
v 17.939331 11.511129 0.000000
v 17.952013 11.564517 0.000000
v 17.963224 11.618233 0.000000
v 17.972960 11.672235 0.000000
v 17.981209 11.726485 0.000000
v 17.987967 11.780940 0.000000
v 17.993229 11.835561 0.000000
v 17.996990 11.890306 0.000000
v 17.999247 11.945132 0.000000
v 0.000000 34.000000 0.000000
v -4.000000 36.878681 0.000000
v -4.000000 32.500000 0.000000
v 0.000000 32.500000 0.000000
v 36.000000 1.000000 0.000000
v 31.000000 -0.500000 0.000000
v 32.000000 5.000000 0.000000
v 5.000000 34.000000 0.000000
v 15.064019 13.767467 0.000000
v 15.112860 13.792480 0.000000
v 15.015882 13.741124 0.000000
v 14.968487 13.713470 0.000000
v 14.921867 13.684526 0.000000
v 14.876060 13.654315 0.000000
v 14.831099 13.622858 0.000000
v 14.787017 13.590180 0.000000
v 14.743849 13.556304 0.000000
v 14.701626 13.521257 0.000000
v 14.660380 13.485065 0.000000
v 14.620143 13.447755 0.000000
v 14.580944 13.409355 0.000000
v 36.000000 6.500000 0.000000
v 32.000000 6.500000 0.000000
v 5.000000 39.000000 0.000000
v 1.621320 42.500000 0.000000
v 5.000000 41.000000 0.000000
v 6.000000 42.000000 0.000000
v 14.620143 34.552246 0.000000
v 14.580944 34.590645 0.000000
v 14.542814 34.630104 0.000000
v 14.660380 34.514935 0.000000
v 14.505781 34.670597 0.000000
v 14.701626 34.478745 0.000000
v 14.469872 34.712090 0.000000
v 14.743849 34.443695 0.000000
v 14.435116 34.754555 0.000000
v 14.787017 34.409821 0.000000
v 14.401537 34.797955 0.000000
v 14.831099 34.377140 0.000000
v 14.369162 34.842258 0.000000
v 14.876060 34.345684 0.000000
v 14.338014 34.887436 0.000000
v 14.921867 34.315472 0.000000
v 14.308118 34.933449 0.000000
v 14.968487 34.286530 0.000000
v 14.279494 34.980263 0.000000
v 15.015882 34.258877 0.000000
v 14.252167 35.027847 0.000000
v 15.064019 34.232533 0.000000
v 14.226154 35.076164 0.000000
v 15.112860 34.207520 0.000000
v 14.201477 35.125175 0.000000
v 15.162369 34.183857 0.000000
v 15.162369 13.816143 0.000000
v 15.212508 13.838439 0.000000
v 14.178154 35.174847 0.000000
v 15.212508 34.161560 0.000000
v 14.156203 35.225136 0.000000
v 15.263241 34.140648 0.000000
v 15.263241 13.859351 0.000000
v 14.135639 35.276012 0.000000
v 15.314528 34.121136 0.000000
v 15.314528 13.878863 0.000000
v 15.366330 13.896961 0.000000
v 14.116479 35.327431 0.000000
v 15.366330 34.103039 0.000000
v 15.418611 13.913631 0.000000
v 14.098737 35.379356 0.000000
v 15.418611 34.086369 0.000000
v 14.082425 35.431751 0.000000
v 15.471328 34.071140 0.000000
v 15.471328 13.928862 0.000000
v 14.067558 35.484570 0.000000
v 15.524443 34.057362 0.000000
v 15.524443 13.942638 0.000000
v 15.577916 13.954954 0.000000
v 14.054145 35.537781 0.000000
v 15.577916 34.045048 0.000000
v 14.042196 35.591335 0.000000
v 15.631708 34.034203 0.000000
v 15.631708 13.965797 0.000000
v 15.685776 13.975162 0.000000
v 15.685776 34.024837 0.000000
v 15.740081 34.016960 0.000000
v 15.740081 13.983039 0.000000
v 15.794581 34.010578 0.000000
v 15.794581 13.989423 0.000000
v 15.849236 34.005692 0.000000
v 15.849236 13.994309 0.000000
v 15.904006 34.002304 0.000000
v 15.904006 13.997695 0.000000
v 15.958847 34.000423 0.000000
v 15.958847 13.999577 0.000000
v 11.000000 39.000000 0.000000
v 14.001694 35.917709 0.000000
v 14.000188 35.972565 0.000000
v 14.004704 35.862919 0.000000
v 14.009215 35.808231 0.000000
v 14.015225 35.753689 0.000000
v 14.022730 35.699333 0.000000
v 14.031722 35.645199 0.000000
v 16.013720 34.000046 0.000000
v 16.013720 13.999953 0.000000
v 16.068581 13.998824 0.000000
v 14.000188 36.027435 0.000000
v 16.068581 34.001175 0.000000
v 14.001694 36.082291 0.000000
v 16.123390 34.003811 0.000000
v 16.123390 13.996190 0.000000
v 14.004704 36.137081 0.000000
v 16.178108 34.007946 0.000000
v 16.178108 13.992054 0.000000
v 14.009215 36.191769 0.000000
v 16.232691 34.013584 0.000000
v 16.232691 13.986418 0.000000
v 16.287098 13.979286 0.000000
v 14.015225 36.246311 0.000000
v 16.287098 34.020714 0.000000
v 16.341290 13.970665 0.000000
v 14.022730 36.300667 0.000000
v 16.341290 34.029335 0.000000
v 14.031722 36.354801 0.000000
v 16.395226 34.039440 0.000000
v 16.395226 13.960561 0.000000
v 14.042196 36.408665 0.000000
v 16.448862 34.051022 0.000000
v 16.448862 13.948980 0.000000
v 14.054145 36.462219 0.000000
v 16.502161 34.064068 0.000000
v 16.502161 13.935932 0.000000
v 14.067558 36.515430 0.000000
v 16.555084 34.078571 0.000000
v 16.555084 13.921427 0.000000
v 14.082425 36.568249 0.000000
v 16.607588 34.094524 0.000000
v 16.607588 13.905476 0.000000
v 16.659634 13.888090 0.000000
v 14.098737 36.620644 0.000000
v 16.659634 34.111912 0.000000
v 14.116479 36.672569 0.000000
v 16.711184 34.130718 0.000000
v 16.711184 13.869283 0.000000
v 16.762197 13.849069 0.000000
v 14.135639 36.723988 0.000000
v 16.762197 34.150932 0.000000
v 16.812637 13.827463 0.000000
v 14.156203 36.774864 0.000000
v 16.812637 34.172539 0.000000
v 14.178154 36.825153 0.000000
v 16.862467 34.195518 0.000000
v 16.862467 13.804481 0.000000
v 14.201477 36.874825 0.000000
v 14.226154 36.923836 0.000000
v 14.252167 36.972153 0.000000
v 14.279494 37.019737 0.000000
v 14.308118 37.066551 0.000000
v 14.338014 37.112564 0.000000
v 14.369162 37.157742 0.000000
v 14.401537 37.202045 0.000000
v 14.435116 37.245445 0.000000
v 14.469872 37.287910 0.000000
v 14.505781 37.329403 0.000000
v 14.542814 37.369896 0.000000
v 14.580944 37.409355 0.000000
v 14.620143 37.447754 0.000000
v 14.660380 37.485065 0.000000
v 14.701626 37.521255 0.000000
v 14.743849 37.556305 0.000000
v 14.787017 37.590179 0.000000
v 14.831099 37.622860 0.000000
v 14.876060 37.654316 0.000000
v 14.921867 37.684528 0.000000
v 14.968487 37.713470 0.000000
v 11.000000 41.000000 0.000000
v 15.015882 37.741123 0.000000
v 15.064019 37.767467 0.000000
v 15.112860 37.792480 0.000000
v 15.162369 37.816143 0.000000
v 15.212508 37.838440 0.000000
v 15.263241 37.859352 0.000000
v 15.314528 37.878864 0.000000
v 15.366330 37.896961 0.000000
v 15.418611 37.913631 0.000000
v 15.471328 37.928860 0.000000
v 15.524443 37.942638 0.000000
v 15.577916 37.954952 0.000000
v 15.631708 37.965797 0.000000
v 15.685776 37.975163 0.000000
v 15.740081 37.983040 0.000000
v 15.794581 37.989422 0.000000
v 15.849236 37.994308 0.000000
v 15.904006 37.997696 0.000000
v 15.958847 37.999577 0.000000
v 16.013720 37.999954 0.000000
v 21.000000 39.000000 0.000000
v 17.101139 37.669579 0.000000
v 17.146528 37.638741 0.000000
v 17.054922 37.699158 0.000000
v 17.999247 36.054867 0.000000
v 18.000000 36.000000 0.000000
v 17.996990 36.109695 0.000000
v 17.993229 36.164440 0.000000
v 17.987967 36.219059 0.000000
v 17.981209 36.273514 0.000000
v 17.972960 36.327766 0.000000
v 17.963224 36.381767 0.000000
v 17.952013 36.435482 0.000000
v 17.939331 36.488873 0.000000
v 17.925190 36.541889 0.000000
v 17.909599 36.594501 0.000000
v 17.892570 36.646667 0.000000
v 17.874117 36.698345 0.000000
v 17.854254 36.749496 0.000000
v 17.832994 36.800083 0.000000
v 17.810354 36.850067 0.000000
v 17.786352 36.899414 0.000000
v 17.761005 36.948082 0.000000
v 17.734333 36.996037 0.000000
v 17.963224 35.618233 0.000000
v 17.952013 35.564518 0.000000
v 17.706354 37.043243 0.000000
v 17.972960 35.672234 0.000000
v 17.677092 37.089661 0.000000
v 17.981209 35.726486 0.000000
v 17.646566 37.135262 0.000000
v 17.987967 35.780941 0.000000
v 17.614803 37.180004 0.000000
v 17.993229 35.835560 0.000000
v 17.581821 37.223862 0.000000
v 17.996990 35.890305 0.000000
v 17.547651 37.266796 0.000000
v 17.999247 35.945133 0.000000
v 17.512316 37.308777 0.000000
v 17.475842 37.349773 0.000000
v 17.438255 37.389755 0.000000
v 17.399588 37.428688 0.000000
v 17.359867 37.466549 0.000000
v 17.319120 37.503304 0.000000
v 17.277384 37.538925 0.000000
v 17.234684 37.573391 0.000000
v 17.191053 37.606670 0.000000
v 27.000000 34.000000 0.000000
v 16.911646 34.219860 0.000000
v 16.960140 34.245541 0.000000
v 17.007910 34.272541 0.000000
v 17.054922 34.300842 0.000000
v 17.101139 34.330421 0.000000
v 17.146528 34.361259 0.000000
v 17.191053 34.393330 0.000000
v 17.234684 34.426609 0.000000
v 17.277384 34.461075 0.000000
v 17.319120 34.496696 0.000000
v 17.399588 13.428689 0.000000
v 17.438255 13.389755 0.000000
v 17.359867 34.533451 0.000000
v 17.359867 13.466548 0.000000
v 17.319120 13.503303 0.000000
v 17.399588 34.571312 0.000000
v 17.277384 13.538926 0.000000
v 17.438255 34.610245 0.000000
v 17.234684 13.573390 0.000000
v 17.475842 34.650227 0.000000
v 17.191053 13.606670 0.000000
v 17.512316 34.691223 0.000000
v 17.146528 13.638741 0.000000
v 17.547651 34.733204 0.000000
v 17.101139 13.669579 0.000000
v 17.581821 34.776138 0.000000
v 17.054922 13.699159 0.000000
v 17.614803 34.819996 0.000000
v 17.007910 13.727460 0.000000
v 17.646566 34.864738 0.000000
v 16.960140 13.754460 0.000000
v 17.677092 34.910339 0.000000
v 16.911646 13.780141 0.000000
v 17.706354 34.956757 0.000000
v 17.734333 35.003963 0.000000
v 17.761005 35.051918 0.000000
v 17.786352 35.100586 0.000000
v 17.810354 35.149933 0.000000
v 17.832994 35.199917 0.000000
v 17.854254 35.250504 0.000000
v 17.874117 35.301655 0.000000
v 17.892570 35.353333 0.000000
v 17.909599 35.405499 0.000000
v 17.925190 35.458111 0.000000
v 17.939331 35.511127 0.000000
v 21.000000 41.000000 0.000000
v 17.007910 37.727459 0.000000
v 16.960140 37.754459 0.000000
v 16.911646 37.780140 0.000000
v 16.862467 37.804482 0.000000
v 16.812637 37.827461 0.000000
v 16.762197 37.849068 0.000000
v 16.711184 37.869282 0.000000
v 16.659634 37.888088 0.000000
v 16.607588 37.905476 0.000000
v 16.555084 37.921429 0.000000
v 16.502161 37.935932 0.000000
v 16.448862 37.948978 0.000000
v 16.395226 37.960560 0.000000
v 16.341290 37.970665 0.000000
v 16.287098 37.979286 0.000000
v 16.232691 37.986416 0.000000
v 16.178108 37.992054 0.000000
v 16.123390 37.996189 0.000000
v 16.068581 37.998825 0.000000
v 10.000000 42.000000 0.000000
v 22.000000 42.000000 0.000000
v 27.000000 39.000000 0.000000
v 32.000000 34.000000 0.000000
v 36.000000 32.500000 0.000000
v 32.000000 32.500000 0.000000
v 30.378679 42.500000 0.000000
v 26.000000 42.000000 0.000000
v 27.000000 41.000000 0.000000
v 36.000000 36.878681 0.000000
v 17.952013 12.435483 0.000000
v 17.939331 12.488871 0.000000
v 17.925190 12.541890 0.000000
v 17.909599 12.594502 0.000000
v 17.892570 12.646667 0.000000
v 17.874117 12.698344 0.000000
v 17.854254 12.749496 0.000000
v 17.832994 12.800083 0.000000
v 17.810354 12.850069 0.000000
v 17.786352 12.899414 0.000000
v 17.761005 12.948083 0.000000
v 17.734333 12.996037 0.000000
v 17.706354 13.043242 0.000000
v 17.677092 13.089662 0.000000
v 17.646566 13.135261 0.000000
v 17.614803 13.180006 0.000000
v 17.581821 13.223862 0.000000
v 17.547651 13.266797 0.000000
v 17.512316 13.308779 0.000000
v 17.475842 13.349775 0.000000
v 14.054145 12.462220 0.000000
v 14.067558 12.515429 0.000000
v 14.082425 12.568250 0.000000
v 14.098737 12.620643 0.000000
v 14.116479 12.672568 0.000000
v 14.135639 12.723989 0.000000
v 14.156203 12.774862 0.000000
v 14.178154 12.825153 0.000000
v 14.201477 12.874824 0.000000
v 14.226154 12.923835 0.000000
v 14.252167 12.972151 0.000000
v 14.279494 13.019735 0.000000
v 14.308118 13.066552 0.000000
v 14.338014 13.112566 0.000000
v 14.369162 13.157743 0.000000
v 14.401537 13.202047 0.000000
v 14.435116 13.245447 0.000000
v 14.469872 13.287910 0.000000
v 14.505781 13.329402 0.000000
v 14.542814 13.369894 0.000000
v 3.000000 -0.500000 2.400000
v 29.000000 -0.500000 2.400000
v 31.000000 -0.500000 0.400000
v -4.000000 1.000000 -6.000000
v -4.000000 6.500000 -6.000000
v 0.100000 6.500000 -6.000000
v 14.864756 10.872516 -6.000000
v 14.896114 10.841796 -6.000000
v 14.834251 10.904085 -6.000000
v 14.928304 10.811948 -6.000000
v 14.804625 10.936479 -6.000000
v 14.961301 10.782994 -6.000000
v 14.775898 10.969673 -6.000000
v 14.995079 10.754956 -6.000000
v 14.748093 11.003643 -6.000000
v 15.029613 10.727856 -6.000000
v 14.721230 11.038363 -6.000000
v 15.064878 10.701714 -6.000000
v 14.695330 11.073806 -6.000000
v 15.100848 10.676548 -6.000000
v 14.670411 11.109947 -6.000000
v 15.137494 10.652378 -6.000000
v 14.646494 11.146758 -6.000000
v 15.174789 10.629224 -6.000000
v 14.623595 11.184212 -6.000000
v 15.212707 10.607100 -6.000000
v 14.601733 11.222279 -6.000000
v 15.251215 10.586026 -6.000000
v 14.580923 11.260932 -6.000000
v 15.290288 10.566016 -6.000000
v 14.561182 11.300141 -6.000000
v 15.329895 10.547086 -6.000000
v 14.542523 11.339877 -6.000000
v 15.370007 10.529249 -6.000000
v 14.524962 11.380110 -6.000000
v 15.410593 10.512519 -6.000000
v 14.508512 11.420810 -6.000000
v 15.451622 10.496909 -6.000000
v 14.493183 11.461946 -6.000000
v 15.493064 10.482430 -6.000000
v 14.478990 11.503486 -6.000000
v 15.534888 10.469094 -6.000000
v 14.465940 11.545400 -6.000000
v 15.577063 10.456911 -6.000000
v 14.454046 11.587657 -6.000000
v 15.619555 10.445889 -6.000000
v 14.443316 11.630223 -6.000000
v 15.662333 10.436037 -6.000000
v 14.433758 11.673069 -6.000000
v 15.705366 10.427361 -6.000000
v 14.425378 11.716161 -6.000000
v 15.748621 10.419870 -6.000000
v 14.418183 11.759465 -6.000000
v 15.792065 10.413569 -6.000000
v 14.412180 11.802952 -6.000000
v 15.835666 10.408462 -6.000000
v 14.407372 11.846586 -6.000000
v 15.879390 10.404552 -6.000000
v 14.403763 11.890336 -6.000000
v 15.923204 10.401844 -6.000000
v 14.401355 11.934169 -6.000000
v 15.967077 10.400339 -6.000000
v 14.400150 11.978050 -6.000000
v 16.010975 10.400038 -6.000000
v 14.400150 12.021950 -6.000000
v 14.401355 12.065831 -6.000000
v 14.403763 12.109664 -6.000000
v 14.407372 12.153414 -6.000000
v 14.412180 12.197048 -6.000000
v 14.418183 12.240535 -6.000000
v 14.425378 12.283839 -6.000000
v 14.433758 12.326931 -6.000000
v 14.443316 12.369777 -6.000000
v 14.454046 12.412343 -6.000000
v 14.465940 12.454600 -6.000000
v 14.478990 12.496514 -6.000000
v 16.486069 10.475619 -6.000000
v 16.444067 10.462858 -6.000000
v 16.401730 10.451254 -6.000000
v 16.359091 10.440816 -6.000000
v 16.316179 10.431552 -6.000000
v 16.273031 10.423468 -6.000000
v 16.229679 10.416571 -6.000000
v 16.186152 10.410866 -6.000000
v 16.142487 10.406357 -6.000000
v 16.098713 10.403048 -6.000000
v 16.054865 10.400941 -6.000000
v 16.527706 10.489528 -6.000000
v 14.493183 12.538054 -6.000000
v 16.568947 10.504574 -6.000000
v 14.508512 12.579190 -6.000000
v 16.609758 10.520745 -6.000000
v 14.524962 12.619890 -6.000000
v 16.650110 10.538030 -6.000000
v 14.542523 12.660123 -6.000000
v 16.689974 10.556416 -6.000000
v 14.561182 12.699859 -6.000000
v 16.729317 10.575888 -6.000000
v 14.580923 12.739068 -6.000000
v 16.768112 10.596432 -6.000000
v 14.601733 12.777721 -6.000000
v 16.806328 10.618032 -6.000000
v 14.623595 12.815788 -6.000000
v 16.843937 10.640673 -6.000000
v 16.880911 10.664337 -6.000000
v 0.100000 32.500000 -6.000000
v 14.646494 12.853242 -6.000000
v 14.670411 12.890053 -6.000000
v 14.695330 12.926194 -6.000000
v 14.721230 12.961637 -6.000000
v 14.748093 12.996357 -6.000000
v 14.775898 13.030327 -6.000000
v 14.804625 13.063521 -6.000000
v 14.834251 13.095915 -6.000000
v 14.864756 13.127484 -6.000000
v 14.896114 13.158204 -6.000000
v 14.928304 13.188052 -6.000000
v 14.961301 13.217006 -6.000000
v 14.995079 13.245044 -6.000000
v 15.029613 13.272144 -6.000000
v 15.064878 13.298286 -6.000000
v 15.100848 13.323452 -6.000000
v 15.137494 13.347622 -6.000000
v 15.174789 13.370776 -6.000000
v -4.000000 32.500000 -6.000000
v -4.000000 39.000000 -6.000000
v 31.900000 6.500000 -6.000000
v 36.000000 1.000000 -6.000000
v 17.600000 12.000000 -6.000000
v 17.599398 11.956105 -6.000000
v 17.597591 11.912244 -6.000000
v 17.594584 11.868448 -6.000000
v 17.590374 11.824753 -6.000000
v 17.584967 11.781188 -6.000000
v 17.578367 11.737788 -6.000000
v 17.570580 11.694586 -6.000000
v 17.561611 11.651613 -6.000000
v 17.551464 11.608903 -6.000000
v 17.387466 12.796830 -6.000000
v 17.408804 12.758466 -6.000000
v 17.540152 11.566487 -6.000000
v 17.429081 12.719531 -6.000000
v 17.527679 11.524398 -6.000000
v 17.448284 12.680055 -6.000000
v 17.514057 11.482667 -6.000000
v 17.466394 12.640067 -6.000000
v 17.499294 11.441325 -6.000000
v 17.483402 12.599597 -6.000000
v 17.483402 11.400403 -6.000000
v 17.499294 12.558675 -6.000000
v 17.466394 11.359933 -6.000000
v 17.514057 12.517333 -6.000000
v 17.448284 11.319945 -6.000000
v 17.527679 12.475602 -6.000000
v 17.429081 11.280469 -6.000000
v 17.540152 12.433513 -6.000000
v 17.408804 11.241534 -6.000000
v 17.551464 12.391097 -6.000000
v 17.387466 11.203170 -6.000000
v 17.561611 12.348387 -6.000000
v 17.365084 11.165406 -6.000000
v 17.570580 12.305414 -6.000000
v 17.341673 11.128271 -6.000000
v 17.578367 12.262212 -6.000000
v 17.317253 11.091791 -6.000000
v 17.584967 12.218812 -6.000000
v 17.291842 11.055996 -6.000000
v 17.590374 12.175247 -6.000000
v 17.265457 11.020910 -6.000000
v 17.594584 12.131552 -6.000000
v 17.238121 10.986563 -6.000000
v 17.597591 12.087756 -6.000000
v 17.209852 10.952977 -6.000000
v 17.599398 12.043895 -6.000000
v 17.180674 10.920180 -6.000000
v 17.150604 10.888196 -6.000000
v 17.119671 10.857048 -6.000000
v 17.087893 10.826761 -6.000000
v 17.055298 10.797358 -6.000000
v 17.021906 10.768860 -6.000000
v 16.987747 10.741288 -6.000000
v 16.952843 10.714664 -6.000000
v 16.917223 10.689007 -6.000000
v 36.000000 6.500000 -6.000000
v 1.000000 44.000000 -6.000000
v 14.864756 34.872517 -6.000000
v 14.896114 34.841797 -6.000000
v 14.834251 34.904083 -6.000000
v 14.928304 34.811947 -6.000000
v 14.804625 34.936478 -6.000000
v 14.961301 34.782993 -6.000000
v 14.775898 34.969673 -6.000000
v 14.995079 34.754955 -6.000000
v 14.748093 35.003643 -6.000000
v 15.029613 34.727856 -6.000000
v 14.721230 35.038361 -6.000000
v 15.064878 34.701714 -6.000000
v 14.695330 35.073807 -6.000000
v 15.100848 34.676548 -6.000000
v 14.670411 35.109947 -6.000000
v 15.137494 34.652378 -6.000000
v 14.646494 35.146759 -6.000000
v 15.174789 34.629223 -6.000000
v 14.623595 35.184212 -6.000000
v 15.212707 34.607101 -6.000000
v 15.212707 13.392900 -6.000000
v 14.601733 35.222279 -6.000000
v 15.251215 34.586025 -6.000000
v 15.251215 13.413974 -6.000000
v 14.580923 35.260933 -6.000000
v 15.290288 34.566017 -6.000000
v 15.290288 13.433984 -6.000000
v 14.561182 35.300140 -6.000000
v 15.329895 34.547085 -6.000000
v 15.329895 13.452914 -6.000000
v 14.542523 35.339878 -6.000000
v 15.370007 34.529247 -6.000000
v 15.370007 13.470751 -6.000000
v 14.524962 35.380112 -6.000000
v 15.410593 34.512520 -6.000000
v 15.410593 13.487481 -6.000000
v 14.508512 35.420811 -6.000000
v 15.451622 34.496910 -6.000000
v 15.451622 13.503091 -6.000000
v 14.493183 35.461945 -6.000000
v 15.493064 34.482430 -6.000000
v 15.493064 13.517570 -6.000000
v 14.478990 35.503487 -6.000000
v 15.534888 34.469093 -6.000000
v 15.534888 13.530906 -6.000000
v 14.465940 35.545399 -6.000000
v 15.577063 34.456909 -6.000000
v 15.577063 13.543089 -6.000000
v 15.619555 13.554111 -6.000000
v 14.454046 35.587658 -6.000000
v 15.619555 34.445889 -6.000000
v 14.443316 35.630222 -6.000000
v 15.662333 34.436035 -6.000000
v 15.662333 13.563963 -6.000000
v 15.705366 13.572639 -6.000000
v 14.433758 35.673069 -6.000000
v 15.705366 34.427361 -6.000000
v 14.425378 35.716160 -6.000000
v 15.748621 34.419872 -6.000000
v 15.748621 13.580130 -6.000000
v 15.792065 13.586431 -6.000000
v 14.418183 35.759464 -6.000000
v 15.792065 34.413570 -6.000000
v 15.835666 13.591538 -6.000000
v 14.412180 35.802952 -6.000000
v 15.835666 34.408463 -6.000000
v 14.407372 35.846584 -6.000000
v 15.879390 34.404552 -6.000000
v 15.879390 13.595448 -6.000000
v 15.923204 13.598156 -6.000000
v 14.403763 35.890335 -6.000000
v 15.923204 34.401844 -6.000000
v 14.401355 35.934170 -6.000000
v 15.967077 34.400337 -6.000000
v 15.967077 13.599661 -6.000000
v 14.400150 35.978050 -6.000000
v 16.010975 34.400036 -6.000000
v 16.010975 13.599962 -6.000000
v 14.400150 36.021950 -6.000000
v 16.054865 34.400940 -6.000000
v 16.054865 13.599059 -6.000000
v 16.098713 13.596952 -6.000000
v 14.401355 36.065830 -6.000000
v 16.098713 34.403049 -6.000000
v 14.403763 36.109665 -6.000000
v 16.142487 34.406357 -6.000000
v 16.142487 13.593643 -6.000000
v 16.186152 13.589134 -6.000000
v 14.407372 36.153416 -6.000000
v 16.186152 34.410866 -6.000000
v 14.412180 36.197048 -6.000000
v 16.229679 34.416573 -6.000000
v 16.229679 13.583429 -6.000000
v 14.418183 36.240536 -6.000000
v 16.273031 34.423470 -6.000000
v 16.273031 13.576532 -6.000000
v 16.316179 13.568448 -6.000000
v 14.425378 36.283840 -6.000000
v 16.316179 34.431553 -6.000000
v 16.359091 13.559184 -6.000000
v 14.433758 36.326931 -6.000000
v 16.359091 34.440815 -6.000000
v 14.443316 36.369778 -6.000000
v 16.401730 34.451256 -6.000000
v 16.401730 13.548746 -6.000000
v 14.454046 36.412342 -6.000000
v 16.444067 34.462860 -6.000000
v 16.444067 13.537142 -6.000000
v 14.465940 36.454601 -6.000000
v 16.486069 34.475620 -6.000000
v 16.486069 13.524381 -6.000000
v 14.478990 36.496513 -6.000000
v 16.527706 34.489529 -6.000000
v 16.527706 13.510472 -6.000000
v 16.568947 13.495426 -6.000000
v 14.493183 36.538055 -6.000000
v 16.568947 34.504574 -6.000000
v 16.609758 13.479255 -6.000000
v 14.508512 36.579189 -6.000000
v 16.609758 34.520744 -6.000000
v 14.524962 36.619888 -6.000000
v 16.650110 34.538029 -6.000000
v 16.650110 13.461970 -6.000000
v 14.542523 36.660122 -6.000000
v 16.689974 34.556416 -6.000000
v 16.689974 13.443584 -6.000000
v 14.561182 36.699860 -6.000000
v 16.729317 34.575886 -6.000000
v 16.729317 13.424112 -6.000000
v 16.768112 13.403568 -6.000000
v 14.580923 36.739067 -6.000000
v 16.768112 34.596432 -6.000000
v 14.601733 36.777721 -6.000000
v 16.806328 34.618031 -6.000000
v 16.806328 13.381968 -6.000000
v 14.623595 36.815788 -6.000000
v 14.646494 36.853241 -6.000000
v 14.670411 36.890053 -6.000000
v 14.695330 36.926193 -6.000000
v 14.721230 36.961639 -6.000000
v 14.748093 36.996357 -6.000000
v 14.775898 37.030327 -6.000000
v 14.804625 37.063522 -6.000000
v 14.834251 37.095917 -6.000000
v 14.864756 37.127483 -6.000000
v 14.896114 37.158203 -6.000000
v 14.928304 37.188053 -6.000000
v 14.961301 37.217007 -6.000000
v 14.995079 37.245045 -6.000000
v 15.029613 37.272144 -6.000000
v 15.064878 37.298286 -6.000000
v 15.100848 37.323452 -6.000000
v 15.137494 37.347622 -6.000000
v 15.174789 37.370777 -6.000000
v 15.212707 37.392899 -6.000000
v 15.251215 37.413975 -6.000000
v 15.290288 37.433983 -6.000000
v 15.329895 37.452915 -6.000000
v 15.370007 37.470753 -6.000000
v 15.410593 37.487480 -6.000000
v 15.451622 37.503090 -6.000000
v 15.493064 37.517570 -6.000000
v 15.534888 37.530907 -6.000000
v 15.577063 37.543091 -6.000000
v 15.619555 37.554111 -6.000000
v 15.662333 37.563965 -6.000000
v 15.705366 37.572639 -6.000000
v 15.748621 37.580128 -6.000000
v 15.792065 37.586430 -6.000000
v 15.835666 37.591537 -6.000000
v 15.879390 37.595448 -6.000000
v 15.923204 37.598156 -6.000000
v 15.967077 37.599663 -6.000000
v 16.010975 37.599964 -6.000000
v 31.900000 32.500000 -6.000000
v 16.843937 13.359327 -6.000000
v 16.880911 13.335663 -6.000000
v 16.917223 13.310993 -6.000000
v 16.952843 13.285336 -6.000000
v 16.987747 13.258712 -6.000000
v 17.021906 13.231140 -6.000000
v 17.055298 13.202642 -6.000000
v 17.087893 13.173239 -6.000000
v 17.119671 13.142952 -6.000000
v 17.150604 13.111804 -6.000000
v 17.180674 13.079820 -6.000000
v 17.209852 13.047023 -6.000000
v 17.238121 13.013437 -6.000000
v 17.265457 12.979090 -6.000000
v 17.291842 12.944004 -6.000000
v 17.317253 12.908209 -6.000000
v 17.341673 12.871729 -6.000000
v 17.365084 12.834594 -6.000000
v 17.600000 36.000000 -6.000000
v 17.599398 35.956104 -6.000000
v 17.597591 35.912243 -6.000000
v 17.594584 35.868450 -6.000000
v 17.590374 35.824753 -6.000000
v 17.584967 35.781189 -6.000000
v 17.578367 35.737789 -6.000000
v 17.570580 35.694588 -6.000000
v 17.561611 35.651615 -6.000000
v 17.551464 35.608902 -6.000000
v 17.540152 35.566486 -6.000000
v 17.527679 35.524399 -6.000000
v 17.514057 35.482666 -6.000000
v 17.499294 35.441326 -6.000000
v 17.483402 35.400402 -6.000000
v 17.466394 35.359932 -6.000000
v 17.448284 35.319946 -6.000000
v 17.429081 35.280468 -6.000000
v 17.408804 35.241535 -6.000000
v 17.387466 35.203171 -6.000000
v 17.365084 35.165405 -6.000000
v 17.341673 35.128269 -6.000000
v 17.570580 36.305412 -6.000000
v 17.578367 36.262211 -6.000000
v 17.317253 35.091793 -6.000000
v 17.584967 36.218811 -6.000000
v 17.291842 35.055996 -6.000000
v 17.590374 36.175247 -6.000000
v 17.265457 35.020912 -6.000000
v 17.594584 36.131550 -6.000000
v 17.238121 34.986561 -6.000000
v 17.597591 36.087757 -6.000000
v 17.209852 34.952976 -6.000000
v 17.599398 36.043896 -6.000000
v 17.180674 34.920181 -6.000000
v 17.150604 34.888195 -6.000000
v 17.119671 34.857048 -6.000000
v 17.087893 34.826763 -6.000000
v 17.055298 34.797359 -6.000000
v 17.021906 34.768860 -6.000000
v 16.987747 34.741287 -6.000000
v 16.952843 34.714664 -6.000000
v 16.917223 34.689007 -6.000000
v 16.880911 34.664337 -6.000000
v 16.843937 34.640675 -6.000000
v 36.000000 39.000000 -6.000000
v 36.000000 32.500000 -6.000000
v 31.000000 44.000000 -6.000000
v 16.054865 37.599060 -6.000000
v 16.098713 37.596951 -6.000000
v 16.142487 37.593643 -6.000000
v 16.186152 37.589134 -6.000000
v 16.229679 37.583427 -6.000000
v 16.273031 37.576530 -6.000000
v 16.316179 37.568447 -6.000000
v 16.359091 37.559185 -6.000000
v 16.401730 37.548744 -6.000000
v 16.444067 37.537140 -6.000000
v 16.486069 37.524380 -6.000000
v 16.527706 37.510471 -6.000000
v 16.568947 37.495426 -6.000000
v 16.609758 37.479256 -6.000000
v 16.650110 37.461971 -6.000000
v 16.689974 37.443584 -6.000000
v 16.729317 37.424114 -6.000000
v 16.768112 37.403568 -6.000000
v 16.806328 37.381969 -6.000000
v 16.843937 37.359325 -6.000000
v 16.880911 37.335663 -6.000000
v 16.917223 37.310993 -6.000000
v 16.952843 37.285336 -6.000000
v 16.987747 37.258713 -6.000000
v 17.021906 37.231140 -6.000000
v 17.055298 37.202641 -6.000000
v 17.087893 37.173237 -6.000000
v 17.119671 37.142952 -6.000000
v 17.150604 37.111805 -6.000000
v 17.180674 37.079819 -6.000000
v 17.209852 37.047024 -6.000000
v 17.238121 37.013439 -6.000000
v 17.265457 36.979088 -6.000000
v 17.291842 36.944004 -6.000000
v 17.317253 36.908207 -6.000000
v 17.341673 36.871731 -6.000000
v 17.365084 36.834595 -6.000000
v 17.387466 36.796829 -6.000000
v 17.408804 36.758465 -6.000000
v 17.429081 36.719532 -6.000000
v 17.448284 36.680054 -6.000000
v 17.466394 36.640068 -6.000000
v 17.483402 36.599598 -6.000000
v 17.499294 36.558674 -6.000000
v 17.514057 36.517334 -6.000000
v 17.527679 36.475601 -6.000000
v 17.540152 36.433514 -6.000000
v 17.551464 36.391098 -6.000000
v 17.561611 36.348385 -6.000000
v 0.000000 5.000000 -2.000000
v 0.000000 6.500000 -2.000000
v 5.000000 5.000000 -2.000000
v 5.000000 34.000000 -2.000000
v 0.000000 34.000000 -2.000000
v 0.000000 32.500000 -2.000000
v 0.100000 32.500000 -2.000000
v -4.000000 39.000000 -1.500000
v 1.000000 44.000000 -1.500000
v 31.000000 44.000000 -1.500000
v 36.000000 39.000000 -1.500000
v 32.000000 32.500000 -2.000000
v 31.900000 32.500000 -2.000000
v 32.000000 34.000000 -2.000000
v 27.000000 34.000000 -2.000000
v 27.000000 5.000000 -2.000000
v 32.000000 5.000000 -2.000000
v 32.000000 6.500000 -2.000000
v 31.900000 6.500000 -2.000000
v 0.100000 6.500000 -2.000000
v 17.999247 12.054868 -4.000000
v 18.000000 12.000000 -4.000000
v 17.996990 12.109694 -4.000000
v 17.993229 12.164439 -4.000000
v 17.987967 12.219060 -4.000000
v 17.981209 12.273515 -4.000000
v 17.972960 12.327765 -4.000000
v 17.963224 12.381767 -4.000000
v 17.952013 12.435483 -4.000000
v 17.939331 12.488871 -4.000000
v 17.925190 12.541890 -4.000000
v 17.909599 12.594502 -4.000000
v 17.892570 12.646667 -4.000000
v 17.874117 12.698344 -4.000000
v 17.854254 12.749496 -4.000000
v 17.832994 12.800083 -4.000000
v 17.810354 12.850069 -4.000000
v 17.786352 12.899414 -4.000000
v 17.761005 12.948083 -4.000000
v 17.734333 12.996037 -4.000000
v 17.706354 13.043242 -4.000000
v 17.677092 13.089662 -4.000000
v 17.646566 13.135261 -4.000000
v 17.614803 13.180006 -4.000000
v 17.581821 13.223862 -4.000000
v 17.547651 13.266797 -4.000000
v 17.512316 13.308779 -4.000000
v 17.475842 13.349775 -4.000000
v 17.438255 13.389755 -4.000000
v 17.399588 13.428689 -4.000000
v 17.359867 13.466548 -4.000000
v 17.319120 13.503303 -4.000000
v 17.277384 13.538926 -4.000000
v 17.234684 13.573390 -4.000000
v 17.191053 13.606670 -4.000000
v 17.146528 13.638741 -4.000000
v 17.101139 13.669579 -4.000000
v 17.054922 13.699159 -4.000000
v 17.007910 13.727460 -4.000000
v 16.960140 13.754460 -4.000000
v 16.911646 13.780141 -4.000000
v 16.862467 13.804481 -4.000000
v 16.812637 13.827463 -4.000000
v 16.762197 13.849069 -4.000000
v 16.711184 13.869283 -4.000000
v 16.659634 13.888090 -4.000000
v 16.607588 13.905476 -4.000000
v 16.555084 13.921427 -4.000000
v 16.502161 13.935932 -4.000000
v 16.448862 13.948980 -4.000000
v 16.395226 13.960561 -4.000000
v 16.341290 13.970665 -4.000000
v 16.287098 13.979286 -4.000000
v 16.232691 13.986418 -4.000000
v 16.178108 13.992054 -4.000000
v 16.123390 13.996190 -4.000000
v 16.068581 13.998824 -4.000000
v 16.013720 13.999953 -4.000000
v 15.958847 13.999577 -4.000000
v 15.904006 13.997695 -4.000000
v 15.849236 13.994309 -4.000000
v 15.794581 13.989423 -4.000000
v 15.740081 13.983039 -4.000000
v 15.685776 13.975162 -4.000000
v 15.631708 13.965797 -4.000000
v 15.577916 13.954954 -4.000000
v 15.524443 13.942638 -4.000000
v 15.471328 13.928862 -4.000000
v 15.418611 13.913631 -4.000000
v 15.366330 13.896961 -4.000000
v 15.314528 13.878863 -4.000000
v 15.263241 13.859351 -4.000000
v 15.212508 13.838439 -4.000000
v 15.162369 13.816143 -4.000000
v 15.112860 13.792480 -4.000000
v 15.064019 13.767467 -4.000000
v 15.015882 13.741124 -4.000000
v 14.968487 13.713470 -4.000000
v 14.921867 13.684526 -4.000000
v 14.876060 13.654315 -4.000000
v 14.831099 13.622858 -4.000000
v 14.787017 13.590180 -4.000000
v 14.743849 13.556304 -4.000000
v 14.701626 13.521257 -4.000000
v 14.660380 13.485065 -4.000000
v 14.620143 13.447755 -4.000000
v 14.580944 13.409355 -4.000000
v 14.542814 13.369894 -4.000000
v 14.505781 13.329402 -4.000000
v 14.469872 13.287910 -4.000000
v 14.435116 13.245447 -4.000000
v 14.401537 13.202047 -4.000000
v 14.369162 13.157743 -4.000000
v 14.338014 13.112566 -4.000000
v 14.308118 13.066552 -4.000000
v 14.279494 13.019735 -4.000000
v 14.252167 12.972151 -4.000000
v 14.226154 12.923835 -4.000000
v 14.201477 12.874824 -4.000000
v 14.178154 12.825153 -4.000000
v 14.156203 12.774862 -4.000000
v 14.135639 12.723989 -4.000000
v 14.116479 12.672568 -4.000000
v 14.098737 12.620643 -4.000000
v 14.082425 12.568250 -4.000000
v 14.067558 12.515429 -4.000000
v 14.054145 12.462220 -4.000000
v 14.042196 12.408664 -4.000000
v 14.031722 12.354799 -4.000000
v 14.022730 12.300668 -4.000000
v 14.015225 12.246310 -4.000000
v 14.009215 12.191768 -4.000000
v 14.004704 12.137080 -4.000000
v 14.001694 12.082290 -4.000000
v 14.000188 12.027436 -4.000000
v 14.000188 11.972564 -4.000000
v 14.001694 11.917710 -4.000000
v 14.004704 11.862920 -4.000000
v 14.009215 11.808232 -4.000000
v 14.015225 11.753690 -4.000000
v 14.022730 11.699332 -4.000000
v 14.031722 11.645201 -4.000000
v 14.042196 11.591336 -4.000000
v 14.054145 11.537780 -4.000000
v 14.067558 11.484571 -4.000000
v 14.082425 11.431750 -4.000000
v 14.098737 11.379357 -4.000000
v 14.116479 11.327432 -4.000000
v 14.135639 11.276011 -4.000000
v 14.156203 11.225138 -4.000000
v 14.178154 11.174847 -4.000000
v 14.201477 11.125176 -4.000000
v 14.226154 11.076165 -4.000000
v 14.252167 11.027849 -4.000000
v 14.279494 10.980265 -4.000000
v 14.308118 10.933448 -4.000000
v 14.338014 10.887434 -4.000000
v 14.369162 10.842257 -4.000000
v 14.401537 10.797953 -4.000000
v 14.435116 10.754553 -4.000000
v 14.469872 10.712090 -4.000000
v 14.505781 10.670598 -4.000000
v 14.542814 10.630106 -4.000000
v 14.580944 10.590645 -4.000000
v 14.620143 10.552245 -4.000000
v 14.660380 10.514935 -4.000000
v 14.701626 10.478743 -4.000000
v 14.743849 10.443696 -4.000000
v 14.787017 10.409820 -4.000000
v 14.831099 10.377142 -4.000000
v 14.876060 10.345685 -4.000000
v 14.921867 10.315474 -4.000000
v 14.968487 10.286530 -4.000000
v 15.015882 10.258876 -4.000000
v 15.064019 10.232533 -4.000000
v 15.112860 10.207520 -4.000000
v 15.162369 10.183857 -4.000000
v 15.212508 10.161561 -4.000000
v 15.263241 10.140649 -4.000000
v 15.314528 10.121137 -4.000000
v 15.366330 10.103039 -4.000000
v 15.418611 10.086369 -4.000000
v 15.471328 10.071138 -4.000000
v 15.524443 10.057362 -4.000000
v 15.577916 10.045046 -4.000000
v 15.631708 10.034203 -4.000000
v 15.685776 10.024838 -4.000000
v 15.740081 10.016961 -4.000000
v 15.794581 10.010577 -4.000000
v 15.849236 10.005691 -4.000000
v 15.904006 10.002305 -4.000000
v 15.958847 10.000423 -4.000000
v 16.013720 10.000047 -4.000000
v 16.068581 10.001176 -4.000000
v 16.123390 10.003810 -4.000000
v 16.178108 10.007946 -4.000000
v 16.232691 10.013582 -4.000000
v 16.287098 10.020714 -4.000000
v 16.341290 10.029335 -4.000000
v 16.395226 10.039439 -4.000000
v 16.448862 10.051020 -4.000000
v 16.502161 10.064068 -4.000000
v 16.555084 10.078573 -4.000000
v 16.607588 10.094524 -4.000000
v 16.659634 10.111910 -4.000000
v 16.711184 10.130717 -4.000000
v 16.762197 10.150931 -4.000000
v 16.812637 10.172537 -4.000000
v 16.862467 10.195519 -4.000000
v 16.911646 10.219859 -4.000000
v 16.960140 10.245540 -4.000000
v 17.007910 10.272540 -4.000000
v 17.054922 10.300841 -4.000000
v 17.101139 10.330421 -4.000000
v 17.146528 10.361259 -4.000000
v 17.191053 10.393330 -4.000000
v 17.234684 10.426610 -4.000000
v 17.277384 10.461074 -4.000000
v 17.319120 10.496697 -4.000000
v 17.359867 10.533452 -4.000000
v 17.399588 10.571311 -4.000000
v 17.438255 10.610245 -4.000000
v 17.475842 10.650225 -4.000000
v 17.512316 10.691221 -4.000000
v 17.547651 10.733203 -4.000000
v 17.581821 10.776138 -4.000000
v 17.614803 10.819994 -4.000000
v 17.646566 10.864739 -4.000000
v 17.677092 10.910338 -4.000000
v 17.706354 10.956758 -4.000000
v 17.734333 11.003963 -4.000000
v 17.761005 11.051917 -4.000000
v 17.786352 11.100586 -4.000000
v 17.810354 11.149931 -4.000000
v 17.832994 11.199917 -4.000000
v 17.854254 11.250504 -4.000000
v 17.874117 11.301656 -4.000000
v 17.892570 11.353333 -4.000000
v 17.909599 11.405498 -4.000000
v 17.925190 11.458110 -4.000000
v 17.939331 11.511129 -4.000000
v 17.952013 11.564517 -4.000000
v 17.963224 11.618233 -4.000000
v 17.972960 11.672235 -4.000000
v 17.981209 11.726485 -4.000000
v 17.987967 11.780940 -4.000000
v 17.993229 11.835561 -4.000000
v 17.996990 11.890306 -4.000000
v 17.999247 11.945132 -4.000000
v 5.000000 39.000000 3.600000
v 5.000000 41.000000 3.600000
v 6.000000 42.000000 3.600000
v 11.000000 39.000000 3.600000
v 10.000000 42.000000 3.600000
v 11.000000 41.000000 3.600000
v 17.999247 36.054867 -4.000000
v 18.000000 36.000000 -4.000000
v 17.996990 36.109695 -4.000000
v 17.993229 36.164440 -4.000000
v 17.987967 36.219059 -4.000000
v 17.981209 36.273514 -4.000000
v 17.972960 36.327766 -4.000000
v 17.963224 36.381767 -4.000000
v 17.952013 36.435482 -4.000000
v 17.939331 36.488873 -4.000000
v 17.925190 36.541889 -4.000000
v 17.909599 36.594501 -4.000000
v 17.892570 36.646667 -4.000000
v 17.874117 36.698345 -4.000000
v 17.854254 36.749496 -4.000000
v 17.832994 36.800083 -4.000000
v 17.810354 36.850067 -4.000000
v 17.786352 36.899414 -4.000000
v 17.761005 36.948082 -4.000000
v 17.734333 36.996037 -4.000000
v 17.706354 37.043243 -4.000000
v 17.677092 37.089661 -4.000000
v 17.646566 37.135262 -4.000000
v 17.614803 37.180004 -4.000000
v 17.581821 37.223862 -4.000000
v 17.547651 37.266796 -4.000000
v 17.512316 37.308777 -4.000000
v 17.475842 37.349773 -4.000000
v 17.438255 37.389755 -4.000000
v 17.399588 37.428688 -4.000000
v 17.359867 37.466549 -4.000000
v 17.319120 37.503304 -4.000000
v 17.277384 37.538925 -4.000000
v 17.234684 37.573391 -4.000000
v 17.191053 37.606670 -4.000000
v 17.146528 37.638741 -4.000000
v 17.101139 37.669579 -4.000000
v 17.054922 37.699158 -4.000000
v 17.007910 37.727459 -4.000000
v 16.960140 37.754459 -4.000000
v 16.911646 37.780140 -4.000000
v 16.862467 37.804482 -4.000000
v 16.812637 37.827461 -4.000000
v 16.762197 37.849068 -4.000000
v 16.711184 37.869282 -4.000000
v 16.659634 37.888088 -4.000000
v 16.607588 37.905476 -4.000000
v 16.555084 37.921429 -4.000000
v 16.502161 37.935932 -4.000000
v 16.448862 37.948978 -4.000000
v 16.395226 37.960560 -4.000000
v 16.341290 37.970665 -4.000000
v 16.287098 37.979286 -4.000000
v 16.232691 37.986416 -4.000000
v 16.178108 37.992054 -4.000000
v 16.123390 37.996189 -4.000000
v 16.068581 37.998825 -4.000000
v 16.013720 37.999954 -4.000000
v 15.958847 37.999577 -4.000000
v 15.904006 37.997696 -4.000000
v 15.849236 37.994308 -4.000000
v 15.794581 37.989422 -4.000000
v 15.740081 37.983040 -4.000000
v 15.685776 37.975163 -4.000000
v 15.631708 37.965797 -4.000000
v 15.577916 37.954952 -4.000000
v 15.524443 37.942638 -4.000000
v 15.471328 37.928860 -4.000000
v 15.418611 37.913631 -4.000000
v 15.366330 37.896961 -4.000000
v 15.314528 37.878864 -4.000000
v 15.263241 37.859352 -4.000000
v 15.212508 37.838440 -4.000000
v 15.162369 37.816143 -4.000000
v 15.112860 37.792480 -4.000000
v 15.064019 37.767467 -4.000000
v 15.015882 37.741123 -4.000000
v 14.968487 37.713470 -4.000000
v 14.921867 37.684528 -4.000000
v 14.876060 37.654316 -4.000000
v 14.831099 37.622860 -4.000000
v 14.787017 37.590179 -4.000000
v 14.743849 37.556305 -4.000000
v 14.701626 37.521255 -4.000000
v 14.660380 37.485065 -4.000000
v 14.620143 37.447754 -4.000000
v 14.580944 37.409355 -4.000000
v 14.542814 37.369896 -4.000000
v 14.505781 37.329403 -4.000000
v 14.469872 37.287910 -4.000000
v 14.435116 37.245445 -4.000000
v 14.401537 37.202045 -4.000000
v 14.369162 37.157742 -4.000000
v 14.338014 37.112564 -4.000000
v 14.308118 37.066551 -4.000000
v 14.279494 37.019737 -4.000000
v 14.252167 36.972153 -4.000000
v 14.226154 36.923836 -4.000000
v 14.201477 36.874825 -4.000000
v 14.178154 36.825153 -4.000000
v 14.156203 36.774864 -4.000000
v 14.135639 36.723988 -4.000000
v 14.116479 36.672569 -4.000000
v 14.098737 36.620644 -4.000000
v 14.082425 36.568249 -4.000000
v 14.067558 36.515430 -4.000000
v 14.054145 36.462219 -4.000000
v 14.042196 36.408665 -4.000000
v 14.031722 36.354801 -4.000000
v 14.022730 36.300667 -4.000000
v 14.015225 36.246311 -4.000000
v 14.009215 36.191769 -4.000000
v 14.004704 36.137081 -4.000000
v 14.001694 36.082291 -4.000000
v 14.000188 36.027435 -4.000000
v 14.000188 35.972565 -4.000000
v 14.001694 35.917709 -4.000000
v 14.004704 35.862919 -4.000000
v 14.009215 35.808231 -4.000000
v 14.015225 35.753689 -4.000000
v 14.022730 35.699333 -4.000000
v 14.031722 35.645199 -4.000000
v 14.042196 35.591335 -4.000000
v 14.054145 35.537781 -4.000000
v 14.067558 35.484570 -4.000000
v 14.082425 35.431751 -4.000000
v 14.098737 35.379356 -4.000000
v 14.116479 35.327431 -4.000000
v 14.135639 35.276012 -4.000000
v 14.156203 35.225136 -4.000000
v 14.178154 35.174847 -4.000000
v 14.201477 35.125175 -4.000000
v 14.226154 35.076164 -4.000000
v 14.252167 35.027847 -4.000000
v 14.279494 34.980263 -4.000000
v 14.308118 34.933449 -4.000000
v 14.338014 34.887436 -4.000000
v 14.369162 34.842258 -4.000000
v 14.401537 34.797955 -4.000000
v 14.435116 34.754555 -4.000000
v 14.469872 34.712090 -4.000000
v 14.505781 34.670597 -4.000000
v 14.542814 34.630104 -4.000000
v 14.580944 34.590645 -4.000000
v 14.620143 34.552246 -4.000000
v 14.660380 34.514935 -4.000000
v 14.701626 34.478745 -4.000000
v 14.743849 34.443695 -4.000000
v 14.787017 34.409821 -4.000000
v 14.831099 34.377140 -4.000000
v 14.876060 34.345684 -4.000000
v 14.921867 34.315472 -4.000000
v 14.968487 34.286530 -4.000000
v 15.015882 34.258877 -4.000000
v 15.064019 34.232533 -4.000000
v 15.112860 34.207520 -4.000000
v 15.162369 34.183857 -4.000000
v 15.212508 34.161560 -4.000000
v 15.263241 34.140648 -4.000000
v 15.314528 34.121136 -4.000000
v 15.366330 34.103039 -4.000000
v 15.418611 34.086369 -4.000000
v 15.471328 34.071140 -4.000000
v 15.524443 34.057362 -4.000000
v 15.577916 34.045048 -4.000000
v 15.631708 34.034203 -4.000000
v 15.685776 34.024837 -4.000000
v 15.740081 34.016960 -4.000000
v 15.794581 34.010578 -4.000000
v 15.849236 34.005692 -4.000000
v 15.904006 34.002304 -4.000000
v 15.958847 34.000423 -4.000000
v 16.013720 34.000046 -4.000000
v 16.068581 34.001175 -4.000000
v 16.123390 34.003811 -4.000000
v 16.178108 34.007946 -4.000000
v 16.232691 34.013584 -4.000000
v 16.287098 34.020714 -4.000000
v 16.341290 34.029335 -4.000000
v 16.395226 34.039440 -4.000000
v 16.448862 34.051022 -4.000000
v 16.502161 34.064068 -4.000000
v 16.555084 34.078571 -4.000000
v 16.607588 34.094524 -4.000000
v 16.659634 34.111912 -4.000000
v 16.711184 34.130718 -4.000000
v 16.762197 34.150932 -4.000000
v 16.812637 34.172539 -4.000000
v 16.862467 34.195518 -4.000000
v 16.911646 34.219860 -4.000000
v 16.960140 34.245541 -4.000000
v 17.007910 34.272541 -4.000000
v 17.054922 34.300842 -4.000000
v 17.101139 34.330421 -4.000000
v 17.146528 34.361259 -4.000000
v 17.191053 34.393330 -4.000000
v 17.234684 34.426609 -4.000000
v 17.277384 34.461075 -4.000000
v 17.319120 34.496696 -4.000000
v 17.359867 34.533451 -4.000000
v 17.399588 34.571312 -4.000000
v 17.438255 34.610245 -4.000000
v 17.475842 34.650227 -4.000000
v 17.512316 34.691223 -4.000000
v 17.547651 34.733204 -4.000000
v 17.581821 34.776138 -4.000000
v 17.614803 34.819996 -4.000000
v 17.646566 34.864738 -4.000000
v 17.677092 34.910339 -4.000000
v 17.706354 34.956757 -4.000000
v 17.734333 35.003963 -4.000000
v 17.761005 35.051918 -4.000000
v 17.786352 35.100586 -4.000000
v 17.810354 35.149933 -4.000000
v 17.832994 35.199917 -4.000000
v 17.854254 35.250504 -4.000000
v 17.874117 35.301655 -4.000000
v 17.892570 35.353333 -4.000000
v 17.909599 35.405499 -4.000000
v 17.925190 35.458111 -4.000000
v 17.939331 35.511127 -4.000000
v 17.952013 35.564518 -4.000000
v 17.963224 35.618233 -4.000000
v 17.972960 35.672234 -4.000000
v 17.981209 35.726486 -4.000000
v 17.987967 35.780941 -4.000000
v 17.993229 35.835560 -4.000000
v 17.996990 35.890305 -4.000000
v 17.999247 35.945133 -4.000000
v 21.000000 39.000000 3.600000
v 21.000000 41.000000 3.600000
v 22.000000 42.000000 3.600000
v 27.000000 39.000000 3.600000
v 26.000000 42.000000 3.600000
v 27.000000 41.000000 3.600000
v 31.900000 31.500000 -2.403128
v 31.900000 31.500000 -5.596872
v 31.900000 8.500000 -2.403128
v 31.900000 8.500000 -5.596872
v 1.000000 44.000000 -6.000000
v 1.000000 44.000000 -1.500000
v 0.100000 31.500000 -2.403128
v 0.100000 31.500000 -5.596872
v 0.100000 8.500000 -2.403128
v 0.100000 8.500000 -5.596872
v 17.600000 12.000000 -4.000000
v 17.599398 12.043895 -4.000000
v 17.597591 12.087756 -4.000000
v 17.594584 12.131552 -4.000000
v 17.590374 12.175247 -4.000000
v 17.584967 12.218812 -4.000000
v 17.578367 12.262212 -4.000000
v 17.570580 12.305414 -4.000000
v 17.561611 12.348387 -4.000000
v 17.551464 12.391097 -4.000000
v 17.540152 12.433513 -4.000000
v 17.527679 12.475602 -4.000000
v 17.514057 12.517333 -4.000000
v 17.499294 12.558675 -4.000000
v 17.483402 12.599597 -4.000000
v 17.466394 12.640067 -4.000000
v 17.448284 12.680055 -4.000000
v 17.429081 12.719531 -4.000000
v 17.408804 12.758466 -4.000000
v 17.387466 12.796830 -4.000000
v 17.365084 12.834594 -4.000000
v 17.341673 12.871729 -4.000000
v 17.317253 12.908209 -4.000000
v 17.291842 12.944004 -4.000000
v 17.265457 12.979090 -4.000000
v 17.238121 13.013437 -4.000000
v 17.209852 13.047023 -4.000000
v 17.180674 13.079820 -4.000000
v 17.150604 13.111804 -4.000000
v 17.119671 13.142952 -4.000000
v 17.087893 13.173239 -4.000000
v 17.055298 13.202642 -4.000000
v 17.021906 13.231140 -4.000000
v 16.987747 13.258712 -4.000000
v 16.952843 13.285336 -4.000000
v 16.917223 13.310993 -4.000000
v 16.880911 13.335663 -4.000000
v 16.843937 13.359327 -4.000000
v 16.806328 13.381968 -4.000000
v 16.768112 13.403568 -4.000000
v 16.729317 13.424112 -4.000000
v 16.689974 13.443584 -4.000000
v 16.650110 13.461970 -4.000000
v 16.609758 13.479255 -4.000000
v 16.568947 13.495426 -4.000000
v 16.527706 13.510472 -4.000000
v 16.486069 13.524381 -4.000000
v 16.444067 13.537142 -4.000000
v 16.401730 13.548746 -4.000000
v 16.359091 13.559184 -4.000000
v 16.316179 13.568448 -4.000000
v 16.273031 13.576532 -4.000000
v 16.229679 13.583429 -4.000000
v 16.186152 13.589134 -4.000000
v 16.142487 13.593643 -4.000000
v 16.098713 13.596952 -4.000000
v 16.054865 13.599059 -4.000000
v 16.010975 13.599962 -4.000000
v 15.967077 13.599661 -4.000000
v 15.923204 13.598156 -4.000000
v 15.879390 13.595448 -4.000000
v 15.835666 13.591538 -4.000000
v 15.792065 13.586431 -4.000000
v 15.748621 13.580130 -4.000000
v 15.705366 13.572639 -4.000000
v 15.662333 13.563963 -4.000000
v 15.619555 13.554111 -4.000000
v 15.577063 13.543089 -4.000000
v 15.534888 13.530906 -4.000000
v 15.493064 13.517570 -4.000000
v 15.451622 13.503091 -4.000000
v 15.410593 13.487481 -4.000000
v 15.370007 13.470751 -4.000000
v 15.329895 13.452914 -4.000000
v 15.290288 13.433984 -4.000000
v 15.251215 13.413974 -4.000000
v 15.212707 13.392900 -4.000000
v 15.174789 13.370776 -4.000000
v 15.137494 13.347622 -4.000000
v 15.100848 13.323452 -4.000000
v 15.064878 13.298286 -4.000000
v 15.029613 13.272144 -4.000000
v 14.995079 13.245044 -4.000000
v 14.961301 13.217006 -4.000000
v 14.928304 13.188052 -4.000000
v 14.896114 13.158204 -4.000000
v 14.864756 13.127484 -4.000000
v 14.834251 13.095915 -4.000000
v 14.804625 13.063521 -4.000000
v 14.775898 13.030327 -4.000000
v 14.748093 12.996357 -4.000000
v 14.721230 12.961637 -4.000000
v 14.695330 12.926194 -4.000000
v 14.670411 12.890053 -4.000000
v 14.646494 12.853242 -4.000000
v 14.623595 12.815788 -4.000000
v 14.601733 12.777721 -4.000000
v 14.580923 12.739068 -4.000000
v 14.561182 12.699859 -4.000000
v 14.542523 12.660123 -4.000000
v 14.524962 12.619890 -4.000000
v 14.508512 12.579190 -4.000000
v 14.493183 12.538054 -4.000000
v 14.478990 12.496514 -4.000000
v 14.465940 12.454600 -4.000000
v 14.454046 12.412343 -4.000000
v 14.443316 12.369777 -4.000000
v 14.433758 12.326931 -4.000000
v 14.425378 12.283839 -4.000000
v 14.418183 12.240535 -4.000000
v 14.412180 12.197048 -4.000000
v 14.407372 12.153414 -4.000000
v 14.403763 12.109664 -4.000000
v 14.401355 12.065831 -4.000000
v 14.400150 12.021950 -4.000000
v 14.400150 11.978050 -4.000000
v 14.401355 11.934169 -4.000000
v 14.403763 11.890336 -4.000000
v 14.407372 11.846586 -4.000000
v 14.412180 11.802952 -4.000000
v 14.418183 11.759465 -4.000000
v 14.425378 11.716161 -4.000000
v 14.433758 11.673069 -4.000000
v 14.443316 11.630223 -4.000000
v 14.454046 11.587657 -4.000000
v 14.465940 11.545400 -4.000000
v 14.478990 11.503486 -4.000000
v 14.493183 11.461946 -4.000000
v 14.508512 11.420810 -4.000000
v 14.524962 11.380110 -4.000000
v 14.542523 11.339877 -4.000000
v 14.561182 11.300141 -4.000000
v 14.580923 11.260932 -4.000000
v 14.601733 11.222279 -4.000000
v 14.623595 11.184212 -4.000000
v 14.646494 11.146758 -4.000000
v 14.670411 11.109947 -4.000000
v 14.695330 11.073806 -4.000000
v 14.721230 11.038363 -4.000000
v 14.748093 11.003643 -4.000000
v 14.775898 10.969673 -4.000000
v 14.804625 10.936479 -4.000000
v 14.834251 10.904085 -4.000000
v 14.864756 10.872516 -4.000000
v 14.896114 10.841796 -4.000000
v 14.928304 10.811948 -4.000000
v 14.961301 10.782994 -4.000000
v 14.995079 10.754956 -4.000000
v 15.029613 10.727856 -4.000000
v 15.064878 10.701714 -4.000000
v 15.100848 10.676548 -4.000000
v 15.137494 10.652378 -4.000000
v 15.174789 10.629224 -4.000000
v 15.212707 10.607100 -4.000000
v 15.251215 10.586026 -4.000000
v 15.290288 10.566016 -4.000000
v 15.329895 10.547086 -4.000000
v 15.370007 10.529249 -4.000000
v 15.410593 10.512519 -4.000000
v 15.451622 10.496909 -4.000000
v 15.493064 10.482430 -4.000000
v 15.534888 10.469094 -4.000000
v 15.577063 10.456911 -4.000000
v 15.619555 10.445889 -4.000000
v 15.662333 10.436037 -4.000000
v 15.705366 10.427361 -4.000000
v 15.748621 10.419870 -4.000000
v 15.792065 10.413569 -4.000000
v 15.835666 10.408462 -4.000000
v 15.879390 10.404552 -4.000000
v 15.923204 10.401844 -4.000000
v 15.967077 10.400339 -4.000000
v 16.010975 10.400038 -4.000000
v 16.054865 10.400941 -4.000000
v 16.098713 10.403048 -4.000000
v 16.142487 10.406357 -4.000000
v 16.186152 10.410866 -4.000000
v 16.229679 10.416571 -4.000000
v 16.273031 10.423468 -4.000000
v 16.316179 10.431552 -4.000000
v 16.359091 10.440816 -4.000000
v 16.401730 10.451254 -4.000000
v 16.444067 10.462858 -4.000000
v 16.486069 10.475619 -4.000000
v 16.527706 10.489528 -4.000000
v 16.568947 10.504574 -4.000000
v 16.609758 10.520745 -4.000000
v 16.650110 10.538030 -4.000000
v 16.689974 10.556416 -4.000000
v 16.729317 10.575888 -4.000000
v 16.768112 10.596432 -4.000000
v 16.806328 10.618032 -4.000000
v 16.843937 10.640673 -4.000000
v 16.880911 10.664337 -4.000000
v 16.917223 10.689007 -4.000000
v 16.952843 10.714664 -4.000000
v 16.987747 10.741288 -4.000000
v 17.021906 10.768860 -4.000000
v 17.055298 10.797358 -4.000000
v 17.087893 10.826761 -4.000000
v 17.119671 10.857048 -4.000000
v 17.150604 10.888196 -4.000000
v 17.180674 10.920180 -4.000000
v 17.209852 10.952977 -4.000000
v 17.238121 10.986563 -4.000000
v 17.265457 11.020910 -4.000000
v 17.291842 11.055996 -4.000000
v 17.317253 11.091791 -4.000000
v 17.341673 11.128271 -4.000000
v 17.365084 11.165406 -4.000000
v 17.387466 11.203170 -4.000000
v 17.408804 11.241534 -4.000000
v 17.429081 11.280469 -4.000000
v 17.448284 11.319945 -4.000000
v 17.466394 11.359933 -4.000000
v 17.483402 11.400403 -4.000000
v 17.499294 11.441325 -4.000000
v 17.514057 11.482667 -4.000000
v 17.527679 11.524398 -4.000000
v 17.540152 11.566487 -4.000000
v 17.551464 11.608903 -4.000000
v 17.561611 11.651613 -4.000000
v 17.570580 11.694586 -4.000000
v 17.578367 11.737788 -4.000000
v 17.584967 11.781188 -4.000000
v 17.590374 11.824753 -4.000000
v 17.594584 11.868448 -4.000000
v 17.597591 11.912244 -4.000000
v 17.599398 11.956105 -4.000000
v 17.600000 36.000000 -4.000000
v 17.599398 36.043896 -4.000000
v 17.597591 36.087757 -4.000000
v 17.594584 36.131550 -4.000000
v 17.590374 36.175247 -4.000000
v 17.584967 36.218811 -4.000000
v 17.578367 36.262211 -4.000000
v 17.570580 36.305412 -4.000000
v 17.561611 36.348385 -4.000000
v 17.551464 36.391098 -4.000000
v 17.540152 36.433514 -4.000000
v 17.527679 36.475601 -4.000000
v 17.514057 36.517334 -4.000000
v 17.499294 36.558674 -4.000000
v 17.483402 36.599598 -4.000000
v 17.466394 36.640068 -4.000000
v 17.448284 36.680054 -4.000000
v 17.429081 36.719532 -4.000000
v 17.408804 36.758465 -4.000000
v 17.387466 36.796829 -4.000000
v 17.365084 36.834595 -4.000000
v 17.341673 36.871731 -4.000000
v 17.317253 36.908207 -4.000000
v 17.291842 36.944004 -4.000000
v 17.265457 36.979088 -4.000000
v 17.238121 37.013439 -4.000000
v 17.209852 37.047024 -4.000000
v 17.180674 37.079819 -4.000000
v 17.150604 37.111805 -4.000000
v 17.119671 37.142952 -4.000000
v 17.087893 37.173237 -4.000000
v 17.055298 37.202641 -4.000000
v 17.021906 37.231140 -4.000000
v 16.987747 37.258713 -4.000000
v 16.952843 37.285336 -4.000000
v 16.917223 37.310993 -4.000000
v 16.880911 37.335663 -4.000000
v 16.843937 37.359325 -4.000000
v 16.806328 37.381969 -4.000000
v 16.768112 37.403568 -4.000000
v 16.729317 37.424114 -4.000000
v 16.689974 37.443584 -4.000000
v 16.650110 37.461971 -4.000000
v 16.609758 37.479256 -4.000000
v 16.568947 37.495426 -4.000000
v 16.527706 37.510471 -4.000000
v 16.486069 37.524380 -4.000000
v 16.444067 37.537140 -4.000000
v 16.401730 37.548744 -4.000000
v 16.359091 37.559185 -4.000000
v 16.316179 37.568447 -4.000000
v 16.273031 37.576530 -4.000000
v 16.229679 37.583427 -4.000000
v 16.186152 37.589134 -4.000000
v 16.142487 37.593643 -4.000000
v 16.098713 37.596951 -4.000000
v 16.054865 37.599060 -4.000000
v 16.010975 37.599964 -4.000000
v 15.967077 37.599663 -4.000000
v 15.923204 37.598156 -4.000000
v 15.879390 37.595448 -4.000000
v 15.835666 37.591537 -4.000000
v 15.792065 37.586430 -4.000000
v 15.748621 37.580128 -4.000000
v 15.705366 37.572639 -4.000000
v 15.662333 37.563965 -4.000000
v 15.619555 37.554111 -4.000000
v 15.577063 37.543091 -4.000000
v 15.534888 37.530907 -4.000000
v 15.493064 37.517570 -4.000000
v 15.451622 37.503090 -4.000000
v 15.410593 37.487480 -4.000000
v 15.370007 37.470753 -4.000000
v 15.329895 37.452915 -4.000000
v 15.290288 37.433983 -4.000000
v 15.251215 37.413975 -4.000000
v 15.212707 37.392899 -4.000000
v 15.174789 37.370777 -4.000000
v 15.137494 37.347622 -4.000000
v 15.100848 37.323452 -4.000000
v 15.064878 37.298286 -4.000000
v 15.029613 37.272144 -4.000000
v 14.995079 37.245045 -4.000000
v 14.961301 37.217007 -4.000000
v 14.928304 37.188053 -4.000000
v 14.896114 37.158203 -4.000000
v 14.864756 37.127483 -4.000000
v 14.834251 37.095917 -4.000000
v 14.804625 37.063522 -4.000000
v 14.775898 37.030327 -4.000000
v 14.748093 36.996357 -4.000000
v 14.721230 36.961639 -4.000000
v 14.695330 36.926193 -4.000000
v 14.670411 36.890053 -4.000000
v 14.646494 36.853241 -4.000000
v 14.623595 36.815788 -4.000000
v 14.601733 36.777721 -4.000000
v 14.580923 36.739067 -4.000000
v 14.561182 36.699860 -4.000000
v 14.542523 36.660122 -4.000000
v 14.524962 36.619888 -4.000000
v 14.508512 36.579189 -4.000000
v 14.493183 36.538055 -4.000000
v 14.478990 36.496513 -4.000000
v 14.465940 36.454601 -4.000000
v 14.454046 36.412342 -4.000000
v 14.443316 36.369778 -4.000000
v 14.433758 36.326931 -4.000000
v 14.425378 36.283840 -4.000000
v 14.418183 36.240536 -4.000000
v 14.412180 36.197048 -4.000000
v 14.407372 36.153416 -4.000000
v 14.403763 36.109665 -4.000000
v 14.401355 36.065830 -4.000000
v 14.400150 36.021950 -4.000000
v 14.400150 35.978050 -4.000000
v 14.401355 35.934170 -4.000000
v 14.403763 35.890335 -4.000000
v 14.407372 35.846584 -4.000000
v 14.412180 35.802952 -4.000000
v 14.418183 35.759464 -4.000000
v 14.425378 35.716160 -4.000000
v 14.433758 35.673069 -4.000000
v 14.443316 35.630222 -4.000000
v 14.454046 35.587658 -4.000000
v 14.465940 35.545399 -4.000000
v 14.478990 35.503487 -4.000000
v 14.493183 35.461945 -4.000000
v 14.508512 35.420811 -4.000000
v 14.524962 35.380112 -4.000000
v 14.542523 35.339878 -4.000000
v 14.561182 35.300140 -4.000000
v 14.580923 35.260933 -4.000000
v 14.601733 35.222279 -4.000000
v 14.623595 35.184212 -4.000000
v 14.646494 35.146759 -4.000000
v 14.670411 35.109947 -4.000000
v 14.695330 35.073807 -4.000000
v 14.721230 35.038361 -4.000000
v 14.748093 35.003643 -4.000000
v 14.775898 34.969673 -4.000000
v 14.804625 34.936478 -4.000000
v 14.834251 34.904083 -4.000000
v 14.864756 34.872517 -4.000000
v 14.896114 34.841797 -4.000000
v 14.928304 34.811947 -4.000000
v 14.961301 34.782993 -4.000000
v 14.995079 34.754955 -4.000000
v 15.029613 34.727856 -4.000000
v 15.064878 34.701714 -4.000000
v 15.100848 34.676548 -4.000000
v 15.137494 34.652378 -4.000000
v 15.174789 34.629223 -4.000000
v 15.212707 34.607101 -4.000000
v 15.251215 34.586025 -4.000000
v 15.290288 34.566017 -4.000000
v 15.329895 34.547085 -4.000000
v 15.370007 34.529247 -4.000000
v 15.410593 34.512520 -4.000000
v 15.451622 34.496910 -4.000000
v 15.493064 34.482430 -4.000000
v 15.534888 34.469093 -4.000000
v 15.577063 34.456909 -4.000000
v 15.619555 34.445889 -4.000000
v 15.662333 34.436035 -4.000000
v 15.705366 34.427361 -4.000000
v 15.748621 34.419872 -4.000000
v 15.792065 34.413570 -4.000000
v 15.835666 34.408463 -4.000000
v 15.879390 34.404552 -4.000000
v 15.923204 34.401844 -4.000000
v 15.967077 34.400337 -4.000000
v 16.010975 34.400036 -4.000000
v 16.054865 34.400940 -4.000000
v 16.098713 34.403049 -4.000000
v 16.142487 34.406357 -4.000000
v 16.186152 34.410866 -4.000000
v 16.229679 34.416573 -4.000000
v 16.273031 34.423470 -4.000000
v 16.316179 34.431553 -4.000000
v 16.359091 34.440815 -4.000000
v 16.401730 34.451256 -4.000000
v 16.444067 34.462860 -4.000000
v 16.486069 34.475620 -4.000000
v 16.527706 34.489529 -4.000000
v 16.568947 34.504574 -4.000000
v 16.609758 34.520744 -4.000000
v 16.650110 34.538029 -4.000000
v 16.689974 34.556416 -4.000000
v 16.729317 34.575886 -4.000000
v 16.768112 34.596432 -4.000000
v 16.806328 34.618031 -4.000000
v 16.843937 34.640675 -4.000000
v 16.880911 34.664337 -4.000000
v 16.917223 34.689007 -4.000000
v 16.952843 34.714664 -4.000000
v 16.987747 34.741287 -4.000000
v 17.021906 34.768860 -4.000000
v 17.055298 34.797359 -4.000000
v 17.087893 34.826763 -4.000000
v 17.119671 34.857048 -4.000000
v 17.150604 34.888195 -4.000000
v 17.180674 34.920181 -4.000000
v 17.209852 34.952976 -4.000000
v 17.238121 34.986561 -4.000000
v 17.265457 35.020912 -4.000000
v 17.291842 35.055996 -4.000000
v 17.317253 35.091793 -4.000000
v 17.341673 35.128269 -4.000000
v 17.365084 35.165405 -4.000000
v 17.387466 35.203171 -4.000000
v 17.408804 35.241535 -4.000000
v 17.429081 35.280468 -4.000000
v 17.448284 35.319946 -4.000000
v 17.466394 35.359932 -4.000000
v 17.483402 35.400402 -4.000000
v 17.499294 35.441326 -4.000000
v 17.514057 35.482666 -4.000000
v 17.527679 35.524399 -4.000000
v 17.540152 35.566486 -4.000000
v 17.551464 35.608902 -4.000000
v 17.561611 35.651615 -4.000000
v 17.570580 35.694588 -4.000000
v 17.578367 35.737789 -4.000000
v 17.584967 35.781189 -4.000000
v 17.590374 35.824753 -4.000000
v 17.594584 35.868450 -4.000000
v 17.597591 35.912243 -4.000000
v 17.599398 35.956104 -4.000000
v 30.734198 31.500000 -3.021356
v 30.707840 31.500000 -3.056431
v 30.761507 31.500000 -2.987016
v 30.789749 31.500000 -2.953438
v 30.818899 31.500000 -2.920647
v 30.977516 31.500000 -2.769339
v 31.082104 31.500000 -2.689478
v 31.011644 31.500000 -2.741766
v 31.046516 31.500000 -2.715139
v 31.118383 31.500000 -2.664803
v 30.658058 31.500000 -3.128684
v 30.634672 31.500000 -3.165807
v 30.682453 31.500000 -3.092216
v 31.192902 31.500000 -2.618482
v 31.155325 31.500000 -2.641131
v 30.590996 31.500000 -3.241906
v 30.570740 31.500000 -3.280825
v 30.612312 31.500000 -3.203557
v 30.551558 31.500000 -3.320285
v 30.848938 31.500000 -2.888668
v 30.879843 31.500000 -2.857525
v 30.911591 31.500000 -2.827240
v 30.944157 31.500000 -2.797838
v 31.269848 31.500000 -2.576315
v 31.348989 31.500000 -2.538430
v 31.309158 31.500000 -2.556830
v 31.389309 31.500000 -2.521130
v 30.533464 31.500000 -3.360256
v 30.516474 31.500000 -3.400708
v 31.430090 31.500000 -2.504941
v 31.471296 31.500000 -2.489877
v 31.554874 31.500000 -2.463165
v 31.512903 31.500000 -2.475948
v 31.597181 31.500000 -2.451537
v 31.231087 31.500000 -2.596871
v 31.639790 31.500000 -2.441074
v 31.725790 31.500000 -2.423672
v 31.682671 31.500000 -2.431784
v 31.812613 31.500000 -2.411011
v 31.769114 31.500000 -2.416746
v 30.415016 31.500000 -3.781304
v 30.409616 31.500000 -3.824846
v 30.421610 31.500000 -3.737927
v 30.429388 31.500000 -3.694747
v 30.438349 31.500000 -3.651797
v 31.856253 31.500000 -2.406470
v 30.500599 31.500000 -3.441611
v 30.405411 31.500000 -3.868519
v 30.402407 31.500000 -3.912291
v 30.400602 31.500000 -3.956129
v 30.400000 31.500000 -4.000000
v 30.400602 31.500000 -4.043871
v 30.402407 31.500000 -4.087709
v 30.405411 31.500000 -4.131481
v 30.415016 31.500000 -4.218696
v 30.421610 31.500000 -4.262073
v 30.409616 31.500000 -4.175154
v 30.429388 31.500000 -4.305253
v 30.438349 31.500000 -4.348203
v 30.448484 31.500000 -4.390892
v 30.448484 31.500000 -3.609108
v 30.459785 31.500000 -3.566713
v 30.472244 31.500000 -3.524645
v 30.485853 31.500000 -3.482933
v 30.472244 31.500000 -4.475356
v 30.485853 31.500000 -4.517067
v 30.459785 31.500000 -4.433287
v 30.500599 31.500000 -4.558390
v 30.516474 31.500000 -4.599292
v 30.533464 31.500000 -4.639744
v 30.551558 31.500000 -4.679715
v 30.570740 31.500000 -4.719175
v 30.590996 31.500000 -4.758094
v 30.612312 31.500000 -4.796443
v 30.634672 31.500000 -4.834193
v 30.658058 31.500000 -4.871316
v 30.682453 31.500000 -4.907784
v 30.707840 31.500000 -4.943569
v 30.734198 31.500000 -4.978644
v 30.761507 31.500000 -5.012984
v 30.879843 31.500000 -5.142475
v 30.911591 31.500000 -5.172760
v 30.848938 31.500000 -5.111332
v 30.944157 31.500000 -5.202162
v 30.977516 31.500000 -5.230661
v 31.011644 31.500000 -5.258234
v 30.818899 31.500000 -5.079352
v 31.046516 31.500000 -5.284861
v 31.082104 31.500000 -5.310522
v 31.118383 31.500000 -5.335197
v 31.155325 31.500000 -5.358869
v 31.192902 31.500000 -5.381518
v 31.231087 31.500000 -5.403129
v 31.348989 31.500000 -5.461570
v 31.389309 31.500000 -5.478870
v 31.309158 31.500000 -5.443170
v 31.269848 31.500000 -5.423685
v 31.430090 31.500000 -5.495059
v 30.789749 31.500000 -5.046562
v 31.471296 31.500000 -5.510124
v 31.512903 31.500000 -5.524053
v 31.554874 31.500000 -5.536835
v 31.639790 31.500000 -5.558926
v 31.682671 31.500000 -5.568216
v 31.597181 31.500000 -5.548463
v 31.725790 31.500000 -5.576327
v 31.769114 31.500000 -5.583253
v 31.856253 31.500000 -5.593530
v 31.812613 31.500000 -5.588989
v 31.856253 8.500000 -5.593530
v 31.812613 8.500000 -5.588989
v 31.769114 8.500000 -5.583253
v 31.725790 8.500000 -5.576327
v 31.682671 8.500000 -5.568216
v 31.639790 8.500000 -5.558926
v 31.597181 8.500000 -5.548463
v 31.554874 8.500000 -5.536835
v 31.512903 8.500000 -5.524053
v 31.471296 8.500000 -5.510124
v 31.430090 8.500000 -5.495059
v 31.389309 8.500000 -5.478870
v 31.348989 8.500000 -5.461570
v 31.309158 8.500000 -5.443170
v 31.269848 8.500000 -5.423685
v 31.231087 8.500000 -5.403129
v 31.192902 8.500000 -5.381518
v 31.155325 8.500000 -5.358869
v 31.118383 8.500000 -5.335197
v 31.082104 8.500000 -5.310522
v 31.046516 8.500000 -5.284861
v 31.011644 8.500000 -5.258234
v 30.977516 8.500000 -5.230661
v 30.944157 8.500000 -5.202162
v 30.911591 8.500000 -5.172760
v 30.879843 8.500000 -5.142475
v 30.848938 8.500000 -5.111332
v 30.818899 8.500000 -5.079352
v 30.789749 8.500000 -5.046562
v 30.761507 8.500000 -5.012984
v 30.734198 8.500000 -4.978644
v 30.707840 8.500000 -4.943569
v 30.682453 8.500000 -4.907784
v 30.658058 8.500000 -4.871316
v 30.634672 8.500000 -4.834193
v 30.612312 8.500000 -4.796443
v 30.590996 8.500000 -4.758094
v 30.570740 8.500000 -4.719175
v 30.551558 8.500000 -4.679715
v 30.533464 8.500000 -4.639744
v 30.516474 8.500000 -4.599292
v 30.500599 8.500000 -4.558390
v 30.485853 8.500000 -4.517067
v 30.472244 8.500000 -4.475356
v 30.459785 8.500000 -4.433287
v 30.448484 8.500000 -4.390892
v 30.438349 8.500000 -4.348203
v 30.429388 8.500000 -4.305253
v 30.421610 8.500000 -4.262073
v 30.415016 8.500000 -4.218696
v 30.409616 8.500000 -4.175154
v 30.405411 8.500000 -4.131481
v 30.402407 8.500000 -4.087709
v 30.400602 8.500000 -4.043871
v 30.400000 8.500000 -4.000000
v 30.400602 8.500000 -3.956129
v 30.402407 8.500000 -3.912291
v 30.405411 8.500000 -3.868519
v 30.409616 8.500000 -3.824846
v 30.415016 8.500000 -3.781304
v 30.421610 8.500000 -3.737927
v 30.429388 8.500000 -3.694747
v 30.438349 8.500000 -3.651797
v 30.448484 8.500000 -3.609108
v 30.459785 8.500000 -3.566713
v 30.472244 8.500000 -3.524645
v 30.485853 8.500000 -3.482933
v 30.500599 8.500000 -3.441611
v 30.516474 8.500000 -3.400708
v 30.533464 8.500000 -3.360256
v 30.551558 8.500000 -3.320285
v 30.570740 8.500000 -3.280825
v 30.590996 8.500000 -3.241906
v 30.612312 8.500000 -3.203557
v 30.634672 8.500000 -3.165807
v 30.658058 8.500000 -3.128684
v 30.682453 8.500000 -3.092216
v 30.707840 8.500000 -3.056431
v 30.734198 8.500000 -3.021356
v 30.761507 8.500000 -2.987016
v 30.789749 8.500000 -2.953438
v 30.818899 8.500000 -2.920647
v 30.848938 8.500000 -2.888668
v 30.879843 8.500000 -2.857525
v 30.911591 8.500000 -2.827240
v 30.944157 8.500000 -2.797838
v 30.977516 8.500000 -2.769339
v 31.011644 8.500000 -2.741766
v 31.046516 8.500000 -2.715139
v 31.082104 8.500000 -2.689478
v 31.118383 8.500000 -2.664803
v 31.155325 8.500000 -2.641131
v 31.192902 8.500000 -2.618482
v 31.231087 8.500000 -2.596871
v 31.269848 8.500000 -2.576315
v 31.309158 8.500000 -2.556830
v 31.348989 8.500000 -2.538430
v 31.389309 8.500000 -2.521130
v 31.430090 8.500000 -2.504941
v 31.471296 8.500000 -2.489877
v 31.512903 8.500000 -2.475948
v 31.554874 8.500000 -2.463165
v 31.597181 8.500000 -2.451537
v 31.639790 8.500000 -2.441074
v 31.682671 8.500000 -2.431784
v 31.725790 8.500000 -2.423672
v 31.769114 8.500000 -2.416746
v 31.812613 8.500000 -2.411011
v 31.856253 8.500000 -2.406470
v 0.487098 31.500000 -2.475948
v 0.569911 31.500000 -2.504941
v 0.528703 31.500000 -2.489877
v 0.651010 31.500000 -2.538430
v 0.610690 31.500000 -2.521130
v 0.730152 31.500000 -2.576315
v 0.807098 31.500000 -2.618482
v 0.768914 31.500000 -2.596871
v 0.881617 31.500000 -2.664803
v 0.953484 31.500000 -2.715139
v 0.917895 31.500000 -2.689478
v 0.988356 31.500000 -2.741766
v 0.844675 31.500000 -2.641131
v 1.088409 31.500000 -2.827240
v 1.022484 31.500000 -2.769339
v 1.055844 31.500000 -2.797838
v 1.151061 31.500000 -2.888668
v 1.120156 31.500000 -2.857525
v 1.181100 31.500000 -2.920647
v 1.265802 31.500000 -3.021356
v 1.210251 31.500000 -2.953438
v 1.238493 31.500000 -2.987016
v 1.292160 31.500000 -3.056431
v 1.365328 31.500000 -3.165807
v 1.317546 31.500000 -3.092216
v 1.341942 31.500000 -3.128684
v 1.429261 31.500000 -3.280825
v 1.387688 31.500000 -3.203557
v 1.409004 31.500000 -3.241906
v 1.448443 31.500000 -3.320285
v 1.483526 31.500000 -3.400708
v 1.466536 31.500000 -3.360256
v 1.527756 31.500000 -3.524645
v 1.499400 31.500000 -3.441611
v 1.514147 31.500000 -3.482933
v 1.540215 31.500000 -3.566713
v 1.551517 31.500000 -3.609108
v 1.561651 31.500000 -3.651797
v 1.570612 31.500000 -3.694747
v 1.590384 31.500000 -3.824846
v 0.690841 31.500000 -2.556830
v 1.578391 31.500000 -3.737927
v 1.584983 31.500000 -3.781304
v 1.597594 31.500000 -3.912291
v 1.594589 31.500000 -3.868519
v 1.599398 31.500000 -3.956129
v 1.599398 31.500000 -4.043871
v 1.600000 31.500000 -4.000000
v 1.597594 31.500000 -4.087709
v 1.594589 31.500000 -4.131481
v 0.143748 31.500000 -5.593530
v 0.187387 31.500000 -5.588989
v 0.143748 31.500000 -2.406470
v 1.584983 31.500000 -4.218696
v 1.590384 31.500000 -4.175154
v 1.570612 31.500000 -4.305253
v 1.578391 31.500000 -4.262073
v 0.317330 31.500000 -5.568216
v 0.360210 31.500000 -5.558926
v 0.274211 31.500000 -5.576327
v 0.230886 31.500000 -5.583253
v 0.402819 31.500000 -5.548463
v 0.445126 31.500000 -5.536835
v 1.561651 31.500000 -4.348203
v 1.527756 31.500000 -4.475356
v 1.551517 31.500000 -4.390892
v 1.540215 31.500000 -4.433287
v 0.487098 31.500000 -5.524053
v 0.528703 31.500000 -5.510124
v 0.569911 31.500000 -5.495059
v 1.483526 31.500000 -4.599292
v 1.514147 31.500000 -4.517067
v 1.499400 31.500000 -4.558390
v 0.651010 31.500000 -5.461570
v 0.610690 31.500000 -5.478870
v 1.429261 31.500000 -4.719175
v 1.466536 31.500000 -4.639744
v 1.448443 31.500000 -4.679715
v 0.730152 31.500000 -5.423685
v 0.690841 31.500000 -5.443170
v 1.409004 31.500000 -4.758094
v 1.365328 31.500000 -4.834193
v 1.387688 31.500000 -4.796443
v 0.807098 31.500000 -5.381518
v 0.844675 31.500000 -5.358869
v 0.768914 31.500000 -5.403129
v 1.341942 31.500000 -4.871316
v 0.917895 31.500000 -5.310522
v 0.953484 31.500000 -5.284861
v 0.881617 31.500000 -5.335197
v 1.317546 31.500000 -4.907784
v 1.265802 31.500000 -4.978644
v 1.292160 31.500000 -4.943569
v 0.988356 31.500000 -5.258234
v 1.238493 31.500000 -5.012984
v 1.022484 31.500000 -5.230661
v 1.055844 31.500000 -5.202162
v 1.181100 31.500000 -5.079352
v 1.210251 31.500000 -5.046562
v 1.151061 31.500000 -5.111332
v 1.120156 31.500000 -5.142475
v 0.187387 31.500000 -2.411011
v 0.230886 31.500000 -2.416746
v 0.274211 31.500000 -2.423672
v 0.317330 31.500000 -2.431784
v 0.360210 31.500000 -2.441074
v 0.402819 31.500000 -2.451537
v 0.445126 31.500000 -2.463165
v 1.088409 31.500000 -5.172760
v 0.143748 8.500000 -2.406470
v 0.187387 8.500000 -2.411011
v 0.230886 8.500000 -2.416746
v 0.274211 8.500000 -2.423672
v 0.317330 8.500000 -2.431784
v 0.360210 8.500000 -2.441074
v 0.402819 8.500000 -2.451537
v 0.445126 8.500000 -2.463165
v 0.487098 8.500000 -2.475948
v 0.528703 8.500000 -2.489877
v 0.569911 8.500000 -2.504941
v 0.610690 8.500000 -2.521130
v 0.651010 8.500000 -2.538430
v 0.690841 8.500000 -2.556830
v 0.730152 8.500000 -2.576315
v 0.768914 8.500000 -2.596871
v 0.807098 8.500000 -2.618482
v 0.844675 8.500000 -2.641131
v 0.881617 8.500000 -2.664803
v 0.917895 8.500000 -2.689478
v 0.953484 8.500000 -2.715139
v 0.988356 8.500000 -2.741766
v 1.022484 8.500000 -2.769339
v 1.055844 8.500000 -2.797838
v 1.088409 8.500000 -2.827240
v 1.120156 8.500000 -2.857525
v 1.151061 8.500000 -2.888668
v 1.181100 8.500000 -2.920647
v 1.210251 8.500000 -2.953438
v 1.238493 8.500000 -2.987016
v 1.265802 8.500000 -3.021356
v 1.292160 8.500000 -3.056431
v 1.317546 8.500000 -3.092216
v 1.341942 8.500000 -3.128684
v 1.365328 8.500000 -3.165807
v 1.387688 8.500000 -3.203557
v 1.409004 8.500000 -3.241906
v 1.429261 8.500000 -3.280825
v 1.448443 8.500000 -3.320285
v 1.466536 8.500000 -3.360256
v 1.483526 8.500000 -3.400708
v 1.499400 8.500000 -3.441611
v 1.514147 8.500000 -3.482933
v 1.527756 8.500000 -3.524645
v 1.540215 8.500000 -3.566713
v 1.551517 8.500000 -3.609108
v 1.561651 8.500000 -3.651797
v 1.570612 8.500000 -3.694747
v 1.578391 8.500000 -3.737927
v 1.584983 8.500000 -3.781304
v 1.590384 8.500000 -3.824846
v 1.594589 8.500000 -3.868519
v 1.597594 8.500000 -3.912291
v 1.599398 8.500000 -3.956129
v 1.600000 8.500000 -4.000000
v 1.599398 8.500000 -4.043871
v 1.597594 8.500000 -4.087709
v 1.594589 8.500000 -4.131481
v 1.590384 8.500000 -4.175154
v 1.584983 8.500000 -4.218696
v 1.578391 8.500000 -4.262073
v 1.570612 8.500000 -4.305253
v 1.561651 8.500000 -4.348203
v 1.551517 8.500000 -4.390892
v 1.540215 8.500000 -4.433287
v 1.527756 8.500000 -4.475356
v 1.514147 8.500000 -4.517067
v 1.499400 8.500000 -4.558390
v 1.483526 8.500000 -4.599292
v 1.466536 8.500000 -4.639744
v 1.448443 8.500000 -4.679715
v 1.429261 8.500000 -4.719175
v 1.409004 8.500000 -4.758094
v 1.387688 8.500000 -4.796443
v 1.365328 8.500000 -4.834193
v 1.341942 8.500000 -4.871316
v 1.317546 8.500000 -4.907784
v 1.292160 8.500000 -4.943569
v 1.265802 8.500000 -4.978644
v 1.238493 8.500000 -5.012984
v 1.210251 8.500000 -5.046562
v 1.181100 8.500000 -5.079352
v 1.151061 8.500000 -5.111332
v 1.120156 8.500000 -5.142475
v 1.088409 8.500000 -5.172760
v 1.055844 8.500000 -5.202162
v 1.022484 8.500000 -5.230661
v 0.988356 8.500000 -5.258234
v 0.953484 8.500000 -5.284861
v 0.917895 8.500000 -5.310522
v 0.881617 8.500000 -5.335197
v 0.844675 8.500000 -5.358869
v 0.807098 8.500000 -5.381518
v 0.768914 8.500000 -5.403129
v 0.730152 8.500000 -5.423685
v 0.690841 8.500000 -5.443170
v 0.651010 8.500000 -5.461570
v 0.610690 8.500000 -5.478870
v 0.569911 8.500000 -5.495059
v 0.528703 8.500000 -5.510124
v 0.487098 8.500000 -5.524053
v 0.445126 8.500000 -5.536835
v 0.402819 8.500000 -5.548463
v 0.360210 8.500000 -5.558926
v 0.317330 8.500000 -5.568216
v 0.274211 8.500000 -5.576327
v 0.230886 8.500000 -5.583253
v 0.187387 8.500000 -5.588989
v 0.143748 8.500000 -5.593530
vn -1.000000 0.000000 0.000000
vn -1.000000 0.000000 0.000000
vn 0.000000 -1.000000 0.000000
vn 0.000000 -1.000000 0.000000
vn 0.000000 -1.000000 0.000000
vn 0.000000 -1.000000 0.000000
vn 0.000000 -1.000000 0.000000
vn 0.000000 -1.000000 0.000000
vn 0.000000 0.000000 1.000000
vn 0.000000 0.000000 1.000000
vn 0.000000 0.000000 1.000000
vn 0.000000 0.000000 1.000000
vn 0.000000 0.000000 1.000000
vn 0.000000 0.000000 1.000000
vn 0.000000 0.000000 1.000000
vn 0.000000 0.000000 1.000000
vn 0.000000 0.000000 1.000000
vn 0.000000 0.000000 1.000000
vn 0.000000 0.000000 1.000000
vn 0.000000 0.000000 1.000000
vn 0.000000 0.000000 1.000000
vn 0.000000 0.000000 1.000000
vn 0.000000 0.000000 1.000000
vn 0.000000 0.000000 1.000000
vn 0.000000 0.000000 1.000000
vn 0.000000 0.000000 1.000000
vn 0.000000 0.000000 1.000000
vn 0.000000 0.000000 1.000000
vn 0.000000 0.000000 1.000000
vn 0.000000 0.000000 1.000000
vn 0.000000 0.000000 1.000000
vn 0.000000 0.000000 1.000000
vn 0.000000 0.000000 1.000000
vn 0.000000 0.000000 1.000000
vn 0.000000 0.000000 1.000000
vn 0.000000 0.000000 1.000000
vn 0.000000 0.000000 1.000000
vn 0.000000 0.000000 1.000000
vn 0.000000 0.000000 1.000000
vn 0.000000 0.000000 1.000000
vn 0.000000 0.000000 1.000000
vn 0.000000 0.000000 1.000000
vn 0.000000 0.000000 1.000000
vn 0.000000 0.000000 1.000000
vn 0.000000 0.000000 1.000000
vn 0.000000 0.000000 1.000000
vn 0.000000 0.000000 1.000000
vn 0.000000 0.000000 1.000000
vn 0.000000 0.000000 1.000000
vn 0.000000 0.000000 1.000000
vn 0.000000 0.000000 1.000000
vn 0.000000 0.000000 1.000000
vn 0.000000 0.000000 1.000000
vn 0.000000 0.000000 1.000000
vn 0.000000 0.000000 1.000000
vn 0.000000 0.000000 1.000000
vn 0.000000 0.000000 1.000000
vn 0.000000 0.000000 1.000000
vn 0.000000 0.000000 1.000000
vn 0.000000 0.000000 1.000000
vn 0.000000 0.000000 1.000000
vn 0.000000 0.000000 1.000000
vn 0.000000 0.000000 1.000000
vn 0.000000 0.000000 1.000000
vn 0.000000 0.000000 1.000000
vn 0.000000 0.000000 1.000000
vn 0.000000 0.000000 1.000000
vn 0.000000 0.000000 1.000000
vn 0.000000 0.000000 1.000000
vn 0.000000 0.000000 1.000000
vn 0.000000 0.000000 1.000000
vn 0.000000 0.000000 1.000000
vn 0.000000 0.000000 1.000000
vn 0.000000 0.000000 1.000000
vn 0.000000 0.000000 1.000000
vn 0.000000 0.000000 1.000000
vn 0.000000 0.000000 1.000000
vn 0.000000 0.000000 1.000000
vn 0.000000 0.000000 1.000000
vn 0.000000 0.000000 1.000000
vn 0.000000 0.000000 1.000000
vn 0.000000 0.000000 1.000000
vn 0.000000 0.000000 1.000000
vn 0.000000 0.000000 1.000000
vn 0.000000 0.000000 1.000000
vn 0.000000 0.000000 1.000000
vn 0.000000 0.000000 1.000000
vn 0.000000 0.000000 1.000000
vn 0.000000 0.000000 1.000000
vn 0.000000 0.000000 1.000000
vn 0.000000 0.000000 1.000000
vn 0.000000 0.000000 1.000000
vn 0.000000 0.000000 1.000000
vn 0.000000 0.000000 1.000000
vn 0.000000 0.000000 1.000000
vn 0.000000 0.000000 1.000000
vn 0.000000 0.000000 1.000000
vn 0.000000 0.000000 1.000000
vn 0.000000 0.000000 1.000000
vn 0.000000 0.000000 1.000000
vn 0.000000 0.000000 1.000000
vn 0.000000 0.000000 1.000000
vn 0.000000 0.000000 1.000000
vn 0.000000 0.000000 1.000000
vn 0.000000 0.000000 1.000000
vn 0.000000 0.000000 1.000000
vn 0.000000 0.000000 1.000000
vn 0.000000 0.000000 1.000000
vn 0.000000 0.000000 1.000000
vn 0.000000 0.000000 1.000000
vn 0.000000 0.000000 1.000000
vn 0.000000 0.000000 1.000000
vn 0.000000 0.000000 1.000000
vn 0.000000 0.000000 1.000000
vn 0.000000 0.000000 1.000000
vn 0.000000 0.000000 1.000000
vn 0.000000 0.000000 1.000000
vn 0.000000 0.000000 1.000000
vn 0.000000 0.000000 1.000000
vn 0.000000 0.000000 1.000000
vn 0.000000 0.000000 1.000000
vn 0.000000 0.000000 1.000000
vn 0.000000 0.000000 1.000000
vn 0.000000 0.000000 1.000000
vn 0.000000 0.000000 1.000000
vn 0.000000 0.000000 1.000000
vn 0.000000 0.000000 1.000000
vn 0.000000 0.000000 1.000000
vn 0.000000 0.000000 1.000000
vn 0.000000 0.000000 1.000000
vn 0.000000 0.000000 1.000000
vn 0.000000 0.000000 1.000000
vn 0.000000 0.000000 1.000000
vn 0.000000 0.000000 1.000000
vn 0.000000 0.000000 1.000000
vn 0.000000 0.000000 1.000000
vn 0.000000 0.000000 1.000000
vn 0.000000 0.000000 1.000000
vn 0.000000 0.000000 1.000000
vn 0.000000 0.000000 1.000000
vn 0.000000 0.000000 1.000000
vn 0.000000 0.000000 1.000000
vn 0.000000 0.000000 1.000000
vn 0.000000 -0.000000 1.000000
vn 0.000000 0.000000 1.000000
vn 0.000000 0.000000 1.000000
vn 0.000000 0.000000 1.000000
vn 0.000000 0.000000 1.000000
vn 0.000000 0.000000 1.000000
vn 0.000000 0.000000 1.000000
vn 0.000000 0.000000 1.000000
vn 0.000000 0.000000 1.000000
vn 0.000000 0.000000 1.000000
vn 0.000000 0.000000 1.000000
vn 0.000000 0.000000 1.000000
vn 0.000000 0.000000 1.000000
vn 0.000000 0.000000 1.000000
vn 0.000000 0.000000 1.000000
vn 0.000000 0.000000 1.000000
vn 0.000000 0.000000 1.000000
vn 0.000000 0.000000 1.000000
vn 0.000000 0.000000 1.000000
vn 0.000000 0.000000 1.000000
vn 0.000000 -0.000000 1.000000
vn 0.000000 -0.000000 1.000000
vn 0.000000 0.000000 1.000000
vn 0.000000 -0.000000 1.000000
vn 0.000000 0.000000 1.000000
vn 0.000000 0.000000 1.000000
vn 0.000000 0.000000 1.000000
vn 0.000000 0.000000 1.000000
vn 0.000000 0.000000 1.000000
vn 0.000000 0.000000 1.000000
vn 0.000000 0.000000 1.000000
vn 0.000000 0.000000 1.000000
vn 0.000000 0.000000 1.000000
vn 0.000000 0.000000 1.000000
vn 0.000000 0.000000 1.000000
vn 0.000000 0.000000 1.000000
vn 0.000000 0.000000 1.000000
vn 0.000000 0.000000 1.000000
vn 0.000000 0.000000 1.000000
vn 0.000000 0.000000 1.000000
vn 0.000000 0.000000 1.000000
vn 0.000000 0.000000 1.000000
vn 0.000000 0.000000 1.000000
vn 0.000000 0.000000 1.000000
vn 0.000000 0.000000 1.000000
vn 0.000000 0.000000 1.000000
vn 0.000000 0.000000 1.000000
vn 0.000000 0.000000 1.000000
vn 0.000000 0.000000 1.000000
vn 0.000000 0.000000 1.000000
vn 0.000000 0.000000 1.000000
vn 0.000000 0.000000 1.000000
vn 0.000000 0.000000 1.000000
vn 0.000000 0.000000 1.000000
vn 0.000000 0.000000 1.000000
vn 0.000000 0.000000 1.000000
vn 0.000000 0.000000 1.000000
vn 0.000000 0.000000 1.000000
vn 0.000000 0.000000 1.000000
vn 0.000000 0.000000 1.000000
vn 0.000000 0.000000 1.000000
vn 0.000000 0.000000 1.000000
vn 0.000000 0.000000 1.000000
vn 0.000000 0.000000 1.000000
vn 0.000000 0.000000 1.000000
vn 0.000000 0.000000 1.000000
vn 0.000000 0.000000 1.000000
vn 0.000000 0.000000 1.000000
vn 0.000000 0.000000 1.000000
vn 0.000000 0.000000 1.000000
vn 0.000000 0.000000 1.000000
vn 0.000000 0.000000 1.000000
vn 0.000000 0.000000 1.000000
vn 0.000000 0.000000 1.000000
vn 0.000000 0.000000 1.000000
vn 0.000000 0.000000 1.000000
vn 0.000000 0.000000 1.000000
vn 0.000000 0.000000 1.000000
vn 0.000000 0.000000 1.000000
vn 0.000000 0.000000 1.000000
vn 0.000000 0.000000 1.000000
vn 0.000000 0.000000 1.000000
vn 0.000000 0.000000 1.000000
vn 0.000000 0.000000 1.000000
vn 0.000000 0.000000 1.000000
vn 0.000000 0.000000 1.000000
vn 0.000000 0.000000 1.000000
vn 0.000000 0.000000 1.000000
vn 0.000000 0.000000 1.000000
vn 0.000000 0.000000 1.000000
vn 0.000000 0.000000 1.000000
vn 0.000000 0.000000 1.000000
vn 0.000000 0.000000 1.000000
vn 0.000000 0.000000 1.000000
vn 0.000000 0.000000 1.000000
vn 0.000000 0.000000 1.000000
vn 0.000000 0.000000 1.000000
vn 0.000000 0.000000 1.000000
vn 0.000000 0.000000 1.000000
vn 0.000000 0.000000 1.000000
vn 0.000000 0.000000 1.000000
vn 0.000000 0.000000 1.000000
vn 0.000000 0.000000 1.000000
vn 0.000000 0.000000 1.000000
vn 0.000000 0.000000 1.000000
vn 0.000000 0.000000 1.000000
vn 0.000000 0.000000 1.000000
vn 0.000000 0.000000 1.000000
vn 0.000000 0.000000 1.000000
vn 0.000000 0.000000 1.000000
vn 0.000000 0.000000 1.000000
vn 0.000000 0.000000 1.000000
vn 0.000000 0.000000 1.000000
vn 0.000000 0.000000 1.000000
vn 0.000000 0.000000 1.000000
vn 0.000000 0.000000 1.000000
vn 0.000000 0.000000 1.000000
vn 0.000000 0.000000 1.000000
vn 0.000000 0.000000 1.000000
vn 0.000000 0.000000 1.000000
vn 0.000000 0.000000 1.000000
vn 0.000000 0.000000 1.000000
vn 0.000000 0.000000 1.000000
vn 0.000000 0.000000 1.000000
vn 0.000000 0.000000 1.000000
vn 0.000000 0.000000 1.000000
vn 0.000000 0.000000 1.000000
vn 0.000000 0.000000 1.000000
vn 0.000000 0.000000 1.000000
vn 0.000000 0.000000 1.000000
vn 0.000000 0.000000 1.000000
vn 0.000000 0.000000 1.000000
vn 0.000000 0.000000 1.000000
vn 0.000000 0.000000 1.000000
vn 0.000000 0.000000 1.000000
vn 0.000000 0.000000 1.000000
vn 0.000000 0.000000 1.000000
vn 0.000000 0.000000 1.000000
vn 0.000000 0.000000 1.000000
vn 0.000000 0.000000 1.000000
vn 0.000000 0.000000 1.000000
vn 0.000000 0.000000 1.000000
vn 0.000000 0.000000 1.000000
vn 0.000000 0.000000 1.000000
vn 0.000000 0.000000 1.000000
vn 0.000000 0.000000 1.000000
vn 0.000000 0.000000 1.000000
vn 0.000000 0.000000 1.000000
vn 0.000000 0.000000 1.000000
vn 0.000000 0.000000 1.000000
vn 0.000000 0.000000 1.000000
vn 0.000000 0.000000 1.000000
vn 0.000000 0.000000 1.000000
vn 0.000000 0.000000 1.000000
vn 0.000000 0.000000 1.000000
vn 0.000000 0.000000 1.000000
vn 0.000000 0.000000 1.000000
vn 0.000000 0.000000 1.000000
vn 0.000000 0.000000 1.000000
vn 0.000000 0.000000 1.000000
vn 0.000000 0.000000 1.000000
vn 0.000000 0.000000 1.000000
vn 0.000000 0.000000 1.000000
vn 0.000000 0.000000 1.000000
vn 0.000000 0.000000 1.000000
vn 0.000000 0.000000 1.000000
vn 0.000000 0.000000 1.000000
vn 0.000000 0.000000 1.000000
vn 0.000000 0.000000 1.000000
vn 0.000000 0.000000 1.000000
vn 0.000000 0.000000 1.000000
vn 0.000000 0.000000 1.000000
vn 0.000000 0.000000 1.000000
vn 0.000000 0.000000 1.000000
vn 0.000000 0.000000 1.000000
vn 0.000000 0.000000 1.000000
vn 0.000000 0.000000 1.000000
vn 0.000000 0.000000 1.000000
vn 0.000000 0.000000 1.000000
vn 0.000000 0.000000 1.000000
vn 0.000000 0.000000 1.000000
vn 0.000000 0.000000 1.000000
vn 0.000000 0.000000 1.000000
vn 0.000000 0.000000 1.000000
vn 0.000000 0.000000 1.000000
vn 0.000000 0.000000 1.000000
vn 0.000000 0.000000 1.000000
vn 0.000000 0.000000 1.000000
vn 0.000000 0.000000 1.000000
vn 0.000000 0.000000 1.000000
vn 0.000000 0.000000 1.000000
vn 0.000000 0.000000 1.000000
vn 0.000000 0.000000 1.000000
vn 0.000000 0.000000 1.000000
vn 0.000000 0.000000 1.000000
vn 0.000000 0.000000 1.000000
vn 0.000000 0.000000 1.000000
vn 0.000000 0.000000 1.000000
vn 0.000000 0.000000 1.000000
vn 0.000000 0.000000 1.000000
vn 0.000000 0.000000 1.000000
vn 0.000000 0.000000 1.000000
vn 0.000000 0.000000 1.000000
vn 0.000000 0.000000 1.000000
vn 0.000000 0.000000 1.000000
vn 0.000000 0.000000 1.000000
vn 0.000000 0.000000 1.000000
vn 0.000000 0.000000 1.000000
vn 0.000000 0.000000 1.000000
vn 0.000000 0.000000 1.000000
vn 0.000000 0.000000 1.000000
vn 0.000000 0.000000 1.000000
vn 0.000000 0.000000 1.000000
vn 0.000000 0.000000 1.000000
vn 0.000000 0.000000 1.000000
vn 0.000000 0.000000 1.000000
vn 0.000000 0.000000 1.000000
vn 0.000000 0.000000 1.000000
vn 0.000000 0.000000 1.000000
vn 0.000000 0.000000 1.000000
vn 0.000000 0.000000 1.000000
vn 0.000000 0.000000 1.000000
vn 0.000000 0.000000 1.000000
vn 0.000000 0.000000 1.000000
vn 0.000000 0.000000 1.000000
vn 0.000000 0.000000 1.000000
vn 0.000000 0.000000 1.000000
vn 0.000000 0.000000 1.000000
vn 0.000000 0.000000 1.000000
vn 0.000000 0.000000 1.000000
vn 0.000000 0.000000 1.000000
vn 0.000000 0.000000 1.000000
vn 0.000000 0.000000 1.000000
vn 0.000000 0.000000 1.000000
vn 0.000000 0.000000 1.000000
vn 0.000000 0.000000 1.000000
vn 0.000000 0.000000 1.000000
vn 0.000000 0.000000 1.000000
vn 0.000000 0.000000 1.000000
vn 0.000000 0.000000 1.000000
vn 0.000000 0.000000 1.000000
vn 0.000000 0.000000 1.000000
vn 0.000000 0.000000 1.000000
vn 0.000000 0.000000 1.000000
vn 0.000000 0.000000 1.000000
vn 0.000000 0.000000 1.000000
vn 0.000000 0.000000 1.000000
vn 0.000000 0.000000 1.000000
vn 0.000000 0.000000 1.000000
vn 0.000000 0.000000 1.000000
vn 0.000000 0.000000 1.000000
vn 0.000000 0.000000 1.000000
vn 0.000000 0.000000 1.000000
vn 0.000000 0.000000 1.000000
vn 0.000000 0.000000 1.000000
vn 0.000000 0.000000 1.000000
vn 0.000000 0.000000 1.000000
vn 0.000000 0.000000 1.000000
vn 0.000000 0.000000 1.000000
vn 0.000000 0.000000 1.000000
vn 0.000000 0.000000 1.000000
vn 0.000000 0.000000 1.000000
vn 0.000000 0.000000 1.000000
vn 0.000000 0.000000 1.000000
vn 0.000000 0.000000 1.000000
vn 0.000000 0.000000 1.000000
vn 0.000000 0.000000 1.000000
vn 0.000000 0.000000 1.000000
vn 0.000000 0.000000 1.000000
vn 0.000000 0.000000 1.000000
vn 0.000000 0.000000 1.000000
vn 0.000000 0.000000 1.000000
vn 0.000000 0.000000 1.000000
vn 0.000000 0.000000 1.000000
vn 0.000000 0.000000 1.000000
vn 0.000000 0.000000 1.000000
vn 0.000000 0.000000 1.000000
vn 0.000000 0.000000 1.000000
vn 0.000000 0.000000 1.000000
vn 0.000000 0.000000 1.000000
vn 0.000000 0.000000 1.000000
vn 0.000000 0.000000 1.000000
vn 0.000000 0.000000 1.000000
vn 0.000000 0.000000 1.000000
vn 0.000000 0.000000 1.000000
vn 0.000000 0.000000 1.000000
vn 0.000000 0.000000 1.000000
vn 0.000000 0.000000 1.000000
vn 0.000000 0.000000 1.000000
vn 0.000000 0.000000 1.000000
vn 0.000000 0.000000 1.000000
vn 0.000000 0.000000 1.000000
vn 0.000000 0.000000 1.000000
vn 0.000000 0.000000 1.000000
vn 0.000000 0.000000 1.000000
vn 0.000000 0.000000 1.000000
vn 0.000000 0.000000 1.000000
vn 0.000000 0.000000 1.000000
vn 0.000000 0.000000 1.000000
vn 0.000000 0.000000 1.000000
vn 0.000000 0.000000 1.000000
vn 0.000000 0.000000 1.000000
vn 0.000000 0.000000 1.000000
vn 0.000000 0.000000 1.000000
vn 0.000000 0.000000 1.000000
vn 0.000000 0.000000 1.000000
vn 0.000000 0.000000 1.000000
vn 0.000000 0.000000 1.000000
vn 0.000000 0.000000 1.000000
vn 0.000000 0.000000 1.000000
vn 0.000000 0.000000 1.000000
vn 0.000000 0.000000 1.000000
vn -0.000000 -0.000000 1.000000
vn -0.000000 0.000000 1.000000
vn -0.000000 -0.000000 1.000000
vn -0.000000 -0.000000 1.000000
vn -0.000000 -0.000000 1.000000
vn 0.000000 0.000000 1.000000
vn 0.000000 0.000000 1.000000
vn 0.000000 -0.000000 1.000000
vn 0.000000 -0.000000 1.000000
vn 0.000000 -0.000000 1.000000
vn 0.000000 -0.000000 1.000000
vn 0.000000 -0.000000 1.000000
vn 0.000000 -0.000000 1.000000
vn 0.000000 -0.000000 1.000000
vn 0.000000 -0.000000 1.000000
vn 0.000000 -0.000000 1.000000
vn 0.000000 -0.000000 1.000000
vn 0.000000 -0.000000 1.000000
vn 0.000000 -0.000000 1.000000
vn 0.000000 -0.000000 1.000000
vn 0.000000 -0.000000 1.000000
vn 0.000000 -0.000000 1.000000
vn 0.000000 -0.000000 1.000000
vn 0.000000 -0.000000 1.000000
vn 0.000000 -0.000000 1.000000
vn 0.000000 -0.000000 1.000000
vn 0.000000 -0.000000 1.000000
vn 0.000000 -0.000000 1.000000
vn 0.000000 -0.000000 1.000000
vn -0.000000 -0.000000 1.000000
vn 0.000000 -0.000000 1.000000
vn 0.000000 -0.000000 1.000000
vn 0.000000 -0.000000 1.000000
vn 0.000000 0.000000 1.000000
vn 0.000000 0.000000 1.000000
vn 0.000000 0.000000 1.000000
vn 0.000000 0.000000 1.000000
vn 0.000000 0.000000 1.000000
vn 0.000000 0.000000 1.000000
vn 0.000000 0.000000 1.000000
vn 0.000000 0.000000 1.000000
vn 0.000000 0.000000 1.000000
vn 0.000000 0.000000 1.000000
vn 0.000000 0.000000 1.000000
vn 0.000000 0.000000 1.000000
vn 0.000000 0.000000 1.000000
vn 0.000000 0.000000 1.000000
vn 0.000000 0.000000 1.000000
vn 0.000000 0.000000 1.000000
vn 0.000000 0.000000 1.000000
vn 0.000000 0.000000 1.000000
vn 0.000000 0.000000 1.000000
vn 0.000000 0.000000 1.000000
vn 0.000000 0.000000 1.000000
vn 0.000000 0.000000 1.000000
vn 0.000000 1.000000 0.000000
vn 0.000000 1.000000 0.000000
vn 0.000000 1.000000 0.000000
vn 0.000000 1.000000 0.000000
vn -0.707107 0.000000 0.707107
vn -0.707107 0.000000 0.707107
vn 1.000000 0.000000 0.000000
vn 1.000000 -0.000000 0.000000
vn 0.707107 0.000000 0.707107
vn 0.707107 0.000000 0.707107
vn 0.000000 0.000000 1.000000
vn 0.000000 0.000000 1.000000
vn -0.707107 -0.707107 0.000000
vn -0.707107 -0.707107 0.000000
vn 0.000000 0.000000 -1.000000
vn 0.000000 0.000000 -1.000000
vn 0.000000 -0.000000 -1.000000
vn 0.000000 0.000000 -1.000000
vn 0.000000 -0.000000 -1.000000
vn 0.000000 0.000000 -1.000000
vn 0.000000 -0.000000 -1.000000
vn 0.000000 0.000000 -1.000000
vn 0.000000 -0.000000 -1.000000
vn 0.000000 0.000000 -1.000000
vn 0.000000 -0.000000 -1.000000
vn 0.000000 0.000000 -1.000000
vn 0.000000 -0.000000 -1.000000
vn 0.000000 0.000000 -1.000000
vn 0.000000 -0.000000 -1.000000
vn 0.000000 0.000000 -1.000000
vn 0.000000 0.000000 -1.000000
vn 0.000000 -0.000000 -1.000000
vn 0.000000 0.000000 -1.000000
vn 0.000000 -0.000000 -1.000000
vn 0.000000 0.000000 -1.000000
vn 0.000000 -0.000000 -1.000000
vn 0.000000 0.000000 -1.000000
vn 0.000000 -0.000000 -1.000000
vn 0.000000 0.000000 -1.000000
vn 0.000000 -0.000000 -1.000000
vn 0.000000 0.000000 -1.000000
vn 0.000000 -0.000000 -1.000000
vn 0.000000 0.000000 -1.000000
vn 0.000000 -0.000000 -1.000000
vn 0.000000 0.000000 -1.000000
vn 0.000000 -0.000000 -1.000000
vn 0.000000 0.000000 -1.000000
vn 0.000000 -0.000000 -1.000000
vn 0.000000 0.000000 -1.000000
vn 0.000000 -0.000000 -1.000000
vn 0.000000 0.000000 -1.000000
vn 0.000000 -0.000000 -1.000000
vn 0.000000 0.000000 -1.000000
vn 0.000000 -0.000000 -1.000000
vn 0.000000 0.000000 -1.000000
vn 0.000000 -0.000000 -1.000000
vn 0.000000 0.000000 -1.000000
vn 0.000000 -0.000000 -1.000000
vn 0.000000 0.000000 -1.000000
vn 0.000000 -0.000000 -1.000000
vn 0.000000 0.000000 -1.000000
vn 0.000000 -0.000000 -1.000000
vn 0.000000 0.000000 -1.000000
vn 0.000000 -0.000000 -1.000000
vn 0.000000 0.000000 -1.000000
vn 0.000000 -0.000000 -1.000000
vn 0.000000 0.000000 -1.000000
vn 0.000000 -0.000000 -1.000000
vn 0.000000 0.000000 -1.000000
vn 0.000000 -0.000000 -1.000000
vn 0.000000 0.000000 -1.000000
vn 0.000000 -0.000000 -1.000000
vn 0.000000 0.000000 -1.000000
vn 0.000000 -0.000000 -1.000000
vn 0.000000 0.000000 -1.000000
vn 0.000000 0.000000 -1.000000
vn 0.000000 0.000000 -1.000000
vn 0.000000 0.000000 -1.000000
vn 0.000000 0.000000 -1.000000
vn 0.000000 0.000000 -1.000000
vn 0.000000 0.000000 -1.000000
vn 0.000000 0.000000 -1.000000
vn 0.000000 0.000000 -1.000000
vn 0.000000 0.000000 -1.000000
vn 0.000000 0.000000 -1.000000
vn 0.000000 0.000000 -1.000000
vn 0.000000 -0.000000 -1.000000
vn 0.000000 -0.000000 -1.000000
vn 0.000000 -0.000000 -1.000000
vn 0.000000 -0.000000 -1.000000
vn 0.000000 -0.000000 -1.000000
vn 0.000000 -0.000000 -1.000000
vn 0.000000 -0.000000 -1.000000
vn 0.000000 -0.000000 -1.000000
vn 0.000000 -0.000000 -1.000000
vn 0.000000 -0.000000 -1.000000
vn 0.000000 -0.000000 -1.000000
vn 0.000000 -0.000000 -1.000000
vn 0.000000 0.000000 -1.000000
vn 0.000000 0.000000 -1.000000
vn 0.000000 0.000000 -1.000000
vn 0.000000 0.000000 -1.000000
vn 0.000000 0.000000 -1.000000
vn 0.000000 0.000000 -1.000000
vn 0.000000 0.000000 -1.000000
vn 0.000000 0.000000 -1.000000
vn 0.000000 0.000000 -1.000000
vn 0.000000 0.000000 -1.000000
vn 0.000000 0.000000 -1.000000
vn 0.000000 0.000000 -1.000000
vn 0.000000 0.000000 -1.000000
vn 0.000000 0.000000 -1.000000
vn 0.000000 0.000000 -1.000000
vn 0.000000 0.000000 -1.000000
vn 0.000000 0.000000 -1.000000
vn 0.000000 0.000000 -1.000000
vn 0.000000 0.000000 -1.000000
vn 0.000000 0.000000 -1.000000
vn 0.000000 0.000000 -1.000000
vn 0.000000 0.000000 -1.000000
vn 0.000000 0.000000 -1.000000
vn 0.000000 0.000000 -1.000000
vn 0.000000 0.000000 -1.000000
vn 0.000000 0.000000 -1.000000
vn 0.000000 0.000000 -1.000000
vn 0.000000 0.000000 -1.000000
vn 0.000000 0.000000 -1.000000
vn 0.000000 0.000000 -1.000000
vn 0.000000 0.000000 -1.000000
vn 0.000000 0.000000 -1.000000
vn 0.000000 0.000000 -1.000000
vn 0.000000 0.000000 -1.000000
vn 0.000000 0.000000 -1.000000
vn 0.000000 0.000000 -1.000000
vn 0.000000 0.000000 -1.000000
vn 0.000000 0.000000 -1.000000
vn 0.000000 0.000000 -1.000000
vn 0.000000 -0.000000 -1.000000
vn 0.000000 -0.000000 -1.000000
vn 0.000000 -0.000000 -1.000000
vn 0.000000 -0.000000 -1.000000
vn 0.000000 -0.000000 -1.000000
vn 0.000000 -0.000000 -1.000000
vn 0.000000 -0.000000 -1.000000
vn 0.000000 -0.000000 -1.000000
vn 0.000000 -0.000000 -1.000000
vn 0.000000 0.000000 -1.000000
vn 0.000000 -0.000000 -1.000000
vn 0.000000 0.000000 -1.000000
vn 0.000000 -0.000000 -1.000000
vn 0.000000 0.000000 -1.000000
vn 0.000000 -0.000000 -1.000000
vn 0.000000 0.000000 -1.000000
vn 0.000000 -0.000000 -1.000000
vn 0.000000 0.000000 -1.000000
vn 0.000000 -0.000000 -1.000000
vn 0.000000 0.000000 -1.000000
vn 0.000000 -0.000000 -1.000000
vn 0.000000 0.000000 -1.000000
vn 0.000000 -0.000000 -1.000000
vn 0.000000 0.000000 -1.000000
vn 0.000000 -0.000000 -1.000000
vn 0.000000 0.000000 -1.000000
vn 0.000000 -0.000000 -1.000000
vn 0.000000 0.000000 -1.000000
vn 0.000000 -0.000000 -1.000000
vn 0.000000 0.000000 -1.000000
vn 0.000000 -0.000000 -1.000000
vn 0.000000 0.000000 -1.000000
vn 0.000000 -0.000000 -1.000000
vn 0.000000 0.000000 -1.000000
vn 0.000000 -0.000000 -1.000000
vn 0.000000 0.000000 -1.000000
vn 0.000000 -0.000000 -1.000000
vn 0.000000 0.000000 -1.000000
vn 0.000000 -0.000000 -1.000000
vn 0.000000 0.000000 -1.000000
vn 0.000000 -0.000000 -1.000000
vn 0.000000 0.000000 -1.000000
vn 0.000000 -0.000000 -1.000000
vn 0.000000 0.000000 -1.000000
vn 0.000000 -0.000000 -1.000000
vn 0.000000 0.000000 -1.000000
vn 0.000000 -0.000000 -1.000000
vn 0.000000 -0.000000 -1.000000
vn 0.000000 -0.000000 -1.000000
vn 0.000000 -0.000000 -1.000000
vn 0.000000 -0.000000 -1.000000
vn 0.000000 -0.000000 -1.000000
vn 0.000000 -0.000000 -1.000000
vn 0.000000 -0.000000 -1.000000
vn 0.000000 -0.000000 -1.000000
vn 0.000000 0.000000 -1.000000
vn 0.000000 0.000000 -1.000000
vn 0.000000 0.000000 -1.000000
vn 0.000000 -0.000000 -1.000000
vn 0.000000 0.000000 -1.000000
vn 0.000000 -0.000000 -1.000000
vn 0.000000 0.000000 -1.000000
vn 0.000000 -0.000000 -1.000000
vn 0.000000 0.000000 -1.000000
vn 0.000000 -0.000000 -1.000000
vn 0.000000 0.000000 -1.000000
vn 0.000000 -0.000000 -1.000000
vn 0.000000 0.000000 -1.000000
vn 0.000000 -0.000000 -1.000000
vn 0.000000 0.000000 -1.000000
vn 0.000000 -0.000000 -1.000000
vn 0.000000 0.000000 -1.000000
vn 0.000000 -0.000000 -1.000000
vn 0.000000 0.000000 -1.000000
vn 0.000000 -0.000000 -1.000000
vn 0.000000 0.000000 -1.000000
vn 0.000000 0.000000 -1.000000
vn 0.000000 0.000000 -1.000000
vn 0.000000 0.000000 -1.000000
vn 0.000000 0.000000 -1.000000
vn 0.000000 0.000000 -1.000000
vn 0.000000 0.000000 -1.000000
vn 0.000000 0.000000 -1.000000
vn 0.000000 0.000000 -1.000000
vn 0.000000 0.000000 -1.000000
vn 0.000000 0.000000 -1.000000
vn 0.000000 0.000000 -1.000000
vn 0.000000 0.000000 -1.000000
vn 0.000000 0.000000 -1.000000
vn 0.000000 0.000000 -1.000000
vn 0.000000 0.000000 -1.000000
vn 0.000000 0.000000 -1.000000
vn 0.000000 0.000000 -1.000000
vn 0.000000 0.000000 -1.000000
vn 0.000000 0.000000 -1.000000
vn 0.000000 0.000000 -1.000000
vn 0.000000 0.000000 -1.000000
vn 0.000000 0.000000 -1.000000
vn 0.000000 0.000000 -1.000000
vn 0.000000 0.000000 -1.000000
vn 0.000000 0.000000 -1.000000
vn 0.000000 0.000000 -1.000000
vn 0.000000 0.000000 -1.000000
vn 0.000000 0.000000 -1.000000
vn 0.000000 0.000000 -1.000000
vn 0.000000 0.000000 -1.000000
vn 0.000000 0.000000 -1.000000
vn 0.000000 0.000000 -1.000000
vn 0.000000 0.000000 -1.000000
vn 0.000000 0.000000 -1.000000
vn 0.000000 0.000000 -1.000000
vn 0.000000 0.000000 -1.000000
vn 0.000000 0.000000 -1.000000
vn 0.000000 0.000000 -1.000000
vn 0.000000 0.000000 -1.000000
vn 0.000000 0.000000 -1.000000
vn 0.000000 0.000000 -1.000000
vn 0.000000 0.000000 -1.000000
vn 0.000000 0.000000 -1.000000
vn 0.000000 0.000000 -1.000000
vn 0.000000 0.000000 -1.000000
vn 0.000000 0.000000 -1.000000
vn 0.000000 0.000000 -1.000000
vn 0.000000 0.000000 -1.000000
vn 0.000000 0.000000 -1.000000
vn 0.000000 0.000000 -1.000000
vn 0.000000 0.000000 -1.000000
vn 0.000000 0.000000 -1.000000
vn 0.000000 0.000000 -1.000000
vn 0.000000 0.000000 -1.000000
vn 0.000000 0.000000 -1.000000
vn 0.000000 0.000000 -1.000000
vn 0.000000 0.000000 -1.000000
vn 0.000000 0.000000 -1.000000
vn 0.000000 0.000000 -1.000000
vn 0.000000 0.000000 -1.000000
vn 0.000000 0.000000 -1.000000
vn 0.000000 0.000000 -1.000000
vn 0.000000 0.000000 -1.000000
vn 0.000000 0.000000 -1.000000
vn 0.000000 0.000000 -1.000000
vn 0.000000 0.000000 -1.000000
vn 0.000000 0.000000 -1.000000
vn 0.000000 0.000000 -1.000000
vn 0.000000 0.000000 -1.000000
vn 0.000000 0.000000 -1.000000
vn 0.000000 0.000000 -1.000000
vn 0.000000 0.000000 -1.000000
vn 0.000000 0.000000 -1.000000
vn 0.000000 0.000000 -1.000000
vn 0.000000 0.000000 -1.000000
vn 0.000000 0.000000 -1.000000
vn 0.000000 0.000000 -1.000000
vn 0.000000 0.000000 -1.000000
vn 0.000000 0.000000 -1.000000
vn 0.000000 -0.000000 -1.000000
vn 0.000000 0.000000 -1.000000
vn 0.000000 0.000000 -1.000000
vn 0.000000 0.000000 -1.000000
vn 0.000000 0.000000 -1.000000
vn 0.000000 0.000000 -1.000000
vn 0.000000 0.000000 -1.000000
vn 0.000000 0.000000 -1.000000
vn 0.000000 0.000000 -1.000000
vn 0.000000 0.000000 -1.000000
vn 0.000000 0.000000 -1.000000
vn 0.000000 0.000000 -1.000000
vn 0.000000 0.000000 -1.000000
vn 0.000000 0.000000 -1.000000
vn 0.000000 0.000000 -1.000000
vn 0.000000 0.000000 -1.000000
vn 0.000000 0.000000 -1.000000
vn 0.000000 0.000000 -1.000000
vn 0.000000 0.000000 -1.000000
vn 0.000000 0.000000 -1.000000
vn 0.000000 0.000000 -1.000000
vn 0.000000 0.000000 -1.000000
vn 0.000000 0.000000 -1.000000
vn 0.000000 0.000000 -1.000000
vn 0.000000 0.000000 -1.000000
vn 0.000000 0.000000 -1.000000
vn 0.000000 0.000000 -1.000000
vn 0.000000 0.000000 -1.000000
vn 0.000000 0.000000 -1.000000
vn 0.000000 0.000000 -1.000000
vn 0.000000 0.000000 -1.000000
vn 0.000000 0.000000 -1.000000
vn 0.000000 0.000000 -1.000000
vn 0.000000 0.000000 -1.000000
vn 0.000000 0.000000 -1.000000
vn 0.000000 0.000000 -1.000000
vn 0.000000 0.000000 -1.000000
vn 0.000000 0.000000 -1.000000
vn 0.000000 0.000000 -1.000000
vn 0.000000 0.000000 -1.000000
vn 0.000000 0.000000 -1.000000
vn 0.000000 0.000000 -1.000000
vn 0.000000 0.000000 -1.000000
vn 0.000000 0.000000 -1.000000
vn 0.000000 0.000000 -1.000000
vn 0.000000 0.000000 -1.000000
vn 0.000000 0.000000 -1.000000
vn 0.000000 0.000000 -1.000000
vn 0.000000 0.000000 -1.000000
vn 0.000000 0.000000 -1.000000
vn 0.000000 0.000000 -1.000000
vn 0.000000 0.000000 -1.000000
vn 0.000000 0.000000 -1.000000
vn 0.000000 0.000000 -1.000000
vn 0.000000 0.000000 -1.000000
vn 0.000000 0.000000 -1.000000
vn 0.000000 0.000000 -1.000000
vn 0.000000 0.000000 -1.000000
vn 0.000000 0.000000 -1.000000
vn 0.000000 0.000000 -1.000000
vn 0.000000 0.000000 -1.000000
vn 0.000000 0.000000 -1.000000
vn 0.000000 0.000000 -1.000000
vn 0.000000 0.000000 -1.000000
vn 0.000000 0.000000 -1.000000
vn 0.000000 0.000000 -1.000000
vn 0.000000 0.000000 -1.000000
vn 0.000000 0.000000 -1.000000
vn 0.000000 0.000000 -1.000000
vn 0.000000 0.000000 -1.000000
vn 0.000000 0.000000 -1.000000
vn 0.000000 0.000000 -1.000000
vn 0.000000 0.000000 -1.000000
vn 0.000000 0.000000 -1.000000
vn 0.000000 0.000000 -1.000000
vn 0.000000 0.000000 -1.000000
vn 0.000000 0.000000 -1.000000
vn 0.000000 0.000000 -1.000000
vn 0.000000 0.000000 -1.000000
vn 0.000000 0.000000 -1.000000
vn 0.000000 0.000000 -1.000000
vn 0.000000 0.000000 -1.000000
vn 0.000000 0.000000 -1.000000
vn 0.000000 0.000000 -1.000000
vn 0.000000 0.000000 -1.000000
vn 0.000000 0.000000 -1.000000
vn 0.000000 0.000000 -1.000000
vn 0.000000 0.000000 -1.000000
vn 0.000000 0.000000 -1.000000
vn 0.000000 0.000000 -1.000000
vn 0.000000 0.000000 -1.000000
vn 0.000000 0.000000 -1.000000
vn 0.000000 0.000000 -1.000000
vn 0.000000 0.000000 -1.000000
vn 0.000000 0.000000 -1.000000
vn 0.000000 0.000000 -1.000000
vn 0.000000 0.000000 -1.000000
vn 0.000000 0.000000 -1.000000
vn 0.000000 0.000000 -1.000000
vn 0.000000 -0.000000 -1.000000
vn 0.000000 -0.000000 -1.000000
vn 0.000000 -0.000000 -1.000000
vn 0.000000 -0.000000 -1.000000
vn 0.000000 -0.000000 -1.000000
vn 0.000000 -0.000000 -1.000000
vn 0.000000 -0.000000 -1.000000
vn 0.000000 -0.000000 -1.000000
vn 0.000000 -0.000000 -1.000000
vn 0.000000 -0.000000 -1.000000
vn 0.000000 -0.000000 -1.000000
vn 0.000000 -0.000000 -1.000000
vn 0.000000 -0.000000 -1.000000
vn 0.000000 -0.000000 -1.000000
vn 0.000000 -0.000000 -1.000000
vn 0.000000 -0.000000 -1.000000
vn 0.000000 -0.000000 -1.000000
vn 0.000000 -0.000000 -1.000000
vn 0.000000 -0.000000 -1.000000
vn 0.000000 -0.000000 -1.000000
vn 0.000000 -0.000000 -1.000000
vn 0.000000 0.000000 -1.000000
vn 0.000000 -0.000000 -1.000000
vn 0.000000 0.000000 -1.000000
vn 0.000000 -0.000000 -1.000000
vn 0.000000 0.000000 -1.000000
vn 0.000000 -0.000000 -1.000000
vn 0.000000 0.000000 -1.000000
vn 0.000000 -0.000000 -1.000000
vn 0.000000 0.000000 -1.000000
vn 0.000000 -0.000000 -1.000000
vn 0.000000 0.000000 -1.000000
vn 0.000000 -0.000000 -1.000000
vn 0.000000 0.000000 -1.000000
vn 0.000000 -0.000000 -1.000000
vn 0.000000 -0.000000 -1.000000
vn 0.000000 -0.000000 -1.000000
vn 0.000000 -0.000000 -1.000000
vn 0.000000 -0.000000 -1.000000
vn 0.000000 -0.000000 -1.000000
vn 0.000000 -0.000000 -1.000000
vn 0.000000 -0.000000 -1.000000
vn 0.000000 -0.000000 -1.000000
vn 0.000000 -0.000000 -1.000000
vn 0.000000 -0.000000 -1.000000
vn 0.000000 0.000000 -1.000000
vn 0.000000 0.000000 -1.000000
vn 0.000000 0.000000 -1.000000
vn 0.000000 0.000000 -1.000000
vn 0.000000 0.000000 -1.000000
vn 0.000000 0.000000 -1.000000
vn 0.000000 0.000000 -1.000000
vn 0.000000 0.000000 -1.000000
vn 0.000000 0.000000 -1.000000
vn 0.000000 0.000000 -1.000000
vn 0.000000 0.000000 -1.000000
vn 0.000000 0.000000 -1.000000
vn 0.000000 0.000000 -1.000000
vn 0.000000 0.000000 -1.000000
vn 0.000000 0.000000 -1.000000
vn 0.000000 0.000000 -1.000000
vn 0.000000 0.000000 -1.000000
vn 0.000000 0.000000 -1.000000
vn 0.000000 0.000000 -1.000000
vn 0.000000 0.000000 -1.000000
vn 0.000000 0.000000 -1.000000
vn 0.000000 0.000000 -1.000000
vn 0.000000 0.000000 -1.000000
vn 0.000000 0.000000 -1.000000
vn 0.000000 0.000000 -1.000000
vn 0.000000 0.000000 -1.000000
vn 0.000000 0.000000 -1.000000
vn 0.000000 0.000000 -1.000000
vn 0.000000 0.000000 -1.000000
vn 0.000000 0.000000 -1.000000
vn 0.000000 0.000000 -1.000000
vn 0.000000 0.000000 -1.000000
vn 0.000000 0.000000 -1.000000
vn 0.000000 0.000000 -1.000000
vn 0.000000 0.000000 -1.000000
vn 0.000000 0.000000 -1.000000
vn 0.000000 0.000000 -1.000000
vn 0.000000 0.000000 -1.000000
vn 0.000000 0.000000 -1.000000
vn 0.000000 0.000000 -1.000000
vn 0.000000 0.000000 -1.000000
vn 0.000000 0.000000 -1.000000
vn 0.000000 0.000000 -1.000000
vn 0.000000 0.000000 -1.000000
vn 0.000000 0.000000 -1.000000
vn 0.000000 0.000000 -1.000000
vn 0.000000 0.000000 -1.000000
vn 0.000000 0.000000 -1.000000
vn 0.000000 0.000000 -1.000000
vn 0.000000 0.000000 -1.000000
vn 0.000000 0.000000 -1.000000
vn 0.000000 0.000000 -1.000000
vn 0.000000 0.000000 -1.000000
vn 0.000000 0.000000 -1.000000
vn 0.707107 -0.707107 0.000000
vn 0.707107 -0.707107 0.000000
vn 1.000000 0.000000 0.000000
vn 1.000000 -0.000000 0.000000
vn 0.000000 1.000000 0.000000
vn 0.000000 1.000000 0.000000
vn -1.000000 0.000000 0.000000
vn -1.000000 0.000000 0.000000
vn 0.000000 -1.000000 0.000000
vn 0.000000 -1.000000 0.000000
vn 1.000000 0.000000 0.000000
vn 1.000000 -0.000000 0.000000
vn 0.000000 -1.000000 0.000000
vn 0.000000 -1.000000 0.000000
vn 0.000000 -1.000000 0.000000
vn 0.000000 -1.000000 0.000000
vn -1.000000 0.000000 0.000000
vn -1.000000 0.000000 0.000000
vn -1.000000 0.000000 0.000000
vn -0.500000 0.500000 0.707107
vn -0.500000 0.500000 0.707107
vn 0.000000 0.707107 0.707107
vn 0.000000 0.707107 0.707107
vn 0.500000 0.500000 0.707107
vn 0.500000 0.500000 0.707107
vn 1.000000 0.000000 0.000000
vn 1.000000 0.000000 0.000000
vn 1.000000 -0.000000 0.000000
vn 0.000000 -1.000000 0.000000
vn 0.000000 -1.000000 0.000000
vn 0.000000 -1.000000 0.000000
vn 0.000000 -1.000000 0.000000
vn -1.000000 0.000000 0.000000
vn -1.000000 0.000000 0.000000
vn 0.000000 -1.000000 0.000000
vn 0.000000 -1.000000 0.000000
vn 1.000000 0.000000 0.000000
vn 1.000000 -0.000000 0.000000
vn 0.000000 1.000000 0.000000
vn 0.000000 1.000000 0.000000
vn -1.000000 0.000000 0.000000
vn -1.000000 0.000000 0.000000
vn 0.000000 1.000000 0.000000
vn 0.000000 1.000000 0.000000
vn 0.000000 1.000000 0.000000
vn 0.000000 1.000000 0.000000
vn 1.000000 0.000000 0.000000
vn 1.000000 -0.000000 0.000000
vn -1.000000 0.000000 0.000000
vn -1.000000 0.000000 0.000000
vn 0.000000 1.000000 0.000000
vn 0.000000 1.000000 0.000000
vn 0.000000 1.000000 0.000000
vn 0.000000 1.000000 0.000000
vn -0.999906 -0.013730 0.000000
vn -0.999906 -0.013730 0.000000
vn -0.999154 -0.041120 0.000000
vn -0.999154 -0.041120 0.000000
vn -0.997648 -0.068544 0.000000
vn -0.997648 -0.068544 0.000000
vn -0.995391 -0.095900 0.000000
vn -0.995391 -0.095900 0.000000
vn -0.992388 -0.123153 0.000000
vn -0.992388 -0.123153 0.000000
vn -0.988635 -0.150333 0.000000
vn -0.988635 -0.150333 0.000000
vn -0.984137 -0.177411 0.000000
vn -0.984137 -0.177411 0.000000
vn -0.978905 -0.204314 0.000000
vn -0.978905 -0.204314 0.000000
vn -0.972927 -0.231114 0.000000
vn -0.972927 -0.231114 0.000000
vn -0.966223 -0.257706 0.000000
vn -0.966223 -0.257706 0.000000
vn -0.958789 -0.284119 0.000000
vn -0.958789 -0.284119 0.000000
vn -0.950629 -0.310330 0.000000
vn -0.950629 -0.310330 0.000000
vn -0.941758 -0.336292 0.000000
vn -0.941758 -0.336292 0.000000
vn -0.932183 -0.361987 0.000000
vn -0.932183 -0.361987 0.000000
vn -0.921901 -0.387426 0.000000
vn -0.921901 -0.387426 0.000000
vn -0.910919 -0.412585 0.000000
vn -0.910919 -0.412585 0.000000
vn -0.899261 -0.437413 0.000000
vn -0.899261 -0.437413 0.000000
vn -0.886926 -0.461911 0.000000
vn -0.886926 -0.461911 0.000000
vn -0.873918 -0.486074 0.000000
vn -0.873918 -0.486074 0.000000
vn -0.860247 -0.509878 0.000000
vn -0.860247 -0.509878 0.000000
vn -0.845940 -0.533279 0.000000
vn -0.845940 -0.533279 0.000000
vn -0.830990 -0.556287 0.000000
vn -0.830990 -0.556287 0.000000
vn -0.815436 -0.578847 0.000000
vn -0.815436 -0.578847 0.000000
vn -0.799211 -0.601051 0.000000
vn -0.799211 -0.601051 0.000000
vn -0.782450 -0.622713 0.000000
vn -0.782450 -0.622713 0.000000
vn -0.765068 -0.643949 0.000000
vn -0.765068 -0.643949 0.000000
vn -0.747112 -0.664698 0.000000
vn -0.747112 -0.664698 0.000000
vn -0.728582 -0.684959 0.000000
vn -0.709527 -0.704678 0.000000
vn -0.728582 -0.684959 0.000000
vn -0.709527 -0.704678 0.000000
vn -0.689941 -0.723866 0.000000
vn -0.689941 -0.723866 0.000000
vn -0.669796 -0.742545 0.000000
vn -0.669796 -0.742545 0.000000
vn -0.649207 -0.760612 0.000000
vn -0.649207 -0.760612 0.000000
vn -0.628068 -0.778159 0.000000
vn -0.628068 -0.778159 0.000000
vn -0.606481 -0.795098 0.000000
vn -0.606481 -0.795098 0.000000
vn -0.584461 -0.811422 0.000000
vn -0.584461 -0.811422 0.000000
vn -0.561966 -0.827160 0.000000
vn -0.561966 -0.827160 0.000000
vn -0.539070 -0.842261 0.000000
vn -0.539070 -0.842261 0.000000
vn -0.515753 -0.856738 0.000000
vn -0.515753 -0.856738 0.000000
vn -0.492061 -0.870561 0.000000
vn -0.492061 -0.870561 0.000000
vn -0.467988 -0.883735 0.000000
vn -0.467988 -0.883735 0.000000
vn -0.443567 -0.896241 0.000000
vn -0.443567 -0.896241 0.000000
vn -0.418823 -0.908068 0.000000
vn -0.418823 -0.908068 0.000000
vn -0.393741 -0.919221 0.000000
vn -0.393741 -0.919221 0.000000
vn -0.368380 -0.929675 0.000000
vn -0.368380 -0.929675 0.000000
vn -0.342741 -0.939430 0.000000
vn -0.342741 -0.939430 0.000000
vn -0.316833 -0.948482 0.000000
vn -0.316833 -0.948482 0.000000
vn -0.290691 -0.956817 0.000000
vn -0.264335 -0.964431 0.000000
vn -0.290691 -0.956817 0.000000
vn -0.264335 -0.964431 0.000000
vn -0.237789 -0.971317 0.000000
vn -0.237789 -0.971317 0.000000
vn -0.211043 -0.977477 0.000000
vn -0.211043 -0.977477 0.000000
vn -0.184133 -0.982901 0.000000
vn -0.184133 -0.982901 0.000000
vn -0.157112 -0.987581 0.000000
vn -0.157112 -0.987581 0.000000
vn -0.129966 -0.991518 0.000000
vn -0.129966 -0.991518 0.000000
vn -0.102714 -0.994711 0.000000
vn -0.075374 -0.997155 0.000000
vn -0.102714 -0.994711 0.000000
vn -0.075374 -0.997155 0.000000
vn -0.048003 -0.998847 0.000000
vn -0.048003 -0.998847 0.000000
vn -0.020578 -0.999788 0.000000
vn 0.006865 -0.999976 0.000000
vn -0.020578 -0.999788 0.000000
vn 0.034290 -0.999412 0.000000
vn 0.006865 -0.999976 0.000000
vn 0.034290 -0.999412 0.000000
vn 0.061697 -0.998095 0.000000
vn 0.061697 -0.998095 0.000000
vn 0.089053 -0.996027 0.000000
vn 0.089053 -0.996027 0.000000
vn 0.116339 -0.993210 0.000000
vn 0.116339 -0.993210 0.000000
vn 0.143555 -0.989642 0.000000
vn 0.143555 -0.989642 0.000000
vn 0.170652 -0.985331 0.000000
vn 0.170652 -0.985331 0.000000
vn 0.197603 -0.980282 0.000000
vn 0.197603 -0.980282 0.000000
vn 0.224439 -0.974488 0.000000
vn 0.224439 -0.974488 0.000000
vn 0.251069 -0.967969 0.000000
vn 0.251069 -0.967969 0.000000
vn 0.277552 -0.960711 0.000000
vn 0.277552 -0.960711 0.000000
vn 0.303792 -0.952738 0.000000
vn 0.303792 -0.952738 0.000000
vn 0.329814 -0.944046 0.000000
vn 0.329814 -0.944046 0.000000
vn 0.355588 -0.934643 0.000000
vn 0.355588 -0.934643 0.000000
vn 0.381097 -0.924535 0.000000
vn 0.381097 -0.924535 0.000000
vn 0.406317 -0.913732 0.000000
vn 0.406317 -0.913732 0.000000
vn 0.431237 -0.902239 0.000000
vn 0.431237 -0.902239 0.000000
vn 0.455820 -0.890072 0.000000
vn 0.455820 -0.890072 0.000000
vn 0.480073 -0.877229 0.000000
vn 0.480073 -0.877229 0.000000
vn 0.503955 -0.863730 0.000000
vn 0.503955 -0.863730 0.000000
vn 0.527466 -0.849576 0.000000
vn 0.527466 -0.849576 0.000000
vn 0.550574 -0.834786 0.000000
vn 0.550574 -0.834786 0.000000
vn 0.573262 -0.819372 0.000000
vn 0.573262 -0.819372 0.000000
vn 0.595516 -0.803343 0.000000
vn 0.595516 -0.803343 0.000000
vn 0.617356 -0.786684 0.000000
vn 0.638686 -0.769468 0.000000
vn 0.617356 -0.786684 0.000000
vn 0.638686 -0.769468 0.000000
vn 0.659558 -0.751653 0.000000
vn 0.679935 -0.733272 0.000000
vn 0.659558 -0.751653 0.000000
vn 0.679935 -0.733272 0.000000
vn 0.699787 -0.714351 0.000000
vn 0.699787 -0.714351 0.000000
vn 0.719134 -0.694872 0.000000
vn 0.719134 -0.694872 0.000000
vn 0.737922 -0.674886 0.000000
vn 0.737922 -0.674886 0.000000
vn 0.756153 -0.654395 0.000000
vn 0.756153 -0.654395 0.000000
vn 0.773826 -0.633399 0.000000
vn 0.773826 -0.633399 0.000000
vn 0.790909 -0.611934 0.000000
vn 0.790909 -0.611934 0.000000
vn 0.807402 -0.590001 0.000000
vn 0.807402 -0.590001 0.000000
vn 0.823283 -0.567631 0.000000
vn 0.823283 -0.567631 0.000000
vn 0.838554 -0.544819 0.000000
vn 0.838554 -0.544819 0.000000
vn 0.853174 -0.521626 0.000000
vn 0.853174 -0.521626 0.000000
vn 0.867171 -0.498011 0.000000
vn 0.867171 -0.498011 0.000000
vn 0.880501 -0.474045 0.000000
vn 0.880501 -0.474045 0.000000
vn 0.893172 -0.449715 0.000000
vn 0.893172 -0.449715 0.000000
vn 0.905178 -0.425034 0.000000
vn 0.916502 -0.400029 0.000000
vn 0.905178 -0.425034 0.000000
vn 0.916502 -0.400029 0.000000
vn 0.927122 -0.374759 0.000000
vn 0.927122 -0.374759 0.000000
vn 0.937060 -0.349169 0.000000
vn 0.946286 -0.323331 0.000000
vn 0.937060 -0.349169 0.000000
vn 0.946286 -0.323331 0.000000
vn 0.954797 -0.297260 0.000000
vn 0.954797 -0.297260 0.000000
vn 0.962598 -0.270934 0.000000
vn 0.962598 -0.270934 0.000000
vn 0.969664 -0.244441 0.000000
vn 0.969664 -0.244441 0.000000
vn 0.976005 -0.217749 0.000000
vn 0.981614 -0.190879 0.000000
vn 0.976005 -0.217749 0.000000
vn 0.986482 -0.163872 0.000000
vn 0.981614 -0.190879 0.000000
vn 0.986482 -0.163872 0.000000
vn 0.990604 -0.136760 0.000000
vn 0.993984 -0.109527 0.000000
vn 0.990604 -0.136760 0.000000
vn 0.993984 -0.109527 0.000000
vn 0.996614 -0.082223 0.000000
vn 0.996614 -0.082223 0.000000
vn 0.998495 -0.054850 0.000000
vn 0.998495 -0.054850 0.000000
vn 0.999623 -0.027442 0.000000
vn 0.999623 -0.027442 0.000000
vn 1.000000 0.000000 0.000000
vn 1.000000 0.000000 0.000000
vn 0.999623 0.027442 -0.000000
vn 0.998495 0.054850 -0.000000
vn 0.999623 0.027442 -0.000000
vn 0.998495 0.054850 -0.000000
vn 0.996614 0.082223 -0.000000
vn 0.996614 0.082223 0.000000
vn 0.993984 0.109527 -0.000000
vn 0.990604 0.136760 -0.000000
vn 0.993984 0.109527 0.000000
vn 0.990604 0.136760 -0.000000
vn 0.986482 0.163872 -0.000000
vn 0.986482 0.163872 0.000000
vn 0.981614 0.190879 -0.000000
vn 0.981614 0.190879 0.000000
vn 0.976005 0.217749 -0.000000
vn 0.969664 0.244441 -0.000000
vn 0.976005 0.217749 0.000000
vn 0.969664 0.244441 -0.000000
vn 0.962598 0.270934 -0.000000
vn 0.954797 0.297260 -0.000000
vn 0.962598 0.270934 0.000000
vn 0.954797 0.297260 -0.000000
vn 0.946286 0.323331 -0.000000
vn 0.937060 0.349169 -0.000000
vn 0.946286 0.323331 0.000000
vn 0.937060 0.349169 -0.000000
vn 0.927122 0.374759 -0.000000
vn 0.927122 0.374759 0.000000
vn 0.916502 0.400029 -0.000000
vn 0.916502 0.400029 0.000000
vn 0.905178 0.425034 -0.000000
vn 0.905178 0.425034 0.000000
vn 0.893172 0.449715 -0.000000
vn 0.893172 0.449715 0.000000
vn 0.880501 0.474045 -0.000000
vn 0.880501 0.474045 0.000000
vn 0.867171 0.498011 -0.000000
vn 0.867171 0.498011 0.000000
vn 0.853174 0.521626 -0.000000
vn 0.853174 0.521626 0.000000
vn 0.838554 0.544819 -0.000000
vn 0.838554 0.544819 0.000000
vn 0.823283 0.567631 0.000000
vn 0.823283 0.567631 -0.000000
vn 0.807402 0.590001 0.000000
vn 0.807402 0.590001 -0.000000
vn 0.790909 0.611934 -0.000000
vn 0.790909 0.611934 -0.000000
vn 0.773826 0.633399 0.000000
vn 0.773826 0.633399 -0.000000
vn 0.756153 0.654395 0.000000
vn 0.756153 0.654395 -0.000000
vn 0.737922 0.674886 -0.000000
vn 0.737922 0.674886 -0.000000
vn 0.719134 0.694872 0.000000
vn 0.719134 0.694872 -0.000000
vn 0.699787 0.714351 0.000000
vn 0.699787 0.714351 -0.000000
vn 0.679935 0.733272 0.000000
vn 0.679935 0.733272 -0.000000
vn 0.659558 0.751653 0.000000
vn 0.659558 0.751653 -0.000000
vn 0.638686 0.769468 0.000000
vn 0.638686 0.769468 -0.000000
vn 0.617356 0.786684 -0.000000
vn 0.617356 0.786684 0.000000
vn 0.595516 0.803343 -0.000000
vn 0.595516 0.803343 0.000000
vn 0.573262 0.819372 -0.000000
vn 0.573262 0.819372 0.000000
vn 0.550574 0.834786 -0.000000
vn 0.550574 0.834786 0.000000
vn 0.527466 0.849576 -0.000000
vn 0.527466 0.849576 0.000000
vn 0.503955 0.863730 -0.000000
vn 0.480073 0.877229 -0.000000
vn 0.503955 0.863730 0.000000
vn 0.480073 0.877229 -0.000000
vn 0.455820 0.890072 -0.000000
vn 0.431237 0.902239 -0.000000
vn 0.455820 0.890072 0.000000
vn 0.431237 0.902239 -0.000000
vn 0.406317 0.913732 -0.000000
vn 0.406317 0.913732 0.000000
vn 0.381097 0.924535 -0.000000
vn 0.355588 0.934643 -0.000000
vn 0.381097 0.924535 0.000000
vn 0.355588 0.934643 -0.000000
vn 0.329814 0.944046 -0.000000
vn 0.329814 0.944046 0.000000
vn 0.303792 0.952738 -0.000000
vn 0.277552 0.960711 -0.000000
vn 0.303792 0.952738 0.000000
vn 0.277552 0.960711 -0.000000
vn 0.251069 0.967969 0.000000
vn 0.251069 0.967969 -0.000000
vn 0.224439 0.974488 0.000000
vn 0.224439 0.974488 -0.000000
vn 0.197603 0.980282 -0.000000
vn 0.197603 0.980282 -0.000000
vn 0.170652 0.985331 0.000000
vn 0.170652 0.985331 -0.000000
vn 0.143555 0.989642 0.000000
vn 0.143555 0.989642 -0.000000
vn 0.116339 0.993210 -0.000000
vn 0.116339 0.993210 -0.000000
vn 0.089053 0.996027 0.000000
vn 0.089053 0.996027 -0.000000
vn 0.061697 0.998095 -0.000000
vn 0.061697 0.998095 -0.000000
vn 0.034290 0.999412 0.000000
vn 0.034290 0.999412 -0.000000
vn 0.006865 0.999976 0.000000
vn 0.006865 0.999976 -0.000000
vn -0.020578 0.999788 0.000000
vn -0.020578 0.999788 0.000000
vn -0.048003 0.998847 0.000000
vn -0.048003 0.998847 0.000000
vn -0.075374 0.997155 0.000000
vn -0.075374 0.997155 0.000000
vn -0.102714 0.994711 0.000000
vn -0.102714 0.994711 0.000000
vn -0.129966 0.991518 0.000000
vn -0.129966 0.991518 0.000000
vn -0.157112 0.987581 0.000000
vn -0.157112 0.987581 0.000000
vn -0.184133 0.982901 0.000000
vn -0.184133 0.982901 0.000000
vn -0.211043 0.977477 0.000000
vn -0.211043 0.977477 0.000000
vn -0.237789 0.971317 0.000000
vn -0.237789 0.971317 0.000000
vn -0.264335 0.964431 0.000000
vn -0.264335 0.964431 0.000000
vn -0.290691 0.956817 0.000000
vn -0.290691 0.956817 0.000000
vn -0.316833 0.948482 0.000000
vn -0.316833 0.948482 0.000000
vn -0.342741 0.939430 0.000000
vn -0.368380 0.929675 0.000000
vn -0.342741 0.939430 0.000000
vn -0.393741 0.919221 0.000000
vn -0.368380 0.929675 0.000000
vn -0.393741 0.919221 0.000000
vn -0.418823 0.908068 0.000000
vn -0.418823 0.908068 0.000000
vn -0.443567 0.896241 0.000000
vn -0.443567 0.896241 0.000000
vn -0.467988 0.883735 0.000000
vn -0.467988 0.883735 0.000000
vn -0.492061 0.870561 0.000000
vn -0.492061 0.870561 0.000000
vn -0.515753 0.856738 0.000000
vn -0.515753 0.856738 0.000000
vn -0.539070 0.842261 0.000000
vn -0.539070 0.842261 0.000000
vn -0.561966 0.827160 0.000000
vn -0.561966 0.827160 0.000000
vn -0.584461 0.811422 0.000000
vn -0.584461 0.811422 0.000000
vn -0.606481 0.795098 0.000000
vn -0.606481 0.795098 0.000000
vn -0.628068 0.778159 0.000000
vn -0.628068 0.778159 0.000000
vn -0.649207 0.760612 0.000000
vn -0.649207 0.760612 0.000000
vn -0.669796 0.742545 0.000000
vn -0.669796 0.742545 0.000000
vn -0.709527 0.704678 0.000000
vn -0.689941 0.723866 0.000000
vn -0.689941 0.723866 0.000000
vn -0.709527 0.704678 0.000000
vn -0.728582 0.684959 0.000000
vn -0.728582 0.684959 0.000000
vn -0.747112 0.664698 0.000000
vn -0.765068 0.643949 0.000000
vn -0.747112 0.664698 0.000000
vn -0.765068 0.643949 0.000000
vn -0.782450 0.622713 0.000000
vn -0.799211 0.601051 0.000000
vn -0.782450 0.622713 0.000000
vn -0.799211 0.601051 0.000000
vn -0.815436 0.578847 0.000000
vn -0.815436 0.578847 0.000000
vn -0.830990 0.556287 0.000000
vn -0.845940 0.533279 0.000000
vn -0.830990 0.556287 0.000000
vn -0.845940 0.533279 0.000000
vn -0.860247 0.509878 0.000000
vn -0.860247 0.509878 0.000000
vn -0.873918 0.486074 0.000000
vn -0.873918 0.486074 0.000000
vn -0.886926 0.461911 0.000000
vn -0.886926 0.461911 0.000000
vn -0.899261 0.437413 0.000000
vn -0.899261 0.437413 0.000000
vn -0.910919 0.412585 0.000000
vn -0.910919 0.412585 0.000000
vn -0.921901 0.387426 0.000000
vn -0.921901 0.387426 0.000000
vn -0.932183 0.361987 0.000000
vn -0.941758 0.336292 0.000000
vn -0.932183 0.361987 0.000000
vn -0.941758 0.336292 0.000000
vn -0.950629 0.310330 0.000000
vn -0.958789 0.284119 0.000000
vn -0.950629 0.310330 0.000000
vn -0.958789 0.284119 0.000000
vn -0.966223 0.257706 0.000000
vn -0.972927 0.231114 0.000000
vn -0.966223 0.257706 0.000000
vn -0.972927 0.231114 0.000000
vn -0.978905 0.204314 0.000000
vn -0.984137 0.177411 0.000000
vn -0.978905 0.204314 0.000000
vn -0.984137 0.177411 0.000000
vn -0.988635 0.150333 0.000000
vn -0.992388 0.123153 0.000000
vn -0.988635 0.150333 0.000000
vn -0.995391 0.095900 0.000000
vn -0.992388 0.123153 0.000000
vn -0.995391 0.095900 0.000000
vn -0.997648 0.068544 0.000000
vn -0.997648 0.068544 0.000000
vn -0.999154 0.041120 0.000000
vn -0.999906 0.013730 0.000000
vn -0.999154 0.041120 0.000000
vn -0.999906 0.013730 0.000000
vn -1.000000 0.000000 0.000000
vn -1.000000 0.000000 0.000000
vn -0.707107 0.707107 0.000000
vn -0.707107 0.707107 0.000000
vn 0.000000 -1.000000 0.000000
vn 0.000000 -1.000000 0.000000
vn 0.000000 1.000000 0.000000
vn 0.000000 1.000000 0.000000
vn 1.000000 0.000000 0.000000
vn 1.000000 -0.000000 0.000000
vn 0.707107 0.707107 0.000000
vn 0.707107 0.707107 -0.000000
vn -0.999906 -0.013730 0.000000
vn -0.999906 -0.013730 0.000000
vn -0.999154 -0.041119 0.000000
vn -0.999154 -0.041119 0.000000
vn -0.997648 -0.068544 0.000000
vn -0.997648 -0.068544 0.000000
vn -0.995391 -0.095903 0.000000
vn -0.995391 -0.095903 0.000000
vn -0.992388 -0.123153 0.000000
vn -0.992388 -0.123153 0.000000
vn -0.988637 -0.150325 0.000000
vn -0.988637 -0.150325 0.000000
vn -0.984136 -0.177417 0.000000
vn -0.984136 -0.177417 0.000000
vn -0.978905 -0.204318 0.000000
vn -0.978905 -0.204318 0.000000
vn -0.972930 -0.231102 0.000000
vn -0.972930 -0.231102 0.000000
vn -0.966220 -0.257719 0.000000
vn -0.966220 -0.257719 0.000000
vn -0.958789 -0.284119 0.000000
vn -0.958789 -0.284119 0.000000
vn -0.950632 -0.310320 0.000000
vn -0.950632 -0.310320 0.000000
vn -0.941758 -0.336292 0.000000
vn -0.941758 -0.336292 0.000000
vn -0.932183 -0.361987 0.000000
vn -0.932183 -0.361987 0.000000
vn -0.921898 -0.387432 0.000000
vn -0.921898 -0.387432 0.000000
vn -0.910913 -0.412598 0.000000
vn -0.910913 -0.412598 0.000000
vn -0.899268 -0.437399 0.000000
vn -0.899268 -0.437399 0.000000
vn -0.886922 -0.461918 0.000000
vn -0.886922 -0.461918 0.000000
vn -0.873918 -0.486074 0.000000
vn -0.873918 -0.486074 0.000000
vn -0.860256 -0.509862 0.000000
vn -0.860256 -0.509862 0.000000
vn -0.845930 -0.533294 0.000000
vn -0.845930 -0.533294 0.000000
vn -0.831001 -0.556271 0.000000
vn -0.831001 -0.556271 0.000000
vn -0.815419 -0.578872 0.000000
vn -0.815419 -0.578872 0.000000
vn -0.799224 -0.601034 0.000000
vn -0.799224 -0.601034 0.000000
vn -0.782443 -0.622722 0.000000
vn -0.782443 -0.622722 0.000000
vn -0.765061 -0.643958 0.000000
vn -0.765061 -0.643958 0.000000
vn -0.747112 -0.664698 0.000000
vn -0.747112 -0.664698 0.000000
vn -0.728598 -0.684942 0.000000
vn -0.709518 -0.704687 0.000000
vn -0.728598 -0.684942 0.000000
vn -0.709518 -0.704687 0.000000
vn -0.689959 -0.723849 0.000000
vn -0.689959 -0.723849 0.000000
vn -0.669796 -0.742545 0.000000
vn -0.669796 -0.742545 0.000000
vn -0.649187 -0.760629 0.000000
vn -0.649187 -0.760629 0.000000
vn -0.628089 -0.778142 0.000000
vn -0.628089 -0.778142 0.000000
vn -0.606470 -0.795106 0.000000
vn -0.606470 -0.795106 0.000000
vn -0.584449 -0.811430 0.000000
vn -0.584449 -0.811430 0.000000
vn -0.561978 -0.827152 0.000000
vn -0.561978 -0.827152 0.000000
vn -0.539058 -0.842269 0.000000
vn -0.539058 -0.842269 0.000000
vn -0.515753 -0.856738 0.000000
vn -0.515753 -0.856738 0.000000
vn -0.492061 -0.870561 0.000000
vn -0.492061 -0.870561 0.000000
vn -0.467988 -0.883735 0.000000
vn -0.467988 -0.883735 0.000000
vn -0.443595 -0.896227 0.000000
vn -0.443595 -0.896227 0.000000
vn -0.418780 -0.908087 0.000000
vn -0.418780 -0.908087 0.000000
vn -0.393756 -0.919215 0.000000
vn -0.393756 -0.919215 0.000000
vn -0.368380 -0.929675 0.000000
vn -0.368380 -0.929675 0.000000
vn -0.342725 -0.939436 0.000000
vn -0.342725 -0.939436 0.000000
vn -0.316864 -0.948471 0.000000
vn -0.316864 -0.948471 0.000000
vn -0.290723 -0.956807 0.000000
vn -0.264302 -0.964440 0.000000
vn -0.290723 -0.956807 0.000000
vn -0.264302 -0.964440 0.000000
vn -0.237756 -0.971325 0.000000
vn -0.237756 -0.971325 0.000000
vn -0.211060 -0.977473 0.000000
vn -0.211060 -0.977473 0.000000
vn -0.184150 -0.982898 0.000000
vn -0.184150 -0.982898 0.000000
vn -0.157112 -0.987581 0.000000
vn -0.157112 -0.987581 0.000000
vn -0.129932 -0.991523 0.000000
vn -0.129932 -0.991523 0.000000
vn -0.102749 -0.994707 0.000000
vn -0.075357 -0.997157 0.000000
vn -0.102749 -0.994707 0.000000
vn -0.075357 -0.997157 0.000000
vn -0.048037 -0.998846 0.000000
vn -0.048037 -0.998846 0.000000
vn -0.020578 -0.999788 0.000000
vn 0.006882 -0.999976 0.000000
vn -0.020578 -0.999788 0.000000
vn 0.034273 -0.999412 0.000000
vn 0.006882 -0.999976 0.000000
vn 0.034273 -0.999412 0.000000
vn 0.061731 -0.998093 0.000000
vn 0.061731 -0.998093 0.000000
vn 0.089053 -0.996027 0.000000
vn 0.089053 -0.996027 0.000000
vn 0.116305 -0.993214 0.000000
vn 0.116305 -0.993214 0.000000
vn 0.143555 -0.989642 0.000000
vn 0.143555 -0.989642 0.000000
vn 0.170669 -0.985328 0.000000
vn 0.170669 -0.985328 0.000000
vn 0.197637 -0.980275 0.000000
vn 0.197637 -0.980275 0.000000
vn 0.224406 -0.974496 0.000000
vn 0.224406 -0.974496 0.000000
vn 0.251101 -0.967961 0.000000
vn 0.251101 -0.967961 0.000000
vn 0.277520 -0.960720 0.000000
vn 0.277520 -0.960720 0.000000
vn 0.303792 -0.952738 0.000000
vn 0.303792 -0.952738 0.000000
vn 0.329798 -0.944051 0.000000
vn 0.329798 -0.944051 0.000000
vn 0.355588 -0.934643 0.000000
vn 0.355588 -0.934643 0.000000
vn 0.381097 -0.924535 0.000000
vn 0.381097 -0.924535 0.000000
vn 0.406332 -0.913726 0.000000
vn 0.406332 -0.913726 0.000000
vn 0.431223 -0.902245 0.000000
vn 0.431223 -0.902245 0.000000
vn 0.455834 -0.890065 0.000000
vn 0.455834 -0.890065 0.000000
vn 0.480086 -0.877221 0.000000
vn 0.480086 -0.877221 0.000000
vn 0.503942 -0.863737 0.000000
vn 0.503942 -0.863737 0.000000
vn 0.527441 -0.849592 0.000000
vn 0.527441 -0.849592 0.000000
vn 0.550586 -0.834778 0.000000
vn 0.550586 -0.834778 0.000000
vn 0.573250 -0.819381 0.000000
vn 0.573250 -0.819381 0.000000
vn 0.595550 -0.803318 0.000000
vn 0.595550 -0.803318 0.000000
vn 0.617334 -0.786701 0.000000
vn 0.638717 -0.769442 0.000000
vn 0.617334 -0.786701 0.000000
vn 0.638717 -0.769442 0.000000
vn 0.659539 -0.751671 0.000000
vn 0.679944 -0.733264 0.000000
vn 0.659539 -0.751671 0.000000
vn 0.679944 -0.733264 0.000000
vn 0.699778 -0.714360 0.000000
vn 0.699778 -0.714360 0.000000
vn 0.719117 -0.694889 0.000000
vn 0.719117 -0.694889 0.000000
vn 0.737930 -0.674877 0.000000
vn 0.737930 -0.674877 0.000000
vn 0.756153 -0.654395 0.000000
vn 0.756153 -0.654395 0.000000
vn 0.773847 -0.633373 0.000000
vn 0.773847 -0.633373 0.000000
vn 0.790909 -0.611934 0.000000
vn 0.790909 -0.611934 0.000000
vn 0.807396 -0.590010 0.000000
vn 0.807396 -0.590010 0.000000
vn 0.823289 -0.567623 0.000000
vn 0.823289 -0.567623 0.000000
vn 0.838548 -0.544827 0.000000
vn 0.838548 -0.544827 0.000000
vn 0.853160 -0.521650 0.000000
vn 0.853160 -0.521650 0.000000
vn 0.867171 -0.498011 0.000000
vn 0.867171 -0.498011 0.000000
vn 0.880505 -0.474038 0.000000
vn 0.880505 -0.474038 0.000000
vn 0.893172 -0.449715 0.000000
vn 0.893172 -0.449715 0.000000
vn 0.905181 -0.425027 0.000000
vn 0.916497 -0.400042 0.000000
vn 0.905181 -0.425027 0.000000
vn 0.916497 -0.400042 0.000000
vn 0.927129 -0.374741 0.000000
vn 0.927129 -0.374741 0.000000
vn 0.937056 -0.349180 0.000000
vn 0.946286 -0.323331 0.000000
vn 0.937056 -0.349180 0.000000
vn 0.946286 -0.323331 0.000000
vn 0.954800 -0.297250 0.000000
vn 0.954800 -0.297250 0.000000
vn 0.962595 -0.270943 0.000000
vn 0.962595 -0.270943 0.000000
vn 0.969666 -0.244433 0.000000
vn 0.969666 -0.244433 0.000000
vn 0.976003 -0.217757 0.000000
vn 0.981613 -0.190883 0.000000
vn 0.976003 -0.217757 0.000000
vn 0.986483 -0.163864 0.000000
vn 0.981613 -0.190883 0.000000
vn 0.986483 -0.163864 0.000000
vn 0.990603 -0.136765 0.000000
vn 0.993984 -0.109527 0.000000
vn 0.990603 -0.136765 0.000000
vn 0.993984 -0.109527 0.000000
vn 0.996614 -0.082223 0.000000
vn 0.996614 -0.082223 0.000000
vn 0.998495 -0.054850 0.000000
vn 0.998495 -0.054850 0.000000
vn 0.999623 -0.027441 0.000000
vn 0.999623 -0.027441 0.000000
vn 1.000000 0.000000 0.000000
vn 1.000000 0.000000 0.000000
vn 0.999623 0.027441 -0.000000
vn 0.998495 0.054850 -0.000000
vn 0.999623 0.027441 -0.000000
vn 0.998495 0.054850 -0.000000
vn 0.996614 0.082223 -0.000000
vn 0.996614 0.082223 0.000000
vn 0.993984 0.109527 -0.000000
vn 0.990603 0.136765 -0.000000
vn 0.993984 0.109527 0.000000
vn 0.990603 0.136765 -0.000000
vn 0.986483 0.163864 -0.000000
vn 0.986483 0.163864 0.000000
vn 0.981613 0.190883 -0.000000
vn 0.981613 0.190883 0.000000
vn 0.976003 0.217757 -0.000000
vn 0.969666 0.244433 -0.000000
vn 0.976003 0.217757 0.000000
vn 0.969666 0.244433 -0.000000
vn 0.962595 0.270943 -0.000000
vn 0.954800 0.297250 -0.000000
vn 0.962595 0.270943 0.000000
vn 0.954800 0.297250 -0.000000
vn 0.946286 0.323331 -0.000000
vn 0.937056 0.349180 -0.000000
vn 0.946286 0.323331 0.000000
vn 0.937056 0.349180 -0.000000
vn 0.927129 0.374741 -0.000000
vn 0.927129 0.374741 0.000000
vn 0.916497 0.400042 -0.000000
vn 0.916497 0.400042 0.000000
vn 0.905181 0.425027 -0.000000
vn 0.905181 0.425027 0.000000
vn 0.893172 0.449715 -0.000000
vn 0.893172 0.449715 0.000000
vn 0.880505 0.474038 -0.000000
vn 0.880505 0.474038 0.000000
vn 0.867171 0.498011 -0.000000
vn 0.867171 0.498011 0.000000
vn 0.853160 0.521650 -0.000000
vn 0.853160 0.521650 0.000000
vn 0.838548 0.544827 -0.000000
vn 0.838548 0.544827 0.000000
vn 0.823289 0.567623 0.000000
vn 0.823289 0.567623 -0.000000
vn 0.807396 0.590010 0.000000
vn 0.807396 0.590010 -0.000000
vn 0.790909 0.611934 -0.000000
vn 0.790909 0.611934 -0.000000
vn 0.773847 0.633373 0.000000
vn 0.773847 0.633373 -0.000000
vn 0.756153 0.654395 0.000000
vn 0.756153 0.654395 -0.000000
vn 0.737930 0.674877 -0.000000
vn 0.737930 0.674877 -0.000000
vn 0.719117 0.694889 0.000000
vn 0.719117 0.694889 -0.000000
vn 0.699778 0.714360 0.000000
vn 0.699778 0.714360 -0.000000
vn 0.679944 0.733264 0.000000
vn 0.679944 0.733264 -0.000000
vn 0.659539 0.751671 0.000000
vn 0.659539 0.751671 -0.000000
vn 0.638717 0.769442 0.000000
vn 0.638717 0.769442 -0.000000
vn 0.617334 0.786701 -0.000000
vn 0.617334 0.786701 0.000000
vn 0.595550 0.803318 -0.000000
vn 0.595550 0.803318 0.000000
vn 0.573250 0.819381 -0.000000
vn 0.573250 0.819381 0.000000
vn 0.550586 0.834778 -0.000000
vn 0.550586 0.834778 0.000000
vn 0.527441 0.849592 -0.000000
vn 0.527441 0.849592 0.000000
vn 0.503942 0.863737 -0.000000
vn 0.480086 0.877221 -0.000000
vn 0.503942 0.863737 0.000000
vn 0.480086 0.877221 -0.000000
vn 0.455834 0.890065 -0.000000
vn 0.431223 0.902245 -0.000000
vn 0.455834 0.890065 0.000000
vn 0.431223 0.902245 -0.000000
vn 0.406332 0.913726 -0.000000
vn 0.406332 0.913726 0.000000
vn 0.381097 0.924535 -0.000000
vn 0.355588 0.934643 -0.000000
vn 0.381097 0.924535 0.000000
vn 0.355588 0.934643 -0.000000
vn 0.329798 0.944051 -0.000000
vn 0.329798 0.944051 0.000000
vn 0.303792 0.952738 -0.000000
vn 0.277520 0.960720 -0.000000
vn 0.303792 0.952738 0.000000
vn 0.277520 0.960720 -0.000000
vn 0.251101 0.967961 0.000000
vn 0.251101 0.967961 -0.000000
vn 0.224406 0.974496 0.000000
vn 0.224406 0.974496 -0.000000
vn 0.197637 0.980275 -0.000000
vn 0.197637 0.980275 -0.000000
vn 0.170669 0.985328 0.000000
vn 0.170669 0.985328 -0.000000
vn 0.143555 0.989642 0.000000
vn 0.143555 0.989642 -0.000000
vn 0.116305 0.993214 -0.000000
vn 0.116305 0.993214 -0.000000
vn 0.089053 0.996027 0.000000
vn 0.089053 0.996027 -0.000000
vn 0.061731 0.998093 -0.000000
vn 0.061731 0.998093 -0.000000
vn 0.034273 0.999412 0.000000
vn 0.034273 0.999412 -0.000000
vn 0.006882 0.999976 0.000000
vn 0.006882 0.999976 -0.000000
vn -0.020578 0.999788 0.000000
vn -0.020578 0.999788 0.000000
vn -0.048037 0.998846 0.000000
vn -0.048037 0.998846 0.000000
vn -0.075357 0.997157 0.000000
vn -0.075357 0.997157 0.000000
vn -0.102749 0.994707 0.000000
vn -0.102749 0.994707 0.000000
vn -0.129932 0.991523 0.000000
vn -0.129932 0.991523 0.000000
vn -0.157112 0.987581 0.000000
vn -0.157112 0.987581 0.000000
vn -0.184150 0.982898 0.000000
vn -0.184150 0.982898 0.000000
vn -0.211060 0.977473 0.000000
vn -0.211060 0.977473 0.000000
vn -0.237756 0.971325 0.000000
vn -0.237756 0.971325 0.000000
vn -0.264302 0.964440 0.000000
vn -0.264302 0.964440 0.000000
vn -0.290723 0.956807 0.000000
vn -0.290723 0.956807 0.000000
vn -0.316864 0.948471 0.000000
vn -0.316864 0.948471 0.000000
vn -0.342725 0.939436 0.000000
vn -0.368380 0.929675 0.000000
vn -0.342725 0.939436 0.000000
vn -0.393756 0.919215 0.000000
vn -0.368380 0.929675 0.000000
vn -0.393756 0.919215 0.000000
vn -0.418780 0.908087 0.000000
vn -0.418780 0.908087 0.000000
vn -0.443595 0.896227 0.000000
vn -0.443595 0.896227 0.000000
vn -0.467988 0.883735 0.000000
vn -0.467988 0.883735 0.000000
vn -0.492061 0.870561 0.000000
vn -0.492061 0.870561 0.000000
vn -0.515753 0.856738 0.000000
vn -0.515753 0.856738 0.000000
vn -0.539058 0.842269 0.000000
vn -0.539058 0.842269 0.000000
vn -0.561978 0.827152 0.000000
vn -0.561978 0.827152 0.000000
vn -0.584449 0.811430 0.000000
vn -0.584449 0.811430 0.000000
vn -0.606470 0.795106 0.000000
vn -0.606470 0.795106 0.000000
vn -0.628089 0.778142 0.000000
vn -0.628089 0.778142 0.000000
vn -0.649187 0.760629 0.000000
vn -0.649187 0.760629 0.000000
vn -0.669796 0.742545 0.000000
vn -0.669796 0.742545 0.000000
vn -0.709518 0.704687 0.000000
vn -0.689959 0.723849 0.000000
vn -0.689959 0.723849 0.000000
vn -0.709518 0.704687 0.000000
vn -0.728598 0.684942 0.000000
vn -0.728598 0.684942 0.000000
vn -0.747112 0.664698 0.000000
vn -0.765061 0.643958 0.000000
vn -0.747112 0.664698 0.000000
vn -0.765061 0.643958 0.000000
vn -0.782443 0.622722 0.000000
vn -0.799224 0.601034 0.000000
vn -0.782443 0.622722 0.000000
vn -0.799224 0.601034 0.000000
vn -0.815419 0.578872 0.000000
vn -0.815419 0.578872 0.000000
vn -0.831001 0.556271 0.000000
vn -0.845930 0.533294 0.000000
vn -0.831001 0.556271 0.000000
vn -0.845930 0.533294 0.000000
vn -0.860256 0.509862 0.000000
vn -0.860256 0.509862 0.000000
vn -0.873918 0.486074 0.000000
vn -0.873918 0.486074 0.000000
vn -0.886922 0.461918 0.000000
vn -0.886922 0.461918 0.000000
vn -0.899268 0.437399 0.000000
vn -0.899268 0.437399 0.000000
vn -0.910913 0.412598 0.000000
vn -0.910913 0.412598 0.000000
vn -0.921898 0.387432 0.000000
vn -0.921898 0.387432 0.000000
vn -0.932183 0.361987 0.000000
vn -0.941758 0.336292 0.000000
vn -0.932183 0.361987 0.000000
vn -0.941758 0.336292 0.000000
vn -0.950632 0.310320 0.000000
vn -0.958789 0.284119 0.000000
vn -0.950632 0.310320 0.000000
vn -0.958789 0.284119 0.000000
vn -0.966220 0.257719 0.000000
vn -0.972930 0.231102 0.000000
vn -0.966220 0.257719 0.000000
vn -0.972930 0.231102 0.000000
vn -0.978905 0.204318 0.000000
vn -0.984136 0.177417 0.000000
vn -0.978905 0.204318 0.000000
vn -0.984136 0.177417 0.000000
vn -0.988637 0.150325 0.000000
vn -0.992388 0.123153 0.000000
vn -0.988637 0.150325 0.000000
vn -0.995391 0.095903 0.000000
vn -0.992388 0.123153 0.000000
vn -0.995391 0.095903 0.000000
vn -0.997648 0.068544 0.000000
vn -0.997648 0.068544 0.000000
vn -0.999154 0.041119 0.000000
vn -0.999906 0.013730 0.000000
vn -0.999154 0.041119 0.000000
vn -0.999906 0.013730 0.000000
vn -1.000000 0.000000 0.000000
vn -1.000000 0.000000 0.000000
vn -0.707107 0.707107 0.000000
vn -0.707107 0.707107 0.000000
vn 0.000000 -1.000000 0.000000
vn 0.000000 -1.000000 0.000000
vn 0.000000 1.000000 0.000000
vn 0.000000 1.000000 0.000000
vn 1.000000 0.000000 0.000000
vn 1.000000 -0.000000 0.000000
vn 0.707107 0.707107 0.000000
vn 0.707107 0.707107 -0.000000
vn 1.000000 -0.000000 0.000000
vn 1.000000 0.000000 0.000000
vn 1.000000 0.000000 0.000000
vn 1.000000 0.000000 0.000000
vn 1.000000 0.000000 0.000000
vn 1.000000 0.000000 0.000000
vn 1.000000 0.000000 0.000000
vn 1.000000 0.000000 0.000000
vn 0.707107 0.707107 -0.000000
vn 0.707107 0.707107 -0.000000
vn 0.000000 1.000000 0.000000
vn 0.000000 1.000000 0.000000
vn -0.707107 0.707107 0.000000
vn -0.707107 0.707107 0.000000
vn -1.000000 0.000000 0.000000
vn -1.000000 0.000000 0.000000
vn -1.000000 0.000000 0.000000
vn -1.000000 0.000000 0.000000
vn -1.000000 0.000000 0.000000
vn -1.000000 -0.000000 0.000000
vn -1.000000 0.000000 0.000000
vn -1.000000 0.000000 0.000000
vn -0.999906 -0.013730 0.000000
vn -0.999906 -0.013730 0.000000
vn -0.999153 -0.041146 0.000000
vn -0.999153 -0.041146 0.000000
vn -0.997650 -0.068519 0.000000
vn -0.997650 -0.068519 0.000000
vn -0.995392 -0.095894 0.000000
vn -0.995392 -0.095894 0.000000
vn -0.992385 -0.123176 0.000000
vn -0.992385 -0.123176 0.000000
vn -0.988635 -0.150333 0.000000
vn -0.988635 -0.150333 0.000000
vn -0.984139 -0.177402 0.000000
vn -0.984139 -0.177402 0.000000
vn -0.978909 -0.204298 0.000000
vn -0.978909 -0.204298 0.000000
vn -0.972919 -0.231146 0.000000
vn -0.972919 -0.231146 0.000000
vn -0.966226 -0.257698 0.000000
vn -0.966226 -0.257698 0.000000
vn -0.958791 -0.284113 0.000000
vn -0.958791 -0.284113 0.000000
vn -0.950633 -0.310317 0.000000
vn -0.950633 -0.310317 0.000000
vn -0.941757 -0.336295 0.000000
vn -0.941757 -0.336295 0.000000
vn -0.932175 -0.362008 0.000000
vn -0.932175 -0.362008 0.000000
vn -0.921898 -0.387433 0.000000
vn -0.921898 -0.387433 0.000000
vn -0.910931 -0.412559 0.000000
vn -0.910931 -0.412559 0.000000
vn -0.899249 -0.437437 0.000000
vn -0.899249 -0.437437 0.000000
vn -0.886928 -0.461908 0.000000
vn -0.886928 -0.461908 0.000000
vn -0.873926 -0.486060 0.000000
vn -0.873926 -0.486060 0.000000
vn -0.860248 -0.509875 0.000000
vn -0.860248 -0.509875 0.000000
vn -0.845931 -0.533293 0.000000
vn -0.845931 -0.533293 0.000000
vn -0.830999 -0.556273 0.000000
vn -0.830999 -0.556273 0.000000
vn -0.815415 -0.578877 0.000000
vn -0.815415 -0.578877 0.000000
vn -0.799233 -0.601021 0.000000
vn -0.799233 -0.601021 0.000000
vn -0.782443 -0.622722 0.000000
vn -0.782443 -0.622722 0.000000
vn -0.765066 -0.643952 0.000000
vn -0.765066 -0.643952 0.000000
vn -0.747117 -0.664693 0.000000
vn -0.747117 -0.664693 0.000000
vn -0.728581 -0.684959 0.000000
vn -0.728581 -0.684959 0.000000
vn -0.709547 -0.704659 0.000000
vn -0.709547 -0.704659 0.000000
vn -0.689914 -0.723891 0.000000
vn -0.689914 -0.723891 0.000000
vn -0.669826 -0.742518 0.000000
vn -0.669826 -0.742518 0.000000
vn -0.649162 -0.760650 0.000000
vn -0.649162 -0.760650 0.000000
vn -0.628088 -0.778142 0.000000
vn -0.628088 -0.778142 0.000000
vn -0.606487 -0.795093 0.000000
vn -0.606487 -0.795093 0.000000
vn -0.584462 -0.811421 0.000000
vn -0.584462 -0.811421 0.000000
vn -0.561958 -0.827166 0.000000
vn -0.561958 -0.827166 0.000000
vn -0.539072 -0.842260 0.000000
vn -0.539072 -0.842260 0.000000
vn -0.515748 -0.856741 0.000000
vn -0.515748 -0.856741 0.000000
vn -0.492067 -0.870557 0.000000
vn -0.492067 -0.870557 0.000000
vn -0.467982 -0.883738 0.000000
vn -0.467982 -0.883738 0.000000
vn -0.443578 -0.896236 0.000000
vn -0.443578 -0.896236 0.000000
vn -0.418820 -0.908069 0.000000
vn -0.418820 -0.908069 0.000000
vn -0.393741 -0.919221 0.000000
vn -0.393741 -0.919221 0.000000
vn -0.368381 -0.929675 0.000000
vn -0.368381 -0.929675 0.000000
vn -0.342739 -0.939431 0.000000
vn -0.342739 -0.939431 0.000000
vn -0.316827 -0.948483 0.000000
vn -0.316827 -0.948483 0.000000
vn -0.290703 -0.956813 0.000000
vn -0.290703 -0.956813 0.000000
vn -0.264341 -0.964429 0.000000
vn -0.264341 -0.964429 0.000000
vn -0.237779 -0.971319 0.000000
vn -0.237779 -0.971319 0.000000
vn -0.184157 -0.982897 0.000000
vn -0.211024 -0.977481 0.000000
vn -0.211024 -0.977481 0.000000
vn -0.184157 -0.982897 0.000000
vn -0.157116 -0.987580 0.000000
vn -0.157116 -0.987580 0.000000
vn -0.129952 -0.991520 0.000000
vn -0.129952 -0.991520 0.000000
vn -0.102717 -0.994711 0.000000
vn -0.102717 -0.994711 0.000000
vn -0.075384 -0.997155 0.000000
vn -0.075384 -0.997155 0.000000
vn -0.047989 -0.998848 0.000000
vn -0.047989 -0.998848 0.000000
vn -0.020573 -0.999788 0.000000
vn -0.020573 -0.999788 0.000000
vn 0.006865 -0.999976 0.000000
vn 0.006865 -0.999976 0.000000
vn 0.034281 -0.999412 0.000000
vn 0.034281 -0.999412 0.000000
vn 0.061698 -0.998095 0.000000
vn 0.061698 -0.998095 0.000000
vn 0.089049 -0.996027 0.000000
vn 0.089049 -0.996027 0.000000
vn 0.116355 -0.993208 0.000000
vn 0.116355 -0.993208 0.000000
vn 0.143535 -0.989645 0.000000
vn 0.143535 -0.989645 0.000000
vn 0.170645 -0.985333 0.000000
vn 0.170645 -0.985333 0.000000
vn 0.197628 -0.980277 0.000000
vn 0.197628 -0.980277 0.000000
vn 0.224414 -0.974494 0.000000
vn 0.251093 -0.967963 0.000000
vn 0.224414 -0.974494 0.000000
vn 0.251093 -0.967963 0.000000
vn 0.277529 -0.960717 0.000000
vn 0.277529 -0.960717 0.000000
vn 0.303792 -0.952738 0.000000
vn 0.303792 -0.952738 0.000000
vn 0.329823 -0.944043 0.000000
vn 0.329823 -0.944043 0.000000
vn 0.355591 -0.934642 0.000000
vn 0.355591 -0.934642 0.000000
vn 0.381105 -0.924532 0.000000
vn 0.381105 -0.924532 0.000000
vn 0.406314 -0.913734 0.000000
vn 0.406314 -0.913734 0.000000
vn 0.431232 -0.902241 0.000000
vn 0.431232 -0.902241 0.000000
vn 0.455822 -0.890071 0.000000
vn 0.455822 -0.890071 0.000000
vn 0.480075 -0.877227 0.000000
vn 0.503956 -0.863729 0.000000
vn 0.480075 -0.877227 0.000000
vn 0.503956 -0.863729 0.000000
vn 0.527452 -0.849585 0.000000
vn 0.527452 -0.849585 0.000000
vn 0.550583 -0.834781 0.000000
vn 0.573260 -0.819374 0.000000
vn 0.550583 -0.834781 0.000000
vn 0.595520 -0.803340 0.000000
vn 0.573260 -0.819374 0.000000
vn 0.595520 -0.803340 0.000000
vn 0.617347 -0.786691 0.000000
vn 0.617347 -0.786691 0.000000
vn 0.659550 -0.751661 0.000000
vn 0.638698 -0.769457 0.000000
vn 0.638698 -0.769457 0.000000
vn 0.679937 -0.733271 0.000000
vn 0.659550 -0.751661 0.000000
vn 0.679937 -0.733271 0.000000
vn 0.699792 -0.714347 0.000000
vn 0.699792 -0.714347 0.000000
vn 0.719136 -0.694870 0.000000
vn 0.719136 -0.694870 0.000000
vn 0.737916 -0.674893 0.000000
vn 0.737916 -0.674893 0.000000
vn 0.756163 -0.654384 0.000000
vn 0.773826 -0.633399 0.000000
vn 0.756163 -0.654384 0.000000
vn 0.773826 -0.633399 0.000000
vn 0.790905 -0.611938 0.000000
vn 0.790905 -0.611938 0.000000
vn 0.807402 -0.590002 0.000000
vn 0.823282 -0.567632 0.000000
vn 0.807402 -0.590002 0.000000
vn 0.823282 -0.567632 0.000000
vn 0.838546 -0.544830 0.000000
vn 0.838546 -0.544830 0.000000
vn 0.853177 -0.521621 0.000000
vn 0.853177 -0.521621 0.000000
vn 0.867166 -0.498019 0.000000
vn 0.880502 -0.474043 0.000000
vn 0.867166 -0.498019 0.000000
vn 0.880502 -0.474043 0.000000
vn 0.893181 -0.449697 0.000000
vn 0.893181 -0.449697 0.000000
vn 0.905174 -0.425040 0.000000
vn 0.916499 -0.400038 0.000000
vn 0.905174 -0.425040 0.000000
vn 0.916499 -0.400038 0.000000
vn 0.937057 -0.349175 0.000000
vn 0.927128 -0.374744 0.000000
vn 0.927128 -0.374744 0.000000
vn 0.946286 -0.323329 0.000000
vn 0.937057 -0.349175 0.000000
vn 0.946286 -0.323329 0.000000
vn 0.954797 -0.297258 0.000000
vn 0.954797 -0.297258 0.000000
vn 0.969663 -0.244447 0.000000
vn 0.962595 -0.270943 0.000000
vn 0.962595 -0.270943 0.000000
vn 0.976011 -0.217722 0.000000
vn 0.969663 -0.244447 0.000000
vn 0.976011 -0.217722 0.000000
vn 0.981611 -0.190891 0.000000
vn 0.981611 -0.190891 0.000000
vn 0.990605 -0.136754 0.000000
vn 0.986478 -0.163892 0.000000
vn 0.986478 -0.163892 0.000000
vn 0.993983 -0.109535 0.000000
vn 0.990605 -0.136754 0.000000
vn 0.993983 -0.109535 0.000000
vn 0.996615 -0.082206 0.000000
vn 0.996615 -0.082206 0.000000
vn 0.998494 -0.054854 0.000000
vn 0.999623 -0.027438 0.000000
vn 0.998494 -0.054854 0.000000
vn 0.999623 -0.027438 0.000000
vn 1.000000 0.000000 0.000000
vn 0.999623 0.027438 -0.000000
vn 1.000000 0.000000 0.000000
vn 0.999623 0.027438 -0.000000
vn 0.998494 0.054854 0.000000
vn 0.996615 0.082206 -0.000000
vn 0.998494 0.054854 -0.000000
vn 0.996615 0.082206 -0.000000
vn 0.993983 0.109535 0.000000
vn 0.990605 0.136754 -0.000000
vn 0.993983 0.109535 -0.000000
vn 0.990605 0.136754 -0.000000
vn 0.981611 0.190891 -0.000000
vn 0.986478 0.163892 -0.000000
vn 0.986478 0.163892 0.000000
vn 0.981611 0.190891 -0.000000
vn 0.976011 0.217722 -0.000000
vn 0.976011 0.217722 0.000000
vn 0.969663 0.244447 -0.000000
vn 0.969663 0.244447 0.000000
vn 0.962595 0.270943 -0.000000
vn 0.962595 0.270943 0.000000
vn 0.946286 0.323329 -0.000000
vn 0.954797 0.297258 -0.000000
vn 0.954797 0.297258 0.000000
vn 0.937057 0.349175 -0.000000
vn 0.946286 0.323329 -0.000000
vn 0.937057 0.349175 -0.000000
vn 0.927128 0.374744 -0.000000
vn 0.927128 0.374744 0.000000
vn 0.905174 0.425040 -0.000000
vn 0.916499 0.400038 -0.000000
vn 0.916499 0.400038 0.000000
vn 0.905174 0.425040 -0.000000
vn 0.893181 0.449697 -0.000000
vn 0.893181 0.449697 0.000000
vn 0.880502 0.474043 -0.000000
vn 0.880502 0.474043 0.000000
vn 0.867166 0.498019 -0.000000
vn 0.867166 0.498019 0.000000
vn 0.853177 0.521621 -0.000000
vn 0.853177 0.521621 0.000000
vn 0.838546 0.544830 0.000000
vn 0.823282 0.567632 -0.000000
vn 0.838546 0.544830 -0.000000
vn 0.823282 0.567632 -0.000000
vn 0.807402 0.590002 0.000000
vn 0.807402 0.590002 -0.000000
vn 0.790905 0.611938 0.000000
vn 0.790905 0.611938 -0.000000
vn 0.773826 0.633399 -0.000000
vn 0.773826 0.633399 0.000000
vn 0.756163 0.654384 -0.000000
vn 0.756163 0.654384 0.000000
vn 0.737916 0.674893 0.000000
vn 0.737916 0.674893 -0.000000
vn 0.699792 0.714347 -0.000000
vn 0.719136 0.694870 -0.000000
vn 0.719136 0.694870 0.000000
vn 0.699792 0.714347 -0.000000
vn 0.679937 0.733271 -0.000000
vn 0.679937 0.733271 0.000000
vn 0.659550 0.751661 -0.000000
vn 0.659550 0.751661 0.000000
vn 0.638698 0.769457 -0.000000
vn 0.638698 0.769457 0.000000
vn 0.617347 0.786691 -0.000000
vn 0.617347 0.786691 0.000000
vn 0.595520 0.803340 -0.000000
vn 0.595520 0.803340 0.000000
vn 0.550583 0.834781 -0.000000
vn 0.573260 0.819374 -0.000000
vn 0.573260 0.819374 0.000000
vn 0.550583 0.834781 -0.000000
vn 0.503956 0.863729 -0.000000
vn 0.527452 0.849585 -0.000000
vn 0.527452 0.849585 0.000000
vn 0.480075 0.877227 -0.000000
vn 0.503956 0.863729 -0.000000
vn 0.480075 0.877227 -0.000000
vn 0.455822 0.890071 -0.000000
vn 0.455822 0.890071 0.000000
vn 0.406314 0.913734 -0.000000
vn 0.431232 0.902241 -0.000000
vn 0.431232 0.902241 0.000000
vn 0.406314 0.913734 -0.000000
vn 0.381105 0.924532 0.000000
vn 0.381105 0.924532 -0.000000
vn 0.355591 0.934642 0.000000
vn 0.355591 0.934642 -0.000000
vn 0.329823 0.944043 -0.000000
vn 0.329823 0.944043 0.000000
vn 0.303792 0.952738 0.000000
vn 0.277529 0.960717 -0.000000
vn 0.303792 0.952738 -0.000000
vn 0.277529 0.960717 -0.000000
vn 0.251093 0.967963 0.000000
vn 0.251093 0.967963 -0.000000
vn 0.224414 0.974494 0.000000
vn 0.224414 0.974494 -0.000000
vn 0.197628 0.980277 0.000000
vn 0.197628 0.980277 -0.000000
vn 0.170645 0.985333 0.000000
vn 0.170645 0.985333 -0.000000
vn 0.143535 0.989645 0.000000
vn 0.143535 0.989645 -0.000000
vn 0.116355 0.993208 0.000000
vn 0.089049 0.996027 -0.000000
vn 0.116355 0.993208 -0.000000
vn 0.089049 0.996027 -0.000000
vn 0.061698 0.998095 -0.000000
vn 0.061698 0.998095 -0.000000
vn 0.034281 0.999412 0.000000
vn 0.006865 0.999976 -0.000000
vn 0.034281 0.999412 -0.000000
vn 0.006865 0.999976 -0.000000
vn -0.020573 0.999788 0.000000
vn -0.047989 0.998848 0.000000
vn -0.020573 0.999788 0.000000
vn -0.047989 0.998848 0.000000
vn -0.075384 0.997155 0.000000
vn -0.075384 0.997155 0.000000
vn -0.102717 0.994711 0.000000
vn -0.102717 0.994711 0.000000
vn -0.129952 0.991520 0.000000
vn -0.129952 0.991520 0.000000
vn -0.157116 0.987580 0.000000
vn -0.157116 0.987580 0.000000
vn -0.184157 0.982897 0.000000
vn -0.211024 0.977481 0.000000
vn -0.184157 0.982897 0.000000
vn -0.211024 0.977481 0.000000
vn -0.237779 0.971319 0.000000
vn -0.237779 0.971319 0.000000
vn -0.290703 0.956813 0.000000
vn -0.264341 0.964429 0.000000
vn -0.264341 0.964429 0.000000
vn -0.290703 0.956813 0.000000
vn -0.342739 0.939431 0.000000
vn -0.316827 0.948483 0.000000
vn -0.316827 0.948483 0.000000
vn -0.368381 0.929675 0.000000
vn -0.342739 0.939431 0.000000
vn -0.368381 0.929675 0.000000
vn -0.393741 0.919221 0.000000
vn -0.393741 0.919221 0.000000
vn -0.418820 0.908069 0.000000
vn -0.443578 0.896236 0.000000
vn -0.418820 0.908069 0.000000
vn -0.443578 0.896236 0.000000
vn -0.467982 0.883738 0.000000
vn -0.467982 0.883738 0.000000
vn -0.492067 0.870557 0.000000
vn -0.515748 0.856741 0.000000
vn -0.492067 0.870557 0.000000
vn -0.515748 0.856741 0.000000
vn -0.539072 0.842260 0.000000
vn -0.539072 0.842260 0.000000
vn -0.561958 0.827166 0.000000
vn -0.561958 0.827166 0.000000
vn -0.584462 0.811421 0.000000
vn -0.584462 0.811421 0.000000
vn -0.606487 0.795093 0.000000
vn -0.606487 0.795093 0.000000
vn -0.628088 0.778142 0.000000
vn -0.628088 0.778142 0.000000
vn -0.649162 0.760650 0.000000
vn -0.669826 0.742518 0.000000
vn -0.649162 0.760650 0.000000
vn -0.669826 0.742518 0.000000
vn -0.689914 0.723891 0.000000
vn -0.689914 0.723891 0.000000
vn -0.709547 0.704659 0.000000
vn -0.709547 0.704659 0.000000
vn -0.728581 0.684959 0.000000
vn -0.728581 0.684959 0.000000
vn -0.747117 0.664693 0.000000
vn -0.747117 0.664693 0.000000
vn -0.782443 0.622722 0.000000
vn -0.765066 0.643952 0.000000
vn -0.765066 0.643952 0.000000
vn -0.799233 0.601021 0.000000
vn -0.782443 0.622722 0.000000
vn -0.799233 0.601021 0.000000
vn -0.815415 0.578877 0.000000
vn -0.815415 0.578877 0.000000
vn -0.830999 0.556273 0.000000
vn -0.830999 0.556273 0.000000
vn -0.845931 0.533293 0.000000
vn -0.845931 0.533293 0.000000
vn -0.860248 0.509875 0.000000
vn -0.860248 0.509875 0.000000
vn -0.873926 0.486060 0.000000
vn -0.873926 0.486060 0.000000
vn -0.886928 0.461908 0.000000
vn -0.886928 0.461908 0.000000
vn -0.899249 0.437437 0.000000
vn -0.899249 0.437437 0.000000
vn -0.910931 0.412559 0.000000
vn -0.910931 0.412559 0.000000
vn -0.921898 0.387433 0.000000
vn -0.932175 0.362008 0.000000
vn -0.921898 0.387433 0.000000
vn -0.932175 0.362008 0.000000
vn -0.941757 0.336295 0.000000
vn -0.950633 0.310317 0.000000
vn -0.941757 0.336295 0.000000
vn -0.950633 0.310317 0.000000
vn -0.958791 0.284113 0.000000
vn -0.966226 0.257698 0.000000
vn -0.958791 0.284113 0.000000
vn -0.966226 0.257698 0.000000
vn -0.972919 0.231146 0.000000
vn -0.972919 0.231146 0.000000
vn -0.978909 0.204298 0.000000
vn -0.978909 0.204298 0.000000
vn -0.984139 0.177402 0.000000
vn -0.984139 0.177402 0.000000
vn -0.988635 0.150333 0.000000
vn -0.988635 0.150333 0.000000
vn -0.992385 0.123176 0.000000
vn -0.992385 0.123176 0.000000
vn -0.997650 0.068519 0.000000
vn -0.995392 0.095894 0.000000
vn -0.995392 0.095894 0.000000
vn -0.997650 0.068519 0.000000
vn -0.999153 0.041146 0.000000
vn -0.999153 0.041146 0.000000
vn -0.999906 0.013730 0.000000
vn -0.999906 0.013730 0.000000
vn -0.999906 -0.013729 0.000000
vn -0.999906 -0.013729 0.000000
vn -0.999153 -0.041146 0.000000
vn -0.999153 -0.041146 0.000000
vn -0.997650 -0.068523 0.000000
vn -0.997650 -0.068523 0.000000
vn -0.995392 -0.095890 0.000000
vn -0.995392 -0.095890 0.000000
vn -0.992384 -0.123179 0.000000
vn -0.992384 -0.123179 0.000000
vn -0.988635 -0.150333 0.000000
vn -0.988635 -0.150333 0.000000
vn -0.984138 -0.177406 0.000000
vn -0.984138 -0.177406 0.000000
vn -0.978909 -0.204298 0.000000
vn -0.978909 -0.204298 0.000000
vn -0.972923 -0.231131 0.000000
vn -0.972923 -0.231131 0.000000
vn -0.966226 -0.257698 0.000000
vn -0.966226 -0.257698 0.000000
vn -0.958787 -0.284125 0.000000
vn -0.958787 -0.284125 0.000000
vn -0.950637 -0.310304 0.000000
vn -0.950637 -0.310304 0.000000
vn -0.941752 -0.336309 0.000000
vn -0.941752 -0.336309 0.000000
vn -0.932181 -0.361993 0.000000
vn -0.932181 -0.361993 0.000000
vn -0.921898 -0.387433 0.000000
vn -0.921898 -0.387433 0.000000
vn -0.910924 -0.412575 0.000000
vn -0.910924 -0.412575 0.000000
vn -0.899257 -0.437420 0.000000
vn -0.899257 -0.437420 0.000000
vn -0.886918 -0.461926 0.000000
vn -0.886918 -0.461926 0.000000
vn -0.873926 -0.486060 0.000000
vn -0.873926 -0.486060 0.000000
vn -0.860260 -0.509856 0.000000
vn -0.860260 -0.509856 0.000000
vn -0.845937 -0.533283 0.000000
vn -0.845937 -0.533283 0.000000
vn -0.830972 -0.556314 0.000000
vn -0.830972 -0.556314 0.000000
vn -0.815430 -0.578856 0.000000
vn -0.815430 -0.578856 0.000000
vn -0.799217 -0.601042 0.000000
vn -0.799217 -0.601042 0.000000
vn -0.782477 -0.622680 0.000000
vn -0.782477 -0.622680 0.000000
vn -0.765057 -0.643963 0.000000
vn -0.765057 -0.643963 0.000000
vn -0.747098 -0.664714 0.000000
vn -0.747098 -0.664714 0.000000
vn -0.728602 -0.684938 0.000000
vn -0.728602 -0.684938 0.000000
vn -0.709536 -0.704669 0.000000
vn -0.709536 -0.704669 0.000000
vn -0.689892 -0.723913 0.000000
vn -0.689892 -0.723913 0.000000
vn -0.669826 -0.742518 0.000000
vn -0.669826 -0.742518 0.000000
vn -0.649187 -0.760629 0.000000
vn -0.649187 -0.760629 0.000000
vn -0.628101 -0.778131 0.000000
vn -0.628101 -0.778131 0.000000
vn -0.606459 -0.795114 0.000000
vn -0.606459 -0.795114 0.000000
vn -0.584476 -0.811411 0.000000
vn -0.584476 -0.811411 0.000000
vn -0.561958 -0.827166 0.000000
vn -0.561958 -0.827166 0.000000
vn -0.539041 -0.842279 0.000000
vn -0.539041 -0.842279 0.000000
vn -0.515811 -0.856702 0.000000
vn -0.515811 -0.856702 0.000000
vn -0.492034 -0.870576 0.000000
vn -0.492034 -0.870576 0.000000
vn -0.468015 -0.883720 0.000000
vn -0.468015 -0.883720 0.000000
vn -0.443543 -0.896253 0.000000
vn -0.443543 -0.896253 0.000000
vn -0.418838 -0.908061 0.000000
vn -0.418838 -0.908061 0.000000
vn -0.393741 -0.919221 0.000000
vn -0.393741 -0.919221 0.000000
vn -0.368362 -0.929682 0.000000
vn -0.368362 -0.929682 0.000000
vn -0.342720 -0.939438 0.000000
vn -0.342720 -0.939438 0.000000
vn -0.316827 -0.948483 0.000000
vn -0.316827 -0.948483 0.000000
vn -0.290683 -0.956820 0.000000
vn -0.290683 -0.956820 0.000000
vn -0.264341 -0.964429 0.000000
vn -0.264341 -0.964429 0.000000
vn -0.237840 -0.971304 0.000000
vn -0.237840 -0.971304 0.000000
vn -0.184136 -0.982901 0.000000
vn -0.210983 -0.977490 0.000000
vn -0.210983 -0.977490 0.000000
vn -0.184136 -0.982901 0.000000
vn -0.157116 -0.987580 0.000000
vn -0.157116 -0.987580 0.000000
vn -0.129995 -0.991515 0.000000
vn -0.129995 -0.991515 0.000000
vn -0.102717 -0.994711 0.000000
vn -0.102717 -0.994711 0.000000
vn -0.075341 -0.997158 0.000000
vn -0.075341 -0.997158 0.000000
vn -0.048054 -0.998845 0.000000
vn -0.048054 -0.998845 0.000000
vn -0.020594 -0.999788 0.000000
vn -0.020594 -0.999788 0.000000
vn 0.006865 -0.999976 0.000000
vn 0.006865 -0.999976 0.000000
vn 0.034325 -0.999411 0.000000
vn 0.034325 -0.999411 0.000000
vn 0.061698 -0.998095 0.000000
vn 0.061698 -0.998095 0.000000
vn 0.089070 -0.996025 0.000000
vn 0.089070 -0.996025 0.000000
vn 0.116355 -0.993208 0.000000
vn 0.116355 -0.993208 0.000000
vn 0.143556 -0.989642 0.000000
vn 0.143556 -0.989642 0.000000
vn 0.170582 -0.985344 0.000000
vn 0.170582 -0.985344 0.000000
vn 0.197607 -0.980281 0.000000
vn 0.197607 -0.980281 0.000000
vn 0.224455 -0.974485 0.000000
vn 0.251053 -0.967973 0.000000
vn 0.224455 -0.974485 0.000000
vn 0.251053 -0.967973 0.000000
vn 0.277549 -0.960711 0.000000
vn 0.277549 -0.960711 0.000000
vn 0.303792 -0.952738 0.000000
vn 0.303792 -0.952738 0.000000
vn 0.329862 -0.944029 0.000000
vn 0.329862 -0.944029 0.000000
vn 0.355591 -0.934642 0.000000
vn 0.355591 -0.934642 0.000000
vn 0.381049 -0.924555 0.000000
vn 0.381049 -0.924555 0.000000
vn 0.406332 -0.913726 0.000000
vn 0.406332 -0.913726 0.000000
vn 0.431267 -0.902224 0.000000
vn 0.431267 -0.902224 0.000000
vn 0.455787 -0.890089 0.000000
vn 0.455787 -0.890089 0.000000
vn 0.480109 -0.877209 0.000000
vn 0.503924 -0.863748 0.000000
vn 0.480109 -0.877209 0.000000
vn 0.503924 -0.863748 0.000000
vn 0.527468 -0.849575 0.000000
vn 0.527468 -0.849575 0.000000
vn 0.550583 -0.834781 0.000000
vn 0.573260 -0.819374 0.000000
vn 0.550583 -0.834781 0.000000
vn 0.595520 -0.803340 0.000000
vn 0.573260 -0.819374 0.000000
vn 0.595520 -0.803340 0.000000
vn 0.617334 -0.786701 0.000000
vn 0.617334 -0.786701 0.000000
vn 0.659550 -0.751661 0.000000
vn 0.638698 -0.769457 0.000000
vn 0.638698 -0.769457 0.000000
vn 0.679960 -0.733249 0.000000
vn 0.659550 -0.751661 0.000000
vn 0.679960 -0.733249 0.000000
vn 0.699792 -0.714347 0.000000
vn 0.699792 -0.714347 0.000000
vn 0.719104 -0.694902 0.000000
vn 0.719104 -0.694902 0.000000
vn 0.737926 -0.674882 0.000000
vn 0.737926 -0.674882 0.000000
vn 0.756172 -0.654373 0.000000
vn 0.773826 -0.633399 0.000000
vn 0.756172 -0.654373 0.000000
vn 0.773826 -0.633399 0.000000
vn 0.790889 -0.611959 0.000000
vn 0.790889 -0.611959 0.000000
vn 0.807425 -0.589971 0.000000
vn 0.823275 -0.567642 0.000000
vn 0.807425 -0.589971 0.000000
vn 0.823275 -0.567642 0.000000
vn 0.838553 -0.544820 0.000000
vn 0.838553 -0.544820 0.000000
vn 0.853171 -0.521631 0.000000
vn 0.853171 -0.521631 0.000000
vn 0.867166 -0.498019 0.000000
vn 0.880507 -0.474034 0.000000
vn 0.867166 -0.498019 0.000000
vn 0.880507 -0.474034 0.000000
vn 0.893172 -0.449715 0.000000
vn 0.893172 -0.449715 0.000000
vn 0.905182 -0.425024 0.000000
vn 0.916502 -0.400030 0.000000
vn 0.905182 -0.425024 0.000000
vn 0.916502 -0.400030 0.000000
vn 0.937052 -0.349189 0.000000
vn 0.927125 -0.374752 0.000000
vn 0.927125 -0.374752 0.000000
vn 0.946291 -0.323316 0.000000
vn 0.937052 -0.349189 0.000000
vn 0.946291 -0.323316 0.000000
vn 0.954793 -0.297270 0.000000
vn 0.954793 -0.297270 0.000000
vn 0.969660 -0.244457 0.000000
vn 0.962599 -0.270932 0.000000
vn 0.962599 -0.270932 0.000000
vn 0.976012 -0.217717 0.000000
vn 0.969660 -0.244457 0.000000
vn 0.976012 -0.217717 0.000000
vn 0.981610 -0.190895 0.000000
vn 0.981610 -0.190895 0.000000
vn 0.990605 -0.136751 0.000000
vn 0.986478 -0.163892 0.000000
vn 0.986478 -0.163892 0.000000
vn 0.993982 -0.109540 0.000000
vn 0.990605 -0.136751 0.000000
vn 0.993982 -0.109540 0.000000
vn 0.996616 -0.082204 0.000000
vn 0.996616 -0.082204 0.000000
vn 0.998495 -0.054852 0.000000
vn 0.999623 -0.027439 0.000000
vn 0.998495 -0.054852 0.000000
vn 0.999623 -0.027439 0.000000
vn 1.000000 0.000000 0.000000
vn 0.999623 0.027439 -0.000000
vn 1.000000 0.000000 0.000000
vn 0.999623 0.027439 -0.000000
vn 0.998495 0.054852 0.000000
vn 0.996616 0.082204 -0.000000
vn 0.998495 0.054852 -0.000000
vn 0.996616 0.082204 -0.000000
vn 0.993982 0.109540 0.000000
vn 0.990605 0.136751 -0.000000
vn 0.993982 0.109540 -0.000000
vn 0.990605 0.136751 -0.000000
vn 0.981610 0.190895 -0.000000
vn 0.986478 0.163892 -0.000000
vn 0.986478 0.163892 0.000000
vn 0.981610 0.190895 -0.000000
vn 0.976012 0.217717 -0.000000
vn 0.976012 0.217717 0.000000
vn 0.969660 0.244457 -0.000000
vn 0.969660 0.244457 0.000000
vn 0.962599 0.270932 -0.000000
vn 0.962599 0.270932 0.000000
vn 0.946291 0.323316 -0.000000
vn 0.954793 0.297270 -0.000000
vn 0.954793 0.297270 0.000000
vn 0.937052 0.349189 -0.000000
vn 0.946291 0.323316 -0.000000
vn 0.937052 0.349189 -0.000000
vn 0.927125 0.374752 -0.000000
vn 0.927125 0.374752 0.000000
vn 0.905182 0.425024 -0.000000
vn 0.916502 0.400030 -0.000000
vn 0.916502 0.400030 0.000000
vn 0.905182 0.425024 -0.000000
vn 0.893172 0.449715 -0.000000
vn 0.893172 0.449715 0.000000
vn 0.880507 0.474034 -0.000000
vn 0.880507 0.474034 0.000000
vn 0.867166 0.498019 -0.000000
vn 0.867166 0.498019 0.000000
vn 0.853171 0.521631 -0.000000
vn 0.853171 0.521631 0.000000
vn 0.838553 0.544820 0.000000
vn 0.823275 0.567642 -0.000000
vn 0.838553 0.544820 -0.000000
vn 0.823275 0.567642 -0.000000
vn 0.807425 0.589971 0.000000
vn 0.807425 0.589971 -0.000000
vn 0.790889 0.611959 0.000000
vn 0.790889 0.611959 -0.000000
vn 0.773826 0.633399 -0.000000
vn 0.773826 0.633399 0.000000
vn 0.756172 0.654373 -0.000000
vn 0.756172 0.654373 0.000000
vn 0.737926 0.674882 0.000000
vn 0.737926 0.674882 -0.000000
vn 0.699792 0.714347 -0.000000
vn 0.719104 0.694902 -0.000000
vn 0.719104 0.694902 0.000000
vn 0.699792 0.714347 -0.000000
vn 0.679960 0.733249 -0.000000
vn 0.679960 0.733249 0.000000
vn 0.659550 0.751661 -0.000000
vn 0.659550 0.751661 0.000000
vn 0.638698 0.769457 -0.000000
vn 0.638698 0.769457 0.000000
vn 0.617334 0.786701 -0.000000
vn 0.617334 0.786701 0.000000
vn 0.595520 0.803340 -0.000000
vn 0.595520 0.803340 0.000000
vn 0.550583 0.834781 -0.000000
vn 0.573260 0.819374 -0.000000
vn 0.573260 0.819374 0.000000
vn 0.550583 0.834781 -0.000000
vn 0.503924 0.863748 -0.000000
vn 0.527468 0.849575 -0.000000
vn 0.527468 0.849575 0.000000
vn 0.480109 0.877209 -0.000000
vn 0.503924 0.863748 -0.000000
vn 0.480109 0.877209 -0.000000
vn 0.455787 0.890089 -0.000000
vn 0.455787 0.890089 0.000000
vn 0.406332 0.913726 -0.000000
vn 0.431267 0.902224 -0.000000
vn 0.431267 0.902224 0.000000
vn 0.406332 0.913726 -0.000000
vn 0.381049 0.924555 0.000000
vn 0.381049 0.924555 -0.000000
vn 0.355591 0.934642 0.000000
vn 0.355591 0.934642 -0.000000
vn 0.329862 0.944029 -0.000000
vn 0.329862 0.944029 0.000000
vn 0.303792 0.952738 0.000000
vn 0.277549 0.960711 -0.000000
vn 0.303792 0.952738 -0.000000
vn 0.277549 0.960711 -0.000000
vn 0.251053 0.967973 0.000000
vn 0.251053 0.967973 -0.000000
vn 0.224455 0.974485 0.000000
vn 0.224455 0.974485 -0.000000
vn 0.197607 0.980281 0.000000
vn 0.197607 0.980281 -0.000000
vn 0.170582 0.985344 0.000000
vn 0.170582 0.985344 -0.000000
vn 0.143556 0.989642 0.000000
vn 0.143556 0.989642 -0.000000
vn 0.116355 0.993208 0.000000
vn 0.089070 0.996025 -0.000000
vn 0.116355 0.993208 -0.000000
vn 0.089070 0.996025 -0.000000
vn 0.061698 0.998095 -0.000000
vn 0.061698 0.998095 -0.000000
vn 0.034325 0.999411 0.000000
vn 0.006865 0.999976 -0.000000
vn 0.034325 0.999411 -0.000000
vn 0.006865 0.999976 -0.000000
vn -0.020594 0.999788 0.000000
vn -0.048054 0.998845 0.000000
vn -0.020594 0.999788 0.000000
vn -0.048054 0.998845 0.000000
vn -0.075341 0.997158 0.000000
vn -0.075341 0.997158 0.000000
vn -0.102717 0.994711 0.000000
vn -0.102717 0.994711 0.000000
vn -0.129995 0.991515 0.000000
vn -0.129995 0.991515 0.000000
vn -0.157116 0.987580 0.000000
vn -0.157116 0.987580 0.000000
vn -0.184136 0.982901 0.000000
vn -0.210983 0.977490 0.000000
vn -0.184136 0.982901 0.000000
vn -0.210983 0.977490 0.000000
vn -0.237840 0.971304 0.000000
vn -0.237840 0.971304 0.000000
vn -0.290683 0.956820 0.000000
vn -0.264341 0.964429 0.000000
vn -0.264341 0.964429 0.000000
vn -0.290683 0.956820 0.000000
vn -0.342720 0.939438 0.000000
vn -0.316827 0.948483 0.000000
vn -0.316827 0.948483 0.000000
vn -0.368362 0.929682 0.000000
vn -0.342720 0.939438 0.000000
vn -0.368362 0.929682 0.000000
vn -0.393741 0.919221 0.000000
vn -0.393741 0.919221 0.000000
vn -0.418838 0.908061 0.000000
vn -0.443543 0.896253 0.000000
vn -0.418838 0.908061 0.000000
vn -0.443543 0.896253 0.000000
vn -0.468015 0.883720 0.000000
vn -0.468015 0.883720 0.000000
vn -0.492034 0.870576 0.000000
vn -0.515811 0.856702 0.000000
vn -0.492034 0.870576 0.000000
vn -0.515811 0.856702 0.000000
vn -0.539041 0.842279 0.000000
vn -0.539041 0.842279 0.000000
vn -0.561958 0.827166 0.000000
vn -0.561958 0.827166 0.000000
vn -0.584476 0.811411 0.000000
vn -0.584476 0.811411 0.000000
vn -0.606459 0.795114 0.000000
vn -0.606459 0.795114 0.000000
vn -0.628101 0.778131 0.000000
vn -0.628101 0.778131 0.000000
vn -0.649187 0.760629 0.000000
vn -0.669826 0.742518 0.000000
vn -0.649187 0.760629 0.000000
vn -0.669826 0.742518 0.000000
vn -0.689892 0.723913 0.000000
vn -0.689892 0.723913 0.000000
vn -0.709536 0.704669 0.000000
vn -0.709536 0.704669 0.000000
vn -0.728602 0.684938 0.000000
vn -0.728602 0.684938 0.000000
vn -0.747098 0.664714 0.000000
vn -0.747098 0.664714 0.000000
vn -0.782477 0.622680 0.000000
vn -0.765057 0.643963 0.000000
vn -0.765057 0.643963 0.000000
vn -0.799217 0.601042 0.000000
vn -0.782477 0.622680 0.000000
vn -0.799217 0.601042 0.000000
vn -0.815430 0.578856 0.000000
vn -0.815430 0.578856 0.000000
vn -0.830972 0.556314 0.000000
vn -0.830972 0.556314 0.000000
vn -0.845937 0.533283 0.000000
vn -0.845937 0.533283 0.000000
vn -0.860260 0.509856 0.000000
vn -0.860260 0.509856 0.000000
vn -0.873926 0.486060 0.000000
vn -0.873926 0.486060 0.000000
vn -0.886918 0.461926 0.000000
vn -0.886918 0.461926 0.000000
vn -0.899257 0.437420 0.000000
vn -0.899257 0.437420 0.000000
vn -0.910924 0.412575 0.000000
vn -0.910924 0.412575 0.000000
vn -0.921898 0.387433 0.000000
vn -0.932181 0.361993 0.000000
vn -0.921898 0.387433 0.000000
vn -0.932181 0.361993 0.000000
vn -0.941752 0.336309 0.000000
vn -0.950637 0.310304 0.000000
vn -0.941752 0.336309 0.000000
vn -0.950637 0.310304 0.000000
vn -0.958787 0.284125 0.000000
vn -0.966226 0.257698 0.000000
vn -0.958787 0.284125 0.000000
vn -0.966226 0.257698 0.000000
vn -0.972923 0.231131 0.000000
vn -0.972923 0.231131 0.000000
vn -0.978909 0.204298 0.000000
vn -0.978909 0.204298 0.000000
vn -0.984138 0.177406 0.000000
vn -0.984138 0.177406 0.000000
vn -0.988635 0.150333 0.000000
vn -0.988635 0.150333 0.000000
vn -0.992384 0.123179 0.000000
vn -0.992384 0.123179 0.000000
vn -0.997650 0.068523 0.000000
vn -0.995392 0.095890 0.000000
vn -0.995392 0.095890 0.000000
vn -0.997650 0.068523 0.000000
vn -0.999153 0.041146 0.000000
vn -0.999153 0.041146 0.000000
vn -0.999906 0.013729 0.000000
vn -0.999906 0.013729 0.000000
vn 0.000000 0.000000 1.000000
vn 0.000000 0.000000 1.000000
vn 0.000000 0.000000 1.000000
vn 0.000000 0.000000 1.000000
vn 0.000000 0.000000 1.000000
vn 0.000000 0.000000 1.000000
vn 0.000000 0.000000 1.000000
vn 0.000000 0.000000 1.000000
vn 0.000000 0.000000 1.000000
vn 0.000000 0.000000 1.000000
vn 0.000000 0.000000 1.000000
vn 0.000000 0.000000 1.000000
vn 0.000000 0.000000 1.000000
vn 0.000000 0.000000 1.000000
vn 0.000000 0.000000 1.000000
vn 0.000000 0.000000 1.000000
vn 0.000000 0.000000 1.000000
vn 0.000000 0.000000 1.000000
vn 0.000000 0.000000 1.000000
vn 0.000000 0.000000 1.000000
vn 0.000000 0.000000 1.000000
vn 0.000000 0.000000 1.000000
vn 0.000000 0.000000 1.000000
vn 0.000000 0.000000 1.000000
vn 0.000000 0.000000 1.000000
vn 0.000000 0.000000 1.000000
vn 0.000000 0.000000 1.000000
vn 0.000000 0.000000 1.000000
vn 0.000000 0.000000 1.000000
vn 0.000000 0.000000 1.000000
vn 0.000000 0.000000 1.000000
vn 0.000000 0.000000 1.000000
vn 0.000000 0.000000 1.000000
vn 0.000000 0.000000 1.000000
vn 0.000000 0.000000 1.000000
vn 0.000000 0.000000 1.000000
vn 0.000000 0.000000 1.000000
vn 0.000000 0.000000 1.000000
vn 0.000000 0.000000 1.000000
vn 0.000000 0.000000 1.000000
vn 0.000000 0.000000 1.000000
vn 0.000000 0.000000 1.000000
vn 0.000000 0.000000 1.000000
vn 0.000000 0.000000 1.000000
vn 0.000000 0.000000 1.000000
vn 0.000000 0.000000 1.000000
vn 0.000000 0.000000 1.000000
vn 0.000000 0.000000 1.000000
vn 0.000000 0.000000 1.000000
vn 0.000000 0.000000 1.000000
vn 0.000000 0.000000 1.000000
vn 0.000000 0.000000 1.000000
vn 0.000000 0.000000 1.000000
vn 0.000000 0.000000 1.000000
vn 0.000000 0.000000 1.000000
vn 0.000000 0.000000 1.000000
vn 0.000000 0.000000 1.000000
vn 0.000000 0.000000 1.000000
vn 0.000000 0.000000 1.000000
vn 0.000000 0.000000 1.000000
vn 0.000000 0.000000 1.000000
vn 0.000000 0.000000 1.000000
vn 0.000000 0.000000 1.000000
vn 0.000000 0.000000 1.000000
vn 0.000000 0.000000 1.000000
vn 0.000000 0.000000 1.000000
vn 0.000000 0.000000 1.000000
vn 0.000000 0.000000 1.000000
vn 0.000000 0.000000 1.000000
vn 0.000000 0.000000 1.000000
vn 0.000000 0.000000 1.000000
vn 0.000000 0.000000 1.000000
vn 0.000000 0.000000 1.000000
vn 0.000000 0.000000 1.000000
vn 0.000000 0.000000 1.000000
vn 0.000000 0.000000 1.000000
vn 0.000000 0.000000 1.000000
vn 0.000000 0.000000 1.000000
vn 0.000000 0.000000 1.000000
vn 0.000000 0.000000 1.000000
vn 0.000000 0.000000 1.000000
vn 0.000000 0.000000 1.000000
vn 0.000000 0.000000 1.000000
vn 0.000000 0.000000 1.000000
vn 0.000000 0.000000 1.000000
vn 0.000000 0.000000 1.000000
vn 0.000000 0.000000 1.000000
vn 0.000000 0.000000 1.000000
vn 0.000000 0.000000 1.000000
vn 0.000000 0.000000 1.000000
vn 0.000000 0.000000 1.000000
vn 0.000000 0.000000 1.000000
vn 0.000000 0.000000 1.000000
vn 0.000000 0.000000 1.000000
vn 0.000000 0.000000 1.000000
vn 0.000000 0.000000 1.000000
vn 0.000000 0.000000 1.000000
vn 0.000000 0.000000 1.000000
vn 0.000000 0.000000 1.000000
vn 0.000000 0.000000 1.000000
vn 0.000000 0.000000 1.000000
vn 0.000000 0.000000 1.000000
vn 0.000000 0.000000 1.000000
vn 0.000000 0.000000 1.000000
vn 0.000000 0.000000 1.000000
vn 0.000000 0.000000 1.000000
vn 0.000000 0.000000 1.000000
vn 0.000000 0.000000 1.000000
vn 0.000000 0.000000 1.000000
vn 0.000000 0.000000 1.000000
vn 0.000000 0.000000 1.000000
vn 0.000000 0.000000 1.000000
vn 0.000000 0.000000 1.000000
vn 0.000000 0.000000 1.000000
vn 0.000000 0.000000 1.000000
vn 0.000000 0.000000 1.000000
vn 0.000000 0.000000 1.000000
vn 0.000000 0.000000 1.000000
vn 0.000000 0.000000 1.000000
vn 0.000000 0.000000 1.000000
vn 0.000000 0.000000 1.000000
vn 0.000000 0.000000 1.000000
vn 0.000000 0.000000 1.000000
vn 0.000000 0.000000 1.000000
vn 0.000000 0.000000 1.000000
vn 0.000000 0.000000 1.000000
vn 0.000000 0.000000 1.000000
vn 0.000000 0.000000 1.000000
vn 0.000000 0.000000 1.000000
vn 0.000000 0.000000 1.000000
vn 0.000000 0.000000 1.000000
vn 0.000000 0.000000 1.000000
vn 0.000000 0.000000 1.000000
vn 0.000000 0.000000 1.000000
vn 0.000000 0.000000 1.000000
vn 0.000000 0.000000 1.000000
vn 0.000000 0.000000 1.000000
vn 0.000000 0.000000 1.000000
vn 0.000000 0.000000 1.000000
vn 0.000000 0.000000 1.000000
vn 0.000000 0.000000 1.000000
vn 0.000000 0.000000 1.000000
vn 0.000000 0.000000 1.000000
vn 0.000000 0.000000 1.000000
vn 0.000000 0.000000 1.000000
vn 0.000000 0.000000 1.000000
vn 0.000000 0.000000 1.000000
vn 0.000000 0.000000 1.000000
vn 0.000000 0.000000 1.000000
vn 0.000000 0.000000 1.000000
vn 0.000000 0.000000 1.000000
vn 0.000000 0.000000 1.000000
vn 0.000000 0.000000 1.000000
vn 0.000000 0.000000 1.000000
vn 0.000000 0.000000 1.000000
vn 0.000000 0.000000 1.000000
vn 0.000000 0.000000 1.000000
vn 0.000000 0.000000 1.000000
vn 0.000000 0.000000 1.000000
vn 0.000000 0.000000 1.000000
vn 0.000000 0.000000 1.000000
vn 0.000000 0.000000 1.000000
vn 0.000000 0.000000 1.000000
vn 0.000000 0.000000 1.000000
vn 0.000000 0.000000 1.000000
vn 0.000000 0.000000 1.000000
vn 0.000000 0.000000 1.000000
vn 0.000000 0.000000 1.000000
vn 0.000000 0.000000 1.000000
vn 0.000000 0.000000 1.000000
vn 0.000000 0.000000 1.000000
vn 0.000000 0.000000 1.000000
vn 0.000000 0.000000 1.000000
vn 0.000000 0.000000 1.000000
vn 0.000000 0.000000 1.000000
vn 0.000000 0.000000 1.000000
vn 0.000000 0.000000 1.000000
vn 0.000000 0.000000 1.000000
vn 0.000000 0.000000 1.000000
vn 0.000000 0.000000 1.000000
vn 0.000000 0.000000 1.000000
vn 0.000000 0.000000 1.000000
vn 0.000000 0.000000 1.000000
vn 0.000000 0.000000 1.000000
vn 0.000000 0.000000 1.000000
vn 0.000000 0.000000 1.000000
vn 0.000000 0.000000 1.000000
vn 0.000000 0.000000 1.000000
vn 0.000000 0.000000 1.000000
vn 0.000000 0.000000 1.000000
vn 0.000000 0.000000 1.000000
vn 0.000000 0.000000 1.000000
vn 0.000000 0.000000 1.000000
vn 0.000000 0.000000 1.000000
vn 0.000000 0.000000 1.000000
vn 0.000000 0.000000 1.000000
vn 0.000000 0.000000 1.000000
vn 0.000000 0.000000 1.000000
vn 0.000000 0.000000 1.000000
vn 0.000000 0.000000 1.000000
vn 0.000000 0.000000 1.000000
vn 0.000000 0.000000 1.000000
vn 0.000000 0.000000 1.000000
vn 0.000000 0.000000 1.000000
vn 0.000000 0.000000 1.000000
vn 0.000000 0.000000 1.000000
vn 0.000000 0.000000 1.000000
vn 0.000000 0.000000 1.000000
vn 0.000000 0.000000 1.000000
vn 0.000000 0.000000 1.000000
vn 0.000000 0.000000 1.000000
vn 0.000000 0.000000 1.000000
vn 0.000000 0.000000 1.000000
vn 0.000000 0.000000 1.000000
vn 0.000000 0.000000 1.000000
vn 0.000000 0.000000 1.000000
vn 0.000000 0.000000 1.000000
vn 0.000000 0.000000 1.000000
vn 0.000000 0.000000 1.000000
vn 0.000000 0.000000 1.000000
vn 0.000000 0.000000 1.000000
vn 0.000000 0.000000 1.000000
vn 0.000000 0.000000 1.000000
vn 0.000000 0.000000 1.000000
vn 0.000000 0.000000 1.000000
vn 0.000000 0.000000 1.000000
vn 0.000000 0.000000 1.000000
vn 0.000000 0.000000 1.000000
vn 0.000000 0.000000 1.000000
vn 0.000000 0.000000 1.000000
vn 0.000000 0.000000 1.000000
vn 0.000000 0.000000 1.000000
vn 0.000000 0.000000 1.000000
vn 0.000000 0.000000 1.000000
vn 0.000000 0.000000 1.000000
vn 0.000000 0.000000 1.000000
vn 0.000000 0.000000 1.000000
vn 0.000000 0.000000 1.000000
vn 0.000000 0.000000 1.000000
vn 0.000000 0.000000 1.000000
vn 0.000000 0.000000 1.000000
vn 0.000000 0.000000 1.000000
vn 0.000000 0.000000 1.000000
vn 0.000000 0.000000 1.000000
vn 0.000000 0.000000 1.000000
vn 0.000000 0.000000 1.000000
vn 0.000000 0.000000 1.000000
vn 0.000000 0.000000 1.000000
vn 0.000000 0.000000 1.000000
vn 0.000000 0.000000 1.000000
vn 0.000000 0.000000 1.000000
vn 0.000000 0.000000 1.000000
vn 0.000000 0.000000 1.000000
vn 0.000000 0.000000 1.000000
vn 0.000000 0.000000 1.000000
vn 0.000000 0.000000 1.000000
vn 0.000000 0.000000 1.000000
vn 0.000000 0.000000 1.000000
vn 0.000000 0.000000 1.000000
vn 0.000000 0.000000 1.000000
vn 0.000000 0.000000 1.000000
vn 0.000000 0.000000 1.000000
vn 0.000000 0.000000 1.000000
vn 0.000000 0.000000 1.000000
vn 0.000000 0.000000 1.000000
vn 0.000000 0.000000 1.000000
vn 0.000000 0.000000 1.000000
vn 0.000000 0.000000 1.000000
vn 0.000000 0.000000 1.000000
vn 0.000000 0.000000 1.000000
vn 0.000000 0.000000 1.000000
vn 0.000000 0.000000 1.000000
vn 0.000000 0.000000 1.000000
vn 0.000000 0.000000 1.000000
vn 0.000000 0.000000 1.000000
vn 0.000000 0.000000 1.000000
vn 0.000000 0.000000 1.000000
vn 0.000000 0.000000 1.000000
vn 0.000000 0.000000 1.000000
vn 0.000000 0.000000 1.000000
vn 0.000000 0.000000 1.000000
vn 0.000000 0.000000 1.000000
vn 0.000000 0.000000 1.000000
vn 0.000000 0.000000 1.000000
vn 0.000000 0.000000 1.000000
vn 0.000000 0.000000 1.000000
vn 0.000000 0.000000 1.000000
vn 0.000000 0.000000 1.000000
vn 0.000000 0.000000 1.000000
vn 0.000000 0.000000 1.000000
vn 0.000000 0.000000 1.000000
vn 0.000000 0.000000 1.000000
vn 0.000000 0.000000 1.000000
vn 0.000000 0.000000 1.000000
vn 0.000000 0.000000 1.000000
vn 0.000000 0.000000 1.000000
vn 0.000000 0.000000 1.000000
vn 0.000000 0.000000 1.000000
vn 0.000000 0.000000 1.000000
vn 0.000000 0.000000 1.000000
vn 0.000000 0.000000 1.000000
vn 0.000000 0.000000 1.000000
vn 0.000000 0.000000 1.000000
vn 0.000000 0.000000 1.000000
vn 0.000000 0.000000 1.000000
vn 0.000000 0.000000 1.000000
vn 0.000000 0.000000 1.000000
vn 0.000000 0.000000 1.000000
vn 0.000000 0.000000 1.000000
vn 0.000000 0.000000 1.000000
vn 0.000000 0.000000 1.000000
vn 0.000000 0.000000 1.000000
vn 0.000000 0.000000 1.000000
vn 0.000000 0.000000 1.000000
vn 0.000000 0.000000 1.000000
vn 0.000000 0.000000 1.000000
vn 0.000000 0.000000 1.000000
vn 0.000000 0.000000 1.000000
vn 0.000000 0.000000 1.000000
vn 0.000000 0.000000 1.000000
vn 0.000000 0.000000 1.000000
vn 0.000000 0.000000 1.000000
vn 0.000000 0.000000 1.000000
vn 0.000000 0.000000 1.000000
vn 0.000000 0.000000 1.000000
vn 0.000000 0.000000 1.000000
vn 0.000000 0.000000 1.000000
vn 0.000000 0.000000 1.000000
vn 0.000000 0.000000 1.000000
vn 0.000000 0.000000 1.000000
vn 0.000000 0.000000 1.000000
vn 0.000000 0.000000 1.000000
vn 0.000000 0.000000 1.000000
vn 0.000000 0.000000 1.000000
vn 0.000000 0.000000 1.000000
vn 0.000000 0.000000 1.000000
vn 0.000000 0.000000 1.000000
vn 0.000000 0.000000 1.000000
vn 0.000000 0.000000 1.000000
vn 0.000000 0.000000 1.000000
vn 0.000000 0.000000 1.000000
vn 0.000000 0.000000 1.000000
vn 0.000000 0.000000 1.000000
vn 0.000000 0.000000 1.000000
vn 0.000000 0.000000 1.000000
vn 0.000000 0.000000 1.000000
vn 0.000000 0.000000 1.000000
vn 0.000000 0.000000 1.000000
vn 0.000000 0.000000 1.000000
vn 0.000000 0.000000 1.000000
vn 0.000000 0.000000 1.000000
vn 0.000000 0.000000 1.000000
vn 0.000000 0.000000 1.000000
vn 0.000000 0.000000 1.000000
vn 0.000000 0.000000 1.000000
vn 0.000000 0.000000 1.000000
vn 0.000000 0.000000 1.000000
vn 0.000000 0.000000 1.000000
vn 0.000000 0.000000 1.000000
vn 0.000000 0.000000 1.000000
vn 0.000000 0.000000 1.000000
vn 0.000000 0.000000 1.000000
vn 0.000000 0.000000 1.000000
vn 0.000000 0.000000 1.000000
vn 0.000000 0.000000 1.000000
vn 0.000000 0.000000 1.000000
vn 0.000000 0.000000 1.000000
vn 0.000000 0.000000 1.000000
vn 0.000000 0.000000 1.000000
vn 0.000000 0.000000 1.000000
vn 0.000000 0.000000 1.000000
vn 0.000000 0.000000 1.000000
vn 0.000000 0.000000 1.000000
vn 0.000000 0.000000 1.000000
vn 0.000000 0.000000 1.000000
vn 0.000000 0.000000 1.000000
vn 0.000000 0.000000 1.000000
vn 0.000000 0.000000 1.000000
vn 0.000000 0.000000 1.000000
vn 0.000000 0.000000 1.000000
vn 0.000000 0.000000 1.000000
vn 0.000000 0.000000 1.000000
vn 0.000000 0.000000 1.000000
vn 0.000000 0.000000 1.000000
vn 0.000000 0.000000 1.000000
vn 0.000000 0.000000 1.000000
vn 0.000000 0.000000 1.000000
vn 0.000000 0.000000 1.000000
vn 0.000000 0.000000 1.000000
vn 0.000000 0.000000 1.000000
vn 0.000000 0.000000 1.000000
vn 0.000000 0.000000 1.000000
vn 0.000000 0.000000 1.000000
vn 0.000000 0.000000 1.000000
vn 0.000000 0.000000 1.000000
vn 0.000000 0.000000 1.000000
vn 0.000000 0.000000 1.000000
vn 0.000000 0.000000 1.000000
vn 0.000000 0.000000 1.000000
vn 0.000000 0.000000 1.000000
vn 0.000000 0.000000 1.000000
vn 0.000000 0.000000 1.000000
vn 0.000000 0.000000 1.000000
vn 0.000000 0.000000 1.000000
vn 0.000000 0.000000 1.000000
vn 0.000000 0.000000 1.000000
vn 0.000000 0.000000 1.000000
vn 0.000000 0.000000 1.000000
vn 0.000000 0.000000 1.000000
vn 0.000000 0.000000 1.000000
vn 0.000000 0.000000 1.000000
vn 0.000000 0.000000 1.000000
vn 0.000000 0.000000 1.000000
vn 0.000000 0.000000 1.000000
vn 0.000000 0.000000 1.000000
vn 0.000000 0.000000 1.000000
vn 0.000000 0.000000 1.000000
vn 0.000000 0.000000 1.000000
vn 0.000000 0.000000 1.000000
vn 0.000000 0.000000 1.000000
vn 0.000000 0.000000 1.000000
vn 0.000000 0.000000 1.000000
vn 0.000000 0.000000 1.000000
vn 0.000000 0.000000 1.000000
vn 0.000000 0.000000 1.000000
vn 0.000000 0.000000 1.000000
vn 0.000000 0.000000 1.000000
vn 0.000000 0.000000 1.000000
vn 0.000000 0.000000 1.000000
vn 0.000000 0.000000 1.000000
vn 0.000000 0.000000 1.000000
vn 0.000000 0.000000 1.000000
vn 0.000000 0.000000 1.000000
vn 0.000000 0.000000 1.000000
vn 0.000000 0.000000 1.000000
vn 0.000000 0.000000 1.000000
vn 0.000000 0.000000 1.000000
vn 0.000000 0.000000 1.000000
vn 0.000000 0.000000 1.000000
vn 0.000000 0.000000 1.000000
vn 0.000000 0.000000 1.000000
vn 0.000000 0.000000 1.000000
vn 0.000000 0.000000 1.000000
vn 0.000000 0.000000 1.000000
vn 0.000000 0.000000 1.000000
vn 0.000000 0.000000 1.000000
vn 0.000000 0.000000 1.000000
vn 0.000000 0.000000 1.000000
vn 0.000000 0.000000 1.000000
vn 0.000000 0.000000 1.000000
vn 0.000000 0.000000 1.000000
vn 0.000000 0.000000 1.000000
vn 0.000000 0.000000 1.000000
vn 0.000000 0.000000 1.000000
vn 0.000000 0.000000 1.000000
vn 0.000000 0.000000 1.000000
vn 0.000000 0.000000 1.000000
vn 0.000000 0.000000 1.000000
vn 0.000000 0.000000 1.000000
vn 0.000000 0.000000 1.000000
vn 0.000000 0.000000 1.000000
vn 0.000000 0.000000 1.000000
vn 0.000000 0.000000 1.000000
vn 0.000000 0.000000 1.000000
vn 0.000000 0.000000 1.000000
vn 0.000000 0.000000 1.000000
vn 0.000000 0.000000 1.000000
vn 0.000000 0.000000 1.000000
vn 0.000000 0.000000 1.000000
vn 0.000000 0.000000 1.000000
vn 0.000000 0.000000 1.000000
vn 0.000000 0.000000 1.000000
vn 0.000000 0.000000 1.000000
vn 0.000000 0.000000 1.000000
vn 0.000000 0.000000 1.000000
vn 0.000000 0.000000 1.000000
vn 0.000000 0.000000 1.000000
vn 0.000000 0.000000 1.000000
vn 0.000000 0.000000 1.000000
vn 0.000000 0.000000 1.000000
vn 0.000000 0.000000 1.000000
vn 0.000000 0.000000 1.000000
vn 0.000000 0.000000 1.000000
vn 0.000000 0.000000 1.000000
vn 0.000000 0.000000 1.000000
vn 0.000000 0.000000 1.000000
vn 0.000000 0.000000 1.000000
vn 0.000000 0.000000 1.000000
vn 0.000000 0.000000 1.000000
vn 0.000000 0.000000 1.000000
vn 0.000000 0.000000 1.000000
vn 0.000000 0.000000 1.000000
vn 0.000000 0.000000 1.000000
vn 0.000000 0.000000 1.000000
vn 0.000000 0.000000 1.000000
vn 0.000000 0.000000 1.000000
vn 0.000000 0.000000 1.000000
vn 0.000000 0.000000 1.000000
vn 0.000000 0.000000 1.000000
vn 0.000000 0.000000 1.000000
vn 0.000000 0.000000 1.000000
vn 0.000000 0.000000 1.000000
vn 0.000000 0.000000 1.000000
vn 0.000000 0.000000 1.000000
vn 0.000000 0.000000 1.000000
vn 0.000000 0.000000 1.000000
vn 0.000000 0.000000 1.000000
vn 0.000000 0.000000 1.000000
vn 0.000000 0.000000 1.000000
vn 0.000000 0.000000 1.000000
vn 0.000000 0.000000 1.000000
vn 0.000000 0.000000 1.000000
vn 0.000000 0.000000 1.000000
vn 0.000000 0.000000 1.000000
vn 0.000000 0.000000 1.000000
vn 0.000000 0.000000 1.000000
vn 0.000000 0.000000 1.000000
vn 0.000000 0.000000 1.000000
vn 0.000000 0.000000 1.000000
vn 0.000000 0.000000 1.000000
vn 0.000000 0.000000 1.000000
vn 0.000000 0.000000 1.000000
vn 0.000000 0.000000 1.000000
vn 0.000000 0.000000 1.000000
vn 0.000000 0.000000 1.000000
vn 0.000000 0.000000 1.000000
vn 0.000000 0.000000 1.000000
vn 0.000000 0.000000 1.000000
vn 0.000000 0.000000 1.000000
vn 0.000000 0.000000 1.000000
vn 0.000000 0.000000 1.000000
vn 0.000000 0.000000 1.000000
vn 0.000000 0.000000 1.000000
vn 0.000000 0.000000 1.000000
vn 0.000000 0.000000 1.000000
vn 0.000000 0.000000 1.000000
vn 0.000000 0.000000 1.000000
vn 0.000000 0.000000 1.000000
vn 0.000000 0.000000 1.000000
vn 0.000000 0.000000 1.000000
vn 0.000000 0.000000 1.000000
vn 0.000000 0.000000 1.000000
vn 0.000000 0.000000 1.000000
vn 0.000000 0.000000 1.000000
vn 0.000000 0.000000 1.000000
vn 0.000000 0.000000 1.000000
vn 0.000000 0.000000 1.000000
vn 0.000000 0.000000 1.000000
vn 0.000000 0.000000 1.000000
vn 0.000000 0.000000 1.000000
vn 0.000000 0.000000 1.000000
vn 0.000000 0.000000 1.000000
vn 0.000000 0.000000 1.000000
vn 0.000000 0.000000 1.000000
vn 0.000000 0.000000 1.000000
vn 0.000000 0.000000 1.000000
vn 0.000000 0.000000 1.000000
vn 0.000000 0.000000 1.000000
vn 0.000000 0.000000 1.000000
vn 0.000000 0.000000 1.000000
vn 0.000000 0.000000 1.000000
vn 0.000000 0.000000 1.000000
vn 0.000000 0.000000 1.000000
vn 0.000000 0.000000 1.000000
vn 0.000000 0.000000 1.000000
vn 0.000000 0.000000 1.000000
vn 0.000000 0.000000 1.000000
vn 0.000000 0.000000 1.000000
vn 0.000000 0.000000 1.000000
vn 0.000000 0.000000 1.000000
vn 0.000000 0.000000 1.000000
vn 0.000000 0.000000 1.000000
vn 0.000000 0.000000 1.000000
vn 0.000000 0.000000 1.000000
vn 0.000000 0.000000 1.000000
vn 0.000000 0.000000 1.000000
vn 0.000000 0.000000 1.000000
vn 0.000000 0.000000 1.000000
vn 0.000000 0.000000 1.000000
vn 0.000000 0.000000 1.000000
vn 0.000000 0.000000 1.000000
vn 0.000000 0.000000 1.000000
vn 0.000000 0.000000 1.000000
vn 0.000000 0.000000 1.000000
vn 0.000000 0.000000 1.000000
vn 0.000000 0.000000 1.000000
vn 0.000000 0.000000 1.000000
vn 0.000000 0.000000 1.000000
vn 0.000000 0.000000 1.000000
vn 0.000000 0.000000 1.000000
vn 0.000000 0.000000 1.000000
vn 0.000000 0.000000 1.000000
vn 0.000000 0.000000 1.000000
vn 0.000000 0.000000 1.000000
vn 0.000000 0.000000 1.000000
vn 0.000000 0.000000 1.000000
vn 0.000000 0.000000 1.000000
vn 0.000000 0.000000 1.000000
vn 0.000000 0.000000 1.000000
vn 0.000000 0.000000 1.000000
vn 0.000000 0.000000 1.000000
vn 0.000000 0.000000 1.000000
vn 0.000000 0.000000 1.000000
vn 0.000000 0.000000 1.000000
vn 0.000000 0.000000 1.000000
vn 0.000000 0.000000 1.000000
vn 0.000000 0.000000 1.000000
vn 0.000000 0.000000 1.000000
vn 0.000000 0.000000 1.000000
vn 0.000000 0.000000 1.000000
vn 0.000000 0.000000 1.000000
vn 0.000000 0.000000 1.000000
vn 0.000000 0.000000 1.000000
vn 0.000000 0.000000 1.000000
vn 0.000000 0.000000 1.000000
vn 0.000000 0.000000 1.000000
vn 0.000000 0.000000 1.000000
vn 0.000000 0.000000 1.000000
vn 0.000000 0.000000 1.000000
vn 0.000000 0.000000 1.000000
vn 0.000000 0.000000 1.000000
vn 0.000000 0.000000 1.000000
vn 0.000000 0.000000 1.000000
vn 0.000000 0.000000 1.000000
vn 0.000000 0.000000 1.000000
vn 0.000000 0.000000 1.000000
vn 0.000000 0.000000 1.000000
vn 0.000000 0.000000 1.000000
vn 0.000000 0.000000 1.000000
vn 0.000000 0.000000 1.000000
vn 0.000000 0.000000 1.000000
vn 0.000000 0.000000 1.000000
vn 0.000000 0.000000 1.000000
vn 0.000000 0.000000 1.000000
vn 0.000000 0.000000 1.000000
vn 0.000000 0.000000 1.000000
vn 0.000000 0.000000 1.000000
vn 0.000000 0.000000 1.000000
vn 0.000000 0.000000 1.000000
vn 0.000000 0.000000 1.000000
vn 0.000000 0.000000 1.000000
vn 0.000000 0.000000 1.000000
vn 0.000000 0.000000 1.000000
vn 0.000000 0.000000 1.000000
vn 0.000000 0.000000 1.000000
vn 0.000000 0.000000 1.000000
vn 0.000000 0.000000 1.000000
vn 0.000000 0.000000 1.000000
vn 0.000000 0.000000 1.000000
vn 0.000000 0.000000 1.000000
vn 0.000000 0.000000 1.000000
vn 0.000000 0.000000 1.000000
vn 0.000000 0.000000 1.000000
vn 0.000000 0.000000 1.000000
vn 0.000000 0.000000 1.000000
vn 0.000000 0.000000 1.000000
vn 0.000000 0.000000 1.000000
vn 0.000000 0.000000 1.000000
vn 0.000000 0.000000 1.000000
vn 0.000000 0.000000 1.000000
vn 0.000000 0.000000 1.000000
vn 0.000000 0.000000 1.000000
vn 0.000000 0.000000 1.000000
vn 0.000000 0.000000 1.000000
vn 0.000000 0.000000 1.000000
vn 0.000000 0.000000 1.000000
vn 0.000000 0.000000 1.000000
vn 0.000000 0.000000 1.000000
vn 0.000000 0.000000 1.000000
vn 0.000000 0.000000 1.000000
vn 0.000000 0.000000 1.000000
vn 0.000000 0.000000 1.000000
vn 0.000000 0.000000 1.000000
vn 0.000000 0.000000 1.000000
vn 0.000000 0.000000 1.000000
vn 0.000000 0.000000 1.000000
vn 0.000000 0.000000 1.000000
vn 0.000000 0.000000 1.000000
vn 0.000000 0.000000 1.000000
vn 0.000000 0.000000 1.000000
vn 0.000000 0.000000 1.000000
vn 0.000000 0.000000 1.000000
vn 0.000000 0.000000 1.000000
vn 0.000000 0.000000 1.000000
vn 0.000000 0.000000 1.000000
vn 0.000000 0.000000 1.000000
vn 0.000000 0.000000 1.000000
vn 0.000000 0.000000 1.000000
vn 0.000000 0.000000 1.000000
vn 0.000000 0.000000 1.000000
vn 0.000000 0.000000 1.000000
vn 0.000000 0.000000 1.000000
vn 0.000000 0.000000 1.000000
vn 0.000000 0.000000 1.000000
vn 0.000000 0.000000 1.000000
vn 0.000000 0.000000 1.000000
vn 0.000000 0.000000 1.000000
vn 0.000000 0.000000 1.000000
vn 0.000000 0.000000 1.000000
vn 0.000000 0.000000 1.000000
vn 0.000000 0.000000 1.000000
vn 0.000000 0.000000 1.000000
vn 0.000000 0.000000 1.000000
vn 0.000000 0.000000 1.000000
vn 0.000000 0.000000 1.000000
vn 0.000000 0.000000 1.000000
vn 0.000000 0.000000 1.000000
vn 0.000000 0.000000 1.000000
vn 0.000000 0.000000 1.000000
vn 0.000000 0.000000 1.000000
vn 0.000000 0.000000 1.000000
vn 0.000000 0.000000 1.000000
vn 0.000000 0.000000 1.000000
vn 0.000000 0.000000 1.000000
vn 0.000000 0.000000 1.000000
vn 0.000000 0.000000 1.000000
vn 0.000000 0.000000 1.000000
vn 0.000000 0.000000 1.000000
vn 0.000000 0.000000 1.000000
vn 0.000000 0.000000 1.000000
vn 0.000000 0.000000 1.000000
vn 0.000000 0.000000 1.000000
vn 0.000000 0.000000 1.000000
vn 0.000000 0.000000 1.000000
vn 0.000000 0.000000 1.000000
vn 0.000000 0.000000 1.000000
vn 0.000000 0.000000 1.000000
vn 0.000000 0.000000 1.000000
vn 0.000000 0.000000 1.000000
vn 0.000000 0.000000 1.000000
vn 0.000000 0.000000 1.000000
vn 0.000000 0.000000 1.000000
vn 0.000000 0.000000 1.000000
vn 0.000000 0.000000 1.000000
vn 0.000000 0.000000 1.000000
vn 0.000000 0.000000 1.000000
vn 0.000000 0.000000 1.000000
vn 0.000000 0.000000 1.000000
vn 0.000000 0.000000 1.000000
vn 0.000000 0.000000 1.000000
vn 0.000000 0.000000 1.000000
vn 0.000000 0.000000 1.000000
vn 0.000000 0.000000 1.000000
vn 0.000000 0.000000 1.000000
vn 0.000000 0.000000 1.000000
vn 0.000000 0.000000 1.000000
vn 0.000000 0.000000 1.000000
vn 0.000000 0.000000 1.000000
vn 0.000000 0.000000 1.000000
vn 0.000000 0.000000 1.000000
vn 0.000000 0.000000 1.000000
vn 0.000000 0.000000 1.000000
vn 0.000000 0.000000 1.000000
vn 0.000000 0.000000 1.000000
vn 0.000000 0.000000 1.000000
vn 0.000000 0.000000 1.000000
vn 0.000000 0.000000 1.000000
vn 0.000000 0.000000 1.000000
vn 0.000000 0.000000 1.000000
vn 0.000000 0.000000 1.000000
vn 0.000000 0.000000 1.000000
vn 0.000000 0.000000 1.000000
vn 0.000000 0.000000 1.000000
vn 0.000000 0.000000 1.000000
vn 0.000000 0.000000 1.000000
vn 0.000000 0.000000 1.000000
vn 0.000000 0.000000 1.000000
vn 0.000000 0.000000 1.000000
vn 0.000000 0.000000 1.000000
vn 0.000000 0.000000 1.000000
vn 0.000000 0.000000 1.000000
vn 0.000000 0.000000 1.000000
vn 0.000000 0.000000 1.000000
vn 0.000000 0.000000 1.000000
vn 0.000000 0.000000 1.000000
vn 0.000000 0.000000 1.000000
vn 0.000000 0.000000 1.000000
vn 0.000000 0.000000 1.000000
vn 0.000000 0.000000 1.000000
vn 0.000000 0.000000 1.000000
vn 0.000000 0.000000 1.000000
vn 0.000000 0.000000 1.000000
vn 0.000000 0.000000 1.000000
vn 0.000000 0.000000 1.000000
vn 0.000000 0.000000 1.000000
vn 0.000000 0.000000 1.000000
vn 0.000000 0.000000 1.000000
vn 0.000000 0.000000 1.000000
vn 0.000000 0.000000 1.000000
vn 0.000000 0.000000 1.000000
vn 0.000000 0.000000 1.000000
vn 0.000000 0.000000 1.000000
vn 0.000000 0.000000 1.000000
vn 0.000000 0.000000 1.000000
vn 0.000000 0.000000 1.000000
vn 0.000000 0.000000 1.000000
vn 0.000000 0.000000 1.000000
vn 0.000000 0.000000 1.000000
vn 0.000000 0.000000 1.000000
vn 0.000000 0.000000 1.000000
vn 0.000000 0.000000 1.000000
vn 0.000000 0.000000 1.000000
vn 0.000000 0.000000 1.000000
vn 0.000000 0.000000 1.000000
vn 0.000000 0.000000 1.000000
vn 0.000000 0.000000 1.000000
vn 0.000000 0.000000 1.000000
vn 0.000000 0.000000 1.000000
vn 0.000000 0.000000 1.000000
vn 0.000000 0.000000 1.000000
vn 0.000000 0.000000 1.000000
vn 0.000000 0.000000 1.000000
vn 0.000000 0.000000 1.000000
vn 0.000000 0.000000 1.000000
vn 0.000000 0.000000 1.000000
vn 0.000000 0.000000 1.000000
vn 0.000000 0.000000 1.000000
vn 0.000000 0.000000 1.000000
vn 0.000000 0.000000 1.000000
vn 0.000000 0.000000 1.000000
vn 0.000000 0.000000 1.000000
vn 0.000000 0.000000 1.000000
vn 0.000000 0.000000 1.000000
vn 0.000000 0.000000 1.000000
vn 0.000000 0.000000 1.000000
vn 0.000000 0.000000 1.000000
vn 0.000000 0.000000 1.000000
vn 0.000000 0.000000 1.000000
vn 0.000000 0.000000 1.000000
vn 0.000000 0.000000 1.000000
vn 0.000000 0.000000 1.000000
vn 0.000000 0.000000 1.000000
vn 0.000000 0.000000 1.000000
vn 0.000000 0.000000 1.000000
vn 0.000000 0.000000 1.000000
vn 0.000000 0.000000 1.000000
vn 0.000000 0.000000 1.000000
vn 0.000000 0.000000 1.000000
vn 0.000000 0.000000 1.000000
vn 0.000000 0.000000 1.000000
vn 0.000000 0.000000 1.000000
vn 0.000000 0.000000 1.000000
vn 0.000000 0.000000 1.000000
vn 0.000000 0.000000 1.000000
vn 0.000000 0.000000 1.000000
vn 0.000000 0.000000 1.000000
vn 0.000000 0.000000 1.000000
vn 0.000000 0.000000 1.000000
vn 0.000000 0.000000 1.000000
vn 0.000000 0.000000 1.000000
vn 0.000000 0.000000 1.000000
vn 0.000000 0.000000 1.000000
vn 0.000000 0.000000 1.000000
vn 0.000000 0.000000 1.000000
vn 0.000000 0.000000 1.000000
vn 0.000000 0.000000 1.000000
vn 0.000000 0.000000 1.000000
vn 0.000000 0.000000 1.000000
vn 0.000000 0.000000 1.000000
vn 0.000000 0.000000 1.000000
vn 0.000000 0.000000 1.000000
vn 0.000000 0.000000 1.000000
vn 0.000000 0.000000 1.000000
vn 0.000000 0.000000 1.000000
vn 0.000000 0.000000 1.000000
vn 0.000000 0.000000 1.000000
vn 0.000000 0.000000 1.000000
vn 0.000000 0.000000 1.000000
vn 0.000000 0.000000 1.000000
vn 0.000000 0.000000 1.000000
vn 0.000000 0.000000 1.000000
vn 0.000000 0.000000 1.000000
vn 0.000000 0.000000 1.000000
vn 0.000000 0.000000 1.000000
vn 0.000000 0.000000 1.000000
vn 0.000000 0.000000 1.000000
vn 0.000000 0.000000 1.000000
vn 0.000000 0.000000 1.000000
vn 0.000000 0.000000 1.000000
vn 0.000000 0.000000 1.000000
vn 0.000000 0.000000 1.000000
vn 0.000000 0.000000 1.000000
vn 0.000000 0.000000 1.000000
vn 0.000000 0.000000 1.000000
vn 0.000000 0.000000 1.000000
vn 0.000000 0.000000 1.000000
vn 0.000000 0.000000 1.000000
vn 0.000000 0.000000 1.000000
vn 0.000000 0.000000 1.000000
vn 0.000000 0.000000 1.000000
vn 0.000000 0.000000 1.000000
vn 0.000000 0.000000 1.000000
vn 0.000000 0.000000 1.000000
vn 0.000000 0.000000 1.000000
vn 0.000000 0.000000 1.000000
vn 0.000000 0.000000 1.000000
vn 0.000000 0.000000 1.000000
vn 0.000000 0.000000 1.000000
vn 0.000000 0.000000 1.000000
vn 0.000000 0.000000 1.000000
vn 0.000000 0.000000 1.000000
vn 0.000000 0.000000 1.000000
vn 0.000000 0.000000 1.000000
vn 0.000000 0.000000 1.000000
vn 0.000000 0.000000 1.000000
vn 0.000000 0.000000 1.000000
vn 0.000000 0.000000 1.000000
vn 0.000000 0.000000 1.000000
vn 0.000000 0.000000 1.000000
vn 0.000000 0.000000 1.000000
vn 0.000000 0.000000 1.000000
vn 0.000000 0.000000 1.000000
vn 0.000000 0.000000 1.000000
vn 0.000000 0.000000 1.000000
vn 0.000000 0.000000 1.000000
vn 0.000000 0.000000 1.000000
vn 0.000000 0.000000 1.000000
vn 0.000000 0.000000 1.000000
vn 0.000000 0.000000 1.000000
vn 0.000000 0.000000 1.000000
vn 0.000000 0.000000 1.000000
vn 0.000000 0.000000 1.000000
vn 0.000000 0.000000 1.000000
vn 0.000000 0.000000 1.000000
vn 0.000000 0.000000 1.000000
vn 0.000000 0.000000 1.000000
vn 0.000000 0.000000 1.000000
vn 0.000000 0.000000 1.000000
vn 0.000000 0.000000 1.000000
vn 0.000000 0.000000 1.000000
vn 0.000000 0.000000 1.000000
vn 0.000000 0.000000 1.000000
vn 0.000000 0.000000 1.000000
vn 0.000000 0.000000 1.000000
vn 0.000000 0.000000 1.000000
vn 0.000000 0.000000 1.000000
vn 0.000000 -1.000000 -0.000000
vn 0.000000 -1.000000 -0.000000
vn 0.000000 -1.000000 -0.000000
vn 0.000000 -1.000000 0.000000
vn 0.000000 -1.000000 0.000000
vn 0.000000 -1.000000 0.000000
vn 0.000000 -1.000000 -0.000000
vn 0.000000 -1.000000 0.000000
vn 0.000000 -1.000000 -0.000000
vn 0.000000 -1.000000 -0.000000
vn 0.000000 -1.000000 -0.000000
vn 0.000000 -1.000000 -0.000000
vn 0.000000 -1.000000 -0.000000
vn 0.000000 -1.000000 -0.000000
vn 0.000000 -1.000000 -0.000000
vn 0.000000 -1.000000 -0.000000
vn 0.000000 -1.000000 -0.000000
vn 0.000000 -1.000000 -0.000000
vn 0.000000 -1.000000 -0.000000
vn 0.000000 -1.000000 0.000000
vn 0.000000 -1.000000 0.000000
vn 0.000000 -1.000000 -0.000000
vn 0.000000 -1.000000 0.000000
vn 0.000000 -1.000000 0.000000
vn 0.000000 -1.000000 0.000000
vn 0.000000 -1.000000 0.000000
vn 0.000000 -1.000000 0.000000
vn 0.000000 -1.000000 0.000000
vn 0.000000 -1.000000 0.000000
vn 0.000000 -1.000000 0.000000
vn 0.000000 -1.000000 0.000000
vn 0.000000 -1.000000 -0.000000
vn 0.000000 -1.000000 -0.000000
vn 0.000000 -1.000000 -0.000000
vn 0.000000 -1.000000 0.000000
vn 0.000000 -1.000000 0.000000
vn 0.000000 -1.000000 0.000000
vn 0.000000 -1.000000 0.000000
vn 0.000000 -1.000000 0.000000
vn 0.000000 -1.000000 0.000000
vn 0.000000 -1.000000 0.000000
vn 0.000000 -1.000000 0.000000
vn 0.000000 -1.000000 0.000000
vn 0.000000 -1.000000 0.000000
vn 0.000000 -1.000000 -0.000000
vn 0.000000 -1.000000 -0.000000
vn 0.000000 -1.000000 0.000000
vn 0.000000 -1.000000 0.000000
vn 0.000000 -1.000000 0.000000
vn 0.000000 -1.000000 0.000000
vn 0.000000 -1.000000 0.000000
vn 0.000000 -1.000000 0.000000
vn 0.000000 -1.000000 0.000000
vn 0.000000 -1.000000 0.000000
vn 0.000000 -1.000000 0.000000
vn 0.000000 -1.000000 0.000000
vn 0.000000 -1.000000 0.000000
vn 0.000000 -1.000000 0.000000
vn 0.000000 -1.000000 -0.000000
vn 0.000000 -1.000000 -0.000000
vn 0.000000 -1.000000 -0.000000
vn 0.000000 -1.000000 0.000000
vn 0.000000 -1.000000 0.000000
vn 0.000000 -1.000000 0.000000
vn 0.000000 -1.000000 0.000000
vn 0.000000 -1.000000 0.000000
vn 0.000000 -1.000000 0.000000
vn 0.000000 -1.000000 0.000000
vn 0.000000 -1.000000 0.000000
vn 0.000000 -1.000000 0.000000
vn 0.000000 -1.000000 0.000000
vn 0.000000 -1.000000 0.000000
vn 0.000000 -1.000000 0.000000
vn 0.000000 -1.000000 0.000000
vn 0.000000 -1.000000 0.000000
vn 0.000000 -1.000000 0.000000
vn 0.000000 -1.000000 0.000000
vn 0.000000 -1.000000 0.000000
vn 0.000000 -1.000000 0.000000
vn 0.000000 -1.000000 0.000000
vn 0.000000 -1.000000 0.000000
vn 0.000000 -1.000000 0.000000
vn 0.000000 -1.000000 0.000000
vn 0.000000 -1.000000 0.000000
vn 0.000000 -1.000000 0.000000
vn 0.000000 -1.000000 0.000000
vn 0.000000 -1.000000 0.000000
vn 0.000000 -1.000000 0.000000
vn 0.000000 -1.000000 0.000000
vn 0.000000 -1.000000 0.000000
vn 0.000000 -1.000000 0.000000
vn 0.000000 -1.000000 0.000000
vn 0.000000 -1.000000 0.000000
vn 0.000000 -1.000000 0.000000
vn 0.000000 -1.000000 0.000000
vn 0.000000 -1.000000 0.000000
vn 0.000000 -1.000000 0.000000
vn 0.000000 -1.000000 0.000000
vn 0.000000 -1.000000 0.000000
vn 0.000000 -1.000000 0.000000
vn 0.000000 -1.000000 0.000000
vn 0.000000 -1.000000 0.000000
vn 0.000000 -1.000000 0.000000
vn 0.000000 -1.000000 0.000000
vn 0.000000 -1.000000 0.000000
vn 0.000000 -1.000000 0.000000
vn 0.000000 -1.000000 0.000000
vn 0.000000 -1.000000 0.000000
vn 0.000000 -1.000000 0.000000
vn 0.076175 -0.000000 0.997094
vn 0.076175 -0.000000 0.997094
vn 0.103495 -0.000000 0.994630
vn 0.103495 0.000000 0.994630
vn 0.130720 -0.000000 0.991419
vn 0.130720 0.000000 0.991419
vn 0.157864 -0.000000 0.987461
vn 0.184863 -0.000000 0.982764
vn 0.157864 0.000000 0.987461
vn 0.184863 -0.000000 0.982764
vn 0.211749 -0.000000 0.977324
vn 0.211749 0.000000 0.977324
vn 0.238473 -0.000000 0.971149
vn 0.238473 0.000000 0.971149
vn 0.265014 -0.000000 0.964245
vn 0.265014 0.000000 0.964245
vn 0.291344 -0.000000 0.956618
vn 0.317457 -0.000000 0.948273
vn 0.291344 0.000000 0.956618
vn 0.317457 -0.000000 0.948273
vn 0.343365 -0.000000 0.939202
vn 0.343365 0.000000 0.939202
vn 0.368957 -0.000000 0.929446
vn 0.368957 0.000000 0.929446
vn 0.394321 -0.000000 0.918973
vn 0.419370 -0.000000 0.907816
vn 0.394321 0.000000 0.918973
vn 0.419370 -0.000000 0.907816
vn 0.444107 -0.000000 0.895974
vn 0.444107 0.000000 0.895974
vn 0.468509 -0.000000 0.883459
vn 0.468509 0.000000 0.883459
vn 0.492538 -0.000000 0.870291
vn 0.492538 0.000000 0.870291
vn 0.516234 -0.000000 0.856448
vn 0.516234 0.000000 0.856448
vn 0.539516 0.000000 0.841976
vn 0.539516 -0.000000 0.841976
vn 0.562391 0.000000 0.826872
vn 0.562391 -0.000000 0.826872
vn 0.584877 0.000000 0.811122
vn 0.584877 -0.000000 0.811122
vn 0.606878 0.000000 0.794795
vn 0.606878 -0.000000 0.794795
vn 0.628448 0.000000 0.777852
vn 0.628448 -0.000000 0.777852
vn 0.649539 0.000000 0.760328
vn 0.649539 -0.000000 0.760328
vn 0.670138 0.000000 0.742236
vn 0.670138 -0.000000 0.742236
vn 0.690233 0.000000 0.723587
vn 0.690233 -0.000000 0.723587
vn 0.709819 -0.000000 0.704385
vn 0.709819 -0.000000 0.704385
vn 0.728877 0.000000 0.684644
vn 0.728877 -0.000000 0.684644
vn 0.747378 -0.000000 0.664399
vn 0.747378 -0.000000 0.664399
vn 0.765293 -0.000000 0.643682
vn 0.782668 -0.000000 0.622439
vn 0.765293 0.000000 0.643682
vn 0.782668 -0.000000 0.622439
vn 0.799443 -0.000000 0.600742
vn 0.815605 -0.000000 0.578609
vn 0.799443 0.000000 0.600742
vn 0.815605 -0.000000 0.578609
vn 0.831173 -0.000000 0.556014
vn 0.831173 0.000000 0.556014
vn 0.846105 -0.000000 0.533016
vn 0.860398 -0.000000 0.509622
vn 0.846105 0.000000 0.533016
vn 0.874044 -0.000000 0.485847
vn 0.860398 -0.000000 0.509622
vn 0.874044 -0.000000 0.485847
vn 0.887049 -0.000000 0.461674
vn 0.899364 -0.000000 0.437200
vn 0.887049 0.000000 0.461674
vn 0.899364 -0.000000 0.437200
vn 0.911013 -0.000000 0.412377
vn 0.921975 -0.000000 0.387248
vn 0.911013 0.000000 0.412377
vn 0.921975 -0.000000 0.387248
vn 0.932249 -0.000000 0.361818
vn 0.932249 0.000000 0.361818
vn 0.941831 -0.000000 0.336086
vn 0.941831 0.000000 0.336086
vn 0.950680 -0.000000 0.310173
vn 0.950680 0.000000 0.310173
vn 0.958836 0.000000 0.283961
vn 0.958836 -0.000000 0.283961
vn 0.966259 0.000000 0.257573
vn 0.966259 -0.000000 0.257573
vn 0.972952 0.000000 0.231009
vn 0.972952 -0.000000 0.231009
vn 0.978922 0.000000 0.204233
vn 0.978922 -0.000000 0.204233
vn 0.984160 -0.000000 0.177280
vn 0.984160 -0.000000 0.177280
vn 0.988643 0.000000 0.150282
vn 0.988643 -0.000000 0.150282
vn 0.992398 -0.000000 0.123070
vn 0.992398 -0.000000 0.123070
vn 0.995395 0.000000 0.095856
vn 0.995395 -0.000000 0.095856
vn 0.997653 0.000000 0.068469
vn 0.997653 -0.000000 0.068469
vn 0.999154 0.000000 0.041125
vn 0.999154 -0.000000 0.041125
vn 0.999906 0.000000 0.013737
vn 0.999906 -0.000000 0.013737
vn 0.999906 0.000000 -0.013737
vn 0.999906 0.000000 -0.013737
vn 0.999154 0.000000 -0.041125
vn 0.999154 0.000000 -0.041125
vn 0.997653 0.000000 -0.068469
vn 0.997653 0.000000 -0.068469
vn 0.995395 0.000000 -0.095856
vn 0.995395 0.000000 -0.095856
vn 0.992398 0.000000 -0.123070
vn 0.992398 0.000000 -0.123070
vn 0.988643 0.000000 -0.150283
vn 0.988643 0.000000 -0.150283
vn 0.984160 0.000000 -0.177280
vn 0.984160 0.000000 -0.177280
vn 0.978923 0.000000 -0.204231
vn 0.978923 0.000000 -0.204231
vn 0.972951 0.000000 -0.231010
vn 0.972951 0.000000 -0.231010
vn 0.966259 0.000000 -0.257573
vn 0.966259 0.000000 -0.257573
vn 0.958835 0.000000 -0.283963
vn 0.958835 0.000000 -0.283963
vn 0.950681 0.000000 -0.310172
vn 0.950681 0.000000 -0.310172
vn 0.941831 0.000000 -0.336088
vn 0.941831 0.000000 -0.336088
vn 0.932249 0.000000 -0.361817
vn 0.932249 0.000000 -0.361817
vn 0.921975 0.000000 -0.387248
vn 0.921975 0.000000 -0.387248
vn 0.911013 0.000000 -0.412377
vn 0.911013 0.000000 -0.412377
vn 0.899365 0.000000 -0.437198
vn 0.899365 0.000000 -0.437198
vn 0.887047 0.000000 -0.461679
vn 0.887047 0.000000 -0.461679
vn 0.874047 0.000000 -0.485842
vn 0.874047 0.000000 -0.485842
vn 0.860397 0.000000 -0.509625
vn 0.860397 0.000000 -0.509625
vn 0.846107 0.000000 -0.533014
vn 0.846107 0.000000 -0.533014
vn 0.831173 0.000000 -0.556014
vn 0.831173 0.000000 -0.556014
vn 0.815604 0.000000 -0.578611
vn 0.815604 0.000000 -0.578611
vn 0.799441 0.000000 -0.600745
vn 0.799441 0.000000 -0.600745
vn 0.782670 0.000000 -0.622437
vn 0.782670 0.000000 -0.622437
vn 0.765293 0.000000 -0.643682
vn 0.765293 0.000000 -0.643682
vn 0.747381 0.000000 -0.664396
vn 0.747381 0.000000 -0.664396
vn 0.728872 0.000000 -0.684650
vn 0.728872 0.000000 -0.684650
vn 0.709824 0.000000 -0.704379
vn 0.709824 0.000000 -0.704379
vn 0.690233 0.000000 -0.723587
vn 0.690233 0.000000 -0.723587
vn 0.670135 0.000000 -0.742239
vn 0.670135 0.000000 -0.742239
vn 0.649539 0.000000 -0.760328
vn 0.649539 0.000000 -0.760328
vn 0.628448 0.000000 -0.777852
vn 0.628448 0.000000 -0.777852
vn 0.606878 0.000000 -0.794795
vn 0.606878 0.000000 -0.794795
vn 0.584877 0.000000 -0.811122
vn 0.584877 0.000000 -0.811122
vn 0.562391 0.000000 -0.826872
vn 0.562391 0.000000 -0.826872
vn 0.539519 0.000000 -0.841973
vn 0.539519 0.000000 -0.841973
vn 0.516230 0.000000 -0.856450
vn 0.516230 0.000000 -0.856450
vn 0.492538 0.000000 -0.870291
vn 0.492538 0.000000 -0.870291
vn 0.468509 0.000000 -0.883459
vn 0.468509 0.000000 -0.883459
vn 0.444111 0.000000 -0.895972
vn 0.444111 0.000000 -0.895972
vn 0.419361 0.000000 -0.907820
vn 0.419361 0.000000 -0.907820
vn 0.394325 0.000000 -0.918971
vn 0.394325 0.000000 -0.918971
vn 0.368957 0.000000 -0.929446
vn 0.368957 0.000000 -0.929446
vn 0.343360 0.000000 -0.939204
vn 0.343360 0.000000 -0.939204
vn 0.317457 0.000000 -0.948273
vn 0.317457 0.000000 -0.948273
vn 0.291354 0.000000 -0.956616
vn 0.291354 0.000000 -0.956616
vn 0.265004 0.000000 -0.964247
vn 0.265004 0.000000 -0.964247
vn 0.238478 0.000000 -0.971148
vn 0.238478 0.000000 -0.971148
vn 0.211744 0.000000 -0.977325
vn 0.211744 0.000000 -0.977325
vn 0.184874 0.000000 -0.982762
vn 0.184874 0.000000 -0.982762
vn 0.157864 0.000000 -0.987461
vn 0.157864 0.000000 -0.987461
vn 0.130720 0.000000 -0.991419
vn 0.130720 0.000000 -0.991419
vn 0.103490 0.000000 -0.994631
vn 0.076175 0.000000 -0.997094
vn 0.103490 0.000000 -0.994631
vn 0.076175 0.000000 -0.997094
vn 0.000000 1.000000 0.000000
vn 0.000000 1.000000 0.000000
vn 0.000000 1.000000 0.000000
vn 0.000000 1.000000 0.000000
vn 0.000000 1.000000 0.000000
vn 0.000000 1.000000 0.000000
vn 0.000000 1.000000 0.000000
vn 0.000000 1.000000 0.000000
vn 0.000000 1.000000 0.000000
vn 0.000000 1.000000 0.000000
vn 0.000000 1.000000 0.000000
vn 0.000000 1.000000 0.000000
vn 0.000000 1.000000 0.000000
vn 0.000000 1.000000 0.000000
vn 0.000000 1.000000 0.000000
vn 0.000000 1.000000 0.000000
vn 0.000000 1.000000 0.000000
vn 0.000000 1.000000 0.000000
vn 0.000000 1.000000 0.000000
vn 0.000000 1.000000 0.000000
vn 0.000000 1.000000 0.000000
vn 0.000000 1.000000 0.000000
vn 0.000000 1.000000 0.000000
vn 0.000000 1.000000 0.000000
vn 0.000000 1.000000 0.000000
vn 0.000000 1.000000 0.000000
vn 0.000000 1.000000 0.000000
vn 0.000000 1.000000 0.000000
vn 0.000000 1.000000 0.000000
vn 0.000000 1.000000 0.000000
vn 0.000000 1.000000 0.000000
vn 0.000000 1.000000 0.000000
vn 0.000000 1.000000 0.000000
vn 0.000000 1.000000 0.000000
vn 0.000000 1.000000 0.000000
vn 0.000000 1.000000 0.000000
vn 0.000000 1.000000 0.000000
vn 0.000000 1.000000 0.000000
vn 0.000000 1.000000 0.000000
vn 0.000000 1.000000 0.000000
vn 0.000000 1.000000 0.000000
vn 0.000000 1.000000 0.000000
vn 0.000000 1.000000 0.000000
vn 0.000000 1.000000 0.000000
vn 0.000000 1.000000 0.000000
vn 0.000000 1.000000 0.000000
vn 0.000000 1.000000 -0.000000
vn 0.000000 1.000000 0.000000
vn 0.000000 1.000000 0.000000
vn 0.000000 1.000000 0.000000
vn 0.000000 1.000000 0.000000
vn 0.000000 1.000000 0.000000
vn 0.000000 1.000000 0.000000
vn 0.000000 1.000000 0.000000
vn 0.000000 1.000000 0.000000
vn 0.000000 1.000000 0.000000
vn 0.000000 1.000000 -0.000000
vn 0.000000 1.000000 0.000000
vn 0.000000 1.000000 0.000000
vn 0.000000 1.000000 0.000000
vn 0.000000 1.000000 0.000000
vn 0.000000 1.000000 0.000000
vn 0.000000 1.000000 0.000000
vn 0.000000 1.000000 0.000000
vn 0.000000 1.000000 0.000000
vn 0.000000 1.000000 0.000000
vn 0.000000 1.000000 0.000000
vn 0.000000 1.000000 0.000000
vn 0.000000 1.000000 0.000000
vn 0.000000 1.000000 0.000000
vn 0.000000 1.000000 0.000000
vn 0.000000 1.000000 0.000000
vn 0.000000 1.000000 0.000000
vn 0.000000 1.000000 0.000000
vn 0.000000 1.000000 0.000000
vn 0.000000 1.000000 0.000000
vn 0.000000 1.000000 0.000000
vn 0.000000 1.000000 0.000000
vn 0.000000 1.000000 0.000000
vn 0.000000 1.000000 0.000000
vn 0.000000 1.000000 0.000000
vn 0.000000 1.000000 0.000000
vn 0.000000 1.000000 0.000000
vn 0.000000 1.000000 0.000000
vn 0.000000 1.000000 0.000000
vn 0.000000 1.000000 0.000000
vn 0.000000 1.000000 0.000000
vn 0.000000 1.000000 0.000000
vn 0.000000 1.000000 0.000000
vn 0.000000 1.000000 0.000000
vn 0.000000 1.000000 0.000000
vn 0.000000 1.000000 0.000000
vn 0.000000 1.000000 0.000000
vn 0.000000 1.000000 0.000000
vn 0.000000 1.000000 0.000000
vn 0.000000 1.000000 0.000000
vn 0.000000 1.000000 0.000000
vn 0.000000 1.000000 0.000000
vn 0.000000 1.000000 0.000000
vn 0.000000 1.000000 0.000000
vn 0.000000 1.000000 0.000000
vn 0.000000 1.000000 0.000000
vn 0.000000 1.000000 0.000000
vn 0.000000 1.000000 0.000000
vn 0.000000 1.000000 0.000000
vn 0.000000 1.000000 0.000000
vn 0.000000 1.000000 0.000000
vn 0.000000 1.000000 -0.000000
vn 0.000000 1.000000 -0.000000
vn 0.000000 -1.000000 0.000000
vn 0.000000 -1.000000 0.000000
vn 0.000000 -1.000000 0.000000
vn 0.000000 -1.000000 0.000000
vn 0.000000 -1.000000 0.000000
vn 0.000000 -1.000000 0.000000
vn 0.000000 -1.000000 0.000000
vn 0.000000 -1.000000 0.000000
vn 0.000000 -1.000000 0.000000
vn 0.000000 -1.000000 0.000000
vn 0.000000 -1.000000 0.000000
vn 0.000000 -1.000000 0.000000
vn 0.000000 -1.000000 0.000000
vn 0.000000 -1.000000 0.000000
vn 0.000000 -1.000000 0.000000
vn 0.000000 -1.000000 0.000000
vn 0.000000 -1.000000 0.000000
vn 0.000000 -1.000000 0.000000
vn 0.000000 -1.000000 0.000000
vn 0.000000 -1.000000 0.000000
vn 0.000000 -1.000000 0.000000
vn 0.000000 -1.000000 0.000000
vn 0.000000 -1.000000 0.000000
vn 0.000000 -1.000000 0.000000
vn 0.000000 -1.000000 0.000000
vn 0.000000 -1.000000 0.000000
vn 0.000000 -1.000000 0.000000
vn 0.000000 -1.000000 0.000000
vn 0.000000 -1.000000 0.000000
vn 0.000000 -1.000000 0.000000
vn 0.000000 -1.000000 0.000000
vn 0.000000 -1.000000 0.000000
vn 0.000000 -1.000000 0.000000
vn 0.000000 -1.000000 0.000000
vn 0.000000 -1.000000 0.000000
vn 0.000000 -1.000000 0.000000
vn 0.000000 -1.000000 0.000000
vn 0.000000 -1.000000 0.000000
vn 0.000000 -1.000000 0.000000
vn 0.000000 -1.000000 0.000000
vn 0.000000 -1.000000 0.000000
vn 0.000000 -1.000000 0.000000
vn 0.000000 -1.000000 -0.000000
vn 0.000000 -1.000000 0.000000
vn 0.000000 -1.000000 0.000000
vn 0.000000 -1.000000 0.000000
vn 0.000000 -1.000000 0.000000
vn 0.000000 -1.000000 -0.000000
vn 0.000000 -1.000000 0.000000
vn 0.000000 -1.000000 0.000000
vn 0.000000 -1.000000 0.000000
vn -0.000000 -1.000000 0.000000
vn -0.000000 -1.000000 0.000000
vn -0.000000 -1.000000 0.000000
vn -0.000000 -1.000000 0.000000
vn 0.000000 -1.000000 0.000000
vn 0.000000 -1.000000 0.000000
vn -0.000000 -1.000000 0.000000
vn -0.000000 -1.000000 0.000000
vn -0.000000 -1.000000 0.000000
vn 0.000000 -1.000000 0.000000
vn 0.000000 -1.000000 0.000000
vn 0.000000 -1.000000 0.000000
vn 0.000000 -1.000000 0.000000
vn 0.000000 -1.000000 0.000000
vn -0.000000 -1.000000 0.000000
vn -0.000000 -1.000000 0.000000
vn 0.000000 -1.000000 0.000000
vn 0.000000 -1.000000 0.000000
vn 0.000000 -1.000000 0.000000
vn -0.000000 -1.000000 0.000000
vn -0.000000 -1.000000 0.000000
vn 0.000000 -1.000000 0.000000
vn -0.000000 -1.000000 0.000000
vn -0.000000 -1.000000 0.000000
vn 0.000000 -1.000000 0.000000
vn -0.000000 -1.000000 0.000000
vn -0.000000 -1.000000 0.000000
vn 0.000000 -1.000000 0.000000
vn -0.000000 -1.000000 0.000000
vn -0.000000 -1.000000 0.000000
vn -0.000000 -1.000000 0.000000
vn 0.000000 -1.000000 0.000000
vn 0.000000 -1.000000 0.000000
vn -0.000000 -1.000000 0.000000
vn 0.000000 -1.000000 0.000000
vn 0.000000 -1.000000 0.000000
vn 0.000000 -1.000000 0.000000
vn 0.000000 -1.000000 0.000000
vn 0.000000 -1.000000 0.000000
vn 0.000000 -1.000000 0.000000
vn 0.000000 -1.000000 0.000000
vn 0.000000 -1.000000 0.000000
vn 0.000000 -1.000000 0.000000
vn 0.000000 -1.000000 0.000000
vn 0.000000 -1.000000 0.000000
vn 0.000000 -1.000000 0.000000
vn 0.000000 -1.000000 0.000000
vn 0.000000 -1.000000 0.000000
vn 0.000000 -1.000000 0.000000
vn -0.000000 -1.000000 0.000000
vn 0.000000 -1.000000 0.000000
vn 0.000000 -1.000000 0.000000
vn -0.000000 -1.000000 0.000000
vn 0.000000 -1.000000 0.000000
vn 0.000000 -1.000000 0.000000
vn -0.000000 -1.000000 0.000000
vn 0.000000 -1.000000 0.000000
vn -0.000000 -1.000000 0.000000
vn -0.076174 0.000000 -0.997094
vn -0.076174 0.000000 -0.997094
vn -0.103491 0.000000 -0.994630
vn -0.103491 0.000000 -0.994630
vn -0.130721 0.000000 -0.991419
vn -0.130721 0.000000 -0.991419
vn -0.157858 0.000000 -0.987462
vn -0.157858 0.000000 -0.987462
vn -0.184876 0.000000 -0.982762
vn -0.184876 0.000000 -0.982762
vn -0.211748 0.000000 -0.977324
vn -0.211748 0.000000 -0.977324
vn -0.238472 0.000000 -0.971149
vn -0.238472 0.000000 -0.971149
vn -0.265007 0.000000 -0.964247
vn -0.265007 0.000000 -0.964247
vn -0.291350 0.000000 -0.956617
vn -0.291350 0.000000 -0.956617
vn -0.317467 0.000000 -0.948269
vn -0.317467 0.000000 -0.948269
vn -0.343349 0.000000 -0.939208
vn -0.343349 0.000000 -0.939208
vn -0.368971 0.000000 -0.929441
vn -0.368971 0.000000 -0.929441
vn -0.394319 0.000000 -0.918974
vn -0.394319 0.000000 -0.918974
vn -0.419366 0.000000 -0.907817
vn -0.419366 0.000000 -0.907817
vn -0.444105 0.000000 -0.895975
vn -0.444105 0.000000 -0.895975
vn -0.468500 0.000000 -0.883463
vn -0.468500 0.000000 -0.883463
vn -0.492551 0.000000 -0.870284
vn -0.492551 0.000000 -0.870284
vn -0.516227 0.000000 -0.856452
vn -0.539517 0.000000 -0.841975
vn -0.516227 0.000000 -0.856452
vn -0.539517 0.000000 -0.841975
vn -0.562400 0.000000 -0.826865
vn -0.562400 0.000000 -0.826865
vn -0.584863 0.000000 -0.811132
vn -0.584863 0.000000 -0.811132
vn -0.606882 0.000000 -0.794792
vn -0.606882 0.000000 -0.794792
vn -0.628445 0.000000 -0.777854
vn -0.628445 0.000000 -0.777854
vn -0.649539 0.000000 -0.760328
vn -0.649539 0.000000 -0.760328
vn -0.670141 0.000000 -0.742234
vn -0.670141 0.000000 -0.742234
vn -0.690241 0.000000 -0.723579
vn -0.690241 0.000000 -0.723579
vn -0.709823 0.000000 -0.704380
vn -0.709823 0.000000 -0.704380
vn -0.728868 0.000000 -0.684654
vn -0.728868 0.000000 -0.684654
vn -0.747368 0.000000 -0.664410
vn -0.747368 0.000000 -0.664410
vn -0.765304 0.000000 -0.643669
vn -0.765304 0.000000 -0.643669
vn -0.782668 0.000000 -0.622440
vn -0.782668 0.000000 -0.622440
vn -0.799437 0.000000 -0.600750
vn -0.799437 0.000000 -0.600750
vn -0.815610 0.000000 -0.578602
vn -0.815610 0.000000 -0.578602
vn -0.831168 0.000000 -0.556021
vn -0.831168 0.000000 -0.556021
vn -0.846102 0.000000 -0.533022
vn -0.846102 0.000000 -0.533022
vn -0.860398 0.000000 -0.509623
vn -0.874050 0.000000 -0.485836
vn -0.860398 0.000000 -0.509623
vn -0.874050 0.000000 -0.485836
vn -0.887040 0.000000 -0.461692
vn -0.887040 0.000000 -0.461692
vn -0.899367 0.000000 -0.437194
vn -0.899367 0.000000 -0.437194
vn -0.911016 0.000000 -0.412370
vn -0.911016 0.000000 -0.412370
vn -0.921980 0.000000 -0.387237
vn -0.921980 0.000000 -0.387237
vn -0.932253 0.000000 -0.361807
vn -0.932253 0.000000 -0.361807
vn -0.941821 0.000000 -0.336114
vn -0.941821 0.000000 -0.336114
vn -0.950685 0.000000 -0.310159
vn -0.958831 0.000000 -0.283978
vn -0.950685 0.000000 -0.310159
vn -0.958831 0.000000 -0.283978
vn -0.966257 0.000000 -0.257581
vn -0.966257 0.000000 -0.257581
vn -0.972956 0.000000 -0.230989
vn -0.972956 0.000000 -0.230989
vn -0.978924 0.000000 -0.204223
vn -0.978924 0.000000 -0.204223
vn -0.984156 0.000000 -0.177304
vn -0.984156 0.000000 -0.177304
vn -0.988647 0.000000 -0.150257
vn -0.988647 0.000000 -0.150257
vn -0.992396 0.000000 -0.123089
vn -0.992396 0.000000 -0.123089
vn -0.995398 0.000000 -0.095832
vn -0.997651 0.000000 -0.068504
vn -0.995398 0.000000 -0.095832
vn -0.997651 0.000000 -0.068504
vn -0.999154 0.000000 -0.041122
vn -0.999906 0.000000 -0.013713
vn -0.999154 0.000000 -0.041122
vn -0.999906 0.000000 -0.013713
vn -0.999906 0.000000 0.013713
vn -0.999906 0.000000 0.013713
vn -0.999154 0.000000 0.041122
vn -0.999154 0.000000 0.041122
vn -0.997651 0.000000 0.068504
vn -0.997651 0.000000 0.068504
vn -0.995398 0.000000 0.095832
vn -0.995398 0.000000 0.095832
vn -0.992396 0.000000 0.123089
vn -0.992396 0.000000 0.123089
vn -0.988647 0.000000 0.150255
vn -0.988647 0.000000 0.150255
vn -0.984156 0.000000 0.177304
vn -0.984156 0.000000 0.177304
vn -0.978924 0.000000 0.204225
vn -0.978924 0.000000 0.204225
vn -0.972957 0.000000 0.230988
vn -0.966257 0.000000 0.257581
vn -0.972957 0.000000 0.230988
vn -0.966257 0.000000 0.257581
vn -0.958831 0.000000 0.283976
vn -0.958831 0.000000 0.283976
vn -0.950684 0.000000 0.310161
vn -0.950684 0.000000 0.310161
vn -0.941822 0.000000 0.336112
vn -0.941822 0.000000 0.336112
vn -0.932252 0.000000 0.361809
vn -0.932252 0.000000 0.361809
vn -0.921980 0.000000 0.387237
vn -0.921980 0.000000 0.387237
vn -0.911016 0.000000 0.412370
vn -0.911016 0.000000 0.412370
vn -0.899366 0.000000 0.437196
vn -0.899366 0.000000 0.437196
vn -0.887043 0.000000 0.461687
vn -0.887043 0.000000 0.461687
vn -0.874047 0.000000 0.485841
vn -0.874047 0.000000 0.485841
vn -0.860399 0.000000 0.509620
vn -0.860399 0.000000 0.509620
vn -0.846100 0.000000 0.533024
vn -0.846100 0.000000 0.533024
vn -0.831168 0.000000 0.556021
vn -0.815612 0.000000 0.578600
vn -0.831168 0.000000 0.556021
vn -0.815612 0.000000 0.578600
vn -0.799439 0.000000 0.600747
vn -0.799439 0.000000 0.600747
vn -0.782665 0.000000 0.622443
vn -0.782665 0.000000 0.622443
vn -0.765304 0.000000 0.643669
vn -0.765304 0.000000 0.643669
vn -0.747366 0.000000 0.664413
vn -0.747366 0.000000 0.664413
vn -0.728873 0.000000 0.684649
vn -0.728873 0.000000 0.684649
vn -0.709817 0.000000 0.704386
vn -0.709817 0.000000 0.704386
vn -0.690241 0.000000 0.723579
vn -0.690241 0.000000 0.723579
vn -0.670144 0.000000 0.742231
vn -0.670144 0.000000 0.742231
vn -0.649539 0.000000 0.760328
vn -0.649539 0.000000 0.760328
vn -0.628445 0.000000 0.777854
vn -0.628445 0.000000 0.777854
vn -0.606882 0.000000 0.794792
vn -0.606882 0.000000 0.794792
vn -0.584863 0.000000 0.811132
vn -0.584863 0.000000 0.811132
vn -0.562400 0.000000 0.826865
vn -0.562400 0.000000 0.826865
vn -0.539513 0.000000 0.841977
vn -0.539513 0.000000 0.841977
vn -0.516231 0.000000 0.856450
vn -0.516231 0.000000 0.856450
vn -0.492551 0.000000 0.870284
vn -0.492551 0.000000 0.870284
vn -0.468500 0.000000 0.883463
vn -0.468500 0.000000 0.883463
vn -0.444101 0.000000 0.895977
vn -0.444101 0.000000 0.895977
vn -0.419375 0.000000 0.907813
vn -0.419375 0.000000 0.907813
vn -0.394315 0.000000 0.918975
vn -0.394315 0.000000 0.918975
vn -0.368971 0.000000 0.929441
vn -0.368971 0.000000 0.929441
vn -0.343353 0.000000 0.939206
vn -0.343353 0.000000 0.939206
vn -0.317467 0.000000 0.948269
vn -0.317467 0.000000 0.948269
vn -0.291340 0.000000 0.956619
vn -0.291340 0.000000 0.956619
vn -0.265017 0.000000 0.964244
vn -0.265017 0.000000 0.964244
vn -0.238467 0.000000 0.971151
vn -0.238467 0.000000 0.971151
vn -0.211753 0.000000 0.977323
vn -0.211753 0.000000 0.977323
vn -0.184866 0.000000 0.982764
vn -0.184866 0.000000 0.982764
vn -0.157858 0.000000 0.987462
vn -0.157858 0.000000 0.987462
vn -0.130721 0.000000 0.991419
vn -0.130721 0.000000 0.991419
vn -0.103496 0.000000 0.994630
vn -0.103496 0.000000 0.994630
vn -0.076174 0.000000 0.997094
vn -0.076174 0.000000 0.997094
vn 0.000000 1.000000 0.000000
vn 0.000000 1.000000 0.000000
vn 0.000000 1.000000 0.000000
vn 0.000000 1.000000 0.000000
vn 0.000000 1.000000 0.000000
vn 0.000000 1.000000 0.000000
vn 0.000000 1.000000 0.000000
vn 0.000000 1.000000 0.000000
vn 0.000000 1.000000 0.000000
vn 0.000000 1.000000 0.000000
vn 0.000000 1.000000 0.000000
vn 0.000000 1.000000 0.000000
vn 0.000000 1.000000 0.000000
vn 0.000000 1.000000 0.000000
vn 0.000000 1.000000 0.000000
vn 0.000000 1.000000 0.000000
vn 0.000000 1.000000 0.000000
vn 0.000000 1.000000 0.000000
vn 0.000000 1.000000 0.000000
vn 0.000000 1.000000 0.000000
vn 0.000000 1.000000 0.000000
vn 0.000000 1.000000 0.000000
vn 0.000000 1.000000 0.000000
vn 0.000000 1.000000 0.000000
vn 0.000000 1.000000 0.000000
vn 0.000000 1.000000 0.000000
vn 0.000000 1.000000 0.000000
vn 0.000000 1.000000 0.000000
vn 0.000000 1.000000 0.000000
vn 0.000000 1.000000 0.000000
vn 0.000000 1.000000 0.000000
vn 0.000000 1.000000 0.000000
vn 0.000000 1.000000 0.000000
vn 0.000000 1.000000 0.000000
vn 0.000000 1.000000 0.000000
vn 0.000000 1.000000 0.000000
vn 0.000000 1.000000 0.000000
vn 0.000000 1.000000 0.000000
vn 0.000000 1.000000 0.000000
vn 0.000000 1.000000 0.000000
vn 0.000000 1.000000 0.000000
vn 0.000000 1.000000 0.000000
vn 0.000000 1.000000 0.000000
vn 0.000000 1.000000 0.000000
vn 0.000000 1.000000 0.000000
vn 0.000000 1.000000 0.000000
vn 0.000000 1.000000 0.000000
vn 0.000000 1.000000 0.000000
vn 0.000000 1.000000 0.000000
vn 0.000000 1.000000 0.000000
vn 0.000000 1.000000 0.000000
vn 0.000000 1.000000 0.000000
vn 0.000000 1.000000 0.000000
vn 0.000000 1.000000 0.000000
vn 0.000000 1.000000 0.000000
vn 0.000000 1.000000 0.000000
vn 0.000000 1.000000 0.000000
vn 0.000000 1.000000 0.000000
vn 0.000000 1.000000 0.000000
vn 0.000000 1.000000 0.000000
vn 0.000000 1.000000 0.000000
vn 0.000000 1.000000 0.000000
vn 0.000000 1.000000 0.000000
vn 0.000000 1.000000 0.000000
vn 0.000000 1.000000 0.000000
vn 0.000000 1.000000 0.000000
vn 0.000000 1.000000 0.000000
vn 0.000000 1.000000 0.000000
vn 0.000000 1.000000 0.000000
vn 0.000000 1.000000 0.000000
vn 0.000000 1.000000 0.000000
vn 0.000000 1.000000 0.000000
vn 0.000000 1.000000 0.000000
vn 0.000000 1.000000 0.000000
vn 0.000000 1.000000 0.000000
vn 0.000000 1.000000 0.000000
vn 0.000000 1.000000 0.000000
vn 0.000000 1.000000 0.000000
vn 0.000000 1.000000 0.000000
vn 0.000000 1.000000 0.000000
vn 0.000000 1.000000 0.000000
vn 0.000000 1.000000 0.000000
vn 0.000000 1.000000 0.000000
vn 0.000000 1.000000 0.000000
vn 0.000000 1.000000 0.000000
vn 0.000000 1.000000 0.000000
vn 0.000000 1.000000 0.000000
vn 0.000000 1.000000 0.000000
vn 0.000000 1.000000 0.000000
vn 0.000000 1.000000 0.000000
vn 0.000000 1.000000 0.000000
vn 0.000000 1.000000 0.000000
vn 0.000000 1.000000 0.000000
vn 0.000000 1.000000 0.000000
vn 0.000000 1.000000 0.000000
vn 0.000000 1.000000 0.000000
vn 0.000000 1.000000 0.000000
vn 0.000000 1.000000 0.000000
vn 0.000000 1.000000 0.000000
vn 0.000000 1.000000 0.000000
vn 0.000000 1.000000 0.000000
vn 0.000000 1.000000 0.000000
vn 0.000000 1.000000 0.000000
vn 0.000000 1.000000 0.000000
vn 0.000000 1.000000 0.000000
vn 0.000000 1.000000 -0.000000
vn 0.000000 1.000000 0.000000
vn 0.000000 1.000000 0.000000
vn 0.000000 1.000000 0.000000
f 1//1 2//1 3//1
f 3//2 2//2 4//2
f 1//3 5//3 2//3
f 6//4 5//4 1//4
f 7//5 8//5 9//5
f 10//6 9//6 5//6
f 10//7 5//7 6//7
f 10//8 7//8 9//8
f 3//9 11//9 1//9
f 12//10 13//10 11//10
f 12//11 11//11 3//11
f 14//12 13//12 12//12
f 15//13 12//13 3//13
f 16//14 17//14 15//14
f 18//15 15//15 17//15
f 19//16 16//16 15//16
f 20//17 15//17 18//17
f 21//18 19//18 15//18
f 22//19 15//19 20//19
f 23//20 21//20 15//20
f 24//21 15//21 22//21
f 25//22 23//22 15//22
f 26//23 15//23 24//23
f 27//24 25//24 15//24
f 28//25 15//25 26//25
f 29//26 27//26 15//26
f 30//27 15//27 28//27
f 31//28 29//28 15//28
f 32//29 15//29 30//29
f 33//30 31//30 15//30
f 34//31 15//31 32//31
f 35//32 33//32 15//32
f 36//33 15//33 34//33
f 37//34 35//34 15//34
f 38//35 15//35 36//35
f 39//36 37//36 15//36
f 40//37 15//37 38//37
f 41//38 39//38 15//38
f 42//39 15//39 40//39
f 43//40 41//40 15//40
f 44//41 15//41 42//41
f 45//42 43//42 15//42
f 46//43 15//43 44//43
f 47//44 45//44 15//44
f 48//45 15//45 46//45
f 49//46 47//46 15//46
f 50//47 15//47 48//47
f 51//48 49//48 15//48
f 52//49 15//49 50//49
f 53//50 51//50 15//50
f 54//51 15//51 52//51
f 55//52 53//52 15//52
f 56//53 15//53 54//53
f 57//54 55//54 15//54
f 58//55 15//55 56//55
f 59//56 57//56 15//56
f 60//57 15//57 58//57
f 61//58 59//58 15//58
f 62//59 15//59 60//59
f 63//60 61//60 15//60
f 64//61 15//61 62//61
f 65//62 63//62 15//62
f 66//63 15//63 64//63
f 67//64 65//64 15//64
f 68//65 15//65 66//65
f 69//66 67//66 15//66
f 70//67 15//67 68//67
f 71//68 69//68 15//68
f 72//69 15//69 70//69
f 73//70 71//70 15//70
f 74//71 15//71 72//71
f 75//72 15//72 74//72
f 76//73 15//73 75//73
f 77//74 15//74 76//74
f 78//75 15//75 77//75
f 79//76 15//76 78//76
f 80//77 15//77 79//77
f 81//78 15//78 80//78
f 82//79 83//79 73//79
f 82//80 84//80 83//80
f 82//81 85//81 84//81
f 82//82 86//82 85//82
f 82//83 87//83 86//83
f 82//84 88//84 87//84
f 82//85 89//85 88//85
f 82//86 90//86 89//86
f 82//87 91//87 90//87
f 82//88 92//88 91//88
f 82//89 93//89 92//89
f 82//90 94//90 93//90
f 82//91 95//91 94//91
f 82//92 96//92 95//92
f 82//93 97//93 96//93
f 82//94 98//94 97//94
f 82//95 99//95 98//95
f 82//96 73//96 15//96
f 82//97 100//97 99//97
f 82//98 101//98 100//98
f 82//99 102//99 101//99
f 82//100 103//100 102//100
f 82//101 104//101 103//101
f 82//102 105//102 104//102
f 82//103 106//103 105//103
f 82//104 107//104 106//104
f 82//105 108//105 107//105
f 82//106 109//106 108//106
f 82//107 110//107 109//107
f 82//108 111//108 110//108
f 82//109 112//109 111//109
f 82//110 113//110 112//110
f 82//111 114//111 115//111
f 82//112 116//112 113//112
f 82//113 117//113 114//113
f 82//114 118//114 116//114
f 82//115 119//115 117//115
f 82//116 120//116 118//116
f 82//117 121//117 119//117
f 82//118 122//118 120//118
f 82//119 123//119 121//119
f 82//120 124//120 122//120
f 82//121 125//121 123//121
f 82//122 126//122 124//122
f 82//123 127//123 125//123
f 82//124 128//124 126//124
f 82//125 129//125 128//125
f 82//126 130//126 129//126
f 82//127 131//127 130//127
f 82//128 132//128 131//128
f 82//129 133//129 132//129
f 82//130 134//130 133//130
f 82//131 135//131 134//131
f 82//132 136//132 135//132
f 82//133 137//133 136//133
f 82//134 138//134 137//134
f 82//135 139//135 138//135
f 82//136 140//136 139//136
f 82//137 141//137 140//137
f 82//138 142//138 141//138
f 82//139 143//139 142//139
f 82//140 144//140 143//140
f 82//141 145//141 144//141
f 82//142 146//142 145//142
f 82//143 115//143 146//143
f 147//144 148//144 149//144
f 147//145 149//145 150//145
f 151//146 152//146 7//146
f 153//147 152//147 151//147
f 153//148 82//148 152//148
f 154//149 155//149 156//149
f 154//150 157//150 155//150
f 154//151 158//151 157//151
f 154//152 159//152 158//152
f 154//153 160//153 159//153
f 154//154 161//154 160//154
f 154//155 162//155 161//155
f 154//156 163//156 162//156
f 154//157 164//157 163//157
f 154//158 165//158 164//158
f 154//159 166//159 165//159
f 154//160 167//160 166//160
f 168//161 169//161 153//161
f 168//162 153//162 151//162
f 170//163 147//163 154//163
f 171//164 147//164 170//164
f 171//165 148//165 147//165
f 172//166 171//166 170//166
f 173//167 171//167 172//167
f 174//168 175//168 154//168
f 176//169 154//169 175//169
f 177//170 174//170 154//170
f 178//171 154//171 176//171
f 179//172 177//172 154//172
f 180//173 154//173 178//173
f 181//174 179//174 154//174
f 182//175 154//175 180//175
f 183//176 181//176 154//176
f 184//177 154//177 182//177
f 185//178 183//178 154//178
f 186//179 154//179 184//179
f 187//180 185//180 154//180
f 188//181 154//181 186//181
f 189//182 187//182 154//182
f 190//183 154//183 188//183
f 191//184 189//184 154//184
f 192//185 154//185 190//185
f 193//186 191//186 154//186
f 194//187 154//187 192//187
f 195//188 193//188 154//188
f 196//189 154//189 194//189
f 197//190 195//190 154//190
f 197//191 154//191 156//191
f 198//192 154//192 196//192
f 199//193 200//193 201//193
f 199//194 156//194 200//194
f 199//195 197//195 156//195
f 202//196 154//196 198//196
f 203//197 199//197 201//197
f 204//198 154//198 202//198
f 205//199 201//199 206//199
f 205//200 203//200 201//200
f 207//201 154//201 204//201
f 208//202 209//202 210//202
f 208//203 206//203 209//203
f 208//204 205//204 206//204
f 211//205 154//205 207//205
f 212//206 210//206 213//206
f 212//207 208//207 210//207
f 214//208 154//208 211//208
f 215//209 212//209 213//209
f 216//210 154//210 214//210
f 217//211 215//211 213//211
f 217//212 213//212 218//212
f 219//213 154//213 216//213
f 220//214 217//214 218//214
f 220//215 221//215 222//215
f 220//216 218//216 221//216
f 223//217 154//217 219//217
f 224//218 220//218 222//218
f 225//219 154//219 223//219
f 226//220 224//220 222//220
f 226//221 227//221 228//221
f 226//222 222//222 227//222
f 229//223 226//223 228//223
f 230//224 228//224 231//224
f 230//225 229//225 228//225
f 232//226 230//226 231//226
f 232//227 231//227 233//227
f 234//228 233//228 235//228
f 234//229 232//229 233//229
f 236//230 234//230 235//230
f 236//231 235//231 237//231
f 238//232 236//232 237//232
f 238//233 237//233 239//233
f 240//234 170//234 154//234
f 240//235 154//235 225//235
f 240//236 241//236 242//236
f 240//237 243//237 241//237
f 240//238 244//238 243//238
f 240//239 245//239 244//239
f 240//240 246//240 245//240
f 240//241 247//241 246//241
f 240//242 225//242 247//242
f 248//243 238//243 239//243
f 248//244 249//244 250//244
f 248//245 239//245 249//245
f 251//246 240//246 242//246
f 252//247 248//247 250//247
f 253//248 240//248 251//248
f 254//249 252//249 250//249
f 254//250 250//250 255//250
f 256//251 240//251 253//251
f 257//252 254//252 255//252
f 257//253 255//253 258//253
f 259//254 240//254 256//254
f 260//255 257//255 258//255
f 260//256 261//256 262//256
f 260//257 258//257 261//257
f 263//258 240//258 259//258
f 264//259 260//259 262//259
f 264//260 262//260 265//260
f 266//261 240//261 263//261
f 267//262 264//262 265//262
f 268//263 240//263 266//263
f 269//264 267//264 265//264
f 269//265 265//265 270//265
f 271//266 240//266 268//266
f 272//267 269//267 270//267
f 272//268 270//268 273//268
f 274//269 240//269 271//269
f 275//270 272//270 273//270
f 275//271 273//271 276//271
f 277//272 240//272 274//272
f 278//273 275//273 276//273
f 278//274 276//274 279//274
f 280//275 240//275 277//275
f 281//276 278//276 279//276
f 281//277 282//277 283//277
f 281//278 279//278 282//278
f 284//279 240//279 280//279
f 285//280 281//280 283//280
f 286//281 240//281 284//281
f 287//282 285//282 283//282
f 287//283 288//283 289//283
f 287//284 283//284 288//284
f 290//285 240//285 286//285
f 291//286 287//286 289//286
f 291//287 289//287 292//287
f 293//288 240//288 290//288
f 294//289 291//289 292//289
f 295//290 240//290 293//290
f 296//291 292//291 297//291
f 296//292 294//292 292//292
f 298//293 240//293 295//293
f 299//294 240//294 298//294
f 300//295 240//295 299//295
f 301//296 240//296 300//296
f 302//297 240//297 301//297
f 303//298 240//298 302//298
f 304//299 240//299 303//299
f 305//300 240//300 304//300
f 306//301 240//301 305//301
f 307//302 240//302 306//302
f 308//303 240//303 307//303
f 309//304 240//304 308//304
f 310//305 240//305 309//305
f 311//306 240//306 310//306
f 312//307 240//307 311//307
f 313//308 240//308 312//308
f 314//309 240//309 313//309
f 315//310 240//310 314//310
f 316//311 240//311 315//311
f 317//312 240//312 316//312
f 318//313 240//313 317//313
f 319//314 240//314 318//314
f 319//315 320//315 240//315
f 321//316 320//316 319//316
f 322//317 320//317 321//317
f 323//318 320//318 322//318
f 324//319 320//319 323//319
f 325//320 320//320 324//320
f 326//321 320//321 325//321
f 327//322 320//322 326//322
f 328//323 320//323 327//323
f 329//324 320//324 328//324
f 330//325 320//325 329//325
f 331//326 320//326 330//326
f 332//327 320//327 331//327
f 333//328 320//328 332//328
f 334//329 320//329 333//329
f 335//330 320//330 334//330
f 336//331 320//331 335//331
f 337//332 320//332 336//332
f 338//333 320//333 337//333
f 339//334 320//334 338//334
f 340//335 320//335 339//335
f 341//336 342//336 343//336
f 341//337 344//337 342//337
f 341//338 345//338 346//338
f 341//339 347//339 345//339
f 341//340 348//340 347//340
f 341//341 349//341 348//341
f 341//342 350//342 349//342
f 341//343 351//343 350//343
f 341//344 352//344 351//344
f 341//345 353//345 352//345
f 341//346 354//346 353//346
f 341//347 355//347 354//347
f 341//348 356//348 355//348
f 341//349 357//349 356//349
f 341//350 358//350 357//350
f 341//351 359//351 358//351
f 341//352 360//352 359//352
f 341//353 361//353 360//353
f 341//354 362//354 361//354
f 341//355 363//355 362//355
f 341//356 364//356 363//356
f 341//357 365//357 366//357
f 341//358 367//358 364//358
f 341//359 368//359 365//359
f 341//360 369//360 367//360
f 341//361 370//361 368//361
f 341//362 371//362 369//362
f 341//363 372//363 370//363
f 341//364 373//364 371//364
f 341//365 374//365 372//365
f 341//366 375//366 373//366
f 341//367 376//367 374//367
f 341//368 377//368 375//368
f 341//369 378//369 376//369
f 341//370 379//370 377//370
f 341//371 346//371 378//371
f 341//372 380//372 379//372
f 341//373 381//373 380//373
f 341//374 382//374 381//374
f 341//375 383//375 382//375
f 341//376 384//376 383//376
f 341//377 385//377 384//377
f 341//378 386//378 385//378
f 341//379 387//379 386//379
f 341//380 343//380 387//380
f 388//381 341//381 366//381
f 388//382 389//382 296//382
f 388//383 390//383 389//383
f 388//384 391//384 390//384
f 388//385 392//385 391//385
f 388//386 393//386 392//386
f 388//387 394//387 393//387
f 388//388 395//388 394//388
f 388//389 396//389 395//389
f 388//390 397//390 396//390
f 388//391 398//391 397//391
f 388//392 399//392 400//392
f 388//393 401//393 398//393
f 388//394 402//394 399//394
f 388//395 403//395 402//395
f 388//396 404//396 401//396
f 388//397 405//397 403//397
f 388//398 406//398 404//398
f 388//399 407//399 405//399
f 388//400 408//400 406//400
f 388//401 409//401 407//401
f 388//402 410//402 408//402
f 388//403 411//403 409//403
f 388//404 412//404 410//404
f 388//405 413//405 411//405
f 388//406 414//406 412//406
f 388//407 415//407 413//407
f 388//408 416//408 414//408
f 388//409 417//409 415//409
f 388//410 418//410 416//410
f 388//411 419//411 417//411
f 388//412 420//412 418//412
f 388//413 421//413 419//413
f 388//414 422//414 420//414
f 388//415 297//415 421//415
f 388//416 423//416 422//416
f 388//417 424//417 423//417
f 388//418 425//418 424//418
f 388//419 426//419 425//419
f 388//420 427//420 426//420
f 388//421 296//421 297//421
f 388//422 428//422 427//422
f 388//423 429//423 428//423
f 388//424 430//424 429//424
f 388//425 431//425 430//425
f 388//426 432//426 431//426
f 388//427 433//427 432//427
f 388//428 366//428 433//428
f 434//429 435//429 344//429
f 434//430 436//430 435//430
f 434//431 437//431 436//431
f 434//432 438//432 437//432
f 434//433 439//433 438//433
f 434//434 440//434 439//434
f 434//435 441//435 440//435
f 434//436 442//436 441//436
f 434//437 443//437 442//437
f 434//438 444//438 443//438
f 434//439 445//439 444//439
f 434//440 446//440 445//440
f 434//441 447//441 446//441
f 434//442 448//442 447//442
f 434//443 449//443 448//443
f 434//444 450//444 449//444
f 434//445 451//445 450//445
f 434//446 452//446 451//446
f 434//447 453//447 452//447
f 434//448 340//448 453//448
f 434//449 320//449 340//449
f 434//450 454//450 320//450
f 434//451 344//451 341//451
f 455//452 454//452 434//452
f 456//453 388//453 457//453
f 456//454 341//454 388//454
f 458//455 457//455 459//455
f 460//456 461//456 462//456
f 460//457 462//457 456//457
f 460//458 456//458 457//458
f 463//459 457//459 458//459
f 463//460 460//460 457//460
f 3//461 152//461 82//461
f 3//462 82//462 15//462
f 82//463 388//463 127//463
f 127//464 388//464 464//464
f 464//465 388//465 465//465
f 465//466 388//466 466//466
f 466//467 388//467 467//467
f 467//468 388//468 468//468
f 468//469 388//469 469//469
f 469//470 388//470 470//470
f 470//471 388//471 471//471
f 471//472 388//472 472//472
f 472//473 388//473 473//473
f 473//474 388//474 474//474
f 474//475 388//475 475//475
f 475//476 388//476 476//476
f 476//477 388//477 477//477
f 477//478 388//478 478//478
f 478//479 388//479 479//479
f 479//480 388//480 480//480
f 480//481 388//481 481//481
f 481//482 388//482 482//482
f 482//483 388//483 483//483
f 483//484 388//484 400//484
f 460//485 171//485 461//485
f 461//486 171//486 455//486
f 455//487 171//487 454//487
f 454//488 171//488 173//488
f 154//489 15//489 81//489
f 154//490 81//490 484//490
f 154//491 484//491 485//491
f 154//492 485//492 486//492
f 154//493 486//493 487//493
f 154//494 487//494 488//494
f 154//495 488//495 489//495
f 154//496 489//496 490//496
f 154//497 490//497 491//497
f 154//498 491//498 492//498
f 154//499 492//499 493//499
f 154//500 493//500 494//500
f 154//501 494//501 495//501
f 154//502 495//502 496//502
f 154//503 496//503 497//503
f 154//504 497//504 498//504
f 154//505 498//505 499//505
f 154//506 499//506 500//506
f 154//507 500//507 501//507
f 154//508 501//508 502//508
f 154//509 502//509 503//509
f 154//510 503//510 167//510
f 504//511 3//511 4//511
f 505//512 506//512 152//512
f 505//513 152//513 3//513
f 505//514 3//514 504//514
f 5//515 504//515 2//515
f 2//516 504//516 4//516
f 8//517 7//517 152//517
f 8//518 152//518 506//518
f 505//519 9//519 8//519
f 505//520 8//520 506//520
f 505//521 504//521 5//521
f 505//522 5//522 9//522
f 6//523 1//523 507//523
f 507//524 1//524 11//524
f 508//525 509//525 507//525
f 507//526 509//526 6//526
f 510//527 511//527 509//527
f 509//528 512//528 510//528
f 511//529 513//529 509//529
f 509//530 514//530 512//530
f 513//531 515//531 509//531
f 509//532 516//532 514//532
f 515//533 517//533 509//533
f 509//534 518//534 516//534
f 517//535 519//535 509//535
f 509//536 520//536 518//536
f 519//537 521//537 509//537
f 509//538 522//538 520//538
f 521//539 523//539 509//539
f 509//540 524//540 522//540
f 509//541 525//541 6//541
f 523//542 525//542 509//542
f 509//543 526//543 524//543
f 525//544 527//544 6//544
f 509//545 528//545 526//545
f 527//546 529//546 6//546
f 509//547 530//547 528//547
f 529//548 531//548 6//548
f 509//549 532//549 530//549
f 531//550 533//550 6//550
f 509//551 534//551 532//551
f 533//552 535//552 6//552
f 509//553 536//553 534//553
f 535//554 537//554 6//554
f 509//555 538//555 536//555
f 537//556 539//556 6//556
f 509//557 540//557 538//557
f 539//558 541//558 6//558
f 509//559 542//559 540//559
f 541//560 543//560 6//560
f 509//561 544//561 542//561
f 543//562 545//562 6//562
f 509//563 546//563 544//563
f 545//564 547//564 6//564
f 509//565 548//565 546//565
f 547//566 549//566 6//566
f 509//567 550//567 548//567
f 549//568 551//568 6//568
f 509//569 552//569 550//569
f 551//570 553//570 6//570
f 509//571 554//571 552//571
f 553//572 555//572 6//572
f 509//573 556//573 554//573
f 555//574 557//574 6//574
f 509//575 558//575 556//575
f 557//576 559//576 6//576
f 509//577 560//577 558//577
f 559//578 561//578 6//578
f 509//579 562//579 560//579
f 561//580 563//580 6//580
f 509//581 564//581 562//581
f 563//582 565//582 6//582
f 509//583 566//583 564//583
f 565//584 567//584 6//584
f 509//585 568//585 566//585
f 509//586 569//586 568//586
f 509//587 570//587 569//587
f 509//588 571//588 570//588
f 509//589 572//589 571//589
f 509//590 573//590 572//590
f 509//591 574//591 573//591
f 509//592 575//592 574//592
f 509//593 576//593 575//593
f 509//594 577//594 576//594
f 509//595 578//595 577//595
f 509//596 579//596 578//596
f 580//597 10//597 581//597
f 581//598 10//598 582//598
f 582//599 10//599 583//599
f 583//600 10//600 584//600
f 584//601 10//601 585//601
f 585//602 10//602 586//602
f 586//603 10//603 587//603
f 587//604 10//604 588//604
f 588//605 10//605 589//605
f 589//606 10//606 590//606
f 590//607 10//607 567//607
f 567//608 10//608 6//608
f 580//609 591//609 10//609
f 509//610 592//610 579//610
f 591//611 593//611 10//611
f 509//612 594//612 592//612
f 593//613 595//613 10//613
f 509//614 596//614 594//614
f 595//615 597//615 10//615
f 509//616 598//616 596//616
f 597//617 599//617 10//617
f 509//618 600//618 598//618
f 599//619 601//619 10//619
f 509//620 602//620 600//620
f 601//621 603//621 10//621
f 509//622 604//622 602//622
f 603//623 605//623 10//623
f 509//624 606//624 604//624
f 605//625 607//625 10//625
f 607//626 608//626 10//626
f 606//627 609//627 610//627
f 610//628 609//628 611//628
f 611//629 609//629 612//629
f 612//630 609//630 613//630
f 613//631 609//631 614//631
f 614//632 609//632 615//632
f 615//633 609//633 616//633
f 616//634 609//634 617//634
f 617//635 609//635 618//635
f 618//636 609//636 619//636
f 619//637 609//637 620//637
f 620//638 609//638 621//638
f 621//639 609//639 622//639
f 622//640 609//640 623//640
f 623//641 609//641 624//641
f 624//642 609//642 625//642
f 625//643 609//643 626//643
f 626//644 609//644 627//644
f 509//645 609//645 606//645
f 628//646 629//646 609//646
f 10//647 630//647 631//647
f 632//648 630//648 633//648
f 633//649 630//649 634//649
f 634//650 630//650 635//650
f 635//651 630//651 636//651
f 636//652 630//652 637//652
f 637//653 630//653 638//653
f 638//654 630//654 639//654
f 639//655 630//655 640//655
f 640//656 630//656 641//656
f 642//657 630//657 643//657
f 641//658 630//658 644//658
f 643//659 630//659 645//659
f 644//660 630//660 646//660
f 645//661 630//661 647//661
f 646//662 630//662 648//662
f 647//663 630//663 649//663
f 648//664 630//664 650//664
f 649//665 630//665 651//665
f 650//666 630//666 652//666
f 651//667 630//667 653//667
f 652//668 630//668 654//668
f 653//669 630//669 655//669
f 654//670 630//670 656//670
f 655//671 630//671 657//671
f 656//672 630//672 658//672
f 657//673 630//673 659//673
f 658//674 630//674 660//674
f 659//675 630//675 661//675
f 660//676 630//676 662//676
f 661//677 630//677 663//677
f 662//678 630//678 664//678
f 663//679 630//679 665//679
f 664//680 630//680 666//680
f 665//681 630//681 667//681
f 666//682 630//682 668//682
f 667//683 630//683 669//683
f 668//684 630//684 670//684
f 669//685 630//685 671//685
f 670//686 630//686 672//686
f 671//687 630//687 673//687
f 672//688 630//688 674//688
f 673//689 630//689 675//689
f 674//690 630//690 676//690
f 675//691 630//691 677//691
f 676//692 630//692 678//692
f 677//693 630//693 632//693
f 678//694 630//694 679//694
f 679//695 630//695 680//695
f 680//696 630//696 681//696
f 681//697 630//697 682//697
f 682//698 630//698 683//698
f 683//699 630//699 684//699
f 684//700 630//700 685//700
f 685//701 630//701 686//701
f 686//702 630//702 608//702
f 608//703 630//703 10//703
f 630//704 687//704 631//704
f 629//705 688//705 609//705
f 689//706 690//706 609//706
f 609//707 691//707 689//707
f 690//708 692//708 609//708
f 609//709 693//709 691//709
f 692//710 694//710 609//710
f 609//711 695//711 693//711
f 694//712 696//712 609//712
f 609//713 697//713 695//713
f 696//714 698//714 609//714
f 609//715 699//715 697//715
f 698//716 700//716 609//716
f 609//717 701//717 699//717
f 700//718 702//718 609//718
f 609//719 703//719 701//719
f 702//720 704//720 609//720
f 609//721 705//721 703//721
f 704//722 706//722 609//722
f 609//723 706//723 627//723
f 609//724 707//724 705//724
f 627//725 708//725 709//725
f 706//726 708//726 627//726
f 609//727 710//727 707//727
f 709//728 711//728 712//728
f 708//729 711//729 709//729
f 609//730 713//730 710//730
f 712//731 714//731 715//731
f 711//732 714//732 712//732
f 609//733 716//733 713//733
f 715//734 717//734 718//734
f 714//735 717//735 715//735
f 609//736 719//736 716//736
f 718//737 720//737 721//737
f 717//738 720//738 718//738
f 609//739 722//739 719//739
f 720//740 723//740 721//740
f 721//741 723//741 724//741
f 609//742 725//742 722//742
f 723//743 726//743 724//743
f 724//744 726//744 727//744
f 609//745 728//745 725//745
f 727//746 729//746 730//746
f 726//747 729//747 727//747
f 609//748 731//748 728//748
f 729//749 732//749 730//749
f 730//750 732//750 733//750
f 609//751 734//751 731//751
f 732//752 735//752 733//752
f 733//753 735//753 736//753
f 736//754 735//754 737//754
f 609//755 738//755 734//755
f 735//756 739//756 737//756
f 609//757 740//757 738//757
f 739//758 741//758 737//758
f 737//759 741//759 742//759
f 742//760 741//760 743//760
f 609//761 744//761 740//761
f 741//762 745//762 743//762
f 609//763 746//763 744//763
f 745//764 747//764 743//764
f 743//765 747//765 748//765
f 748//766 747//766 749//766
f 609//767 750//767 746//767
f 747//768 751//768 749//768
f 749//769 751//769 752//769
f 609//770 753//770 750//770
f 751//771 754//771 752//771
f 609//772 755//772 753//772
f 754//773 756//773 752//773
f 752//774 756//774 757//774
f 757//775 756//775 758//775
f 609//776 759//776 755//776
f 756//777 760//777 758//777
f 609//778 761//778 759//778
f 760//779 762//779 758//779
f 758//780 762//780 763//780
f 609//781 764//781 761//781
f 762//782 765//782 763//782
f 763//783 765//783 766//783
f 609//784 767//784 764//784
f 765//785 768//785 766//785
f 766//786 768//786 769//786
f 769//787 768//787 770//787
f 609//788 771//788 767//788
f 768//789 772//789 770//789
f 609//790 773//790 771//790
f 772//791 774//791 770//791
f 770//792 774//792 775//792
f 775//793 774//793 776//793
f 609//794 777//794 773//794
f 774//795 778//795 776//795
f 609//796 779//796 777//796
f 778//797 780//797 776//797
f 776//798 780//798 781//798
f 609//799 782//799 779//799
f 780//800 783//800 781//800
f 781//801 783//801 784//801
f 784//802 783//802 785//802
f 688//803 786//803 609//803
f 609//804 786//804 782//804
f 783//805 787//805 785//805
f 785//806 787//806 788//806
f 688//807 789//807 786//807
f 787//808 790//808 788//808
f 688//809 791//809 789//809
f 790//810 792//810 788//810
f 788//811 792//811 793//811
f 688//812 794//812 791//812
f 792//813 795//813 793//813
f 793//814 795//814 796//814
f 688//815 797//815 794//815
f 795//816 798//816 796//816
f 796//817 798//817 799//817
f 688//818 800//818 797//818
f 798//819 801//819 799//819
f 799//820 801//820 802//820
f 802//821 801//821 803//821
f 688//822 804//822 800//822
f 803//823 805//823 806//823
f 801//824 805//824 803//824
f 688//825 807//825 804//825
f 805//826 808//826 806//826
f 688//827 809//827 807//827
f 806//828 810//828 811//828
f 808//829 810//829 806//829
f 688//830 812//830 809//830
f 811//831 813//831 814//831
f 810//832 813//832 811//832
f 688//833 815//833 812//833
f 814//834 816//834 817//834
f 817//835 816//835 818//835
f 813//836 816//836 814//836
f 688//837 819//837 815//837
f 816//838 820//838 818//838
f 688//839 821//839 819//839
f 818//840 822//840 823//840
f 820//841 822//841 818//841
f 688//842 824//842 821//842
f 688//843 825//843 824//843
f 688//844 826//844 825//844
f 688//845 827//845 826//845
f 688//846 828//846 827//846
f 688//847 829//847 828//847
f 688//848 830//848 829//848
f 688//849 831//849 830//849
f 688//850 832//850 831//850
f 688//851 833//851 832//851
f 688//852 834//852 833//852
f 688//853 835//853 834//853
f 688//854 836//854 835//854
f 688//855 837//855 836//855
f 688//856 838//856 837//856
f 688//857 839//857 838//857
f 688//858 840//858 839//858
f 688//859 841//859 840//859
f 688//860 842//860 841//860
f 688//861 843//861 842//861
f 688//862 844//862 843//862
f 688//863 845//863 844//863
f 688//864 846//864 845//864
f 688//865 847//865 846//865
f 688//866 848//866 847//866
f 688//867 849//867 848//867
f 688//868 850//868 849//868
f 688//869 851//869 850//869
f 688//870 852//870 851//870
f 688//871 853//871 852//871
f 688//872 854//872 853//872
f 688//873 855//873 854//873
f 688//874 856//874 855//874
f 688//875 857//875 856//875
f 688//876 858//876 857//876
f 688//877 859//877 858//877
f 688//878 860//878 859//878
f 688//879 861//879 860//879
f 688//880 862//880 861//880
f 823//881 863//881 864//881
f 864//882 863//882 865//882
f 865//883 863//883 866//883
f 866//884 863//884 867//884
f 867//885 863//885 868//885
f 868//886 863//886 869//886
f 869//887 863//887 870//887
f 870//888 863//888 871//888
f 871//889 863//889 872//889
f 872//890 863//890 873//890
f 873//891 863//891 874//891
f 874//892 863//892 875//892
f 875//893 863//893 876//893
f 876//894 863//894 877//894
f 877//895 863//895 878//895
f 878//896 863//896 879//896
f 879//897 863//897 880//897
f 880//898 863//898 881//898
f 881//899 863//899 642//899
f 822//900 863//900 823//900
f 642//901 863//901 630//901
f 882//902 863//902 883//902
f 883//903 863//903 884//903
f 884//904 863//904 885//904
f 885//905 863//905 886//905
f 886//906 863//906 887//906
f 887//907 863//907 888//907
f 888//908 863//908 889//908
f 889//909 863//909 890//909
f 890//910 863//910 891//910
f 891//911 863//911 892//911
f 892//912 863//912 893//912
f 893//913 863//913 894//913
f 894//914 863//914 895//914
f 895//915 863//915 896//915
f 896//916 863//916 897//916
f 897//917 863//917 898//917
f 898//918 863//918 899//918
f 899//919 863//919 900//919
f 900//920 863//920 901//920
f 901//921 863//921 902//921
f 902//922 863//922 903//922
f 904//923 863//923 905//923
f 903//924 863//924 906//924
f 905//925 863//925 907//925
f 906//926 863//926 908//926
f 907//927 863//927 909//927
f 908//928 863//928 910//928
f 909//929 863//929 911//929
f 910//930 863//930 912//930
f 911//931 863//931 913//931
f 912//932 863//932 914//932
f 913//933 863//933 915//933
f 914//934 863//934 916//934
f 915//935 863//935 882//935
f 916//936 863//936 917//936
f 917//937 863//937 918//937
f 918//938 863//938 919//938
f 919//939 863//939 920//939
f 920//940 863//940 921//940
f 921//941 863//941 922//941
f 922//942 863//942 923//942
f 923//943 863//943 924//943
f 924//944 863//944 925//944
f 925//945 863//945 926//945
f 926//946 863//946 822//946
f 863//947 927//947 928//947
f 863//948 929//948 927//948
f 862//949 929//949 930//949
f 930//950 929//950 931//950
f 931//951 929//951 932//951
f 932//952 929//952 933//952
f 933//953 929//953 934//953
f 934//954 929//954 935//954
f 935//955 929//955 936//955
f 936//956 929//956 937//956
f 937//957 929//957 938//957
f 938//958 929//958 939//958
f 939//959 929//959 940//959
f 940//960 929//960 941//960
f 941//961 929//961 942//961
f 942//962 929//962 943//962
f 943//963 929//963 944//963
f 944//964 929//964 945//964
f 945//965 929//965 946//965
f 946//966 929//966 947//966
f 947//967 929//967 948//967
f 948//968 929//968 949//968
f 949//969 929//969 950//969
f 950//970 929//970 951//970
f 951//971 929//971 952//971
f 952//972 929//972 953//972
f 953//973 929//973 954//973
f 954//974 929//974 955//974
f 955//975 929//975 956//975
f 904//976 929//976 863//976
f 956//977 929//977 957//977
f 957//978 929//978 958//978
f 958//979 929//979 959//979
f 959//980 929//980 960//980
f 960//981 929//981 961//981
f 961//982 929//982 962//982
f 962//983 929//983 963//983
f 963//984 929//984 964//984
f 964//985 929//985 965//985
f 965//986 929//986 966//986
f 966//987 929//987 967//987
f 967//988 929//988 968//988
f 968//989 929//989 969//989
f 969//990 929//990 970//990
f 970//991 929//991 971//991
f 971//992 929//992 972//992
f 972//993 929//993 973//993
f 973//994 929//994 974//994
f 974//995 929//995 975//995
f 975//996 929//996 976//996
f 976//997 929//997 977//997
f 977//998 929//998 978//998
f 978//999 929//999 904//999
f 688//1000 929//1000 862//1000
f 631//1001 151//1001 10//1001
f 10//1002 151//1002 7//1002
f 12//1003 979//1003 980//1003
f 12//1004 980//1004 14//1004
f 15//1005 981//1005 979//1005
f 15//1006 979//1006 12//1006
f 981//1007 15//1007 982//1007
f 982//1008 15//1008 154//1008
f 982//1009 154//1009 983//1009
f 983//1010 154//1010 147//1010
f 150//1011 984//1011 983//1011
f 150//1012 983//1012 147//1012
f 609//1013 984//1013 628//1013
f 628//1014 984//1014 149//1014
f 609//1015 985//1015 984//1015
f 984//1016 150//1016 149//1016
f 628//1017 148//1017 629//1017
f 629//1018 148//1018 986//1018
f 628//1019 149//1019 148//1019
f 171//1020 986//1020 148//1020
f 987//1021 986//1021 171//1021
f 988//1022 987//1022 171//1022
f 988//1023 171//1023 460//1023
f 989//1024 460//1024 463//1024
f 989//1025 988//1025 460//1025
f 463//1026 928//1026 927//1026
f 463//1027 927//1027 989//1027
f 458//1028 928//1028 463//1028
f 863//1029 990//1029 991//1029
f 863//1030 928//1030 990//1030
f 990//1031 458//1031 459//1031
f 928//1032 458//1032 990//1032
f 990//1033 459//1033 992//1033
f 992//1034 459//1034 457//1034
f 992//1035 457//1035 993//1035
f 993//1036 457//1036 388//1036
f 82//1037 994//1037 993//1037
f 82//1038 993//1038 388//1038
f 153//1039 995//1039 994//1039
f 153//1040 994//1040 82//1040
f 995//1041 153//1041 996//1041
f 996//1042 153//1042 169//1042
f 996//1043 630//1043 997//1043
f 687//1044 630//1044 996//1044
f 168//1045 996//1045 169//1045
f 168//1046 687//1046 996//1046
f 151//1047 631//1047 687//1047
f 151//1048 687//1048 168//1048
f 507//1049 11//1049 508//1049
f 508//1050 11//1050 13//1050
f 980//1051 509//1051 508//1051
f 980//1052 508//1052 13//1052
f 998//1053 509//1053 980//1053
f 14//1054 980//1054 13//1054
f 999//1055 1000//1055 115//1055
f 999//1056 115//1056 114//1056
f 1001//1057 114//1057 117//1057
f 1001//1058 999//1058 114//1058
f 1002//1059 117//1059 119//1059
f 1002//1060 1001//1060 117//1060
f 1003//1061 119//1061 121//1061
f 1003//1062 1002//1062 119//1062
f 1004//1063 121//1063 123//1063
f 1004//1064 1003//1064 121//1064
f 1005//1065 123//1065 125//1065
f 1005//1066 1004//1066 123//1066
f 1006//1067 125//1067 127//1067
f 1006//1068 1005//1068 125//1068
f 1007//1069 127//1069 464//1069
f 1007//1070 1006//1070 127//1070
f 1008//1071 464//1071 465//1071
f 1008//1072 1007//1072 464//1072
f 1009//1073 1008//1073 465//1073
f 1009//1074 465//1074 466//1074
f 1010//1075 1009//1075 466//1075
f 1010//1076 466//1076 467//1076
f 1011//1077 1010//1077 467//1077
f 1011//1078 467//1078 468//1078
f 1012//1079 468//1079 469//1079
f 1012//1080 1011//1080 468//1080
f 1013//1081 469//1081 470//1081
f 1013//1082 1012//1082 469//1082
f 1014//1083 470//1083 471//1083
f 1014//1084 1013//1084 470//1084
f 1015//1085 471//1085 472//1085
f 1015//1086 1014//1086 471//1086
f 1016//1087 472//1087 473//1087
f 1016//1088 1015//1088 472//1088
f 1017//1089 473//1089 474//1089
f 1017//1090 1016//1090 473//1090
f 1018//1091 474//1091 475//1091
f 1018//1092 1017//1092 474//1092
f 1019//1093 475//1093 476//1093
f 1019//1094 1018//1094 475//1094
f 1020//1095 476//1095 477//1095
f 1020//1096 1019//1096 476//1096
f 1021//1097 477//1097 478//1097
f 1021//1098 1020//1098 477//1098
f 1022//1099 478//1099 479//1099
f 1022//1100 1021//1100 478//1100
f 1023//1101 479//1101 480//1101
f 1023//1102 1022//1102 479//1102
f 1024//1103 480//1103 481//1103
f 1024//1104 1023//1104 480//1104
f 1025//1105 481//1105 482//1105
f 1025//1106 1024//1106 481//1106
f 1026//1107 482//1107 483//1107
f 1026//1108 1025//1108 482//1108
f 1027//1109 483//1109 400//1109
f 1027//1110 400//1110 399//1110
f 1027//1111 1026//1111 483//1111
f 1028//1112 1027//1112 399//1112
f 1029//1113 399//1113 402//1113
f 1029//1114 1028//1114 399//1114
f 1030//1115 402//1115 403//1115
f 1030//1116 1029//1116 402//1116
f 1031//1117 403//1117 405//1117
f 1031//1118 1030//1118 403//1118
f 1032//1119 405//1119 407//1119
f 1032//1120 1031//1120 405//1120
f 1033//1121 407//1121 409//1121
f 1033//1122 1032//1122 407//1122
f 1034//1123 409//1123 411//1123
f 1034//1124 1033//1124 409//1124
f 1035//1125 411//1125 413//1125
f 1035//1126 1034//1126 411//1126
f 1036//1127 1035//1127 413//1127
f 1036//1128 413//1128 415//1128
f 1037//1129 1036//1129 415//1129
f 1037//1130 415//1130 417//1130
f 1038//1131 1037//1131 417//1131
f 1038//1132 417//1132 419//1132
f 1039//1133 1038//1133 419//1133
f 1039//1134 419//1134 421//1134
f 1040//1135 1039//1135 421//1135
f 1040//1136 421//1136 297//1136
f 1041//1137 1040//1137 297//1137
f 1041//1138 297//1138 292//1138
f 1042//1139 1041//1139 292//1139
f 1042//1140 292//1140 289//1140
f 1043//1141 1042//1141 289//1141
f 1043//1142 289//1142 288//1142
f 1044//1143 1043//1143 288//1143
f 1044//1144 288//1144 283//1144
f 1045//1145 1044//1145 283//1145
f 1045//1146 283//1146 282//1146
f 1045//1147 282//1147 279//1147
f 1046//1148 279//1148 276//1148
f 1046//1149 1045//1149 279//1149
f 1047//1150 1046//1150 276//1150
f 1048//1151 1047//1151 276//1151
f 1048//1152 276//1152 273//1152
f 1049//1153 273//1153 270//1153
f 1049//1154 1048//1154 273//1154
f 1050//1155 270//1155 265//1155
f 1050//1156 1049//1156 270//1156
f 1051//1157 265//1157 262//1157
f 1051//1158 1050//1158 265//1158
f 1052//1159 262//1159 261//1159
f 1052//1160 1051//1160 262//1160
f 1053//1161 261//1161 258//1161
f 1053//1162 258//1162 255//1162
f 1053//1163 1052//1163 261//1163
f 1054//1164 1053//1164 255//1164
f 1055//1165 255//1165 250//1165
f 1055//1166 1054//1166 255//1166
f 1056//1167 250//1167 249//1167
f 1056//1168 249//1168 239//1168
f 1056//1169 1055//1169 250//1169
f 1057//1170 239//1170 237//1170
f 1057//1171 1056//1171 239//1171
f 1058//1172 1057//1172 237//1172
f 1059//1173 237//1173 235//1173
f 1059//1174 1058//1174 237//1174
f 1060//1175 1059//1175 235//1175
f 1060//1176 235//1176 233//1176
f 1061//1177 1060//1177 233//1177
f 1061//1178 233//1178 231//1178
f 1062//1179 1061//1179 231//1179
f 1062//1180 231//1180 228//1180
f 1062//1181 228//1181 227//1181
f 1063//1182 1062//1182 227//1182
f 1064//1183 1063//1183 227//1183
f 1064//1184 227//1184 222//1184
f 1065//1185 1064//1185 222//1185
f 1065//1186 222//1186 221//1186
f 1065//1187 221//1187 218//1187
f 1066//1188 1065//1188 218//1188
f 1067//1189 1066//1189 218//1189
f 1067//1190 218//1190 213//1190
f 1068//1191 1067//1191 213//1191
f 1068//1192 213//1192 210//1192
f 1069//1193 1068//1193 210//1193
f 1069//1194 210//1194 209//1194
f 1069//1195 209//1195 206//1195
f 1070//1196 1069//1196 206//1196
f 1071//1197 1070//1197 206//1197
f 1071//1198 206//1198 201//1198
f 1072//1199 1071//1199 201//1199
f 1072//1200 201//1200 200//1200
f 1073//1201 1072//1201 200//1201
f 1073//1202 200//1202 156//1202
f 1074//1203 1073//1203 156//1203
f 1074//1204 156//1204 155//1204
f 1074//1205 155//1205 157//1205
f 1075//1206 1074//1206 157//1206
f 1076//1207 1075//1207 157//1207
f 1076//1208 157//1208 158//1208
f 1076//1209 158//1209 159//1209
f 1077//1210 1076//1210 159//1210
f 1078//1211 1077//1211 159//1211
f 1078//1212 159//1212 160//1212
f 1079//1213 1078//1213 160//1213
f 1079//1214 160//1214 161//1214
f 1080//1215 1079//1215 161//1215
f 1080//1216 161//1216 162//1216
f 1081//1217 162//1217 163//1217
f 1081//1218 163//1218 164//1218
f 1081//1219 1080//1219 162//1219
f 1082//1220 1081//1220 164//1220
f 1083//1221 164//1221 165//1221
f 1083//1222 165//1222 166//1222
f 1083//1223 1082//1223 164//1223
f 1084//1224 1083//1224 166//1224
f 1085//1225 166//1225 167//1225
f 1085//1226 1084//1226 166//1226
f 1086//1227 1085//1227 167//1227
f 1086//1228 167//1228 503//1228
f 1086//1229 503//1229 502//1229
f 1087//1230 1086//1230 502//1230
f 1088//1231 1087//1231 502//1231
f 1088//1232 502//1232 501//1232
f 1089//1233 1088//1233 501//1233
f 1089//1234 501//1234 500//1234
f 1089//1235 500//1235 499//1235
f 1090//1236 1089//1236 499//1236
f 1091//1237 1090//1237 499//1237
f 1091//1238 499//1238 498//1238
f 1092//1239 1091//1239 498//1239
f 1092//1240 498//1240 497//1240
f 1093//1241 1092//1241 497//1241
f 1093//1242 497//1242 496//1242
f 1093//1243 496//1243 495//1243
f 1094//1244 1093//1244 495//1244
f 1094//1245 495//1245 494//1245
f 1095//1246 1094//1246 494//1246
f 1096//1247 1095//1247 494//1247
f 1096//1248 494//1248 493//1248
f 1097//1249 1096//1249 493//1249
f 1097//1250 493//1250 492//1250
f 1097//1251 492//1251 491//1251
f 1098//1252 491//1252 490//1252
f 1098//1253 1097//1253 491//1253
f 1099//1254 1098//1254 490//1254
f 1100//1255 490//1255 489//1255
f 1100//1256 1099//1256 490//1256
f 1101//1257 489//1257 488//1257
f 1101//1258 488//1258 487//1258
f 1101//1259 1100//1259 489//1259
f 1102//1260 1101//1260 487//1260
f 1103//1261 487//1261 486//1261
f 1103//1262 1102//1262 487//1262
f 1104//1263 486//1263 485//1263
f 1104//1264 1103//1264 486//1264
f 1105//1265 485//1265 484//1265
f 1105//1266 1104//1266 485//1266
f 1106//1267 484//1267 81//1267
f 1106//1268 81//1268 80//1268
f 1106//1269 1105//1269 484//1269
f 1107//1270 80//1270 79//1270
f 1107//1271 1106//1271 80//1271
f 1108//1272 1107//1272 79//1272
f 1109//1273 79//1273 78//1273
f 1109//1274 78//1274 77//1274
f 1109//1275 1108//1275 79//1275
f 1110//1276 1109//1276 77//1276
f 1111//1277 1110//1277 77//1277
f 1111//1278 77//1278 76//1278
f 1111//1279 76//1279 75//1279
f 1112//1280 1111//1280 75//1280
f 1113//1281 75//1281 74//1281
f 1113//1282 1112//1282 75//1282
f 1114//1283 74//1283 72//1283
f 1114//1284 1113//1284 74//1284
f 1114//1285 72//1285 70//1285
f 1115//1286 70//1286 68//1286
f 1115//1287 1114//1287 70//1287
f 1116//1288 1115//1288 68//1288
f 1117//1289 68//1289 66//1289
f 1117//1290 1116//1290 68//1290
f 1118//1291 66//1291 64//1291
f 1118//1292 64//1292 62//1292
f 1118//1293 1117//1293 66//1293
f 1119//1294 1118//1294 62//1294
f 1120//1295 62//1295 60//1295
f 1120//1296 1119//1296 62//1296
f 1121//1297 60//1297 58//1297
f 1121//1298 1120//1298 60//1298
f 1122//1299 58//1299 56//1299
f 1122//1300 56//1300 54//1300
f 1122//1301 1121//1301 58//1301
f 1123//1302 1122//1302 54//1302
f 1124//1303 54//1303 52//1303
f 1124//1304 52//1304 50//1304
f 1124//1305 1123//1305 54//1305
f 1125//1306 1124//1306 50//1306
f 1126//1307 50//1307 48//1307
f 1126//1308 48//1308 46//1308
f 1126//1309 1125//1309 50//1309
f 1127//1310 1126//1310 46//1310
f 1128//1311 46//1311 44//1311
f 1128//1312 1127//1312 46//1312
f 1129//1313 44//1313 42//1313
f 1129//1314 1128//1314 44//1314
f 1130//1315 42//1315 40//1315
f 1130//1316 1129//1316 42//1316
f 1131//1317 40//1317 38//1317
f 1131//1318 1130//1318 40//1318
f 1132//1319 38//1319 36//1319
f 1132//1320 1131//1320 38//1320
f 1133//1321 36//1321 34//1321
f 1133//1322 1132//1322 36//1322
f 1134//1323 34//1323 32//1323
f 1134//1324 1133//1324 34//1324
f 1135//1325 32//1325 30//1325
f 1135//1326 1134//1326 32//1326
f 1136//1327 1135//1327 30//1327
f 1136//1328 30//1328 28//1328
f 1137//1329 1136//1329 28//1329
f 1137//1330 28//1330 26//1330
f 1137//1331 26//1331 24//1331
f 1138//1332 1137//1332 24//1332
f 1139//1333 1138//1333 24//1333
f 1139//1334 24//1334 22//1334
f 1140//1335 1139//1335 22//1335
f 1140//1336 22//1336 20//1336
f 1140//1337 20//1337 18//1337
f 1141//1338 1140//1338 18//1338
f 1142//1339 1141//1339 18//1339
f 1142//1340 18//1340 17//1340
f 1143//1341 1142//1341 17//1341
f 1143//1342 17//1342 16//1342
f 1144//1343 1143//1343 16//1343
f 1144//1344 16//1344 19//1344
f 1145//1345 1144//1345 19//1345
f 1145//1346 19//1346 21//1346
f 1146//1347 1145//1347 21//1347
f 1146//1348 21//1348 23//1348
f 1147//1349 23//1349 25//1349
f 1147//1350 1146//1350 23//1350
f 1148//1351 25//1351 27//1351
f 1148//1352 1147//1352 25//1352
f 1149//1353 27//1353 29//1353
f 1149//1354 1148//1354 27//1354
f 1150//1355 29//1355 31//1355
f 1150//1356 1149//1356 29//1356
f 1151//1357 31//1357 33//1357
f 1151//1358 1150//1358 31//1358
f 1152//1359 33//1359 35//1359
f 1152//1360 35//1360 37//1360
f 1152//1361 1151//1361 33//1361
f 1153//1362 1152//1362 37//1362
f 1154//1363 37//1363 39//1363
f 1154//1364 39//1364 41//1364
f 1154//1365 1153//1365 37//1365
f 1155//1366 1154//1366 41//1366
f 1156//1367 41//1367 43//1367
f 1156//1368 1155//1368 41//1368
f 1157//1369 43//1369 45//1369
f 1157//1370 45//1370 47//1370
f 1157//1371 1156//1371 43//1371
f 1158//1372 1157//1372 47//1372
f 1159//1373 47//1373 49//1373
f 1159//1374 1158//1374 47//1374
f 1160//1375 49//1375 51//1375
f 1160//1376 51//1376 53//1376
f 1160//1377 1159//1377 49//1377
f 1161//1378 1160//1378 53//1378
f 1162//1379 1161//1379 53//1379
f 1162//1380 53//1380 55//1380
f 1163//1381 1162//1381 55//1381
f 1163//1382 55//1382 57//1382
f 1163//1383 57//1383 59//1383
f 1164//1384 1163//1384 59//1384
f 1165//1385 1164//1385 59//1385
f 1165//1386 59//1386 61//1386
f 1166//1387 1165//1387 61//1387
f 1166//1388 61//1388 63//1388
f 1166//1389 63//1389 65//1389
f 1167//1390 1166//1390 65//1390
f 1168//1391 1167//1391 65//1391
f 1168//1392 65//1392 67//1392
f 1168//1393 67//1393 69//1393
f 1169//1394 1168//1394 69//1394
f 1170//1395 1169//1395 69//1395
f 1170//1396 69//1396 71//1396
f 1171//1397 1170//1397 71//1397
f 1171//1398 71//1398 73//1398
f 1171//1399 73//1399 83//1399
f 1172//1400 1171//1400 83//1400
f 1172//1401 83//1401 84//1401
f 1173//1402 1172//1402 84//1402
f 1174//1403 1173//1403 84//1403
f 1174//1404 84//1404 85//1404
f 1175//1405 1174//1405 85//1405
f 1175//1406 85//1406 86//1406
f 1176//1407 1175//1407 86//1407
f 1176//1408 86//1408 87//1408
f 1176//1409 87//1409 88//1409
f 1177//1410 1176//1410 88//1410
f 1178//1411 1177//1411 88//1411
f 1178//1412 88//1412 89//1412
f 1179//1413 1178//1413 89//1413
f 1179//1414 89//1414 90//1414
f 1180//1415 1179//1415 90//1415
f 1180//1416 90//1416 91//1416
f 1180//1417 91//1417 92//1417
f 1181//1418 1180//1418 92//1418
f 1182//1419 1181//1419 92//1419
f 1182//1420 92//1420 93//1420
f 1183//1421 93//1421 94//1421
f 1183//1422 1182//1422 93//1422
f 1184//1423 94//1423 95//1423
f 1184//1424 95//1424 96//1424
f 1184//1425 1183//1425 94//1425
f 1185//1426 96//1426 97//1426
f 1185//1427 1184//1427 96//1427
f 1186//1428 1185//1428 97//1428
f 1187//1429 1186//1429 97//1429
f 1187//1430 97//1430 98//1430
f 1187//1431 98//1431 99//1431
f 1188//1432 1187//1432 99//1432
f 1189//1433 1188//1433 99//1433
f 1189//1434 99//1434 100//1434
f 1189//1435 100//1435 101//1435
f 1190//1436 1189//1436 101//1436
f 1191//1437 1190//1437 101//1437
f 1191//1438 101//1438 102//1438
f 1192//1439 1191//1439 102//1439
f 1192//1440 102//1440 103//1440
f 1193//1441 1192//1441 103//1441
f 1193//1442 103//1442 104//1442
f 1194//1443 1193//1443 104//1443
f 1194//1444 104//1444 105//1444
f 1195//1445 1194//1445 105//1445
f 1195//1446 105//1446 106//1446
f 1196//1447 1195//1447 106//1447
f 1196//1448 106//1448 107//1448
f 1197//1449 1196//1449 107//1449
f 1197//1450 107//1450 108//1450
f 1197//1451 108//1451 109//1451
f 1198//1452 1197//1452 109//1452
f 1199//1453 110//1453 111//1453
f 1199//1454 1198//1454 109//1454
f 1199//1455 109//1455 110//1455
f 1200//1456 1199//1456 111//1456
f 1201//1457 111//1457 112//1457
f 1201//1458 1200//1458 111//1458
f 1202//1459 112//1459 113//1459
f 1202//1460 113//1460 116//1460
f 1202//1461 1201//1461 112//1461
f 1203//1462 1202//1462 116//1462
f 1204//1463 116//1463 118//1463
f 1204//1464 118//1464 120//1464
f 1204//1465 1203//1465 116//1465
f 1205//1466 1204//1466 120//1466
f 1206//1467 120//1467 122//1467
f 1206//1468 1205//1468 120//1468
f 1207//1469 122//1469 124//1469
f 1207//1470 124//1470 126//1470
f 1207//1471 1206//1471 122//1471
f 1208//1472 1207//1472 126//1472
f 1209//1473 126//1473 128//1473
f 1209//1474 1208//1474 126//1474
f 1210//1475 128//1475 129//1475
f 1210//1476 1209//1476 128//1476
f 1211//1477 1210//1477 129//1477
f 1211//1478 129//1478 130//1478
f 1212//1479 1211//1479 130//1479
f 1212//1480 130//1480 131//1480
f 1213//1481 1212//1481 131//1481
f 1213//1482 131//1482 132//1482
f 1214//1483 1213//1483 132//1483
f 1214//1484 132//1484 133//1484
f 1215//1485 133//1485 134//1485
f 1215//1486 134//1486 135//1486
f 1215//1487 1214//1487 133//1487
f 1216//1488 1215//1488 135//1488
f 1217//1489 135//1489 136//1489
f 1217//1490 136//1490 137//1490
f 1217//1491 1216//1491 135//1491
f 1218//1492 1217//1492 137//1492
f 1219//1493 137//1493 138//1493
f 1219//1494 138//1494 139//1494
f 1219//1495 1218//1495 137//1495
f 1220//1496 1219//1496 139//1496
f 1221//1497 139//1497 140//1497
f 1221//1498 140//1498 141//1498
f 1221//1499 1220//1499 139//1499
f 1222//1500 1221//1500 141//1500
f 1223//1501 141//1501 142//1501
f 1223//1502 142//1502 143//1502
f 1223//1503 1222//1503 141//1503
f 1224//1504 143//1504 144//1504
f 1224//1505 1223//1505 143//1505
f 1225//1506 1224//1506 144//1506
f 1226//1507 144//1507 145//1507
f 1226//1508 1225//1508 144//1508
f 1227//1509 145//1509 146//1509
f 1227//1510 146//1510 115//1510
f 1227//1511 1226//1511 145//1511
f 1000//1512 1227//1512 115//1512
f 170//1513 1228//1513 172//1513
f 172//1514 1228//1514 1229//1514
f 1230//1515 173//1515 172//1515
f 1230//1516 172//1516 1229//1516
f 240//1517 1231//1517 170//1517
f 170//1518 1231//1518 1228//1518
f 1232//1519 454//1519 173//1519
f 1232//1520 173//1520 1230//1520
f 1231//1521 240//1521 320//1521
f 1231//1522 320//1522 1233//1522
f 454//1523 1233//1523 320//1523
f 454//1524 1232//1524 1233//1524
f 1234//1525 1235//1525 346//1525
f 1234//1526 346//1526 345//1526
f 1236//1527 345//1527 347//1527
f 1236//1528 1234//1528 345//1528
f 1237//1529 347//1529 348//1529
f 1237//1530 1236//1530 347//1530
f 1238//1531 348//1531 349//1531
f 1238//1532 1237//1532 348//1532
f 1239//1533 349//1533 350//1533
f 1239//1534 1238//1534 349//1534
f 1240//1535 350//1535 351//1535
f 1240//1536 1239//1536 350//1536
f 1241//1537 351//1537 352//1537
f 1241//1538 1240//1538 351//1538
f 1242//1539 352//1539 353//1539
f 1242//1540 1241//1540 352//1540
f 1243//1541 353//1541 354//1541
f 1243//1542 1242//1542 353//1542
f 1244//1543 1243//1543 354//1543
f 1244//1544 354//1544 355//1544
f 1245//1545 1244//1545 355//1545
f 1245//1546 355//1546 356//1546
f 1246//1547 1245//1547 356//1547
f 1246//1548 356//1548 357//1548
f 1247//1549 357//1549 358//1549
f 1247//1550 1246//1550 357//1550
f 1248//1551 358//1551 359//1551
f 1248//1552 1247//1552 358//1552
f 1249//1553 359//1553 360//1553
f 1249//1554 1248//1554 359//1554
f 1250//1555 360//1555 361//1555
f 1250//1556 1249//1556 360//1556
f 1251//1557 361//1557 362//1557
f 1251//1558 1250//1558 361//1558
f 1252//1559 362//1559 363//1559
f 1252//1560 1251//1560 362//1560
f 1253//1561 363//1561 364//1561
f 1253//1562 1252//1562 363//1562
f 1254//1563 364//1563 367//1563
f 1254//1564 1253//1564 364//1564
f 1255//1565 367//1565 369//1565
f 1255//1566 1254//1566 367//1566
f 1256//1567 369//1567 371//1567
f 1256//1568 1255//1568 369//1568
f 1257//1569 371//1569 373//1569
f 1257//1570 1256//1570 371//1570
f 1258//1571 373//1571 375//1571
f 1258//1572 1257//1572 373//1572
f 1259//1573 375//1573 377//1573
f 1259//1574 1258//1574 375//1574
f 1260//1575 377//1575 379//1575
f 1260//1576 1259//1576 377//1576
f 1261//1577 379//1577 380//1577
f 1261//1578 1260//1578 379//1578
f 1262//1579 380//1579 381//1579
f 1262//1580 381//1580 382//1580
f 1262//1581 1261//1581 380//1581
f 1263//1582 1262//1582 382//1582
f 1264//1583 382//1583 383//1583
f 1264//1584 1263//1584 382//1584
f 1265//1585 383//1585 384//1585
f 1265//1586 1264//1586 383//1586
f 1266//1587 384//1587 385//1587
f 1266//1588 1265//1588 384//1588
f 1267//1589 385//1589 386//1589
f 1267//1590 1266//1590 385//1590
f 1268//1591 386//1591 387//1591
f 1268//1592 1267//1592 386//1592
f 1269//1593 387//1593 343//1593
f 1269//1594 1268//1594 387//1594
f 1270//1595 343//1595 342//1595
f 1270//1596 1269//1596 343//1596
f 1271//1597 1270//1597 342//1597
f 1271//1598 342//1598 344//1598
f 1272//1599 1271//1599 344//1599
f 1272//1600 344//1600 435//1600
f 1273//1601 1272//1601 435//1601
f 1273//1602 435//1602 436//1602
f 1274//1603 1273//1603 436//1603
f 1274//1604 436//1604 437//1604
f 1275//1605 1274//1605 437//1605
f 1275//1606 437//1606 438//1606
f 1276//1607 1275//1607 438//1607
f 1276//1608 438//1608 439//1608
f 1277//1609 1276//1609 439//1609
f 1277//1610 439//1610 440//1610
f 1278//1611 1277//1611 440//1611
f 1278//1612 440//1612 441//1612
f 1279//1613 1278//1613 441//1613
f 1279//1614 441//1614 442//1614
f 1280//1615 1279//1615 442//1615
f 1280//1616 442//1616 443//1616
f 1280//1617 443//1617 444//1617
f 1281//1618 444//1618 445//1618
f 1281//1619 1280//1619 444//1619
f 1282//1620 1281//1620 445//1620
f 1283//1621 1282//1621 445//1621
f 1283//1622 445//1622 446//1622
f 1284//1623 446//1623 447//1623
f 1284//1624 1283//1624 446//1624
f 1285//1625 447//1625 448//1625
f 1285//1626 1284//1626 447//1626
f 1286//1627 448//1627 449//1627
f 1286//1628 1285//1628 448//1628
f 1287//1629 449//1629 450//1629
f 1287//1630 1286//1630 449//1630
f 1288//1631 450//1631 451//1631
f 1288//1632 451//1632 452//1632
f 1288//1633 1287//1633 450//1633
f 1289//1634 1288//1634 452//1634
f 1290//1635 452//1635 453//1635
f 1290//1636 1289//1636 452//1636
f 1291//1637 453//1637 340//1637
f 1291//1638 340//1638 339//1638
f 1291//1639 1290//1639 453//1639
f 1292//1640 339//1640 338//1640
f 1292//1641 1291//1641 339//1641
f 1293//1642 1292//1642 338//1642
f 1294//1643 338//1643 337//1643
f 1294//1644 1293//1644 338//1644
f 1295//1645 1294//1645 337//1645
f 1295//1646 337//1646 336//1646
f 1296//1647 1295//1647 336//1647
f 1296//1648 336//1648 335//1648
f 1297//1649 1296//1649 335//1649
f 1297//1650 335//1650 334//1650
f 1297//1651 334//1651 333//1651
f 1298//1652 1297//1652 333//1652
f 1299//1653 1298//1653 333//1653
f 1299//1654 333//1654 332//1654
f 1300//1655 1299//1655 332//1655
f 1300//1656 332//1656 331//1656
f 1300//1657 331//1657 330//1657
f 1301//1658 1300//1658 330//1658
f 1302//1659 1301//1659 330//1659
f 1302//1660 330//1660 329//1660
f 1303//1661 1302//1661 329//1661
f 1303//1662 329//1662 328//1662
f 1304//1663 1303//1663 328//1663
f 1304//1664 328//1664 327//1664
f 1304//1665 327//1665 326//1665
f 1305//1666 1304//1666 326//1666
f 1306//1667 1305//1667 326//1667
f 1306//1668 326//1668 325//1668
f 1307//1669 1306//1669 325//1669
f 1307//1670 325//1670 324//1670
f 1308//1671 1307//1671 324//1671
f 1308//1672 324//1672 323//1672
f 1309//1673 1308//1673 323//1673
f 1309//1674 323//1674 322//1674
f 1309//1675 322//1675 321//1675
f 1310//1676 1309//1676 321//1676
f 1311//1677 1310//1677 321//1677
f 1311//1678 321//1678 319//1678
f 1311//1679 319//1679 318//1679
f 1312//1680 1311//1680 318//1680
f 1313//1681 1312//1681 318//1681
f 1313//1682 318//1682 317//1682
f 1314//1683 1313//1683 317//1683
f 1314//1684 317//1684 316//1684
f 1315//1685 1314//1685 316//1685
f 1315//1686 316//1686 315//1686
f 1316//1687 315//1687 314//1687
f 1316//1688 314//1688 313//1688
f 1316//1689 1315//1689 315//1689
f 1317//1690 1316//1690 313//1690
f 1318//1691 313//1691 312//1691
f 1318//1692 312//1692 311//1692
f 1318//1693 1317//1693 313//1693
f 1319//1694 1318//1694 311//1694
f 1320//1695 311//1695 310//1695
f 1320//1696 1319//1696 311//1696
f 1321//1697 1320//1697 310//1697
f 1321//1698 310//1698 309//1698
f 1321//1699 309//1699 308//1699
f 1322//1700 1321//1700 308//1700
f 1323//1701 1322//1701 308//1701
f 1323//1702 308//1702 307//1702
f 1324//1703 1323//1703 307//1703
f 1324//1704 307//1704 306//1704
f 1324//1705 306//1705 305//1705
f 1325//1706 1324//1706 305//1706
f 1326//1707 1325//1707 305//1707
f 1326//1708 305//1708 304//1708
f 1327//1709 1326//1709 304//1709
f 1327//1710 304//1710 303//1710
f 1328//1711 1327//1711 303//1711
f 1328//1712 303//1712 302//1712
f 1328//1713 302//1713 301//1713
f 1329//1714 1328//1714 301//1714
f 1329//1715 301//1715 300//1715
f 1330//1716 1329//1716 300//1716
f 1331//1717 1330//1717 300//1717
f 1331//1718 300//1718 299//1718
f 1332//1719 1331//1719 299//1719
f 1332//1720 299//1720 298//1720
f 1332//1721 298//1721 295//1721
f 1333//1722 295//1722 293//1722
f 1333//1723 1332//1723 295//1723
f 1334//1724 1333//1724 293//1724
f 1335//1725 293//1725 290//1725
f 1335//1726 1334//1726 293//1726
f 1336//1727 290//1727 286//1727
f 1336//1728 286//1728 284//1728
f 1336//1729 1335//1729 290//1729
f 1337//1730 1336//1730 284//1730
f 1338//1731 284//1731 280//1731
f 1338//1732 1337//1732 284//1732
f 1339//1733 280//1733 277//1733
f 1339//1734 1338//1734 280//1734
f 1340//1735 277//1735 274//1735
f 1340//1736 1339//1736 277//1736
f 1341//1737 274//1737 271//1737
f 1341//1738 271//1738 268//1738
f 1341//1739 1340//1739 274//1739
f 1342//1740 268//1740 266//1740
f 1342//1741 1341//1741 268//1741
f 1343//1742 1342//1742 266//1742
f 1344//1743 266//1743 263//1743
f 1344//1744 263//1744 259//1744
f 1344//1745 1343//1745 266//1745
f 1345//1746 1344//1746 259//1746
f 1346//1747 1345//1747 259//1747
f 1346//1748 259//1748 256//1748
f 1346//1749 256//1749 253//1749
f 1347//1750 1346//1750 253//1750
f 1348//1751 253//1751 251//1751
f 1348//1752 1347//1752 253//1752
f 1349//1753 251//1753 242//1753
f 1349//1754 1348//1754 251//1754
f 1349//1755 242//1755 241//1755
f 1350//1756 241//1756 243//1756
f 1350//1757 1349//1757 241//1757
f 1351//1758 1350//1758 243//1758
f 1352//1759 243//1759 244//1759
f 1352//1760 1351//1760 243//1760
f 1353//1761 244//1761 245//1761
f 1353//1762 245//1762 246//1762
f 1353//1763 1352//1763 244//1763
f 1354//1764 1353//1764 246//1764
f 1355//1765 246//1765 247//1765
f 1355//1766 1354//1766 246//1766
f 1356//1767 247//1767 225//1767
f 1356//1768 1355//1768 247//1768
f 1357//1769 225//1769 223//1769
f 1357//1770 223//1770 219//1770
f 1357//1771 1356//1771 225//1771
f 1358//1772 1357//1772 219//1772
f 1359//1773 219//1773 216//1773
f 1359//1774 216//1774 214//1774
f 1359//1775 1358//1775 219//1775
f 1360//1776 1359//1776 214//1776
f 1361//1777 214//1777 211//1777
f 1361//1778 211//1778 207//1778
f 1361//1779 1360//1779 214//1779
f 1362//1780 1361//1780 207//1780
f 1363//1781 207//1781 204//1781
f 1363//1782 1362//1782 207//1782
f 1364//1783 204//1783 202//1783
f 1364//1784 1363//1784 204//1784
f 1365//1785 202//1785 198//1785
f 1365//1786 1364//1786 202//1786
f 1366//1787 198//1787 196//1787
f 1366//1788 1365//1788 198//1788
f 1367//1789 196//1789 194//1789
f 1367//1790 1366//1790 196//1790
f 1368//1791 194//1791 192//1791
f 1368//1792 1367//1792 194//1792
f 1369//1793 192//1793 190//1793
f 1369//1794 1368//1794 192//1794
f 1370//1795 190//1795 188//1795
f 1370//1796 1369//1796 190//1796
f 1371//1797 1370//1797 188//1797
f 1371//1798 188//1798 186//1798
f 1372//1799 1371//1799 186//1799
f 1372//1800 186//1800 184//1800
f 1372//1801 184//1801 182//1801
f 1373//1802 1372//1802 182//1802
f 1374//1803 1373//1803 182//1803
f 1374//1804 182//1804 180//1804
f 1375//1805 1374//1805 180//1805
f 1375//1806 180//1806 178//1806
f 1375//1807 178//1807 176//1807
f 1376//1808 1375//1808 176//1808
f 1377//1809 1376//1809 176//1809
f 1377//1810 176//1810 175//1810
f 1378//1811 1377//1811 175//1811
f 1378//1812 175//1812 174//1812
f 1379//1813 1378//1813 174//1813
f 1379//1814 174//1814 177//1814
f 1380//1815 1379//1815 177//1815
f 1380//1816 177//1816 179//1816
f 1381//1817 1380//1817 179//1817
f 1381//1818 179//1818 181//1818
f 1382//1819 181//1819 183//1819
f 1382//1820 1381//1820 181//1820
f 1383//1821 183//1821 185//1821
f 1383//1822 1382//1822 183//1822
f 1384//1823 185//1823 187//1823
f 1384//1824 1383//1824 185//1824
f 1385//1825 187//1825 189//1825
f 1385//1826 1384//1826 187//1826
f 1386//1827 189//1827 191//1827
f 1386//1828 1385//1828 189//1828
f 1387//1829 191//1829 193//1829
f 1387//1830 193//1830 195//1830
f 1387//1831 1386//1831 191//1831
f 1388//1832 1387//1832 195//1832
f 1389//1833 195//1833 197//1833
f 1389//1834 197//1834 199//1834
f 1389//1835 1388//1835 195//1835
f 1390//1836 1389//1836 199//1836
f 1391//1837 199//1837 203//1837
f 1391//1838 1390//1838 199//1838
f 1392//1839 203//1839 205//1839
f 1392//1840 205//1840 208//1840
f 1392//1841 1391//1841 203//1841
f 1393//1842 1392//1842 208//1842
f 1394//1843 208//1843 212//1843
f 1394//1844 1393//1844 208//1844
f 1395//1845 212//1845 215//1845
f 1395//1846 215//1846 217//1846
f 1395//1847 1394//1847 212//1847
f 1396//1848 1395//1848 217//1848
f 1397//1849 1396//1849 217//1849
f 1397//1850 217//1850 220//1850
f 1398//1851 1397//1851 220//1851
f 1398//1852 220//1852 224//1852
f 1398//1853 224//1853 226//1853
f 1399//1854 1398//1854 226//1854
f 1400//1855 1399//1855 226//1855
f 1400//1856 226//1856 229//1856
f 1401//1857 1400//1857 229//1857
f 1401//1858 229//1858 230//1858
f 1401//1859 230//1859 232//1859
f 1402//1860 1401//1860 232//1860
f 1403//1861 1402//1861 232//1861
f 1403//1862 232//1862 234//1862
f 1403//1863 234//1863 236//1863
f 1404//1864 1403//1864 236//1864
f 1405//1865 1404//1865 236//1865
f 1405//1866 236//1866 238//1866
f 1406//1867 1405//1867 238//1867
f 1406//1868 238//1868 248//1868
f 1406//1869 248//1869 252//1869
f 1407//1870 1406//1870 252//1870
f 1407//1871 252//1871 254//1871
f 1408//1872 1407//1872 254//1872
f 1409//1873 1408//1873 254//1873
f 1409//1874 254//1874 257//1874
f 1410//1875 1409//1875 257//1875
f 1410//1876 257//1876 260//1876
f 1411//1877 1410//1877 260//1877
f 1411//1878 260//1878 264//1878
f 1411//1879 264//1879 267//1879
f 1412//1880 1411//1880 267//1880
f 1413//1881 1412//1881 267//1881
f 1413//1882 267//1882 269//1882
f 1414//1883 1413//1883 269//1883
f 1414//1884 269//1884 272//1884
f 1415//1885 1414//1885 272//1885
f 1415//1886 272//1886 275//1886
f 1415//1887 275//1887 278//1887
f 1416//1888 1415//1888 278//1888
f 1417//1889 1416//1889 278//1889
f 1417//1890 278//1890 281//1890
f 1418//1891 281//1891 285//1891
f 1418//1892 1417//1892 281//1892
f 1419//1893 285//1893 287//1893
f 1419//1894 287//1894 291//1894
f 1419//1895 1418//1895 285//1895
f 1420//1896 291//1896 294//1896
f 1420//1897 1419//1897 291//1897
f 1421//1898 1420//1898 294//1898
f 1422//1899 1421//1899 294//1899
f 1422//1900 294//1900 296//1900
f 1422//1901 296//1901 389//1901
f 1423//1902 1422//1902 389//1902
f 1424//1903 1423//1903 389//1903
f 1424//1904 389//1904 390//1904
f 1424//1905 390//1905 391//1905
f 1425//1906 1424//1906 391//1906
f 1426//1907 1425//1907 391//1907
f 1426//1908 391//1908 392//1908
f 1427//1909 1426//1909 392//1909
f 1427//1910 392//1910 393//1910
f 1428//1911 1427//1911 393//1911
f 1428//1912 393//1912 394//1912
f 1429//1913 1428//1913 394//1913
f 1429//1914 394//1914 395//1914
f 1430//1915 1429//1915 395//1915
f 1430//1916 395//1916 396//1916
f 1431//1917 1430//1917 396//1917
f 1431//1918 396//1918 397//1918
f 1432//1919 1431//1919 397//1919
f 1432//1920 397//1920 398//1920
f 1432//1921 398//1921 401//1921
f 1433//1922 1432//1922 401//1922
f 1434//1923 404//1923 406//1923
f 1434//1924 1433//1924 401//1924
f 1434//1925 401//1925 404//1925
f 1435//1926 1434//1926 406//1926
f 1436//1927 406//1927 408//1927
f 1436//1928 1435//1928 406//1928
f 1437//1929 408//1929 410//1929
f 1437//1930 410//1930 412//1930
f 1437//1931 1436//1931 408//1931
f 1438//1932 1437//1932 412//1932
f 1439//1933 412//1933 414//1933
f 1439//1934 414//1934 416//1934
f 1439//1935 1438//1935 412//1935
f 1440//1936 1439//1936 416//1936
f 1441//1937 416//1937 418//1937
f 1441//1938 1440//1938 416//1938
f 1442//1939 418//1939 420//1939
f 1442//1940 420//1940 422//1940
f 1442//1941 1441//1941 418//1941
f 1443//1942 1442//1942 422//1942
f 1444//1943 422//1943 423//1943
f 1444//1944 1443//1944 422//1944
f 1445//1945 423//1945 424//1945
f 1445//1946 1444//1946 423//1946
f 1446//1947 1445//1947 424//1947
f 1446//1948 424//1948 425//1948
f 1447//1949 1446//1949 425//1949
f 1447//1950 425//1950 426//1950
f 1448//1951 1447//1951 426//1951
f 1448//1952 426//1952 427//1952
f 1449//1953 1448//1953 427//1953
f 1449//1954 427//1954 428//1954
f 1450//1955 428//1955 429//1955
f 1450//1956 429//1956 430//1956
f 1450//1957 1449//1957 428//1957
f 1451//1958 1450//1958 430//1958
f 1452//1959 430//1959 431//1959
f 1452//1960 431//1960 432//1960
f 1452//1961 1451//1961 430//1961
f 1453//1962 1452//1962 432//1962
f 1454//1963 432//1963 433//1963
f 1454//1964 433//1964 366//1964
f 1454//1965 1453//1965 432//1965
f 1455//1966 1454//1966 366//1966
f 1456//1967 366//1967 365//1967
f 1456//1968 365//1968 368//1968
f 1456//1969 1455//1969 366//1969
f 1457//1970 1456//1970 368//1970
f 1458//1971 368//1971 370//1971
f 1458//1972 370//1972 372//1972
f 1458//1973 1457//1973 368//1973
f 1459//1974 372//1974 374//1974
f 1459//1975 1458//1975 372//1975
f 1460//1976 1459//1976 374//1976
f 1461//1977 374//1977 376//1977
f 1461//1978 1460//1978 374//1978
f 1462//1979 376//1979 378//1979
f 1462//1980 378//1980 346//1980
f 1462//1981 1461//1981 376//1981
f 1235//1982 1462//1982 346//1982
f 341//1983 1463//1983 434//1983
f 434//1984 1463//1984 1464//1984
f 1465//1985 455//1985 434//1985
f 1465//1986 434//1986 1464//1986
f 456//1987 1466//1987 341//1987
f 341//1988 1466//1988 1463//1988
f 1467//1989 461//1989 455//1989
f 1467//1990 455//1990 1465//1990
f 1466//1991 456//1991 462//1991
f 1466//1992 462//1992 1468//1992
f 461//1993 1468//1993 462//1993
f 461//1994 1467//1994 1468//1994
f 1469//1995 863//1995 991//1995
f 1469//1996 1470//1996 863//1996
f 1471//1997 630//1997 1472//1997
f 997//1998 630//1998 1471//1998
f 630//1999 863//1999 1470//1999
f 630//2000 1470//2000 1472//2000
f 991//2001 997//2001 1471//2001
f 991//2002 1471//2002 1469//2002
f 927//2003 988//2003 989//2003
f 929//2004 988//2004 927//2004
f 929//2005 1473//2005 1474//2005
f 988//2006 929//2006 1474//2006
f 688//2007 629//2007 986//2007
f 987//2008 688//2008 986//2008
f 609//2009 1475//2009 985//2009
f 1476//2010 1475//2010 609//2010
f 509//2011 1477//2011 1478//2011
f 509//2012 998//2012 1477//2012
f 609//2013 509//2013 1476//2013
f 1476//2014 509//2014 1478//2014
f 998//2015 985//2015 1477//2015
f 1477//2016 985//2016 1475//2016
f 677//2017 632//2017 1479//2017
f 677//2018 1479//2018 1480//2018
f 675//2019 1480//2019 1481//2019
f 675//2020 677//2020 1480//2020
f 673//2021 1481//2021 1482//2021
f 673//2022 675//2022 1481//2022
f 671//2023 1482//2023 1483//2023
f 671//2024 673//2024 1482//2024
f 669//2025 1483//2025 1484//2025
f 669//2026 671//2026 1483//2026
f 667//2027 1484//2027 1485//2027
f 667//2028 669//2028 1484//2028
f 665//2029 1485//2029 1486//2029
f 665//2030 667//2030 1485//2030
f 663//2031 1486//2031 1487//2031
f 663//2032 665//2032 1486//2032
f 661//2033 1487//2033 1488//2033
f 661//2034 663//2034 1487//2034
f 659//2035 661//2035 1488//2035
f 659//2036 1488//2036 1489//2036
f 657//2037 659//2037 1489//2037
f 657//2038 1489//2038 1490//2038
f 655//2039 657//2039 1490//2039
f 655//2040 1490//2040 1491//2040
f 653//2041 655//2041 1491//2041
f 653//2042 1491//2042 1492//2042
f 651//2043 653//2043 1492//2043
f 651//2044 1492//2044 1493//2044
f 649//2045 651//2045 1493//2045
f 649//2046 1493//2046 1494//2046
f 647//2047 649//2047 1494//2047
f 647//2048 1494//2048 1495//2048
f 645//2049 647//2049 1495//2049
f 645//2050 1495//2050 1496//2050
f 643//2051 645//2051 1496//2051
f 643//2052 1496//2052 1497//2052
f 642//2053 1497//2053 1498//2053
f 642//2054 643//2054 1497//2054
f 881//2055 1498//2055 1499//2055
f 881//2056 642//2056 1498//2056
f 880//2057 1499//2057 1500//2057
f 880//2058 881//2058 1499//2058
f 879//2059 1500//2059 1501//2059
f 879//2060 880//2060 1500//2060
f 878//2061 1501//2061 1502//2061
f 878//2062 879//2062 1501//2062
f 877//2063 1502//2063 1503//2063
f 877//2064 878//2064 1502//2064
f 876//2065 1503//2065 1504//2065
f 876//2066 877//2066 1503//2066
f 875//2067 1504//2067 1505//2067
f 875//2068 876//2068 1504//2068
f 874//2069 1505//2069 1506//2069
f 874//2070 875//2070 1505//2070
f 873//2071 1506//2071 1507//2071
f 873//2072 874//2072 1506//2072
f 872//2073 1507//2073 1508//2073
f 872//2074 873//2074 1507//2074
f 871//2075 1508//2075 1509//2075
f 871//2076 872//2076 1508//2076
f 870//2077 1509//2077 1510//2077
f 870//2078 871//2078 1509//2078
f 869//2079 1510//2079 1511//2079
f 869//2080 870//2080 1510//2080
f 868//2081 1511//2081 1512//2081
f 868//2082 869//2082 1511//2082
f 867//2083 1512//2083 1513//2083
f 867//2084 868//2084 1512//2084
f 866//2085 867//2085 1513//2085
f 866//2086 1513//2086 1514//2086
f 865//2087 866//2087 1514//2087
f 865//2088 1514//2088 1515//2088
f 864//2089 865//2089 1515//2089
f 864//2090 1515//2090 1516//2090
f 823//2091 864//2091 1516//2091
f 823//2092 1516//2092 1517//2092
f 818//2093 1517//2093 1518//2093
f 818//2094 823//2094 1517//2094
f 817//2095 818//2095 1518//2095
f 817//2096 1518//2096 1519//2096
f 814//2097 1519//2097 1520//2097
f 814//2098 817//2098 1519//2098
f 811//2099 814//2099 1520//2099
f 811//2100 1520//2100 1521//2100
f 806//2101 1521//2101 1522//2101
f 806//2102 811//2102 1521//2102
f 803//2103 1522//2103 1523//2103
f 803//2104 806//2104 1522//2104
f 802//2105 1523//2105 1524//2105
f 802//2106 803//2106 1523//2106
f 799//2107 1524//2107 1525//2107
f 799//2108 802//2108 1524//2108
f 796//2109 1525//2109 1526//2109
f 796//2110 799//2110 1525//2110
f 793//2111 1526//2111 1527//2111
f 793//2112 796//2112 1526//2112
f 788//2113 1527//2113 1528//2113
f 788//2114 793//2114 1527//2114
f 785//2115 1529//2115 1530//2115
f 785//2116 1528//2116 1529//2116
f 785//2117 788//2117 1528//2117
f 784//2118 785//2118 1530//2118
f 781//2119 1530//2119 1531//2119
f 781//2120 784//2120 1530//2120
f 776//2121 1531//2121 1532//2121
f 776//2122 781//2122 1531//2122
f 775//2123 1532//2123 1533//2123
f 775//2124 776//2124 1532//2124
f 770//2125 1533//2125 1534//2125
f 770//2126 775//2126 1533//2126
f 769//2127 1534//2127 1535//2127
f 769//2128 770//2128 1534//2128
f 769//2129 1535//2129 1536//2129
f 766//2130 769//2130 1536//2130
f 763//2131 766//2131 1536//2131
f 763//2132 1536//2132 1537//2132
f 758//2133 1537//2133 1538//2133
f 758//2134 763//2134 1537//2134
f 757//2135 758//2135 1538//2135
f 757//2136 1538//2136 1539//2136
f 752//2137 757//2137 1539//2137
f 752//2138 1539//2138 1540//2138
f 749//2139 752//2139 1540//2139
f 749//2140 1540//2140 1541//2140
f 748//2141 749//2141 1541//2141
f 748//2142 1541//2142 1542//2142
f 743//2143 748//2143 1542//2143
f 743//2144 1542//2144 1543//2144
f 742//2145 743//2145 1543//2145
f 742//2146 1543//2146 1544//2146
f 737//2147 742//2147 1544//2147
f 737//2148 1545//2148 1546//2148
f 737//2149 1544//2149 1545//2149
f 736//2150 737//2150 1546//2150
f 736//2151 1546//2151 1547//2151
f 733//2152 736//2152 1547//2152
f 730//2153 733//2153 1547//2153
f 730//2154 1547//2154 1548//2154
f 727//2155 730//2155 1548//2155
f 727//2156 1548//2156 1549//2156
f 724//2157 727//2157 1549//2157
f 724//2158 1549//2158 1550//2158
f 721//2159 724//2159 1550//2159
f 721//2160 1550//2160 1551//2160
f 718//2161 721//2161 1551//2161
f 718//2162 1551//2162 1552//2162
f 715//2163 718//2163 1552//2163
f 715//2164 1552//2164 1553//2164
f 712//2165 715//2165 1553//2165
f 712//2166 1553//2166 1554//2166
f 709//2167 712//2167 1554//2167
f 709//2168 1555//2168 1556//2168
f 709//2169 1554//2169 1555//2169
f 627//2170 709//2170 1556//2170
f 627//2171 1556//2171 1557//2171
f 626//2172 627//2172 1557//2172
f 625//2173 626//2173 1557//2173
f 625//2174 1558//2174 1559//2174
f 625//2175 1557//2175 1558//2175
f 624//2176 1559//2176 1560//2176
f 624//2177 625//2177 1559//2177
f 623//2178 624//2178 1560//2178
f 622//2179 1560//2179 1561//2179
f 622//2180 623//2180 1560//2180
f 621//2181 1562//2181 1563//2181
f 621//2182 1561//2182 1562//2182
f 621//2183 622//2183 1561//2183
f 620//2184 1563//2184 1564//2184
f 620//2185 621//2185 1563//2185
f 619//2186 620//2186 1564//2186
f 618//2187 619//2187 1564//2187
f 618//2188 1564//2188 1565//2188
f 617//2189 618//2189 1565//2189
f 617//2190 1565//2190 1566//2190
f 616//2191 617//2191 1566//2191
f 616//2192 1566//2192 1567//2192
f 615//2193 616//2193 1567//2193
f 615//2194 1568//2194 1569//2194
f 615//2195 1567//2195 1568//2195
f 614//2196 615//2196 1569//2196
f 614//2197 1569//2197 1570//2197
f 613//2198 614//2198 1570//2198
f 612//2199 613//2199 1570//2199
f 612//2200 1571//2200 1572//2200
f 612//2201 1570//2201 1571//2201
f 611//2202 612//2202 1572//2202
f 611//2203 1572//2203 1573//2203
f 610//2204 611//2204 1573//2204
f 606//2205 610//2205 1573//2205
f 606//2206 1573//2206 1574//2206
f 604//2207 606//2207 1574//2207
f 604//2208 1575//2208 1576//2208
f 604//2209 1574//2209 1575//2209
f 602//2210 604//2210 1576//2210
f 600//2211 602//2211 1576//2211
f 600//2212 1576//2212 1577//2212
f 598//2213 600//2213 1577//2213
f 598//2214 1578//2214 1579//2214
f 598//2215 1577//2215 1578//2215
f 596//2216 598//2216 1579//2216
f 594//2217 1580//2217 1581//2217
f 594//2218 1579//2218 1580//2218
f 594//2219 596//2219 1579//2219
f 592//2220 1581//2220 1582//2220
f 592//2221 594//2221 1581//2221
f 579//2222 592//2222 1582//2222
f 578//2223 1582//2223 1583//2223
f 578//2224 579//2224 1582//2224
f 577//2225 1584//2225 1585//2225
f 577//2226 1583//2226 1584//2226
f 577//2227 578//2227 1583//2227
f 576//2228 1585//2228 1586//2228
f 576//2229 577//2229 1585//2229
f 575//2230 576//2230 1586//2230
f 574//2231 1586//2231 1587//2231
f 574//2232 575//2232 1586//2232
f 573//2233 1588//2233 1589//2233
f 573//2234 1587//2234 1588//2234
f 573//2235 574//2235 1587//2235
f 572//2236 1589//2236 1590//2236
f 572//2237 573//2237 1589//2237
f 571//2238 572//2238 1590//2238
f 570//2239 571//2239 1590//2239
f 570//2240 1590//2240 1591//2240
f 569//2241 570//2241 1591//2241
f 569//2242 1592//2242 1593//2242
f 569//2243 1591//2243 1592//2243
f 568//2244 569//2244 1593//2244
f 566//2245 568//2245 1593//2245
f 566//2246 1594//2246 1595//2246
f 566//2247 1593//2247 1594//2247
f 564//2248 566//2248 1595//2248
f 562//2249 564//2249 1595//2249
f 562//2250 1596//2250 1597//2250
f 562//2251 1595//2251 1596//2251
f 560//2252 562//2252 1597//2252
f 558//2253 560//2253 1597//2253
f 558//2254 1598//2254 1599//2254
f 558//2255 1597//2255 1598//2255
f 556//2256 558//2256 1599//2256
f 554//2257 1600//2257 1601//2257
f 554//2258 1599//2258 1600//2258
f 554//2259 556//2259 1599//2259
f 552//2260 554//2260 1601//2260
f 550//2261 1601//2261 1602//2261
f 550//2262 552//2262 1601//2262
f 548//2263 1602//2263 1603//2263
f 548//2264 550//2264 1602//2264
f 546//2265 1603//2265 1604//2265
f 546//2266 548//2266 1603//2266
f 544//2267 1605//2267 1606//2267
f 544//2268 1604//2268 1605//2268
f 544//2269 546//2269 1604//2269
f 542//2270 1606//2270 1607//2270
f 542//2271 544//2271 1606//2271
f 540//2272 542//2272 1607//2272
f 538//2273 1607//2273 1608//2273
f 538//2274 540//2274 1607//2274
f 536//2275 1609//2275 1610//2275
f 536//2276 1608//2276 1609//2276
f 536//2277 538//2277 1608//2277
f 534//2278 536//2278 1610//2278
f 532//2279 1610//2279 1611//2279
f 532//2280 534//2280 1610//2280
f 530//2281 1611//2281 1612//2281
f 530//2282 532//2282 1611//2282
f 528//2283 1612//2283 1613//2283
f 528//2284 530//2284 1612//2284
f 526//2285 1613//2285 1614//2285
f 526//2286 528//2286 1613//2286
f 524//2287 526//2287 1614//2287
f 524//2288 1615//2288 1616//2288
f 524//2289 1614//2289 1615//2289
f 522//2290 524//2290 1616//2290
f 520//2291 522//2291 1616//2291
f 520//2292 1616//2292 1617//2292
f 518//2293 520//2293 1617//2293
f 518//2294 1617//2294 1618//2294
f 516//2295 1618//2295 1619//2295
f 516//2296 518//2296 1618//2296
f 514//2297 1619//2297 1620//2297
f 514//2298 516//2298 1619//2298
f 512//2299 514//2299 1620//2299
f 512//2300 1620//2300 1621//2300
f 510//2301 1622//2301 1623//2301
f 510//2302 1621//2302 1622//2302
f 510//2303 512//2303 1621//2303
f 511//2304 510//2304 1623//2304
f 513//2305 1623//2305 1624//2305
f 513//2306 511//2306 1623//2306
f 515//2307 1624//2307 1625//2307
f 515//2308 513//2308 1624//2308
f 517//2309 1625//2309 1626//2309
f 517//2310 515//2310 1625//2310
f 519//2311 1626//2311 1627//2311
f 519//2312 517//2312 1626//2312
f 521//2313 1627//2313 1628//2313
f 521//2314 519//2314 1627//2314
f 523//2315 1629//2315 1630//2315
f 523//2316 1628//2316 1629//2316
f 523//2317 521//2317 1628//2317
f 525//2318 523//2318 1630//2318
f 527//2319 1631//2319 1632//2319
f 527//2320 1630//2320 1631//2320
f 527//2321 525//2321 1630//2321
f 529//2322 1632//2322 1633//2322
f 529//2323 527//2323 1632//2323
f 531//2324 529//2324 1633//2324
f 533//2325 1633//2325 1634//2325
f 533//2326 531//2326 1633//2326
f 535//2327 1635//2327 1636//2327
f 535//2328 1634//2328 1635//2328
f 535//2329 533//2329 1634//2329
f 537//2330 535//2330 1636//2330
f 539//2331 537//2331 1636//2331
f 539//2332 1636//2332 1637//2332
f 541//2333 539//2333 1637//2333
f 541//2334 1637//2334 1638//2334
f 543//2335 1638//2335 1639//2335
f 543//2336 541//2336 1638//2336
f 545//2337 543//2337 1639//2337
f 545//2338 1640//2338 1641//2338
f 545//2339 1639//2339 1640//2339
f 547//2340 545//2340 1641//2340
f 549//2341 547//2341 1641//2341
f 549//2342 1641//2342 1642//2342
f 551//2343 549//2343 1642//2343
f 551//2344 1642//2344 1643//2344
f 553//2345 551//2345 1643//2345
f 553//2346 1643//2346 1644//2346
f 555//2347 553//2347 1644//2347
f 555//2348 1644//2348 1645//2348
f 557//2349 555//2349 1645//2349
f 557//2350 1645//2350 1646//2350
f 559//2351 557//2351 1646//2351
f 559//2352 1647//2352 1648//2352
f 559//2353 1646//2353 1647//2353
f 561//2354 559//2354 1648//2354
f 561//2355 1648//2355 1649//2355
f 563//2356 561//2356 1649//2356
f 565//2357 563//2357 1649//2357
f 565//2358 1650//2358 1651//2358
f 565//2359 1649//2359 1650//2359
f 567//2360 565//2360 1651//2360
f 590//2361 567//2361 1651//2361
f 590//2362 1652//2362 1653//2362
f 590//2363 1651//2363 1652//2363
f 589//2364 590//2364 1653//2364
f 588//2365 589//2365 1653//2365
f 588//2366 1653//2366 1654//2366
f 587//2367 588//2367 1654//2367
f 587//2368 1654//2368 1655//2368
f 586//2369 587//2369 1655//2369
f 586//2370 1655//2370 1656//2370
f 585//2371 586//2371 1656//2371
f 585//2372 1656//2372 1657//2372
f 584//2373 585//2373 1657//2373
f 584//2374 1658//2374 1659//2374
f 584//2375 1657//2375 1658//2375
f 583//2376 584//2376 1659//2376
f 582//2377 1659//2377 1660//2377
f 582//2378 583//2378 1659//2378
f 581//2379 1661//2379 1662//2379
f 581//2380 1660//2380 1661//2380
f 581//2381 582//2381 1660//2381
f 580//2382 581//2382 1662//2382
f 591//2383 1663//2383 1664//2383
f 591//2384 1662//2384 1663//2384
f 591//2385 580//2385 1662//2385
f 593//2386 1664//2386 1665//2386
f 593//2387 591//2387 1664//2387
f 595//2388 593//2388 1665//2388
f 595//2389 1665//2389 1666//2389
f 597//2390 595//2390 1666//2390
f 599//2391 597//2391 1666//2391
f 599//2392 1667//2392 1668//2392
f 599//2393 1666//2393 1667//2393
f 601//2394 599//2394 1668//2394
f 603//2395 601//2395 1668//2395
f 603//2396 1668//2396 1669//2396
f 605//2397 603//2397 1669//2397
f 605//2398 1670//2398 1671//2398
f 605//2399 1669//2399 1670//2399
f 607//2400 605//2400 1671//2400
f 608//2401 607//2401 1671//2401
f 608//2402 1671//2402 1672//2402
f 686//2403 608//2403 1672//2403
f 686//2404 1672//2404 1673//2404
f 685//2405 686//2405 1673//2405
f 685//2406 1673//2406 1674//2406
f 684//2407 685//2407 1674//2407
f 684//2408 1674//2408 1675//2408
f 683//2409 684//2409 1675//2409
f 683//2410 1675//2410 1676//2410
f 682//2411 683//2411 1676//2411
f 682//2412 1677//2412 1678//2412
f 682//2413 1676//2413 1677//2413
f 681//2414 682//2414 1678//2414
f 681//2415 1678//2415 1679//2415
f 680//2416 681//2416 1679//2416
f 679//2417 680//2417 1679//2417
f 679//2418 1679//2418 1680//2418
f 678//2419 679//2419 1680//2419
f 678//2420 1680//2420 1681//2420
f 676//2421 1681//2421 1682//2421
f 676//2422 678//2422 1681//2422
f 674//2423 1683//2423 1684//2423
f 674//2424 1682//2424 1683//2424
f 674//2425 676//2425 1682//2425
f 672//2426 1684//2426 1685//2426
f 672//2427 674//2427 1684//2427
f 670//2428 672//2428 1685//2428
f 668//2429 1685//2429 1686//2429
f 668//2430 670//2430 1685//2430
f 666//2431 1686//2431 1687//2431
f 666//2432 668//2432 1686//2432
f 664//2433 1687//2433 1688//2433
f 664//2434 666//2434 1687//2434
f 662//2435 1688//2435 1689//2435
f 662//2436 664//2436 1688//2436
f 660//2437 1689//2437 1690//2437
f 660//2438 662//2438 1689//2438
f 658//2439 1690//2439 1691//2439
f 658//2440 660//2440 1690//2440
f 656//2441 658//2441 1691//2441
f 656//2442 1691//2442 1692//2442
f 654//2443 656//2443 1692//2443
f 654//2444 1692//2444 1693//2444
f 652//2445 654//2445 1693//2445
f 652//2446 1694//2446 1695//2446
f 652//2447 1693//2447 1694//2447
f 650//2448 652//2448 1695//2448
f 648//2449 650//2449 1695//2449
f 648//2450 1696//2450 1697//2450
f 648//2451 1695//2451 1696//2451
f 646//2452 648//2452 1697//2452
f 644//2453 646//2453 1697//2453
f 644//2454 1698//2454 1699//2454
f 644//2455 1697//2455 1698//2455
f 641//2456 644//2456 1699//2456
f 641//2457 1699//2457 1700//2457
f 640//2458 641//2458 1700//2458
f 639//2459 1700//2459 1701//2459
f 639//2460 640//2460 1700//2460
f 638//2461 1701//2461 1702//2461
f 638//2462 639//2462 1701//2462
f 637//2463 1702//2463 1703//2463
f 637//2464 638//2464 1702//2464
f 636//2465 1703//2465 1704//2465
f 636//2466 637//2466 1703//2466
f 635//2467 1705//2467 1706//2467
f 635//2468 1704//2468 1705//2468
f 635//2469 636//2469 1704//2469
f 634//2470 635//2470 1706//2470
f 633//2471 1706//2471 1707//2471
f 633//2472 634//2472 1706//2472
f 632//2473 1707//2473 1479//2473
f 632//2474 633//2474 1707//2474
f 915//2475 882//2475 1708//2475
f 915//2476 1708//2476 1709//2476
f 913//2477 1709//2477 1710//2477
f 913//2478 915//2478 1709//2478
f 911//2479 1710//2479 1711//2479
f 911//2480 913//2480 1710//2480
f 909//2481 1711//2481 1712//2481
f 909//2482 911//2482 1711//2482
f 907//2483 1712//2483 1713//2483
f 907//2484 909//2484 1712//2484
f 905//2485 1713//2485 1714//2485
f 905//2486 907//2486 1713//2486
f 904//2487 1714//2487 1715//2487
f 904//2488 905//2488 1714//2488
f 978//2489 1715//2489 1716//2489
f 978//2490 904//2490 1715//2490
f 977//2491 1716//2491 1717//2491
f 977//2492 978//2492 1716//2492
f 976//2493 977//2493 1717//2493
f 976//2494 1717//2494 1718//2494
f 975//2495 976//2495 1718//2495
f 975//2496 1718//2496 1719//2496
f 974//2497 975//2497 1719//2497
f 974//2498 1719//2498 1720//2498
f 973//2499 974//2499 1720//2499
f 973//2500 1720//2500 1721//2500
f 972//2501 973//2501 1721//2501
f 972//2502 1721//2502 1722//2502
f 971//2503 972//2503 1722//2503
f 971//2504 1722//2504 1723//2504
f 970//2505 971//2505 1723//2505
f 970//2506 1723//2506 1724//2506
f 969//2507 970//2507 1724//2507
f 969//2508 1724//2508 1725//2508
f 968//2509 969//2509 1725//2509
f 968//2510 1725//2510 1726//2510
f 967//2511 1726//2511 1727//2511
f 967//2512 968//2512 1726//2512
f 966//2513 1727//2513 1728//2513
f 966//2514 967//2514 1727//2514
f 965//2515 1728//2515 1729//2515
f 965//2516 966//2516 1728//2516
f 964//2517 1729//2517 1730//2517
f 964//2518 965//2518 1729//2518
f 963//2519 1730//2519 1731//2519
f 963//2520 964//2520 1730//2520
f 962//2521 1731//2521 1732//2521
f 962//2522 963//2522 1731//2522
f 961//2523 1732//2523 1733//2523
f 961//2524 962//2524 1732//2524
f 960//2525 1733//2525 1734//2525
f 960//2526 961//2526 1733//2526
f 959//2527 1734//2527 1735//2527
f 959//2528 960//2528 1734//2528
f 958//2529 1735//2529 1736//2529
f 958//2530 959//2530 1735//2530
f 957//2531 1736//2531 1737//2531
f 957//2532 958//2532 1736//2532
f 956//2533 1737//2533 1738//2533
f 956//2534 957//2534 1737//2534
f 955//2535 1738//2535 1739//2535
f 955//2536 956//2536 1738//2536
f 954//2537 1739//2537 1740//2537
f 954//2538 955//2538 1739//2538
f 953//2539 1740//2539 1741//2539
f 953//2540 954//2540 1740//2540
f 952//2541 1741//2541 1742//2541
f 952//2542 953//2542 1741//2542
f 951//2543 952//2543 1742//2543
f 951//2544 1742//2544 1743//2544
f 950//2545 951//2545 1743//2545
f 950//2546 1743//2546 1744//2546
f 949//2547 950//2547 1744//2547
f 949//2548 1744//2548 1745//2548
f 948//2549 949//2549 1745//2549
f 948//2550 1745//2550 1746//2550
f 947//2551 1746//2551 1747//2551
f 947//2552 948//2552 1746//2552
f 946//2553 947//2553 1747//2553
f 946//2554 1747//2554 1748//2554
f 945//2555 1748//2555 1749//2555
f 945//2556 946//2556 1748//2556
f 944//2557 945//2557 1749//2557
f 944//2558 1749//2558 1750//2558
f 943//2559 1750//2559 1751//2559
f 943//2560 944//2560 1750//2560
f 942//2561 1751//2561 1752//2561
f 942//2562 943//2562 1751//2562
f 941//2563 1752//2563 1753//2563
f 941//2564 942//2564 1752//2564
f 940//2565 1753//2565 1754//2565
f 940//2566 941//2566 1753//2566
f 939//2567 1754//2567 1755//2567
f 939//2568 940//2568 1754//2568
f 938//2569 1755//2569 1756//2569
f 938//2570 939//2570 1755//2570
f 937//2571 1756//2571 1757//2571
f 937//2572 938//2572 1756//2572
f 936//2573 1758//2573 1759//2573
f 936//2574 1757//2574 1758//2574
f 936//2575 937//2575 1757//2575
f 935//2576 936//2576 1759//2576
f 934//2577 1759//2577 1760//2577
f 934//2578 935//2578 1759//2578
f 933//2579 1760//2579 1761//2579
f 933//2580 934//2580 1760//2580
f 932//2581 1761//2581 1762//2581
f 932//2582 933//2582 1761//2582
f 931//2583 1762//2583 1763//2583
f 931//2584 932//2584 1762//2584
f 930//2585 1763//2585 1764//2585
f 930//2586 931//2586 1763//2586
f 930//2587 1764//2587 1765//2587
f 862//2588 930//2588 1765//2588
f 861//2589 862//2589 1765//2589
f 861//2590 1765//2590 1766//2590
f 860//2591 1766//2591 1767//2591
f 860//2592 861//2592 1766//2592
f 859//2593 860//2593 1767//2593
f 859//2594 1767//2594 1768//2594
f 858//2595 859//2595 1768//2595
f 858//2596 1768//2596 1769//2596
f 857//2597 858//2597 1769//2597
f 857//2598 1769//2598 1770//2598
f 856//2599 857//2599 1770//2599
f 856//2600 1770//2600 1771//2600
f 855//2601 856//2601 1771//2601
f 855//2602 1771//2602 1772//2602
f 854//2603 855//2603 1772//2603
f 854//2604 1772//2604 1773//2604
f 853//2605 854//2605 1773//2605
f 853//2606 1774//2606 1775//2606
f 853//2607 1773//2607 1774//2607
f 852//2608 853//2608 1775//2608
f 852//2609 1775//2609 1776//2609
f 851//2610 852//2610 1776//2610
f 850//2611 851//2611 1776//2611
f 850//2612 1776//2612 1777//2612
f 849//2613 850//2613 1777//2613
f 849//2614 1777//2614 1778//2614
f 848//2615 849//2615 1778//2615
f 848//2616 1778//2616 1779//2616
f 847//2617 848//2617 1779//2617
f 847//2618 1779//2618 1780//2618
f 846//2619 847//2619 1780//2619
f 846//2620 1780//2620 1781//2620
f 845//2621 846//2621 1781//2621
f 845//2622 1781//2622 1782//2622
f 844//2623 845//2623 1782//2623
f 844//2624 1782//2624 1783//2624
f 843//2625 844//2625 1783//2625
f 843//2626 1784//2626 1785//2626
f 843//2627 1783//2627 1784//2627
f 842//2628 843//2628 1785//2628
f 842//2629 1785//2629 1786//2629
f 841//2630 842//2630 1786//2630
f 840//2631 841//2631 1786//2631
f 840//2632 1787//2632 1788//2632
f 840//2633 1786//2633 1787//2633
f 839//2634 1788//2634 1789//2634
f 839//2635 840//2635 1788//2635
f 838//2636 839//2636 1789//2636
f 837//2637 1789//2637 1790//2637
f 837//2638 838//2638 1789//2638
f 836//2639 1791//2639 1792//2639
f 836//2640 1790//2640 1791//2640
f 836//2641 837//2641 1790//2641
f 835//2642 1792//2642 1793//2642
f 835//2643 836//2643 1792//2643
f 834//2644 835//2644 1793//2644
f 833//2645 834//2645 1793//2645
f 833//2646 1793//2646 1794//2646
f 832//2647 833//2647 1794//2647
f 832//2648 1794//2648 1795//2648
f 831//2649 832//2649 1795//2649
f 831//2650 1795//2650 1796//2650
f 830//2651 831//2651 1796//2651
f 830//2652 1797//2652 1798//2652
f 830//2653 1796//2653 1797//2653
f 829//2654 830//2654 1798//2654
f 829//2655 1798//2655 1799//2655
f 828//2656 829//2656 1799//2656
f 827//2657 828//2657 1799//2657
f 827//2658 1800//2658 1801//2658
f 827//2659 1799//2659 1800//2659
f 826//2660 827//2660 1801//2660
f 826//2661 1801//2661 1802//2661
f 825//2662 826//2662 1802//2662
f 824//2663 825//2663 1802//2663
f 824//2664 1802//2664 1803//2664
f 821//2665 824//2665 1803//2665
f 821//2666 1804//2666 1805//2666
f 821//2667 1803//2667 1804//2667
f 819//2668 821//2668 1805//2668
f 815//2669 819//2669 1805//2669
f 815//2670 1805//2670 1806//2670
f 812//2671 815//2671 1806//2671
f 812//2672 1807//2672 1808//2672
f 812//2673 1806//2673 1807//2673
f 809//2674 812//2674 1808//2674
f 807//2675 1809//2675 1810//2675
f 807//2676 1808//2676 1809//2676
f 807//2677 809//2677 1808//2677
f 804//2678 1810//2678 1811//2678
f 804//2679 807//2679 1810//2679
f 800//2680 804//2680 1811//2680
f 797//2681 1811//2681 1812//2681
f 797//2682 800//2682 1811//2682
f 794//2683 1813//2683 1814//2683
f 794//2684 1812//2684 1813//2684
f 794//2685 797//2685 1812//2685
f 791//2686 1814//2686 1815//2686
f 791//2687 794//2687 1814//2687
f 789//2688 791//2688 1815//2688
f 786//2689 1815//2689 1816//2689
f 786//2690 789//2690 1815//2690
f 782//2691 1817//2691 1818//2691
f 782//2692 1816//2692 1817//2692
f 782//2693 786//2693 1816//2693
f 779//2694 1818//2694 1819//2694
f 779//2695 782//2695 1818//2695
f 777//2696 779//2696 1819//2696
f 773//2697 777//2697 1819//2697
f 773//2698 1819//2698 1820//2698
f 771//2699 773//2699 1820//2699
f 771//2700 1821//2700 1822//2700
f 771//2701 1820//2701 1821//2701
f 767//2702 771//2702 1822//2702
f 764//2703 767//2703 1822//2703
f 764//2704 1823//2704 1824//2704
f 764//2705 1822//2705 1823//2705
f 761//2706 764//2706 1824//2706
f 759//2707 761//2707 1824//2707
f 759//2708 1825//2708 1826//2708
f 759//2709 1824//2709 1825//2709
f 755//2710 759//2710 1826//2710
f 753//2711 755//2711 1826//2711
f 753//2712 1827//2712 1828//2712
f 753//2713 1826//2713 1827//2713
f 750//2714 753//2714 1828//2714
f 746//2715 1829//2715 1830//2715
f 746//2716 1828//2716 1829//2716
f 746//2717 750//2717 1828//2717
f 744//2718 746//2718 1830//2718
f 740//2719 1830//2719 1831//2719
f 740//2720 744//2720 1830//2720
f 738//2721 1831//2721 1832//2721
f 738//2722 740//2722 1831//2722
f 734//2723 1832//2723 1833//2723
f 734//2724 738//2724 1832//2724
f 731//2725 1834//2725 1835//2725
f 731//2726 1833//2726 1834//2726
f 731//2727 734//2727 1833//2727
f 728//2728 1835//2728 1836//2728
f 728//2729 731//2729 1835//2729
f 725//2730 728//2730 1836//2730
f 722//2731 1836//2731 1837//2731
f 722//2732 725//2732 1836//2732
f 719//2733 1838//2733 1839//2733
f 719//2734 1837//2734 1838//2734
f 719//2735 722//2735 1837//2735
f 716//2736 719//2736 1839//2736
f 713//2737 1839//2737 1840//2737
f 713//2738 716//2738 1839//2738
f 710//2739 1840//2739 1841//2739
f 710//2740 713//2740 1840//2740
f 707//2741 1841//2741 1842//2741
f 707//2742 710//2742 1841//2742
f 705//2743 1842//2743 1843//2743
f 705//2744 707//2744 1842//2744
f 703//2745 705//2745 1843//2745
f 703//2746 1844//2746 1845//2746
f 703//2747 1843//2747 1844//2747
f 701//2748 703//2748 1845//2748
f 699//2749 701//2749 1845//2749
f 699//2750 1845//2750 1846//2750
f 697//2751 699//2751 1846//2751
f 697//2752 1846//2752 1847//2752
f 695//2753 1847//2753 1848//2753
f 695//2754 697//2754 1847//2754
f 693//2755 1848//2755 1849//2755
f 693//2756 695//2756 1848//2756
f 691//2757 693//2757 1849//2757
f 691//2758 1849//2758 1850//2758
f 689//2759 1851//2759 1852//2759
f 689//2760 1850//2760 1851//2760
f 689//2761 691//2761 1850//2761
f 690//2762 689//2762 1852//2762
f 692//2763 1852//2763 1853//2763
f 692//2764 690//2764 1852//2764
f 694//2765 1853//2765 1854//2765
f 694//2766 692//2766 1853//2766
f 696//2767 1854//2767 1855//2767
f 696//2768 694//2768 1854//2768
f 698//2769 1855//2769 1856//2769
f 698//2770 696//2770 1855//2770
f 700//2771 1856//2771 1857//2771
f 700//2772 698//2772 1856//2772
f 702//2773 1858//2773 1859//2773
f 702//2774 1857//2774 1858//2774
f 702//2775 700//2775 1857//2775
f 704//2776 702//2776 1859//2776
f 706//2777 1860//2777 1861//2777
f 706//2778 1859//2778 1860//2778
f 706//2779 704//2779 1859//2779
f 708//2780 1861//2780 1862//2780
f 708//2781 706//2781 1861//2781
f 711//2782 708//2782 1862//2782
f 714//2783 1862//2783 1863//2783
f 714//2784 711//2784 1862//2784
f 717//2785 1864//2785 1865//2785
f 717//2786 1863//2786 1864//2786
f 717//2787 714//2787 1863//2787
f 720//2788 717//2788 1865//2788
f 723//2789 720//2789 1865//2789
f 723//2790 1865//2790 1866//2790
f 726//2791 723//2791 1866//2791
f 726//2792 1866//2792 1867//2792
f 729//2793 1867//2793 1868//2793
f 729//2794 726//2794 1867//2794
f 732//2795 729//2795 1868//2795
f 732//2796 1869//2796 1870//2796
f 732//2797 1868//2797 1869//2797
f 735//2798 732//2798 1870//2798
f 739//2799 735//2799 1870//2799
f 739//2800 1870//2800 1871//2800
f 741//2801 739//2801 1871//2801
f 741//2802 1871//2802 1872//2802
f 745//2803 741//2803 1872//2803
f 745//2804 1872//2804 1873//2804
f 747//2805 745//2805 1873//2805
f 747//2806 1873//2806 1874//2806
f 751//2807 747//2807 1874//2807
f 751//2808 1874//2808 1875//2808
f 754//2809 751//2809 1875//2809
f 754//2810 1876//2810 1877//2810
f 754//2811 1875//2811 1876//2811
f 756//2812 754//2812 1877//2812
f 756//2813 1877//2813 1878//2813
f 760//2814 756//2814 1878//2814
f 762//2815 760//2815 1878//2815
f 762//2816 1879//2816 1880//2816
f 762//2817 1878//2817 1879//2817
f 765//2818 762//2818 1880//2818
f 768//2819 765//2819 1880//2819
f 768//2820 1881//2820 1882//2820
f 768//2821 1880//2821 1881//2821
f 772//2822 768//2822 1882//2822
f 774//2823 772//2823 1882//2823
f 774//2824 1882//2824 1883//2824
f 778//2825 774//2825 1883//2825
f 778//2826 1883//2826 1884//2826
f 780//2827 778//2827 1884//2827
f 780//2828 1884//2828 1885//2828
f 783//2829 780//2829 1885//2829
f 783//2830 1885//2830 1886//2830
f 787//2831 783//2831 1886//2831
f 787//2832 1887//2832 1888//2832
f 787//2833 1886//2833 1887//2833
f 790//2834 787//2834 1888//2834
f 792//2835 1888//2835 1889//2835
f 792//2836 790//2836 1888//2836
f 795//2837 1890//2837 1891//2837
f 795//2838 1889//2838 1890//2838
f 795//2839 792//2839 1889//2839
f 798//2840 795//2840 1891//2840
f 801//2841 1892//2841 1893//2841
f 801//2842 1891//2842 1892//2842
f 801//2843 798//2843 1891//2843
f 805//2844 1893//2844 1894//2844
f 805//2845 801//2845 1893//2845
f 808//2846 805//2846 1894//2846
f 808//2847 1894//2847 1895//2847
f 810//2848 808//2848 1895//2848
f 813//2849 810//2849 1895//2849
f 813//2850 1896//2850 1897//2850
f 813//2851 1895//2851 1896//2851
f 816//2852 813//2852 1897//2852
f 820//2853 816//2853 1897//2853
f 820//2854 1897//2854 1898//2854
f 822//2855 820//2855 1898//2855
f 822//2856 1899//2856 1900//2856
f 822//2857 1898//2857 1899//2857
f 926//2858 822//2858 1900//2858
f 925//2859 926//2859 1900//2859
f 925//2860 1900//2860 1901//2860
f 924//2861 925//2861 1901//2861
f 924//2862 1901//2862 1902//2862
f 923//2863 924//2863 1902//2863
f 923//2864 1902//2864 1903//2864
f 922//2865 923//2865 1903//2865
f 922//2866 1903//2866 1904//2866
f 921//2867 922//2867 1904//2867
f 921//2868 1904//2868 1905//2868
f 920//2869 921//2869 1905//2869
f 920//2870 1906//2870 1907//2870
f 920//2871 1905//2871 1906//2871
f 919//2872 920//2872 1907//2872
f 919//2873 1907//2873 1908//2873
f 918//2874 919//2874 1908//2874
f 917//2875 918//2875 1908//2875
f 917//2876 1908//2876 1909//2876
f 916//2877 917//2877 1909//2877
f 916//2878 1909//2878 1910//2878
f 914//2879 1910//2879 1911//2879
f 914//2880 916//2880 1910//2880
f 912//2881 1912//2881 1913//2881
f 912//2882 1911//2882 1912//2882
f 912//2883 914//2883 1911//2883
f 910//2884 1913//2884 1914//2884
f 910//2885 912//2885 1913//2885
f 908//2886 910//2886 1914//2886
f 906//2887 1914//2887 1915//2887
f 906//2888 908//2888 1914//2888
f 903//2889 1915//2889 1916//2889
f 903//2890 906//2890 1915//2890
f 902//2891 1916//2891 1917//2891
f 902//2892 903//2892 1916//2892
f 901//2893 1917//2893 1918//2893
f 901//2894 902//2894 1917//2894
f 900//2895 1918//2895 1919//2895
f 900//2896 901//2896 1918//2896
f 899//2897 1919//2897 1920//2897
f 899//2898 900//2898 1919//2898
f 898//2899 899//2899 1920//2899
f 898//2900 1920//2900 1921//2900
f 897//2901 898//2901 1921//2901
f 897//2902 1921//2902 1922//2902
f 896//2903 897//2903 1922//2903
f 896//2904 1923//2904 1924//2904
f 896//2905 1922//2905 1923//2905
f 895//2906 896//2906 1924//2906
f 894//2907 895//2907 1924//2907
f 894//2908 1925//2908 1926//2908
f 894//2909 1924//2909 1925//2909
f 893//2910 894//2910 1926//2910
f 892//2911 893//2911 1926//2911
f 892//2912 1927//2912 1928//2912
f 892//2913 1926//2913 1927//2913
f 891//2914 892//2914 1928//2914
f 891//2915 1928//2915 1929//2915
f 890//2916 891//2916 1929//2916
f 889//2917 1929//2917 1930//2917
f 889//2918 890//2918 1929//2918
f 888//2919 1930//2919 1931//2919
f 888//2920 889//2920 1930//2920
f 887//2921 1931//2921 1932//2921
f 887//2922 888//2922 1931//2922
f 886//2923 1932//2923 1933//2923
f 886//2924 887//2924 1932//2924
f 885//2925 1934//2925 1935//2925
f 885//2926 1933//2926 1934//2926
f 885//2927 886//2927 1933//2927
f 884//2928 885//2928 1935//2928
f 883//2929 1935//2929 1936//2929
f 883//2930 884//2930 1935//2930
f 882//2931 1936//2931 1708//2931
f 882//2932 883//2932 1936//2932
f 998//2933 980//2933 979//2933
f 981//2934 998//2934 979//2934
f 983//2935 984//2935 985//2935
f 982//2936 985//2936 998//2936
f 982//2937 983//2937 985//2937
f 982//2938 998//2938 981//2938
f 997//2939 994//2939 995//2939
f 996//2940 997//2940 995//2940
f 991//2941 993//2941 994//2941
f 991//2942 994//2942 997//2942
f 992//2943 991//2943 990//2943
f 992//2944 993//2944 991//2944
f 1622//2945 1141//2945 1142//2945
f 1623//2946 1622//2946 1142//2946
f 1623//2947 1142//2947 1143//2947
f 1621//2948 1141//2948 1622//2948
f 1621//2949 1140//2949 1141//2949
f 1624//2950 1143//2950 1144//2950
f 1624//2951 1623//2951 1143//2951
f 1620//2952 1139//2952 1140//2952
f 1620//2953 1140//2953 1621//2953
f 1625//2954 1624//2954 1144//2954
f 1625//2955 1144//2955 1145//2955
f 1619//2956 1138//2956 1139//2956
f 1619//2957 1139//2957 1620//2957
f 1626//2958 1145//2958 1146//2958
f 1626//2959 1625//2959 1145//2959
f 1618//2960 1137//2960 1138//2960
f 1618//2961 1138//2961 1619//2961
f 1627//2962 1626//2962 1146//2962
f 1627//2963 1146//2963 1147//2963
f 1617//2964 1136//2964 1137//2964
f 1617//2965 1137//2965 1618//2965
f 1628//2966 1147//2966 1148//2966
f 1628//2967 1627//2967 1147//2967
f 1616//2968 1135//2968 1136//2968
f 1616//2969 1136//2969 1617//2969
f 1629//2970 1148//2970 1149//2970
f 1629//2971 1628//2971 1148//2971
f 1615//2972 1134//2972 1135//2972
f 1615//2973 1135//2973 1616//2973
f 1630//2974 1149//2974 1150//2974
f 1630//2975 1629//2975 1149//2975
f 1614//2976 1133//2976 1134//2976
f 1614//2977 1134//2977 1615//2977
f 1631//2978 1630//2978 1150//2978
f 1631//2979 1150//2979 1151//2979
f 1613//2980 1132//2980 1133//2980
f 1613//2981 1133//2981 1614//2981
f 1632//2982 1151//2982 1152//2982
f 1632//2983 1631//2983 1151//2983
f 1612//2984 1131//2984 1132//2984
f 1612//2985 1132//2985 1613//2985
f 1633//2986 1632//2986 1152//2986
f 1633//2987 1152//2987 1153//2987
f 1611//2988 1131//2988 1612//2988
f 1611//2989 1130//2989 1131//2989
f 1634//2990 1153//2990 1154//2990
f 1634//2991 1633//2991 1153//2991
f 1610//2992 1129//2992 1130//2992
f 1610//2993 1130//2993 1611//2993
f 1635//2994 1154//2994 1155//2994
f 1635//2995 1634//2995 1154//2995
f 1609//2996 1128//2996 1129//2996
f 1609//2997 1129//2997 1610//2997
f 1636//2998 1155//2998 1156//2998
f 1636//2999 1635//2999 1155//2999
f 1608//3000 1127//3000 1128//3000
f 1608//3001 1128//3001 1609//3001
f 1637//3002 1636//3002 1156//3002
f 1637//3003 1156//3003 1157//3003
f 1607//3004 1127//3004 1608//3004
f 1638//3005 1157//3005 1158//3005
f 1638//3006 1637//3006 1157//3006
f 1606//3007 1127//3007 1607//3007
f 1606//3008 1125//3008 1126//3008
f 1606//3009 1126//3009 1127//3009
f 1639//3010 1638//3010 1158//3010
f 1639//3011 1158//3011 1159//3011
f 1605//3012 1125//3012 1606//3012
f 1605//3013 1124//3013 1125//3013
f 1640//3014 1159//3014 1160//3014
f 1640//3015 1639//3015 1159//3015
f 1604//3016 1123//3016 1124//3016
f 1604//3017 1124//3017 1605//3017
f 1641//3018 1640//3018 1160//3018
f 1641//3019 1160//3019 1161//3019
f 1603//3020 1122//3020 1123//3020
f 1603//3021 1123//3021 1604//3021
f 1642//3022 1641//3022 1161//3022
f 1642//3023 1161//3023 1162//3023
f 1602//3024 1121//3024 1122//3024
f 1602//3025 1122//3025 1603//3025
f 1643//3026 1642//3026 1162//3026
f 1643//3027 1162//3027 1163//3027
f 1601//3028 1121//3028 1602//3028
f 1644//3029 1163//3029 1164//3029
f 1644//3030 1643//3030 1163//3030
f 1600//3031 1121//3031 1601//3031
f 1600//3032 1119//3032 1120//3032
f 1600//3033 1120//3033 1121//3033
f 1645//3034 1644//3034 1164//3034
f 1645//3035 1164//3035 1165//3035
f 1599//3036 1119//3036 1600//3036
f 1599//3037 1118//3037 1119//3037
f 1646//3038 1165//3038 1166//3038
f 1646//3039 1645//3039 1165//3039
f 1598//3040 1117//3040 1118//3040
f 1598//3041 1118//3041 1599//3041
f 1647//3042 1646//3042 1166//3042
f 1647//3043 1166//3043 1167//3043
f 1597//3044 1116//3044 1117//3044
f 1597//3045 1117//3045 1598//3045
f 1648//3046 1647//3046 1167//3046
f 1648//3047 1167//3047 1168//3047
f 1596//3048 1116//3048 1597//3048
f 1596//3049 1115//3049 1116//3049
f 1649//3050 1648//3050 1168//3050
f 1649//3051 1168//3051 1169//3051
f 1595//3052 1114//3052 1115//3052
f 1595//3053 1115//3053 1596//3053
f 1650//3054 1649//3054 1169//3054
f 1650//3055 1169//3055 1170//3055
f 1594//3056 1113//3056 1114//3056
f 1594//3057 1114//3057 1595//3057
f 1651//3058 1650//3058 1170//3058
f 1651//3059 1170//3059 1171//3059
f 1593//3060 1112//3060 1113//3060
f 1593//3061 1113//3061 1594//3061
f 1652//3062 1171//3062 1172//3062
f 1652//3063 1651//3063 1171//3063
f 1592//3064 1111//3064 1112//3064
f 1592//3065 1112//3065 1593//3065
f 1653//3066 1652//3066 1172//3066
f 1653//3067 1172//3067 1173//3067
f 1591//3068 1110//3068 1111//3068
f 1591//3069 1111//3069 1592//3069
f 1654//3070 1653//3070 1173//3070
f 1654//3071 1173//3071 1174//3071
f 1590//3072 1109//3072 1110//3072
f 1590//3073 1110//3073 1591//3073
f 1655//3074 1654//3074 1174//3074
f 1655//3075 1174//3075 1175//3075
f 1589//3076 1108//3076 1109//3076
f 1589//3077 1109//3077 1590//3077
f 1656//3078 1175//3078 1176//3078
f 1656//3079 1655//3079 1175//3079
f 1588//3080 1107//3080 1108//3080
f 1588//3081 1108//3081 1589//3081
f 1657//3082 1176//3082 1177//3082
f 1657//3083 1656//3083 1176//3083
f 1587//3084 1106//3084 1107//3084
f 1587//3085 1107//3085 1588//3085
f 1658//3086 1657//3086 1177//3086
f 1658//3087 1177//3087 1178//3087
f 1586//3088 1105//3088 1106//3088
f 1586//3089 1106//3089 1587//3089
f 1659//3090 1658//3090 1178//3090
f 1659//3091 1178//3091 1179//3091
f 1585//3092 1104//3092 1105//3092
f 1585//3093 1105//3093 1586//3093
f 1660//3094 1659//3094 1179//3094
f 1660//3095 1179//3095 1180//3095
f 1584//3096 1103//3096 1104//3096
f 1584//3097 1104//3097 1585//3097
f 1661//3098 1660//3098 1180//3098
f 1661//3099 1180//3099 1181//3099
f 1583//3100 1102//3100 1103//3100
f 1583//3101 1103//3101 1584//3101
f 1662//3102 1661//3102 1181//3102
f 1662//3103 1181//3103 1182//3103
f 1582//3104 1102//3104 1583//3104
f 1663//3105 1662//3105 1182//3105
f 1663//3106 1182//3106 1183//3106
f 1581//3107 1101//3107 1102//3107
f 1581//3108 1102//3108 1582//3108
f 1664//3109 1183//3109 1184//3109
f 1664//3110 1663//3110 1183//3110
f 1580//3111 1100//3111 1101//3111
f 1580//3112 1101//3112 1581//3112
f 1665//3113 1664//3113 1184//3113
f 1665//3114 1184//3114 1185//3114
f 1579//3115 1099//3115 1100//3115
f 1579//3116 1100//3116 1580//3116
f 1666//3117 1665//3117 1185//3117
f 1666//3118 1185//3118 1186//3118
f 1578//3119 1099//3119 1579//3119
f 1578//3120 1097//3120 1098//3120
f 1578//3121 1098//3121 1099//3121
f 1667//3122 1666//3122 1186//3122
f 1667//3123 1186//3123 1187//3123
f 1577//3124 1097//3124 1578//3124
f 1668//3125 1667//3125 1187//3125
f 1668//3126 1187//3126 1188//3126
f 1576//3127 1097//3127 1577//3127
f 1576//3128 1096//3128 1097//3128
f 1669//3129 1668//3129 1188//3129
f 1669//3130 1188//3130 1189//3130
f 1575//3131 1096//3131 1576//3131
f 1575//3132 1094//3132 1095//3132
f 1575//3133 1095//3133 1096//3133
f 1670//3134 1669//3134 1189//3134
f 1670//3135 1189//3135 1190//3135
f 1574//3136 1094//3136 1575//3136
f 1574//3137 1093//3137 1094//3137
f 1671//3138 1670//3138 1190//3138
f 1671//3139 1190//3139 1191//3139
f 1573//3140 1093//3140 1574//3140
f 1672//3141 1671//3141 1191//3141
f 1672//3142 1191//3142 1192//3142
f 1572//3143 1093//3143 1573//3143
f 1572//3144 1091//3144 1092//3144
f 1572//3145 1092//3145 1093//3145
f 1673//3146 1672//3146 1192//3146
f 1673//3147 1192//3147 1193//3147
f 1571//3148 1091//3148 1572//3148
f 1674//3149 1673//3149 1193//3149
f 1674//3150 1193//3150 1194//3150
f 1570//3151 1091//3151 1571//3151
f 1570//3152 1090//3152 1091//3152
f 1675//3153 1674//3153 1194//3153
f 1675//3154 1194//3154 1195//3154
f 1569//3155 1090//3155 1570//3155
f 1569//3156 1089//3156 1090//3156
f 1676//3157 1675//3157 1195//3157
f 1676//3158 1195//3158 1196//3158
f 1568//3159 1089//3159 1569//3159
f 1568//3160 1088//3160 1089//3160
f 1087//3161 1088//3161 1568//3161
f 1677//3162 1676//3162 1196//3162
f 1677//3163 1196//3163 1197//3163
f 1567//3164 1087//3164 1568//3164
f 1086//3165 1087//3165 1567//3165
f 1678//3166 1677//3166 1197//3166
f 1678//3167 1197//3167 1198//3167
f 1566//3168 1086//3168 1567//3168
f 1679//3169 1678//3169 1198//3169
f 1679//3170 1198//3170 1199//3170
f 1565//3171 1086//3171 1566//3171
f 1565//3172 1085//3172 1086//3172
f 1680//3173 1679//3173 1199//3173
f 1200//3174 1680//3174 1199//3174
f 1084//3175 1565//3175 1564//3175
f 1084//3176 1085//3176 1565//3176
f 1201//3177 1680//3177 1200//3177
f 1201//3178 1681//3178 1680//3178
f 1083//3179 1084//3179 1564//3179
f 1083//3180 1564//3180 1563//3180
f 1562//3181 1083//3181 1563//3181
f 1202//3182 1682//3182 1681//3182
f 1202//3183 1681//3183 1201//3183
f 1082//3184 1083//3184 1562//3184
f 1203//3185 1682//3185 1202//3185
f 1203//3186 1683//3186 1682//3186
f 1684//3187 1683//3187 1203//3187
f 1081//3188 1082//3188 1562//3188
f 1081//3189 1562//3189 1561//3189
f 1204//3190 1684//3190 1203//3190
f 1204//3191 1685//3191 1684//3191
f 1080//3192 1081//3192 1561//3192
f 1080//3193 1561//3193 1560//3193
f 1205//3194 1685//3194 1204//3194
f 1079//3195 1080//3195 1560//3195
f 1079//3196 1560//3196 1559//3196
f 1206//3197 1686//3197 1685//3197
f 1206//3198 1685//3198 1205//3198
f 1078//3199 1079//3199 1559//3199
f 1078//3200 1559//3200 1558//3200
f 1207//3201 1688//3201 1687//3201
f 1207//3202 1687//3202 1686//3202
f 1207//3203 1686//3203 1206//3203
f 1077//3204 1078//3204 1558//3204
f 1077//3205 1558//3205 1557//3205
f 1208//3206 1688//3206 1207//3206
f 1076//3207 1557//3207 1556//3207
f 1076//3208 1077//3208 1557//3208
f 1209//3209 1689//3209 1688//3209
f 1209//3210 1688//3210 1208//3210
f 1075//3211 1556//3211 1555//3211
f 1075//3212 1076//3212 1556//3212
f 1210//3213 1690//3213 1689//3213
f 1210//3214 1689//3214 1209//3214
f 1074//3215 1075//3215 1555//3215
f 1074//3216 1555//3216 1554//3216
f 1211//3217 1690//3217 1210//3217
f 1211//3218 1691//3218 1690//3218
f 1073//3219 1074//3219 1554//3219
f 1073//3220 1554//3220 1553//3220
f 1212//3221 1691//3221 1211//3221
f 1212//3222 1693//3222 1692//3222
f 1212//3223 1692//3223 1691//3223
f 1072//3224 1073//3224 1553//3224
f 1072//3225 1553//3225 1552//3225
f 1213//3226 1693//3226 1212//3226
f 1213//3227 1694//3227 1693//3227
f 1071//3228 1072//3228 1552//3228
f 1071//3229 1552//3229 1551//3229
f 1071//3230 1551//3230 1550//3230
f 1214//3231 1694//3231 1213//3231
f 1214//3232 1695//3232 1694//3232
f 1070//3233 1071//3233 1550//3233
f 1215//3234 1695//3234 1214//3234
f 1069//3235 1070//3235 1550//3235
f 1069//3236 1550//3236 1549//3236
f 1216//3237 1697//3237 1696//3237
f 1216//3238 1696//3238 1695//3238
f 1216//3239 1695//3239 1215//3239
f 1068//3240 1069//3240 1549//3240
f 1068//3241 1549//3241 1548//3241
f 1217//3242 1697//3242 1216//3242
f 1217//3243 1698//3243 1697//3243
f 1067//3244 1068//3244 1548//3244
f 1067//3245 1548//3245 1547//3245
f 1218//3246 1698//3246 1217//3246
f 1218//3247 1699//3247 1698//3247
f 1066//3248 1067//3248 1547//3248
f 1066//3249 1547//3249 1546//3249
f 1219//3250 1699//3250 1218//3250
f 1065//3251 1066//3251 1546//3251
f 1065//3252 1546//3252 1545//3252
f 1220//3253 1700//3253 1699//3253
f 1220//3254 1699//3254 1219//3254
f 1064//3255 1065//3255 1545//3255
f 1064//3256 1545//3256 1544//3256
f 1221//3257 1701//3257 1700//3257
f 1221//3258 1700//3258 1220//3258
f 1063//3259 1544//3259 1543//3259
f 1063//3260 1064//3260 1544//3260
f 1222//3261 1703//3261 1702//3261
f 1222//3262 1702//3262 1701//3262
f 1222//3263 1701//3263 1221//3263
f 1062//3264 1063//3264 1543//3264
f 1062//3265 1543//3265 1542//3265
f 1223//3266 1704//3266 1703//3266
f 1223//3267 1703//3267 1222//3267
f 1061//3268 1062//3268 1542//3268
f 1061//3269 1542//3269 1541//3269
f 1224//3270 1705//3270 1704//3270
f 1224//3271 1704//3271 1223//3271
f 1060//3272 1061//3272 1541//3272
f 1060//3273 1541//3273 1540//3273
f 1225//3274 1705//3274 1224//3274
f 1059//3275 1060//3275 1540//3275
f 1059//3276 1540//3276 1539//3276
f 1226//3277 1706//3277 1705//3277
f 1226//3278 1705//3278 1225//3278
f 1058//3279 1059//3279 1539//3279
f 1058//3280 1539//3280 1538//3280
f 1227//3281 1706//3281 1226//3281
f 1227//3282 1707//3282 1706//3282
f 1057//3283 1058//3283 1538//3283
f 1057//3284 1538//3284 1537//3284
f 1000//3285 1707//3285 1227//3285
f 1000//3286 1479//3286 1707//3286
f 1056//3287 1057//3287 1537//3287
f 1056//3288 1537//3288 1536//3288
f 999//3289 1481//3289 1480//3289
f 999//3290 1480//3290 1479//3290
f 999//3291 1479//3291 1000//3291
f 1055//3292 1056//3292 1536//3292
f 1055//3293 1536//3293 1535//3293
f 1001//3294 1482//3294 1481//3294
f 1001//3295 1481//3295 999//3295
f 1054//3296 1535//3296 1534//3296
f 1054//3297 1055//3297 1535//3297
f 1002//3298 1482//3298 1001//3298
f 1002//3299 1483//3299 1482//3299
f 1053//3300 1534//3300 1533//3300
f 1053//3301 1054//3301 1534//3301
f 1003//3302 1483//3302 1002//3302
f 1052//3303 1533//3303 1532//3303
f 1052//3304 1532//3304 1531//3304
f 1052//3305 1053//3305 1533//3305
f 1004//3306 1485//3306 1484//3306
f 1004//3307 1484//3307 1483//3307
f 1004//3308 1483//3308 1003//3308
f 1051//3309 1052//3309 1531//3309
f 1005//3310 1485//3310 1004//3310
f 1005//3311 1486//3311 1485//3311
f 1050//3312 1531//3312 1530//3312
f 1050//3313 1051//3313 1531//3313
f 1006//3314 1487//3314 1486//3314
f 1006//3315 1486//3315 1005//3315
f 1049//3316 1530//3316 1529//3316
f 1049//3317 1050//3317 1530//3317
f 1007//3318 1487//3318 1006//3318
f 1048//3319 1529//3319 1528//3319
f 1048//3320 1049//3320 1529//3320
f 1008//3321 1489//3321 1488//3321
f 1008//3322 1488//3322 1487//3322
f 1008//3323 1487//3323 1007//3323
f 1047//3324 1528//3324 1527//3324
f 1047//3325 1048//3325 1528//3325
f 1009//3326 1489//3326 1008//3326
f 1009//3327 1490//3327 1489//3327
f 1046//3328 1527//3328 1526//3328
f 1046//3329 1047//3329 1527//3329
f 1010//3330 1490//3330 1009//3330
f 1045//3331 1526//3331 1525//3331
f 1045//3332 1046//3332 1526//3332
f 1011//3333 1490//3333 1010//3333
f 1011//3334 1491//3334 1490//3334
f 1044//3335 1525//3335 1524//3335
f 1044//3336 1045//3336 1525//3336
f 1012//3337 1491//3337 1011//3337
f 1012//3338 1493//3338 1492//3338
f 1012//3339 1492//3339 1491//3339
f 1043//3340 1524//3340 1523//3340
f 1043//3341 1044//3341 1524//3341
f 1013//3342 1493//3342 1012//3342
f 1042//3343 1523//3343 1522//3343
f 1042//3344 1043//3344 1523//3344
f 1014//3345 1493//3345 1013//3345
f 1014//3346 1494//3346 1493//3346
f 1041//3347 1522//3347 1521//3347
f 1041//3348 1042//3348 1522//3348
f 1015//3349 1494//3349 1014//3349
f 1015//3350 1495//3350 1494//3350
f 1040//3351 1521//3351 1520//3351
f 1040//3352 1041//3352 1521//3352
f 1016//3353 1495//3353 1015//3353
f 1016//3354 1496//3354 1495//3354
f 1039//3355 1040//3355 1520//3355
f 1039//3356 1520//3356 1519//3356
f 1017//3357 1496//3357 1016//3357
f 1017//3358 1498//3358 1497//3358
f 1017//3359 1497//3359 1496//3359
f 1038//3360 1519//3360 1518//3360
f 1038//3361 1039//3361 1519//3361
f 1018//3362 1498//3362 1017//3362
f 1037//3363 1518//3363 1517//3363
f 1037//3364 1038//3364 1518//3364
f 1019//3365 1498//3365 1018//3365
f 1019//3366 1499//3366 1498//3366
f 1036//3367 1517//3367 1516//3367
f 1036//3368 1037//3368 1517//3368
f 1020//3369 1499//3369 1019//3369
f 1020//3370 1501//3370 1500//3370
f 1020//3371 1500//3371 1499//3371
f 1035//3372 1036//3372 1516//3372
f 1035//3373 1516//3373 1515//3373
f 1021//3374 1502//3374 1501//3374
f 1021//3375 1501//3375 1020//3375
f 1034//3376 1515//3376 1514//3376
f 1034//3377 1035//3377 1515//3377
f 1022//3378 1502//3378 1021//3378
f 1033//3379 1514//3379 1513//3379
f 1033//3380 1034//3380 1514//3380
f 1023//3381 1504//3381 1503//3381
f 1023//3382 1503//3382 1502//3382
f 1023//3383 1502//3383 1022//3383
f 1032//3384 1513//3384 1512//3384
f 1032//3385 1033//3385 1513//3385
f 1024//3386 1504//3386 1023//3386
f 1031//3387 1512//3387 1511//3387
f 1031//3388 1032//3388 1512//3388
f 1025//3389 1506//3389 1505//3389
f 1025//3390 1505//3390 1504//3390
f 1025//3391 1504//3391 1024//3391
f 1030//3392 1511//3392 1510//3392
f 1030//3393 1510//3393 1509//3393
f 1030//3394 1031//3394 1511//3394
f 1026//3395 1507//3395 1506//3395
f 1026//3396 1506//3396 1025//3396
f 1029//3397 1030//3397 1509//3397
f 1027//3398 1508//3398 1507//3398
f 1027//3399 1507//3399 1026//3399
f 1028//3400 1509//3400 1508//3400
f 1028//3401 1029//3401 1509//3401
f 1028//3402 1508//3402 1027//3402
f 1230//3403 1229//3403 1228//3403
f 1231//3404 1230//3404 1228//3404
f 1232//3405 1231//3405 1233//3405
f 1232//3406 1230//3406 1231//3406
f 1851//3407 1376//3407 1377//3407
f 1852//3408 1851//3408 1377//3408
f 1852//3409 1377//3409 1378//3409
f 1850//3410 1376//3410 1851//3410
f 1850//3411 1375//3411 1376//3411
f 1853//3412 1378//3412 1379//3412
f 1853//3413 1852//3413 1378//3413
f 1849//3414 1374//3414 1375//3414
f 1849//3415 1375//3415 1850//3415
f 1854//3416 1379//3416 1380//3416
f 1854//3417 1853//3417 1379//3417
f 1848//3418 1374//3418 1849//3418
f 1848//3419 1373//3419 1374//3419
f 1855//3420 1854//3420 1380//3420
f 1855//3421 1380//3421 1381//3421
f 1847//3422 1373//3422 1848//3422
f 1847//3423 1372//3423 1373//3423
f 1856//3424 1381//3424 1382//3424
f 1856//3425 1855//3425 1381//3425
f 1846//3426 1371//3426 1372//3426
f 1846//3427 1372//3427 1847//3427
f 1857//3428 1382//3428 1383//3428
f 1857//3429 1856//3429 1382//3429
f 1845//3430 1370//3430 1371//3430
f 1845//3431 1371//3431 1846//3431
f 1858//3432 1383//3432 1384//3432
f 1858//3433 1857//3433 1383//3433
f 1844//3434 1370//3434 1845//3434
f 1844//3435 1369//3435 1370//3435
f 1859//3436 1384//3436 1385//3436
f 1859//3437 1858//3437 1384//3437
f 1843//3438 1368//3438 1369//3438
f 1843//3439 1369//3439 1844//3439
f 1860//3440 1385//3440 1386//3440
f 1860//3441 1859//3441 1385//3441
f 1842//3442 1368//3442 1843//3442
f 1842//3443 1367//3443 1368//3443
f 1861//3444 1386//3444 1387//3444
f 1861//3445 1860//3445 1386//3445
f 1841//3446 1366//3446 1367//3446
f 1841//3447 1367//3447 1842//3447
f 1862//3448 1387//3448 1388//3448
f 1862//3449 1861//3449 1387//3449
f 1840//3450 1366//3450 1841//3450
f 1840//3451 1365//3451 1366//3451
f 1863//3452 1388//3452 1389//3452
f 1863//3453 1862//3453 1388//3453
f 1839//3454 1364//3454 1365//3454
f 1839//3455 1365//3455 1840//3455
f 1864//3456 1863//3456 1389//3456
f 1864//3457 1389//3457 1390//3457
f 1838//3458 1363//3458 1364//3458
f 1838//3459 1364//3459 1839//3459
f 1865//3460 1864//3460 1390//3460
f 1865//3461 1390//3461 1391//3461
f 1837//3462 1362//3462 1363//3462
f 1837//3463 1363//3463 1838//3463
f 1866//3464 1865//3464 1391//3464
f 1866//3465 1391//3465 1392//3465
f 1836//3466 1361//3466 1362//3466
f 1836//3467 1362//3467 1837//3467
f 1867//3468 1392//3468 1393//3468
f 1867//3469 1866//3469 1392//3469
f 1835//3470 1360//3470 1361//3470
f 1835//3471 1361//3471 1836//3471
f 1868//3472 1393//3472 1394//3472
f 1868//3473 1867//3473 1393//3473
f 1834//3474 1360//3474 1835//3474
f 1834//3475 1359//3475 1360//3475
f 1869//3476 1394//3476 1395//3476
f 1869//3477 1868//3477 1394//3477
f 1833//3478 1358//3478 1359//3478
f 1833//3479 1359//3479 1834//3479
f 1870//3480 1395//3480 1396//3480
f 1870//3481 1869//3481 1395//3481
f 1832//3482 1357//3482 1358//3482
f 1832//3483 1358//3483 1833//3483
f 1871//3484 1870//3484 1396//3484
f 1871//3485 1396//3485 1397//3485
f 1831//3486 1356//3486 1357//3486
f 1831//3487 1357//3487 1832//3487
f 1872//3488 1871//3488 1397//3488
f 1872//3489 1397//3489 1398//3489
f 1830//3490 1356//3490 1831//3490
f 1873//3491 1872//3491 1398//3491
f 1873//3492 1398//3492 1399//3492
f 1829//3493 1354//3493 1355//3493
f 1829//3494 1355//3494 1356//3494
f 1829//3495 1356//3495 1830//3495
f 1874//3496 1873//3496 1399//3496
f 1874//3497 1399//3497 1400//3497
f 1828//3498 1353//3498 1354//3498
f 1828//3499 1354//3499 1829//3499
f 1875//3500 1874//3500 1400//3500
f 1875//3501 1400//3501 1401//3501
f 1827//3502 1353//3502 1828//3502
f 1876//3503 1875//3503 1401//3503
f 1876//3504 1401//3504 1402//3504
f 1826//3505 1352//3505 1353//3505
f 1826//3506 1353//3506 1827//3506
f 1877//3507 1876//3507 1402//3507
f 1877//3508 1402//3508 1403//3508
f 1825//3509 1350//3509 1351//3509
f 1825//3510 1351//3510 1352//3510
f 1825//3511 1352//3511 1826//3511
f 1878//3512 1877//3512 1403//3512
f 1878//3513 1403//3513 1404//3513
f 1824//3514 1350//3514 1825//3514
f 1879//3515 1404//3515 1405//3515
f 1879//3516 1878//3516 1404//3516
f 1823//3517 1348//3517 1349//3517
f 1823//3518 1349//3518 1350//3518
f 1823//3519 1350//3519 1824//3519
f 1880//3520 1405//3520 1406//3520
f 1880//3521 1879//3521 1405//3521
f 1822//3522 1348//3522 1823//3522
f 1822//3523 1347//3523 1348//3523
f 1881//3524 1880//3524 1406//3524
f 1881//3525 1406//3525 1407//3525
f 1821//3526 1346//3526 1347//3526
f 1821//3527 1347//3527 1822//3527
f 1882//3528 1407//3528 1408//3528
f 1882//3529 1881//3529 1407//3529
f 1820//3530 1345//3530 1346//3530
f 1820//3531 1346//3531 1821//3531
f 1883//3532 1408//3532 1409//3532
f 1883//3533 1882//3533 1408//3533
f 1819//3534 1344//3534 1345//3534
f 1819//3535 1345//3535 1820//3535
f 1884//3536 1883//3536 1409//3536
f 1884//3537 1409//3537 1410//3537
f 1818//3538 1343//3538 1344//3538
f 1818//3539 1344//3539 1819//3539
f 1885//3540 1884//3540 1410//3540
f 1885//3541 1410//3541 1411//3541
f 1817//3542 1342//3542 1343//3542
f 1817//3543 1343//3543 1818//3543
f 1886//3544 1885//3544 1411//3544
f 1886//3545 1411//3545 1412//3545
f 1816//3546 1342//3546 1817//3546
f 1887//3547 1886//3547 1412//3547
f 1887//3548 1412//3548 1413//3548
f 1815//3549 1340//3549 1341//3549
f 1815//3550 1341//3550 1342//3550
f 1815//3551 1342//3551 1816//3551
f 1888//3552 1887//3552 1413//3552
f 1888//3553 1413//3553 1414//3553
f 1814//3554 1340//3554 1815//3554
f 1814//3555 1339//3555 1340//3555
f 1889//3556 1888//3556 1414//3556
f 1889//3557 1414//3557 1415//3557
f 1813//3558 1339//3558 1814//3558
f 1890//3559 1889//3559 1415//3559
f 1890//3560 1415//3560 1416//3560
f 1812//3561 1337//3561 1338//3561
f 1812//3562 1338//3562 1339//3562
f 1812//3563 1339//3563 1813//3563
f 1891//3564 1890//3564 1416//3564
f 1891//3565 1416//3565 1417//3565
f 1811//3566 1337//3566 1812//3566
f 1892//3567 1891//3567 1417//3567
f 1892//3568 1417//3568 1418//3568
f 1810//3569 1336//3569 1337//3569
f 1810//3570 1337//3570 1811//3570
f 1893//3571 1892//3571 1418//3571
f 1893//3572 1418//3572 1419//3572
f 1809//3573 1334//3573 1335//3573
f 1809//3574 1335//3574 1336//3574
f 1809//3575 1336//3575 1810//3575
f 1894//3576 1893//3576 1419//3576
f 1894//3577 1419//3577 1420//3577
f 1808//3578 1334//3578 1809//3578
f 1808//3579 1333//3579 1334//3579
f 1895//3580 1894//3580 1420//3580
f 1895//3581 1420//3581 1421//3581
f 1807//3582 1333//3582 1808//3582
f 1807//3583 1332//3583 1333//3583
f 1896//3584 1895//3584 1421//3584
f 1896//3585 1421//3585 1422//3585
f 1806//3586 1332//3586 1807//3586
f 1897//3587 1896//3587 1422//3587
f 1897//3588 1422//3588 1423//3588
f 1805//3589 1332//3589 1806//3589
f 1805//3590 1330//3590 1331//3590
f 1805//3591 1331//3591 1332//3591
f 1898//3592 1897//3592 1423//3592
f 1898//3593 1423//3593 1424//3593
f 1804//3594 1330//3594 1805//3594
f 1804//3595 1329//3595 1330//3595
f 1899//3596 1898//3596 1424//3596
f 1899//3597 1424//3597 1425//3597
f 1803//3598 1329//3598 1804//3598
f 1900//3599 1899//3599 1425//3599
f 1900//3600 1425//3600 1426//3600
f 1802//3601 1329//3601 1803//3601
f 1802//3602 1328//3602 1329//3602
f 1901//3603 1900//3603 1426//3603
f 1901//3604 1426//3604 1427//3604
f 1801//3605 1328//3605 1802//3605
f 1801//3606 1326//3606 1327//3606
f 1801//3607 1327//3607 1328//3607
f 1902//3608 1901//3608 1427//3608
f 1902//3609 1427//3609 1428//3609
f 1800//3610 1326//3610 1801//3610
f 1800//3611 1325//3611 1326//3611
f 1903//3612 1902//3612 1428//3612
f 1903//3613 1428//3613 1429//3613
f 1799//3614 1325//3614 1800//3614
f 1904//3615 1903//3615 1429//3615
f 1904//3616 1429//3616 1430//3616
f 1798//3617 1325//3617 1799//3617
f 1798//3618 1324//3618 1325//3618
f 1905//3619 1904//3619 1430//3619
f 1905//3620 1430//3620 1431//3620
f 1797//3621 1324//3621 1798//3621
f 1797//3622 1323//3622 1324//3622
f 1322//3623 1323//3623 1797//3623
f 1906//3624 1905//3624 1431//3624
f 1906//3625 1431//3625 1432//3625
f 1796//3626 1322//3626 1797//3626
f 1907//3627 1906//3627 1432//3627
f 1907//3628 1432//3628 1433//3628
f 1795//3629 1321//3629 1322//3629
f 1795//3630 1322//3630 1796//3630
f 1908//3631 1907//3631 1433//3631
f 1908//3632 1433//3632 1434//3632
f 1794//3633 1320//3633 1321//3633
f 1794//3634 1321//3634 1795//3634
f 1909//3635 1908//3635 1434//3635
f 1435//3636 1909//3636 1434//3636
f 1319//3637 1320//3637 1794//3637
f 1319//3638 1794//3638 1793//3638
f 1910//3639 1909//3639 1435//3639
f 1436//3640 1910//3640 1435//3640
f 1318//3641 1319//3641 1793//3641
f 1318//3642 1793//3642 1792//3642
f 1911//3643 1910//3643 1436//3643
f 1437//3644 1911//3644 1436//3644
f 1317//3645 1318//3645 1792//3645
f 1317//3646 1792//3646 1791//3646
f 1912//3647 1911//3647 1437//3647
f 1438//3648 1912//3648 1437//3648
f 1913//3649 1912//3649 1438//3649
f 1316//3650 1317//3650 1791//3650
f 1316//3651 1791//3651 1790//3651
f 1439//3652 1913//3652 1438//3652
f 1439//3653 1914//3653 1913//3653
f 1315//3654 1316//3654 1790//3654
f 1315//3655 1790//3655 1789//3655
f 1440//3656 1915//3656 1914//3656
f 1440//3657 1914//3657 1439//3657
f 1314//3658 1315//3658 1789//3658
f 1314//3659 1789//3659 1788//3659
f 1441//3660 1915//3660 1440//3660
f 1313//3661 1314//3661 1788//3661
f 1313//3662 1788//3662 1787//3662
f 1442//3663 1917//3663 1916//3663
f 1442//3664 1916//3664 1915//3664
f 1442//3665 1915//3665 1441//3665
f 1312//3666 1313//3666 1787//3666
f 1312//3667 1787//3667 1786//3667
f 1443//3668 1918//3668 1917//3668
f 1443//3669 1917//3669 1442//3669
f 1311//3670 1786//3670 1785//3670
f 1311//3671 1312//3671 1786//3671
f 1444//3672 1918//3672 1443//3672
f 1310//3673 1785//3673 1784//3673
f 1310//3674 1311//3674 1785//3674
f 1445//3675 1919//3675 1918//3675
f 1445//3676 1918//3676 1444//3676
f 1309//3677 1310//3677 1784//3677
f 1309//3678 1784//3678 1783//3678
f 1446//3679 1920//3679 1919//3679
f 1446//3680 1919//3680 1445//3680
f 1308//3681 1783//3681 1782//3681
f 1308//3682 1309//3682 1783//3682
f 1447//3683 1922//3683 1921//3683
f 1447//3684 1921//3684 1920//3684
f 1447//3685 1920//3685 1446//3685
f 1307//3686 1308//3686 1782//3686
f 1307//3687 1782//3687 1781//3687
f 1307//3688 1781//3688 1780//3688
f 1448//3689 1922//3689 1447//3689
f 1448//3690 1923//3690 1922//3690
f 1306//3691 1307//3691 1780//3691
f 1449//3692 1923//3692 1448//3692
f 1449//3693 1924//3693 1923//3693
f 1305//3694 1306//3694 1780//3694
f 1305//3695 1780//3695 1779//3695
f 1450//3696 1924//3696 1449//3696
f 1304//3697 1305//3697 1779//3697
f 1304//3698 1779//3698 1778//3698
f 1451//3699 1925//3699 1924//3699
f 1451//3700 1924//3700 1450//3700
f 1303//3701 1304//3701 1778//3701
f 1303//3702 1778//3702 1777//3702
f 1303//3703 1777//3703 1776//3703
f 1452//3704 1925//3704 1451//3704
f 1452//3705 1927//3705 1926//3705
f 1452//3706 1926//3706 1925//3706
f 1302//3707 1303//3707 1776//3707
f 1453//3708 1927//3708 1452//3708
f 1453//3709 1928//3709 1927//3709
f 1301//3710 1302//3710 1776//3710
f 1301//3711 1776//3711 1775//3711
f 1301//3712 1775//3712 1774//3712
f 1454//3713 1928//3713 1453//3713
f 1300//3714 1301//3714 1774//3714
f 1455//3715 1928//3715 1454//3715
f 1455//3716 1930//3716 1929//3716
f 1455//3717 1929//3717 1928//3717
f 1299//3718 1300//3718 1774//3718
f 1299//3719 1774//3719 1773//3719
f 1456//3720 1930//3720 1455//3720
f 1298//3721 1773//3721 1772//3721
f 1298//3722 1299//3722 1773//3722
f 1457//3723 1931//3723 1930//3723
f 1457//3724 1930//3724 1456//3724
f 1297//3725 1298//3725 1772//3725
f 1297//3726 1772//3726 1771//3726
f 1458//3727 1933//3727 1932//3727
f 1458//3728 1932//3728 1931//3728
f 1458//3729 1931//3729 1457//3729
f 1296//3730 1297//3730 1771//3730
f 1296//3731 1771//3731 1770//3731
f 1459//3732 1933//3732 1458//3732
f 1459//3733 1934//3733 1933//3733
f 1295//3734 1296//3734 1770//3734
f 1295//3735 1770//3735 1769//3735
f 1460//3736 1934//3736 1459//3736
f 1294//3737 1295//3737 1769//3737
f 1294//3738 1769//3738 1768//3738
f 1461//3739 1934//3739 1460//3739
f 1461//3740 1935//3740 1934//3740
f 1293//3741 1294//3741 1768//3741
f 1293//3742 1768//3742 1767//3742
f 1462//3743 1935//3743 1461//3743
f 1462//3744 1708//3744 1936//3744
f 1462//3745 1936//3745 1935//3745
f 1292//3746 1293//3746 1767//3746
f 1292//3747 1767//3747 1766//3747
f 1235//3748 1708//3748 1462//3748
f 1291//3749 1292//3749 1766//3749
f 1291//3750 1766//3750 1765//3750
f 1234//3751 1708//3751 1235//3751
f 1234//3752 1710//3752 1709//3752
f 1234//3753 1709//3753 1708//3753
f 1290//3754 1291//3754 1765//3754
f 1290//3755 1765//3755 1764//3755
f 1236//3756 1710//3756 1234//3756
f 1236//3757 1711//3757 1710//3757
f 1289//3758 1763//3758 1762//3758
f 1289//3759 1764//3759 1763//3759
f 1289//3760 1290//3760 1764//3760
f 1237//3761 1711//3761 1236//3761
f 1288//3762 1289//3762 1762//3762
f 1238//3763 1712//3763 1711//3763
f 1238//3764 1711//3764 1237//3764
f 1287//3765 1762//3765 1761//3765
f 1287//3766 1288//3766 1762//3766
f 1239//3767 1712//3767 1238//3767
f 1239//3768 1714//3768 1713//3768
f 1239//3769 1713//3769 1712//3769
f 1286//3770 1761//3770 1760//3770
f 1286//3771 1287//3771 1761//3771
f 1240//3772 1715//3772 1714//3772
f 1240//3773 1714//3773 1239//3773
f 1285//3774 1760//3774 1759//3774
f 1285//3775 1286//3775 1760//3775
f 1241//3776 1716//3776 1715//3776
f 1241//3777 1715//3777 1240//3777
f 1284//3778 1759//3778 1758//3778
f 1284//3779 1758//3779 1757//3779
f 1284//3780 1285//3780 1759//3780
f 1242//3781 1716//3781 1241//3781
f 1283//3782 1284//3782 1757//3782
f 1243//3783 1717//3783 1716//3783
f 1243//3784 1716//3784 1242//3784
f 1282//3785 1757//3785 1756//3785
f 1282//3786 1283//3786 1757//3786
f 1244//3787 1719//3787 1718//3787
f 1244//3788 1718//3788 1717//3788
f 1244//3789 1717//3789 1243//3789
f 1281//3790 1756//3790 1755//3790
f 1281//3791 1282//3791 1756//3791
f 1245//3792 1720//3792 1719//3792
f 1245//3793 1719//3793 1244//3793
f 1280//3794 1755//3794 1754//3794
f 1280//3795 1281//3795 1755//3795
f 1246//3796 1720//3796 1245//3796
f 1279//3797 1754//3797 1753//3797
f 1279//3798 1280//3798 1754//3798
f 1247//3799 1722//3799 1721//3799
f 1247//3800 1721//3800 1720//3800
f 1247//3801 1720//3801 1246//3801
f 1278//3802 1753//3802 1752//3802
f 1278//3803 1279//3803 1753//3803
f 1248//3804 1722//3804 1247//3804
f 1277//3805 1752//3805 1751//3805
f 1277//3806 1278//3806 1752//3806
f 1249//3807 1724//3807 1723//3807
f 1249//3808 1723//3808 1722//3808
f 1249//3809 1722//3809 1248//3809
f 1276//3810 1751//3810 1750//3810
f 1276//3811 1277//3811 1751//3811
f 1250//3812 1724//3812 1249//3812
f 1275//3813 1750//3813 1749//3813
f 1275//3814 1276//3814 1750//3814
f 1251//3815 1724//3815 1250//3815
f 1251//3816 1726//3816 1725//3816
f 1251//3817 1725//3817 1724//3817
f 1274//3818 1275//3818 1749//3818
f 1274//3819 1749//3819 1748//3819
f 1274//3820 1748//3820 1747//3820
f 1252//3821 1726//3821 1251//3821
f 1273//3822 1274//3822 1747//3822
f 1253//3823 1727//3823 1726//3823
f 1253//3824 1726//3824 1252//3824
f 1272//3825 1747//3825 1746//3825
f 1272//3826 1746//3826 1745//3826
f 1272//3827 1273//3827 1747//3827
f 1254//3828 1727//3828 1253//3828
f 1254//3829 1729//3829 1728//3829
f 1254//3830 1728//3830 1727//3830
f 1271//3831 1272//3831 1745//3831
f 1255//3832 1729//3832 1254//3832
f 1255//3833 1730//3833 1729//3833
f 1270//3834 1745//3834 1744//3834
f 1270//3835 1271//3835 1745//3835
f 1256//3836 1731//3836 1730//3836
f 1256//3837 1730//3837 1255//3837
f 1269//3838 1744//3838 1743//3838
f 1269//3839 1270//3839 1744//3839
f 1257//3840 1731//3840 1256//3840
f 1268//3841 1743//3841 1742//3841
f 1268//3842 1269//3842 1743//3842
f 1258//3843 1733//3843 1732//3843
f 1258//3844 1732//3844 1731//3844
f 1258//3845 1731//3845 1257//3845
f 1267//3846 1742//3846 1741//3846
f 1267//3847 1268//3847 1742//3847
f 1259//3848 1733//3848 1258//3848
f 1266//3849 1741//3849 1740//3849
f 1266//3850 1267//3850 1741//3850
f 1260//3851 1733//3851 1259//3851
f 1260//3852 1734//3852 1733//3852
f 1265//3853 1740//3853 1739//3853
f 1265//3854 1739//3854 1738//3854
f 1265//3855 1266//3855 1740//3855
f 1261//3856 1734//3856 1260//3856
f 1261//3857 1735//3857 1734//3857
f 1264//3858 1265//3858 1738//3858
f 1262//3859 1736//3859 1735//3859
f 1262//3860 1735//3860 1261//3860
f 1263//3861 1738//3861 1737//3861
f 1263//3862 1737//3862 1736//3862
f 1263//3863 1736//3863 1262//3863
f 1263//3864 1264//3864 1738//3864
f 1465//3865 1464//3865 1463//3865
f 1466//3866 1465//3866 1463//3866
f 1467//3867 1466//3867 1468//3867
f 1467//3868 1465//3868 1466//3868
f 1937//3869 1938//3869 1939//3869
f 1939//3870 1938//3870 1940//3870
f 1940//3871 1938//3871 1941//3871
f 1942//3872 1943//3872 1944//3872
f 1944//3873 1943//3873 1945//3873
f 1942//3874 1946//3874 1943//3874
f 1947//3875 1948//3875 1949//3875
f 1946//3876 1950//3876 1951//3876
f 1952//3877 1953//3877 1954//3877
f 1938//3878 1955//3878 1941//3878
f 1948//3879 1955//3879 1949//3879
f 1953//3880 1955//3880 1954//3880
f 1954//3881 1955//3881 1948//3881
f 1949//3882 1955//3882 1938//3882
f 1941//3883 1955//3883 1956//3883
f 1956//3884 1955//3884 1957//3884
f 1957//3885 1955//3885 1958//3885
f 1958//3886 1955//3886 1959//3886
f 1959//3887 1955//3887 1942//3887
f 1960//3888 1961//3888 1962//3888
f 1960//3889 1963//3889 1961//3889
f 1964//3890 1965//3890 1955//3890
f 1960//3891 1966//3891 1963//3891
f 1967//3892 1968//3892 1969//3892
f 1966//3893 1970//3893 1967//3893
f 1960//3894 1970//3894 1966//3894
f 1967//3895 1970//3895 1968//3895
f 1950//3896 1970//3896 1971//3896
f 1971//3897 1970//3897 1960//3897
f 1972//3898 1973//3898 1974//3898
f 1973//3899 1975//3899 1976//3899
f 1977//3900 1978//3900 1979//3900
f 1979//3901 1978//3901 1980//3901
f 1980//3902 1978//3902 1981//3902
f 1973//3903 1982//3903 1975//3903
f 1973//3904 1469//3904 1982//3904
f 1970//3905 1469//3905 1972//3905
f 1942//3906 1469//3906 1946//3906
f 1946//3907 1469//3907 1950//3907
f 1955//3908 1469//3908 1942//3908
f 1965//3909 1469//3909 1955//3909
f 1983//3910 1469//3910 1965//3910
f 1950//3911 1469//3911 1970//3911
f 1972//3912 1469//3912 1973//3912
f 1984//3913 1985//3913 1978//3913
f 1986//3914 1987//3914 1985//3914
f 1987//3915 1988//3915 1985//3915
f 1989//3916 1990//3916 1988//3916
f 1991//3917 1992//3917 1993//3917
f 1994//3918 1995//3918 1992//3918
f 1992//3919 1996//3919 1993//3919
f 1990//3920 1996//3920 1988//3920
f 1985//3921 1996//3921 1978//3921
f 1988//3922 1996//3922 1985//3922
f 1995//3923 1996//3923 1992//3923
f 1993//3924 1996//3924 1990//3924
f 1981//3925 1996//3925 1997//3925
f 1997//3926 1996//3926 1998//3926
f 1998//3927 1996//3927 1999//3927
f 1999//3928 1996//3928 2000//3928
f 2000//3929 1996//3929 1983//3929
f 1978//3930 1996//3930 1981//3930
f 2001//3931 2002//3931 2003//3931
f 2003//3932 2002//3932 1996//3932
f 2002//3933 2004//3933 1996//3933
f 2004//3934 2005//3934 1996//3934
f 2006//3935 2007//3935 2005//3935
f 2005//3936 2007//3936 1996//3936
f 2007//3937 2008//3937 1996//3937
f 2009//3938 2010//3938 2008//3938
f 2010//3939 2011//3939 2008//3939
f 2012//3940 2013//3940 2011//3940
f 2013//3941 2014//3941 2011//3941
f 2011//3942 2014//3942 2008//3942
f 2014//3943 2015//3943 2008//3943
f 2015//3944 2016//3944 2008//3944
f 2017//3945 2018//3945 2019//3945
f 2018//3946 2020//3946 2019//3946
f 2021//3947 2022//3947 2020//3947
f 2019//3948 2022//3948 2023//3948
f 2020//3949 2022//3949 2019//3949
f 2024//3950 2025//3950 2022//3950
f 2026//3951 2027//3951 2025//3951
f 2025//3952 2027//3952 2022//3952
f 2028//3953 2029//3953 2027//3953
f 2030//3954 2031//3954 2032//3954
f 2032//3955 2031//3955 2033//3955
f 2033//3956 2031//3956 2029//3956
f 2029//3957 2031//3957 2027//3957
f 2031//3958 2034//3958 2027//3958
f 2023//3959 2034//3959 2035//3959
f 2022//3960 2034//3960 2023//3960
f 2027//3961 2034//3961 2022//3961
f 2034//3962 2036//3962 2035//3962
f 2037//3963 2038//3963 2036//3963
f 2039//3964 2040//3964 2041//3964
f 2041//3965 2040//3965 2038//3965
f 2038//3966 2040//3966 2036//3966
f 2042//3967 2043//3967 2040//3967
f 2036//3968 2044//3968 2035//3968
f 2045//3969 2044//3969 2043//3969
f 2040//3970 2044//3970 2036//3970
f 2043//3971 2044//3971 2040//3971
f 2035//3972 2044//3972 2016//3972
f 1996//3973 2044//3973 1983//3973
f 2008//3974 2044//3974 1996//3974
f 2016//3975 2044//3975 2008//3975
f 1983//3976 2044//3976 1469//3976
f 2044//3977 1470//3977 1469//3977
f 1472//3978 1470//3978 2044//3978
f 2046//3979 1472//3979 2044//3979
f 2047//3980 2044//3980 2045//3980
f 2047//3981 2046//3981 2044//3981
f 2048//3982 2045//3982 2043//3982
f 2048//3983 2047//3983 2045//3983
f 2049//3984 2043//3984 2042//3984
f 2049//3985 2042//3985 2040//3985
f 2049//3986 2048//3986 2043//3986
f 2050//3987 2049//3987 2040//3987
f 2051//3988 2040//3988 2039//3988
f 2051//3989 2050//3989 2040//3989
f 2052//3990 2039//3990 2041//3990
f 2052//3991 2051//3991 2039//3991
f 2053//3992 2041//3992 2038//3992
f 2053//3993 2052//3993 2041//3993
f 2054//3994 2038//3994 2037//3994
f 2054//3995 2037//3995 2036//3995
f 2054//3996 2053//3996 2038//3996
f 2055//3997 2054//3997 2036//3997
f 2056//3998 2036//3998 2034//3998
f 2056//3999 2055//3999 2036//3999
f 2057//4000 2034//4000 2031//4000
f 2057//4001 2056//4001 2034//4001
f 2058//4002 2031//4002 2030//4002
f 2058//4003 2030//4003 2032//4003
f 2058//4004 2057//4004 2031//4004
f 2059//4005 2058//4005 2032//4005
f 2060//4006 2032//4006 2033//4006
f 2060//4007 2059//4007 2032//4007
f 2061//4008 2033//4008 2029//4008
f 2061//4009 2060//4009 2033//4009
f 2062//4010 2029//4010 2028//4010
f 2062//4011 2061//4011 2029//4011
f 2063//4012 2028//4012 2027//4012
f 2063//4013 2062//4013 2028//4013
f 2064//4014 2063//4014 2027//4014
f 2064//4015 2027//4015 2026//4015
f 2065//4016 2064//4016 2026//4016
f 2065//4017 2026//4017 2025//4017
f 2066//4018 2065//4018 2025//4018
f 2066//4019 2025//4019 2024//4019
f 2067//4020 2066//4020 2024//4020
f 2067//4021 2024//4021 2022//4021
f 2068//4022 2067//4022 2022//4022
f 2068//4023 2022//4023 2021//4023
f 2069//4024 2068//4024 2021//4024
f 2069//4025 2021//4025 2020//4025
f 2070//4026 2069//4026 2020//4026
f 2070//4027 2020//4027 2018//4027
f 2071//4028 2070//4028 2018//4028
f 2071//4029 2018//4029 2017//4029
f 2071//4030 2017//4030 2019//4030
f 2072//4031 2071//4031 2019//4031
f 2073//4032 2072//4032 2019//4032
f 2073//4033 2019//4033 2023//4033
f 2073//4034 2023//4034 2035//4034
f 2074//4035 2073//4035 2035//4035
f 2075//4036 2035//4036 2016//4036
f 2075//4037 2016//4037 2015//4037
f 2075//4038 2074//4038 2035//4038
f 2076//4039 2075//4039 2015//4039
f 2077//4040 2015//4040 2014//4040
f 2077//4041 2014//4041 2013//4041
f 2077//4042 2076//4042 2015//4042
f 2078//4043 2077//4043 2013//4043
f 2079//4044 2013//4044 2012//4044
f 2079//4045 2078//4045 2013//4045
f 2080//4046 2012//4046 2011//4046
f 2080//4047 2011//4047 2010//4047
f 2080//4048 2079//4048 2012//4048
f 2081//4049 2010//4049 2009//4049
f 2081//4050 2080//4050 2010//4050
f 2082//4051 2081//4051 2009//4051
f 2083//4052 2009//4052 2008//4052
f 2083//4053 2008//4053 2007//4053
f 2083//4054 2082//4054 2009//4054
f 2084//4055 2083//4055 2007//4055
f 2085//4056 2007//4056 2006//4056
f 2085//4057 2006//4057 2005//4057
f 2085//4058 2084//4058 2007//4058
f 2086//4059 2085//4059 2005//4059
f 2087//4060 2005//4060 2004//4060
f 2087//4061 2086//4061 2005//4061
f 2088//4062 2004//4062 2002//4062
f 2088//4063 2087//4063 2004//4063
f 2089//4064 2002//4064 2001//4064
f 2089//4065 2088//4065 2002//4065
f 2090//4066 2089//4066 2001//4066
f 2090//4067 2001//4067 2003//4067
f 2091//4068 2090//4068 2003//4068
f 2091//4069 2003//4069 1996//4069
f 2092//4070 2091//4070 1996//4070
f 2092//4071 1996//4071 1995//4071
f 2093//4072 2092//4072 1995//4072
f 2093//4073 1995//4073 1994//4073
f 2093//4074 1994//4074 1992//4074
f 2094//4075 2093//4075 1992//4075
f 2095//4076 2094//4076 1992//4076
f 2095//4077 1992//4077 1991//4077
f 2095//4078 1991//4078 1993//4078
f 2096//4079 2095//4079 1993//4079
f 2097//4080 2096//4080 1993//4080
f 2097//4081 1993//4081 1990//4081
f 2098//4082 2097//4082 1990//4082
f 2098//4083 1990//4083 1989//4083
f 2099//4084 2098//4084 1989//4084
f 2099//4085 1989//4085 1988//4085
f 2100//4086 2099//4086 1988//4086
f 2100//4087 1988//4087 1987//4087
f 2101//4088 2100//4088 1987//4088
f 2101//4089 1987//4089 1986//4089
f 2102//4090 2101//4090 1986//4090
f 2102//4091 1986//4091 1985//4091
f 2103//4092 2102//4092 1985//4092
f 2103//4093 1985//4093 1984//4093
f 2104//4094 2103//4094 1984//4094
f 2104//4095 1984//4095 1978//4095
f 2105//4096 2104//4096 1978//4096
f 2105//4097 1978//4097 1977//4097
f 2106//4098 2105//4098 1977//4098
f 2106//4099 1977//4099 1979//4099
f 2107//4100 2106//4100 1979//4100
f 2107//4101 1979//4101 1980//4101
f 2108//4102 1980//4102 1981//4102
f 2108//4103 2107//4103 1980//4103
f 2109//4104 1981//4104 1997//4104
f 2109//4105 2108//4105 1981//4105
f 2110//4106 1997//4106 1998//4106
f 2110//4107 2109//4107 1997//4107
f 2111//4108 1998//4108 1999//4108
f 2111//4109 2110//4109 1998//4109
f 2112//4110 1999//4110 2000//4110
f 2112//4111 2111//4111 1999//4111
f 2113//4112 2000//4112 1983//4112
f 2113//4113 2112//4113 2000//4113
f 2114//4114 1983//4114 1965//4114
f 2114//4115 2113//4115 1983//4115
f 2115//4116 2114//4116 1965//4116
f 2115//4117 1965//4117 1964//4117
f 2116//4118 2115//4118 1964//4118
f 2116//4119 1964//4119 1955//4119
f 2116//4120 1955//4120 1953//4120
f 2117//4121 2116//4121 1953//4121
f 2118//4122 2117//4122 1953//4122
f 2118//4123 1953//4123 1952//4123
f 2119//4124 2118//4124 1952//4124
f 2119//4125 1952//4125 1954//4125
f 2120//4126 2119//4126 1954//4126
f 2120//4127 1954//4127 1948//4127
f 2121//4128 2120//4128 1948//4128
f 2121//4129 1948//4129 1947//4129
f 2122//4130 2121//4130 1947//4130
f 2122//4131 1947//4131 1949//4131
f 2123//4132 2122//4132 1949//4132
f 2123//4133 1949//4133 1938//4133
f 2124//4134 2123//4134 1938//4134
f 2124//4135 1938//4135 1937//4135
f 2125//4136 2124//4136 1937//4136
f 2125//4137 1937//4137 1939//4137
f 2126//4138 2125//4138 1939//4138
f 2126//4139 1939//4139 1940//4139
f 2127//4140 2126//4140 1940//4140
f 2127//4141 1940//4141 1941//4141
f 2128//4142 2127//4142 1941//4142
f 2128//4143 1941//4143 1956//4143
f 2129//4144 2128//4144 1956//4144
f 2129//4145 1956//4145 1957//4145
f 2130//4146 2129//4146 1957//4146
f 2130//4147 1957//4147 1958//4147
f 2131//4148 2130//4148 1958//4148
f 2131//4149 1958//4149 1959//4149
f 2132//4150 2131//4150 1959//4150
f 2132//4151 1959//4151 1942//4151
f 2133//4152 2132//4152 1942//4152
f 2133//4153 1942//4153 1944//4153
f 2134//4154 2133//4154 1944//4154
f 2134//4155 1944//4155 1945//4155
f 2135//4156 2134//4156 1945//4156
f 2135//4157 1945//4157 1943//4157
f 2136//4158 1943//4158 1946//4158
f 2136//4159 2135//4159 1943//4159
f 2137//4160 1946//4160 1951//4160
f 2137//4161 2136//4161 1946//4161
f 2138//4162 1951//4162 1950//4162
f 2138//4163 2137//4163 1951//4163
f 2139//4164 1950//4164 1971//4164
f 2139//4165 2138//4165 1950//4165
f 2140//4166 2139//4166 1971//4166
f 2140//4167 1971//4167 1960//4167
f 2141//4168 1960//4168 1962//4168
f 2141//4169 2140//4169 1960//4169
f 2142//4170 1962//4170 1961//4170
f 2142//4171 2141//4171 1962//4171
f 2143//4172 1961//4172 1963//4172
f 2143//4173 2142//4173 1961//4173
f 2144//4174 1963//4174 1966//4174
f 2144//4175 2143//4175 1963//4175
f 2145//4176 1966//4176 1967//4176
f 2145//4177 2144//4177 1966//4177
f 2146//4178 1967//4178 1969//4178
f 2146//4179 2145//4179 1967//4179
f 2147//4180 1969//4180 1968//4180
f 2147//4181 2146//4181 1969//4181
f 2148//4182 1968//4182 1970//4182
f 2148//4183 2147//4183 1968//4183
f 2149//4184 1970//4184 1972//4184
f 2149//4185 2148//4185 1970//4185
f 2150//4186 1972//4186 1974//4186
f 2150//4187 2149//4187 1972//4187
f 2151//4188 1974//4188 1973//4188
f 2151//4189 2150//4189 1974//4189
f 2152//4190 1973//4190 1976//4190
f 2152//4191 2151//4191 1973//4191
f 2153//4192 1976//4192 1975//4192
f 2153//4193 2152//4193 1976//4193
f 2154//4194 1975//4194 1982//4194
f 2154//4195 1982//4195 1469//4195
f 2154//4196 2153//4196 1975//4196
f 1471//4197 2154//4197 1469//4197
f 2123//4198 2124//4198 2125//4198
f 2123//4199 2125//4199 2126//4199
f 2123//4200 2126//4200 2127//4200
f 2135//4201 2132//4201 2133//4201
f 2135//4202 2133//4202 2134//4202
f 2136//4203 2132//4203 2135//4203
f 2120//4204 2121//4204 2122//4204
f 2138//4205 2136//4205 2137//4205
f 2117//4206 2118//4206 2119//4206
f 2116//4207 2123//4207 2127//4207
f 2116//4208 2120//4208 2122//4208
f 2116//4209 2117//4209 2119//4209
f 2116//4210 2119//4210 2120//4210
f 2116//4211 2122//4211 2123//4211
f 2116//4212 2127//4212 2128//4212
f 2116//4213 2128//4213 2129//4213
f 2116//4214 2129//4214 2130//4214
f 2116//4215 2130//4215 2131//4215
f 2116//4216 2131//4216 2132//4216
f 2142//4217 2140//4217 2141//4217
f 2143//4218 2140//4218 2142//4218
f 2114//4219 2115//4219 2116//4219
f 2144//4220 2140//4220 2143//4220
f 2147//4221 2145//4221 2146//4221
f 2148//4222 2144//4222 2145//4222
f 2148//4223 2140//4223 2144//4223
f 2148//4224 2145//4224 2147//4224
f 2148//4225 2138//4225 2139//4225
f 2148//4226 2139//4226 2140//4226
f 2151//4227 2149//4227 2150//4227
f 2153//4228 2151//4228 2152//4228
f 2104//4229 2105//4229 2106//4229
f 2104//4230 2106//4230 2107//4230
f 2104//4231 2107//4231 2108//4231
f 2154//4232 2151//4232 2153//4232
f 1471//4233 2151//4233 2154//4233
f 1471//4234 2148//4234 2149//4234
f 1471//4235 2132//4235 2136//4235
f 1471//4236 2136//4236 2138//4236
f 1471//4237 2116//4237 2132//4237
f 1471//4238 2114//4238 2116//4238
f 1471//4239 2113//4239 2114//4239
f 1471//4240 2138//4240 2148//4240
f 1471//4241 2149//4241 2151//4241
f 2102//4242 2103//4242 2104//4242
f 2100//4243 2101//4243 2102//4243
f 2099//4244 2100//4244 2102//4244
f 2097//4245 2098//4245 2099//4245
f 2094//4246 2095//4246 2096//4246
f 2092//4247 2093//4247 2094//4247
f 2091//4248 2094//4248 2096//4248
f 2091//4249 2097//4249 2099//4249
f 2091//4250 2102//4250 2104//4250
f 2091//4251 2099//4251 2102//4251
f 2091//4252 2092//4252 2094//4252
f 2091//4253 2096//4253 2097//4253
f 2091//4254 2108//4254 2109//4254
f 2091//4255 2109//4255 2110//4255
f 2091//4256 2110//4256 2111//4256
f 2091//4257 2111//4257 2112//4257
f 2091//4258 2112//4258 2113//4258
f 2091//4259 2104//4259 2108//4259
f 2088//4260 2089//4260 2090//4260
f 2088//4261 2090//4261 2091//4261
f 2087//4262 2088//4262 2091//4262
f 2086//4263 2087//4263 2091//4263
f 2084//4264 2085//4264 2086//4264
f 2084//4265 2086//4265 2091//4265
f 2083//4266 2084//4266 2091//4266
f 2081//4267 2082//4267 2083//4267
f 2080//4268 2081//4268 2083//4268
f 2078//4269 2079//4269 2080//4269
f 2077//4270 2078//4270 2080//4270
f 2077//4271 2080//4271 2083//4271
f 2076//4272 2077//4272 2083//4272
f 2075//4273 2076//4273 2083//4273
f 2070//4274 2071//4274 2072//4274
f 2069//4275 2070//4275 2072//4275
f 2067//4276 2068//4276 2069//4276
f 2067//4277 2072//4277 2073//4277
f 2067//4278 2069//4278 2072//4278
f 2065//4279 2066//4279 2067//4279
f 2063//4280 2064//4280 2065//4280
f 2063//4281 2065//4281 2067//4281
f 2061//4282 2062//4282 2063//4282
f 2057//4283 2058//4283 2059//4283
f 2057//4284 2059//4284 2060//4284
f 2057//4285 2060//4285 2061//4285
f 2057//4286 2061//4286 2063//4286
f 2056//4287 2057//4287 2063//4287
f 2056//4288 2073//4288 2074//4288
f 2056//4289 2067//4289 2073//4289
f 2056//4290 2063//4290 2067//4290
f 2055//4291 2056//4291 2074//4291
f 2053//4292 2054//4292 2055//4292
f 2050//4293 2051//4293 2052//4293
f 2050//4294 2052//4294 2053//4294
f 2050//4295 2053//4295 2055//4295
f 2048//4296 2049//4296 2050//4296
f 2046//4297 2055//4297 2074//4297
f 2046//4298 2047//4298 2048//4298
f 2046//4299 2050//4299 2055//4299
f 2046//4300 2048//4300 2050//4300
f 2046//4301 2074//4301 2075//4301
f 2046//4302 2091//4302 2113//4302
f 2046//4303 2083//4303 2091//4303
f 2046//4304 2075//4304 2083//4304
f 2046//4305 2113//4305 1471//4305
f 1472//4306 2046//4306 1471//4306
f 2155//4307 2156//4307 2157//4307
f 2156//4308 2158//4308 2159//4308
f 2160//4309 2161//4309 2162//4309
f 2163//4310 2164//4310 2165//4310
f 2161//4311 2166//4311 2167//4311
f 2167//4312 2166//4312 2163//4312
f 2163//4313 2166//4313 2164//4313
f 2166//4314 2168//4314 2169//4314
f 2169//4315 2168//4315 2170//4315
f 2168//4316 2171//4316 2172//4316
f 2168//4317 2173//4317 2171//4317
f 2173//4318 2174//4318 2175//4318
f 2175//4319 2174//4319 2176//4319
f 2168//4320 2174//4320 2173//4320
f 2168//4321 2177//4321 2174//4321
f 2177//4322 2178//4322 2179//4322
f 2179//4323 2178//4323 2180//4323
f 2178//4324 2181//4324 2182//4324
f 2182//4325 2181//4325 2183//4325
f 2178//4326 2184//4326 2181//4326
f 2184//4327 2185//4327 2186//4327
f 2177//4328 2185//4328 2178//4328
f 2178//4329 2185//4329 2184//4329
f 2185//4330 2187//4330 2188//4330
f 2188//4331 2187//4331 2189//4331
f 2185//4332 2190//4332 2187//4332
f 2185//4333 2191//4333 2190//4333
f 2185//4334 2192//4334 2191//4334
f 2185//4335 2193//4335 2192//4335
f 2158//4336 2194//4336 2195//4336
f 2195//4337 2194//4337 2160//4337
f 2193//4338 2194//4338 2196//4338
f 2160//4339 2194//4339 2161//4339
f 2196//4340 2194//4340 2197//4340
f 2161//4341 2194//4341 2166//4341
f 2166//4342 2194//4342 2168//4342
f 2168//4343 2194//4343 2177//4343
f 2185//4344 2194//4344 2193//4344
f 2177//4345 2194//4345 2185//4345
f 2194//4346 2198//4346 2199//4346
f 2194//4347 2200//4347 2198//4347
f 2200//4348 2201//4348 2202//4348
f 2200//4349 2203//4349 2201//4349
f 2200//4350 2204//4350 2203//4350
f 1476//4351 2205//4351 1475//4351
f 1475//4352 2206//4352 2207//4352
f 2205//4353 2206//4353 1475//4353
f 2194//4354 2208//4354 2200//4354
f 2200//4355 2208//4355 2204//4355
f 2204//4356 2208//4356 2209//4356
f 2208//4357 2210//4357 2211//4357
f 2212//4358 2213//4358 2214//4358
f 2214//4359 2213//4359 2215//4359
f 2216//4360 2217//4360 2213//4360
f 2213//4361 2217//4361 2215//4361
f 2218//4362 2219//4362 2220//4362
f 2220//4363 2219//4363 2221//4363
f 2215//4364 2222//4364 2206//4364
f 2217//4365 2222//4365 2215//4365
f 2223//4366 2224//4366 2222//4366
f 2208//4367 2225//4367 2210//4367
f 2210//4368 2225//4368 2218//4368
f 2218//4369 2225//4369 2219//4369
f 2219//4370 2225//4370 2226//4370
f 2226//4371 2225//4371 2227//4371
f 2224//4372 2228//4372 2222//4372
f 2229//4373 2228//4373 2224//4373
f 2208//4374 2230//4374 2225//4374
f 2225//4375 2230//4375 2231//4375
f 2231//4376 2230//4376 2232//4376
f 2228//4377 2233//4377 2222//4377
f 2234//4378 2233//4378 2228//4378
f 2235//4379 2236//4379 2237//4379
f 2238//4380 2239//4380 2240//4380
f 2240//4381 2239//4381 2233//4381
f 2235//4382 2241//4382 2236//4382
f 2242//4383 2243//4383 2244//4383
f 2244//4384 2243//4384 2239//4384
f 2245//4385 2246//4385 2247//4385
f 2239//4386 2248//4386 2233//4386
f 2243//4387 2248//4387 2239//4387
f 2233//4388 2248//4388 2222//4388
f 2245//4389 2249//4389 2246//4389
f 2241//4390 2249//4390 2245//4390
f 2250//4391 2251//4391 2248//4391
f 2241//4392 2252//4392 2249//4392
f 2230//4393 2252//4393 2235//4393
f 2249//4394 2252//4394 2253//4394
f 2235//4395 2252//4395 2241//4395
f 2230//4396 2254//4396 2252//4396
f 2207//4397 2255//4397 2256//4397
f 2256//4398 2255//4398 2257//4398
f 2257//4399 2255//4399 2258//4399
f 2230//4400 2255//4400 2254//4400
f 2258//4401 2255//4401 2259//4401
f 2259//4402 2255//4402 2260//4402
f 2260//4403 2255//4403 2261//4403
f 2261//4404 2255//4404 2262//4404
f 2262//4405 2255//4405 2155//4405
f 2206//4406 2255//4406 2207//4406
f 2248//4407 2255//4407 2222//4407
f 2155//4408 2255//4408 2156//4408
f 2156//4409 2255//4409 2158//4409
f 2251//4410 2255//4410 2248//4410
f 2194//4411 2255//4411 2208//4411
f 2158//4412 2255//4412 2194//4412
f 2222//4413 2255//4413 2206//4413
f 2208//4414 2255//4414 2230//4414
f 2263//4415 2255//4415 2251//4415
f 2264//4416 1477//4416 1475//4416
f 2264//4417 1475//4417 2207//4417
f 2265//4418 2264//4418 2207//4418
f 2265//4419 2207//4419 2256//4419
f 2266//4420 2265//4420 2256//4420
f 2266//4421 2256//4421 2257//4421
f 2267//4422 2266//4422 2257//4422
f 2267//4423 2257//4423 2258//4423
f 2268//4424 2267//4424 2258//4424
f 2268//4425 2258//4425 2259//4425
f 2269//4426 2268//4426 2259//4426
f 2269//4427 2259//4427 2260//4427
f 2270//4428 2269//4428 2260//4428
f 2270//4429 2260//4429 2261//4429
f 2270//4430 2261//4430 2262//4430
f 2271//4431 2270//4431 2262//4431
f 2272//4432 2271//4432 2262//4432
f 2272//4433 2262//4433 2155//4433
f 2272//4434 2155//4434 2157//4434
f 2273//4435 2272//4435 2157//4435
f 2274//4436 2273//4436 2157//4436
f 2274//4437 2157//4437 2156//4437
f 2275//4438 2274//4438 2156//4438
f 2275//4439 2156//4439 2159//4439
f 2275//4440 2159//4440 2158//4440
f 2276//4441 2275//4441 2158//4441
f 2277//4442 2276//4442 2158//4442
f 2277//4443 2158//4443 2195//4443
f 2278//4444 2195//4444 2160//4444
f 2278//4445 2277//4445 2195//4445
f 2279//4446 2160//4446 2162//4446
f 2279//4447 2278//4447 2160//4447
f 2280//4448 2162//4448 2161//4448
f 2280//4449 2279//4449 2162//4449
f 2281//4450 2161//4450 2167//4450
f 2281//4451 2167//4451 2163//4451
f 2281//4452 2280//4452 2161//4452
f 2282//4453 2281//4453 2163//4453
f 2283//4454 2282//4454 2163//4454
f 2283//4455 2163//4455 2165//4455
f 2283//4456 2165//4456 2164//4456
f 2284//4457 2283//4457 2164//4457
f 2285//4458 2284//4458 2164//4458
f 2285//4459 2164//4459 2166//4459
f 2285//4460 2166//4460 2169//4460
f 2286//4461 2285//4461 2169//4461
f 2287//4462 2286//4462 2169//4462
f 2287//4463 2169//4463 2170//4463
f 2288//4464 2287//4464 2170//4464
f 2288//4465 2170//4465 2168//4465
f 2289//4466 2288//4466 2168//4466
f 2289//4467 2168//4467 2172//4467
f 2290//4468 2289//4468 2172//4468
f 2290//4469 2172//4469 2171//4469
f 2291//4470 2290//4470 2171//4470
f 2291//4471 2171//4471 2173//4471
f 2292//4472 2291//4472 2173//4472
f 2292//4473 2173//4473 2175//4473
f 2292//4474 2175//4474 2176//4474
f 2293//4475 2292//4475 2176//4475
f 2294//4476 2293//4476 2176//4476
f 2294//4477 2176//4477 2174//4477
f 2294//4478 2174//4478 2177//4478
f 2295//4479 2294//4479 2177//4479
f 2296//4480 2295//4480 2177//4480
f 2296//4481 2177//4481 2179//4481
f 2296//4482 2179//4482 2180//4482
f 2297//4483 2296//4483 2180//4483
f 2298//4484 2180//4484 2178//4484
f 2298//4485 2297//4485 2180//4485
f 2299//4486 2178//4486 2182//4486
f 2299//4487 2182//4487 2183//4487
f 2299//4488 2298//4488 2178//4488
f 2300//4489 2299//4489 2183//4489
f 2301//4490 2183//4490 2181//4490
f 2301//4491 2300//4491 2183//4491
f 2302//4492 2181//4492 2184//4492
f 2302//4493 2301//4493 2181//4493
f 2303//4494 2184//4494 2186//4494
f 2303//4495 2302//4495 2184//4495
f 2304//4496 2186//4496 2185//4496
f 2304//4497 2303//4497 2186//4497
f 2305//4498 2185//4498 2188//4498
f 2305//4499 2304//4499 2185//4499
f 2306//4500 2188//4500 2189//4500
f 2306//4501 2305//4501 2188//4501
f 2307//4502 2189//4502 2187//4502
f 2307//4503 2187//4503 2190//4503
f 2307//4504 2306//4504 2189//4504
f 2308//4505 2307//4505 2190//4505
f 2309//4506 2308//4506 2190//4506
f 2309//4507 2190//4507 2191//4507
f 2310//4508 2191//4508 2192//4508
f 2310//4509 2309//4509 2191//4509
f 2311//4510 2192//4510 2193//4510
f 2311//4511 2310//4511 2192//4511
f 2312//4512 2193//4512 2196//4512
f 2312//4513 2311//4513 2193//4513
f 2313//4514 2196//4514 2197//4514
f 2313//4515 2312//4515 2196//4515
f 2314//4516 2197//4516 2194//4516
f 2314//4517 2313//4517 2197//4517
f 2315//4518 2194//4518 2199//4518
f 2315//4519 2199//4519 2198//4519
f 2315//4520 2314//4520 2194//4520
f 2316//4521 2315//4521 2198//4521
f 2317//4522 2198//4522 2200//4522
f 2317//4523 2200//4523 2202//4523
f 2317//4524 2316//4524 2198//4524
f 2318//4525 2317//4525 2202//4525
f 2319//4526 2202//4526 2201//4526
f 2319//4527 2318//4527 2202//4527
f 2320//4528 2201//4528 2203//4528
f 2320//4529 2319//4529 2201//4529
f 2321//4530 2203//4530 2204//4530
f 2321//4531 2320//4531 2203//4531
f 2322//4532 2204//4532 2209//4532
f 2322//4533 2321//4533 2204//4533
f 2323//4534 2209//4534 2208//4534
f 2323//4535 2322//4535 2209//4535
f 2324//4536 2208//4536 2211//4536
f 2324//4537 2323//4537 2208//4537
f 2325//4538 2211//4538 2210//4538
f 2325//4539 2324//4539 2211//4539
f 2326//4540 2210//4540 2218//4540
f 2326//4541 2325//4541 2210//4541
f 2327//4542 2218//4542 2220//4542
f 2327//4543 2220//4543 2221//4543
f 2327//4544 2326//4544 2218//4544
f 2328//4545 2327//4545 2221//4545
f 2329//4546 2221//4546 2219//4546
f 2329//4547 2328//4547 2221//4547
f 2330//4548 2219//4548 2226//4548
f 2330//4549 2329//4549 2219//4549
f 2331//4550 2226//4550 2227//4550
f 2331//4551 2330//4551 2226//4551
f 2332//4552 2227//4552 2225//4552
f 2332//4553 2331//4553 2227//4553
f 2333//4554 2332//4554 2225//4554
f 2333//4555 2225//4555 2231//4555
f 2334//4556 2333//4556 2231//4556
f 2334//4557 2231//4557 2232//4557
f 2335//4558 2334//4558 2232//4558
f 2335//4559 2232//4559 2230//4559
f 2336//4560 2335//4560 2230//4560
f 2336//4561 2230//4561 2235//4561
f 2337//4562 2336//4562 2235//4562
f 2337//4563 2235//4563 2237//4563
f 2338//4564 2237//4564 2236//4564
f 2338//4565 2337//4565 2237//4565
f 2339//4566 2236//4566 2241//4566
f 2339//4567 2338//4567 2236//4567
f 2340//4568 2241//4568 2245//4568
f 2340//4569 2245//4569 2247//4569
f 2340//4570 2339//4570 2241//4570
f 2341//4571 2340//4571 2247//4571
f 2342//4572 2247//4572 2246//4572
f 2342//4573 2341//4573 2247//4573
f 2343//4574 2246//4574 2249//4574
f 2343//4575 2342//4575 2246//4575
f 2344//4576 2249//4576 2253//4576
f 2344//4577 2343//4577 2249//4577
f 2345//4578 2253//4578 2252//4578
f 2345//4579 2344//4579 2253//4579
f 2346//4580 2252//4580 2254//4580
f 2346//4581 2345//4581 2252//4581
f 2347//4582 2254//4582 2255//4582
f 2347//4583 2346//4583 2254//4583
f 2348//4584 2255//4584 2263//4584
f 2348//4585 2347//4585 2255//4585
f 2349//4586 2263//4586 2251//4586
f 2349//4587 2348//4587 2263//4587
f 2350//4588 2251//4588 2250//4588
f 2350//4589 2349//4589 2251//4589
f 2351//4590 2250//4590 2248//4590
f 2351//4591 2350//4591 2250//4591
f 2352//4592 2248//4592 2243//4592
f 2352//4593 2351//4593 2248//4593
f 2353//4594 2243//4594 2242//4594
f 2353//4595 2352//4595 2243//4595
f 2354//4596 2242//4596 2244//4596
f 2354//4597 2353//4597 2242//4597
f 2355//4598 2244//4598 2239//4598
f 2355//4599 2354//4599 2244//4599
f 2356//4600 2239//4600 2238//4600
f 2356//4601 2355//4601 2239//4601
f 2357//4602 2238//4602 2240//4602
f 2357//4603 2356//4603 2238//4603
f 2358//4604 2357//4604 2240//4604
f 2358//4605 2240//4605 2233//4605
f 2359//4606 2358//4606 2233//4606
f 2359//4607 2233//4607 2234//4607
f 2360//4608 2359//4608 2234//4608
f 2360//4609 2234//4609 2228//4609
f 2361//4610 2360//4610 2228//4610
f 2361//4611 2228//4611 2229//4611
f 2362//4612 2361//4612 2229//4612
f 2362//4613 2229//4613 2224//4613
f 2363//4614 2362//4614 2224//4614
f 2363//4615 2224//4615 2223//4615
f 2363//4616 2223//4616 2222//4616
f 2364//4617 2363//4617 2222//4617
f 2365//4618 2364//4618 2222//4618
f 2365//4619 2222//4619 2217//4619
f 2366//4620 2365//4620 2217//4620
f 2366//4621 2217//4621 2216//4621
f 2367//4622 2366//4622 2216//4622
f 2367//4623 2216//4623 2213//4623
f 2368//4624 2367//4624 2213//4624
f 2368//4625 2213//4625 2212//4625
f 2369//4626 2368//4626 2212//4626
f 2369//4627 2212//4627 2214//4627
f 2370//4628 2369//4628 2214//4628
f 2370//4629 2214//4629 2215//4629
f 2371//4630 2370//4630 2215//4630
f 2371//4631 2215//4631 2206//4631
f 2372//4632 2206//4632 2205//4632
f 2372//4633 2371//4633 2206//4633
f 2372//4634 2205//4634 1476//4634
f 1478//4635 2372//4635 1476//4635
f 2274//4636 2272//4636 2273//4636
f 2276//4637 2274//4637 2275//4637
f 2280//4638 2278//4638 2279//4638
f 2284//4639 2282//4639 2283//4639
f 2285//4640 2280//4640 2281//4640
f 2285//4641 2281//4641 2282//4641
f 2285//4642 2282//4642 2284//4642
f 2288//4643 2285//4643 2286//4643
f 2288//4644 2286//4644 2287//4644
f 2290//4645 2288//4645 2289//4645
f 2291//4646 2288//4646 2290//4646
f 2294//4647 2291//4647 2292//4647
f 2294//4648 2292//4648 2293//4648
f 2294//4649 2288//4649 2291//4649
f 2295//4650 2288//4650 2294//4650
f 2298//4651 2295//4651 2296//4651
f 2298//4652 2296//4652 2297//4652
f 2301//4653 2298//4653 2299//4653
f 2301//4654 2299//4654 2300//4654
f 2302//4655 2298//4655 2301//4655
f 2304//4656 2302//4656 2303//4656
f 2304//4657 2295//4657 2298//4657
f 2304//4658 2298//4658 2302//4658
f 2307//4659 2304//4659 2305//4659
f 2307//4660 2305//4660 2306//4660
f 2308//4661 2304//4661 2307//4661
f 2309//4662 2304//4662 2308//4662
f 2310//4663 2304//4663 2309//4663
f 2311//4664 2304//4664 2310//4664
f 2314//4665 2276//4665 2277//4665
f 2314//4666 2277//4666 2278//4666
f 2314//4667 2311//4667 2312//4667
f 2314//4668 2278//4668 2280//4668
f 2314//4669 2312//4669 2313//4669
f 2314//4670 2280//4670 2285//4670
f 2314//4671 2285//4671 2288//4671
f 2314//4672 2288//4672 2295//4672
f 2314//4673 2304//4673 2311//4673
f 2314//4674 2295//4674 2304//4674
f 2316//4675 2314//4675 2315//4675
f 2317//4676 2314//4676 2316//4676
f 2319//4677 2317//4677 2318//4677
f 2320//4678 2317//4678 2319//4678
f 2321//4679 2317//4679 2320//4679
f 2372//4680 1478//4680 1477//4680
f 2371//4681 1477//4681 2264//4681
f 2371//4682 2372//4682 1477//4682
f 2323//4683 2314//4683 2317//4683
f 2323//4684 2317//4684 2321//4684
f 2323//4685 2321//4685 2322//4685
f 2325//4686 2323//4686 2324//4686
f 2367//4687 2368//4687 2369//4687
f 2367//4688 2369//4688 2370//4688
f 2365//4689 2366//4689 2367//4689
f 2365//4690 2367//4690 2370//4690
f 2329//4691 2326//4691 2327//4691
f 2329//4692 2327//4692 2328//4692
f 2364//4693 2370//4693 2371//4693
f 2364//4694 2365//4694 2370//4694
f 2362//4695 2363//4695 2364//4695
f 2332//4696 2323//4696 2325//4696
f 2332//4697 2325//4697 2326//4697
f 2332//4698 2326//4698 2329//4698
f 2332//4699 2329//4699 2330//4699
f 2332//4700 2330//4700 2331//4700
f 2360//4701 2362//4701 2364//4701
f 2360//4702 2361//4702 2362//4702
f 2335//4703 2323//4703 2332//4703
f 2335//4704 2332//4704 2333//4704
f 2335//4705 2333//4705 2334//4705
f 2358//4706 2360//4706 2364//4706
f 2358//4707 2359//4707 2360//4707
f 2338//4708 2336//4708 2337//4708
f 2355//4709 2356//4709 2357//4709
f 2355//4710 2357//4710 2358//4710
f 2339//4711 2336//4711 2338//4711
f 2352//4712 2353//4712 2354//4712
f 2352//4713 2354//4713 2355//4713
f 2342//4714 2340//4714 2341//4714
f 2351//4715 2355//4715 2358//4715
f 2351//4716 2352//4716 2355//4716
f 2351//4717 2358//4717 2364//4717
f 2343//4718 2340//4718 2342//4718
f 2343//4719 2339//4719 2340//4719
f 2349//4720 2350//4720 2351//4720
f 2345//4721 2339//4721 2343//4721
f 2345//4722 2335//4722 2336//4722
f 2345//4723 2343//4723 2344//4723
f 2345//4724 2336//4724 2339//4724
f 2346//4725 2335//4725 2345//4725
f 2347//4726 2264//4726 2265//4726
f 2347//4727 2265//4727 2266//4727
f 2347//4728 2266//4728 2267//4728
f 2347//4729 2335//4729 2346//4729
f 2347//4730 2267//4730 2268//4730
f 2347//4731 2268//4731 2269//4731
f 2347//4732 2269//4732 2270//4732
f 2347//4733 2270//4733 2271//4733
f 2347//4734 2271//4734 2272//4734
f 2347//4735 2371//4735 2264//4735
f 2347//4736 2351//4736 2364//4736
f 2347//4737 2272//4737 2274//4737
f 2347//4738 2274//4738 2276//4738
f 2347//4739 2349//4739 2351//4739
f 2347//4740 2314//4740 2323//4740
f 2347//4741 2276//4741 2314//4741
f 2347//4742 2364//4742 2371//4742
f 2347//4743 2323//4743 2335//4743
f 2347//4744 2348//4744 2349//4744
