# Created by FreeCAD <http://www.freecad.org>
v -3.902403 -3.875726 18.000000
v -5.828743 -5.479576 18.000000
v -5.676222 -5.637420 18.000000
v -3.794607 -3.981326 18.000000
v -5.519428 -5.791020 18.000000
v -4.007261 -3.767209 18.000000
v -5.976876 -5.317608 18.000000
v -3.683955 -4.083929 18.000000
v -5.358480 -5.940260 18.000000
v -4.109102 -3.655855 18.000000
v -3.570530 -4.183458 18.000000
v -5.193498 -6.085029 18.000000
v -4.207850 -3.541750 18.000000
v -6.259537 -4.981787 18.000000
v -6.120510 -5.151637 18.000000
v -3.454417 -4.279837 18.000000
v -5.024606 -6.225218 18.000000
v -4.303432 -3.424978 18.000000
v -6.393851 -4.808187 18.000000
v -3.335703 -4.372995 18.000000
v -4.851932 -6.360720 18.000000
v -4.395772 -3.305629 18.000000
v -6.523353 -4.630969 18.000000
v -3.214479 -4.462861 18.000000
v -4.675605 -6.491434 18.000000
v -4.484805 -3.183791 18.000000
v -6.647943 -4.450264 18.000000
v -3.090834 -4.549367 18.000000
v -4.495759 -6.617261 18.000000
v -4.570461 -3.059556 18.000000
v -6.767530 -4.266209 18.000000
v -2.964864 -4.632449 18.000000
v -4.312529 -6.738108 18.000000
v -4.652677 -2.933018 18.000000
v -6.882022 -4.078942 18.000000
v -2.836661 -4.712044 18.000000
v -4.126052 -6.853882 18.000000
v -4.731390 -2.804273 18.000000
v -6.991334 -3.888605 18.000000
v -2.706323 -4.788091 18.000000
v -3.936469 -6.964496 18.000000
v -4.806542 -2.673416 18.000000
v -7.095383 -3.695341 18.000000
v -2.573947 -4.860534 18.000000
v -3.743923 -7.069868 18.000000
v -4.878076 -2.540547 18.000000
v -7.194090 -3.499295 18.000000
v -2.439635 -4.929319 18.000000
v -3.548559 -7.169918 18.000000
v -4.945937 -2.405765 18.000000
v -7.287382 -3.300615 18.000000
v -2.303485 -4.994392 18.000000
v -3.350524 -7.264571 18.000000
v -5.010076 -2.269173 18.000000
v -7.375189 -3.099450 18.000000
v -2.165602 -5.055707 18.000000
v -3.149966 -7.353755 18.000000
v -5.070442 -2.130872 18.000000
v -7.457443 -2.895952 18.000000
v -2.026088 -5.113215 18.000000
v -2.947037 -7.437404 18.000000
v -5.126992 -1.990967 18.000000
v -1.885049 -5.166874 18.000000
v -2.741890 -7.515453 18.000000
v -5.179683 -1.849564 18.000000
v -7.605053 -2.482571 18.000000
v -7.534084 -2.690274 18.000000
v -1.742592 -5.216644 18.000000
v -2.534678 -7.587846 18.000000
v -5.228474 -1.706768 18.000000
v -7.670298 -2.273000 18.000000
v -1.598822 -5.262487 18.000000
v -2.325559 -7.654526 18.000000
v -5.273330 -1.562687 18.000000
v -1.453849 -5.304368 18.000000
v -2.114689 -7.715445 18.000000
v -5.314216 -1.417430 18.000000
v -7.783421 -1.848882 18.000000
v -7.729769 -2.061717 18.000000
v -1.307781 -5.342257 18.000000
v -1.902227 -7.770555 18.000000
v -5.351101 -1.271106 18.000000
v -7.831213 -1.634655 18.000000
v -1.160729 -5.376124 18.000000
v -1.688334 -7.819817 18.000000
v -5.383959 -1.123826 18.000000
v -7.873111 -1.419198 18.000000
v -1.012804 -5.405944 18.000000
v -1.473169 -7.863191 18.000000
v -5.412764 -0.975699 18.000000
v -7.909082 -1.202673 18.000000
v -0.864116 -5.431695 18.000000
v -1.256895 -7.900646 18.000000
v -5.437494 -0.826838 18.000000
v -7.939099 -0.985242 18.000000
v -0.714777 -5.453356 18.000000
v -1.039676 -7.932155 18.000000
v -5.458131 -0.677354 18.000000
v -0.564900 -5.470913 18.000000
v -0.821673 -7.957692 18.000000
v -5.474659 -0.527360 18.000000
v -7.963140 -0.767069 18.000000
v -0.414598 -5.484351 18.000000
v -0.603052 -7.977238 18.000000
v -0.383977 -7.990780 18.000000
v -5.487066 -0.376970 18.000000
v -7.981187 -0.548320 18.000000
v -0.263984 -5.493661 18.000000
v -0.164613 -7.998306 18.000000
v -5.495343 -0.226295 18.000000
v -7.999247 -0.109747 18.000000
v -7.993226 -0.329157 18.000000
v -0.113172 -5.498836 18.000000
v -5.499483 -0.075451 18.000000
v -7.999247 0.109747 18.000000
v 0.037726 -5.499871 18.000000
v 0.054875 -7.999812 18.000000
v -5.499483 0.075451 18.000000
v -7.993226 0.329157 18.000000
v 0.188596 -5.496766 18.000000
v 0.274321 -7.995296 18.000000
v -5.495343 0.226295 18.000000
v -7.981187 0.548320 18.000000
v 0.339323 -5.489523 18.000000
v 0.493561 -7.984760 18.000000
v -5.487066 0.376970 18.000000
v -7.963140 0.767069 18.000000
v 0.489795 -5.478148 18.000000
v 0.712430 -7.968215 18.000000
v -5.474659 0.527360 18.000000
v -7.939099 0.985242 18.000000
v 0.639899 -5.462648 18.000000
v 0.930762 -7.945671 18.000000
v -5.458131 0.677354 18.000000
v -7.909082 1.202673 18.000000
v 0.789521 -5.443038 18.000000
v 1.148394 -7.917145 18.000000
v -5.437494 0.826838 18.000000
v -7.873111 1.419198 18.000000
v 0.938548 -5.419329 18.000000
v 1.365161 -7.882660 18.000000
v -5.412764 0.975699 18.000000
v 1.086869 -5.391541 18.000000
v 1.580900 -7.842242 18.000000
v -5.383959 1.123826 18.000000
v -7.831213 1.634655 18.000000
v 1.234372 -5.359694 18.000000
v 1.795449 -7.795919 18.000000
v -5.351101 1.271106 18.000000
v -7.729769 2.061717 18.000000
v -7.783421 1.848882 18.000000
v 1.380945 -5.323813 18.000000
v 2.008647 -7.743729 18.000000
v -5.314216 1.417430 18.000000
v -7.670298 2.273000 18.000000
v 1.526479 -5.283925 18.000000
v 2.220333 -7.685709 18.000000
v -5.273330 1.562687 18.000000
v 1.670864 -5.240058 18.000000
v 2.430348 -7.621903 18.000000
v -5.228474 1.706768 18.000000
v -7.605053 2.482571 18.000000
v 1.813991 -5.192248 18.000000
v 2.638532 -7.552361 18.000000
v -5.179683 1.849564 18.000000
v -7.457443 2.895952 18.000000
v -7.534084 2.690274 18.000000
v 1.955753 -5.140528 18.000000
v 2.844731 -7.477132 18.000000
v -5.126992 1.990967 18.000000
v -7.375189 3.099450 18.000000
v 2.096042 -5.084939 18.000000
v 3.048789 -7.396276 18.000000
v -5.070442 2.130872 18.000000
v 2.234754 -5.025523 18.000000
v 3.250551 -7.309851 18.000000
v -5.010076 2.269173 18.000000
v -7.194090 3.499295 18.000000
v -7.287382 3.300615 18.000000
v 2.371783 -4.962323 18.000000
v 3.449866 -7.217924 18.000000
v 3.646585 -7.120564 18.000000
v -4.945937 2.405765 18.000000
v -7.095383 3.695341 18.000000
v 2.507027 -4.895387 18.000000
v -4.878076 2.540547 18.000000
v 2.640383 -4.824767 18.000000
v 3.840558 -7.017843 18.000000
v -4.806542 2.673416 18.000000
v -6.882022 4.078942 18.000000
v -6.991334 3.888605 18.000000
v 2.771753 -4.750515 18.000000
v 4.031640 -6.909839 18.000000
v -4.731390 2.804273 18.000000
v -6.767530 4.266209 18.000000
v 2.901035 -4.672686 18.000000
v 4.219687 -6.796634 18.000000
v -4.652677 2.933018 18.000000
v -6.647943 4.450264 18.000000
v 3.028134 -4.591340 18.000000
v 4.404559 -6.678313 18.000000
v -4.570461 3.059556 18.000000
v 3.152953 -4.506538 18.000000
v 4.586114 -6.554965 18.000000
v -4.484805 3.183791 18.000000
v -6.523353 4.630969 18.000000
v 3.275399 -4.418344 18.000000
v 4.764217 -6.426682 18.000000
v -4.395772 3.305629 18.000000
v -6.259537 4.981787 18.000000
v -6.393851 4.808187 18.000000
v 3.395379 -4.326823 18.000000
v 4.938734 -6.293561 18.000000
v -4.303432 3.424978 18.000000
v 3.512804 -4.232046 18.000000
v 5.109533 -6.155703 18.000000
v -4.207850 3.541750 18.000000
v -6.120510 5.151637 18.000000
v -5.976876 5.317608 18.000000
v 3.627584 -4.134082 18.000000
v 5.276485 -6.013211 18.000000
v -4.109102 3.655855 18.000000
v 3.739633 -4.033007 18.000000
v 5.439466 -5.866192 18.000000
v -4.007261 3.767209 18.000000
v -5.828743 5.479576 18.000000
v 3.848867 -3.928896 18.000000
v 5.598352 -5.714757 18.000000
v -3.902403 3.875726 18.000000
v -5.676222 5.637420 18.000000
v 5.753024 -5.559021 18.000000
v 3.955204 -3.821827 18.000000
v -5.519428 5.791020 18.000000
v -3.794607 3.981326 18.000000
v 4.058563 -3.711881 18.000000
v -3.683955 4.083929 18.000000
v 5.903365 -5.399100 18.000000
v -5.358480 5.940260 18.000000
v 6.049262 -5.235115 18.000000
v 4.158868 -3.599141 18.000000
v -5.193498 6.085029 18.000000
v -3.570530 4.183458 18.000000
v 6.190606 -5.067189 18.000000
v 4.350011 -3.365620 18.000000
v 4.256042 -3.483692 18.000000
v -5.024606 6.225218 18.000000
v -3.454417 4.279837 18.000000
v 6.327289 -4.895448 18.000000
v -4.851932 6.360720 18.000000
v -3.335703 4.372995 18.000000
v -3.214479 4.462861 18.000000
v 6.459210 -4.720022 18.000000
v 4.440707 -3.245015 18.000000
v -4.675605 6.491434 18.000000
v 6.586268 -4.541043 18.000000
v 4.528059 -3.121967 18.000000
v -4.495759 6.617261 18.000000
v -3.090834 4.549367 18.000000
v 6.708368 -4.358646 18.000000
v 4.612003 -2.996569 18.000000
v -4.312529 6.738108 18.000000
v -2.964864 4.632449 18.000000
v 6.825418 -4.172968 18.000000
v 4.769415 -2.739102 18.000000
v 4.692475 -2.868916 18.000000
v -4.126052 6.853882 18.000000
v -2.836661 4.712044 18.000000
v 6.937331 -3.984149 18.000000
v -3.936469 6.964496 18.000000
v -2.706323 4.788091 18.000000
v -2.573947 4.860534 18.000000
v 7.044021 -3.792330 18.000000
v 4.912468 -2.473389 18.000000
v 4.842764 -2.607227 18.000000
v -3.743923 7.069868 18.000000
v 7.145409 -3.597656 18.000000
v 4.978475 -2.337689 18.000000
v -3.548559 7.169918 18.000000
v -2.439635 4.929319 18.000000
v 7.241418 -3.400275 18.000000
v -3.350524 7.264571 18.000000
v -2.303485 4.994392 18.000000
v 7.331975 -3.200334 18.000000
v 5.099197 -2.061114 18.000000
v 5.040733 -2.200229 18.000000
v -3.149966 7.353755 18.000000
v -2.165602 5.055707 18.000000
v 7.417014 -2.997983 18.000000
v 5.153822 -1.920446 18.000000
v -2.947037 7.437404 18.000000
v -2.026088 5.113215 18.000000
v 7.496469 -2.793376 18.000000
v 5.204568 -1.778333 18.000000
v -2.741890 7.515453 18.000000
v -1.885049 5.166874 18.000000
v 7.570281 -2.586666 18.000000
v -2.534678 7.587846 18.000000
v -1.742592 5.216644 18.000000
v -1.598822 5.262487 18.000000
v 7.638394 -2.378009 18.000000
v 5.294271 -1.490199 18.000000
v 5.251396 -1.634881 18.000000
v -2.325559 7.654526 18.000000
v 7.700758 -2.167562 18.000000
v 5.333161 -1.344395 18.000000
v -2.114689 7.715445 18.000000
v -1.453849 5.304368 18.000000
v 7.757325 -1.955483 18.000000
v -1.902227 7.770555 18.000000
v -1.307781 5.342257 18.000000
v 7.808052 -1.741933 18.000000
v 5.368035 -1.197579 18.000000
v -1.688334 7.819817 18.000000
v -1.160729 5.376124 18.000000
v 7.852901 -1.527071 18.000000
v 5.425640 -0.901353 18.000000
v 5.398870 -1.049861 18.000000
v -1.473169 7.863191 18.000000
v -1.012804 5.405944 18.000000
v -0.864116 5.431695 18.000000
v 7.891839 -1.311059 18.000000
v -1.256895 7.900646 18.000000
v 7.924837 -1.094060 18.000000
v 5.466909 -0.602414 18.000000
v 5.448325 -0.752166 18.000000
v -1.039676 7.932155 18.000000
v -0.714777 5.453356 18.000000
v 7.951868 -0.876238 18.000000
v -0.821673 7.957692 18.000000
v -0.564900 5.470913 18.000000
v 7.972914 -0.657756 18.000000
v 5.481379 -0.452208 18.000000
v -0.603052 7.977238 18.000000
v -0.414598 5.484351 18.000000
v 7.987958 -0.438780 18.000000
v 5.497930 -0.150887 18.000000
v 5.491721 -0.301661 18.000000
v -0.383977 7.990780 18.000000
v -0.263984 5.493661 18.000000
v -0.113172 5.498836 18.000000
v 7.996989 -0.219472 18.000000
v 5.500000 0.000000 18.000000
v -0.164613 7.998306 18.000000
v 8.000000 -0.000000 18.000000
v 0.054875 7.999812 18.000000
v 0.037726 5.499871 18.000000
v 7.996989 0.219472 18.000000
v 5.491721 0.301661 18.000000
v 5.497930 0.150887 18.000000
v 0.274321 7.995296 18.000000
v 0.188596 5.496766 18.000000
v 7.987958 0.438780 18.000000
v 0.493561 7.984760 18.000000
v 0.339323 5.489523 18.000000
v 7.972914 0.657756 18.000000
v 5.466909 0.602414 18.000000
v 5.481379 0.452208 18.000000
v 0.712430 7.968215 18.000000
v 0.489795 5.478148 18.000000
v 0.639899 5.462648 18.000000
v 7.951868 0.876238 18.000000
v 0.930762 7.945671 18.000000
v 7.924837 1.094060 18.000000
v 5.425640 0.901353 18.000000
v 5.448325 0.752166 18.000000
v 1.148394 7.917145 18.000000
v 0.789521 5.443038 18.000000
v 7.891839 1.311059 18.000000
v 5.398870 1.049861 18.000000
v 1.365161 7.882660 18.000000
v 0.938548 5.419329 18.000000
v 1.086869 5.391541 18.000000
v 7.852901 1.527071 18.000000
v 1.580900 7.842242 18.000000
v 7.808052 1.741933 18.000000
v 5.333161 1.344395 18.000000
v 5.368035 1.197579 18.000000
v 1.795449 7.795919 18.000000
v 1.234372 5.359694 18.000000
v 7.757325 1.955483 18.000000
v 5.294271 1.490199 18.000000
v 2.008647 7.743729 18.000000
v 1.380945 5.323813 18.000000
v 7.700758 2.167562 18.000000
v 2.220333 7.685709 18.000000
v 1.526479 5.283925 18.000000
v 7.638394 2.378009 18.000000
v 5.204568 1.778333 18.000000
v 5.251396 1.634881 18.000000
v 2.430348 7.621903 18.000000
v 1.670864 5.240058 18.000000
v 7.570281 2.586666 18.000000
v 2.638532 7.552361 18.000000
v 1.813991 5.192248 18.000000
v 1.955753 5.140528 18.000000
v 7.496469 2.793376 18.000000
v 5.099197 2.061114 18.000000
v 5.153822 1.920446 18.000000
v 2.844731 7.477132 18.000000
v 7.417014 2.997983 18.000000
v 3.048789 7.396276 18.000000
v 2.096042 5.084939 18.000000
v 7.331975 3.200334 18.000000
v 5.040733 2.200229 18.000000
v 3.250551 7.309851 18.000000
v 2.234754 5.025523 18.000000
v 7.241418 3.400275 18.000000
v 4.978475 2.337689 18.000000
v 3.449866 7.217924 18.000000
v 2.371783 4.962323 18.000000
v 7.145409 3.597656 18.000000
v 4.842764 2.607227 18.000000
v 4.912468 2.473389 18.000000
v 3.646585 7.120564 18.000000
v 2.507027 4.895387 18.000000
v 7.044021 3.792330 18.000000
v 3.840558 7.017843 18.000000
v 2.640383 4.824767 18.000000
v 6.937331 3.984149 18.000000
v 4.769415 2.739102 18.000000
v 4.031640 6.909839 18.000000
v 2.771753 4.750515 18.000000
v 6.825418 4.172968 18.000000
v 4.612003 2.996569 18.000000
v 4.692475 2.868916 18.000000
v 4.219687 6.796634 18.000000
v 2.901035 4.672686 18.000000
v 6.708368 4.358646 18.000000
v 4.528059 3.121967 18.000000
v 4.404559 6.678313 18.000000
v 3.028134 4.591340 18.000000
v 3.152953 4.506538 18.000000
v 6.586268 4.541043 18.000000
v 4.440707 3.245015 18.000000
v 4.586114 6.554965 18.000000
v 6.459210 4.720022 18.000000
v 4.764217 6.426682 18.000000
v 3.275399 4.418344 18.000000
v 6.327289 4.895448 18.000000
v 4.256042 3.483692 18.000000
v 4.350011 3.365620 18.000000
v 4.938734 6.293561 18.000000
v 3.395379 4.326823 18.000000
v 6.190606 5.067189 18.000000
v 5.109533 6.155703 18.000000
v 3.512804 4.232046 18.000000
v 6.049262 5.235115 18.000000
v 4.058563 3.711881 18.000000
v 4.158868 3.599141 18.000000
v 5.276485 6.013211 18.000000
v 3.627584 4.134082 18.000000
v 5.903365 5.399100 18.000000
v 5.439466 5.866192 18.000000
v 3.739633 4.033007 18.000000
v 5.753024 5.559021 18.000000
v 3.955204 3.821827 18.000000
v 5.598352 5.714757 18.000000
v 3.848867 3.928896 18.000000
v 1.368637 -5.154734 17.833334
v 1.596588 -4.913792 17.666666
v 1.325867 -4.993648 17.666666
v 1.648091 -5.072301 17.833334
v 1.387708 -4.803568 17.500000
v 1.255405 -4.839830 17.500000
v 1.122156 -4.872450 17.500000
v 1.085099 -5.221782 17.833334
v 1.051189 -5.058601 17.666666
v 0.988063 -4.901401 17.500000
v 0.853225 -4.926663 17.500000
v 5.333333 0.000000 17.833334
v 0.798322 -5.273246 17.833334
v 0.773375 -5.108457 17.666666
v 0.717746 -4.948216 17.500000
v 0.581726 -4.966044 17.500000
v 0.509163 -5.308973 17.833334
v 0.493252 -5.143068 17.666666
v 0.445269 -4.980134 17.500000
v 0.308476 -4.990475 17.500000
v 5.000000 0.000000 17.500000
v 4.998118 -0.137170 17.500000
v 5.166667 0.000000 17.666666
v 0.218484 -5.328856 17.833334
v 0.211657 -5.162330 17.666666
v 0.171451 -4.997060 17.500000
v 0.034297 -4.999882 17.500000
v -0.072846 -5.332836 17.833334
v -0.070570 -5.166185 17.666666
v -0.102883 -4.998941 17.500000
v -0.239986 -4.994237 17.500000
v -0.363960 -5.320900 17.833334
v -0.352586 -5.154622 17.666666
v -0.376908 -4.985774 17.500000
v -0.513546 -4.973557 17.500000
v -0.653987 -5.293085 17.833334
v -0.633550 -5.127676 17.666666
v -0.649797 -4.957597 17.500000
v -0.785560 -4.937904 17.500000
v -0.942062 -5.249473 17.833334
v -0.912623 -5.085427 17.666666
v -0.920731 -4.914495 17.500000
v -1.055209 -4.887385 17.500000
v -1.227326 -5.190194 17.833334
v -1.188972 -5.028001 17.666666
v -1.188892 -4.856597 17.500000
v -1.321681 -4.822153 17.500000
v -1.508927 -5.115426 17.833334
v -1.453475 -4.784079 17.500000
v -1.461773 -4.955569 17.666666
v -1.584174 -4.742404 17.500000
v -1.786025 -5.025392 17.833334
v -1.713681 -4.697158 17.500000
v -1.730211 -4.868348 17.666666
v -1.841898 -4.648377 17.500000
v -2.057792 -4.920359 17.833334
v -1.968729 -4.596097 17.500000
v -1.993486 -4.766598 17.666666
v -2.094077 -4.540357 17.500000
v -2.323419 -4.800643 17.833334
v -2.217849 -4.481199 17.500000
v -2.250812 -4.650623 17.666666
v -2.339952 -4.418668 17.500000
v -2.582111 -4.666599 17.833334
v -2.501420 -4.520768 17.666666
v -2.460293 -4.352810 17.500000
v -2.578783 -4.283676 17.500000
v -2.833097 -4.518629 17.833334
v -2.744563 -4.377421 17.666666
v -2.695331 -4.211317 17.500000
v -2.809850 -4.135788 17.500000
v -3.075628 -4.357173 17.833334
v -2.979515 -4.221011 17.666666
v -2.922253 -4.057146 17.500000
v -3.032457 -3.975450 17.500000
v -3.308981 -4.182714 17.833334
v -3.140379 -3.890761 17.500000
v -3.205575 -4.052003 17.666666
v -3.245936 -3.803143 17.500000
v -3.532458 -3.995771 17.833334
v -3.349050 -3.712663 17.500000
v -3.422068 -3.870903 17.666666
v -3.449643 -3.619387 17.500000
v -3.745393 -3.796904 17.833334
v -3.628349 -3.678251 17.666666
v -3.547639 -3.523387 17.500000
v -3.642964 -3.424735 17.500000
v -3.947150 -3.586705 17.833334
v -3.823801 -3.474621 17.666666
v -3.735548 -3.323505 17.500000
v -3.825319 -3.219773 17.500000
v -4.137127 -3.365802 17.833334
v -3.912210 -3.113617 17.500000
v -4.007842 -3.260621 17.666666
v -3.996157 -3.005117 17.500000
v -4.314757 -3.134855 17.833334
v -4.077096 -2.894355 17.500000
v -4.179921 -3.036891 17.666666
v -4.154965 -2.781415 17.500000
v -4.479511 -2.894551 17.833334
v -4.339526 -2.804097 17.666666
v -4.229706 -2.666380 17.500000
v -4.301264 -2.549339 17.500000
v -4.630896 -2.645610 17.833334
v -4.486180 -2.562934 17.666666
v -4.369584 -2.430378 17.500000
v -4.434614 -2.309588 17.500000
v -4.768460 -2.388772 17.833334
v -4.619446 -2.314123 17.666666
v -4.496306 -2.187059 17.500000
v -4.554614 -2.062884 17.500000
v -4.891794 -2.124806 17.833334
v -4.609493 -1.937156 17.500000
v -4.738925 -2.058406 17.666666
v -4.660902 -1.809970 17.500000
v -5.000528 -1.854498 17.833334
v -4.708803 -1.681422 17.500000
v -4.844262 -1.796545 17.666666
v -4.753159 -1.551607 17.500000
v -5.094339 -1.578656 17.833334
v -4.935141 -1.529323 17.666666
v -4.793936 -1.420625 17.500000
v -4.831105 -1.288573 17.500000
v -5.172946 -1.298102 17.833334
v -4.864638 -1.155551 17.500000
v -5.011292 -1.257537 17.666666
v -4.894508 -1.021660 17.500000
v -5.236116 -1.013675 17.833334
v -5.072487 -0.981998 17.666666
v -4.920694 -0.886999 17.500000
v -4.943176 -0.751670 17.500000
v -5.283659 -0.726222 17.833334
v -5.118544 -0.703528 17.666666
v -4.961937 -0.615776 17.500000
v -4.976963 -0.479418 17.500000
v -5.315433 -0.436602 17.833334
v -5.149325 -0.422958 17.666666
v -4.988242 -0.342700 17.500000
v -4.995766 -0.205723 17.500000
v -5.331343 -0.145679 17.833334
v -5.164739 -0.141126 17.666666
v -4.999529 -0.068592 17.500000
v -5.331343 0.145679 17.833334
v -5.164739 0.141126 17.666666
v -4.999529 0.068592 17.500000
v -4.995766 0.205723 17.500000
v -5.315433 0.436602 17.833334
v -4.988242 0.342700 17.500000
v -5.149325 0.422958 17.666666
v -4.976963 0.479418 17.500000
v -5.283659 0.726222 17.833334
v -5.118544 0.703528 17.666666
v -4.961937 0.615776 17.500000
v -4.943176 0.751670 17.500000
v -5.236116 1.013675 17.833334
v -5.072487 0.981998 17.666666
v -4.920694 0.886999 17.500000
v -4.894508 1.021660 17.500000
v -5.172946 1.298102 17.833334
v -5.011292 1.257537 17.666666
v -4.864638 1.155551 17.500000
v -4.831105 1.288573 17.500000
v -5.094339 1.578656 17.833334
v -4.935141 1.529323 17.666666
v -4.793936 1.420625 17.500000
v -4.753159 1.551607 17.500000
v -5.000528 1.854498 17.833334
v -4.844262 1.796545 17.666666
v -4.708803 1.681422 17.500000
v -4.660902 1.809970 17.500000
v -4.891794 2.124806 17.833334
v -4.738925 2.058406 17.666666
v -4.609493 1.937156 17.500000
v -4.554614 2.062884 17.500000
v -4.768460 2.388772 17.833334
v -4.619446 2.314123 17.666666
v -4.496306 2.187059 17.500000
v -4.434614 2.309588 17.500000
v -4.630896 2.645610 17.833334
v -4.486180 2.562934 17.666666
v -4.369584 2.430378 17.500000
v -4.301264 2.549339 17.500000
v -4.479511 2.894551 17.833334
v -4.339526 2.804097 17.666666
v -4.229706 2.666380 17.500000
v -4.154965 2.781415 17.500000
v -4.314757 3.134855 17.833334
v -4.179921 3.036891 17.666666
v -4.077096 2.894355 17.500000
v -3.996157 3.005117 17.500000
v -4.137127 3.365802 17.833334
v -4.007842 3.260621 17.666666
v -3.912210 3.113617 17.500000
v -3.825319 3.219773 17.500000
v -3.947150 3.586705 17.833334
v -3.823801 3.474621 17.666666
v -3.735548 3.323505 17.500000
v -3.642964 3.424735 17.500000
v -3.745393 3.796904 17.833334
v -3.628349 3.678251 17.666666
v -3.547639 3.523387 17.500000
v -3.449643 3.619387 17.500000
v -3.532458 3.995771 17.833334
v -3.422068 3.870903 17.666666
v -3.349050 3.712663 17.500000
v -3.245936 3.803143 17.500000
v -3.308981 4.182714 17.833334
v -3.205575 4.052003 17.666666
v -3.140379 3.890761 17.500000
v -3.032457 3.975450 17.500000
v -3.075628 4.357173 17.833334
v -2.979515 4.221011 17.666666
v -2.922253 4.057146 17.500000
v -2.809850 4.135788 17.500000
v -2.833097 4.518629 17.833334
v -2.744563 4.377421 17.666666
v -2.695331 4.211317 17.500000
v -2.578783 4.283676 17.500000
v -2.582111 4.666599 17.833334
v -2.501420 4.520768 17.666666
v -2.460293 4.352810 17.500000
v -2.339952 4.418668 17.500000
v -2.323419 4.800643 17.833334
v -2.250812 4.650623 17.666666
v -2.217849 4.481199 17.500000
v -2.094077 4.540357 17.500000
v -2.057792 4.920359 17.833334
v -1.993486 4.766598 17.666666
v -1.968729 4.596097 17.500000
v -1.841898 4.648377 17.500000
v -1.786025 5.025392 17.833334
v -1.730211 4.868348 17.666666
v -1.713681 4.697158 17.500000
v -1.584174 4.742404 17.500000
v -1.508927 5.115426 17.833334
v -1.461773 4.955569 17.666666
v -1.453475 4.784079 17.500000
v -1.321681 4.822153 17.500000
v -1.227326 5.190194 17.833334
v -1.188972 5.028001 17.666666
v -1.188892 4.856597 17.500000
v -1.055209 4.887385 17.500000
v -0.942062 5.249473 17.833334
v -0.912623 5.085427 17.666666
v -0.920731 4.914495 17.500000
v -0.785560 4.937904 17.500000
v -0.653987 5.293085 17.833334
v -0.633550 5.127676 17.666666
v -0.649797 4.957597 17.500000
v -0.513546 4.973557 17.500000
v -0.363960 5.320900 17.833334
v -0.376908 4.985774 17.500000
v -0.352586 5.154622 17.666666
v -0.239986 4.994237 17.500000
v -0.072846 5.332836 17.833334
v -0.102883 4.998941 17.500000
v -0.070570 5.166185 17.666666
v 0.034297 4.999882 17.500000
v 0.218484 5.328856 17.833334
v 0.171451 4.997060 17.500000
v 0.211657 5.162330 17.666666
v 0.308476 4.990475 17.500000
v 0.509163 5.308973 17.833334
v 0.445269 4.980134 17.500000
v 0.493252 5.143068 17.666666
v 0.581726 4.966044 17.500000
v 0.798322 5.273246 17.833334
v 0.717746 4.948216 17.500000
v 0.773375 5.108457 17.666666
v 0.853225 4.926663 17.500000
v 1.085099 5.221782 17.833334
v 0.988063 4.901401 17.500000
v 1.051189 5.058601 17.666666
v 1.122156 4.872450 17.500000
v 1.368637 5.154734 17.833334
v 1.325867 4.993648 17.666666
v 1.255405 4.839830 17.500000
v 1.387708 4.803568 17.500000
v 1.648091 5.072301 17.833334
v 1.596588 4.913792 17.666666
v 1.518967 4.763690 17.500000
v 1.649083 4.720225 17.500000
v 1.922626 4.974731 17.833334
v 1.777957 4.673208 17.500000
v 1.862544 4.819271 17.666666
v 1.905493 4.622672 17.500000
v 2.191423 4.862315 17.833334
v 2.122941 4.710368 17.666666
v 2.031594 4.568657 17.500000
v 2.156166 4.511202 17.500000
v 2.453680 4.735388 17.833334
v 2.377003 4.587407 17.666666
v 2.279115 4.450352 17.500000
v 2.400349 4.386152 17.500000
v 2.708615 4.594328 17.833334
v 2.519775 4.318649 17.500000
v 2.623971 4.450756 17.666666
v 2.637305 4.247896 17.500000
v 2.955466 4.439557 17.833334
v 2.863107 4.300821 17.666666
v 2.752849 4.173945 17.500000
v 2.866321 4.096853 17.500000
v 3.193496 4.271537 17.833334
v 2.977636 4.016676 17.500000
v 3.093699 4.138052 17.666666
v 3.086709 3.933475 17.500000
v 3.421996 4.090768 17.833334
v 3.315059 3.962932 17.666666
v 3.193458 3.847314 17.500000
v 3.297803 3.758257 17.500000
v 3.640283 3.897792 17.833334
v 3.526525 3.775986 17.666666
v 3.399666 3.666370 17.500000
v 3.498970 3.571723 17.500000
v 3.847707 3.693182 17.833334
v 3.595640 3.474388 17.500000
v 3.727466 3.577770 17.666666
v 3.689603 3.374438 17.500000
v 4.043647 3.477551 17.833334
v 3.917283 3.368878 17.666666
v 3.780789 3.271947 17.500000
v 3.869129 3.166993 17.500000
v 4.227520 3.251542 17.833334
v 3.954556 3.059655 17.500000
v 4.095409 3.149931 17.666666
v 4.037006 2.950014 17.500000
v 4.398775 3.015828 17.833334
v 4.261313 2.921584 17.666666
v 4.116417 2.838152 17.500000
v 4.192730 2.724154 17.500000
v 4.556903 2.771114 17.833334
v 4.414500 2.684517 17.666666
v 4.265887 2.608105 17.500000
v 4.335832 2.490093 17.500000
v 4.701432 2.518131 17.833334
v 4.554513 2.439439 17.666666
v 4.402513 2.370206 17.500000
v 4.465880 2.248535 17.500000
v 4.831930 2.257631 17.833334
v 4.680932 2.187080 17.666666
v 4.525886 2.125172 17.500000
v 4.582485 2.000209 17.500000
v 4.948007 1.990395 17.833334
v 4.635634 1.873740 17.500000
v 4.793382 1.928195 17.666666
v 4.685293 1.745860 17.500000
v 5.049317 1.717218 17.833334
v 4.891526 1.663555 17.666666
v 4.731426 1.616666 17.500000
v 4.773997 1.486256 17.500000
v 5.135559 1.438916 17.833334
v 4.975073 1.393950 17.666666
v 4.812974 1.354726 17.500000
v 4.848328 1.222177 17.500000
v 5.206474 1.156320 17.833334
v 4.880032 1.088708 17.500000
v 5.043771 1.120185 17.666666
v 4.908063 0.954419 17.500000
v 5.261850 0.870273 17.833334
v 4.932399 0.819412 17.500000
v 5.097417 0.843077 17.666666
v 4.953023 0.683788 17.500000
v 5.301524 0.581629 17.833334
v 4.969918 0.547649 17.500000
v 5.135851 0.563453 17.666666
v 4.983071 0.411098 17.500000
v 5.325375 0.291249 17.833334
v 5.158957 0.282148 17.666666
v 4.992474 0.274237 17.500000
v 4.998118 0.137170 17.500000
v 5.325375 -0.291249 17.833334
v 5.158957 -0.282148 17.666666
v 4.992474 -0.274237 17.500000
v 4.983071 -0.411098 17.500000
v 5.301524 -0.581629 17.833334
v 5.135851 -0.563453 17.666666
v 4.969918 -0.547649 17.500000
v 4.953023 -0.683788 17.500000
v 5.261850 -0.870273 17.833334
v 5.097417 -0.843077 17.666666
v 4.932399 -0.819412 17.500000
v 4.908063 -0.954419 17.500000
v 5.206474 -1.156320 17.833334
v 5.043771 -1.120185 17.666666
v 4.880032 -1.088708 17.500000
v 4.848328 -1.222177 17.500000
v 5.135559 -1.438916 17.833334
v 4.975073 -1.393950 17.666666
v 4.812974 -1.354726 17.500000
v 4.773997 -1.486256 17.500000
v 5.049317 -1.717218 17.833334
v 4.891526 -1.663555 17.666666
v 4.731426 -1.616666 17.500000
v 4.685293 -1.745860 17.500000
v 4.948007 -1.990395 17.833334
v 4.635634 -1.873740 17.500000
v 4.793382 -1.928195 17.666666
v 4.582485 -2.000209 17.500000
v 4.831930 -2.257631 17.833334
v 4.680932 -2.187080 17.666666
v 4.525886 -2.125172 17.500000
v 4.465880 -2.248535 17.500000
v 4.701432 -2.518131 17.833334
v 4.554513 -2.439439 17.666666
v 4.402513 -2.370206 17.500000
v 4.335832 -2.490093 17.500000
v 4.556903 -2.771114 17.833334
v 4.414500 -2.684517 17.666666
v 4.265887 -2.608105 17.500000
v 4.192730 -2.724154 17.500000
v 4.398775 -3.015828 17.833334
v 4.261313 -2.921584 17.666666
v 4.116417 -2.838152 17.500000
v 4.037006 -2.950014 17.500000
v 4.227520 -3.251542 17.833334
v 4.095409 -3.149931 17.666666
v 3.954556 -3.059655 17.500000
v 3.869129 -3.166993 17.500000
v 4.043647 -3.477551 17.833334
v 3.917283 -3.368878 17.666666
v 3.780789 -3.271947 17.500000
v 3.689603 -3.374438 17.500000
v 3.847707 -3.693182 17.833334
v 3.727466 -3.577770 17.666666
v 3.595640 -3.474388 17.500000
v 3.498970 -3.571723 17.500000
v 3.640283 -3.897792 17.833334
v 3.526525 -3.775986 17.666666
v 3.399666 -3.666370 17.500000
v 3.297803 -3.758257 17.500000
v 3.421996 -4.090768 17.833334
v 3.315059 -3.962932 17.666666
v 3.193458 -3.847314 17.500000
v 3.086709 -3.933475 17.500000
v 3.193496 -4.271537 17.833334
v 3.093699 -4.138052 17.666666
v 2.977636 -4.016676 17.500000
v 2.866321 -4.096853 17.500000
v 2.955466 -4.439557 17.833334
v 2.863107 -4.300821 17.666666
v 2.752849 -4.173945 17.500000
v 2.637305 -4.247896 17.500000
v 2.708615 -4.594328 17.833334
v 2.623971 -4.450756 17.666666
v 2.519775 -4.318649 17.500000
v 2.400349 -4.386152 17.500000
v 2.453680 -4.735388 17.833334
v 2.377003 -4.587407 17.666666
v 2.279115 -4.450352 17.500000
v 2.156166 -4.511202 17.500000
v 2.191423 -4.862315 17.833334
v 2.122941 -4.710368 17.666666
v 2.031594 -4.568657 17.500000
v 1.905493 -4.622672 17.500000
v 1.922626 -4.974731 17.833334
v 1.862544 -4.819271 17.666666
v 1.777957 -4.673208 17.500000
v 1.649083 -4.720225 17.500000
v 1.518967 -4.763690 17.500000
v 8.000000 -0.000000 0.000000
v 7.996989 0.219472 0.000000
v 7.987958 0.438780 0.000000
v 7.972914 0.657756 0.000000
v 7.951868 0.876238 0.000000
v 7.924837 1.094060 0.000000
v 7.891839 1.311059 0.000000
v 7.852901 1.527071 0.000000
v 7.808052 1.741933 0.000000
v 7.757325 1.955483 0.000000
v 7.700758 2.167562 0.000000
v 7.638394 2.378009 0.000000
v 7.570281 2.586666 0.000000
v 7.496469 2.793376 0.000000
v 7.417014 2.997983 0.000000
v 7.331975 3.200334 0.000000
v 7.241418 3.400275 0.000000
v 7.145409 3.597656 0.000000
v 7.044021 3.792330 0.000000
v 6.937331 3.984149 0.000000
v 6.825418 4.172968 0.000000
v 6.708368 4.358646 0.000000
v 6.586268 4.541043 0.000000
v 6.459210 4.720022 0.000000
v 6.327289 4.895448 0.000000
v 6.190606 5.067189 0.000000
v 6.049262 5.235115 0.000000
v 5.903365 5.399100 0.000000
v 5.753024 5.559021 0.000000
v 5.598352 5.714757 0.000000
v 5.439466 5.866192 0.000000
v 5.276485 6.013211 0.000000
v 5.109533 6.155703 0.000000
v 4.938734 6.293561 0.000000
v 4.764217 6.426682 0.000000
v 4.586114 6.554965 0.000000
v 4.404559 6.678313 0.000000
v 4.219687 6.796634 0.000000
v 4.031640 6.909839 0.000000
v 3.840558 7.017843 0.000000
v 3.646585 7.120564 0.000000
v 3.449866 7.217924 0.000000
v 3.250551 7.309851 0.000000
v 3.048789 7.396276 0.000000
v 2.844731 7.477132 0.000000
v 2.638532 7.552361 0.000000
v 2.430348 7.621903 0.000000
v 2.220333 7.685709 0.000000
v 2.008647 7.743729 0.000000
v 1.795449 7.795919 0.000000
v 1.580900 7.842242 0.000000
v 1.365161 7.882660 0.000000
v 1.148394 7.917145 0.000000
v 0.930762 7.945671 0.000000
v 0.712430 7.968215 0.000000
v 0.493561 7.984760 0.000000
v 0.274321 7.995296 0.000000
v 0.054875 7.999812 0.000000
v -0.164613 7.998306 0.000000
v -0.383977 7.990780 0.000000
v -0.603052 7.977238 0.000000
v -0.821673 7.957692 0.000000
v -1.039676 7.932155 0.000000
v -1.256895 7.900646 0.000000
v -1.473169 7.863191 0.000000
v -1.688334 7.819817 0.000000
v -1.902227 7.770555 0.000000
v -2.114689 7.715445 0.000000
v -2.325559 7.654526 0.000000
v -2.534678 7.587846 0.000000
v -2.741890 7.515453 0.000000
v -2.947037 7.437404 0.000000
v -3.149966 7.353755 0.000000
v -3.350524 7.264571 0.000000
v -3.548559 7.169918 0.000000
v -3.743923 7.069868 0.000000
v -3.936469 6.964496 0.000000
v -4.126052 6.853882 0.000000
v -4.312529 6.738108 0.000000
v -4.495759 6.617261 0.000000
v -4.675605 6.491434 0.000000
v -4.851932 6.360720 0.000000
v -5.024606 6.225218 0.000000
v -5.193498 6.085029 0.000000
v -5.358480 5.940260 0.000000
v -5.519428 5.791020 0.000000
v -5.676222 5.637420 0.000000
v -5.828743 5.479576 0.000000
v -5.976876 5.317608 0.000000
v -6.120510 5.151637 0.000000
v -6.259537 4.981787 0.000000
v -6.393851 4.808187 0.000000
v -6.523353 4.630969 0.000000
v -6.647943 4.450264 0.000000
v -6.767530 4.266209 0.000000
v -6.882022 4.078942 0.000000
v -6.991334 3.888605 0.000000
v -7.095383 3.695341 0.000000
v -7.194090 3.499295 0.000000
v -7.287382 3.300615 0.000000
v -7.375189 3.099450 0.000000
v -7.457443 2.895952 0.000000
v -7.534084 2.690274 0.000000
v -7.605053 2.482571 0.000000
v -7.670298 2.273000 0.000000
v -7.729769 2.061717 0.000000
v -7.783421 1.848882 0.000000
v -7.831213 1.634655 0.000000
v -7.873111 1.419198 0.000000
v -7.909082 1.202673 0.000000
v -7.939099 0.985242 0.000000
v -7.963140 0.767069 0.000000
v -7.981187 0.548320 0.000000
v -7.993226 0.329157 0.000000
v -7.999247 0.109747 0.000000
v -7.999247 -0.109747 0.000000
v -7.993226 -0.329157 0.000000
v -7.981187 -0.548320 0.000000
v -7.963140 -0.767069 0.000000
v -7.939099 -0.985242 0.000000
v -7.909082 -1.202673 0.000000
v -7.873111 -1.419198 0.000000
v -7.831213 -1.634655 0.000000
v -7.783421 -1.848882 0.000000
v -7.729769 -2.061717 0.000000
v -7.670298 -2.273000 0.000000
v -7.605053 -2.482571 0.000000
v -7.534084 -2.690274 0.000000
v -7.457443 -2.895952 0.000000
v -7.375189 -3.099450 0.000000
v -7.287382 -3.300615 0.000000
v -7.194090 -3.499295 0.000000
v -7.095383 -3.695341 0.000000
v -6.991334 -3.888605 0.000000
v -6.882022 -4.078942 0.000000
v -6.767530 -4.266209 0.000000
v -6.647943 -4.450264 0.000000
v -6.523353 -4.630969 0.000000
v -6.393851 -4.808187 0.000000
v -6.259537 -4.981787 0.000000
v -6.120510 -5.151637 0.000000
v -5.976876 -5.317608 0.000000
v -5.828743 -5.479576 0.000000
v -5.676222 -5.637420 0.000000
v -5.519428 -5.791020 0.000000
v -5.358480 -5.940260 0.000000
v -5.193498 -6.085029 0.000000
v -5.024606 -6.225218 0.000000
v -4.851932 -6.360720 0.000000
v -4.675605 -6.491434 0.000000
v -4.495759 -6.617261 0.000000
v -4.312529 -6.738108 0.000000
v -4.126052 -6.853882 0.000000
v -3.936469 -6.964496 0.000000
v -3.743923 -7.069868 0.000000
v -3.548559 -7.169918 0.000000
v -3.350524 -7.264571 0.000000
v -3.149966 -7.353755 0.000000
v -2.947037 -7.437404 0.000000
v -2.741890 -7.515453 0.000000
v -2.534678 -7.587846 0.000000
v -2.325559 -7.654526 0.000000
v -2.114689 -7.715445 0.000000
v -1.902227 -7.770555 0.000000
v -1.688334 -7.819817 0.000000
v -1.473169 -7.863191 0.000000
v -1.256895 -7.900646 0.000000
v -1.039676 -7.932155 0.000000
v -0.821673 -7.957692 0.000000
v -0.603052 -7.977238 0.000000
v -0.383977 -7.990780 0.000000
v -0.164613 -7.998306 0.000000
v 0.054875 -7.999812 0.000000
v 0.274321 -7.995296 0.000000
v 0.493561 -7.984760 0.000000
v 0.712430 -7.968215 0.000000
v 0.930762 -7.945671 0.000000
v 1.148394 -7.917145 0.000000
v 1.365161 -7.882660 0.000000
v 1.580900 -7.842242 0.000000
v 1.795449 -7.795919 0.000000
v 2.008647 -7.743729 0.000000
v 2.220333 -7.685709 0.000000
v 2.430348 -7.621903 0.000000
v 2.638532 -7.552361 0.000000
v 2.844731 -7.477132 0.000000
v 3.048789 -7.396276 0.000000
v 3.250551 -7.309851 0.000000
v 3.449866 -7.217924 0.000000
v 3.646585 -7.120564 0.000000
v 3.840558 -7.017843 0.000000
v 4.031640 -6.909839 0.000000
v 4.219687 -6.796634 0.000000
v 4.404559 -6.678313 0.000000
v 4.586114 -6.554965 0.000000
v 4.764217 -6.426682 0.000000
v 4.938734 -6.293561 0.000000
v 5.109533 -6.155703 0.000000
v 5.276485 -6.013211 0.000000
v 5.439466 -5.866192 0.000000
v 5.598352 -5.714757 0.000000
v 5.753024 -5.559021 0.000000
v 5.903365 -5.399100 0.000000
v 6.049262 -5.235115 0.000000
v 6.190606 -5.067189 0.000000
v 6.327289 -4.895448 0.000000
v 6.459210 -4.720022 0.000000
v 6.586268 -4.541043 0.000000
v 6.708368 -4.358646 0.000000
v 6.825418 -4.172968 0.000000
v 6.937331 -3.984149 0.000000
v 7.044021 -3.792330 0.000000
v 7.145409 -3.597656 0.000000
v 7.241418 -3.400275 0.000000
v 7.331975 -3.200334 0.000000
v 7.417014 -2.997983 0.000000
v 7.496469 -2.793376 0.000000
v 7.570281 -2.586666 0.000000
v 7.638394 -2.378009 0.000000
v 7.700758 -2.167562 0.000000
v 7.757325 -1.955483 0.000000
v 7.808052 -1.741933 0.000000
v 7.852901 -1.527071 0.000000
v 7.891839 -1.311059 0.000000
v 7.924837 -1.094060 0.000000
v 7.951868 -0.876238 0.000000
v 7.972914 -0.657756 0.000000
v 7.987958 -0.438780 0.000000
v 7.996989 -0.219472 0.000000
v 5.000000 -0.000000 2.000000
v 4.998118 0.137170 2.000000
v 4.992474 0.274237 2.000000
v 4.983071 0.411098 2.000000
v 4.969918 0.547649 2.000000
v 4.953023 0.683788 2.000000
v 4.932399 0.819412 2.000000
v 4.908063 0.954419 2.000000
v 4.880032 1.088708 2.000000
v 4.848328 1.222177 2.000000
v 4.812974 1.354726 2.000000
v 4.773997 1.486256 2.000000
v 4.731426 1.616666 2.000000
v 4.685293 1.745860 2.000000
v 4.635634 1.873740 2.000000
v 4.582485 2.000209 2.000000
v 4.525886 2.125172 2.000000
v 4.465880 2.248535 2.000000
v 4.402513 2.370206 2.000000
v 4.335832 2.490093 2.000000
v 4.265887 2.608105 2.000000
v 4.192730 2.724154 2.000000
v 4.116417 2.838152 2.000000
v 4.037006 2.950014 2.000000
v 3.954556 3.059655 2.000000
v 3.869129 3.166993 2.000000
v 3.780789 3.271947 2.000000
v 3.689603 3.374438 2.000000
v 3.595640 3.474388 2.000000
v 3.498970 3.571723 2.000000
v 3.399666 3.666370 2.000000
v 3.297803 3.758257 2.000000
v 3.193458 3.847314 2.000000
v 3.086709 3.933475 2.000000
v 2.977636 4.016676 2.000000
v 2.866321 4.096853 2.000000
v 2.752849 4.173945 2.000000
v 2.637305 4.247896 2.000000
v 2.519775 4.318649 2.000000
v 2.400349 4.386152 2.000000
v 2.279115 4.450352 2.000000
v 2.156166 4.511202 2.000000
v 2.031594 4.568657 2.000000
v 1.905493 4.622672 2.000000
v 1.777957 4.673208 2.000000
v 1.649083 4.720225 2.000000
v 1.518967 4.763690 2.000000
v 1.387708 4.803568 2.000000
v 1.255405 4.839830 2.000000
v 1.122156 4.872450 2.000000
v 0.988063 4.901401 2.000000
v 0.853225 4.926663 2.000000
v 0.717746 4.948216 2.000000
v 0.581726 4.966044 2.000000
v 0.445269 4.980134 2.000000
v 0.308476 4.990475 2.000000
v 0.171451 4.997060 2.000000
v 0.034297 4.999882 2.000000
v -0.102883 4.998941 2.000000
v -0.239986 4.994237 2.000000
v -0.376908 4.985774 2.000000
v -0.513546 4.973557 2.000000
v -0.649797 4.957597 2.000000
v -0.785560 4.937904 2.000000
v -0.920731 4.914495 2.000000
v -1.055209 4.887385 2.000000
v -1.188892 4.856597 2.000000
v -1.321681 4.822153 2.000000
v -1.453475 4.784079 2.000000
v -1.584174 4.742404 2.000000
v -1.713681 4.697158 2.000000
v -1.841898 4.648377 2.000000
v -1.968729 4.596097 2.000000
v -2.094077 4.540357 2.000000
v -2.217849 4.481199 2.000000
v -2.339952 4.418668 2.000000
v -2.460293 4.352810 2.000000
v -2.578783 4.283676 2.000000
v -2.695331 4.211317 2.000000
v -2.809850 4.135788 2.000000
v -2.922253 4.057146 2.000000
v -3.032457 3.975450 2.000000
v -3.140379 3.890761 2.000000
v -3.245936 3.803143 2.000000
v -3.349050 3.712663 2.000000
v -3.449643 3.619387 2.000000
v -3.547639 3.523387 2.000000
v -3.642964 3.424735 2.000000
v -3.735548 3.323505 2.000000
v -3.825319 3.219773 2.000000
v -3.912210 3.113617 2.000000
v -3.996157 3.005117 2.000000
v -4.077096 2.894355 2.000000
v -4.154965 2.781415 2.000000
v -4.229706 2.666380 2.000000
v -4.301264 2.549339 2.000000
v -4.369584 2.430378 2.000000
v -4.434614 2.309588 2.000000
v -4.496306 2.187059 2.000000
v -4.554614 2.062884 2.000000
v -4.609493 1.937156 2.000000
v -4.660902 1.809970 2.000000
v -4.708803 1.681422 2.000000
v -4.753159 1.551607 2.000000
v -4.793936 1.420625 2.000000
v -4.831105 1.288573 2.000000
v -4.864638 1.155551 2.000000
v -4.894508 1.021660 2.000000
v -4.920694 0.886999 2.000000
v -4.943176 0.751670 2.000000
v -4.961937 0.615776 2.000000
v -4.976963 0.479418 2.000000
v -4.988242 0.342700 2.000000
v -4.995766 0.205723 2.000000
v -4.999529 0.068592 2.000000
v -4.999529 -0.068592 2.000000
v -4.995766 -0.205723 2.000000
v -4.988242 -0.342700 2.000000
v -4.976963 -0.479418 2.000000
v -4.961937 -0.615776 2.000000
v -4.943176 -0.751670 2.000000
v -4.920694 -0.886999 2.000000
v -4.894508 -1.021660 2.000000
v -4.864638 -1.155551 2.000000
v -4.831105 -1.288573 2.000000
v -4.793936 -1.420625 2.000000
v -4.753159 -1.551607 2.000000
v -4.708803 -1.681422 2.000000
v -4.660902 -1.809970 2.000000
v -4.609493 -1.937156 2.000000
v -4.554614 -2.062884 2.000000
v -4.496306 -2.187059 2.000000
v -4.434614 -2.309588 2.000000
v -4.369584 -2.430378 2.000000
v -4.301264 -2.549339 2.000000
v -4.229706 -2.666380 2.000000
v -4.154965 -2.781415 2.000000
v -4.077096 -2.894355 2.000000
v -3.996157 -3.005117 2.000000
v -3.912210 -3.113617 2.000000
v -3.825319 -3.219773 2.000000
v -3.735548 -3.323505 2.000000
v -3.642964 -3.424735 2.000000
v -3.547639 -3.523387 2.000000
v -3.449643 -3.619387 2.000000
v -3.349050 -3.712663 2.000000
v -3.245936 -3.803143 2.000000
v -3.140379 -3.890761 2.000000
v -3.032457 -3.975450 2.000000
v -2.922253 -4.057146 2.000000
v -2.809850 -4.135788 2.000000
v -2.695331 -4.211317 2.000000
v -2.578783 -4.283676 2.000000
v -2.460293 -4.352810 2.000000
v -2.339952 -4.418668 2.000000
v -2.217849 -4.481199 2.000000
v -2.094077 -4.540357 2.000000
v -1.968729 -4.596097 2.000000
v -1.841898 -4.648377 2.000000
v -1.713681 -4.697158 2.000000
v -1.584174 -4.742404 2.000000
v -1.453475 -4.784079 2.000000
v -1.321681 -4.822153 2.000000
v -1.188892 -4.856597 2.000000
v -1.055209 -4.887385 2.000000
v -0.920731 -4.914495 2.000000
v -0.785560 -4.937904 2.000000
v -0.649797 -4.957597 2.000000
v -0.513546 -4.973557 2.000000
v -0.376908 -4.985774 2.000000
v -0.239986 -4.994237 2.000000
v -0.102883 -4.998941 2.000000
v 0.034297 -4.999882 2.000000
v 0.171451 -4.997060 2.000000
v 0.308476 -4.990475 2.000000
v 0.445269 -4.980134 2.000000
v 0.581726 -4.966044 2.000000
v 0.717746 -4.948216 2.000000
v 0.853225 -4.926663 2.000000
v 0.988063 -4.901401 2.000000
v 1.122156 -4.872450 2.000000
v 1.255405 -4.839830 2.000000
v 1.387708 -4.803568 2.000000
v 1.518967 -4.763690 2.000000
v 1.649083 -4.720225 2.000000
v 1.777957 -4.673208 2.000000
v 1.905493 -4.622672 2.000000
v 2.031594 -4.568657 2.000000
v 2.156166 -4.511202 2.000000
v 2.279115 -4.450352 2.000000
v 2.400349 -4.386152 2.000000
v 2.519775 -4.318649 2.000000
v 2.637305 -4.247896 2.000000
v 2.752849 -4.173945 2.000000
v 2.866321 -4.096853 2.000000
v 2.977636 -4.016676 2.000000
v 3.086709 -3.933475 2.000000
v 3.193458 -3.847314 2.000000
v 3.297803 -3.758257 2.000000
v 3.399666 -3.666370 2.000000
v 3.498970 -3.571723 2.000000
v 3.595640 -3.474388 2.000000
v 3.689603 -3.374438 2.000000
v 3.780789 -3.271947 2.000000
v 3.869129 -3.166993 2.000000
v 3.954556 -3.059655 2.000000
v 4.037006 -2.950014 2.000000
v 4.116417 -2.838152 2.000000
v 4.192730 -2.724154 2.000000
v 4.265887 -2.608105 2.000000
v 4.335832 -2.490093 2.000000
v 4.402513 -2.370206 2.000000
v 4.465880 -2.248535 2.000000
v 4.525886 -2.125172 2.000000
v 4.582485 -2.000209 2.000000
v 4.635634 -1.873740 2.000000
v 4.685293 -1.745860 2.000000
v 4.731426 -1.616666 2.000000
v 4.773997 -1.486256 2.000000
v 4.812974 -1.354726 2.000000
v 4.848328 -1.222177 2.000000
v 4.880032 -1.088708 2.000000
v 4.908063 -0.954419 2.000000
v 4.932399 -0.819412 2.000000
v 4.953023 -0.683788 2.000000
v 4.969918 -0.547649 2.000000
v 4.983071 -0.411098 2.000000
v 4.992474 -0.274237 2.000000
v 4.998118 -0.137170 2.000000
v -2.037809 -2.063331 0.000000
v -2.093451 -2.006854 0.000000
v -1.980644 -2.118266 0.000000
v -2.147528 -1.948878 0.000000
v -1.921999 -2.171617 0.000000
v -2.200000 -1.889444 0.000000
v -1.861917 -2.223346 0.000000
v -1.800444 -2.273412 0.000000
v -1.737625 -2.321779 0.000000
v -1.673507 -2.368412 0.000000
v -1.608139 -2.413274 0.000000
v -1.541568 -2.456332 0.000000
v -1.473846 -2.497555 0.000000
v -1.405022 -2.536911 0.000000
v -1.335147 -2.574370 0.000000
v -1.264275 -2.609906 0.000000
v -1.192458 -2.643491 0.000000
v -1.119750 -2.675100 0.000000
v -1.046205 -2.704710 0.000000
v -0.971878 -2.732298 0.000000
v -0.896824 -2.757844 0.000000
v -0.821100 -2.781330 0.000000
v -0.744763 -2.802736 0.000000
v -0.667869 -2.822047 0.000000
v -0.590476 -2.839250 0.000000
v -0.512641 -2.854330 0.000000
v -0.434423 -2.867277 0.000000
v -0.355881 -2.878081 0.000000
v -0.277072 -2.886734 0.000000
v -0.198057 -2.893229 0.000000
v -0.118893 -2.897562 0.000000
v -0.039641 -2.899729 0.000000
v 0.039641 -2.899729 0.000000
v 0.118893 -2.897562 0.000000
v 0.198057 -2.893229 0.000000
v 0.277072 -2.886734 0.000000
v 0.355881 -2.878081 0.000000
v 0.434423 -2.867277 0.000000
v 0.512641 -2.854330 0.000000
v 0.590476 -2.839250 0.000000
v 0.667869 -2.822047 0.000000
v 0.744763 -2.802736 0.000000
v 0.821100 -2.781330 0.000000
v 0.896824 -2.757844 0.000000
v 0.971878 -2.732298 0.000000
v 1.046205 -2.704710 0.000000
v 1.119750 -2.675100 0.000000
v 1.192458 -2.643491 0.000000
v 1.264275 -2.609906 0.000000
v 1.335147 -2.574370 0.000000
v 1.405022 -2.536911 0.000000
v 1.473846 -2.497555 0.000000
v 1.541568 -2.456332 0.000000
v 1.608139 -2.413274 0.000000
v 1.673507 -2.368412 0.000000
v 1.737625 -2.321779 0.000000
v 1.800444 -2.273412 0.000000
v 1.861917 -2.223346 0.000000
v -2.200000 1.889444 0.000000
v 1.921999 -2.171617 0.000000
v -2.147528 1.948878 0.000000
v 1.980644 -2.118266 0.000000
v -2.093451 2.006854 0.000000
v 2.037809 -2.063331 0.000000
v -2.037809 2.063331 0.000000
v 2.093451 -2.006854 0.000000
v -1.980644 2.118266 0.000000
v 2.147528 -1.948878 0.000000
v -1.921999 2.171617 0.000000
v 2.200000 -1.889444 0.000000
v -1.861917 2.223346 0.000000
v -1.800444 2.273412 0.000000
v -1.737625 2.321779 0.000000
v -1.673507 2.368412 0.000000
v -1.608139 2.413274 0.000000
v -1.541568 2.456332 0.000000
v -1.473846 2.497555 0.000000
v -1.405022 2.536911 0.000000
v -1.335147 2.574370 0.000000
v -1.264275 2.609906 0.000000
v -1.192458 2.643491 0.000000
v -1.119750 2.675100 0.000000
v -1.046205 2.704710 0.000000
v -0.971878 2.732298 0.000000
v -0.896824 2.757844 0.000000
v -0.821100 2.781330 0.000000
v -0.744763 2.802736 0.000000
v -0.667869 2.822047 0.000000
v -0.590476 2.839250 0.000000
v -0.512641 2.854330 0.000000
v -0.434423 2.867277 0.000000
v -0.355881 2.878081 0.000000
v -0.277072 2.886734 0.000000
v -0.198057 2.893229 0.000000
v -0.118893 2.897562 0.000000
v -0.039641 2.899729 0.000000
v 2.200000 1.889444 0.000000
v 0.039641 2.899729 0.000000
v 0.118893 2.897562 0.000000
v 0.198057 2.893229 0.000000
v 0.277072 2.886734 0.000000
v 0.355881 2.878081 0.000000
v 0.434423 2.867277 0.000000
v 0.512641 2.854330 0.000000
v 0.590476 2.839250 0.000000
v 0.667869 2.822047 0.000000
v 0.744763 2.802736 0.000000
v 0.821100 2.781330 0.000000
v 0.896824 2.757844 0.000000
v 0.971878 2.732298 0.000000
v 1.046205 2.704710 0.000000
v 1.119750 2.675100 0.000000
v 1.192458 2.643491 0.000000
v 1.264275 2.609906 0.000000
v 1.335147 2.574370 0.000000
v 1.405022 2.536911 0.000000
v 1.473846 2.497555 0.000000
v 1.541568 2.456332 0.000000
v 1.608139 2.413274 0.000000
v 1.673507 2.368412 0.000000
v 1.737625 2.321779 0.000000
v 1.800444 2.273412 0.000000
v 1.861917 2.223346 0.000000
v 2.147528 1.948878 0.000000
v 1.921999 2.171617 0.000000
v 2.093451 2.006854 0.000000
v 1.980644 2.118266 0.000000
v 2.037809 2.063331 0.000000
v -2.037809 -2.063331 2.000000
v -2.093451 -2.006854 2.000000
v -1.980644 -2.118266 2.000000
v -2.147528 -1.948878 2.000000
v -1.921999 -2.171617 2.000000
v -2.200000 -1.889444 2.000000
v -1.861917 -2.223346 2.000000
v -1.800444 -2.273412 2.000000
v -1.737625 -2.321779 2.000000
v -1.673507 -2.368412 2.000000
v -1.608139 -2.413274 2.000000
v -1.541568 -2.456332 2.000000
v -1.473846 -2.497555 2.000000
v -1.405022 -2.536911 2.000000
v -1.335147 -2.574370 2.000000
v -1.264275 -2.609906 2.000000
v -1.192458 -2.643491 2.000000
v -1.119750 -2.675100 2.000000
v -1.046205 -2.704710 2.000000
v -0.971878 -2.732298 2.000000
v -0.896824 -2.757844 2.000000
v -0.821100 -2.781330 2.000000
v -0.744763 -2.802736 2.000000
v -0.667869 -2.822047 2.000000
v -0.590476 -2.839250 2.000000
v -0.512641 -2.854330 2.000000
v -0.434423 -2.867277 2.000000
v -0.355881 -2.878081 2.000000
v -0.277072 -2.886734 2.000000
v -0.198057 -2.893229 2.000000
v -0.118893 -2.897562 2.000000
v -0.039641 -2.899729 2.000000
v 0.039641 -2.899729 2.000000
v 0.118893 -2.897562 2.000000
v 0.198057 -2.893229 2.000000
v 0.277072 -2.886734 2.000000
v 0.355881 -2.878081 2.000000
v 0.434423 -2.867277 2.000000
v 0.512641 -2.854330 2.000000
v 0.590476 -2.839250 2.000000
v 0.667869 -2.822047 2.000000
v 0.744763 -2.802736 2.000000
v 0.821100 -2.781330 2.000000
v 0.896824 -2.757844 2.000000
v 0.971878 -2.732298 2.000000
v 1.046205 -2.704710 2.000000
v 1.119750 -2.675100 2.000000
v 1.192458 -2.643491 2.000000
v 1.264275 -2.609906 2.000000
v 1.335147 -2.574370 2.000000
v 1.405022 -2.536911 2.000000
v 1.473846 -2.497555 2.000000
v 1.541568 -2.456332 2.000000
v 1.608139 -2.413274 2.000000
v 1.673507 -2.368412 2.000000
v 1.737625 -2.321779 2.000000
v 1.800444 -2.273412 2.000000
v 1.861917 -2.223346 2.000000
v -2.200000 1.889444 2.000000
v 1.921999 -2.171617 2.000000
v -2.147528 1.948878 2.000000
v 1.980644 -2.118266 2.000000
v -2.093451 2.006854 2.000000
v 2.037809 -2.063331 2.000000
v -2.037809 2.063331 2.000000
v 2.093451 -2.006854 2.000000
v -1.980644 2.118266 2.000000
v 2.147528 -1.948878 2.000000
v -1.921999 2.171617 2.000000
v 2.200000 -1.889444 2.000000
v -1.861917 2.223346 2.000000
v -1.800444 2.273412 2.000000
v -1.737625 2.321779 2.000000
v -1.673507 2.368412 2.000000
v -1.608139 2.413274 2.000000
v -1.541568 2.456332 2.000000
v -1.473846 2.497555 2.000000
v -1.405022 2.536911 2.000000
v -1.335147 2.574370 2.000000
v -1.264275 2.609906 2.000000
v -1.192458 2.643491 2.000000
v -1.119750 2.675100 2.000000
v -1.046205 2.704710 2.000000
v -0.971878 2.732298 2.000000
v -0.896824 2.757844 2.000000
v -0.821100 2.781330 2.000000
v -0.744763 2.802736 2.000000
v -0.667869 2.822047 2.000000
v -0.590476 2.839250 2.000000
v -0.512641 2.854330 2.000000
v -0.434423 2.867277 2.000000
v -0.355881 2.878081 2.000000
v -0.277072 2.886734 2.000000
v -0.198057 2.893229 2.000000
v -0.118893 2.897562 2.000000
v -0.039641 2.899729 2.000000
v 2.200000 1.889444 2.000000
v 0.039641 2.899729 2.000000
v 0.118893 2.897562 2.000000
v 0.198057 2.893229 2.000000
v 0.277072 2.886734 2.000000
v 0.355881 2.878081 2.000000
v 0.434423 2.867277 2.000000
v 0.512641 2.854330 2.000000
v 0.590476 2.839250 2.000000
v 0.667869 2.822047 2.000000
v 0.744763 2.802736 2.000000
v 0.821100 2.781330 2.000000
v 0.896824 2.757844 2.000000
v 0.971878 2.732298 2.000000
v 1.046205 2.704710 2.000000
v 1.119750 2.675100 2.000000
v 1.192458 2.643491 2.000000
v 1.264275 2.609906 2.000000
v 1.335147 2.574370 2.000000
v 1.405022 2.536911 2.000000
v 1.473846 2.497555 2.000000
v 1.541568 2.456332 2.000000
v 1.608139 2.413274 2.000000
v 1.673507 2.368412 2.000000
v 1.737625 2.321779 2.000000
v 1.800444 2.273412 2.000000
v 1.861917 2.223346 2.000000
v 2.147528 1.948878 2.000000
v 1.921999 2.171617 2.000000
v 2.093451 2.006854 2.000000
v 1.980644 2.118266 2.000000
v 2.037809 2.063331 2.000000
vn 0.000000 0.000000 1.000000
vn 0.000000 0.000000 1.000000
vn 0.000000 0.000000 1.000000
vn 0.000000 0.000000 1.000000
vn 0.000000 0.000000 1.000000
vn 0.000000 0.000000 1.000000
vn 0.000000 0.000000 1.000000
vn 0.000000 0.000000 1.000000
vn 0.000000 0.000000 1.000000
vn 0.000000 0.000000 1.000000
vn 0.000000 0.000000 1.000000
vn 0.000000 0.000000 1.000000
vn 0.000000 0.000000 1.000000
vn 0.000000 0.000000 1.000000
vn 0.000000 0.000000 1.000000
vn 0.000000 0.000000 1.000000
vn 0.000000 0.000000 1.000000
vn 0.000000 0.000000 1.000000
vn 0.000000 0.000000 1.000000
vn 0.000000 0.000000 1.000000
vn 0.000000 0.000000 1.000000
vn 0.000000 0.000000 1.000000
vn 0.000000 0.000000 1.000000
vn 0.000000 0.000000 1.000000
vn 0.000000 0.000000 1.000000
vn 0.000000 0.000000 1.000000
vn 0.000000 0.000000 1.000000
vn 0.000000 0.000000 1.000000
vn 0.000000 0.000000 1.000000
vn 0.000000 0.000000 1.000000
vn 0.000000 0.000000 1.000000
vn 0.000000 0.000000 1.000000
vn 0.000000 0.000000 1.000000
vn 0.000000 0.000000 1.000000
vn 0.000000 0.000000 1.000000
vn 0.000000 0.000000 1.000000
vn 0.000000 0.000000 1.000000
vn 0.000000 0.000000 1.000000
vn 0.000000 0.000000 1.000000
vn 0.000000 0.000000 1.000000
vn 0.000000 0.000000 1.000000
vn 0.000000 0.000000 1.000000
vn 0.000000 0.000000 1.000000
vn 0.000000 0.000000 1.000000
vn 0.000000 0.000000 1.000000
vn 0.000000 0.000000 1.000000
vn 0.000000 0.000000 1.000000
vn 0.000000 0.000000 1.000000
vn 0.000000 0.000000 1.000000
vn 0.000000 0.000000 1.000000
vn 0.000000 0.000000 1.000000
vn 0.000000 0.000000 1.000000
vn 0.000000 0.000000 1.000000
vn 0.000000 0.000000 1.000000
vn 0.000000 0.000000 1.000000
vn 0.000000 0.000000 1.000000
vn 0.000000 0.000000 1.000000
vn 0.000000 0.000000 1.000000
vn 0.000000 0.000000 1.000000
vn 0.000000 0.000000 1.000000
vn 0.000000 0.000000 1.000000
vn 0.000000 0.000000 1.000000
vn 0.000000 0.000000 1.000000
vn 0.000000 0.000000 1.000000
vn 0.000000 0.000000 1.000000
vn 0.000000 0.000000 1.000000
vn 0.000000 0.000000 1.000000
vn 0.000000 0.000000 1.000000
vn 0.000000 0.000000 1.000000
vn 0.000000 0.000000 1.000000
vn 0.000000 0.000000 1.000000
vn 0.000000 0.000000 1.000000
vn 0.000000 0.000000 1.000000
vn 0.000000 0.000000 1.000000
vn 0.000000 0.000000 1.000000
vn 0.000000 0.000000 1.000000
vn 0.000000 0.000000 1.000000
vn 0.000000 0.000000 1.000000
vn 0.000000 0.000000 1.000000
vn 0.000000 0.000000 1.000000
vn 0.000000 0.000000 1.000000
vn 0.000000 0.000000 1.000000
vn 0.000000 0.000000 1.000000
vn 0.000000 0.000000 1.000000
vn 0.000000 0.000000 1.000000
vn 0.000000 0.000000 1.000000
vn 0.000000 0.000000 1.000000
vn 0.000000 0.000000 1.000000
vn 0.000000 0.000000 1.000000
vn 0.000000 0.000000 1.000000
vn 0.000000 0.000000 1.000000
vn 0.000000 0.000000 1.000000
vn 0.000000 0.000000 1.000000
vn 0.000000 0.000000 1.000000
vn 0.000000 0.000000 1.000000
vn 0.000000 0.000000 1.000000
vn 0.000000 0.000000 1.000000
vn 0.000000 0.000000 1.000000
vn 0.000000 0.000000 1.000000
vn 0.000000 0.000000 1.000000
vn 0.000000 0.000000 1.000000
vn 0.000000 0.000000 1.000000
vn 0.000000 0.000000 1.000000
vn 0.000000 0.000000 1.000000
vn 0.000000 0.000000 1.000000
vn 0.000000 0.000000 1.000000
vn 0.000000 0.000000 1.000000
vn 0.000000 0.000000 1.000000
vn 0.000000 0.000000 1.000000
vn 0.000000 0.000000 1.000000
vn 0.000000 0.000000 1.000000
vn 0.000000 0.000000 1.000000
vn 0.000000 0.000000 1.000000
vn 0.000000 0.000000 1.000000
vn 0.000000 0.000000 1.000000
vn 0.000000 0.000000 1.000000
vn 0.000000 0.000000 1.000000
vn 0.000000 0.000000 1.000000
vn 0.000000 0.000000 1.000000
vn 0.000000 0.000000 1.000000
vn 0.000000 0.000000 1.000000
vn 0.000000 0.000000 1.000000
vn 0.000000 0.000000 1.000000
vn 0.000000 0.000000 1.000000
vn 0.000000 0.000000 1.000000
vn 0.000000 0.000000 1.000000
vn 0.000000 0.000000 1.000000
vn 0.000000 0.000000 1.000000
vn 0.000000 0.000000 1.000000
vn 0.000000 0.000000 1.000000
vn 0.000000 0.000000 1.000000
vn 0.000000 0.000000 1.000000
vn 0.000000 0.000000 1.000000
vn 0.000000 0.000000 1.000000
vn 0.000000 0.000000 1.000000
vn 0.000000 0.000000 1.000000
vn 0.000000 0.000000 1.000000
vn 0.000000 0.000000 1.000000
vn 0.000000 0.000000 1.000000
vn 0.000000 0.000000 1.000000
vn 0.000000 0.000000 1.000000
vn 0.000000 0.000000 1.000000
vn 0.000000 0.000000 1.000000
vn 0.000000 0.000000 1.000000
vn 0.000000 0.000000 1.000000
vn 0.000000 0.000000 1.000000
vn 0.000000 0.000000 1.000000
vn 0.000000 0.000000 1.000000
vn 0.000000 0.000000 1.000000
vn 0.000000 0.000000 1.000000
vn 0.000000 0.000000 1.000000
vn 0.000000 0.000000 1.000000
vn 0.000000 0.000000 1.000000
vn 0.000000 0.000000 1.000000
vn 0.000000 0.000000 1.000000
vn 0.000000 0.000000 1.000000
vn 0.000000 0.000000 1.000000
vn 0.000000 0.000000 1.000000
vn 0.000000 0.000000 1.000000
vn 0.000000 0.000000 1.000000
vn 0.000000 0.000000 1.000000
vn 0.000000 0.000000 1.000000
vn 0.000000 0.000000 1.000000
vn 0.000000 0.000000 1.000000
vn 0.000000 0.000000 1.000000
vn 0.000000 0.000000 1.000000
vn 0.000000 0.000000 1.000000
vn 0.000000 0.000000 1.000000
vn 0.000000 0.000000 1.000000
vn 0.000000 0.000000 1.000000
vn 0.000000 0.000000 1.000000
vn 0.000000 0.000000 1.000000
vn 0.000000 0.000000 1.000000
vn 0.000000 0.000000 1.000000
vn 0.000000 0.000000 1.000000
vn 0.000000 0.000000 1.000000
vn 0.000000 0.000000 1.000000
vn 0.000000 0.000000 1.000000
vn 0.000000 0.000000 1.000000
vn 0.000000 0.000000 1.000000
vn 0.000000 0.000000 1.000000
vn 0.000000 0.000000 1.000000
vn 0.000000 0.000000 1.000000
vn 0.000000 0.000000 1.000000
vn 0.000000 0.000000 1.000000
vn 0.000000 0.000000 1.000000
vn 0.000000 0.000000 1.000000
vn 0.000000 0.000000 1.000000
vn 0.000000 0.000000 1.000000
vn 0.000000 0.000000 1.000000
vn 0.000000 0.000000 1.000000
vn 0.000000 0.000000 1.000000
vn 0.000000 0.000000 1.000000
vn 0.000000 0.000000 1.000000
vn 0.000000 0.000000 1.000000
vn 0.000000 0.000000 1.000000
vn 0.000000 0.000000 1.000000
vn 0.000000 0.000000 1.000000
vn 0.000000 0.000000 1.000000
vn 0.000000 0.000000 1.000000
vn 0.000000 0.000000 1.000000
vn 0.000000 0.000000 1.000000
vn 0.000000 0.000000 1.000000
vn 0.000000 0.000000 1.000000
vn 0.000000 0.000000 1.000000
vn 0.000000 0.000000 1.000000
vn 0.000000 0.000000 1.000000
vn 0.000000 0.000000 1.000000
vn 0.000000 0.000000 1.000000
vn 0.000000 0.000000 1.000000
vn 0.000000 0.000000 1.000000
vn 0.000000 0.000000 1.000000
vn 0.000000 0.000000 1.000000
vn 0.000000 0.000000 1.000000
vn 0.000000 0.000000 1.000000
vn 0.000000 0.000000 1.000000
vn 0.000000 0.000000 1.000000
vn 0.000000 0.000000 1.000000
vn 0.000000 0.000000 1.000000
vn 0.000000 0.000000 1.000000
vn 0.000000 0.000000 1.000000
vn 0.000000 0.000000 1.000000
vn 0.000000 0.000000 1.000000
vn 0.000000 0.000000 1.000000
vn 0.000000 0.000000 1.000000
vn 0.000000 0.000000 1.000000
vn 0.000000 0.000000 1.000000
vn 0.000000 0.000000 1.000000
vn 0.000000 0.000000 1.000000
vn 0.000000 0.000000 1.000000
vn 0.000000 0.000000 1.000000
vn 0.000000 0.000000 1.000000
vn 0.000000 0.000000 1.000000
vn 0.000000 0.000000 1.000000
vn 0.000000 0.000000 1.000000
vn 0.000000 0.000000 1.000000
vn 0.000000 0.000000 1.000000
vn 0.000000 0.000000 1.000000
vn 0.000000 0.000000 1.000000
vn 0.000000 0.000000 1.000000
vn 0.000000 0.000000 1.000000
vn 0.000000 0.000000 1.000000
vn 0.000000 0.000000 1.000000
vn 0.000000 0.000000 1.000000
vn 0.000000 0.000000 1.000000
vn 0.000000 0.000000 1.000000
vn 0.000000 0.000000 1.000000
vn 0.000000 0.000000 1.000000
vn 0.000000 0.000000 1.000000
vn 0.000000 0.000000 1.000000
vn 0.000000 0.000000 1.000000
vn 0.000000 0.000000 1.000000
vn 0.000000 0.000000 1.000000
vn 0.000000 0.000000 1.000000
vn 0.000000 0.000000 1.000000
vn 0.000000 0.000000 1.000000
vn 0.000000 0.000000 1.000000
vn 0.000000 0.000000 1.000000
vn 0.000000 0.000000 1.000000
vn 0.000000 0.000000 1.000000
vn 0.000000 0.000000 1.000000
vn 0.000000 0.000000 1.000000
vn 0.000000 0.000000 1.000000
vn 0.000000 0.000000 1.000000
vn 0.000000 0.000000 1.000000
vn 0.000000 0.000000 1.000000
vn 0.000000 0.000000 1.000000
vn 0.000000 0.000000 1.000000
vn 0.000000 0.000000 1.000000
vn 0.000000 0.000000 1.000000
vn 0.000000 0.000000 1.000000
vn 0.000000 0.000000 1.000000
vn 0.000000 0.000000 1.000000
vn 0.000000 0.000000 1.000000
vn 0.000000 0.000000 1.000000
vn 0.000000 0.000000 1.000000
vn 0.000000 0.000000 1.000000
vn 0.000000 0.000000 1.000000
vn 0.000000 0.000000 1.000000
vn 0.000000 0.000000 1.000000
vn 0.000000 0.000000 1.000000
vn 0.000000 0.000000 1.000000
vn 0.000000 0.000000 1.000000
vn 0.000000 0.000000 1.000000
vn 0.000000 0.000000 1.000000
vn 0.000000 0.000000 1.000000
vn 0.000000 0.000000 1.000000
vn 0.000000 0.000000 1.000000
vn 0.000000 0.000000 1.000000
vn 0.000000 0.000000 1.000000
vn 0.000000 0.000000 1.000000
vn 0.000000 0.000000 1.000000
vn 0.000000 0.000000 1.000000
vn 0.000000 0.000000 1.000000
vn 0.000000 0.000000 1.000000
vn 0.000000 0.000000 1.000000
vn 0.000000 0.000000 1.000000
vn 0.000000 0.000000 1.000000
vn 0.000000 0.000000 1.000000
vn 0.000000 0.000000 1.000000
vn 0.000000 0.000000 1.000000
vn 0.000000 0.000000 1.000000
vn 0.000000 0.000000 1.000000
vn 0.000000 0.000000 1.000000
vn 0.000000 0.000000 1.000000
vn 0.000000 0.000000 1.000000
vn 0.000000 0.000000 1.000000
vn 0.000000 0.000000 1.000000
vn 0.000000 0.000000 1.000000
vn 0.000000 0.000000 1.000000
vn 0.000000 0.000000 1.000000
vn 0.000000 0.000000 1.000000
vn 0.000000 0.000000 1.000000
vn 0.000000 0.000000 1.000000
vn 0.000000 0.000000 1.000000
vn 0.000000 0.000000 1.000000
vn 0.000000 0.000000 1.000000
vn 0.000000 0.000000 1.000000
vn 0.000000 0.000000 1.000000
vn 0.000000 0.000000 1.000000
vn 0.000000 0.000000 1.000000
vn 0.000000 0.000000 1.000000
vn 0.000000 0.000000 1.000000
vn 0.000000 0.000000 1.000000
vn 0.000000 0.000000 1.000000
vn 0.000000 0.000000 1.000000
vn 0.000000 0.000000 1.000000
vn 0.000000 0.000000 1.000000
vn 0.000000 0.000000 1.000000
vn 0.000000 0.000000 1.000000
vn 0.000000 0.000000 1.000000
vn 0.000000 0.000000 1.000000
vn 0.000000 0.000000 1.000000
vn 0.000000 0.000000 1.000000
vn 0.000000 0.000000 1.000000
vn 0.000000 0.000000 1.000000
vn 0.000000 0.000000 1.000000
vn 0.000000 0.000000 1.000000
vn 0.000000 0.000000 1.000000
vn 0.000000 0.000000 1.000000
vn 0.000000 0.000000 1.000000
vn 0.000000 0.000000 1.000000
vn 0.000000 0.000000 1.000000
vn 0.000000 0.000000 1.000000
vn 0.000000 0.000000 1.000000
vn 0.000000 0.000000 1.000000
vn 0.000000 0.000000 1.000000
vn 0.000000 0.000000 1.000000
vn 0.000000 0.000000 1.000000
vn 0.000000 0.000000 1.000000
vn 0.000000 0.000000 1.000000
vn 0.000000 0.000000 1.000000
vn 0.000000 0.000000 1.000000
vn 0.000000 0.000000 1.000000
vn 0.000000 0.000000 1.000000
vn 0.000000 0.000000 1.000000
vn 0.000000 0.000000 1.000000
vn 0.000000 0.000000 1.000000
vn 0.000000 0.000000 1.000000
vn 0.000000 0.000000 1.000000
vn 0.000000 0.000000 1.000000
vn 0.000000 0.000000 1.000000
vn 0.000000 0.000000 1.000000
vn 0.000000 0.000000 1.000000
vn 0.000000 0.000000 1.000000
vn 0.000000 0.000000 1.000000
vn 0.000000 0.000000 1.000000
vn 0.000000 0.000000 1.000000
vn 0.000000 0.000000 1.000000
vn 0.000000 0.000000 1.000000
vn 0.000000 0.000000 1.000000
vn 0.000000 0.000000 1.000000
vn 0.000000 0.000000 1.000000
vn 0.000000 0.000000 1.000000
vn 0.000000 0.000000 1.000000
vn 0.000000 0.000000 1.000000
vn 0.000000 0.000000 1.000000
vn 0.000000 0.000000 1.000000
vn 0.000000 0.000000 1.000000
vn 0.000000 0.000000 1.000000
vn 0.000000 0.000000 1.000000
vn 0.000000 0.000000 1.000000
vn 0.000000 0.000000 1.000000
vn 0.000000 0.000000 1.000000
vn 0.000000 0.000000 1.000000
vn 0.000000 0.000000 1.000000
vn 0.000000 0.000000 1.000000
vn 0.000000 0.000000 1.000000
vn 0.000000 0.000000 1.000000
vn 0.000000 0.000000 1.000000
vn 0.000000 0.000000 1.000000
vn 0.000000 0.000000 1.000000
vn 0.000000 0.000000 1.000000
vn 0.000000 0.000000 1.000000
vn 0.000000 0.000000 1.000000
vn 0.000000 0.000000 1.000000
vn 0.000000 0.000000 1.000000
vn 0.000000 0.000000 1.000000
vn 0.000000 0.000000 1.000000
vn 0.000000 0.000000 1.000000
vn 0.000000 0.000000 1.000000
vn 0.000000 0.000000 1.000000
vn 0.000000 0.000000 1.000000
vn 0.000000 0.000000 1.000000
vn 0.000000 0.000000 1.000000
vn 0.000000 0.000000 1.000000
vn 0.000000 0.000000 1.000000
vn 0.000000 0.000000 1.000000
vn 0.000000 0.000000 1.000000
vn 0.000000 0.000000 1.000000
vn 0.000000 0.000000 1.000000
vn 0.000000 0.000000 1.000000
vn 0.000000 0.000000 1.000000
vn 0.000000 0.000000 1.000000
vn 0.000000 0.000000 1.000000
vn 0.000000 0.000000 1.000000
vn 0.000000 0.000000 1.000000
vn 0.000000 0.000000 1.000000
vn 0.000000 0.000000 1.000000
vn 0.000000 0.000000 1.000000
vn 0.000000 0.000000 1.000000
vn 0.000000 0.000000 1.000000
vn 0.000000 0.000000 1.000000
vn 0.000000 0.000000 1.000000
vn 0.000000 0.000000 1.000000
vn 0.000000 0.000000 1.000000
vn 0.000000 0.000000 1.000000
vn 0.000000 0.000000 1.000000
vn 0.000000 0.000000 1.000000
vn 0.000000 0.000000 1.000000
vn 0.000000 0.000000 1.000000
vn 0.000000 0.000000 1.000000
vn 0.000000 0.000000 1.000000
vn 0.000000 0.000000 1.000000
vn 0.000000 0.000000 1.000000
vn 0.000000 0.000000 1.000000
vn 0.000000 0.000000 1.000000
vn 0.000000 0.000000 1.000000
vn 0.000000 0.000000 1.000000
vn 0.000000 0.000000 1.000000
vn 0.000000 0.000000 1.000000
vn 0.000000 0.000000 1.000000
vn 0.000000 0.000000 1.000000
vn 0.000000 0.000000 1.000000
vn 0.000000 0.000000 1.000000
vn 0.000000 0.000000 1.000000
vn 0.000000 0.000000 1.000000
vn 0.000000 0.000000 1.000000
vn 0.000000 0.000000 1.000000
vn 0.000000 0.000000 1.000000
vn 0.000000 0.000000 1.000000
vn 0.000000 0.000000 1.000000
vn 0.000000 0.000000 1.000000
vn 0.000000 0.000000 1.000000
vn 0.000000 0.000000 1.000000
vn 0.000000 0.000000 1.000000
vn 0.000000 0.000000 1.000000
vn 0.000000 0.000000 1.000000
vn -0.167887 0.685816 0.708146
vn -0.200095 0.678346 0.706972
vn -0.201169 0.681987 0.703153
vn -0.200096 0.678345 0.706973
vn -0.186743 0.681329 0.707755
vn -0.168391 0.687868 0.706032
vn -0.162752 0.688260 0.706972
vn -0.149389 0.691921 0.706349
vn -0.130011 0.693939 0.708199
vn -0.161798 0.684225 0.711096
vn -0.163623 0.691942 0.703167
vn -0.162752 0.688260 0.706972
vn -0.149087 0.690527 0.707775
vn -0.130419 0.696120 0.705980
vn -0.707072 0.009700 0.707075
vn -0.111217 0.699093 0.706328
vn -0.091745 0.699972 0.708253
vn -0.124195 0.692056 0.711080
vn -0.124925 0.696120 0.706973
vn -0.110986 0.697645 0.707795
vn -0.092047 0.702277 0.705928
vn -0.124925 0.696121 0.706972
vn -0.125590 0.699830 0.703182
vn -0.086219 0.697823 0.711062
vn -0.086724 0.701904 0.706973
vn -0.072709 0.704161 0.706308
vn -0.053213 0.703897 0.708306
vn -0.087184 0.705628 0.703199
vn -0.072554 0.702662 0.707815
vn -0.053396 0.706320 0.705876
vn -0.707072 0.009702 0.707075
vn -0.086724 0.701904 0.706972
vn -0.047985 0.701507 0.711045
vn -0.033978 0.707108 0.706289
vn -0.014525 0.705702 0.708360
vn -0.048264 0.705592 0.706972
vn -0.048519 0.709319 0.703215
vn -0.048264 0.705593 0.706972
vn -0.033905 0.705565 0.707834
vn -0.014574 0.708239 0.705822
vn 0.004857 0.707925 0.706271
vn 0.024203 0.705380 0.708416
vn -0.009603 0.703099 0.711027
vn -0.009660 0.707175 0.706972
vn -0.009659 0.707176 0.706971
vn -0.009711 0.710893 0.703233
vn 0.004844 0.706344 0.707852
vn 0.024292 0.708026 0.705769
vn 0.043677 0.706612 0.706252
vn 0.062848 0.702935 0.708472
vn 0.028807 0.702594 0.711008
vn 0.028973 0.706648 0.706972
vn 0.029125 0.710346 0.703250
vn 0.043577 0.704998 0.707869
vn 0.063096 0.705682 0.705713
vn 0.028973 0.706648 0.706971
vn 0.082370 0.703169 0.706235
vn 0.101300 0.698374 0.708528
vn 0.067133 0.699992 0.710989
vn 0.067870 0.707676 0.703269
vn 0.067519 0.704012 0.706972
vn 0.067519 0.704012 0.706972
vn 0.082176 0.701530 0.707886
vn 0.101714 0.701214 0.705658
vn 0.105262 0.695301 0.710968
vn 0.120816 0.697610 0.706218
vn 0.139440 0.691711 0.708585
vn 0.105864 0.699274 0.706972
vn 0.106412 0.702896 0.703288
vn 0.105864 0.699274 0.706972
vn 0.120527 0.695951 0.707902
vn 0.140030 0.694634 0.705603
vn 0.143079 0.688536 0.710947
vn 0.158899 0.689949 0.706202
vn 0.177155 0.682965 0.708643
vn 0.143892 0.692449 0.706972
vn 0.144634 0.696017 0.703307
vn 0.143893 0.692449 0.706972
vn 0.158516 0.688277 0.707918
vn 0.177931 0.685962 0.705547
vn 0.180472 0.679716 0.710926
vn 0.196507 0.680210 0.706187
vn 0.214330 0.672165 0.708701
vn 0.196022 0.678533 0.707933
vn 0.215306 0.675225 0.705489
vn 0.181492 0.683558 0.706972
vn 0.182422 0.687061 0.703328
vn 0.181492 0.683558 0.706972
vn 0.217328 0.668869 0.710903
vn 0.233522 0.668423 0.706172
vn 0.250853 0.659342 0.708760
vn 0.232937 0.666747 0.707947
vn 0.252034 0.662454 0.705432
vn 0.219664 0.676054 0.703349
vn 0.218550 0.672627 0.706972
vn 0.218550 0.672627 0.706972
vn 0.253539 0.656023 0.710881
vn 0.269839 0.654621 0.706157
vn 0.286613 0.644537 0.708819
vn 0.269152 0.652954 0.707961
vn 0.288015 0.647686 0.705373
vn 0.256247 0.663030 0.703370
vn 0.254956 0.659688 0.706972
vn 0.254955 0.659688 0.706972
vn 0.305342 0.638849 0.706143
vn 0.321507 0.627793 0.708879
vn 0.288994 0.641222 0.710857
vn 0.304553 0.637197 0.707974
vn 0.323129 0.630967 0.705314
vn 0.290600 0.644781 0.706972
vn 0.290599 0.644781 0.706972
vn 0.292063 0.648027 0.703393
vn 0.323592 0.624504 0.710832
vn 0.339928 0.621151 0.706130
vn 0.355423 0.609163 0.708939
vn 0.327005 0.631091 0.703415
vn 0.325377 0.627949 0.706972
vn 0.339038 0.619523 0.707986
vn 0.325377 0.627949 0.706972
vn 0.357281 0.612345 0.705254
vn 0.357225 0.605922 0.710808
vn 0.373492 0.601582 0.706119
vn 0.388266 0.588699 0.709001
vn 0.360969 0.612272 0.703438
vn 0.372502 0.599985 0.707998
vn 0.390361 0.591878 0.705194
vn 0.359183 0.609243 0.706972
vn 0.359184 0.609243 0.706972
vn 0.389795 0.585532 0.710782
vn 0.405933 0.580200 0.706106
vn 0.419933 0.566469 0.709062
vn 0.391917 0.588720 0.706972
vn 0.393852 0.591627 0.703462
vn 0.404842 0.578642 0.708009
vn 0.422274 0.569625 0.705133
vn 0.391917 0.588720 0.706972
vn 0.421205 0.563393 0.710756
vn 0.437150 0.557072 0.706095
vn 0.450330 0.542536 0.709125
vn 0.435962 0.555559 0.708019
vn 0.452920 0.545655 0.705070
vn 0.425559 0.569216 0.703486
vn 0.423483 0.566438 0.706972
vn 0.423482 0.566438 0.706973
vn 0.451360 0.539571 0.710730
vn 0.467053 0.532264 0.706085
vn 0.479366 0.516972 0.709189
vn 0.465770 0.530804 0.708029
vn 0.482208 0.520037 0.705009
vn 0.455992 0.545109 0.703511
vn 0.453783 0.542467 0.706972
vn 0.453783 0.542467 0.706973
vn 0.480172 0.514138 0.710702
vn 0.495551 0.505853 0.706076
vn 0.506952 0.489858 0.709252
vn 0.482730 0.516877 0.706972
vn 0.494176 0.504451 0.708039
vn 0.510050 0.492850 0.704945
vn 0.482730 0.516877 0.706972
vn 0.485062 0.519375 0.703537
vn 0.507552 0.487169 0.710674
vn 0.522555 0.477919 0.706066
vn 0.533008 0.461272 0.709317
vn 0.510235 0.489745 0.706972
vn 0.521093 0.476582 0.708047
vn 0.536361 0.464175 0.704882
vn 0.510236 0.489745 0.706972
vn 0.512682 0.492093 0.703564
vn 0.533421 0.458744 0.710645
vn 0.547987 0.448544 0.706058
vn 0.557454 0.431303 0.709382
vn 0.546442 0.447279 0.708055
vn 0.561064 0.434096 0.704817
vn 0.536219 0.461150 0.706972
vn 0.538770 0.463344 0.703590
vn 0.536219 0.461150 0.706972
vn 0.571770 0.417818 0.706050
vn 0.580216 0.400042 0.709448
vn 0.557700 0.428948 0.710615
vn 0.570145 0.416630 0.708063
vn 0.584080 0.402707 0.704753
vn 0.560602 0.431180 0.706972
vn 0.563247 0.433214 0.703618
vn 0.560602 0.431180 0.706972
vn 0.580317 0.397869 0.710586
vn 0.593832 0.385832 0.706044
vn 0.601226 0.367582 0.709514
vn 0.586041 0.401794 0.703646
vn 0.583312 0.399922 0.706972
vn 0.592133 0.384727 0.708070
vn 0.605345 0.370099 0.704688
vn 0.583311 0.399922 0.706972
vn 0.601205 0.365601 0.710555
vn 0.614106 0.352683 0.706037
vn 0.620423 0.334022 0.709580
vn 0.607083 0.369175 0.703675
vn 0.612337 0.351669 0.708076
vn 0.624790 0.336372 0.704622
vn 0.604281 0.367471 0.706972
vn 0.604281 0.367471 0.706972
vn 0.632530 0.318474 0.706031
vn 0.637748 0.299461 0.709648
vn 0.620301 0.332240 0.710523
vn 0.623447 0.333924 0.706972
vn 0.630699 0.317552 0.708082
vn 0.642359 0.301626 0.704555
vn 0.626312 0.335459 0.703705
vn 0.623446 0.333924 0.706972
vn 0.649051 0.283303 0.706026
vn 0.653149 0.264005 0.709716
vn 0.637548 0.297883 0.710491
vn 0.647163 0.282478 0.708087
vn 0.657997 0.265965 0.704487
vn 0.643671 0.300743 0.703734
vn 0.640751 0.299379 0.706973
vn 0.640751 0.299379 0.706972
vn 0.663616 0.247280 0.706022
vn 0.666580 0.227761 0.709786
vn 0.652895 0.262634 0.710459
vn 0.661677 0.246559 0.708091
vn 0.671659 0.229497 0.704419
vn 0.656144 0.263942 0.706973
vn 0.659105 0.265133 0.703765
vn 0.656145 0.263941 0.706972
vn 0.676184 0.210511 0.706017
vn 0.678002 0.190841 0.709854
vn 0.666295 0.226600 0.710425
vn 0.669579 0.227717 0.706972
vn 0.674200 0.209893 0.708095
vn 0.683300 0.192331 0.704350
vn 0.669579 0.227717 0.706971
vn 0.672571 0.228734 0.703796
vn 0.686716 0.173107 0.706014
vn 0.687380 0.153352 0.709924
vn 0.677708 0.189885 0.710391
vn 0.684694 0.172600 0.708098
vn 0.692888 0.154580 0.704281
vn 0.684027 0.191655 0.703829
vn 0.681016 0.190812 0.706972
vn 0.681015 0.190812 0.706972
vn 0.695179 0.135183 0.706011
vn 0.694686 0.115408 0.709994
vn 0.687100 0.152600 0.710356
vn 0.693442 0.154008 0.703860
vn 0.693129 0.134785 0.708100
vn 0.700392 0.116355 0.704210
vn 0.690418 0.153337 0.706973
vn 0.690419 0.153336 0.706972
vn 0.701549 0.096853 0.706009
vn 0.699898 0.077123 0.710067
vn 0.694444 0.114856 0.710321
vn 0.697761 0.115405 0.706973
vn 0.700785 0.115906 0.703894
vn 0.697762 0.115406 0.706972
vn 0.699476 0.096565 0.708102
vn 0.705789 0.077773 0.704140
vn 0.705805 0.058229 0.706009
vn 0.703002 0.038616 0.710139
vn 0.699716 0.076765 0.710285
vn 0.703023 0.077128 0.706972
vn 0.703718 0.058056 0.708104
vn 0.709062 0.038951 0.704069
vn 0.703023 0.077129 0.706972
vn 0.706035 0.077459 0.703928
vn 0.702900 0.038442 0.710249
vn 0.707937 0.019429 0.706009
vn 0.706186 0.038621 0.706972
vn 0.706186 0.038621 0.706972
vn 0.709179 0.038785 0.703961
vn 0.705843 0.019370 0.708104
vn 0.703988 -0.000000 0.710212
vn 0.703988 -0.000000 0.710212
vn 0.707937 -0.019429 0.706008
vn 0.707241 -0.000000 0.706972
vn 0.710204 0.000000 0.703996
vn 0.705843 -0.019370 0.708104
vn 0.707241 -0.000000 0.706972
vn 0.710204 0.000000 0.703996
vn 0.703002 -0.038616 0.710139
vn 0.705805 -0.058229 0.706009
vn 0.702900 -0.038442 0.710249
vn 0.709062 -0.038951 0.704069
vn 0.706186 -0.038621 0.706972
vn 0.703718 -0.058056 0.708104
vn 0.709179 -0.038785 0.703961
vn 0.706186 -0.038621 0.706972
vn 0.699898 -0.077123 0.710067
vn 0.701549 -0.096853 0.706009
vn 0.699716 -0.076765 0.710285
vn 0.703023 -0.077128 0.706972
vn 0.703023 -0.077129 0.706972
vn 0.705789 -0.077773 0.704140
vn 0.699476 -0.096565 0.708102
vn 0.706035 -0.077459 0.703928
vn 0.694686 -0.115408 0.709994
vn 0.695179 -0.135183 0.706011
vn 0.697762 -0.115405 0.706972
vn 0.694444 -0.114856 0.710321
vn 0.697761 -0.115405 0.706973
vn 0.700392 -0.116355 0.704210
vn 0.693129 -0.134785 0.708100
vn 0.700785 -0.115906 0.703894
vn 0.687380 -0.153352 0.709924
vn 0.686716 -0.173107 0.706014
vn 0.687100 -0.152600 0.710356
vn 0.690418 -0.153336 0.706973
vn 0.692888 -0.154580 0.704281
vn 0.684694 -0.172600 0.708098
vn 0.690419 -0.153337 0.706972
vn 0.693442 -0.154008 0.703860
vn 0.678002 -0.190841 0.709854
vn 0.676184 -0.210511 0.706017
vn 0.677708 -0.189885 0.710391
vn 0.681015 -0.190812 0.706972
vn 0.681015 -0.190811 0.706972
vn 0.684027 -0.191655 0.703829
vn 0.683300 -0.192331 0.704350
vn 0.674200 -0.209893 0.708095
vn 0.666295 -0.226600 0.710425
vn 0.666580 -0.227761 0.709786
vn 0.663616 -0.247280 0.706022
vn 0.669579 -0.227717 0.706972
vn 0.672571 -0.228734 0.703796
vn 0.671659 -0.229497 0.704419
vn 0.661677 -0.246559 0.708091
vn 0.669579 -0.227717 0.706971
vn 0.652895 -0.262634 0.710459
vn 0.653149 -0.264005 0.709716
vn 0.649051 -0.283303 0.706026
vn 0.656144 -0.263941 0.706973
vn 0.656145 -0.263942 0.706972
vn 0.659105 -0.265133 0.703765
vn 0.657997 -0.265965 0.704487
vn 0.647162 -0.282478 0.708087
vn 0.637548 -0.297883 0.710491
vn 0.637748 -0.299461 0.709648
vn 0.632530 -0.318474 0.706031
vn 0.640751 -0.299379 0.706972
vn 0.640751 -0.299379 0.706973
vn 0.643671 -0.300743 0.703734
vn 0.642359 -0.301626 0.704555
vn 0.630699 -0.317552 0.708082
vn 0.620423 -0.334022 0.709580
vn 0.614106 -0.352683 0.706037
vn 0.620301 -0.332240 0.710523
vn 0.623446 -0.333924 0.706972
vn 0.624790 -0.336372 0.704622
vn 0.612337 -0.351669 0.708076
vn 0.626312 -0.335459 0.703705
vn 0.623446 -0.333924 0.706972
vn 0.601226 -0.367582 0.709514
vn 0.593832 -0.385832 0.706044
vn 0.601205 -0.365601 0.710555
vn 0.604281 -0.367472 0.706972
vn 0.604281 -0.367471 0.706972
vn 0.605345 -0.370099 0.704688
vn 0.592133 -0.384727 0.708070
vn 0.607083 -0.369175 0.703675
vn 0.580317 -0.397869 0.710586
vn 0.580216 -0.400042 0.709448
vn 0.571770 -0.417818 0.706050
vn 0.583312 -0.399922 0.706972
vn 0.584080 -0.402707 0.704753
vn 0.570145 -0.416630 0.708063
vn 0.586041 -0.401794 0.703646
vn 0.583312 -0.399923 0.706972
vn 0.557454 -0.431303 0.709382
vn 0.547987 -0.448544 0.706058
vn 0.557700 -0.428948 0.710615
vn 0.563247 -0.433214 0.703618
vn 0.560602 -0.431180 0.706972
vn 0.561064 -0.434096 0.704817
vn 0.546442 -0.447279 0.708055
vn 0.560602 -0.431180 0.706972
vn 0.533008 -0.461272 0.709317
vn 0.522555 -0.477919 0.706066
vn 0.533421 -0.458744 0.710645
vn 0.536219 -0.461150 0.706972
vn 0.538770 -0.463344 0.703590
vn 0.536219 -0.461150 0.706972
vn 0.536361 -0.464175 0.704882
vn 0.521093 -0.476582 0.708047
vn 0.506952 -0.489858 0.709252
vn 0.495551 -0.505853 0.706076
vn 0.507552 -0.487169 0.710674
vn 0.510236 -0.489745 0.706972
vn 0.510050 -0.492850 0.704945
vn 0.494176 -0.504451 0.708039
vn 0.512682 -0.492093 0.703564
vn 0.510236 -0.489745 0.706972
vn 0.479366 -0.516972 0.709189
vn 0.467053 -0.532264 0.706085
vn 0.480172 -0.514138 0.710702
vn 0.485062 -0.519375 0.703537
vn 0.482730 -0.516877 0.706972
vn 0.482730 -0.516878 0.706972
vn 0.482208 -0.520037 0.705009
vn 0.465770 -0.530804 0.708029
vn 0.451360 -0.539571 0.710730
vn 0.450330 -0.542536 0.709125
vn 0.437150 -0.557072 0.706095
vn 0.453783 -0.542468 0.706972
vn 0.455992 -0.545109 0.703511
vn 0.453783 -0.542467 0.706973
vn 0.452920 -0.545655 0.705070
vn 0.435962 -0.555559 0.708019
vn 0.421205 -0.563393 0.710756
vn 0.419933 -0.566469 0.709062
vn 0.405933 -0.580200 0.706106
vn 0.425559 -0.569216 0.703486
vn 0.423483 -0.566438 0.706973
vn 0.423482 -0.566439 0.706972
vn 0.422274 -0.569625 0.705133
vn 0.404842 -0.578642 0.708009
vn 0.388266 -0.588699 0.709001
vn 0.373492 -0.601582 0.706119
vn 0.389795 -0.585532 0.710782
vn 0.391917 -0.588720 0.706972
vn 0.391917 -0.588720 0.706972
vn 0.393852 -0.591627 0.703462
vn 0.390361 -0.591878 0.705194
vn 0.372502 -0.599985 0.707998
vn 0.355423 -0.609163 0.708939
vn 0.339928 -0.621151 0.706130
vn 0.357225 -0.605922 0.710808
vn 0.360969 -0.612272 0.703438
vn 0.359184 -0.609243 0.706972
vn 0.357281 -0.612345 0.705254
vn 0.339038 -0.619523 0.707986
vn 0.359184 -0.609244 0.706972
vn 0.321507 -0.627793 0.708879
vn 0.305342 -0.638849 0.706143
vn 0.323592 -0.624504 0.710832
vn 0.327005 -0.631091 0.703415
vn 0.325377 -0.627949 0.706972
vn 0.325377 -0.627949 0.706972
vn 0.323129 -0.630967 0.705314
vn 0.304553 -0.637197 0.707974
vn 0.286613 -0.644537 0.708819
vn 0.269839 -0.654621 0.706157
vn 0.288995 -0.641222 0.710857
vn 0.292063 -0.648027 0.703393
vn 0.290600 -0.644781 0.706972
vn 0.288015 -0.647686 0.705373
vn 0.269152 -0.652954 0.707961
vn 0.290599 -0.644782 0.706971
vn 0.250853 -0.659342 0.708760
vn 0.233522 -0.668423 0.706172
vn 0.254956 -0.659688 0.706972
vn 0.253539 -0.656023 0.710881
vn 0.254955 -0.659688 0.706972
vn 0.256247 -0.663030 0.703370
vn 0.252034 -0.662454 0.705432
vn 0.232937 -0.666747 0.707947
vn 0.217328 -0.668869 0.710903
vn 0.214330 -0.672165 0.708701
vn 0.196507 -0.680210 0.706187
vn 0.218550 -0.672627 0.706972
vn 0.218550 -0.672626 0.706972
vn 0.219664 -0.676054 0.703349
vn 0.215306 -0.675225 0.705489
vn 0.196022 -0.678533 0.707933
vn 0.180472 -0.679716 0.710926
vn 0.177155 -0.682965 0.708643
vn 0.158899 -0.689949 0.706202
vn 0.181492 -0.683558 0.706972
vn 0.181492 -0.683558 0.706972
vn 0.177931 -0.685962 0.705547
vn 0.158516 -0.688277 0.707918
vn 0.182422 -0.687061 0.703328
vn 0.143079 -0.688536 0.710948
vn 0.139440 -0.691711 0.708585
vn 0.120816 -0.697610 0.706218
vn 0.144634 -0.696017 0.703307
vn 0.143892 -0.692449 0.706972
vn 0.143893 -0.692449 0.706972
vn 0.140030 -0.694634 0.705603
vn 0.120527 -0.695951 0.707902
vn 0.105262 -0.695301 0.710968
vn 0.101300 -0.698374 0.708528
vn 0.082370 -0.703169 0.706235
vn 0.106412 -0.702896 0.703288
vn 0.105864 -0.699274 0.706972
vn 0.101714 -0.701214 0.705658
vn 0.105864 -0.699274 0.706972
vn 0.082176 -0.701530 0.707886
vn 0.067133 -0.699992 0.710989
vn 0.062848 -0.702935 0.708472
vn 0.043677 -0.706612 0.706252
vn 0.063096 -0.705682 0.705713
vn 0.043577 -0.704998 0.707869
vn 0.067519 -0.704012 0.706972
vn 0.067870 -0.707676 0.703269
vn 0.067519 -0.704012 0.706972
vn 0.028807 -0.702594 0.711008
vn 0.028973 -0.706648 0.706972
vn 0.024203 -0.705380 0.708416
vn 0.004857 -0.707925 0.706271
vn 0.024292 -0.708026 0.705769
vn 0.004844 -0.706344 0.707852
vn 0.029125 -0.710346 0.703250
vn 0.028973 -0.706648 0.706971
vn -0.009603 -0.703099 0.711027
vn -0.009659 -0.707176 0.706971
vn -0.014525 -0.705702 0.708360
vn -0.033978 -0.707108 0.706289
vn -0.014574 -0.708239 0.705822
vn -0.033905 -0.705565 0.707834
vn -0.009711 -0.710893 0.703233
vn -0.009660 -0.707175 0.706972
vn -0.047985 -0.701507 0.711045
vn -0.053213 -0.703897 0.708306
vn -0.072709 -0.704161 0.706308
vn -0.053396 -0.706320 0.705876
vn -0.072554 -0.702662 0.707815
vn -0.048264 -0.705593 0.706972
vn -0.048519 -0.709319 0.703215
vn -0.048264 -0.705592 0.706972
vn -0.086219 -0.697823 0.711062
vn -0.086724 -0.701904 0.706972
vn -0.091745 -0.699972 0.708253
vn -0.111217 -0.699093 0.706329
vn -0.092047 -0.702277 0.705928
vn -0.110986 -0.697645 0.707795
vn -0.087184 -0.705628 0.703199
vn -0.086724 -0.701904 0.706973
vn -0.124925 -0.696120 0.706973
vn -0.124195 -0.692056 0.711080
vn -0.130011 -0.693939 0.708199
vn -0.149389 -0.691921 0.706349
vn -0.130419 -0.696120 0.705980
vn -0.149087 -0.690527 0.707775
vn -0.125590 -0.699830 0.703182
vn -0.124925 -0.696121 0.706972
vn -0.161798 -0.684225 0.711096
vn -0.167887 -0.685816 0.708146
vn -0.187107 -0.682666 0.706370
vn -0.163623 -0.691942 0.703167
vn -0.168391 -0.687868 0.706032
vn -0.186743 -0.681329 0.707756
vn -0.162752 -0.688260 0.706972
vn -0.162752 -0.688260 0.706972
vn -0.198918 -0.674353 0.711112
vn -0.205266 -0.675624 0.708094
vn -0.224261 -0.671354 0.706392
vn -0.200096 -0.678345 0.706972
vn -0.205849 -0.677549 0.706083
vn -0.223836 -0.670082 0.707734
vn -0.201169 -0.681987 0.703153
vn -0.200095 -0.678345 0.706972
vn -0.236841 -0.666406 0.706972
vn -0.235442 -0.662469 0.711127
vn -0.242031 -0.663397 0.708044
vn -0.260737 -0.658023 0.706415
vn -0.242685 -0.665193 0.706132
vn -0.260262 -0.656817 0.707712
vn -0.236841 -0.666406 0.706972
vn -0.238118 -0.669997 0.703138
vn -0.271261 -0.648610 0.711142
vn -0.278071 -0.649170 0.707993
vn -0.296427 -0.642709 0.706439
vn -0.274355 -0.656007 0.703125
vn -0.278783 -0.650836 0.706181
vn -0.295904 -0.641574 0.707689
vn -0.272879 -0.652478 0.706972
vn -0.272879 -0.652478 0.706972
vn -0.306271 -0.632816 0.711155
vn -0.308103 -0.636602 0.706972
vn -0.313281 -0.632987 0.707943
vn -0.331221 -0.625463 0.706462
vn -0.309774 -0.640057 0.703112
vn -0.314039 -0.634521 0.706231
vn -0.330657 -0.624399 0.707667
vn -0.308103 -0.636603 0.706972
vn -0.340366 -0.615135 0.711168
vn -0.347549 -0.614895 0.707894
vn -0.365014 -0.606334 0.706487
vn -0.348346 -0.616298 0.706280
vn -0.364418 -0.605343 0.707644
vn -0.342409 -0.618828 0.706971
vn -0.344272 -0.622196 0.703100
vn -0.342408 -0.618828 0.706972
vn -0.373442 -0.595620 0.711181
vn -0.380780 -0.594948 0.707845
vn -0.397707 -0.585380 0.706512
vn -0.375690 -0.599205 0.706972
vn -0.381597 -0.596226 0.706327
vn -0.397084 -0.584465 0.707619
vn -0.375692 -0.599206 0.706971
vn -0.377742 -0.602476 0.703088
vn -0.405405 -0.574328 0.711192
vn -0.412866 -0.573207 0.707796
vn -0.429199 -0.562666 0.706538
vn -0.413697 -0.574361 0.706374
vn -0.410084 -0.580959 0.703077
vn -0.428558 -0.561825 0.707595
vn -0.407851 -0.577795 0.706972
vn -0.407852 -0.577795 0.706972
vn -0.436157 -0.551323 0.711203
vn -0.438797 -0.554660 0.706972
vn -0.443712 -0.549736 0.707749
vn -0.459397 -0.538258 0.706565
vn -0.441205 -0.557705 0.703067
vn -0.444547 -0.550770 0.706420
vn -0.458744 -0.537494 0.707569
vn -0.438797 -0.554660 0.706972
vn -0.473228 -0.524607 0.707702
vn -0.488209 -0.512231 0.706591
vn -0.465606 -0.526675 0.711214
vn -0.468432 -0.529870 0.706972
vn -0.474057 -0.525525 0.706466
vn -0.487552 -0.511543 0.707542
vn -0.471010 -0.532786 0.703057
vn -0.468431 -0.529870 0.706972
vn -0.501322 -0.497895 0.707656
vn -0.515549 -0.484664 0.706619
vn -0.496668 -0.503499 0.706972
vn -0.493666 -0.500455 0.711223
vn -0.502135 -0.498702 0.706511
vn -0.514895 -0.484051 0.707515
vn -0.499408 -0.506276 0.703047
vn -0.496668 -0.503499 0.706972
vn -0.527909 -0.469680 0.707611
vn -0.541332 -0.455640 0.706648
vn -0.520252 -0.472743 0.711232
vn -0.526316 -0.478255 0.703039
vn -0.523422 -0.475625 0.706972
vn -0.528698 -0.470381 0.706555
vn -0.540689 -0.455099 0.707488
vn -0.523423 -0.475625 0.706972
vn -0.552912 -0.440046 0.707565
vn -0.565485 -0.425247 0.706676
vn -0.548615 -0.446332 0.706972
vn -0.545284 -0.443623 0.711241
vn -0.553668 -0.440647 0.706599
vn -0.564860 -0.424775 0.707460
vn -0.551655 -0.448804 0.703031
vn -0.548615 -0.446331 0.706973
vn -0.576251 -0.409083 0.707521
vn -0.587932 -0.393576 0.706706
vn -0.568691 -0.413177 0.711249
vn -0.572170 -0.415706 0.706973
vn -0.572171 -0.415706 0.706972
vn -0.576967 -0.409593 0.706642
vn -0.587331 -0.393171 0.707431
vn -0.575346 -0.418013 0.703024
vn -0.597857 -0.376885 0.707478
vn -0.608609 -0.360719 0.706737
vn -0.590399 -0.381501 0.711257
vn -0.597320 -0.385974 0.703017
vn -0.594018 -0.383840 0.706972
vn -0.598527 -0.377309 0.706684
vn -0.608037 -0.360379 0.707402
vn -0.594018 -0.383840 0.706972
vn -0.617667 -0.343548 0.707433
vn -0.627451 -0.326782 0.706767
vn -0.610346 -0.348689 0.711262
vn -0.614093 -0.350829 0.706972
vn -0.617511 -0.352782 0.703011
vn -0.618284 -0.343892 0.706727
vn -0.614092 -0.350829 0.706972
vn -0.626913 -0.326503 0.707373
vn -0.635618 -0.309172 0.707392
vn -0.644399 -0.291864 0.706799
vn -0.628472 -0.314834 0.711268
vn -0.632335 -0.316770 0.706972
vn -0.636178 -0.309446 0.706768
vn -0.643905 -0.291639 0.707342
vn -0.635860 -0.318536 0.703006
vn -0.632335 -0.316769 0.706972
vn -0.651658 -0.273860 0.707349
vn -0.659408 -0.256069 0.706831
vn -0.644721 -0.280042 0.711274
vn -0.648690 -0.281766 0.706972
vn -0.652156 -0.274072 0.706807
vn -0.658962 -0.255894 0.707310
vn -0.652312 -0.283338 0.703000
vn -0.648690 -0.281765 0.706973
vn -0.665734 -0.237722 0.707309
vn -0.672428 -0.219505 0.706865
vn -0.659049 -0.244415 0.711278
vn -0.663109 -0.245920 0.706972
vn -0.666169 -0.237876 0.706848
vn -0.672035 -0.219378 0.707279
vn -0.663108 -0.245921 0.706973
vn -0.666815 -0.247295 0.702996
vn -0.677811 -0.200861 0.707267
vn -0.683424 -0.182287 0.706897
vn -0.671408 -0.208060 0.711282
vn -0.675549 -0.209343 0.706972
vn -0.678175 -0.200969 0.706888
vn -0.683087 -0.182194 0.707246
vn -0.675549 -0.209343 0.706972
vn -0.679328 -0.210514 0.702992
vn -0.687847 -0.163390 0.707227
vn -0.692360 -0.144521 0.706931
vn -0.681765 -0.171082 0.711285
vn -0.688139 -0.163461 0.706927
vn -0.692083 -0.144465 0.707214
vn -0.685972 -0.172138 0.706973
vn -0.685973 -0.172138 0.706972
vn -0.689813 -0.173101 0.702990
vn -0.690088 -0.133596 0.711288
vn -0.695810 -0.125427 0.707189
vn -0.699209 -0.106323 0.706967
vn -0.694349 -0.134421 0.706973
vn -0.696032 -0.125464 0.706964
vn -0.698998 -0.106293 0.707180
vn -0.698240 -0.135174 0.702986
vn -0.694349 -0.134421 0.706973
vn -0.701681 -0.087078 0.707150
vn -0.703953 -0.067811 0.707002
vn -0.696352 -0.095712 0.711290
vn -0.701828 -0.087097 0.707001
vn -0.703811 -0.067796 0.707145
vn -0.704581 -0.096843 0.702984
vn -0.700654 -0.096303 0.706973
vn -0.700654 -0.096303 0.706973
vn -0.702635 -0.019200 0.711292
vn -0.705439 -0.048464 0.707112
vn -0.706577 -0.029097 0.707038
vn -0.700538 -0.057541 0.711291
vn -0.704867 -0.057897 0.706972
vn -0.706977 -0.019318 0.706973
vn -0.705512 -0.048468 0.707039
vn -0.706504 -0.029093 0.707111
vn -0.708819 -0.058222 0.702983
vn -0.710941 -0.019426 0.702983
vn -0.706977 -0.019318 0.706972
vn -0.704867 -0.057897 0.706972
vn -0.707072 -0.009700 0.707075
vn -0.707072 -0.009702 0.707075
vn -0.706577 0.029097 0.707038
vn -0.705439 0.048464 0.707112
vn -0.702635 0.019200 0.711292
vn -0.706977 0.019318 0.706973
vn -0.706504 0.029093 0.707111
vn -0.705512 0.048468 0.707039
vn -0.706977 0.019318 0.706972
vn -0.710941 0.019426 0.702983
vn -0.703953 0.067811 0.707002
vn -0.701681 0.087078 0.707150
vn -0.700538 0.057541 0.711291
vn -0.704867 0.057897 0.706972
vn -0.703811 0.067796 0.707145
vn -0.701828 0.087097 0.707001
vn -0.704867 0.057897 0.706972
vn -0.708819 0.058222 0.702983
vn -0.699209 0.106323 0.706967
vn -0.695810 0.125427 0.707189
vn -0.696352 0.095712 0.711290
vn -0.700654 0.096303 0.706972
vn -0.698998 0.106293 0.707180
vn -0.696032 0.125464 0.706964
vn -0.704581 0.096843 0.702984
vn -0.700654 0.096303 0.706972
vn -0.692360 0.144521 0.706931
vn -0.690088 0.133596 0.711288
vn -0.687847 0.163390 0.707227
vn -0.694349 0.134421 0.706973
vn -0.692083 0.144465 0.707214
vn -0.688139 0.163461 0.706927
vn -0.698240 0.135174 0.702986
vn -0.694349 0.134421 0.706973
vn -0.683424 0.182287 0.706897
vn -0.677811 0.200861 0.707267
vn -0.681765 0.171082 0.711285
vn -0.689813 0.173101 0.702990
vn -0.685972 0.172138 0.706973
vn -0.685973 0.172138 0.706972
vn -0.683087 0.182194 0.707246
vn -0.678175 0.200969 0.706888
vn -0.672428 0.219505 0.706865
vn -0.665734 0.237722 0.707309
vn -0.671408 0.208060 0.711282
vn -0.675549 0.209343 0.706972
vn -0.672035 0.219378 0.707279
vn -0.666169 0.237876 0.706848
vn -0.675549 0.209343 0.706972
vn -0.679328 0.210514 0.702992
vn -0.659408 0.256069 0.706831
vn -0.651658 0.273860 0.707349
vn -0.663109 0.245920 0.706972
vn -0.659049 0.244415 0.711278
vn -0.658962 0.255894 0.707310
vn -0.652156 0.274072 0.706808
vn -0.666815 0.247295 0.702996
vn -0.663108 0.245921 0.706972
vn -0.644399 0.291864 0.706799
vn -0.635618 0.309172 0.707392
vn -0.644721 0.280042 0.711274
vn -0.652312 0.283338 0.703000
vn -0.648690 0.281765 0.706973
vn -0.648690 0.281766 0.706972
vn -0.643905 0.291639 0.707342
vn -0.636178 0.309446 0.706768
vn -0.627451 0.326782 0.706767
vn -0.617667 0.343548 0.707433
vn -0.628472 0.314834 0.711268
vn -0.632335 0.316769 0.706972
vn -0.626913 0.326503 0.707373
vn -0.618284 0.343892 0.706727
vn -0.632335 0.316770 0.706972
vn -0.635860 0.318536 0.703006
vn -0.608609 0.360719 0.706737
vn -0.597857 0.376885 0.707478
vn -0.610346 0.348689 0.711262
vn -0.614092 0.350829 0.706972
vn -0.617511 0.352782 0.703011
vn -0.608037 0.360379 0.707402
vn -0.598527 0.377309 0.706684
vn -0.614093 0.350829 0.706972
vn -0.587932 0.393576 0.706706
vn -0.576251 0.409083 0.707521
vn -0.590399 0.381501 0.711257
vn -0.597320 0.385974 0.703017
vn -0.594018 0.383840 0.706972
vn -0.594018 0.383840 0.706972
vn -0.587331 0.393171 0.707431
vn -0.576967 0.409593 0.706642
vn -0.565485 0.425247 0.706676
vn -0.552912 0.440046 0.707565
vn -0.568691 0.413177 0.711249
vn -0.572170 0.415705 0.706973
vn -0.564860 0.424775 0.707460
vn -0.553668 0.440647 0.706599
vn -0.572170 0.415706 0.706972
vn -0.575346 0.418013 0.703024
vn -0.545284 0.443623 0.711241
vn -0.541332 0.455640 0.706648
vn -0.527909 0.469680 0.707611
vn -0.548615 0.446331 0.706973
vn -0.551655 0.448804 0.703031
vn -0.548615 0.446332 0.706972
vn -0.540689 0.455099 0.707488
vn -0.528698 0.470381 0.706555
vn -0.515549 0.484664 0.706619
vn -0.501322 0.497895 0.707656
vn -0.520252 0.472743 0.711232
vn -0.523423 0.475626 0.706972
vn -0.526316 0.478255 0.703039
vn -0.523423 0.475624 0.706972
vn -0.514895 0.484051 0.707515
vn -0.502135 0.498702 0.706511
vn -0.488209 0.512231 0.706591
vn -0.473228 0.524607 0.707702
vn -0.493666 0.500455 0.711223
vn -0.496668 0.503499 0.706972
vn -0.487552 0.511543 0.707542
vn -0.474057 0.525525 0.706466
vn -0.496668 0.503499 0.706972
vn -0.499408 0.506276 0.703047
vn -0.465606 0.526675 0.711214
vn -0.459397 0.538258 0.706565
vn -0.443712 0.549736 0.707749
vn -0.468432 0.529870 0.706972
vn -0.471010 0.532786 0.703057
vn -0.468431 0.529871 0.706972
vn -0.458744 0.537494 0.707569
vn -0.444547 0.550770 0.706420
vn -0.438797 0.554660 0.706972
vn -0.429199 0.562666 0.706538
vn -0.412866 0.573207 0.707796
vn -0.436157 0.551323 0.711203
vn -0.438797 0.554660 0.706972
vn -0.441205 0.557705 0.703067
vn -0.428558 0.561825 0.707595
vn -0.413697 0.574361 0.706374
vn -0.397707 0.585380 0.706512
vn -0.380780 0.594948 0.707845
vn -0.405405 0.574328 0.711192
vn -0.407852 0.577795 0.706972
vn -0.407852 0.577796 0.706972
vn -0.397084 0.584465 0.707619
vn -0.381597 0.596226 0.706327
vn -0.410084 0.580959 0.703077
vn -0.375690 0.599205 0.706972
vn -0.365014 0.606334 0.706487
vn -0.347549 0.614895 0.707894
vn -0.373442 0.595620 0.711181
vn -0.377742 0.602476 0.703088
vn -0.375692 0.599205 0.706971
vn -0.364418 0.605343 0.707644
vn -0.348346 0.616298 0.706280
vn -0.331221 0.625463 0.706462
vn -0.313281 0.632987 0.707943
vn -0.340366 0.615135 0.711168
vn -0.342408 0.618828 0.706971
vn -0.344272 0.622196 0.703100
vn -0.342409 0.618827 0.706972
vn -0.330657 0.624399 0.707667
vn -0.314039 0.634521 0.706231
vn -0.306271 0.632816 0.711155
vn -0.296427 0.642709 0.706439
vn -0.278071 0.649170 0.707993
vn -0.308103 0.636603 0.706972
vn -0.295904 0.641574 0.707689
vn -0.278783 0.650836 0.706181
vn -0.309774 0.640057 0.703112
vn -0.308103 0.636602 0.706972
vn -0.260737 0.658023 0.706415
vn -0.272879 0.652478 0.706972
vn -0.242031 0.663397 0.708044
vn -0.271261 0.648610 0.711142
vn -0.274355 0.656007 0.703125
vn -0.272879 0.652478 0.706972
vn -0.260262 0.656817 0.707712
vn -0.242685 0.665193 0.706132
vn -0.224261 0.671354 0.706392
vn -0.205266 0.675624 0.708094
vn -0.235442 0.662469 0.711127
vn -0.238118 0.669997 0.703138
vn -0.236841 0.666406 0.706972
vn -0.223836 0.670082 0.707734
vn -0.205849 0.677549 0.706083
vn -0.236841 0.666406 0.706972
vn -0.198918 0.674353 0.711112
vn -0.187107 0.682666 0.706370
vn 0.999906 0.013719 -0.000000
vn 0.999906 0.013719 0.000000
vn 0.999153 0.041144 0.000000
vn 0.997648 0.068541 0.000000
vn 0.999153 0.041144 0.000000
vn 0.997648 0.068541 0.000000
vn 0.995393 0.095883 0.000000
vn 0.995393 0.095883 -0.000000
vn 0.992388 0.123154 0.000000
vn 0.988635 0.150336 0.000000
vn 0.992388 0.123154 -0.000000
vn 0.988635 0.150336 0.000000
vn 0.984139 0.177400 0.000000
vn 0.984139 0.177400 -0.000000
vn 0.978902 0.204332 0.000000
vn 0.972928 0.231109 0.000000
vn 0.978902 0.204332 -0.000000
vn 0.972928 0.231109 0.000000
vn 0.966221 0.257715 -0.000000
vn 0.966221 0.257715 0.000000
vn 0.958787 0.284126 -0.000000
vn 0.958787 0.284126 0.000000
vn 0.950632 0.310321 0.000000
vn 0.950632 0.310321 0.000000
vn 0.941761 0.336284 0.000000
vn 0.941761 0.336284 -0.000000
vn 0.932181 0.361993 0.000000
vn 0.932181 0.361993 0.000000
vn 0.921898 0.387432 -0.000000
vn 0.921898 0.387432 0.000000
vn 0.910923 0.412576 0.000000
vn 0.910923 0.412576 -0.000000
vn 0.899261 0.437413 0.000000
vn 0.899261 0.437413 -0.000000
vn 0.886923 0.461917 0.000000
vn 0.886923 0.461917 -0.000000
vn 0.873916 0.486076 0.000000
vn 0.873916 0.486076 -0.000000
vn 0.860253 0.509867 0.000000
vn 0.860253 0.509867 -0.000000
vn 0.845942 0.533275 0.000000
vn 0.845942 0.533275 -0.000000
vn 0.830992 0.556284 0.000000
vn 0.815420 0.578870 0.000000
vn 0.830992 0.556284 -0.000000
vn 0.815420 0.578870 0.000000
vn 0.799230 0.601025 0.000000
vn 0.799230 0.601025 -0.000000
vn 0.782443 0.622723 0.000000
vn 0.782443 0.622723 -0.000000
vn 0.765063 0.643955 0.000000
vn 0.765063 0.643955 -0.000000
vn 0.747110 0.664700 0.000000
vn 0.747110 0.664700 -0.000000
vn 0.728593 0.684947 0.000000
vn 0.728593 0.684947 -0.000000
vn 0.709527 0.704678 0.000000
vn 0.709527 0.704678 -0.000000
vn 0.689929 0.723877 0.000000
vn 0.689929 0.723877 -0.000000
vn 0.669811 0.742532 0.000000
vn 0.669811 0.742532 -0.000000
vn 0.649187 0.760629 0.000000
vn 0.649187 0.760629 -0.000000
vn 0.628076 0.778152 0.000000
vn 0.628076 0.778152 -0.000000
vn 0.606491 0.795090 0.000000
vn 0.606491 0.795090 -0.000000
vn 0.584451 0.811429 0.000000
vn 0.584451 0.811429 -0.000000
vn 0.561969 0.827158 0.000000
vn 0.561969 0.827158 -0.000000
vn 0.539066 0.842263 -0.000000
vn 0.539066 0.842263 0.000000
vn 0.515756 0.856735 -0.000000
vn 0.515756 0.856735 0.000000
vn 0.492059 0.870562 0.000000
vn 0.492059 0.870562 0.000000
vn 0.467991 0.883733 -0.000000
vn 0.467991 0.883733 0.000000
vn 0.443568 0.896241 -0.000000
vn 0.443568 0.896241 0.000000
vn 0.418815 0.908071 -0.000000
vn 0.418815 0.908071 0.000000
vn 0.393747 0.919219 -0.000000
vn 0.393747 0.919219 0.000000
vn 0.368380 0.929676 -0.000000
vn 0.368380 0.929676 0.000000
vn 0.342736 0.939432 -0.000000
vn 0.342736 0.939432 0.000000
vn 0.316834 0.948481 -0.000000
vn 0.316834 0.948481 0.000000
vn 0.290695 0.956816 0.000000
vn 0.290695 0.956816 -0.000000
vn 0.264335 0.964431 0.000000
vn 0.264335 0.964431 -0.000000
vn 0.237779 0.971319 0.000000
vn 0.237779 0.971319 -0.000000
vn 0.211042 0.977477 0.000000
vn 0.211042 0.977477 -0.000000
vn 0.184145 0.982899 0.000000
vn 0.184145 0.982899 -0.000000
vn 0.157111 0.987581 0.000000
vn 0.129960 0.991519 0.000000
vn 0.157111 0.987581 -0.000000
vn 0.129960 0.991519 0.000000
vn 0.102709 0.994711 0.000000
vn 0.102709 0.994711 -0.000000
vn 0.075382 0.997155 0.000000
vn 0.075382 0.997155 -0.000000
vn 0.047998 0.998847 0.000000
vn 0.047998 0.998847 -0.000000
vn 0.020575 0.999788 0.000000
vn 0.020575 0.999788 -0.000000
vn -0.006858 0.999976 0.000000
vn -0.006858 0.999976 0.000000
vn -0.034290 0.999412 0.000000
vn -0.034290 0.999412 0.000000
vn -0.061695 0.998095 0.000000
vn -0.061695 0.998095 0.000000
vn -0.089053 0.996027 0.000000
vn -0.089053 0.996027 0.000000
vn -0.116345 0.993209 0.000000
vn -0.116345 0.993209 0.000000
vn -0.143551 0.989643 0.000000
vn -0.143551 0.989643 0.000000
vn -0.170644 0.985333 0.000000
vn -0.170644 0.985333 0.000000
vn -0.197612 0.980280 0.000000
vn -0.197612 0.980280 0.000000
vn -0.224431 0.974490 0.000000
vn -0.224431 0.974490 0.000000
vn -0.251081 0.967966 0.000000
vn -0.251081 0.967966 0.000000
vn -0.277543 0.960713 0.000000
vn -0.277543 0.960713 0.000000
vn -0.303793 0.952738 0.000000
vn -0.303793 0.952738 0.000000
vn -0.329816 0.944045 0.000000
vn -0.329816 0.944045 0.000000
vn -0.355591 0.934642 0.000000
vn -0.355591 0.934642 0.000000
vn -0.381099 0.924534 0.000000
vn -0.381099 0.924534 0.000000
vn -0.406319 0.913731 0.000000
vn -0.406319 0.913731 0.000000
vn -0.431233 0.902241 0.000000
vn -0.431233 0.902241 0.000000
vn -0.455823 0.890070 0.000000
vn -0.455823 0.890070 0.000000
vn -0.480070 0.877230 0.000000
vn -0.480070 0.877230 0.000000
vn -0.503954 0.863730 0.000000
vn -0.503954 0.863730 0.000000
vn -0.527461 0.849580 0.000000
vn -0.527461 0.849580 0.000000
vn -0.550570 0.834789 0.000000
vn -0.550570 0.834789 0.000000
vn -0.573264 0.819371 0.000000
vn -0.573264 0.819371 0.000000
vn -0.595528 0.803335 0.000000
vn -0.595528 0.803335 0.000000
vn -0.617342 0.786695 0.000000
vn -0.617342 0.786695 0.000000
vn -0.638692 0.769462 0.000000
vn -0.638692 0.769462 0.000000
vn -0.659560 0.751652 0.000000
vn -0.659560 0.751652 0.000000
vn -0.679934 0.733274 0.000000
vn -0.679934 0.733274 0.000000
vn -0.699794 0.714345 0.000000
vn -0.699794 0.714345 0.000000
vn -0.719128 0.694877 0.000000
vn -0.719128 0.694877 0.000000
vn -0.737920 0.674888 0.000000
vn -0.737920 0.674888 0.000000
vn -0.756158 0.654389 0.000000
vn -0.756158 0.654389 0.000000
vn -0.773826 0.633399 0.000000
vn -0.773826 0.633399 0.000000
vn -0.790912 0.611930 0.000000
vn -0.790912 0.611930 0.000000
vn -0.807401 0.590002 0.000000
vn -0.807401 0.590002 0.000000
vn -0.823284 0.567630 0.000000
vn -0.823284 0.567630 0.000000
vn -0.838546 0.544831 0.000000
vn -0.838546 0.544831 0.000000
vn -0.853177 0.521622 0.000000
vn -0.853177 0.521622 0.000000
vn -0.867167 0.498018 0.000000
vn -0.867167 0.498018 0.000000
vn -0.880503 0.474041 0.000000
vn -0.880503 0.474041 0.000000
vn -0.893176 0.449708 0.000000
vn -0.893176 0.449708 0.000000
vn -0.905178 0.425033 0.000000
vn -0.916496 0.400043 0.000000
vn -0.905178 0.425033 0.000000
vn -0.916496 0.400043 0.000000
vn -0.927127 0.374747 0.000000
vn -0.937058 0.349173 0.000000
vn -0.927127 0.374747 0.000000
vn -0.937058 0.349173 0.000000
vn -0.946286 0.323332 0.000000
vn -0.946286 0.323332 0.000000
vn -0.954799 0.297252 0.000000
vn -0.954799 0.297252 0.000000
vn -0.962595 0.270945 0.000000
vn -0.969666 0.244435 0.000000
vn -0.962595 0.270945 0.000000
vn -0.969666 0.244435 0.000000
vn -0.976006 0.217742 0.000000
vn -0.976006 0.217742 0.000000
vn -0.981613 0.190882 0.000000
vn -0.981613 0.190882 0.000000
vn -0.986480 0.163883 0.000000
vn -0.990605 0.136758 0.000000
vn -0.986480 0.163883 0.000000
vn -0.990605 0.136758 0.000000
vn -0.993983 0.109530 0.000000
vn -0.993983 0.109530 0.000000
vn -0.996614 0.082218 0.000000
vn -0.996614 0.082218 0.000000
vn -0.998495 0.054848 0.000000
vn -0.998495 0.054848 0.000000
vn -0.999624 0.027434 0.000000
vn -0.999624 0.027434 0.000000
vn -1.000000 -0.000000 0.000000
vn -0.999624 -0.027434 -0.000000
vn -1.000000 0.000000 0.000000
vn -0.999624 -0.027434 0.000000
vn -0.998495 -0.054848 0.000000
vn -0.996614 -0.082218 -0.000000
vn -0.998495 -0.054848 0.000000
vn -0.996614 -0.082218 0.000000
vn -0.993983 -0.109530 0.000000
vn -0.990605 -0.136758 -0.000000
vn -0.993983 -0.109530 0.000000
vn -0.990605 -0.136758 0.000000
vn -0.986480 -0.163883 0.000000
vn -0.981613 -0.190882 -0.000000
vn -0.986480 -0.163883 0.000000
vn -0.981613 -0.190882 0.000000
vn -0.976006 -0.217742 0.000000
vn -0.976006 -0.217742 0.000000
vn -0.969666 -0.244435 0.000000
vn -0.969666 -0.244435 0.000000
vn -0.962595 -0.270945 0.000000
vn -0.954799 -0.297252 -0.000000
vn -0.962595 -0.270945 0.000000
vn -0.954799 -0.297252 0.000000
vn -0.946286 -0.323332 0.000000
vn -0.946286 -0.323332 0.000000
vn -0.937058 -0.349173 0.000000
vn -0.927127 -0.374747 -0.000000
vn -0.937058 -0.349173 0.000000
vn -0.927127 -0.374747 0.000000
vn -0.916496 -0.400043 0.000000
vn -0.905178 -0.425033 -0.000000
vn -0.916496 -0.400043 0.000000
vn -0.905178 -0.425033 0.000000
vn -0.893176 -0.449708 0.000000
vn -0.893176 -0.449708 0.000000
vn -0.880503 -0.474041 0.000000
vn -0.880503 -0.474041 0.000000
vn -0.867167 -0.498018 0.000000
vn -0.853177 -0.521622 -0.000000
vn -0.867167 -0.498018 0.000000
vn -0.853177 -0.521622 0.000000
vn -0.838546 -0.544831 0.000000
vn -0.838546 -0.544831 0.000000
vn -0.823284 -0.567630 -0.000000
vn -0.823284 -0.567630 0.000000
vn -0.807401 -0.590002 0.000000
vn -0.807401 -0.590002 0.000000
vn -0.790912 -0.611930 -0.000000
vn -0.790912 -0.611930 0.000000
vn -0.773826 -0.633399 0.000000
vn -0.773826 -0.633399 0.000000
vn -0.756158 -0.654389 0.000000
vn -0.756158 -0.654389 0.000000
vn -0.737920 -0.674888 -0.000000
vn -0.737920 -0.674888 0.000000
vn -0.719128 -0.694877 0.000000
vn -0.719128 -0.694877 0.000000
vn -0.699794 -0.714345 -0.000000
vn -0.699794 -0.714345 0.000000
vn -0.679934 -0.733274 0.000000
vn -0.679934 -0.733274 0.000000
vn -0.659560 -0.751652 -0.000000
vn -0.659560 -0.751652 0.000000
vn -0.638692 -0.769462 0.000000
vn -0.638692 -0.769462 0.000000
vn -0.617342 -0.786695 0.000000
vn -0.617342 -0.786695 0.000000
vn -0.595528 -0.803335 0.000000
vn -0.573264 -0.819371 -0.000000
vn -0.595528 -0.803335 0.000000
vn -0.573264 -0.819371 0.000000
vn -0.550570 -0.834789 0.000000
vn -0.527461 -0.849580 -0.000000
vn -0.550570 -0.834789 0.000000
vn -0.527461 -0.849580 0.000000
vn -0.503954 -0.863730 0.000000
vn -0.503954 -0.863730 0.000000
vn -0.480070 -0.877230 0.000000
vn -0.480070 -0.877230 0.000000
vn -0.455823 -0.890070 0.000000
vn -0.455823 -0.890070 0.000000
vn -0.431233 -0.902241 0.000000
vn -0.431233 -0.902241 0.000000
vn -0.406319 -0.913731 0.000000
vn -0.406319 -0.913731 0.000000
vn -0.381099 -0.924534 0.000000
vn -0.381099 -0.924534 0.000000
vn -0.355591 -0.934642 0.000000
vn -0.355591 -0.934642 0.000000
vn -0.329816 -0.944045 0.000000
vn -0.303793 -0.952738 -0.000000
vn -0.329816 -0.944045 0.000000
vn -0.303793 -0.952738 0.000000
vn -0.277543 -0.960713 0.000000
vn -0.277543 -0.960713 0.000000
vn -0.251081 -0.967966 0.000000
vn -0.251081 -0.967966 0.000000
vn -0.224431 -0.974490 0.000000
vn -0.224431 -0.974490 0.000000
vn -0.197612 -0.980280 -0.000000
vn -0.197612 -0.980280 0.000000
vn -0.170644 -0.985333 -0.000000
vn -0.170644 -0.985333 0.000000
vn -0.143551 -0.989643 -0.000000
vn -0.143551 -0.989643 0.000000
vn -0.116345 -0.993209 0.000000
vn -0.116345 -0.993209 0.000000
vn -0.089053 -0.996027 -0.000000
vn -0.089053 -0.996027 0.000000
vn -0.061695 -0.998095 0.000000
vn -0.061695 -0.998095 0.000000
vn -0.034290 -0.999412 -0.000000
vn -0.034290 -0.999412 0.000000
vn -0.006858 -0.999976 0.000000
vn -0.006858 -0.999976 0.000000
vn 0.020575 -0.999788 0.000000
vn 0.020575 -0.999788 0.000000
vn 0.047998 -0.998847 0.000000
vn 0.047998 -0.998847 0.000000
vn 0.075382 -0.997155 0.000000
vn 0.075382 -0.997155 0.000000
vn 0.102709 -0.994711 0.000000
vn 0.102709 -0.994711 0.000000
vn 0.129960 -0.991519 0.000000
vn 0.129960 -0.991519 0.000000
vn 0.157111 -0.987581 0.000000
vn 0.157111 -0.987581 0.000000
vn 0.184145 -0.982899 0.000000
vn 0.184145 -0.982899 0.000000
vn 0.211042 -0.977477 0.000000
vn 0.211042 -0.977477 0.000000
vn 0.237779 -0.971319 0.000000
vn 0.237779 -0.971319 0.000000
vn 0.264335 -0.964431 0.000000
vn 0.264335 -0.964431 0.000000
vn 0.290695 -0.956816 0.000000
vn 0.316834 -0.948481 0.000000
vn 0.290695 -0.956816 0.000000
vn 0.316834 -0.948481 0.000000
vn 0.342736 -0.939432 0.000000
vn 0.342736 -0.939432 0.000000
vn 0.368380 -0.929676 0.000000
vn 0.393747 -0.919219 0.000000
vn 0.368380 -0.929676 0.000000
vn 0.393747 -0.919219 0.000000
vn 0.418815 -0.908071 0.000000
vn 0.418815 -0.908071 0.000000
vn 0.443568 -0.896241 0.000000
vn 0.443568 -0.896241 0.000000
vn 0.467991 -0.883733 0.000000
vn 0.467991 -0.883733 0.000000
vn 0.492059 -0.870562 0.000000
vn 0.492059 -0.870562 0.000000
vn 0.515756 -0.856735 0.000000
vn 0.515756 -0.856735 0.000000
vn 0.539066 -0.842263 0.000000
vn 0.539066 -0.842263 0.000000
vn 0.561969 -0.827158 0.000000
vn 0.561969 -0.827158 0.000000
vn 0.584451 -0.811429 0.000000
vn 0.584451 -0.811429 0.000000
vn 0.606491 -0.795090 0.000000
vn 0.606491 -0.795090 0.000000
vn 0.628076 -0.778152 0.000000
vn 0.628076 -0.778152 0.000000
vn 0.649187 -0.760629 0.000000
vn 0.649187 -0.760629 0.000000
vn 0.669811 -0.742532 0.000000
vn 0.669811 -0.742532 0.000000
vn 0.689929 -0.723877 0.000000
vn 0.689929 -0.723877 0.000000
vn 0.709527 -0.704678 0.000000
vn 0.709527 -0.704678 0.000000
vn 0.728593 -0.684947 0.000000
vn 0.728593 -0.684947 0.000000
vn 0.747110 -0.664700 0.000000
vn 0.747110 -0.664700 0.000000
vn 0.765063 -0.643955 0.000000
vn 0.765063 -0.643955 0.000000
vn 0.782443 -0.622723 0.000000
vn 0.782443 -0.622723 0.000000
vn 0.799230 -0.601025 0.000000
vn 0.799230 -0.601025 0.000000
vn 0.815420 -0.578870 0.000000
vn 0.815420 -0.578870 0.000000
vn 0.830992 -0.556284 0.000000
vn 0.830992 -0.556284 0.000000
vn 0.845942 -0.533275 0.000000
vn 0.845942 -0.533275 0.000000
vn 0.860253 -0.509867 0.000000
vn 0.860253 -0.509867 0.000000
vn 0.873916 -0.486076 0.000000
vn 0.873916 -0.486076 0.000000
vn 0.886923 -0.461917 0.000000
vn 0.886923 -0.461917 0.000000
vn 0.899261 -0.437413 0.000000
vn 0.899261 -0.437413 0.000000
vn 0.910923 -0.412576 0.000000
vn 0.910923 -0.412576 0.000000
vn 0.921898 -0.387432 0.000000
vn 0.921898 -0.387432 0.000000
vn 0.932181 -0.361993 0.000000
vn 0.932181 -0.361993 0.000000
vn 0.941761 -0.336284 0.000000
vn 0.941761 -0.336284 0.000000
vn 0.950632 -0.310321 0.000000
vn 0.950632 -0.310321 0.000000
vn 0.958787 -0.284126 0.000000
vn 0.966221 -0.257715 0.000000
vn 0.958787 -0.284126 0.000000
vn 0.966221 -0.257715 0.000000
vn 0.972928 -0.231109 0.000000
vn 0.978902 -0.204332 0.000000
vn 0.972928 -0.231109 0.000000
vn 0.978902 -0.204332 0.000000
vn 0.984139 -0.177400 0.000000
vn 0.988635 -0.150336 0.000000
vn 0.984139 -0.177400 0.000000
vn 0.988635 -0.150336 0.000000
vn 0.992388 -0.123154 0.000000
vn 0.992388 -0.123154 0.000000
vn 0.995393 -0.095883 0.000000
vn 0.997648 -0.068541 0.000000
vn 0.995393 -0.095883 0.000000
vn 0.997648 -0.068541 0.000000
vn 0.999153 -0.041144 0.000000
vn 0.999153 -0.041144 0.000000
vn 0.999906 -0.013719 0.000000
vn 0.999906 -0.013719 0.000000
vn -0.999906 -0.013719 0.000000
vn -0.999153 -0.041144 0.000000
vn -0.999906 -0.013719 0.000000
vn -0.997648 -0.068538 0.000000
vn -0.999153 -0.041144 0.000000
vn -0.995393 -0.095883 0.000000
vn -0.997648 -0.068538 0.000000
vn -0.992387 -0.123155 0.000000
vn -0.995393 -0.095883 0.000000
vn -0.988635 -0.150337 0.000000
vn -0.992387 -0.123155 0.000000
vn -0.984139 -0.177397 0.000000
vn -0.988635 -0.150337 0.000000
vn -0.978901 -0.204335 0.000000
vn -0.984139 -0.177397 0.000000
vn -0.972928 -0.231110 0.000000
vn -0.978901 -0.204335 0.000000
vn -0.966222 -0.257712 0.000000
vn -0.972928 -0.231110 0.000000
vn -0.966222 -0.257712 0.000000
vn -0.958787 -0.284125 0.000000
vn -0.958787 -0.284125 0.000000
vn -0.950631 -0.310323 0.000000
vn -0.950631 -0.310323 0.000000
vn -0.941760 -0.336284 0.000000
vn -0.941760 -0.336284 0.000000
vn -0.932181 -0.361992 0.000000
vn -0.932181 -0.361992 0.000000
vn -0.921898 -0.387432 0.000000
vn -0.921898 -0.387432 0.000000
vn -0.910923 -0.412577 0.000000
vn -0.910923 -0.412577 0.000000
vn -0.899261 -0.437413 0.000000
vn -0.899261 -0.437413 0.000000
vn -0.886922 -0.461918 0.000000
vn -0.886922 -0.461918 0.000000
vn -0.873917 -0.486076 0.000000
vn -0.860254 -0.509866 0.000000
vn -0.873917 -0.486076 0.000000
vn -0.860254 -0.509866 0.000000
vn -0.845941 -0.533277 0.000000
vn -0.830993 -0.556283 0.000000
vn -0.845941 -0.533277 0.000000
vn -0.815418 -0.578872 0.000000
vn -0.830993 -0.556283 0.000000
vn -0.799232 -0.601023 0.000000
vn -0.815418 -0.578872 0.000000
vn -0.782443 -0.622723 0.000000
vn -0.799232 -0.601023 0.000000
vn -0.765063 -0.643955 0.000000
vn -0.782443 -0.622723 0.000000
vn -0.747110 -0.664701 0.000000
vn -0.765063 -0.643955 0.000000
vn -0.728593 -0.684947 0.000000
vn -0.747110 -0.664701 0.000000
vn -0.709528 -0.704677 0.000000
vn -0.728593 -0.684947 0.000000
vn -0.689928 -0.723878 0.000000
vn -0.709528 -0.704677 0.000000
vn -0.669811 -0.742532 0.000000
vn -0.689928 -0.723878 0.000000
vn -0.649186 -0.760629 0.000000
vn -0.669811 -0.742532 0.000000
vn -0.628076 -0.778152 0.000000
vn -0.649186 -0.760629 0.000000
vn -0.606492 -0.795090 0.000000
vn -0.628076 -0.778152 0.000000
vn -0.584450 -0.811429 0.000000
vn -0.606492 -0.795090 0.000000
vn -0.584450 -0.811429 0.000000
vn -0.561970 -0.827158 0.000000
vn -0.561970 -0.827158 0.000000
vn -0.539066 -0.842263 0.000000
vn -0.539066 -0.842263 0.000000
vn -0.515756 -0.856735 0.000000
vn -0.515756 -0.856735 0.000000
vn -0.492060 -0.870561 0.000000
vn -0.467990 -0.883734 0.000000
vn -0.492060 -0.870561 0.000000
vn -0.467990 -0.883734 0.000000
vn -0.443569 -0.896240 0.000000
vn -0.443569 -0.896240 0.000000
vn -0.418817 -0.908071 0.000000
vn -0.393745 -0.919220 0.000000
vn -0.418817 -0.908071 0.000000
vn -0.368381 -0.929675 0.000000
vn -0.393745 -0.919220 0.000000
vn -0.342736 -0.939432 0.000000
vn -0.368381 -0.929675 0.000000
vn -0.316834 -0.948481 0.000000
vn -0.342736 -0.939432 0.000000
vn -0.290694 -0.956816 0.000000
vn -0.316834 -0.948481 0.000000
vn -0.264337 -0.964431 0.000000
vn -0.290694 -0.956816 0.000000
vn -0.264337 -0.964431 0.000000
vn -0.211040 -0.977477 0.000000
vn -0.237780 -0.971319 0.000000
vn -0.237780 -0.971319 0.000000
vn -0.184147 -0.982899 0.000000
vn -0.211040 -0.977477 0.000000
vn -0.157111 -0.987581 0.000000
vn -0.184147 -0.982899 0.000000
vn -0.129958 -0.991520 0.000000
vn -0.157111 -0.987581 0.000000
vn -0.129958 -0.991520 0.000000
vn -0.102710 -0.994711 0.000000
vn -0.102710 -0.994711 0.000000
vn -0.047999 -0.998847 0.000000
vn -0.075382 -0.997155 0.000000
vn -0.075382 -0.997155 0.000000
vn -0.020574 -0.999788 0.000000
vn -0.047999 -0.998847 0.000000
vn -0.020574 -0.999788 0.000000
vn 0.006858 -0.999976 0.000000
vn 0.006858 -0.999976 0.000000
vn 0.034290 -0.999412 0.000000
vn 0.034290 -0.999412 0.000000
vn 0.061694 -0.998095 0.000000
vn 0.089056 -0.996027 0.000000
vn 0.061694 -0.998095 0.000000
vn 0.089056 -0.996027 0.000000
vn 0.116342 -0.993209 0.000000
vn 0.116342 -0.993209 0.000000
vn 0.143552 -0.989643 0.000000
vn 0.170643 -0.985333 0.000000
vn 0.143552 -0.989643 0.000000
vn 0.170643 -0.985333 0.000000
vn 0.197613 -0.980280 0.000000
vn 0.197613 -0.980280 0.000000
vn 0.224433 -0.974490 0.000000
vn 0.251079 -0.967966 0.000000
vn 0.224433 -0.974490 0.000000
vn 0.251079 -0.967966 0.000000
vn 0.277541 -0.960714 0.000000
vn 0.303795 -0.952737 0.000000
vn 0.277541 -0.960714 0.000000
vn 0.303795 -0.952737 0.000000
vn 0.329816 -0.944045 0.000000
vn 0.329816 -0.944045 0.000000
vn 0.355590 -0.934642 0.000000
vn 0.381099 -0.924534 0.000000
vn 0.355590 -0.934642 0.000000
vn 0.381099 -0.924534 0.000000
vn 0.406320 -0.913731 0.000000
vn 0.406320 -0.913731 0.000000
vn 0.431233 -0.902241 0.000000
vn 0.455821 -0.890071 0.000000
vn 0.431233 -0.902241 0.000000
vn 0.455821 -0.890071 0.000000
vn 0.480070 -0.877230 0.000000
vn 0.480070 -0.877230 0.000000
vn 0.503955 -0.863730 0.000000
vn 0.527462 -0.849578 0.000000
vn 0.503955 -0.863730 0.000000
vn 0.527462 -0.849578 0.000000
vn 0.550569 -0.834790 0.000000
vn 0.550569 -0.834790 0.000000
vn 0.573265 -0.819370 0.000000
vn 0.595527 -0.803335 0.000000
vn 0.573265 -0.819370 0.000000
vn 0.617341 -0.786696 0.000000
vn 0.595527 -0.803335 0.000000
vn 0.617341 -0.786696 0.000000
vn 0.659561 -0.751651 0.000000
vn 0.638692 -0.769463 0.000000
vn 0.638692 -0.769463 0.000000
vn 0.679933 -0.733274 0.000000
vn 0.659561 -0.751651 0.000000
vn 0.679933 -0.733274 0.000000
vn 0.699794 -0.714344 0.000000
vn 0.719128 -0.694877 0.000000
vn 0.699794 -0.714344 0.000000
vn 0.719128 -0.694877 0.000000
vn 0.737920 -0.674888 0.000000
vn 0.737920 -0.674888 0.000000
vn 0.756158 -0.654390 0.000000
vn 0.773826 -0.633399 0.000000
vn 0.756158 -0.654390 0.000000
vn 0.773826 -0.633399 0.000000
vn 0.790912 -0.611930 0.000000
vn 0.790912 -0.611930 0.000000
vn 0.807401 -0.590003 0.000000
vn 0.807401 -0.590003 0.000000
vn 0.823283 -0.567631 0.000000
vn 0.838547 -0.544830 0.000000
vn 0.823283 -0.567631 0.000000
vn 0.838547 -0.544830 0.000000
vn 0.853178 -0.521620 0.000000
vn 0.867166 -0.498019 0.000000
vn 0.853178 -0.521620 0.000000
vn 0.867166 -0.498019 0.000000
vn 0.880502 -0.474041 0.000000
vn 0.880502 -0.474041 0.000000
vn 0.893176 -0.449708 0.000000
vn 0.905177 -0.425035 0.000000
vn 0.893176 -0.449708 0.000000
vn 0.905177 -0.425035 0.000000
vn 0.916498 -0.400040 0.000000
vn 0.916498 -0.400040 0.000000
vn 0.937058 -0.349173 0.000000
vn 0.927126 -0.374749 0.000000
vn 0.927126 -0.374749 0.000000
vn 0.946285 -0.323333 0.000000
vn 0.937058 -0.349173 0.000000
vn 0.946285 -0.323333 0.000000
vn 0.962595 -0.270944 0.000000
vn 0.954800 -0.297250 0.000000
vn 0.954800 -0.297250 0.000000
vn 0.969665 -0.244437 0.000000
vn 0.962595 -0.270944 0.000000
vn 0.969665 -0.244437 0.000000
vn 0.981613 -0.190883 0.000000
vn 0.976006 -0.217742 0.000000
vn 0.976006 -0.217742 0.000000
vn 0.986480 -0.163882 0.000000
vn 0.981613 -0.190883 0.000000
vn 0.986480 -0.163882 0.000000
vn 0.993984 -0.109530 0.000000
vn 0.990605 -0.136756 0.000000
vn 0.990605 -0.136756 0.000000
vn 0.996614 -0.082219 0.000000
vn 0.993984 -0.109530 0.000000
vn 0.996614 -0.082219 0.000000
vn 0.998495 -0.054850 0.000000
vn 0.998495 -0.054850 0.000000
vn 0.999624 -0.027432 0.000000
vn 0.999624 -0.027432 0.000000
vn 1.000000 0.000000 0.000000
vn 0.999624 0.027432 -0.000000
vn 1.000000 0.000000 0.000000
vn 0.999624 0.027432 -0.000000
vn 0.998495 0.054850 0.000000
vn 0.998495 0.054850 -0.000000
vn 0.996614 0.082219 0.000000
vn 0.996614 0.082219 -0.000000
vn 0.993984 0.109530 0.000000
vn 0.990605 0.136756 -0.000000
vn 0.993984 0.109530 -0.000000
vn 0.990605 0.136756 -0.000000
vn 0.981613 0.190883 -0.000000
vn 0.986480 0.163882 -0.000000
vn 0.986480 0.163882 0.000000
vn 0.981613 0.190883 -0.000000
vn 0.976006 0.217742 -0.000000
vn 0.976006 0.217742 0.000000
vn 0.962595 0.270944 -0.000000
vn 0.969665 0.244437 -0.000000
vn 0.969665 0.244437 0.000000
vn 0.954800 0.297250 -0.000000
vn 0.962595 0.270944 -0.000000
vn 0.954800 0.297250 -0.000000
vn 0.937058 0.349173 -0.000000
vn 0.946285 0.323333 -0.000000
vn 0.946285 0.323333 0.000000
vn 0.927126 0.374749 -0.000000
vn 0.937058 0.349173 -0.000000
vn 0.927126 0.374749 -0.000000
vn 0.905177 0.425035 -0.000000
vn 0.916498 0.400040 -0.000000
vn 0.916498 0.400040 0.000000
vn 0.893176 0.449708 -0.000000
vn 0.905177 0.425035 -0.000000
vn 0.893176 0.449708 -0.000000
vn 0.880502 0.474041 -0.000000
vn 0.880502 0.474041 0.000000
vn 0.867166 0.498019 -0.000000
vn 0.867166 0.498019 0.000000
vn 0.853178 0.521620 -0.000000
vn 0.853178 0.521620 0.000000
vn 0.823283 0.567631 -0.000000
vn 0.838547 0.544830 -0.000000
vn 0.838547 0.544830 0.000000
vn 0.807401 0.590003 -0.000000
vn 0.823283 0.567631 -0.000000
vn 0.807401 0.590003 -0.000000
vn 0.790912 0.611930 0.000000
vn 0.773826 0.633399 -0.000000
vn 0.790912 0.611930 -0.000000
vn 0.773826 0.633399 -0.000000
vn 0.756158 0.654390 -0.000000
vn 0.756158 0.654390 0.000000
vn 0.737920 0.674888 0.000000
vn 0.737920 0.674888 -0.000000
vn 0.699794 0.714344 -0.000000
vn 0.719128 0.694877 -0.000000
vn 0.719128 0.694877 0.000000
vn 0.699794 0.714344 -0.000000
vn 0.679933 0.733274 -0.000000
vn 0.679933 0.733274 0.000000
vn 0.638692 0.769463 -0.000000
vn 0.659561 0.751651 -0.000000
vn 0.659561 0.751651 0.000000
vn 0.638692 0.769463 -0.000000
vn 0.617341 0.786696 -0.000000
vn 0.617341 0.786696 0.000000
vn 0.573265 0.819370 -0.000000
vn 0.595527 0.803335 -0.000000
vn 0.595527 0.803335 0.000000
vn 0.550569 0.834790 -0.000000
vn 0.573265 0.819370 -0.000000
vn 0.550569 0.834790 -0.000000
vn 0.527462 0.849578 -0.000000
vn 0.527462 0.849578 0.000000
vn 0.503955 0.863730 -0.000000
vn 0.503955 0.863730 0.000000
vn 0.480070 0.877230 -0.000000
vn 0.480070 0.877230 0.000000
vn 0.455821 0.890071 -0.000000
vn 0.455821 0.890071 0.000000
vn 0.431233 0.902241 -0.000000
vn 0.431233 0.902241 0.000000
vn 0.406320 0.913731 -0.000000
vn 0.406320 0.913731 0.000000
vn 0.381099 0.924534 -0.000000
vn 0.381099 0.924534 0.000000
vn 0.355590 0.934642 0.000000
vn 0.355590 0.934642 -0.000000
vn 0.329816 0.944045 0.000000
vn 0.329816 0.944045 -0.000000
vn 0.303795 0.952737 0.000000
vn 0.277541 0.960714 -0.000000
vn 0.303795 0.952737 -0.000000
vn 0.277541 0.960714 -0.000000
vn 0.251079 0.967966 0.000000
vn 0.224433 0.974490 -0.000000
vn 0.251079 0.967966 -0.000000
vn 0.224433 0.974490 -0.000000
vn 0.197613 0.980280 -0.000000
vn 0.197613 0.980280 -0.000000
vn 0.170643 0.985333 0.000000
vn 0.143552 0.989643 -0.000000
vn 0.170643 0.985333 -0.000000
vn 0.143552 0.989643 -0.000000
vn 0.116342 0.993209 0.000000
vn 0.116342 0.993209 -0.000000
vn 0.089056 0.996027 0.000000
vn 0.089056 0.996027 -0.000000
vn 0.061694 0.998095 0.000000
vn 0.034290 0.999412 -0.000000
vn 0.061694 0.998095 -0.000000
vn 0.034290 0.999412 -0.000000
vn 0.006858 0.999976 0.000000
vn 0.006858 0.999976 -0.000000
vn -0.020574 0.999788 0.000000
vn -0.047999 0.998847 0.000000
vn -0.020574 0.999788 0.000000
vn -0.047999 0.998847 0.000000
vn -0.075382 0.997155 0.000000
vn -0.075382 0.997155 0.000000
vn -0.102710 0.994711 0.000000
vn -0.102710 0.994711 0.000000
vn -0.129958 0.991520 0.000000
vn -0.129958 0.991520 0.000000
vn -0.157111 0.987581 0.000000
vn -0.157111 0.987581 0.000000
vn -0.184147 0.982899 0.000000
vn -0.211040 0.977477 0.000000
vn -0.184147 0.982899 0.000000
vn -0.211040 0.977477 0.000000
vn -0.237780 0.971319 0.000000
vn -0.237780 0.971319 0.000000
vn -0.264337 0.964431 0.000000
vn -0.264337 0.964431 0.000000
vn -0.316834 0.948481 0.000000
vn -0.290694 0.956816 0.000000
vn -0.290694 0.956816 0.000000
vn -0.316834 0.948481 0.000000
vn -0.368381 0.929675 0.000000
vn -0.342736 0.939432 0.000000
vn -0.342736 0.939432 0.000000
vn -0.368381 0.929675 0.000000
vn -0.393745 0.919220 0.000000
vn -0.393745 0.919220 0.000000
vn -0.418817 0.908071 0.000000
vn -0.418817 0.908071 0.000000
vn -0.443569 0.896240 0.000000
vn -0.467990 0.883734 0.000000
vn -0.443569 0.896240 0.000000
vn -0.467990 0.883734 0.000000
vn -0.492060 0.870561 0.000000
vn -0.492060 0.870561 0.000000
vn -0.515756 0.856735 0.000000
vn -0.515756 0.856735 0.000000
vn -0.539066 0.842263 0.000000
vn -0.539066 0.842263 0.000000
vn -0.561970 0.827158 0.000000
vn -0.584450 0.811429 0.000000
vn -0.561970 0.827158 0.000000
vn -0.584450 0.811429 0.000000
vn -0.606492 0.795090 0.000000
vn -0.606492 0.795090 0.000000
vn -0.628076 0.778152 0.000000
vn -0.628076 0.778152 0.000000
vn -0.649186 0.760629 0.000000
vn -0.649186 0.760629 0.000000
vn -0.669811 0.742532 0.000000
vn -0.669811 0.742532 0.000000
vn -0.689928 0.723878 0.000000
vn -0.709528 0.704677 0.000000
vn -0.689928 0.723878 0.000000
vn -0.709528 0.704677 0.000000
vn -0.728593 0.684947 0.000000
vn -0.728593 0.684947 0.000000
vn -0.747110 0.664701 0.000000
vn -0.765063 0.643955 0.000000
vn -0.747110 0.664701 0.000000
vn -0.765063 0.643955 0.000000
vn -0.782443 0.622723 0.000000
vn -0.782443 0.622723 0.000000
vn -0.815418 0.578872 0.000000
vn -0.799232 0.601023 0.000000
vn -0.799232 0.601023 0.000000
vn -0.815418 0.578872 0.000000
vn -0.830993 0.556283 0.000000
vn -0.830993 0.556283 0.000000
vn -0.860254 0.509866 0.000000
vn -0.845941 0.533277 0.000000
vn -0.845941 0.533277 0.000000
vn -0.860254 0.509866 0.000000
vn -0.873917 0.486076 0.000000
vn -0.873917 0.486076 0.000000
vn -0.899261 0.437413 0.000000
vn -0.886922 0.461918 0.000000
vn -0.886922 0.461918 0.000000
vn -0.899261 0.437413 0.000000
vn -0.910923 0.412577 0.000000
vn -0.910923 0.412577 0.000000
vn -0.921898 0.387432 0.000000
vn -0.921898 0.387432 0.000000
vn -0.932181 0.361992 0.000000
vn -0.932181 0.361992 0.000000
vn -0.941760 0.336284 0.000000
vn -0.941760 0.336284 0.000000
vn -0.950631 0.310323 0.000000
vn -0.950631 0.310323 0.000000
vn -0.958787 0.284125 0.000000
vn -0.958787 0.284125 0.000000
vn -0.966222 0.257712 0.000000
vn -0.966222 0.257712 0.000000
vn -0.978901 0.204335 0.000000
vn -0.972928 0.231110 0.000000
vn -0.972928 0.231110 0.000000
vn -0.978901 0.204335 0.000000
vn -0.984139 0.177397 0.000000
vn -0.988635 0.150337 0.000000
vn -0.984139 0.177397 0.000000
vn -0.992387 0.123155 0.000000
vn -0.988635 0.150337 0.000000
vn -0.992387 0.123155 0.000000
vn -0.995393 0.095883 0.000000
vn -0.995393 0.095883 0.000000
vn -0.999153 0.041144 0.000000
vn -0.997648 0.068538 0.000000
vn -0.997648 0.068538 0.000000
vn -0.999906 0.013719 0.000000
vn -0.999153 0.041144 0.000000
vn -0.999906 0.013719 -0.000000
vn 0.000000 0.000000 -1.000000
vn 0.000000 0.000000 -1.000000
vn 0.000000 0.000000 -1.000000
vn 0.000000 -0.000000 -1.000000
vn 0.000000 0.000000 -1.000000
vn 0.000000 0.000000 -1.000000
vn 0.000000 0.000000 -1.000000
vn 0.000000 -0.000000 -1.000000
vn 0.000000 0.000000 -1.000000
vn 0.000000 0.000000 -1.000000
vn 0.000000 0.000000 -1.000000
vn 0.000000 0.000000 -1.000000
vn 0.000000 0.000000 -1.000000
vn 0.000000 0.000000 -1.000000
vn 0.000000 0.000000 -1.000000
vn 0.000000 0.000000 -1.000000
vn 0.000000 0.000000 -1.000000
vn 0.000000 0.000000 -1.000000
vn 0.000000 0.000000 -1.000000
vn 0.000000 0.000000 -1.000000
vn 0.000000 0.000000 -1.000000
vn 0.000000 0.000000 -1.000000
vn 0.000000 0.000000 -1.000000
vn 0.000000 0.000000 -1.000000
vn 0.000000 0.000000 -1.000000
vn 0.000000 0.000000 -1.000000
vn 0.000000 0.000000 -1.000000
vn 0.000000 0.000000 -1.000000
vn 0.000000 0.000000 -1.000000
vn 0.000000 0.000000 -1.000000
vn 0.000000 0.000000 -1.000000
vn 0.000000 0.000000 -1.000000
vn 0.000000 0.000000 -1.000000
vn 0.000000 0.000000 -1.000000
vn 0.000000 0.000000 -1.000000
vn 0.000000 0.000000 -1.000000
vn 0.000000 -0.000000 -1.000000
vn 0.000000 0.000000 -1.000000
vn 0.000000 -0.000000 -1.000000
vn 0.000000 0.000000 -1.000000
vn 0.000000 -0.000000 -1.000000
vn 0.000000 0.000000 -1.000000
vn 0.000000 0.000000 -1.000000
vn 0.000000 -0.000000 -1.000000
vn 0.000000 -0.000000 -1.000000
vn 0.000000 0.000000 -1.000000
vn 0.000000 0.000000 -1.000000
vn 0.000000 -0.000000 -1.000000
vn 0.000000 -0.000000 -1.000000
vn 0.000000 0.000000 -1.000000
vn 0.000000 0.000000 -1.000000
vn 0.000000 -0.000000 -1.000000
vn 0.000000 -0.000000 -1.000000
vn 0.000000 0.000000 -1.000000
vn 0.000000 0.000000 -1.000000
vn 0.000000 -0.000000 -1.000000
vn 0.000000 0.000000 -1.000000
vn 0.000000 -0.000000 -1.000000
vn 0.000000 0.000000 -1.000000
vn 0.000000 -0.000000 -1.000000
vn 0.000000 -0.000000 -1.000000
vn 0.000000 0.000000 -1.000000
vn 0.000000 0.000000 -1.000000
vn 0.000000 -0.000000 -1.000000
vn 0.000000 0.000000 -1.000000
vn 0.000000 -0.000000 -1.000000
vn 0.000000 0.000000 -1.000000
vn 0.000000 -0.000000 -1.000000
vn 0.000000 0.000000 -1.000000
vn 0.000000 -0.000000 -1.000000
vn 0.000000 0.000000 -1.000000
vn 0.000000 -0.000000 -1.000000
vn 0.000000 0.000000 -1.000000
vn 0.000000 -0.000000 -1.000000
vn 0.000000 0.000000 -1.000000
vn 0.000000 -0.000000 -1.000000
vn 0.000000 0.000000 -1.000000
vn 0.000000 -0.000000 -1.000000
vn 0.000000 0.000000 -1.000000
vn 0.000000 -0.000000 -1.000000
vn 0.000000 0.000000 -1.000000
vn 0.000000 -0.000000 -1.000000
vn 0.000000 0.000000 -1.000000
vn 0.000000 -0.000000 -1.000000
vn 0.000000 0.000000 -1.000000
vn 0.000000 -0.000000 -1.000000
vn 0.000000 0.000000 -1.000000
vn 0.000000 -0.000000 -1.000000
vn 0.000000 0.000000 -1.000000
vn 0.000000 0.000000 -1.000000
vn 0.000000 0.000000 -1.000000
vn 0.000000 0.000000 -1.000000
vn 0.000000 0.000000 -1.000000
vn 0.000000 0.000000 -1.000000
vn 0.000000 0.000000 -1.000000
vn 0.000000 0.000000 -1.000000
vn 0.000000 0.000000 -1.000000
vn 0.000000 0.000000 -1.000000
vn 0.000000 0.000000 -1.000000
vn 0.000000 0.000000 -1.000000
vn 0.000000 0.000000 -1.000000
vn 0.000000 0.000000 -1.000000
vn 0.000000 0.000000 -1.000000
vn 0.000000 0.000000 -1.000000
vn 0.000000 0.000000 -1.000000
vn 0.000000 0.000000 -1.000000
vn 0.000000 0.000000 -1.000000
vn 0.000000 0.000000 -1.000000
vn 0.000000 0.000000 -1.000000
vn 0.000000 0.000000 -1.000000
vn 0.000000 0.000000 -1.000000
vn 0.000000 0.000000 -1.000000
vn 0.000000 0.000000 -1.000000
vn 0.000000 0.000000 -1.000000
vn 0.000000 0.000000 -1.000000
vn 0.000000 0.000000 -1.000000
vn 0.000000 0.000000 -1.000000
vn 0.000000 0.000000 -1.000000
vn 0.000000 0.000000 -1.000000
vn 0.000000 0.000000 -1.000000
vn 0.000000 0.000000 -1.000000
vn 0.000000 0.000000 -1.000000
vn 0.000000 0.000000 -1.000000
vn 0.000000 0.000000 -1.000000
vn 0.000000 0.000000 -1.000000
vn 0.000000 0.000000 -1.000000
vn 0.000000 0.000000 -1.000000
vn 0.000000 0.000000 -1.000000
vn 0.000000 0.000000 -1.000000
vn 0.000000 0.000000 -1.000000
vn 0.000000 0.000000 -1.000000
vn 0.000000 0.000000 -1.000000
vn 0.000000 0.000000 -1.000000
vn 0.000000 0.000000 -1.000000
vn 0.000000 0.000000 -1.000000
vn 0.000000 0.000000 -1.000000
vn 0.000000 0.000000 -1.000000
vn 0.000000 0.000000 -1.000000
vn 0.000000 0.000000 -1.000000
vn 0.000000 0.000000 -1.000000
vn 0.000000 -0.000000 -1.000000
vn 0.000000 -0.000000 -1.000000
vn 0.000000 -0.000000 -1.000000
vn 0.000000 -0.000000 -1.000000
vn 0.000000 -0.000000 -1.000000
vn 0.000000 -0.000000 -1.000000
vn 0.000000 -0.000000 -1.000000
vn 0.000000 -0.000000 -1.000000
vn 0.000000 -0.000000 -1.000000
vn 0.000000 -0.000000 -1.000000
vn 0.000000 -0.000000 -1.000000
vn 0.000000 -0.000000 -1.000000
vn 0.000000 -0.000000 -1.000000
vn 0.000000 -0.000000 -1.000000
vn 0.000000 0.000000 -1.000000
vn 0.000000 -0.000000 -1.000000
vn 0.000000 -0.000000 -1.000000
vn 0.000000 -0.000000 -1.000000
vn 0.000000 -0.000000 -1.000000
vn 0.000000 -0.000000 -1.000000
vn 0.000000 -0.000000 -1.000000
vn 0.000000 -0.000000 -1.000000
vn 0.000000 -0.000000 -1.000000
vn 0.000000 -0.000000 -1.000000
vn 0.000000 -0.000000 -1.000000
vn 0.000000 -0.000000 -1.000000
vn 0.000000 0.000000 -1.000000
vn 0.000000 -0.000000 -1.000000
vn 0.000000 0.000000 -1.000000
vn 0.000000 0.000000 -1.000000
vn 0.000000 0.000000 -1.000000
vn 0.000000 -0.000000 -1.000000
vn 0.000000 0.000000 -1.000000
vn 0.000000 0.000000 -1.000000
vn 0.000000 0.000000 -1.000000
vn 0.000000 0.000000 -1.000000
vn 0.000000 0.000000 -1.000000
vn 0.000000 0.000000 -1.000000
vn 0.000000 0.000000 -1.000000
vn 0.000000 -0.000000 -1.000000
vn 0.000000 0.000000 -1.000000
vn 0.000000 0.000000 -1.000000
vn 0.000000 0.000000 -1.000000
vn 0.000000 -0.000000 -1.000000
vn 0.000000 0.000000 -1.000000
vn 0.000000 0.000000 -1.000000
vn 0.000000 0.000000 -1.000000
vn 0.000000 -0.000000 -1.000000
vn 0.000000 0.000000 -1.000000
vn 0.000000 0.000000 -1.000000
vn 0.000000 0.000000 -1.000000
vn 0.000000 0.000000 -1.000000
vn 0.000000 0.000000 -1.000000
vn 0.000000 0.000000 -1.000000
vn 0.000000 0.000000 -1.000000
vn 0.000000 0.000000 -1.000000
vn 0.000000 0.000000 -1.000000
vn 0.000000 0.000000 -1.000000
vn 0.000000 0.000000 -1.000000
vn 0.000000 0.000000 -1.000000
vn 0.000000 0.000000 -1.000000
vn 0.000000 0.000000 -1.000000
vn 0.000000 0.000000 -1.000000
vn 0.000000 0.000000 -1.000000
vn 0.000000 0.000000 -1.000000
vn 0.000000 0.000000 -1.000000
vn 0.000000 0.000000 -1.000000
vn 0.000000 0.000000 -1.000000
vn 0.000000 0.000000 -1.000000
vn 0.000000 0.000000 -1.000000
vn 0.000000 0.000000 -1.000000
vn 0.000000 0.000000 -1.000000
vn 0.000000 0.000000 -1.000000
vn 0.000000 0.000000 -1.000000
vn 0.000000 0.000000 -1.000000
vn 0.000000 0.000000 -1.000000
vn 0.000000 0.000000 -1.000000
vn 0.000000 0.000000 -1.000000
vn 0.000000 0.000000 -1.000000
vn 0.000000 0.000000 -1.000000
vn 0.000000 0.000000 -1.000000
vn 0.000000 0.000000 -1.000000
vn 0.000000 0.000000 -1.000000
vn 0.000000 0.000000 -1.000000
vn 0.000000 0.000000 -1.000000
vn 0.000000 0.000000 -1.000000
vn 0.000000 0.000000 -1.000000
vn 0.000000 0.000000 -1.000000
vn 0.000000 0.000000 -1.000000
vn 0.000000 0.000000 -1.000000
vn 0.000000 0.000000 -1.000000
vn 0.000000 0.000000 -1.000000
vn 0.000000 0.000000 -1.000000
vn 0.000000 0.000000 -1.000000
vn 0.000000 0.000000 -1.000000
vn 0.000000 0.000000 -1.000000
vn 0.000000 0.000000 -1.000000
vn 0.000000 0.000000 -1.000000
vn 0.000000 0.000000 -1.000000
vn 0.000000 0.000000 -1.000000
vn 0.000000 0.000000 -1.000000
vn 0.000000 0.000000 -1.000000
vn 0.000000 0.000000 -1.000000
vn 0.000000 0.000000 -1.000000
vn 0.000000 0.000000 -1.000000
vn 0.000000 0.000000 -1.000000
vn 0.000000 0.000000 -1.000000
vn 0.000000 0.000000 -1.000000
vn 0.000000 0.000000 -1.000000
vn 0.000000 0.000000 -1.000000
vn 0.000000 0.000000 -1.000000
vn 0.000000 0.000000 -1.000000
vn 0.000000 0.000000 -1.000000
vn 0.000000 0.000000 -1.000000
vn 0.000000 0.000000 -1.000000
vn 0.000000 0.000000 -1.000000
vn 0.000000 0.000000 -1.000000
vn 0.000000 0.000000 -1.000000
vn 0.000000 0.000000 -1.000000
vn 0.000000 0.000000 -1.000000
vn 0.000000 0.000000 -1.000000
vn 0.000000 0.000000 -1.000000
vn 0.000000 0.000000 -1.000000
vn 0.000000 0.000000 -1.000000
vn 0.000000 0.000000 -1.000000
vn 0.000000 0.000000 -1.000000
vn 0.000000 0.000000 -1.000000
vn 0.000000 0.000000 -1.000000
vn 0.000000 0.000000 -1.000000
vn 0.000000 0.000000 -1.000000
vn 0.000000 0.000000 -1.000000
vn 0.000000 -0.000000 -1.000000
vn 0.000000 0.000000 -1.000000
vn 0.000000 0.000000 -1.000000
vn 0.000000 -0.000000 -1.000000
vn 0.000000 0.000000 -1.000000
vn 0.000000 0.000000 -1.000000
vn 0.000000 -0.000000 -1.000000
vn 0.000000 0.000000 -1.000000
vn 0.000000 -0.000000 -1.000000
vn 0.000000 0.000000 -1.000000
vn 0.000000 0.000000 -1.000000
vn 0.000000 0.000000 -1.000000
vn 0.000000 -0.000000 -1.000000
vn 0.000000 0.000000 -1.000000
vn 0.000000 0.000000 -1.000000
vn 0.000000 -0.000000 -1.000000
vn 0.000000 0.000000 -1.000000
vn 0.000000 0.000000 -1.000000
vn 0.000000 -0.000000 -1.000000
vn 0.000000 0.000000 -1.000000
vn 0.000000 0.000000 -1.000000
vn 0.000000 -0.000000 -1.000000
vn 0.000000 0.000000 -1.000000
vn 0.000000 0.000000 -1.000000
vn 0.000000 -0.000000 -1.000000
vn 0.000000 0.000000 -1.000000
vn 0.000000 0.000000 -1.000000
vn 0.000000 -0.000000 -1.000000
vn 0.000000 0.000000 -1.000000
vn 0.000000 0.000000 -1.000000
vn 0.000000 -0.000000 -1.000000
vn 0.000000 0.000000 -1.000000
vn 0.000000 0.000000 -1.000000
vn 0.000000 -0.000000 -1.000000
vn 0.000000 0.000000 -1.000000
vn 0.000000 0.000000 -1.000000
vn 0.000000 -0.000000 -1.000000
vn 0.000000 0.000000 -1.000000
vn 0.000000 0.000000 -1.000000
vn 0.000000 -0.000000 -1.000000
vn 0.000000 0.000000 -1.000000
vn 0.000000 -0.000000 -1.000000
vn 0.000000 0.000000 -1.000000
vn 0.000000 0.000000 -1.000000
vn 0.000000 0.000000 -1.000000
vn 0.000000 -0.000000 -1.000000
vn 0.000000 0.000000 -1.000000
vn 0.000000 -0.000000 -1.000000
vn 0.000000 0.000000 -1.000000
vn 0.000000 0.000000 -1.000000
vn 0.000000 -0.000000 -1.000000
vn 0.000000 0.000000 -1.000000
vn 0.000000 0.000000 -1.000000
vn 0.000000 -0.000000 -1.000000
vn 0.000000 0.000000 -1.000000
vn 0.000000 0.000000 -1.000000
vn 0.000000 -0.000000 -1.000000
vn 0.000000 0.000000 -1.000000
vn 0.000000 0.000000 -1.000000
vn 0.000000 0.000000 -1.000000
vn 0.000000 -0.000000 -1.000000
vn 0.000000 0.000000 -1.000000
vn 0.000000 0.000000 -1.000000
vn 0.000000 -0.000000 -1.000000
vn 0.000000 0.000000 -1.000000
vn 0.000000 -0.000000 -1.000000
vn 0.000000 0.000000 -1.000000
vn 0.000000 0.000000 -1.000000
vn 0.000000 0.000000 -1.000000
vn 0.000000 -0.000000 -1.000000
vn 0.000000 0.000000 -1.000000
vn 0.000000 0.000000 -1.000000
vn 0.000000 -0.000000 -1.000000
vn 0.000000 0.000000 -1.000000
vn 0.000000 0.000000 -1.000000
vn 0.000000 -0.000000 -1.000000
vn 0.000000 0.000000 -1.000000
vn 0.000000 0.000000 -1.000000
vn 0.000000 0.000000 -1.000000
vn 0.000000 0.000000 -1.000000
vn 0.000000 -0.000000 -1.000000
vn 0.000000 0.000000 -1.000000
vn 0.000000 0.000000 -1.000000
vn 0.000000 0.000000 -1.000000
vn 0.000000 0.000000 -1.000000
vn 0.000000 -0.000000 -1.000000
vn 0.000000 0.000000 1.000000
vn 0.000000 0.000000 1.000000
vn 0.000000 0.000000 1.000000
vn 0.000000 0.000000 1.000000
vn 0.000000 0.000000 1.000000
vn 0.000000 0.000000 1.000000
vn 0.000000 0.000000 1.000000
vn 0.000000 0.000000 1.000000
vn 0.000000 0.000000 1.000000
vn 0.000000 0.000000 1.000000
vn 0.000000 0.000000 1.000000
vn 0.000000 0.000000 1.000000
vn 0.000000 0.000000 1.000000
vn 0.000000 0.000000 1.000000
vn 0.000000 0.000000 1.000000
vn 0.000000 0.000000 1.000000
vn 0.000000 0.000000 1.000000
vn 0.000000 0.000000 1.000000
vn 0.000000 0.000000 1.000000
vn 0.000000 0.000000 1.000000
vn 0.000000 0.000000 1.000000
vn 0.000000 0.000000 1.000000
vn 0.000000 0.000000 1.000000
vn 0.000000 0.000000 1.000000
vn 0.000000 0.000000 1.000000
vn 0.000000 0.000000 1.000000
vn 0.000000 0.000000 1.000000
vn 0.000000 0.000000 1.000000
vn 0.000000 0.000000 1.000000
vn 0.000000 0.000000 1.000000
vn 0.000000 0.000000 1.000000
vn 0.000000 0.000000 1.000000
vn 0.000000 0.000000 1.000000
vn 0.000000 0.000000 1.000000
vn 0.000000 0.000000 1.000000
vn 0.000000 0.000000 1.000000
vn 0.000000 0.000000 1.000000
vn 0.000000 0.000000 1.000000
vn 0.000000 0.000000 1.000000
vn 0.000000 0.000000 1.000000
vn 0.000000 0.000000 1.000000
vn 0.000000 0.000000 1.000000
vn 0.000000 0.000000 1.000000
vn 0.000000 0.000000 1.000000
vn 0.000000 0.000000 1.000000
vn 0.000000 0.000000 1.000000
vn 0.000000 0.000000 1.000000
vn 0.000000 0.000000 1.000000
vn 0.000000 0.000000 1.000000
vn 0.000000 0.000000 1.000000
vn 0.000000 0.000000 1.000000
vn 0.000000 0.000000 1.000000
vn 0.000000 0.000000 1.000000
vn 0.000000 0.000000 1.000000
vn 0.000000 0.000000 1.000000
vn 0.000000 0.000000 1.000000
vn 0.000000 0.000000 1.000000
vn 0.000000 0.000000 1.000000
vn 0.000000 0.000000 1.000000
vn 0.000000 0.000000 1.000000
vn 0.000000 0.000000 1.000000
vn 0.000000 0.000000 1.000000
vn 0.000000 0.000000 1.000000
vn 0.000000 0.000000 1.000000
vn 0.000000 0.000000 1.000000
vn 0.000000 0.000000 1.000000
vn 0.000000 0.000000 1.000000
vn 0.000000 0.000000 1.000000
vn 0.000000 0.000000 1.000000
vn 0.000000 0.000000 1.000000
vn 0.000000 0.000000 1.000000
vn 0.000000 0.000000 1.000000
vn 0.000000 0.000000 1.000000
vn 0.000000 0.000000 1.000000
vn 0.000000 0.000000 1.000000
vn 0.000000 0.000000 1.000000
vn 0.000000 0.000000 1.000000
vn 0.000000 0.000000 1.000000
vn 0.000000 0.000000 1.000000
vn 0.000000 0.000000 1.000000
vn 0.000000 0.000000 1.000000
vn 0.000000 0.000000 1.000000
vn 0.000000 0.000000 1.000000
vn 0.000000 0.000000 1.000000
vn 0.000000 0.000000 1.000000
vn 0.000000 0.000000 1.000000
vn 0.000000 0.000000 1.000000
vn 0.000000 0.000000 1.000000
vn 0.000000 0.000000 1.000000
vn 0.000000 0.000000 1.000000
vn 0.000000 0.000000 1.000000
vn 0.000000 0.000000 1.000000
vn 0.000000 0.000000 1.000000
vn 0.000000 0.000000 1.000000
vn 0.000000 0.000000 1.000000
vn 0.000000 0.000000 1.000000
vn 0.000000 0.000000 1.000000
vn 0.000000 0.000000 1.000000
vn 0.000000 0.000000 1.000000
vn 0.000000 0.000000 1.000000
vn 0.000000 0.000000 1.000000
vn 0.000000 0.000000 1.000000
vn 0.000000 0.000000 1.000000
vn 0.000000 0.000000 1.000000
vn 0.000000 0.000000 1.000000
vn 0.000000 0.000000 1.000000
vn 0.000000 0.000000 1.000000
vn 0.000000 0.000000 1.000000
vn 0.000000 0.000000 1.000000
vn 0.000000 0.000000 1.000000
vn 0.000000 0.000000 1.000000
vn 0.000000 0.000000 1.000000
vn 0.000000 0.000000 1.000000
vn 0.000000 0.000000 1.000000
vn 0.000000 0.000000 1.000000
vn 0.000000 0.000000 1.000000
vn 0.000000 0.000000 1.000000
vn 0.000000 0.000000 1.000000
vn 0.000000 0.000000 1.000000
vn 0.000000 0.000000 1.000000
vn 0.000000 0.000000 1.000000
vn 0.000000 0.000000 1.000000
vn 0.000000 0.000000 1.000000
vn 0.000000 0.000000 1.000000
vn 0.000000 0.000000 1.000000
vn 0.000000 0.000000 1.000000
vn 0.000000 0.000000 1.000000
vn 0.000000 0.000000 1.000000
vn 0.000000 0.000000 1.000000
vn 0.000000 0.000000 1.000000
vn 0.000000 0.000000 1.000000
vn 0.000000 0.000000 1.000000
vn 0.000000 0.000000 1.000000
vn 0.000000 0.000000 1.000000
vn 0.000000 0.000000 1.000000
vn 0.000000 0.000000 1.000000
vn 0.000000 0.000000 1.000000
vn 0.000000 0.000000 1.000000
vn 0.000000 0.000000 1.000000
vn 0.000000 0.000000 1.000000
vn 0.000000 0.000000 1.000000
vn 0.000000 0.000000 1.000000
vn 0.000000 0.000000 1.000000
vn 0.000000 0.000000 1.000000
vn 0.000000 0.000000 1.000000
vn 0.000000 0.000000 1.000000
vn 0.000000 0.000000 1.000000
vn 0.000000 0.000000 1.000000
vn 0.000000 0.000000 1.000000
vn 0.000000 0.000000 1.000000
vn 0.000000 0.000000 1.000000
vn 0.000000 0.000000 1.000000
vn 0.000000 0.000000 1.000000
vn 0.000000 0.000000 1.000000
vn 0.000000 0.000000 1.000000
vn 0.000000 0.000000 1.000000
vn 0.000000 0.000000 1.000000
vn 0.000000 0.000000 1.000000
vn 0.000000 0.000000 1.000000
vn 0.000000 0.000000 1.000000
vn 0.000000 0.000000 1.000000
vn 0.000000 0.000000 1.000000
vn 0.000000 0.000000 1.000000
vn 0.000000 0.000000 1.000000
vn 0.000000 0.000000 1.000000
vn 0.000000 0.000000 1.000000
vn 0.000000 0.000000 1.000000
vn 0.000000 0.000000 1.000000
vn 0.000000 0.000000 1.000000
vn 0.000000 0.000000 1.000000
vn 0.000000 0.000000 1.000000
vn 0.000000 0.000000 1.000000
vn 0.000000 0.000000 1.000000
vn 0.000000 0.000000 1.000000
vn 0.000000 0.000000 1.000000
vn 0.000000 0.000000 1.000000
vn 0.000000 0.000000 1.000000
vn 0.000000 0.000000 1.000000
vn 0.000000 0.000000 1.000000
vn 0.000000 0.000000 1.000000
vn 0.000000 0.000000 1.000000
vn 0.000000 0.000000 1.000000
vn 0.000000 0.000000 1.000000
vn 0.000000 0.000000 1.000000
vn 0.000000 0.000000 1.000000
vn 0.000000 0.000000 1.000000
vn 0.000000 0.000000 1.000000
vn 0.000000 0.000000 1.000000
vn 0.000000 0.000000 1.000000
vn 0.000000 0.000000 1.000000
vn 0.000000 0.000000 1.000000
vn 0.000000 0.000000 1.000000
vn 0.000000 0.000000 1.000000
vn 0.000000 0.000000 1.000000
vn 0.000000 0.000000 1.000000
vn 0.000000 0.000000 1.000000
vn 0.000000 0.000000 1.000000
vn 0.000000 0.000000 1.000000
vn 0.000000 0.000000 1.000000
vn 0.000000 0.000000 1.000000
vn 0.000000 0.000000 1.000000
vn 0.000000 0.000000 1.000000
vn 0.000000 0.000000 1.000000
vn 0.000000 0.000000 1.000000
vn 0.000000 0.000000 1.000000
vn 0.000000 0.000000 1.000000
vn 0.000000 0.000000 1.000000
vn 0.000000 0.000000 1.000000
vn 0.000000 0.000000 1.000000
vn 0.000000 0.000000 1.000000
vn 0.000000 0.000000 1.000000
vn 0.000000 0.000000 1.000000
vn 0.000000 0.000000 1.000000
vn 0.000000 0.000000 1.000000
vn 0.000000 0.000000 1.000000
vn 0.000000 0.000000 1.000000
vn 0.000000 0.000000 1.000000
vn 0.000000 0.000000 1.000000
vn 0.000000 0.000000 1.000000
vn 0.000000 0.000000 1.000000
vn 0.000000 0.000000 1.000000
vn 0.000000 0.000000 1.000000
vn 0.000000 0.000000 1.000000
vn 0.000000 0.000000 1.000000
vn 0.000000 0.000000 1.000000
vn 0.000000 0.000000 1.000000
vn 0.000000 0.000000 1.000000
vn 0.000000 0.000000 1.000000
vn 0.000000 0.000000 1.000000
vn 0.000000 0.000000 1.000000
vn 0.000000 0.000000 1.000000
vn 0.000000 0.000000 1.000000
vn 0.000000 0.000000 1.000000
vn 0.000000 0.000000 1.000000
vn 0.000000 0.000000 1.000000
vn 0.000000 0.000000 1.000000
vn 0.000000 0.000000 1.000000
vn 0.000000 0.000000 1.000000
vn 0.000000 0.000000 1.000000
vn 0.000000 0.000000 1.000000
vn 0.000000 0.000000 1.000000
vn 0.000000 0.000000 1.000000
vn 0.000000 0.000000 1.000000
vn 0.000000 0.000000 1.000000
vn 0.000000 0.000000 1.000000
vn 0.000000 0.000000 1.000000
vn 0.000000 0.000000 1.000000
vn 0.000000 0.000000 1.000000
vn 0.000000 0.000000 1.000000
vn 0.000000 0.000000 1.000000
vn 0.000000 0.000000 1.000000
vn 0.000000 0.000000 1.000000
vn 0.000000 0.000000 1.000000
vn 0.000000 0.000000 1.000000
vn 0.000000 0.000000 1.000000
vn 0.000000 0.000000 1.000000
vn 0.000000 0.000000 1.000000
vn 0.000000 0.000000 1.000000
vn 0.000000 0.000000 1.000000
vn 0.000000 0.000000 1.000000
vn 0.000000 0.000000 1.000000
vn 0.000000 0.000000 1.000000
vn 0.000000 0.000000 1.000000
vn 0.000000 0.000000 1.000000
vn 0.000000 0.000000 1.000000
vn 0.000000 0.000000 1.000000
vn 0.000000 0.000000 1.000000
vn 0.000000 0.000000 1.000000
vn 0.000000 0.000000 1.000000
vn 0.000000 0.000000 1.000000
vn 0.000000 0.000000 1.000000
vn 0.000000 0.000000 1.000000
vn 0.000000 0.000000 1.000000
vn 0.000000 0.000000 1.000000
vn 0.000000 0.000000 1.000000
vn 0.000000 0.000000 1.000000
vn 0.000000 0.000000 1.000000
vn 0.000000 0.000000 1.000000
vn 0.000000 0.000000 1.000000
vn 0.000000 0.000000 1.000000
vn 0.000000 0.000000 1.000000
vn 0.000000 0.000000 1.000000
vn 0.000000 0.000000 1.000000
vn 0.000000 0.000000 1.000000
vn 0.000000 0.000000 1.000000
vn 0.000000 0.000000 1.000000
vn 0.000000 0.000000 1.000000
vn 0.000000 0.000000 1.000000
vn 0.000000 0.000000 1.000000
vn 0.000000 0.000000 1.000000
vn 0.000000 0.000000 1.000000
vn 0.000000 0.000000 1.000000
vn 0.000000 0.000000 1.000000
vn 0.000000 0.000000 1.000000
vn 0.000000 0.000000 1.000000
vn 0.000000 0.000000 1.000000
vn 0.000000 0.000000 1.000000
vn 0.000000 0.000000 1.000000
vn 0.000000 0.000000 1.000000
vn 0.000000 0.000000 1.000000
vn 0.000000 0.000000 1.000000
vn 0.000000 0.000000 1.000000
vn 0.000000 0.000000 1.000000
vn 0.000000 0.000000 1.000000
vn 0.000000 0.000000 1.000000
vn 0.000000 0.000000 1.000000
vn 0.000000 0.000000 1.000000
vn 0.000000 0.000000 1.000000
vn 0.000000 0.000000 1.000000
vn 0.000000 0.000000 1.000000
vn 0.000000 0.000000 1.000000
vn 0.000000 0.000000 1.000000
vn 0.000000 0.000000 1.000000
vn 0.000000 0.000000 1.000000
vn 0.000000 0.000000 1.000000
vn 0.000000 0.000000 1.000000
vn 0.000000 0.000000 1.000000
vn 0.000000 0.000000 1.000000
vn 0.000000 0.000000 1.000000
vn 0.000000 0.000000 1.000000
vn 0.000000 0.000000 1.000000
vn 0.000000 0.000000 1.000000
vn 0.000000 0.000000 1.000000
vn 0.000000 0.000000 1.000000
vn 0.000000 0.000000 1.000000
vn 0.000000 0.000000 1.000000
vn 0.000000 0.000000 1.000000
vn 0.000000 0.000000 1.000000
vn 0.000000 0.000000 1.000000
vn 0.000000 0.000000 1.000000
vn 0.000000 0.000000 1.000000
vn 0.000000 0.000000 1.000000
vn 0.000000 0.000000 1.000000
vn 0.000000 0.000000 1.000000
vn 0.000000 0.000000 1.000000
vn 0.000000 0.000000 1.000000
vn 0.000000 0.000000 1.000000
vn 0.000000 0.000000 1.000000
vn 0.000000 0.000000 1.000000
vn 0.000000 0.000000 1.000000
vn 0.000000 0.000000 1.000000
vn 0.000000 0.000000 1.000000
vn 0.000000 0.000000 1.000000
vn 0.000000 0.000000 1.000000
vn 0.000000 0.000000 1.000000
vn 0.000000 0.000000 1.000000
vn 0.000000 0.000000 1.000000
vn 0.000000 0.000000 1.000000
vn 0.000000 0.000000 1.000000
vn 0.000000 0.000000 1.000000
vn 0.000000 0.000000 1.000000
vn 0.000000 0.000000 1.000000
vn 0.000000 0.000000 1.000000
vn 0.000000 0.000000 1.000000
vn 0.000000 0.000000 1.000000
vn 0.000000 0.000000 1.000000
vn 0.000000 0.000000 1.000000
vn 0.749644 0.661842 0.000000
vn 0.749644 0.661842 -0.000000
vn 0.731272 0.682086 0.000000
vn 0.731272 0.682086 -0.000000
vn 0.712353 0.701822 0.000000
vn 0.712353 0.701822 -0.000000
vn 0.692901 0.721033 0.000000
vn 0.692901 0.721033 -0.000000
vn 0.672932 0.739704 0.000000
vn 0.672932 0.739704 -0.000000
vn 0.652461 0.757822 -0.000000
vn 0.652461 0.757822 0.000000
vn 0.610070 0.792348 -0.000000
vn 0.631499 0.775377 -0.000000
vn 0.631499 0.775377 0.000000
vn 0.610070 0.792348 -0.000000
vn 0.588181 0.808729 -0.000000
vn 0.588181 0.808729 0.000000
vn 0.543104 0.839665 -0.000000
vn 0.565854 0.824505 -0.000000
vn 0.565854 0.824505 0.000000
vn 0.543104 0.839665 -0.000000
vn 0.519946 0.854199 -0.000000
vn 0.519946 0.854199 0.000000
vn 0.496405 0.868091 -0.000000
vn 0.496405 0.868091 0.000000
vn 0.472486 0.881338 -0.000000
vn 0.472486 0.881338 0.000000
vn 0.448217 0.893925 -0.000000
vn 0.448217 0.893925 0.000000
vn 0.423615 0.905842 -0.000000
vn 0.423615 0.905842 0.000000
vn 0.398694 0.917084 -0.000000
vn 0.398694 0.917084 0.000000
vn 0.373476 0.927640 0.000000
vn 0.373476 0.927640 -0.000000
vn 0.347977 0.937503 0.000000
vn 0.347977 0.937503 -0.000000
vn 0.322218 0.946665 0.000000
vn 0.322218 0.946665 -0.000000
vn 0.296223 0.955119 0.000000
vn 0.296223 0.955119 -0.000000
vn 0.270000 0.962860 0.000000
vn 0.270000 0.962860 -0.000000
vn 0.243579 0.969881 0.000000
vn 0.216977 0.976177 -0.000000
vn 0.243579 0.969881 -0.000000
vn 0.216977 0.976177 -0.000000
vn 0.190210 0.981744 0.000000
vn 0.163304 0.986576 -0.000000
vn 0.190210 0.981744 -0.000000
vn 0.163304 0.986576 -0.000000
vn 0.136272 0.990671 -0.000000
vn 0.136272 0.990671 0.000000
vn 0.081929 0.996638 -0.000000
vn 0.109138 0.994027 -0.000000
vn 0.109138 0.994027 0.000000
vn 0.081929 0.996638 -0.000000
vn 0.054650 0.998506 -0.000000
vn 0.054650 0.998506 0.000000
vn 0.027336 0.999626 -0.000000
vn 0.027336 0.999626 0.000000
vn 0.000000 1.000000 -0.000000
vn 0.000000 1.000000 0.000000
vn -0.027336 0.999626 0.000000
vn -0.027336 0.999626 0.000000
vn -0.054650 0.998506 0.000000
vn -0.054650 0.998506 0.000000
vn -0.081929 0.996638 0.000000
vn -0.081929 0.996638 0.000000
vn -0.109138 0.994027 0.000000
vn -0.109138 0.994027 0.000000
vn -0.136272 0.990671 0.000000
vn -0.136272 0.990671 0.000000
vn -0.163304 0.986576 0.000000
vn -0.163304 0.986576 0.000000
vn -0.190210 0.981744 0.000000
vn -0.190210 0.981744 0.000000
vn -0.243579 0.969881 0.000000
vn -0.216977 0.976177 0.000000
vn -0.216977 0.976177 0.000000
vn -0.243579 0.969881 0.000000
vn -0.270000 0.962860 0.000000
vn -0.270000 0.962860 0.000000
vn -0.296223 0.955119 0.000000
vn -0.296223 0.955119 0.000000
vn -0.322218 0.946665 0.000000
vn -0.347977 0.937503 0.000000
vn -0.322218 0.946665 0.000000
vn -0.347977 0.937503 0.000000
vn -0.373476 0.927640 0.000000
vn -0.373476 0.927640 0.000000
vn -0.423615 0.905842 0.000000
vn -0.398694 0.917084 0.000000
vn -0.398694 0.917084 0.000000
vn -0.423615 0.905842 0.000000
vn -0.448217 0.893925 0.000000
vn -0.448217 0.893925 0.000000
vn -0.496405 0.868091 0.000000
vn -0.472486 0.881338 0.000000
vn -0.472486 0.881338 0.000000
vn -0.496405 0.868091 0.000000
vn -0.519946 0.854199 0.000000
vn -0.519946 0.854199 0.000000
vn -0.543104 0.839665 0.000000
vn -0.543104 0.839665 0.000000
vn -0.588181 0.808729 0.000000
vn -0.565854 0.824505 0.000000
vn -0.565854 0.824505 0.000000
vn -0.610070 0.792348 0.000000
vn -0.588181 0.808729 0.000000
vn -0.610070 0.792348 0.000000
vn -0.631499 0.775377 0.000000
vn -0.631499 0.775377 0.000000
vn -0.652461 0.757822 0.000000
vn -0.652461 0.757822 0.000000
vn -0.692901 0.721033 0.000000
vn -0.672932 0.739704 0.000000
vn -0.672932 0.739704 0.000000
vn -0.692901 0.721033 0.000000
vn -0.712353 0.701822 0.000000
vn -0.712353 0.701822 0.000000
vn -0.749644 0.661842 0.000000
vn -0.731272 0.682086 0.000000
vn -0.731272 0.682086 0.000000
vn -0.749644 0.661842 0.000000
vn -1.000000 0.000000 0.000000
vn -1.000000 0.000000 0.000000
vn -0.749644 -0.661842 0.000000
vn -0.749644 -0.661842 0.000000
vn -0.731272 -0.682086 0.000000
vn -0.731272 -0.682086 0.000000
vn -0.712353 -0.701822 0.000000
vn -0.712353 -0.701822 0.000000
vn -0.692901 -0.721033 0.000000
vn -0.692901 -0.721033 0.000000
vn -0.672932 -0.739704 0.000000
vn -0.672932 -0.739704 0.000000
vn -0.652461 -0.757822 0.000000
vn -0.652461 -0.757822 0.000000
vn -0.631499 -0.775377 0.000000
vn -0.631499 -0.775377 0.000000
vn -0.610070 -0.792348 0.000000
vn -0.610070 -0.792348 0.000000
vn -0.588181 -0.808729 0.000000
vn -0.588181 -0.808729 0.000000
vn -0.565854 -0.824505 0.000000
vn -0.565854 -0.824505 0.000000
vn -0.543104 -0.839665 0.000000
vn -0.543104 -0.839665 0.000000
vn -0.519946 -0.854199 0.000000
vn -0.519946 -0.854199 0.000000
vn -0.496405 -0.868091 0.000000
vn -0.496405 -0.868091 0.000000
vn -0.472486 -0.881338 0.000000
vn -0.472486 -0.881338 0.000000
vn -0.448217 -0.893925 0.000000
vn -0.448217 -0.893925 0.000000
vn -0.423615 -0.905842 0.000000
vn -0.423615 -0.905842 0.000000
vn -0.398694 -0.917084 0.000000
vn -0.398694 -0.917084 0.000000
vn -0.373476 -0.927640 0.000000
vn -0.347977 -0.937503 0.000000
vn -0.373476 -0.927640 0.000000
vn -0.347977 -0.937503 0.000000
vn -0.322218 -0.946665 0.000000
vn -0.322218 -0.946665 0.000000
vn -0.296223 -0.955119 0.000000
vn -0.296223 -0.955119 0.000000
vn -0.270000 -0.962860 0.000000
vn -0.270000 -0.962860 0.000000
vn -0.243579 -0.969881 0.000000
vn -0.243579 -0.969881 0.000000
vn -0.216977 -0.976177 0.000000
vn -0.216977 -0.976177 0.000000
vn -0.163304 -0.986576 0.000000
vn -0.190210 -0.981744 0.000000
vn -0.190210 -0.981744 0.000000
vn -0.163304 -0.986576 0.000000
vn -0.136272 -0.990671 0.000000
vn -0.136272 -0.990671 0.000000
vn -0.109138 -0.994027 0.000000
vn -0.109138 -0.994027 0.000000
vn -0.081929 -0.996638 0.000000
vn -0.054650 -0.998506 0.000000
vn -0.081929 -0.996638 0.000000
vn -0.054650 -0.998506 0.000000
vn -0.027336 -0.999626 0.000000
vn -0.027336 -0.999626 0.000000
vn 0.000000 -1.000000 0.000000
vn 0.000000 -1.000000 0.000000
vn 0.027336 -0.999626 0.000000
vn 0.054650 -0.998506 0.000000
vn 0.027336 -0.999626 0.000000
vn 0.054650 -0.998506 0.000000
vn 0.081929 -0.996638 0.000000
vn 0.109138 -0.994027 0.000000
vn 0.081929 -0.996638 0.000000
vn 0.109138 -0.994027 0.000000
vn 0.136272 -0.990671 0.000000
vn 0.163304 -0.986576 0.000000
vn 0.136272 -0.990671 0.000000
vn 0.163304 -0.986576 0.000000
vn 0.190210 -0.981744 0.000000
vn 0.216977 -0.976177 0.000000
vn 0.190210 -0.981744 0.000000
vn 0.216977 -0.976177 0.000000
vn 0.270000 -0.962860 0.000000
vn 0.243579 -0.969881 0.000000
vn 0.243579 -0.969881 0.000000
vn 0.270000 -0.962860 0.000000
vn 0.296223 -0.955119 0.000000
vn 0.296223 -0.955119 0.000000
vn 0.322218 -0.946665 0.000000
vn 0.347977 -0.937503 0.000000
vn 0.322218 -0.946665 0.000000
vn 0.347977 -0.937503 0.000000
vn 0.373476 -0.927640 0.000000
vn 0.373476 -0.927640 0.000000
vn 0.398694 -0.917084 0.000000
vn 0.398694 -0.917084 0.000000
vn 0.423615 -0.905842 0.000000
vn 0.423615 -0.905842 0.000000
vn 0.448217 -0.893925 0.000000
vn 0.448217 -0.893925 0.000000
vn 0.472486 -0.881338 0.000000
vn 0.472486 -0.881338 0.000000
vn 0.496405 -0.868091 0.000000
vn 0.496405 -0.868091 0.000000
vn 0.519946 -0.854199 0.000000
vn 0.543104 -0.839665 0.000000
vn 0.519946 -0.854199 0.000000
vn 0.543104 -0.839665 0.000000
vn 0.565854 -0.824505 0.000000
vn 0.588181 -0.808729 0.000000
vn 0.565854 -0.824505 0.000000
vn 0.588181 -0.808729 0.000000
vn 0.610070 -0.792348 0.000000
vn 0.610070 -0.792348 0.000000
vn 0.631499 -0.775377 0.000000
vn 0.631499 -0.775377 0.000000
vn 0.652461 -0.757822 0.000000
vn 0.672932 -0.739704 0.000000
vn 0.652461 -0.757822 0.000000
vn 0.672932 -0.739704 0.000000
vn 0.712353 -0.701822 0.000000
vn 0.692901 -0.721033 0.000000
vn 0.692901 -0.721033 0.000000
vn 0.712353 -0.701822 0.000000
vn 0.731272 -0.682086 0.000000
vn 0.731272 -0.682086 0.000000
vn 0.749644 -0.661842 0.000000
vn 0.749644 -0.661842 0.000000
vn 1.000000 0.000000 0.000000
vn 1.000000 -0.000000 0.000000
f 1//1 2//1 3//1
f 4//2 1//2 3//2
f 4//3 3//3 5//3
f 6//4 2//4 1//4
f 6//5 7//5 2//5
f 8//6 5//6 9//6
f 8//7 4//7 5//7
f 10//8 7//8 6//8
f 11//9 9//9 12//9
f 11//10 8//10 9//10
f 13//11 7//11 10//11
f 13//12 14//12 15//12
f 13//13 15//13 7//13
f 16//14 12//14 17//14
f 16//15 11//15 12//15
f 18//16 19//16 14//16
f 18//17 14//17 13//17
f 20//18 17//18 21//18
f 20//19 16//19 17//19
f 22//20 19//20 18//20
f 22//21 23//21 19//21
f 24//22 21//22 25//22
f 24//23 20//23 21//23
f 26//24 23//24 22//24
f 26//25 27//25 23//25
f 28//26 24//26 25//26
f 28//27 25//27 29//27
f 30//28 27//28 26//28
f 30//29 31//29 27//29
f 32//30 29//30 33//30
f 32//31 28//31 29//31
f 34//32 31//32 30//32
f 34//33 35//33 31//33
f 36//34 32//34 33//34
f 36//35 33//35 37//35
f 38//36 35//36 34//36
f 38//37 39//37 35//37
f 40//38 37//38 41//38
f 40//39 36//39 37//39
f 42//40 43//40 39//40
f 42//41 39//41 38//41
f 44//42 40//42 41//42
f 44//43 41//43 45//43
f 46//44 43//44 42//44
f 46//45 47//45 43//45
f 48//46 45//46 49//46
f 48//47 44//47 45//47
f 50//48 47//48 46//48
f 50//49 51//49 47//49
f 52//50 49//50 53//50
f 52//51 48//51 49//51
f 54//52 55//52 51//52
f 54//53 51//53 50//53
f 56//54 52//54 53//54
f 56//55 53//55 57//55
f 58//56 55//56 54//56
f 58//57 59//57 55//57
f 60//58 56//58 57//58
f 60//59 57//59 61//59
f 62//60 59//60 58//60
f 63//61 61//61 64//61
f 63//62 60//62 61//62
f 65//63 66//63 67//63
f 65//64 67//64 59//64
f 65//65 59//65 62//65
f 68//66 64//66 69//66
f 68//67 63//67 64//67
f 70//68 71//68 66//68
f 70//69 66//69 65//69
f 72//70 68//70 69//70
f 72//71 69//71 73//71
f 74//72 71//72 70//72
f 75//73 72//73 73//73
f 75//74 73//74 76//74
f 77//75 78//75 79//75
f 77//76 79//76 71//76
f 77//77 71//77 74//77
f 80//78 76//78 81//78
f 80//79 75//79 76//79
f 82//80 78//80 77//80
f 82//81 83//81 78//81
f 84//82 81//82 85//82
f 84//83 80//83 81//83
f 86//84 87//84 83//84
f 86//85 83//85 82//85
f 88//86 85//86 89//86
f 88//87 84//87 85//87
f 90//88 87//88 86//88
f 90//89 91//89 87//89
f 92//90 88//90 89//90
f 92//91 89//91 93//91
f 94//92 95//92 91//92
f 94//93 91//93 90//93
f 96//94 93//94 97//94
f 96//95 92//95 93//95
f 98//96 95//96 94//96
f 99//97 96//97 97//97
f 99//98 97//98 100//98
f 101//99 102//99 95//99
f 101//100 95//100 98//100
f 103//101 100//101 104//101
f 103//102 104//102 105//102
f 103//103 99//103 100//103
f 106//104 107//104 102//104
f 106//105 102//105 101//105
f 108//106 103//106 105//106
f 108//107 105//107 109//107
f 110//108 111//108 112//108
f 110//109 112//109 107//109
f 110//110 107//110 106//110
f 113//111 108//111 109//111
f 114//112 115//112 111//112
f 114//113 111//113 110//113
f 116//114 113//114 109//114
f 116//115 109//115 117//115
f 118//116 119//116 115//116
f 118//117 115//117 114//117
f 120//118 117//118 121//118
f 120//119 116//119 117//119
f 122//120 119//120 118//120
f 122//121 123//121 119//121
f 124//122 120//122 121//122
f 124//123 121//123 125//123
f 126//124 123//124 122//124
f 126//125 127//125 123//125
f 128//126 125//126 129//126
f 128//127 124//127 125//127
f 130//128 131//128 127//128
f 130//129 127//129 126//129
f 132//130 128//130 129//130
f 132//131 129//131 133//131
f 134//132 135//132 131//132
f 134//133 131//133 130//133
f 136//134 132//134 133//134
f 136//135 133//135 137//135
f 138//136 135//136 134//136
f 138//137 139//137 135//137
f 140//138 136//138 137//138
f 140//139 137//139 141//139
f 142//140 139//140 138//140
f 143//141 140//141 141//141
f 143//142 141//142 144//142
f 145//143 146//143 139//143
f 145//144 139//144 142//144
f 147//145 143//145 144//145
f 147//146 144//146 148//146
f 149//147 150//147 151//147
f 149//148 151//148 146//148
f 149//149 146//149 145//149
f 152//150 147//150 148//150
f 152//151 148//151 153//151
f 154//152 155//152 150//152
f 154//153 150//153 149//153
f 156//154 152//154 153//154
f 156//155 153//155 157//155
f 158//156 155//156 154//156
f 159//157 156//157 157//157
f 159//158 157//158 160//158
f 161//159 162//159 155//159
f 161//160 155//160 158//160
f 163//161 160//161 164//161
f 163//162 159//162 160//162
f 165//163 166//163 167//163
f 165//164 167//164 162//164
f 165//165 162//165 161//165
f 168//166 163//166 164//166
f 168//167 164//167 169//167
f 170//168 171//168 166//168
f 170//169 166//169 165//169
f 172//170 168//170 169//170
f 172//171 169//171 173//171
f 174//172 171//172 170//172
f 175//173 172//173 173//173
f 175//174 173//174 176//174
f 177//175 171//175 174//175
f 177//176 178//176 179//176
f 177//177 179//177 171//177
f 180//178 175//178 176//178
f 180//179 176//179 181//179
f 180//180 181//180 182//180
f 183//181 178//181 177//181
f 183//182 184//182 178//182
f 185//183 180//183 182//183
f 186//184 184//184 183//184
f 187//185 185//185 182//185
f 187//186 182//186 188//186
f 189//187 184//187 186//187
f 189//188 190//188 191//188
f 189//189 191//189 184//189
f 192//190 187//190 188//190
f 192//191 188//191 193//191
f 194//192 190//192 189//192
f 194//193 195//193 190//193
f 196//194 192//194 193//194
f 196//195 193//195 197//195
f 198//196 195//196 194//196
f 198//197 199//197 195//197
f 200//198 196//198 197//198
f 200//199 197//199 201//199
f 202//200 199//200 198//200
f 203//201 200//201 201//201
f 203//202 201//202 204//202
f 205//203 199//203 202//203
f 205//204 206//204 199//204
f 207//205 203//205 204//205
f 207//206 204//206 208//206
f 209//207 206//207 205//207
f 209//208 210//208 211//208
f 209//209 211//209 206//209
f 212//210 207//210 208//210
f 212//211 208//211 213//211
f 214//212 210//212 209//212
f 215//213 212//213 213//213
f 215//214 213//214 216//214
f 217//215 210//215 214//215
f 217//216 218//216 210//216
f 219//217 218//217 217//217
f 220//218 215//218 216//218
f 220//219 216//219 221//219
f 222//220 219//220 217//220
f 223//221 220//221 221//221
f 223//222 221//222 224//222
f 225//223 226//223 219//223
f 225//224 219//224 222//224
f 227//225 223//225 224//225
f 227//226 224//226 228//226
f 229//227 226//227 225//227
f 229//228 230//228 226//228
f 231//229 227//229 228//229
f 231//230 232//230 227//230
f 233//231 230//231 229//231
f 233//232 229//232 234//232
f 235//233 232//233 231//233
f 236//234 233//234 234//234
f 237//235 235//235 231//235
f 238//236 233//236 236//236
f 239//237 235//237 237//237
f 239//238 240//238 235//238
f 241//239 238//239 236//239
f 241//240 236//240 242//240
f 243//241 240//241 239//241
f 243//242 244//242 245//242
f 243//243 245//243 240//243
f 246//244 241//244 242//244
f 246//245 242//245 247//245
f 248//246 244//246 243//246
f 249//247 246//247 247//247
f 249//248 247//248 250//248
f 249//249 250//249 251//249
f 252//250 244//250 248//250
f 252//251 253//251 244//251
f 254//252 249//252 251//252
f 255//253 256//253 253//253
f 255//254 253//254 252//254
f 257//255 254//255 251//255
f 257//256 251//256 258//256
f 259//257 256//257 255//257
f 259//258 260//258 256//258
f 261//259 257//259 258//259
f 261//260 258//260 262//260
f 263//261 264//261 265//261
f 263//262 265//262 260//262
f 263//263 260//263 259//263
f 266//264 262//264 267//264
f 266//265 261//265 262//265
f 268//266 264//266 263//266
f 269//267 267//267 270//267
f 269//268 270//268 271//268
f 269//269 266//269 267//269
f 272//270 273//270 274//270
f 272//271 274//271 264//271
f 272//272 264//272 268//272
f 275//273 269//273 271//273
f 276//274 277//274 273//274
f 276//275 273//275 272//275
f 278//276 275//276 271//276
f 278//277 271//277 279//277
f 280//278 277//278 276//278
f 281//279 278//279 279//279
f 281//280 279//280 282//280
f 283//281 277//281 280//281
f 283//282 284//282 285//282
f 283//283 285//283 277//283
f 286//284 281//284 282//284
f 286//285 282//285 287//285
f 288//286 289//286 284//286
f 288//287 284//287 283//287
f 290//288 286//288 287//288
f 290//289 287//289 291//289
f 292//290 293//290 289//290
f 292//291 289//291 288//291
f 294//292 290//292 291//292
f 294//293 291//293 295//293
f 296//294 293//294 292//294
f 297//295 294//295 295//295
f 297//296 295//296 298//296
f 297//297 298//297 299//297
f 300//298 301//298 302//298
f 300//299 302//299 293//299
f 300//300 293//300 296//300
f 303//301 297//301 299//301
f 304//302 301//302 300//302
f 304//303 305//303 301//303
f 306//304 303//304 299//304
f 306//305 299//305 307//305
f 308//306 305//306 304//306
f 309//307 307//307 310//307
f 309//308 306//308 307//308
f 311//309 312//309 305//309
f 311//310 305//310 308//310
f 313//311 309//311 310//311
f 313//312 310//312 314//312
f 315//313 316//313 317//313
f 315//314 317//314 312//314
f 315//315 312//315 311//315
f 318//316 314//316 319//316
f 318//317 313//317 314//317
f 318//318 319//318 320//318
f 321//319 316//319 315//319
f 322//320 318//320 320//320
f 323//321 324//321 325//321
f 323//322 325//322 316//322
f 323//323 316//323 321//323
f 326//324 322//324 320//324
f 326//325 320//325 327//325
f 328//326 324//326 323//326
f 329//327 326//327 327//327
f 329//328 327//328 330//328
f 331//329 332//329 324//329
f 331//330 324//330 328//330
f 333//331 329//331 330//331
f 333//332 330//332 334//332
f 335//333 336//333 337//333
f 335//334 337//334 332//334
f 335//335 332//335 331//335
f 338//336 333//336 334//336
f 338//337 334//337 339//337
f 338//338 339//338 340//338
f 341//339 342//339 336//339
f 341//340 336//340 335//340
f 343//341 338//341 340//341
f 344//342 342//342 341//342
f 345//343 343//343 340//343
f 345//344 340//344 346//344
f 347//345 342//345 344//345
f 347//346 348//346 349//346
f 347//347 349//347 342//347
f 350//348 345//348 346//348
f 350//349 346//349 351//349
f 352//350 348//350 347//350
f 353//351 350//351 351//351
f 353//352 351//352 354//352
f 355//353 348//353 352//353
f 355//354 356//354 357//354
f 355//355 357//355 348//355
f 358//356 354//356 359//356
f 358//357 359//357 360//357
f 358//358 353//358 354//358
f 361//359 356//359 355//359
f 362//360 358//360 360//360
f 363//361 356//361 361//361
f 363//362 364//362 365//362
f 363//363 365//363 356//363
f 366//364 360//364 367//364
f 366//365 362//365 360//365
f 368//366 369//366 364//366
f 368//367 364//367 363//367
f 370//368 367//368 371//368
f 370//369 371//369 372//369
f 370//370 366//370 367//370
f 373//371 369//371 368//371
f 374//372 370//372 372//372
f 375//373 376//373 377//373
f 375//374 377//374 369//374
f 375//375 369//375 373//375
f 378//376 372//376 379//376
f 378//377 374//377 372//377
f 380//378 381//378 376//378
f 380//379 376//379 375//379
f 382//380 379//380 383//380
f 382//381 378//381 379//381
f 384//382 381//382 380//382
f 385//383 383//383 386//383
f 385//384 382//384 383//384
f 387//385 381//385 384//385
f 387//386 388//386 389//386
f 387//387 389//387 381//387
f 390//388 386//388 391//388
f 390//389 385//389 386//389
f 392//390 388//390 387//390
f 393//391 391//391 394//391
f 393//392 394//392 395//392
f 393//393 390//393 391//393
f 396//394 397//394 398//394
f 396//395 398//395 388//395
f 396//396 388//396 392//396
f 399//397 393//397 395//397
f 400//398 397//398 396//398
f 401//399 395//399 402//399
f 401//400 399//400 395//400
f 403//401 397//401 400//401
f 403//402 404//402 397//402
f 405//403 402//403 406//403
f 405//404 401//404 402//404
f 407//405 404//405 403//405
f 407//406 408//406 404//406
f 409//407 405//407 406//407
f 409//408 406//408 410//408
f 411//409 408//409 407//409
f 411//410 412//410 413//410
f 411//411 413//411 408//411
f 414//412 410//412 415//412
f 414//413 409//413 410//413
f 416//414 412//414 411//414
f 417//415 415//415 418//415
f 417//416 414//416 415//416
f 419//417 412//417 416//417
f 419//418 420//418 412//418
f 421//419 418//419 422//419
f 421//420 417//420 418//420
f 423//421 420//421 419//421
f 423//422 424//422 425//422
f 423//423 425//423 420//423
f 426//424 422//424 427//424
f 426//425 421//425 422//425
f 428//426 424//426 423//426
f 428//427 429//427 424//427
f 430//428 427//428 431//428
f 430//429 431//429 432//429
f 430//430 426//430 427//430
f 433//431 434//431 429//431
f 433//432 429//432 428//432
f 435//433 430//433 432//433
f 436//434 434//434 433//434
f 437//435 432//435 438//435
f 437//436 435//436 432//436
f 439//437 440//437 441//437
f 439//438 441//438 434//438
f 439//439 434//439 436//439
f 442//440 438//440 443//440
f 442//441 437//441 438//441
f 444//442 440//442 439//442
f 445//443 442//443 443//443
f 445//444 443//444 446//444
f 447//445 448//445 449//445
f 447//446 449//446 440//446
f 447//447 440//447 444//447
f 450//448 446//448 451//448
f 450//449 445//449 446//449
f 452//450 448//450 447//450
f 453//451 451//451 454//451
f 453//452 450//452 451//452
f 455//453 456//453 448//453
f 455//454 448//454 452//454
f 457//455 454//455 458//455
f 457//456 458//456 456//456
f 457//457 453//457 454//457
f 457//458 456//458 455//458
f 152//459 459//459 147//459
f 460//460 461//460 462//460
f 463//461 461//461 460//461
f 462//462 461//462 459//462
f 464//463 461//463 463//463
f 465//464 461//464 464//464
f 461//465 466//465 459//465
f 147//466 466//466 143//466
f 143//467 466//467 140//467
f 459//468 466//468 147//468
f 465//469 467//469 461//469
f 461//470 467//470 466//470
f 468//471 467//471 465//471
f 469//472 467//472 468//472
f 342//473 470//473 336//473
f 140//474 471//474 136//474
f 136//475 471//475 132//475
f 466//476 471//476 140//476
f 466//477 472//477 471//477
f 473//478 472//478 469//478
f 474//479 472//479 473//479
f 467//480 472//480 466//480
f 469//481 472//481 467//481
f 471//482 475//482 132//482
f 472//483 475//483 471//483
f 132//484 475//484 128//484
f 128//485 475//485 124//485
f 474//486 476//486 472//486
f 477//487 476//487 474//487
f 478//488 476//488 477//488
f 479//489 480//489 481//489
f 472//490 476//490 475//490
f 475//491 482//491 124//491
f 124//492 482//492 120//492
f 120//493 482//493 116//493
f 476//494 483//494 475//494
f 478//495 483//495 476//495
f 475//496 483//496 482//496
f 484//497 483//497 478//497
f 485//498 483//498 484//498
f 116//499 486//499 113//499
f 113//500 486//500 108//500
f 482//501 486//501 116//501
f 483//502 487//502 482//502
f 482//503 487//503 486//503
f 485//504 487//504 483//504
f 488//505 487//505 485//505
f 489//506 487//506 488//506
f 108//507 490//507 103//507
f 103//508 490//508 99//508
f 486//509 490//509 108//509
f 486//510 491//510 490//510
f 489//511 491//511 487//511
f 492//512 491//512 489//512
f 493//513 491//513 492//513
f 487//514 491//514 486//514
f 99//515 494//515 96//515
f 96//516 494//516 92//516
f 490//517 494//517 99//517
f 493//518 495//518 491//518
f 490//519 495//519 494//519
f 491//520 495//520 490//520
f 496//521 495//521 493//521
f 497//522 495//522 496//522
f 494//523 498//523 92//523
f 92//524 498//524 88//524
f 88//525 498//525 84//525
f 495//526 499//526 494//526
f 497//527 499//527 495//527
f 494//528 499//528 498//528
f 500//529 499//529 497//529
f 501//530 499//530 500//530
f 498//531 502//531 84//531
f 84//532 502//532 80//532
f 80//533 502//533 75//533
f 499//534 503//534 498//534
f 501//535 503//535 499//535
f 498//536 503//536 502//536
f 504//537 503//537 501//537
f 505//538 503//538 504//538
f 502//539 506//539 75//539
f 75//540 506//540 72//540
f 72//541 506//541 68//541
f 507//542 508//542 505//542
f 509//543 508//543 507//543
f 502//544 508//544 506//544
f 505//545 508//545 503//545
f 503//546 508//546 502//546
f 506//547 510//547 68//547
f 68//548 510//548 63//548
f 63//549 510//549 60//549
f 511//550 512//550 509//550
f 513//551 512//551 511//551
f 509//552 512//552 508//552
f 506//553 512//553 510//553
f 508//554 512//554 506//554
f 510//555 514//555 60//555
f 60//556 514//556 56//556
f 56//557 514//557 52//557
f 515//558 516//558 513//558
f 517//559 516//559 515//559
f 513//560 516//560 512//560
f 510//561 516//561 514//561
f 512//562 516//562 510//562
f 52//563 518//563 48//563
f 48//564 518//564 44//564
f 514//565 518//565 52//565
f 519//566 520//566 517//566
f 521//567 520//567 519//567
f 516//568 520//568 514//568
f 514//569 520//569 518//569
f 517//570 520//570 516//570
f 518//571 522//571 44//571
f 44//572 522//572 40//572
f 40//573 522//573 36//573
f 521//574 523//574 520//574
f 518//575 523//575 522//575
f 524//576 523//576 521//576
f 520//577 523//577 518//577
f 525//578 523//578 524//578
f 522//579 526//579 36//579
f 36//580 526//580 32//580
f 32//581 526//581 28//581
f 525//582 527//582 523//582
f 528//583 527//583 525//583
f 529//584 527//584 528//584
f 522//585 527//585 526//585
f 523//586 527//586 522//586
f 526//587 530//587 28//587
f 28//588 530//588 24//588
f 24//589 530//589 20//589
f 527//590 530//590 526//590
f 529//591 531//591 527//591
f 532//592 531//592 529//592
f 533//593 531//593 532//593
f 527//594 531//594 530//594
f 530//595 534//595 20//595
f 20//596 534//596 16//596
f 16//597 534//597 11//597
f 535//598 536//598 533//598
f 537//599 536//599 535//599
f 533//600 536//600 531//600
f 531//601 536//601 530//601
f 530//602 536//602 534//602
f 534//603 538//603 11//603
f 11//604 538//604 8//604
f 8//605 538//605 4//605
f 539//606 540//606 537//606
f 541//607 540//607 539//607
f 537//608 540//608 536//608
f 534//609 540//609 538//609
f 536//610 540//610 534//610
f 538//611 542//611 4//611
f 4//612 542//612 1//612
f 1//613 542//613 6//613
f 538//614 543//614 542//614
f 544//615 543//615 541//615
f 545//616 543//616 544//616
f 540//617 543//617 538//617
f 541//618 543//618 540//618
f 542//619 546//619 6//619
f 6//620 546//620 10//620
f 10//621 546//621 13//621
f 542//622 547//622 546//622
f 548//623 547//623 545//623
f 549//624 547//624 548//624
f 543//625 547//625 542//625
f 545//626 547//626 543//626
f 546//627 550//627 13//627
f 13//628 550//628 18//628
f 18//629 550//629 22//629
f 551//630 552//630 549//630
f 553//631 552//631 551//631
f 547//632 552//632 546//632
f 549//633 552//633 547//633
f 546//634 552//634 550//634
f 22//635 554//635 26//635
f 26//636 554//636 30//636
f 550//637 554//637 22//637
f 555//638 556//638 553//638
f 557//639 556//639 555//639
f 552//640 556//640 550//640
f 553//641 556//641 552//641
f 550//642 556//642 554//642
f 554//643 558//643 30//643
f 30//644 558//644 34//644
f 34//645 558//645 38//645
f 557//646 559//646 556//646
f 554//647 559//647 558//647
f 560//648 559//648 557//648
f 561//649 559//649 560//649
f 556//650 559//650 554//650
f 558//651 562//651 38//651
f 38//652 562//652 42//652
f 42//653 562//653 46//653
f 561//654 563//654 559//654
f 564//655 563//655 561//655
f 565//656 563//656 564//656
f 558//657 563//657 562//657
f 559//658 563//658 558//658
f 46//659 566//659 50//659
f 50//660 566//660 54//660
f 562//661 566//661 46//661
f 563//662 567//662 562//662
f 568//663 567//663 565//663
f 569//664 567//664 568//664
f 565//665 567//665 563//665
f 562//666 567//666 566//666
f 54//667 570//667 58//667
f 58//668 570//668 62//668
f 566//669 570//669 54//669
f 571//670 572//670 569//670
f 573//671 572//671 571//671
f 569//672 572//672 567//672
f 566//673 572//673 570//673
f 567//674 572//674 566//674
f 62//675 574//675 65//675
f 65//676 574//676 70//676
f 570//677 574//677 62//677
f 575//678 576//678 573//678
f 577//679 576//679 575//679
f 572//680 576//680 570//680
f 573//681 576//681 572//681
f 570//682 576//682 574//682
f 70//683 578//683 74//683
f 74//684 578//684 77//684
f 574//685 578//685 70//685
f 574//686 579//686 578//686
f 580//687 579//687 577//687
f 581//688 579//688 580//688
f 576//689 579//689 574//689
f 577//690 579//690 576//690
f 77//691 582//691 82//691
f 82//692 582//692 86//692
f 578//693 582//693 77//693
f 583//694 584//694 581//694
f 585//695 584//695 583//695
f 581//696 584//696 579//696
f 579//697 584//697 578//697
f 578//698 584//698 582//698
f 86//699 586//699 90//699
f 90//700 586//700 94//700
f 582//701 586//701 86//701
f 585//702 587//702 584//702
f 588//703 587//703 585//703
f 589//704 587//704 588//704
f 582//705 587//705 586//705
f 584//706 587//706 582//706
f 94//707 590//707 98//707
f 98//708 590//708 101//708
f 586//709 590//709 94//709
f 587//710 590//710 586//710
f 589//711 591//711 587//711
f 587//712 591//712 590//712
f 592//713 591//713 589//713
f 593//714 591//714 592//714
f 101//715 594//715 106//715
f 106//716 594//716 110//716
f 590//717 594//717 101//717
f 590//718 595//718 594//718
f 596//719 595//719 593//719
f 597//720 595//720 596//720
f 591//721 595//721 590//721
f 593//722 595//722 591//722
f 594//723 598//723 110//723
f 110//724 598//724 114//724
f 595//725 598//725 594//725
f 595//726 599//726 598//726
f 597//727 599//727 595//727
f 600//728 599//728 597//728
f 598//729 601//729 114//729
f 114//730 601//730 118//730
f 118//731 601//731 122//731
f 598//732 602//732 601//732
f 603//733 602//733 600//733
f 604//734 602//734 603//734
f 599//735 602//735 598//735
f 600//736 602//736 599//736
f 122//737 605//737 126//737
f 126//738 605//738 130//738
f 601//739 605//739 122//739
f 606//740 607//740 604//740
f 602//741 607//741 601//741
f 608//742 607//742 606//742
f 604//743 607//743 602//743
f 601//744 607//744 605//744
f 130//745 609//745 134//745
f 134//746 609//746 138//746
f 605//747 609//747 130//747
f 607//748 609//748 605//748
f 607//749 610//749 609//749
f 611//750 610//750 608//750
f 612//751 610//751 611//751
f 608//752 610//752 607//752
f 138//753 613//753 142//753
f 142//754 613//754 145//754
f 610//755 613//755 609//755
f 609//756 613//756 138//756
f 610//757 614//757 613//757
f 615//758 614//758 612//758
f 616//759 614//759 615//759
f 612//760 614//760 610//760
f 145//761 617//761 149//761
f 149//762 617//762 154//762
f 613//763 617//763 145//763
f 614//764 618//764 613//764
f 619//765 618//765 616//765
f 620//766 618//766 619//766
f 613//767 618//767 617//767
f 616//768 618//768 614//768
f 154//769 621//769 158//769
f 158//770 621//770 161//770
f 617//771 621//771 154//771
f 617//772 622//772 621//772
f 618//773 622//773 617//773
f 620//774 622//774 618//774
f 623//775 622//775 620//775
f 624//776 622//776 623//776
f 621//777 625//777 161//777
f 161//778 625//778 165//778
f 165//779 625//779 170//779
f 622//780 626//780 621//780
f 624//781 626//781 622//781
f 627//782 626//782 624//782
f 628//783 626//783 627//783
f 621//784 626//784 625//784
f 625//785 629//785 170//785
f 170//786 629//786 174//786
f 174//787 629//787 177//787
f 625//788 630//788 629//788
f 626//789 630//789 625//789
f 628//790 630//790 626//790
f 631//791 630//791 628//791
f 632//792 630//792 631//792
f 629//793 633//793 177//793
f 177//794 633//794 183//794
f 183//795 633//795 186//795
f 629//796 634//796 633//796
f 630//797 634//797 629//797
f 632//798 634//798 630//798
f 635//799 634//799 632//799
f 636//800 634//800 635//800
f 186//801 637//801 189//801
f 189//802 637//802 194//802
f 633//803 637//803 186//803
f 633//804 638//804 637//804
f 639//805 638//805 636//805
f 640//806 638//806 639//806
f 636//807 638//807 634//807
f 634//808 638//808 633//808
f 194//809 641//809 198//809
f 198//810 641//810 202//810
f 637//811 641//811 194//811
f 637//812 642//812 641//812
f 638//813 642//813 637//813
f 643//814 642//814 640//814
f 644//815 642//815 643//815
f 640//816 642//816 638//816
f 641//817 645//817 202//817
f 202//818 645//818 205//818
f 205//819 645//819 209//819
f 641//820 646//820 645//820
f 647//821 646//821 644//821
f 648//822 646//822 647//822
f 644//823 646//823 642//823
f 642//824 646//824 641//824
f 209//825 649//825 214//825
f 214//826 649//826 217//826
f 645//827 649//827 209//827
f 648//828 650//828 646//828
f 645//829 650//829 649//829
f 651//830 650//830 648//830
f 652//831 650//831 651//831
f 646//832 650//832 645//832
f 217//833 653//833 222//833
f 222//834 653//834 225//834
f 649//835 653//835 217//835
f 650//836 654//836 649//836
f 652//837 654//837 650//837
f 649//838 654//838 653//838
f 655//839 654//839 652//839
f 656//840 654//840 655//840
f 225//841 657//841 229//841
f 229//842 657//842 234//842
f 653//843 657//843 225//843
f 654//844 658//844 653//844
f 659//845 658//845 656//845
f 660//846 658//846 659//846
f 656//847 658//847 654//847
f 653//848 658//848 657//848
f 234//849 661//849 236//849
f 236//850 661//850 242//850
f 657//851 661//851 234//851
f 660//852 662//852 658//852
f 657//853 662//853 661//853
f 658//854 662//854 657//854
f 663//855 662//855 660//855
f 664//856 662//856 663//856
f 661//857 665//857 242//857
f 242//858 665//858 247//858
f 247//859 665//859 250//859
f 662//860 666//860 661//860
f 664//861 666//861 662//861
f 661//862 666//862 665//862
f 667//863 666//863 664//863
f 668//864 666//864 667//864
f 665//865 669//865 250//865
f 250//866 669//866 251//866
f 251//867 669//867 258//867
f 668//868 670//868 666//868
f 666//869 670//869 665//869
f 665//870 670//870 669//870
f 671//871 670//871 668//871
f 672//872 670//872 671//872
f 258//873 673//873 262//873
f 262//874 673//874 267//874
f 669//875 673//875 258//875
f 670//876 674//876 669//876
f 669//877 674//877 673//877
f 672//878 674//878 670//878
f 675//879 674//879 672//879
f 676//880 674//880 675//880
f 267//881 677//881 270//881
f 270//882 677//882 271//882
f 673//883 677//883 267//883
f 676//884 678//884 674//884
f 674//885 678//885 673//885
f 679//886 678//886 676//886
f 680//887 678//887 679//887
f 673//888 678//888 677//888
f 271//889 681//889 279//889
f 279//890 681//890 282//890
f 677//891 681//891 271//891
f 680//892 682//892 678//892
f 678//893 682//893 677//893
f 677//894 682//894 681//894
f 683//895 682//895 680//895
f 684//896 682//896 683//896
f 282//897 685//897 287//897
f 287//898 685//898 291//898
f 681//899 685//899 282//899
f 684//900 686//900 682//900
f 682//901 686//901 681//901
f 687//902 686//902 684//902
f 688//903 686//903 687//903
f 681//904 686//904 685//904
f 291//905 689//905 295//905
f 295//906 689//906 298//906
f 686//907 689//907 685//907
f 685//908 689//908 291//908
f 686//909 690//909 689//909
f 688//910 690//910 686//910
f 691//911 690//911 688//911
f 692//912 690//912 691//912
f 689//913 693//913 298//913
f 298//914 693//914 299//914
f 299//915 693//915 307//915
f 689//916 694//916 693//916
f 690//917 694//917 689//917
f 692//918 694//918 690//918
f 695//919 694//919 692//919
f 696//920 694//920 695//920
f 693//921 697//921 307//921
f 307//922 697//922 310//922
f 310//923 697//923 314//923
f 694//924 697//924 693//924
f 694//925 698//925 697//925
f 699//926 698//926 696//926
f 700//927 698//927 699//927
f 696//928 698//928 694//928
f 697//929 701//929 314//929
f 314//930 701//930 319//930
f 319//931 701//931 320//931
f 700//932 702//932 698//932
f 698//933 702//933 697//933
f 697//934 702//934 701//934
f 703//935 702//935 700//935
f 704//936 702//936 703//936
f 701//937 705//937 320//937
f 320//938 705//938 327//938
f 327//939 705//939 330//939
f 704//940 706//940 702//940
f 701//941 706//941 705//941
f 707//942 706//942 704//942
f 702//943 706//943 701//943
f 708//944 706//944 707//944
f 705//945 709//945 330//945
f 330//946 709//946 334//946
f 334//947 709//947 339//947
f 710//948 711//948 708//948
f 712//949 711//949 710//949
f 706//950 711//950 705//950
f 708//951 711//951 706//951
f 705//952 711//952 709//952
f 709//953 713//953 339//953
f 711//954 713//954 709//954
f 339//955 713//955 340//955
f 340//956 713//956 346//956
f 714//957 715//957 712//957
f 716//958 715//958 714//958
f 712//959 715//959 711//959
f 711//960 715//960 713//960
f 713//961 717//961 346//961
f 715//962 717//962 713//962
f 346//963 717//963 351//963
f 351//964 717//964 354//964
f 718//965 719//965 716//965
f 720//966 719//966 718//966
f 716//967 719//967 715//967
f 715//968 719//968 717//968
f 717//969 721//969 354//969
f 354//970 721//970 359//970
f 359//971 721//971 360//971
f 722//972 723//972 720//972
f 724//973 723//973 722//973
f 719//974 723//974 717//974
f 720//975 723//975 719//975
f 717//976 723//976 721//976
f 721//977 725//977 360//977
f 723//978 725//978 721//978
f 360//979 725//979 367//979
f 367//980 725//980 371//980
f 726//981 727//981 724//981
f 728//982 727//982 726//982
f 724//983 727//983 723//983
f 723//984 727//984 725//984
f 727//985 729//985 725//985
f 725//986 729//986 371//986
f 371//987 729//987 372//987
f 372//988 729//988 379//988
f 730//989 731//989 728//989
f 732//990 731//990 730//990
f 728//991 731//991 727//991
f 727//992 731//992 729//992
f 729//993 733//993 379//993
f 379//994 733//994 383//994
f 383//995 733//995 386//995
f 732//996 734//996 731//996
f 735//997 734//997 732//997
f 736//998 734//998 735//998
f 731//999 734//999 729//999
f 729//1000 734//1000 733//1000
f 733//1001 737//1001 386//1001
f 386//1002 737//1002 391//1002
f 391//1003 737//1003 394//1003
f 733//1004 738//1004 737//1004
f 739//1005 738//1005 736//1005
f 740//1006 738//1006 739//1006
f 736//1007 738//1007 734//1007
f 734//1008 738//1008 733//1008
f 738//1009 741//1009 737//1009
f 737//1010 741//1010 394//1010
f 394//1011 741//1011 395//1011
f 395//1012 741//1012 402//1012
f 742//1013 743//1013 740//1013
f 744//1014 743//1014 742//1014
f 738//1015 743//1015 741//1015
f 740//1016 743//1016 738//1016
f 741//1017 745//1017 402//1017
f 402//1018 745//1018 406//1018
f 406//1019 745//1019 410//1019
f 744//1020 746//1020 743//1020
f 747//1021 746//1021 744//1021
f 748//1022 746//1022 747//1022
f 741//1023 746//1023 745//1023
f 743//1024 746//1024 741//1024
f 745//1025 749//1025 410//1025
f 746//1026 749//1026 745//1026
f 410//1027 749//1027 415//1027
f 415//1028 749//1028 418//1028
f 748//1029 750//1029 746//1029
f 751//1030 750//1030 748//1030
f 752//1031 750//1031 751//1031
f 746//1032 750//1032 749//1032
f 749//1033 753//1033 418//1033
f 418//1034 753//1034 422//1034
f 422//1035 753//1035 427//1035
f 754//1036 755//1036 752//1036
f 756//1037 755//1037 754//1037
f 749//1038 755//1038 753//1038
f 752//1039 755//1039 750//1039
f 750//1040 755//1040 749//1040
f 753//1041 757//1041 427//1041
f 427//1042 757//1042 431//1042
f 431//1043 757//1043 432//1043
f 753//1044 758//1044 757//1044
f 759//1045 758//1045 756//1045
f 760//1046 758//1046 759//1046
f 755//1047 758//1047 753//1047
f 756//1048 758//1048 755//1048
f 757//1049 761//1049 432//1049
f 432//1050 761//1050 438//1050
f 438//1051 761//1051 443//1051
f 762//1052 763//1052 760//1052
f 760//1053 763//1053 758//1053
f 764//1054 763//1054 762//1054
f 758//1055 763//1055 757//1055
f 757//1056 763//1056 761//1056
f 761//1057 765//1057 443//1057
f 763//1058 765//1058 761//1058
f 443//1059 765//1059 446//1059
f 446//1060 765//1060 451//1060
f 764//1061 766//1061 763//1061
f 767//1062 766//1062 764//1062
f 768//1063 766//1063 767//1063
f 763//1064 766//1064 765//1064
f 451//1065 769//1065 454//1065
f 454//1066 769//1066 458//1066
f 765//1067 769//1067 451//1067
f 766//1068 770//1068 765//1068
f 771//1069 770//1069 768//1069
f 772//1070 770//1070 771//1070
f 768//1071 770//1071 766//1071
f 765//1072 770//1072 769//1072
f 458//1073 773//1073 456//1073
f 456//1074 773//1074 448//1074
f 770//1075 773//1075 769//1075
f 769//1076 773//1076 458//1076
f 774//1077 775//1077 772//1077
f 776//1078 775//1078 774//1078
f 772//1079 775//1079 770//1079
f 770//1080 775//1080 773//1080
f 448//1081 777//1081 449//1081
f 449//1082 777//1082 440//1082
f 773//1083 777//1083 448//1083
f 776//1084 778//1084 775//1084
f 775//1085 778//1085 773//1085
f 779//1086 778//1086 776//1086
f 780//1087 778//1087 779//1087
f 773//1088 778//1088 777//1088
f 440//1089 781//1089 441//1089
f 441//1090 781//1090 434//1090
f 778//1091 781//1091 777//1091
f 777//1092 781//1092 440//1092
f 782//1093 783//1093 780//1093
f 784//1094 783//1094 782//1094
f 780//1095 783//1095 778//1095
f 778//1096 783//1096 781//1096
f 434//1097 785//1097 429//1097
f 429//1098 785//1098 424//1098
f 781//1099 785//1099 434//1099
f 783//1100 786//1100 781//1100
f 781//1101 786//1101 785//1101
f 787//1102 786//1102 784//1102
f 788//1103 786//1103 787//1103
f 784//1104 786//1104 783//1104
f 424//1105 789//1105 425//1105
f 425//1106 789//1106 420//1106
f 785//1107 789//1107 424//1107
f 788//1108 790//1108 786//1108
f 785//1109 790//1109 789//1109
f 791//1110 790//1110 788//1110
f 792//1111 790//1111 791//1111
f 786//1112 790//1112 785//1112
f 420//1113 793//1113 412//1113
f 412//1114 793//1114 413//1114
f 789//1115 793//1115 420//1115
f 790//1116 794//1116 789//1116
f 792//1117 794//1117 790//1117
f 795//1118 794//1118 792//1118
f 789//1119 794//1119 793//1119
f 796//1120 794//1120 795//1120
f 413//1121 797//1121 408//1121
f 408//1122 797//1122 404//1122
f 793//1123 797//1123 413//1123
f 794//1124 798//1124 793//1124
f 799//1125 798//1125 796//1125
f 800//1126 798//1126 799//1126
f 796//1127 798//1127 794//1127
f 793//1128 798//1128 797//1128
f 404//1129 801//1129 397//1129
f 397//1130 801//1130 398//1130
f 797//1131 801//1131 404//1131
f 798//1132 801//1132 797//1132
f 802//1133 803//1133 800//1133
f 804//1134 803//1134 802//1134
f 800//1135 803//1135 798//1135
f 798//1136 803//1136 801//1136
f 398//1137 805//1137 388//1137
f 388//1138 805//1138 389//1138
f 801//1139 805//1139 398//1139
f 801//1140 806//1140 805//1140
f 807//1141 806//1141 804//1141
f 808//1142 806//1142 807//1142
f 803//1143 806//1143 801//1143
f 804//1144 806//1144 803//1144
f 389//1145 809//1145 381//1145
f 381//1146 809//1146 376//1146
f 805//1147 809//1147 389//1147
f 805//1148 810//1148 809//1148
f 811//1149 810//1149 808//1149
f 812//1150 810//1150 811//1150
f 806//1151 810//1151 805//1151
f 808//1152 810//1152 806//1152
f 376//1153 813//1153 377//1153
f 377//1154 813//1154 369//1154
f 809//1155 813//1155 376//1155
f 814//1156 815//1156 812//1156
f 816//1157 815//1157 814//1157
f 809//1158 815//1158 813//1158
f 810//1159 815//1159 809//1159
f 812//1160 815//1160 810//1160
f 813//1161 817//1161 369//1161
f 369//1162 817//1162 364//1162
f 364//1163 817//1163 365//1163
f 815//1164 817//1164 813//1164
f 818//1165 819//1165 816//1165
f 820//1166 819//1166 818//1166
f 816//1167 819//1167 815//1167
f 815//1168 819//1168 817//1168
f 365//1169 821//1169 356//1169
f 356//1170 821//1170 357//1170
f 817//1171 821//1171 365//1171
f 822//1172 823//1172 820//1172
f 824//1173 823//1173 822//1173
f 820//1174 823//1174 819//1174
f 819//1175 823//1175 817//1175
f 817//1176 823//1176 821//1176
f 349//1177 825//1177 470//1177
f 357//1178 825//1178 348//1178
f 348//1179 825//1179 349//1179
f 821//1180 825//1180 357//1180
f 821//1181 826//1181 825//1181
f 470//1182 826//1182 481//1182
f 827//1183 826//1183 824//1183
f 828//1184 826//1184 827//1184
f 824//1185 826//1185 823//1185
f 481//1186 826//1186 828//1186
f 825//1187 826//1187 470//1187
f 823//1188 826//1188 821//1188
f 349//1189 470//1189 342//1189
f 828//1190 479//1190 481//1190
f 336//1191 829//1191 337//1191
f 337//1192 829//1192 332//1192
f 470//1193 829//1193 336//1193
f 481//1194 830//1194 470//1194
f 831//1195 830//1195 480//1195
f 832//1196 830//1196 831//1196
f 470//1197 830//1197 829//1197
f 480//1198 830//1198 481//1198
f 332//1199 833//1199 324//1199
f 324//1200 833//1200 325//1200
f 829//1201 833//1201 332//1201
f 830//1202 834//1202 829//1202
f 835//1203 834//1203 832//1203
f 836//1204 834//1204 835//1204
f 829//1205 834//1205 833//1205
f 832//1206 834//1206 830//1206
f 325//1207 837//1207 316//1207
f 316//1208 837//1208 317//1208
f 833//1209 837//1209 325//1209
f 833//1210 838//1210 837//1210
f 839//1211 838//1211 836//1211
f 840//1212 838//1212 839//1212
f 836//1213 838//1213 834//1213
f 834//1214 838//1214 833//1214
f 317//1215 841//1215 312//1215
f 837//1216 841//1216 317//1216
f 312//1217 841//1217 305//1217
f 838//1218 842//1218 837//1218
f 843//1219 842//1219 840//1219
f 844//1220 842//1220 843//1220
f 840//1221 842//1221 838//1221
f 837//1222 842//1222 841//1222
f 305//1223 845//1223 301//1223
f 301//1224 845//1224 302//1224
f 841//1225 845//1225 305//1225
f 844//1226 846//1226 842//1226
f 842//1227 846//1227 841//1227
f 841//1228 846//1228 845//1228
f 847//1229 846//1229 844//1229
f 848//1230 846//1230 847//1230
f 302//1231 849//1231 293//1231
f 293//1232 849//1232 289//1232
f 845//1233 849//1233 302//1233
f 845//1234 850//1234 849//1234
f 851//1235 850//1235 848//1235
f 852//1236 850//1236 851//1236
f 846//1237 850//1237 845//1237
f 848//1238 850//1238 846//1238
f 289//1239 853//1239 284//1239
f 284//1240 853//1240 285//1240
f 850//1241 853//1241 849//1241
f 849//1242 853//1242 289//1242
f 854//1243 855//1243 852//1243
f 856//1244 855//1244 854//1244
f 852//1245 855//1245 850//1245
f 850//1246 855//1246 853//1246
f 285//1247 857//1247 277//1247
f 277//1248 857//1248 273//1248
f 853//1249 857//1249 285//1249
f 856//1250 858//1250 855//1250
f 855//1251 858//1251 853//1251
f 853//1252 858//1252 857//1252
f 859//1253 858//1253 856//1253
f 860//1254 858//1254 859//1254
f 273//1255 861//1255 274//1255
f 274//1256 861//1256 264//1256
f 857//1257 861//1257 273//1257
f 857//1258 862//1258 861//1258
f 863//1259 862//1259 860//1259
f 864//1260 862//1260 863//1260
f 858//1261 862//1261 857//1261
f 860//1262 862//1262 858//1262
f 264//1263 865//1263 265//1263
f 265//1264 865//1264 260//1264
f 861//1265 865//1265 264//1265
f 862//1266 866//1266 861//1266
f 864//1267 866//1267 862//1267
f 867//1268 866//1268 864//1268
f 868//1269 866//1269 867//1269
f 861//1270 866//1270 865//1270
f 260//1271 869//1271 256//1271
f 256//1272 869//1272 253//1272
f 865//1273 869//1273 260//1273
f 868//1274 870//1274 866//1274
f 866//1275 870//1275 865//1275
f 865//1276 870//1276 869//1276
f 871//1277 870//1277 868//1277
f 872//1278 870//1278 871//1278
f 253//1279 873//1279 244//1279
f 244//1280 873//1280 245//1280
f 869//1281 873//1281 253//1281
f 869//1282 874//1282 873//1282
f 875//1283 874//1283 872//1283
f 876//1284 874//1284 875//1284
f 870//1285 874//1285 869//1285
f 872//1286 874//1286 870//1286
f 873//1287 877//1287 245//1287
f 245//1288 877//1288 240//1288
f 240//1289 877//1289 235//1289
f 874//1290 878//1290 873//1290
f 876//1291 878//1291 874//1291
f 873//1292 878//1292 877//1292
f 879//1293 878//1293 876//1293
f 880//1294 878//1294 879//1294
f 235//1295 881//1295 232//1295
f 232//1296 881//1296 227//1296
f 877//1297 881//1297 235//1297
f 878//1298 882//1298 877//1298
f 880//1299 882//1299 878//1299
f 877//1300 882//1300 881//1300
f 883//1301 882//1301 880//1301
f 884//1302 882//1302 883//1302
f 227//1303 885//1303 223//1303
f 223//1304 885//1304 220//1304
f 881//1305 885//1305 227//1305
f 881//1306 886//1306 885//1306
f 887//1307 886//1307 884//1307
f 888//1308 886//1308 887//1308
f 882//1309 886//1309 881//1309
f 884//1310 886//1310 882//1310
f 885//1311 889//1311 220//1311
f 220//1312 889//1312 215//1312
f 215//1313 889//1313 212//1313
f 886//1314 890//1314 885//1314
f 888//1315 890//1315 886//1315
f 885//1316 890//1316 889//1316
f 891//1317 890//1317 888//1317
f 892//1318 890//1318 891//1318
f 890//1319 893//1319 889//1319
f 212//1320 893//1320 207//1320
f 207//1321 893//1321 203//1321
f 889//1322 893//1322 212//1322
f 890//1323 894//1323 893//1323
f 892//1324 894//1324 890//1324
f 895//1325 894//1325 892//1325
f 896//1326 894//1326 895//1326
f 203//1327 897//1327 200//1327
f 200//1328 897//1328 196//1328
f 893//1329 897//1329 203//1329
f 893//1330 898//1330 897//1330
f 894//1331 898//1331 893//1331
f 899//1332 898//1332 896//1332
f 900//1333 898//1333 899//1333
f 896//1334 898//1334 894//1334
f 898//1335 901//1335 897//1335
f 196//1336 901//1336 192//1336
f 192//1337 901//1337 187//1337
f 897//1338 901//1338 196//1338
f 900//1339 902//1339 898//1339
f 898//1340 902//1340 901//1340
f 903//1341 902//1341 900//1341
f 904//1342 902//1342 903//1342
f 187//1343 905//1343 185//1343
f 185//1344 905//1344 180//1344
f 901//1345 905//1345 187//1345
f 902//1346 906//1346 901//1346
f 904//1347 906//1347 902//1347
f 901//1348 906//1348 905//1348
f 907//1349 906//1349 904//1349
f 908//1350 906//1350 907//1350
f 905//1351 909//1351 180//1351
f 180//1352 909//1352 175//1352
f 175//1353 909//1353 172//1353
f 906//1354 910//1354 905//1354
f 911//1355 910//1355 908//1355
f 912//1356 910//1356 911//1356
f 908//1357 910//1357 906//1357
f 905//1358 910//1358 909//1358
f 172//1359 913//1359 168//1359
f 910//1360 913//1360 909//1360
f 168//1361 913//1361 163//1361
f 909//1362 913//1362 172//1362
f 912//1363 914//1363 910//1363
f 910//1364 914//1364 913//1364
f 915//1365 914//1365 912//1365
f 916//1366 914//1366 915//1366
f 163//1367 462//1367 159//1367
f 159//1368 462//1368 156//1368
f 913//1369 462//1369 163//1369
f 916//1370 460//1370 914//1370
f 913//1371 460//1371 462//1371
f 917//1372 460//1372 916//1372
f 463//1373 460//1373 917//1373
f 914//1374 460//1374 913//1374
f 462//1375 459//1375 156//1375
f 156//1376 459//1376 152//1376
f 918//1377 919//1377 344//1377
f 344//1378 919//1378 347//1378
f 347//1379 919//1379 352//1379
f 352//1380 920//1380 355//1380
f 919//1381 920//1381 352//1381
f 920//1382 921//1382 355//1382
f 355//1383 922//1383 361//1383
f 921//1384 922//1384 355//1384
f 361//1385 923//1385 363//1385
f 363//1386 923//1386 368//1386
f 922//1387 923//1387 361//1387
f 923//1388 924//1388 368//1388
f 368//1389 925//1389 373//1389
f 924//1390 925//1390 368//1390
f 373//1391 926//1391 375//1391
f 375//1392 926//1392 380//1392
f 925//1393 926//1393 373//1393
f 926//1394 927//1394 380//1394
f 927//1395 928//1395 380//1395
f 380//1396 928//1396 384//1396
f 928//1397 929//1397 384//1397
f 384//1398 929//1398 387//1398
f 387//1399 929//1399 392//1399
f 929//1400 930//1400 392//1400
f 392//1401 931//1401 396//1401
f 930//1402 931//1402 392//1402
f 396//1403 931//1403 400//1403
f 931//1404 932//1404 400//1404
f 932//1405 933//1405 400//1405
f 400//1406 933//1406 403//1406
f 403//1407 934//1407 407//1407
f 933//1408 934//1408 403//1408
f 407//1409 935//1409 411//1409
f 934//1410 935//1410 407//1410
f 411//1411 936//1411 416//1411
f 935//1412 936//1412 411//1412
f 416//1413 937//1413 419//1413
f 936//1414 937//1414 416//1414
f 419//1415 938//1415 423//1415
f 937//1416 938//1416 419//1416
f 423//1417 939//1417 428//1417
f 938//1418 939//1418 423//1418
f 428//1419 940//1419 433//1419
f 433//1420 940//1420 436//1420
f 939//1421 940//1421 428//1421
f 940//1422 941//1422 436//1422
f 436//1423 942//1423 439//1423
f 941//1424 942//1424 436//1424
f 439//1425 943//1425 444//1425
f 942//1426 943//1426 439//1426
f 444//1427 944//1427 447//1427
f 943//1428 944//1428 444//1428
f 447//1429 945//1429 452//1429
f 944//1430 945//1430 447//1430
f 452//1431 946//1431 455//1431
f 945//1432 946//1432 452//1432
f 455//1433 947//1433 457//1433
f 946//1434 947//1434 455//1434
f 457//1435 948//1435 453//1435
f 947//1436 948//1436 457//1436
f 453//1437 949//1437 450//1437
f 948//1438 949//1438 453//1438
f 450//1439 950//1439 445//1439
f 949//1440 950//1440 450//1440
f 445//1441 951//1441 442//1441
f 950//1442 951//1442 445//1442
f 442//1443 952//1443 437//1443
f 951//1444 952//1444 442//1444
f 437//1445 953//1445 435//1445
f 952//1446 953//1446 437//1446
f 435//1447 954//1447 430//1447
f 953//1448 954//1448 435//1448
f 954//1449 955//1449 430//1449
f 430//1450 955//1450 426//1450
f 955//1451 956//1451 426//1451
f 426//1452 956//1452 421//1452
f 421//1453 956//1453 417//1453
f 956//1454 957//1454 417//1454
f 957//1455 958//1455 417//1455
f 417//1456 958//1456 414//1456
f 958//1457 959//1457 414//1457
f 414//1458 959//1458 409//1458
f 959//1459 960//1459 409//1459
f 409//1460 960//1460 405//1460
f 960//1461 961//1461 405//1461
f 405//1462 961//1462 401//1462
f 961//1463 962//1463 401//1463
f 401//1464 962//1464 399//1464
f 962//1465 963//1465 399//1465
f 399//1466 963//1466 393//1466
f 963//1467 964//1467 393//1467
f 393//1468 964//1468 390//1468
f 390//1469 965//1469 385//1469
f 964//1470 965//1470 390//1470
f 385//1471 966//1471 382//1471
f 965//1472 966//1472 385//1472
f 382//1473 967//1473 378//1473
f 966//1474 967//1474 382//1474
f 378//1475 968//1475 374//1475
f 967//1476 968//1476 378//1476
f 374//1477 969//1477 370//1477
f 968//1478 969//1478 374//1478
f 370//1479 970//1479 366//1479
f 366//1480 970//1480 362//1480
f 969//1481 970//1481 370//1481
f 970//1482 971//1482 362//1482
f 362//1483 972//1483 358//1483
f 971//1484 972//1484 362//1484
f 358//1485 973//1485 353//1485
f 972//1486 973//1486 358//1486
f 353//1487 974//1487 350//1487
f 973//1488 974//1488 353//1488
f 350//1489 975//1489 345//1489
f 974//1490 975//1490 350//1490
f 345//1491 976//1491 343//1491
f 975//1492 976//1492 345//1492
f 343//1493 977//1493 338//1493
f 976//1494 977//1494 343//1494
f 338//1495 978//1495 333//1495
f 977//1496 978//1496 338//1496
f 333//1497 979//1497 329//1497
f 978//1498 979//1498 333//1498
f 979//1499 980//1499 329//1499
f 329//1500 980//1500 326//1500
f 980//1501 981//1501 326//1501
f 326//1502 981//1502 322//1502
f 981//1503 982//1503 322//1503
f 322//1504 982//1504 318//1504
f 982//1505 983//1505 318//1505
f 318//1506 983//1506 313//1506
f 313//1507 983//1507 309//1507
f 983//1508 984//1508 309//1508
f 984//1509 985//1509 309//1509
f 309//1510 985//1510 306//1510
f 985//1511 986//1511 306//1511
f 306//1512 986//1512 303//1512
f 986//1513 987//1513 303//1513
f 303//1514 987//1514 297//1514
f 987//1515 988//1515 297//1515
f 297//1516 988//1516 294//1516
f 988//1517 989//1517 294//1517
f 294//1518 989//1518 290//1518
f 989//1519 990//1519 290//1519
f 290//1520 990//1520 286//1520
f 990//1521 991//1521 286//1521
f 286//1522 991//1522 281//1522
f 991//1523 992//1523 281//1523
f 281//1524 992//1524 278//1524
f 278//1525 992//1525 275//1525
f 992//1526 993//1526 275//1526
f 993//1527 994//1527 275//1527
f 275//1528 994//1528 269//1528
f 994//1529 995//1529 269//1529
f 269//1530 995//1530 266//1530
f 995//1531 996//1531 266//1531
f 266//1532 996//1532 261//1532
f 996//1533 997//1533 261//1533
f 261//1534 997//1534 257//1534
f 997//1535 998//1535 257//1535
f 257//1536 998//1536 254//1536
f 998//1537 999//1537 254//1537
f 254//1538 999//1538 249//1538
f 249//1539 1000//1539 246//1539
f 999//1540 1000//1540 249//1540
f 246//1541 1001//1541 241//1541
f 1000//1542 1001//1542 246//1542
f 241//1543 1002//1543 238//1543
f 1001//1544 1002//1544 241//1544
f 238//1545 1003//1545 233//1545
f 1002//1546 1003//1546 238//1546
f 1003//1547 1004//1547 233//1547
f 233//1548 1004//1548 230//1548
f 1004//1549 1005//1549 230//1549
f 230//1550 1005//1550 226//1550
f 226//1551 1005//1551 219//1551
f 1005//1552 1006//1552 219//1552
f 1006//1553 1007//1553 219//1553
f 219//1554 1007//1554 218//1554
f 1007//1555 1008//1555 218//1555
f 218//1556 1008//1556 210//1556
f 210//1557 1008//1557 211//1557
f 1008//1558 1009//1558 211//1558
f 1009//1559 1010//1559 211//1559
f 211//1560 1010//1560 206//1560
f 206//1561 1010//1561 199//1561
f 1010//1562 1011//1562 199//1562
f 1011//1563 1012//1563 199//1563
f 199//1564 1012//1564 195//1564
f 195//1565 1012//1565 190//1565
f 1012//1566 1013//1566 190//1566
f 190//1567 1013//1567 191//1567
f 1013//1568 1014//1568 191//1568
f 1014//1569 1015//1569 191//1569
f 191//1570 1015//1570 184//1570
f 1015//1571 1016//1571 184//1571
f 184//1572 1016//1572 178//1572
f 178//1573 1016//1573 179//1573
f 179//1574 1017//1574 171//1574
f 1016//1575 1017//1575 179//1575
f 1017//1576 1018//1576 171//1576
f 171//1577 1019//1577 166//1577
f 166//1578 1019//1578 167//1578
f 1018//1579 1019//1579 171//1579
f 1019//1580 1020//1580 167//1580
f 167//1581 1021//1581 162//1581
f 1020//1582 1021//1582 167//1582
f 162//1583 1022//1583 155//1583
f 1021//1584 1022//1584 162//1584
f 155//1585 1023//1585 150//1585
f 150//1586 1023//1586 151//1586
f 1022//1587 1023//1587 155//1587
f 1023//1588 1024//1588 151//1588
f 151//1589 1025//1589 146//1589
f 1024//1590 1025//1590 151//1590
f 146//1591 1026//1591 139//1591
f 1025//1592 1026//1592 146//1592
f 139//1593 1027//1593 135//1593
f 135//1594 1027//1594 131//1594
f 1026//1595 1027//1595 139//1595
f 1027//1596 1028//1596 131//1596
f 1028//1597 1029//1597 131//1597
f 131//1598 1029//1598 127//1598
f 1029//1599 1030//1599 127//1599
f 127//1600 1030//1600 123//1600
f 123//1601 1030//1601 119//1601
f 1030//1602 1031//1602 119//1602
f 119//1603 1031//1603 115//1603
f 1031//1604 1032//1604 115//1604
f 115//1605 1033//1605 111//1605
f 111//1606 1033//1606 112//1606
f 1032//1607 1033//1607 115//1607
f 1033//1608 1034//1608 112//1608
f 112//1609 1035//1609 107//1609
f 107//1610 1035//1610 102//1610
f 1034//1611 1035//1611 112//1611
f 1035//1612 1036//1612 102//1612
f 102//1613 1037//1613 95//1613
f 95//1614 1037//1614 91//1614
f 1036//1615 1037//1615 102//1615
f 1037//1616 1038//1616 91//1616
f 91//1617 1039//1617 87//1617
f 87//1618 1039//1618 83//1618
f 1038//1619 1039//1619 91//1619
f 1039//1620 1040//1620 83//1620
f 83//1621 1041//1621 78//1621
f 1040//1622 1041//1622 83//1622
f 78//1623 1042//1623 79//1623
f 1041//1624 1042//1624 78//1624
f 79//1625 1043//1625 71//1625
f 71//1626 1043//1626 66//1626
f 1042//1627 1043//1627 79//1627
f 1043//1628 1044//1628 66//1628
f 66//1629 1045//1629 67//1629
f 1044//1630 1045//1630 66//1630
f 67//1631 1046//1631 59//1631
f 59//1632 1046//1632 55//1632
f 1045//1633 1046//1633 67//1633
f 1046//1634 1047//1634 55//1634
f 55//1635 1048//1635 51//1635
f 51//1636 1048//1636 47//1636
f 1047//1637 1048//1637 55//1637
f 1048//1638 1049//1638 47//1638
f 47//1639 1050//1639 43//1639
f 1049//1640 1050//1640 47//1640
f 43//1641 1051//1641 39//1641
f 1050//1642 1051//1642 43//1642
f 39//1643 1052//1643 35//1643
f 35//1644 1052//1644 31//1644
f 1051//1645 1052//1645 39//1645
f 1052//1646 1053//1646 31//1646
f 1053//1647 1054//1647 31//1647
f 31//1648 1054//1648 27//1648
f 27//1649 1054//1649 23//1649
f 1054//1650 1055//1650 23//1650
f 1055//1651 1056//1651 23//1651
f 23//1652 1056//1652 19//1652
f 19//1653 1056//1653 14//1653
f 1056//1654 1057//1654 14//1654
f 1057//1655 1058//1655 14//1655
f 14//1656 1058//1656 15//1656
f 1058//1657 1059//1657 15//1657
f 15//1658 1059//1658 7//1658
f 7//1659 1059//1659 2//1659
f 1059//1660 1060//1660 2//1660
f 1060//1661 1061//1661 2//1661
f 2//1662 1061//1662 3//1662
f 3//1663 1061//1663 5//1663
f 1061//1664 1062//1664 5//1664
f 1062//1665 1063//1665 5//1665
f 5//1666 1063//1666 9//1666
f 9//1667 1063//1667 12//1667
f 1063//1668 1064//1668 12//1668
f 1064//1669 1065//1669 12//1669
f 12//1670 1065//1670 17//1670
f 17//1671 1066//1671 21//1671
f 1065//1672 1066//1672 17//1672
f 21//1673 1067//1673 25//1673
f 25//1674 1067//1674 29//1674
f 1066//1675 1067//1675 21//1675
f 1067//1676 1068//1676 29//1676
f 29//1677 1069//1677 33//1677
f 33//1678 1069//1678 37//1678
f 1068//1679 1069//1679 29//1679
f 1069//1680 1070//1680 37//1680
f 37//1681 1071//1681 41//1681
f 1070//1682 1071//1682 37//1682
f 41//1683 1072//1683 45//1683
f 1071//1684 1072//1684 41//1684
f 45//1685 1073//1685 49//1685
f 1072//1686 1073//1686 45//1686
f 49//1687 1074//1687 53//1687
f 1073//1688 1074//1688 49//1688
f 53//1689 1075//1689 57//1689
f 1074//1690 1075//1690 53//1690
f 57//1691 1076//1691 61//1691
f 1075//1692 1076//1692 57//1692
f 61//1693 1077//1693 64//1693
f 1076//1694 1077//1694 61//1694
f 64//1695 1078//1695 69//1695
f 69//1696 1078//1696 73//1696
f 1077//1697 1078//1697 64//1697
f 1078//1698 1079//1698 73//1698
f 1079//1699 1080//1699 73//1699
f 73//1700 1080//1700 76//1700
f 1080//1701 1081//1701 76//1701
f 76//1702 1081//1702 81//1702
f 1081//1703 1082//1703 81//1703
f 81//1704 1082//1704 85//1704
f 85//1705 1082//1705 89//1705
f 1082//1706 1083//1706 89//1706
f 89//1707 1083//1707 93//1707
f 1083//1708 1084//1708 93//1708
f 93//1709 1084//1709 97//1709
f 1084//1710 1085//1710 97//1710
f 1085//1711 1086//1711 97//1711
f 97//1712 1086//1712 100//1712
f 100//1713 1086//1713 104//1713
f 1086//1714 1087//1714 104//1714
f 1087//1715 1088//1715 104//1715
f 104//1716 1088//1716 105//1716
f 105//1717 1088//1717 109//1717
f 1088//1718 1089//1718 109//1718
f 1089//1719 1090//1719 109//1719
f 109//1720 1090//1720 117//1720
f 1090//1721 1091//1721 117//1721
f 117//1722 1091//1722 121//1722
f 1091//1723 1092//1723 121//1723
f 121//1724 1092//1724 125//1724
f 1092//1725 1093//1725 125//1725
f 125//1726 1093//1726 129//1726
f 1093//1727 1094//1727 129//1727
f 129//1728 1094//1728 133//1728
f 1094//1729 1095//1729 133//1729
f 133//1730 1095//1730 137//1730
f 137//1731 1095//1731 141//1731
f 1095//1732 1096//1732 141//1732
f 1096//1733 1097//1733 141//1733
f 141//1734 1097//1734 144//1734
f 1097//1735 1098//1735 144//1735
f 144//1736 1098//1736 148//1736
f 1098//1737 1099//1737 148//1737
f 148//1738 1099//1738 153//1738
f 153//1739 1100//1739 157//1739
f 1099//1740 1100//1740 153//1740
f 157//1741 1101//1741 160//1741
f 160//1742 1101//1742 164//1742
f 1100//1743 1101//1743 157//1743
f 1101//1744 1102//1744 164//1744
f 164//1745 1103//1745 169//1745
f 1102//1746 1103//1746 164//1746
f 169//1747 1104//1747 173//1747
f 173//1748 1104//1748 176//1748
f 1103//1749 1104//1749 169//1749
f 1104//1750 1105//1750 176//1750
f 1105//1751 1106//1751 176//1751
f 176//1752 1106//1752 181//1752
f 1106//1753 1107//1753 181//1753
f 181//1754 1107//1754 182//1754
f 1107//1755 1108//1755 182//1755
f 182//1756 1108//1756 188//1756
f 1108//1757 1109//1757 188//1757
f 188//1758 1109//1758 193//1758
f 1109//1759 1110//1759 193//1759
f 193//1760 1110//1760 197//1760
f 1110//1761 1111//1761 197//1761
f 197//1762 1111//1762 201//1762
f 1111//1763 1112//1763 201//1763
f 201//1764 1112//1764 204//1764
f 1112//1765 1113//1765 204//1765
f 204//1766 1113//1766 208//1766
f 1113//1767 1114//1767 208//1767
f 208//1768 1114//1768 213//1768
f 1114//1769 1115//1769 213//1769
f 213//1770 1115//1770 216//1770
f 1115//1771 1116//1771 216//1771
f 216//1772 1116//1772 221//1772
f 1116//1773 1117//1773 221//1773
f 221//1774 1117//1774 224//1774
f 1117//1775 1118//1775 224//1775
f 224//1776 1118//1776 228//1776
f 228//1777 1119//1777 231//1777
f 1118//1778 1119//1778 228//1778
f 231//1779 1120//1779 237//1779
f 1119//1780 1120//1780 231//1780
f 237//1781 1121//1781 239//1781
f 1120//1782 1121//1782 237//1782
f 239//1783 1122//1783 243//1783
f 1121//1784 1122//1784 239//1784
f 243//1785 1123//1785 248//1785
f 1122//1786 1123//1786 243//1786
f 248//1787 1124//1787 252//1787
f 1123//1788 1124//1788 248//1788
f 252//1789 1125//1789 255//1789
f 1124//1790 1125//1790 252//1790
f 255//1791 1126//1791 259//1791
f 1125//1792 1126//1792 255//1792
f 259//1793 1127//1793 263//1793
f 1126//1794 1127//1794 259//1794
f 263//1795 1128//1795 268//1795
f 1127//1796 1128//1796 263//1796
f 268//1797 1129//1797 272//1797
f 1128//1798 1129//1798 268//1798
f 272//1799 1130//1799 276//1799
f 1129//1800 1130//1800 272//1800
f 1130//1801 1131//1801 276//1801
f 276//1802 1131//1802 280//1802
f 1131//1803 1132//1803 280//1803
f 280//1804 1132//1804 283//1804
f 283//1805 1133//1805 288//1805
f 1132//1806 1133//1806 283//1806
f 1133//1807 1134//1807 288//1807
f 288//1808 1134//1808 292//1808
f 292//1809 1135//1809 296//1809
f 1134//1810 1135//1810 292//1810
f 296//1811 1136//1811 300//1811
f 1135//1812 1136//1812 296//1812
f 300//1813 1137//1813 304//1813
f 304//1814 1137//1814 308//1814
f 1136//1815 1137//1815 300//1815
f 1137//1816 1138//1816 308//1816
f 308//1817 1139//1817 311//1817
f 311//1818 1139//1818 315//1818
f 1138//1819 1139//1819 308//1819
f 1139//1820 1140//1820 315//1820
f 315//1821 1141//1821 321//1821
f 321//1822 1141//1822 323//1822
f 1140//1823 1141//1823 315//1823
f 1141//1824 1142//1824 323//1824
f 323//1825 1143//1825 328//1825
f 1142//1826 1143//1826 323//1826
f 328//1827 1144//1827 331//1827
f 331//1828 1144//1828 335//1828
f 1143//1829 1144//1829 328//1829
f 1144//1830 1145//1830 335//1830
f 335//1831 1146//1831 341//1831
f 1145//1832 1146//1832 335//1832
f 341//1833 918//1833 344//1833
f 1146//1834 918//1834 341//1834
f 1147//1835 479//1835 828//1835
f 1148//1836 828//1836 827//1836
f 1148//1837 1147//1837 828//1837
f 1149//1838 827//1838 824//1838
f 1149//1839 1148//1839 827//1839
f 1150//1840 824//1840 822//1840
f 1150//1841 1149//1841 824//1841
f 1151//1842 822//1842 820//1842
f 1151//1843 1150//1843 822//1843
f 1152//1844 820//1844 818//1844
f 1152//1845 1151//1845 820//1845
f 1153//1846 818//1846 816//1846
f 1153//1847 1152//1847 818//1847
f 1154//1848 816//1848 814//1848
f 1154//1849 1153//1849 816//1849
f 1155//1850 814//1850 812//1850
f 1155//1851 1154//1851 814//1851
f 1156//1852 812//1852 811//1852
f 1156//1853 1155//1853 812//1853
f 1157//1854 1156//1854 811//1854
f 1157//1855 811//1855 808//1855
f 1158//1856 1157//1856 808//1856
f 1158//1857 808//1857 807//1857
f 1159//1858 1158//1858 807//1858
f 1159//1859 807//1859 804//1859
f 1160//1860 1159//1860 804//1860
f 1160//1861 804//1861 802//1861
f 1161//1862 1160//1862 802//1862
f 1161//1863 802//1863 800//1863
f 1162//1864 1161//1864 800//1864
f 1162//1865 800//1865 799//1865
f 1163//1866 1162//1866 799//1866
f 1163//1867 799//1867 796//1867
f 1164//1868 1163//1868 796//1868
f 1164//1869 796//1869 795//1869
f 1165//1870 1164//1870 795//1870
f 1165//1871 795//1871 792//1871
f 1166//1872 792//1872 791//1872
f 1166//1873 1165//1873 792//1873
f 1167//1874 1166//1874 791//1874
f 1167//1875 791//1875 788//1875
f 1168//1876 788//1876 787//1876
f 1168//1877 1167//1877 788//1877
f 1169//1878 787//1878 784//1878
f 1169//1879 1168//1879 787//1879
f 1170//1880 784//1880 782//1880
f 1170//1881 1169//1881 784//1881
f 1171//1882 782//1882 780//1882
f 1171//1883 1170//1883 782//1883
f 1172//1884 780//1884 779//1884
f 1172//1885 1171//1885 780//1885
f 1173//1886 779//1886 776//1886
f 1173//1887 1172//1887 779//1887
f 1174//1888 776//1888 774//1888
f 1174//1889 1173//1889 776//1889
f 1175//1890 774//1890 772//1890
f 1175//1891 1174//1891 774//1891
f 1176//1892 772//1892 771//1892
f 1176//1893 1175//1893 772//1893
f 1177//1894 771//1894 768//1894
f 1177//1895 1176//1895 771//1895
f 1178//1896 768//1896 767//1896
f 1178//1897 1177//1897 768//1897
f 1179//1898 767//1898 764//1898
f 1179//1899 1178//1899 767//1899
f 1180//1900 764//1900 762//1900
f 1180//1901 1179//1901 764//1901
f 1181//1902 762//1902 760//1902
f 1181//1903 1180//1903 762//1903
f 1182//1904 1181//1904 760//1904
f 1182//1905 760//1905 759//1905
f 1183//1906 1182//1906 759//1906
f 1183//1907 759//1907 756//1907
f 1184//1908 1183//1908 756//1908
f 1184//1909 756//1909 754//1909
f 1185//1910 1184//1910 754//1910
f 1185//1911 754//1911 752//1911
f 1186//1912 752//1912 751//1912
f 1186//1913 1185//1913 752//1913
f 1187//1914 1186//1914 751//1914
f 1187//1915 751//1915 748//1915
f 1188//1916 1187//1916 748//1916
f 1188//1917 748//1917 747//1917
f 1189//1918 747//1918 744//1918
f 1189//1919 1188//1919 747//1919
f 1190//1920 744//1920 742//1920
f 1190//1921 1189//1921 744//1921
f 1191//1922 742//1922 740//1922
f 1191//1923 1190//1923 742//1923
f 1192//1924 740//1924 739//1924
f 1192//1925 1191//1925 740//1925
f 1193//1926 739//1926 736//1926
f 1193//1927 1192//1927 739//1927
f 1194//1928 736//1928 735//1928
f 1194//1929 1193//1929 736//1929
f 1195//1930 1194//1930 735//1930
f 1196//1931 732//1931 730//1931
f 1196//1932 735//1932 732//1932
f 1196//1933 1195//1933 735//1933
f 1197//1934 730//1934 728//1934
f 1197//1935 1196//1935 730//1935
f 1198//1936 728//1936 726//1936
f 1198//1937 1197//1937 728//1937
f 1199//1938 726//1938 724//1938
f 1199//1939 1198//1939 726//1939
f 1200//1940 1199//1940 724//1940
f 1201//1941 724//1941 722//1941
f 1201//1942 1200//1942 724//1942
f 1202//1943 720//1943 718//1943
f 1202//1944 722//1944 720//1944
f 1202//1945 1201//1945 722//1945
f 1203//1946 718//1946 716//1946
f 1203//1947 1202//1947 718//1947
f 1204//1948 1203//1948 716//1948
f 1204//1949 716//1949 714//1949
f 1205//1950 1204//1950 714//1950
f 1205//1951 714//1951 712//1951
f 1206//1952 1205//1952 712//1952
f 1207//1953 1206//1953 712//1953
f 1207//1954 710//1954 708//1954
f 1207//1955 712//1955 710//1955
f 1208//1956 1207//1956 708//1956
f 1208//1957 708//1957 707//1957
f 1209//1958 1208//1958 707//1958
f 1210//1959 1209//1959 707//1959
f 1210//1960 704//1960 703//1960
f 1210//1961 707//1961 704//1961
f 1211//1962 1210//1962 703//1962
f 1211//1963 703//1963 700//1963
f 1212//1964 1211//1964 700//1964
f 1213//1965 1212//1965 700//1965
f 1213//1966 699//1966 696//1966
f 1213//1967 700//1967 699//1967
f 1214//1968 1213//1968 696//1968
f 1215//1969 1214//1969 696//1969
f 1215//1970 695//1970 692//1970
f 1215//1971 696//1971 695//1971
f 1216//1972 1215//1972 692//1972
f 1217//1973 1216//1973 692//1973
f 1217//1974 692//1974 691//1974
f 1218//1975 1217//1975 691//1975
f 1218//1976 688//1976 687//1976
f 1218//1977 691//1977 688//1977
f 1219//1978 1218//1978 687//1978
f 1220//1979 1219//1979 687//1979
f 1220//1980 687//1980 684//1980
f 1221//1981 1220//1981 684//1981
f 1221//1982 683//1982 680//1982
f 1221//1983 684//1983 683//1983
f 1222//1984 1221//1984 680//1984
f 1222//1985 680//1985 679//1985
f 1223//1986 1222//1986 679//1986
f 1224//1987 1223//1987 679//1987
f 1224//1988 676//1988 675//1988
f 1224//1989 679//1989 676//1989
f 1225//1990 1224//1990 675//1990
f 1225//1991 675//1991 672//1991
f 1226//1992 1225//1992 672//1992
f 1227//1993 1226//1993 672//1993
f 1227//1994 671//1994 668//1994
f 1227//1995 672//1995 671//1995
f 1228//1996 668//1996 667//1996
f 1228//1997 1227//1997 668//1997
f 1229//1998 1228//1998 667//1998
f 1230//1999 664//1999 663//1999
f 1230//2000 667//2000 664//2000
f 1230//2001 1229//2001 667//2001
f 1231//2002 663//2002 660//2002
f 1231//2003 1230//2003 663//2003
f 1232//2004 1231//2004 660//2004
f 1233//2005 1232//2005 660//2005
f 1233//2006 659//2006 656//2006
f 1233//2007 660//2007 659//2007
f 1234//2008 1233//2008 656//2008
f 1234//2009 656//2009 655//2009
f 1235//2010 1234//2010 655//2010
f 1236//2011 1235//2011 655//2011
f 1236//2012 652//2012 651//2012
f 1236//2013 655//2013 652//2013
f 1237//2014 1236//2014 651//2014
f 1237//2015 651//2015 648//2015
f 1238//2016 1237//2016 648//2016
f 1239//2017 1238//2017 648//2017
f 1239//2018 648//2018 647//2018
f 1240//2019 1239//2019 647//2019
f 1240//2020 644//2020 643//2020
f 1240//2021 647//2021 644//2021
f 1241//2022 1240//2022 643//2022
f 1242//2023 1241//2023 643//2023
f 1242//2024 640//2024 639//2024
f 1242//2025 643//2025 640//2025
f 1243//2026 1242//2026 639//2026
f 1244//2027 1243//2027 639//2027
f 1244//2028 639//2028 636//2028
f 1245//2029 1244//2029 636//2029
f 1245//2030 635//2030 632//2030
f 1245//2031 636//2031 635//2031
f 1246//2032 1245//2032 632//2032
f 1246//2033 632//2033 631//2033
f 1247//2034 1246//2034 631//2034
f 1248//2035 628//2035 627//2035
f 1248//2036 631//2036 628//2036
f 1248//2037 1247//2037 631//2037
f 1249//2038 627//2038 624//2038
f 1249//2039 1248//2039 627//2039
f 1250//2040 1249//2040 624//2040
f 1251//2041 623//2041 620//2041
f 1251//2042 624//2042 623//2042
f 1251//2043 1250//2043 624//2043
f 1252//2044 620//2044 619//2044
f 1252//2045 1251//2045 620//2045
f 1253//2046 1252//2046 619//2046
f 1254//2047 616//2047 615//2047
f 1254//2048 619//2048 616//2048
f 1254//2049 1253//2049 619//2049
f 1255//2050 615//2050 612//2050
f 1255//2051 1254//2051 615//2051
f 1256//2052 1255//2052 612//2052
f 1257//2053 611//2053 608//2053
f 1257//2054 612//2054 611//2054
f 1257//2055 1256//2055 612//2055
f 1258//2056 608//2056 606//2056
f 1258//2057 1257//2057 608//2057
f 1259//2058 1258//2058 606//2058
f 1259//2059 606//2059 604//2059
f 1260//2060 1259//2060 604//2060
f 1260//2061 604//2061 603//2061
f 1261//2062 1260//2062 603//2062
f 1262//2063 1261//2063 603//2063
f 1262//2064 600//2064 597//2064
f 1262//2065 603//2065 600//2065
f 1263//2066 1262//2066 597//2066
f 1264//2067 1263//2067 597//2067
f 1264//2068 597//2068 596//2068
f 1265//2069 1264//2069 596//2069
f 1265//2070 596//2070 593//2070
f 1266//2071 1265//2071 593//2071
f 1266//2072 592//2072 589//2072
f 1266//2073 593//2073 592//2073
f 1267//2074 1266//2074 589//2074
f 1268//2075 588//2075 585//2075
f 1268//2076 589//2076 588//2076
f 1268//2077 1267//2077 589//2077
f 1269//2078 1268//2078 585//2078
f 1270//2079 585//2079 583//2079
f 1270//2080 1269//2080 585//2080
f 1271//2081 581//2081 580//2081
f 1271//2082 583//2082 581//2082
f 1271//2083 1270//2083 583//2083
f 1272//2084 580//2084 577//2084
f 1272//2085 1271//2085 580//2085
f 1273//2086 1272//2086 577//2086
f 1274//2087 575//2087 573//2087
f 1274//2088 577//2088 575//2088
f 1274//2089 1273//2089 577//2089
f 1275//2090 573//2090 571//2090
f 1275//2091 1274//2091 573//2091
f 1276//2092 1275//2092 571//2092
f 1277//2093 569//2093 568//2093
f 1277//2094 571//2094 569//2094
f 1277//2095 1276//2095 571//2095
f 1278//2096 568//2096 565//2096
f 1278//2097 1277//2097 568//2097
f 1279//2098 1278//2098 565//2098
f 1280//2099 565//2099 564//2099
f 1280//2100 1279//2100 565//2100
f 1281//2101 564//2101 561//2101
f 1281//2102 1280//2102 564//2102
f 1282//2103 561//2103 560//2103
f 1282//2104 1281//2104 561//2104
f 1283//2105 557//2105 555//2105
f 1283//2106 560//2106 557//2106
f 1283//2107 1282//2107 560//2107
f 1284//2108 555//2108 553//2108
f 1284//2109 1283//2109 555//2109
f 1285//2110 1284//2110 553//2110
f 1286//2111 1285//2111 553//2111
f 1286//2112 551//2112 549//2112
f 1286//2113 553//2113 551//2113
f 1287//2114 1286//2114 549//2114
f 1288//2115 549//2115 548//2115
f 1288//2116 1287//2116 549//2116
f 1289//2117 1288//2117 548//2117
f 1289//2118 548//2118 545//2118
f 1290//2119 544//2119 541//2119
f 1290//2120 545//2120 544//2120
f 1290//2121 1289//2121 545//2121
f 1291//2122 1290//2122 541//2122
f 1292//2123 541//2123 539//2123
f 1292//2124 1291//2124 541//2124
f 1293//2125 537//2125 535//2125
f 1293//2126 539//2126 537//2126
f 1293//2127 1292//2127 539//2127
f 1294//2128 1293//2128 535//2128
f 1295//2129 535//2129 533//2129
f 1295//2130 1294//2130 535//2130
f 1296//2131 532//2131 529//2131
f 1296//2132 533//2132 532//2132
f 1296//2133 1295//2133 533//2133
f 1297//2134 529//2134 528//2134
f 1297//2135 1296//2135 529//2135
f 1298//2136 1297//2136 528//2136
f 1299//2137 528//2137 525//2137
f 1299//2138 1298//2138 528//2138
f 1300//2139 525//2139 524//2139
f 1300//2140 1299//2140 525//2140
f 1301//2141 524//2141 521//2141
f 1301//2142 1300//2142 524//2142
f 1302//2143 521//2143 519//2143
f 1302//2144 1301//2144 521//2144
f 1303//2145 519//2145 517//2145
f 1303//2146 1302//2146 519//2146
f 1304//2147 517//2147 515//2147
f 1304//2148 1303//2148 517//2148
f 1305//2149 515//2149 513//2149
f 1305//2150 1304//2150 515//2150
f 1306//2151 1305//2151 513//2151
f 1306//2152 513//2152 511//2152
f 1307//2153 1306//2153 511//2153
f 1307//2154 511//2154 509//2154
f 1308//2155 1307//2155 509//2155
f 1308//2156 507//2156 505//2156
f 1308//2157 509//2157 507//2157
f 1309//2158 1308//2158 505//2158
f 1310//2159 1309//2159 505//2159
f 1310//2160 504//2160 501//2160
f 1310//2161 505//2161 504//2161
f 1311//2162 1310//2162 501//2162
f 1311//2163 501//2163 500//2163
f 1312//2164 1311//2164 500//2164
f 1313//2165 1312//2165 500//2165
f 1313//2166 497//2166 496//2166
f 1313//2167 500//2167 497//2167
f 1314//2168 1313//2168 496//2168
f 1315//2169 1314//2169 496//2169
f 1315//2170 496//2170 493//2170
f 1316//2171 1315//2171 493//2171
f 1316//2172 493//2172 492//2172
f 1317//2173 1316//2173 492//2173
f 1317//2174 489//2174 488//2174
f 1317//2175 492//2175 489//2175
f 1318//2176 1317//2176 488//2176
f 1319//2177 1318//2177 488//2177
f 1319//2178 488//2178 485//2178
f 1320//2179 1319//2179 485//2179
f 1320//2180 484//2180 478//2180
f 1320//2181 485//2181 484//2181
f 1321//2182 1320//2182 478//2182
f 1322//2183 1321//2183 478//2183
f 1322//2184 478//2184 477//2184
f 1323//2185 1322//2185 477//2185
f 1323//2186 477//2186 474//2186
f 1324//2187 1323//2187 474//2187
f 1324//2188 474//2188 473//2188
f 1325//2189 1324//2189 473//2189
f 1325//2190 473//2190 469//2190
f 1326//2191 1325//2191 469//2191
f 1326//2192 468//2192 465//2192
f 1326//2193 469//2193 468//2193
f 1327//2194 1326//2194 465//2194
f 1328//2195 465//2195 464//2195
f 1328//2196 1327//2196 465//2196
f 1329//2197 464//2197 463//2197
f 1329//2198 1328//2198 464//2198
f 1330//2199 917//2199 916//2199
f 1330//2200 463//2200 917//2200
f 1330//2201 1329//2201 463//2201
f 1331//2202 1330//2202 916//2202
f 1332//2203 915//2203 912//2203
f 1332//2204 916//2204 915//2204
f 1332//2205 1331//2205 916//2205
f 1333//2206 1332//2206 912//2206
f 1334//2207 1333//2207 912//2207
f 1334//2208 912//2208 911//2208
f 1335//2209 1334//2209 911//2209
f 1335//2210 911//2210 908//2210
f 1336//2211 1335//2211 908//2211
f 1336//2212 907//2212 904//2212
f 1336//2213 908//2213 907//2213
f 1337//2214 1336//2214 904//2214
f 1337//2215 904//2215 903//2215
f 1338//2216 1337//2216 903//2216
f 1339//2217 1338//2217 903//2217
f 1339//2218 903//2218 900//2218
f 1340//2219 1339//2219 900//2219
f 1340//2220 900//2220 899//2220
f 1341//2221 1340//2221 899//2221
f 1341//2222 896//2222 895//2222
f 1341//2223 899//2223 896//2223
f 1342//2224 1341//2224 895//2224
f 1342//2225 895//2225 892//2225
f 1343//2226 1342//2226 892//2226
f 1344//2227 1343//2227 892//2227
f 1344//2228 892//2228 891//2228
f 1345//2229 1344//2229 891//2229
f 1345//2230 891//2230 888//2230
f 1346//2231 1345//2231 888//2231
f 1346//2232 888//2232 887//2232
f 1347//2233 1346//2233 887//2233
f 1347//2234 884//2234 883//2234
f 1347//2235 887//2235 884//2235
f 1348//2236 1347//2236 883//2236
f 1349//2237 883//2237 880//2237
f 1349//2238 1348//2238 883//2238
f 1350//2239 1349//2239 880//2239
f 1350//2240 879//2240 876//2240
f 1350//2241 880//2241 879//2241
f 1351//2242 1350//2242 876//2242
f 1352//2243 876//2243 875//2243
f 1352//2244 1351//2244 876//2244
f 1353//2245 872//2245 871//2245
f 1353//2246 875//2246 872//2246
f 1353//2247 1352//2247 875//2247
f 1354//2248 1353//2248 871//2248
f 1355//2249 871//2249 868//2249
f 1355//2250 1354//2250 871//2250
f 1356//2251 867//2251 864//2251
f 1356//2252 868//2252 867//2252
f 1356//2253 1355//2253 868//2253
f 1357//2254 1356//2254 864//2254
f 1358//2255 864//2255 863//2255
f 1358//2256 1357//2256 864//2256
f 1359//2257 860//2257 859//2257
f 1359//2258 863//2258 860//2258
f 1359//2259 1358//2259 863//2259
f 1360//2260 1359//2260 859//2260
f 1361//2261 1360//2261 859//2261
f 1361//2262 859//2262 856//2262
f 1362//2263 1361//2263 856//2263
f 1362//2264 856//2264 854//2264
f 1363//2265 1362//2265 854//2265
f 1363//2266 854//2266 852//2266
f 1364//2267 1363//2267 852//2267
f 1364//2268 852//2268 851//2268
f 1365//2269 1364//2269 851//2269
f 1365//2270 851//2270 848//2270
f 1366//2271 1365//2271 848//2271
f 1366//2272 848//2272 847//2272
f 1367//2273 1366//2273 847//2273
f 1367//2274 847//2274 844//2274
f 1368//2275 843//2275 840//2275
f 1368//2276 844//2276 843//2276
f 1368//2277 1367//2277 844//2277
f 1369//2278 1368//2278 840//2278
f 1370//2279 1369//2279 840//2279
f 1370//2280 839//2280 836//2280
f 1370//2281 840//2281 839//2281
f 1371//2282 836//2282 835//2282
f 1371//2283 1370//2283 836//2283
f 1372//2284 1371//2284 835//2284
f 1373//2285 835//2285 832//2285
f 1373//2286 1372//2286 835//2286
f 1374//2287 831//2287 480//2287
f 1374//2288 832//2288 831//2288
f 1374//2289 1373//2289 832//2289
f 1375//2290 480//2290 479//2290
f 1375//2291 1374//2291 480//2291
f 1147//2292 1375//2292 479//2292
f 1061//2293 1376//2293 1062//2293
f 1060//2294 1377//2294 1061//2294
f 1061//2295 1377//2295 1376//2295
f 1376//2296 1378//2296 1062//2296
f 1062//2297 1378//2297 1063//2297
f 1060//2298 1379//2298 1377//2298
f 1059//2299 1379//2299 1060//2299
f 1378//2300 1380//2300 1063//2300
f 1063//2301 1380//2301 1064//2301
f 1033//2302 1381//2302 1034//2302
f 1034//2303 1381//2303 1035//2303
f 1035//2304 1381//2304 1036//2304
f 1036//2305 1381//2305 1037//2305
f 1037//2306 1381//2306 1038//2306
f 1038//2307 1381//2307 1039//2307
f 1039//2308 1381//2308 1040//2308
f 1040//2309 1381//2309 1041//2309
f 1041//2310 1381//2310 1042//2310
f 1042//2311 1381//2311 1043//2311
f 1043//2312 1381//2312 1044//2312
f 1044//2313 1381//2313 1045//2313
f 1045//2314 1381//2314 1046//2314
f 1046//2315 1381//2315 1047//2315
f 1047//2316 1381//2316 1048//2316
f 1048//2317 1381//2317 1049//2317
f 1049//2318 1381//2318 1050//2318
f 1050//2319 1381//2319 1051//2319
f 1051//2320 1381//2320 1052//2320
f 1052//2321 1381//2321 1053//2321
f 1053//2322 1381//2322 1054//2322
f 1054//2323 1381//2323 1055//2323
f 1055//2324 1381//2324 1056//2324
f 1056//2325 1381//2325 1057//2325
f 1059//2326 1381//2326 1379//2326
f 1057//2327 1381//2327 1058//2327
f 1058//2328 1381//2328 1059//2328
f 1380//2329 1382//2329 1064//2329
f 1064//2330 1382//2330 1065//2330
f 1382//2331 1383//2331 1065//2331
f 1065//2332 1383//2332 1066//2332
f 1383//2333 1384//2333 1066//2333
f 1066//2334 1384//2334 1067//2334
f 1067//2335 1385//2335 1068//2335
f 1384//2336 1385//2336 1067//2336
f 1385//2337 1386//2337 1068//2337
f 1068//2338 1386//2338 1069//2338
f 1069//2339 1387//2339 1070//2339
f 1386//2340 1387//2340 1069//2340
f 1387//2341 1388//2341 1070//2341
f 1070//2342 1388//2342 1071//2342
f 1071//2343 1389//2343 1072//2343
f 1388//2344 1389//2344 1071//2344
f 1389//2345 1390//2345 1072//2345
f 1072//2346 1390//2346 1073//2346
f 1073//2347 1391//2347 1074//2347
f 1390//2348 1391//2348 1073//2348
f 1074//2349 1392//2349 1075//2349
f 1391//2350 1392//2350 1074//2350
f 1075//2351 1393//2351 1076//2351
f 1392//2352 1393//2352 1075//2352
f 1393//2353 1394//2353 1076//2353
f 1076//2354 1394//2354 1077//2354
f 1077//2355 1395//2355 1078//2355
f 1394//2356 1395//2356 1077//2356
f 1078//2357 1396//2357 1079//2357
f 1395//2358 1396//2358 1078//2358
f 1079//2359 1397//2359 1080//2359
f 1396//2360 1397//2360 1079//2360
f 1080//2361 1398//2361 1081//2361
f 1397//2362 1398//2362 1080//2362
f 1081//2363 1399//2363 1082//2363
f 1398//2364 1399//2364 1081//2364
f 1082//2365 1400//2365 1083//2365
f 1399//2366 1400//2366 1082//2366
f 1083//2367 1401//2367 1084//2367
f 1400//2368 1401//2368 1083//2368
f 1084//2369 1402//2369 1085//2369
f 1401//2370 1402//2370 1084//2370
f 1085//2371 1403//2371 1086//2371
f 1402//2372 1403//2372 1085//2372
f 1086//2373 1404//2373 1087//2373
f 1403//2374 1404//2374 1086//2374
f 1087//2375 1405//2375 1088//2375
f 1404//2376 1405//2376 1087//2376
f 1088//2377 1406//2377 1089//2377
f 1405//2378 1406//2378 1088//2378
f 1089//2379 1407//2379 1090//2379
f 1406//2380 1407//2380 1089//2380
f 1407//2381 1408//2381 1090//2381
f 1090//2382 1408//2382 1091//2382
f 1408//2383 1409//2383 1091//2383
f 1091//2384 1409//2384 1092//2384
f 1409//2385 1410//2385 1092//2385
f 1092//2386 1410//2386 1093//2386
f 1410//2387 1411//2387 1093//2387
f 1093//2388 1411//2388 1094//2388
f 1411//2389 1412//2389 1094//2389
f 1094//2390 1412//2390 1095//2390
f 1412//2391 1413//2391 1095//2391
f 1095//2392 1413//2392 1096//2392
f 1413//2393 1414//2393 1096//2393
f 1096//2394 1414//2394 1097//2394
f 1097//2395 1415//2395 1098//2395
f 1414//2396 1415//2396 1097//2396
f 1415//2397 1416//2397 1098//2397
f 1098//2398 1416//2398 1099//2398
f 1416//2399 1417//2399 1099//2399
f 1099//2400 1417//2400 1100//2400
f 1417//2401 1418//2401 1100//2401
f 1100//2402 1418//2402 1101//2402
f 1101//2403 1419//2403 1102//2403
f 1418//2404 1419//2404 1101//2404
f 1419//2405 1420//2405 1102//2405
f 1102//2406 1420//2406 1103//2406
f 1420//2407 1421//2407 1103//2407
f 1103//2408 1421//2408 1104//2408
f 1421//2409 1422//2409 1104//2409
f 1104//2410 1422//2410 1105//2410
f 1422//2411 1423//2411 1105//2411
f 1105//2412 1423//2412 1106//2412
f 1423//2413 1424//2413 1106//2413
f 1106//2414 1424//2414 1107//2414
f 1424//2415 1425//2415 1107//2415
f 1107//2416 1425//2416 1108//2416
f 1425//2417 1426//2417 1108//2417
f 1108//2418 1426//2418 1109//2418
f 1426//2419 1427//2419 1109//2419
f 1109//2420 1427//2420 1110//2420
f 1427//2421 1428//2421 1110//2421
f 1110//2422 1428//2422 1111//2422
f 1428//2423 1429//2423 1111//2423
f 1111//2424 1429//2424 1112//2424
f 1429//2425 1430//2425 1112//2425
f 1112//2426 1430//2426 1113//2426
f 1430//2427 1431//2427 1113//2427
f 1113//2428 1431//2428 1114//2428
f 1431//2429 1432//2429 1114//2429
f 1114//2430 1432//2430 1115//2430
f 1432//2431 1433//2431 1115//2431
f 1115//2432 1433//2432 1116//2432
f 1018//2433 1434//2433 1019//2433
f 1019//2434 1434//2434 1020//2434
f 1020//2435 1434//2435 1021//2435
f 1021//2436 1434//2436 1022//2436
f 1022//2437 1434//2437 1023//2437
f 1023//2438 1434//2438 1024//2438
f 1024//2439 1434//2439 1025//2439
f 1025//2440 1434//2440 1026//2440
f 1026//2441 1434//2441 1027//2441
f 1027//2442 1434//2442 1028//2442
f 1028//2443 1434//2443 1029//2443
f 1029//2444 1434//2444 1030//2444
f 1030//2445 1434//2445 1031//2445
f 1031//2446 1434//2446 1032//2446
f 1032//2447 1434//2447 1033//2447
f 1006//2448 1434//2448 1007//2448
f 1007//2449 1434//2449 1008//2449
f 1008//2450 1434//2450 1009//2450
f 1009//2451 1434//2451 1010//2451
f 1010//2452 1434//2452 1011//2452
f 1011//2453 1434//2453 1012//2453
f 1012//2454 1434//2454 1013//2454
f 1013//2455 1434//2455 1014//2455
f 1014//2456 1434//2456 1015//2456
f 1015//2457 1434//2457 1016//2457
f 1016//2458 1434//2458 1017//2458
f 1033//2459 1434//2459 1381//2459
f 1017//2460 1434//2460 1018//2460
f 1433//2461 1435//2461 1116//2461
f 1116//2462 1435//2462 1117//2462
f 1006//2463 1436//2463 1434//2463
f 1005//2464 1436//2464 1006//2464
f 1435//2465 1437//2465 1117//2465
f 1437//2466 1118//2466 1117//2466
f 1005//2467 1438//2467 1436//2467
f 1005//2468 1004//2468 1438//2468
f 1437//2469 1439//2469 1118//2469
f 1004//2470 1440//2470 1438//2470
f 1439//2471 1119//2471 1118//2471
f 1441//2472 1119//2472 1439//2472
f 1004//2473 1003//2473 1440//2473
f 1440//2474 1003//2474 1442//2474
f 1441//2475 1120//2475 1119//2475
f 1443//2476 1120//2476 1441//2476
f 1003//2477 1002//2477 1442//2477
f 1442//2478 1002//2478 1444//2478
f 1443//2479 1121//2479 1120//2479
f 1445//2480 1121//2480 1443//2480
f 1002//2481 1001//2481 1444//2481
f 1444//2482 1001//2482 1446//2482
f 1445//2483 1122//2483 1121//2483
f 1001//2484 1000//2484 1446//2484
f 1446//2485 1000//2485 1447//2485
f 1445//2486 1123//2486 1122//2486
f 1000//2487 999//2487 1447//2487
f 1447//2488 999//2488 1448//2488
f 1445//2489 1124//2489 1123//2489
f 999//2490 998//2490 1448//2490
f 1448//2491 998//2491 1449//2491
f 1445//2492 1125//2492 1124//2492
f 1449//2493 997//2493 1450//2493
f 998//2494 997//2494 1449//2494
f 1445//2495 1126//2495 1125//2495
f 1450//2496 996//2496 1451//2496
f 997//2497 996//2497 1450//2497
f 1445//2498 1127//2498 1126//2498
f 1451//2499 995//2499 1452//2499
f 996//2500 995//2500 1451//2500
f 1445//2501 1128//2501 1127//2501
f 1452//2502 994//2502 1453//2502
f 995//2503 994//2503 1452//2503
f 1445//2504 1129//2504 1128//2504
f 1453//2505 993//2505 1454//2505
f 994//2506 993//2506 1453//2506
f 1445//2507 1130//2507 1129//2507
f 1454//2508 992//2508 1455//2508
f 993//2509 992//2509 1454//2509
f 1445//2510 1131//2510 1130//2510
f 1455//2511 991//2511 1456//2511
f 992//2512 991//2512 1455//2512
f 1445//2513 1132//2513 1131//2513
f 1456//2514 990//2514 1457//2514
f 991//2515 990//2515 1456//2515
f 1445//2516 1133//2516 1132//2516
f 1457//2517 989//2517 1458//2517
f 990//2518 989//2518 1457//2518
f 1445//2519 1134//2519 1133//2519
f 1458//2520 988//2520 1459//2520
f 989//2521 988//2521 1458//2521
f 1445//2522 1135//2522 1134//2522
f 1459//2523 987//2523 1460//2523
f 988//2524 987//2524 1459//2524
f 1445//2525 1136//2525 1135//2525
f 1460//2526 986//2526 1461//2526
f 987//2527 986//2527 1460//2527
f 1445//2528 1137//2528 1136//2528
f 1461//2529 985//2529 1462//2529
f 986//2530 985//2530 1461//2530
f 1445//2531 1138//2531 1137//2531
f 1462//2532 984//2532 1463//2532
f 985//2533 984//2533 1462//2533
f 1445//2534 1139//2534 1138//2534
f 1463//2535 983//2535 1464//2535
f 984//2536 983//2536 1463//2536
f 1445//2537 1140//2537 1139//2537
f 1464//2538 982//2538 1465//2538
f 983//2539 982//2539 1464//2539
f 1445//2540 1141//2540 1140//2540
f 1465//2541 981//2541 1466//2541
f 982//2542 981//2542 1465//2542
f 1445//2543 1142//2543 1141//2543
f 1466//2544 980//2544 1467//2544
f 981//2545 980//2545 1466//2545
f 1445//2546 1143//2546 1142//2546
f 1467//2547 979//2547 1468//2547
f 980//2548 979//2548 1467//2548
f 1445//2549 1144//2549 1143//2549
f 1468//2550 978//2550 1469//2550
f 979//2551 978//2551 1468//2551
f 1445//2552 1145//2552 1144//2552
f 1469//2553 977//2553 1470//2553
f 978//2554 977//2554 1469//2554
f 1445//2555 1146//2555 1145//2555
f 1470//2556 976//2556 1471//2556
f 977//2557 976//2557 1470//2557
f 1445//2558 918//2558 1146//2558
f 1472//2559 918//2559 1445//2559
f 1471//2560 975//2560 1473//2560
f 976//2561 975//2561 1471//2561
f 1472//2562 919//2562 918//2562
f 1473//2563 974//2563 1474//2563
f 975//2564 974//2564 1473//2564
f 1472//2565 920//2565 919//2565
f 1474//2566 973//2566 1475//2566
f 974//2567 973//2567 1474//2567
f 1472//2568 921//2568 920//2568
f 1475//2569 972//2569 1476//2569
f 973//2570 972//2570 1475//2570
f 1472//2571 922//2571 921//2571
f 972//2572 971//2572 1476//2572
f 1476//2573 971//2573 1477//2573
f 1472//2574 923//2574 922//2574
f 1477//2575 970//2575 1478//2575
f 971//2576 970//2576 1477//2576
f 1472//2577 924//2577 923//2577
f 1478//2578 969//2578 1479//2578
f 970//2579 969//2579 1478//2579
f 1472//2580 925//2580 924//2580
f 1479//2581 968//2581 1480//2581
f 969//2582 968//2582 1479//2582
f 1472//2583 926//2583 925//2583
f 1480//2584 967//2584 1481//2584
f 968//2585 967//2585 1480//2585
f 1472//2586 927//2586 926//2586
f 1481//2587 966//2587 1482//2587
f 967//2588 966//2588 1481//2588
f 1472//2589 928//2589 927//2589
f 1482//2590 965//2590 1483//2590
f 966//2591 965//2591 1482//2591
f 1472//2592 929//2592 928//2592
f 1483//2593 964//2593 1484//2593
f 965//2594 964//2594 1483//2594
f 1472//2595 930//2595 929//2595
f 1484//2596 963//2596 1485//2596
f 964//2597 963//2597 1484//2597
f 1472//2598 931//2598 930//2598
f 1485//2599 962//2599 1486//2599
f 963//2600 962//2600 1485//2600
f 1472//2601 932//2601 931//2601
f 1486//2602 961//2602 1487//2602
f 962//2603 961//2603 1486//2603
f 1472//2604 933//2604 932//2604
f 961//2605 960//2605 1487//2605
f 1487//2606 960//2606 1488//2606
f 1472//2607 934//2607 933//2607
f 1488//2608 959//2608 1489//2608
f 960//2609 959//2609 1488//2609
f 1472//2610 935//2610 934//2610
f 959//2611 958//2611 1489//2611
f 1489//2612 958//2612 1490//2612
f 1472//2613 936//2613 935//2613
f 958//2614 957//2614 1490//2614
f 1490//2615 957//2615 1491//2615
f 1472//2616 937//2616 936//2616
f 957//2617 956//2617 1491//2617
f 1491//2618 956//2618 1492//2618
f 1472//2619 938//2619 937//2619
f 956//2620 955//2620 1492//2620
f 1492//2621 955//2621 1493//2621
f 1472//2622 939//2622 938//2622
f 1493//2623 954//2623 1494//2623
f 955//2624 954//2624 1493//2624
f 1472//2625 940//2625 939//2625
f 1494//2626 953//2626 1495//2626
f 954//2627 953//2627 1494//2627
f 1472//2628 941//2628 940//2628
f 953//2629 952//2629 1495//2629
f 1495//2630 952//2630 1496//2630
f 1472//2631 942//2631 941//2631
f 1496//2632 951//2632 1497//2632
f 952//2633 951//2633 1496//2633
f 1472//2634 943//2634 942//2634
f 1497//2635 950//2635 1498//2635
f 951//2636 950//2636 1497//2636
f 1472//2637 944//2637 943//2637
f 1499//2638 944//2638 1472//2638
f 950//2639 949//2639 1498//2639
f 1498//2640 949//2640 1500//2640
f 1501//2641 945//2641 1499//2641
f 1499//2642 945//2642 944//2642
f 1500//2643 948//2643 1502//2643
f 949//2644 948//2644 1500//2644
f 1503//2645 946//2645 1501//2645
f 1501//2646 946//2646 945//2646
f 1503//2647 947//2647 946//2647
f 1502//2648 947//2648 1503//2648
f 948//2649 947//2649 1502//2649
f 1504//2650 1290//2650 1291//2650
f 1505//2651 1290//2651 1504//2651
f 1505//2652 1289//2652 1290//2652
f 1506//2653 1504//2653 1291//2653
f 1506//2654 1291//2654 1292//2654
f 1507//2655 1288//2655 1289//2655
f 1507//2656 1289//2656 1505//2656
f 1508//2657 1292//2657 1293//2657
f 1508//2658 1506//2658 1292//2658
f 1509//2659 1262//2659 1263//2659
f 1509//2660 1263//2660 1264//2660
f 1509//2661 1264//2661 1265//2661
f 1509//2662 1265//2662 1266//2662
f 1509//2663 1266//2663 1267//2663
f 1509//2664 1267//2664 1268//2664
f 1509//2665 1268//2665 1269//2665
f 1509//2666 1288//2666 1507//2666
f 1509//2667 1269//2667 1270//2667
f 1509//2668 1270//2668 1271//2668
f 1509//2669 1271//2669 1272//2669
f 1509//2670 1272//2670 1273//2670
f 1509//2671 1273//2671 1274//2671
f 1509//2672 1274//2672 1275//2672
f 1509//2673 1275//2673 1276//2673
f 1509//2674 1276//2674 1277//2674
f 1509//2675 1277//2675 1278//2675
f 1509//2676 1278//2676 1279//2676
f 1509//2677 1279//2677 1280//2677
f 1509//2678 1280//2678 1281//2678
f 1509//2679 1281//2679 1282//2679
f 1509//2680 1282//2680 1283//2680
f 1509//2681 1283//2681 1284//2681
f 1509//2682 1284//2682 1285//2682
f 1509//2683 1285//2683 1286//2683
f 1509//2684 1286//2684 1287//2684
f 1509//2685 1287//2685 1288//2685
f 1510//2686 1508//2686 1293//2686
f 1510//2687 1293//2687 1294//2687
f 1511//2688 1510//2688 1294//2688
f 1511//2689 1294//2689 1295//2689
f 1512//2690 1511//2690 1295//2690
f 1512//2691 1295//2691 1296//2691
f 1513//2692 1296//2692 1297//2692
f 1513//2693 1512//2693 1296//2693
f 1514//2694 1297//2694 1298//2694
f 1514//2695 1513//2695 1297//2695
f 1515//2696 1298//2696 1299//2696
f 1515//2697 1514//2697 1298//2697
f 1516//2698 1515//2698 1299//2698
f 1516//2699 1299//2699 1300//2699
f 1517//2700 1300//2700 1301//2700
f 1517//2701 1516//2701 1300//2701
f 1518//2702 1517//2702 1301//2702
f 1518//2703 1301//2703 1302//2703
f 1519//2704 1302//2704 1303//2704
f 1519//2705 1518//2705 1302//2705
f 1520//2706 1519//2706 1303//2706
f 1520//2707 1303//2707 1304//2707
f 1521//2708 1304//2708 1305//2708
f 1521//2709 1520//2709 1304//2709
f 1522//2710 1521//2710 1305//2710
f 1522//2711 1305//2711 1306//2711
f 1523//2712 1306//2712 1307//2712
f 1523//2713 1522//2713 1306//2713
f 1524//2714 1523//2714 1307//2714
f 1524//2715 1307//2715 1308//2715
f 1525//2716 1308//2716 1309//2716
f 1525//2717 1524//2717 1308//2717
f 1526//2718 1309//2718 1310//2718
f 1526//2719 1525//2719 1309//2719
f 1527//2720 1526//2720 1310//2720
f 1527//2721 1310//2721 1311//2721
f 1528//2722 1527//2722 1311//2722
f 1528//2723 1311//2723 1312//2723
f 1529//2724 1312//2724 1313//2724
f 1529//2725 1528//2725 1312//2725
f 1530//2726 1529//2726 1313//2726
f 1530//2727 1313//2727 1314//2727
f 1531//2728 1530//2728 1314//2728
f 1531//2729 1314//2729 1315//2729
f 1532//2730 1531//2730 1315//2730
f 1532//2731 1315//2731 1316//2731
f 1533//2732 1532//2732 1316//2732
f 1533//2733 1316//2733 1317//2733
f 1534//2734 1317//2734 1318//2734
f 1534//2735 1533//2735 1317//2735
f 1535//2736 1318//2736 1319//2736
f 1535//2737 1534//2737 1318//2737
f 1536//2738 1319//2738 1320//2738
f 1536//2739 1535//2739 1319//2739
f 1537//2740 1536//2740 1320//2740
f 1537//2741 1320//2741 1321//2741
f 1538//2742 1537//2742 1321//2742
f 1538//2743 1321//2743 1322//2743
f 1539//2744 1322//2744 1323//2744
f 1539//2745 1538//2745 1322//2745
f 1540//2746 1323//2746 1324//2746
f 1540//2747 1539//2747 1323//2747
f 1541//2748 1540//2748 1324//2748
f 1541//2749 1324//2749 1325//2749
f 1542//2750 1325//2750 1326//2750
f 1542//2751 1541//2751 1325//2751
f 1543//2752 1326//2752 1327//2752
f 1543//2753 1542//2753 1326//2753
f 1544//2754 1543//2754 1327//2754
f 1544//2755 1327//2755 1328//2755
f 1545//2756 1544//2756 1328//2756
f 1545//2757 1328//2757 1329//2757
f 1546//2758 1545//2758 1329//2758
f 1546//2759 1329//2759 1330//2759
f 1547//2760 1546//2760 1330//2760
f 1547//2761 1330//2761 1331//2761
f 1548//2762 1547//2762 1331//2762
f 1548//2763 1331//2763 1332//2763
f 1549//2764 1332//2764 1333//2764
f 1549//2765 1548//2765 1332//2765
f 1550//2766 1549//2766 1333//2766
f 1550//2767 1333//2767 1334//2767
f 1551//2768 1550//2768 1334//2768
f 1551//2769 1334//2769 1335//2769
f 1552//2770 1551//2770 1335//2770
f 1552//2771 1335//2771 1336//2771
f 1553//2772 1552//2772 1336//2772
f 1553//2773 1336//2773 1337//2773
f 1554//2774 1553//2774 1337//2774
f 1554//2775 1337//2775 1338//2775
f 1555//2776 1554//2776 1338//2776
f 1555//2777 1338//2777 1339//2777
f 1556//2778 1555//2778 1339//2778
f 1556//2779 1339//2779 1340//2779
f 1557//2780 1556//2780 1340//2780
f 1557//2781 1340//2781 1341//2781
f 1558//2782 1557//2782 1341//2782
f 1558//2783 1341//2783 1342//2783
f 1559//2784 1558//2784 1342//2784
f 1559//2785 1342//2785 1343//2785
f 1560//2786 1559//2786 1343//2786
f 1560//2787 1343//2787 1344//2787
f 1561//2788 1560//2788 1344//2788
f 1561//2789 1344//2789 1345//2789
f 1562//2790 1247//2790 1248//2790
f 1562//2791 1248//2791 1249//2791
f 1562//2792 1249//2792 1250//2792
f 1562//2793 1250//2793 1251//2793
f 1562//2794 1251//2794 1252//2794
f 1562//2795 1252//2795 1253//2795
f 1562//2796 1253//2796 1254//2796
f 1562//2797 1254//2797 1255//2797
f 1562//2798 1255//2798 1256//2798
f 1562//2799 1256//2799 1257//2799
f 1562//2800 1257//2800 1258//2800
f 1562//2801 1258//2801 1259//2801
f 1562//2802 1259//2802 1260//2802
f 1562//2803 1260//2803 1261//2803
f 1562//2804 1261//2804 1262//2804
f 1562//2805 1262//2805 1509//2805
f 1562//2806 1235//2806 1236//2806
f 1562//2807 1236//2807 1237//2807
f 1562//2808 1237//2808 1238//2808
f 1562//2809 1238//2809 1239//2809
f 1562//2810 1239//2810 1240//2810
f 1562//2811 1240//2811 1241//2811
f 1562//2812 1241//2812 1242//2812
f 1562//2813 1242//2813 1243//2813
f 1562//2814 1243//2814 1244//2814
f 1562//2815 1244//2815 1245//2815
f 1562//2816 1245//2816 1246//2816
f 1562//2817 1246//2817 1247//2817
f 1563//2818 1561//2818 1345//2818
f 1563//2819 1345//2819 1346//2819
f 1564//2820 1235//2820 1562//2820
f 1564//2821 1234//2821 1235//2821
f 1565//2822 1563//2822 1346//2822
f 1566//2823 1234//2823 1564//2823
f 1347//2824 1565//2824 1346//2824
f 1567//2825 1565//2825 1347//2825
f 1233//2826 1234//2826 1566//2826
f 1568//2827 1233//2827 1566//2827
f 1348//2828 1569//2828 1567//2828
f 1348//2829 1567//2829 1347//2829
f 1232//2830 1233//2830 1568//2830
f 1232//2831 1568//2831 1570//2831
f 1349//2832 1569//2832 1348//2832
f 1349//2833 1571//2833 1569//2833
f 1231//2834 1232//2834 1570//2834
f 1231//2835 1570//2835 1572//2835
f 1350//2836 1573//2836 1571//2836
f 1350//2837 1571//2837 1349//2837
f 1230//2838 1231//2838 1572//2838
f 1230//2839 1572//2839 1574//2839
f 1351//2840 1573//2840 1350//2840
f 1229//2841 1230//2841 1574//2841
f 1229//2842 1574//2842 1575//2842
f 1352//2843 1573//2843 1351//2843
f 1228//2844 1229//2844 1575//2844
f 1228//2845 1575//2845 1576//2845
f 1353//2846 1573//2846 1352//2846
f 1227//2847 1228//2847 1576//2847
f 1227//2848 1576//2848 1577//2848
f 1354//2849 1573//2849 1353//2849
f 1226//2850 1577//2850 1578//2850
f 1226//2851 1227//2851 1577//2851
f 1355//2852 1573//2852 1354//2852
f 1225//2853 1578//2853 1579//2853
f 1225//2854 1226//2854 1578//2854
f 1356//2855 1573//2855 1355//2855
f 1224//2856 1579//2856 1580//2856
f 1224//2857 1225//2857 1579//2857
f 1357//2858 1573//2858 1356//2858
f 1223//2859 1580//2859 1581//2859
f 1223//2860 1224//2860 1580//2860
f 1358//2861 1573//2861 1357//2861
f 1222//2862 1581//2862 1582//2862
f 1222//2863 1223//2863 1581//2863
f 1359//2864 1573//2864 1358//2864
f 1221//2865 1582//2865 1583//2865
f 1221//2866 1222//2866 1582//2866
f 1360//2867 1573//2867 1359//2867
f 1220//2868 1221//2868 1583//2868
f 1220//2869 1583//2869 1584//2869
f 1361//2870 1573//2870 1360//2870
f 1219//2871 1584//2871 1585//2871
f 1219//2872 1220//2872 1584//2872
f 1362//2873 1573//2873 1361//2873
f 1218//2874 1585//2874 1586//2874
f 1218//2875 1219//2875 1585//2875
f 1363//2876 1573//2876 1362//2876
f 1217//2877 1586//2877 1587//2877
f 1217//2878 1218//2878 1586//2878
f 1364//2879 1573//2879 1363//2879
f 1216//2880 1587//2880 1588//2880
f 1216//2881 1217//2881 1587//2881
f 1365//2882 1573//2882 1364//2882
f 1215//2883 1588//2883 1589//2883
f 1215//2884 1216//2884 1588//2884
f 1366//2885 1573//2885 1365//2885
f 1214//2886 1589//2886 1590//2886
f 1214//2887 1215//2887 1589//2887
f 1367//2888 1573//2888 1366//2888
f 1213//2889 1590//2889 1591//2889
f 1213//2890 1214//2890 1590//2890
f 1368//2891 1573//2891 1367//2891
f 1212//2892 1591//2892 1592//2892
f 1212//2893 1213//2893 1591//2893
f 1369//2894 1573//2894 1368//2894
f 1211//2895 1592//2895 1593//2895
f 1211//2896 1212//2896 1592//2896
f 1370//2897 1573//2897 1369//2897
f 1210//2898 1593//2898 1594//2898
f 1210//2899 1211//2899 1593//2899
f 1371//2900 1573//2900 1370//2900
f 1209//2901 1210//2901 1594//2901
f 1209//2902 1594//2902 1595//2902
f 1372//2903 1573//2903 1371//2903
f 1208//2904 1595//2904 1596//2904
f 1208//2905 1209//2905 1595//2905
f 1373//2906 1573//2906 1372//2906
f 1207//2907 1208//2907 1596//2907
f 1207//2908 1596//2908 1597//2908
f 1374//2909 1573//2909 1373//2909
f 1206//2910 1207//2910 1597//2910
f 1206//2911 1597//2911 1598//2911
f 1375//2912 1573//2912 1374//2912
f 1205//2913 1206//2913 1598//2913
f 1205//2914 1598//2914 1599//2914
f 1147//2915 1573//2915 1375//2915
f 1147//2916 1600//2916 1573//2916
f 1204//2917 1599//2917 1601//2917
f 1204//2918 1205//2918 1599//2918
f 1148//2919 1600//2919 1147//2919
f 1203//2920 1204//2920 1601//2920
f 1203//2921 1601//2921 1602//2921
f 1149//2922 1600//2922 1148//2922
f 1202//2923 1602//2923 1603//2923
f 1202//2924 1203//2924 1602//2924
f 1150//2925 1600//2925 1149//2925
f 1201//2926 1202//2926 1603//2926
f 1201//2927 1603//2927 1604//2927
f 1151//2928 1600//2928 1150//2928
f 1200//2929 1604//2929 1605//2929
f 1200//2930 1201//2930 1604//2930
f 1152//2931 1600//2931 1151//2931
f 1199//2932 1200//2932 1605//2932
f 1199//2933 1605//2933 1606//2933
f 1153//2934 1600//2934 1152//2934
f 1198//2935 1606//2935 1607//2935
f 1198//2936 1199//2936 1606//2936
f 1154//2937 1600//2937 1153//2937
f 1197//2938 1607//2938 1608//2938
f 1197//2939 1198//2939 1607//2939
f 1155//2940 1600//2940 1154//2940
f 1196//2941 1608//2941 1609//2941
f 1196//2942 1197//2942 1608//2942
f 1156//2943 1600//2943 1155//2943
f 1195//2944 1609//2944 1610//2944
f 1195//2945 1196//2945 1609//2945
f 1157//2946 1600//2946 1156//2946
f 1194//2947 1610//2947 1611//2947
f 1194//2948 1195//2948 1610//2948
f 1158//2949 1600//2949 1157//2949
f 1193//2950 1611//2950 1612//2950
f 1193//2951 1194//2951 1611//2951
f 1159//2952 1600//2952 1158//2952
f 1192//2953 1612//2953 1613//2953
f 1192//2954 1193//2954 1612//2954
f 1160//2955 1600//2955 1159//2955
f 1191//2956 1613//2956 1614//2956
f 1191//2957 1192//2957 1613//2957
f 1161//2958 1600//2958 1160//2958
f 1190//2959 1614//2959 1615//2959
f 1190//2960 1191//2960 1614//2960
f 1162//2961 1600//2961 1161//2961
f 1189//2962 1615//2962 1616//2962
f 1189//2963 1190//2963 1615//2963
f 1163//2964 1600//2964 1162//2964
f 1188//2965 1189//2965 1616//2965
f 1188//2966 1616//2966 1617//2966
f 1164//2967 1600//2967 1163//2967
f 1187//2968 1617//2968 1618//2968
f 1187//2969 1188//2969 1617//2969
f 1165//2970 1600//2970 1164//2970
f 1186//2971 1618//2971 1619//2971
f 1186//2972 1187//2972 1618//2972
f 1166//2973 1600//2973 1165//2973
f 1185//2974 1186//2974 1619//2974
f 1185//2975 1619//2975 1620//2975
f 1167//2976 1600//2976 1166//2976
f 1184//2977 1620//2977 1621//2977
f 1184//2978 1185//2978 1620//2978
f 1168//2979 1600//2979 1167//2979
f 1183//2980 1184//2980 1621//2980
f 1183//2981 1621//2981 1622//2981
f 1169//2982 1600//2982 1168//2982
f 1182//2983 1183//2983 1622//2983
f 1182//2984 1622//2984 1623//2984
f 1170//2985 1600//2985 1169//2985
f 1181//2986 1182//2986 1623//2986
f 1181//2987 1623//2987 1624//2987
f 1171//2988 1600//2988 1170//2988
f 1180//2989 1624//2989 1625//2989
f 1180//2990 1181//2990 1624//2990
f 1172//2991 1600//2991 1171//2991
f 1179//2992 1625//2992 1626//2992
f 1179//2993 1180//2993 1625//2993
f 1173//2994 1600//2994 1172//2994
f 1173//2995 1627//2995 1600//2995
f 1178//2996 1626//2996 1628//2996
f 1178//2997 1179//2997 1626//2997
f 1174//2998 1629//2998 1627//2998
f 1174//2999 1627//2999 1173//2999
f 1177//3000 1628//3000 1630//3000
f 1177//3001 1178//3001 1628//3001
f 1175//3002 1631//3002 1629//3002
f 1175//3003 1629//3003 1174//3003
f 1176//3004 1630//3004 1631//3004
f 1176//3005 1631//3005 1175//3005
f 1176//3006 1177//3006 1630//3006
f 1379//3007 1381//3007 1509//3007
f 1379//3008 1509//3008 1507//3008
f 1377//3009 1379//3009 1507//3009
f 1377//3010 1507//3010 1505//3010
f 1376//3011 1377//3011 1505//3011
f 1376//3012 1505//3012 1504//3012
f 1378//3013 1376//3013 1504//3013
f 1378//3014 1504//3014 1506//3014
f 1380//3015 1378//3015 1506//3015
f 1380//3016 1506//3016 1508//3016
f 1382//3017 1508//3017 1510//3017
f 1382//3018 1380//3018 1508//3018
f 1383//3019 1511//3019 1512//3019
f 1383//3020 1510//3020 1511//3020
f 1383//3021 1382//3021 1510//3021
f 1384//3022 1383//3022 1512//3022
f 1385//3023 1512//3023 1513//3023
f 1385//3024 1384//3024 1512//3024
f 1386//3025 1514//3025 1515//3025
f 1386//3026 1513//3026 1514//3026
f 1386//3027 1385//3027 1513//3027
f 1387//3028 1386//3028 1515//3028
f 1388//3029 1515//3029 1516//3029
f 1388//3030 1387//3030 1515//3030
f 1389//3031 1516//3031 1517//3031
f 1389//3032 1388//3032 1516//3032
f 1390//3033 1517//3033 1518//3033
f 1390//3034 1389//3034 1517//3034
f 1391//3035 1518//3035 1519//3035
f 1391//3036 1390//3036 1518//3036
f 1392//3037 1519//3037 1520//3037
f 1392//3038 1391//3038 1519//3038
f 1393//3039 1520//3039 1521//3039
f 1393//3040 1392//3040 1520//3040
f 1394//3041 1393//3041 1521//3041
f 1394//3042 1521//3042 1522//3042
f 1395//3043 1394//3043 1522//3043
f 1395//3044 1522//3044 1523//3044
f 1396//3045 1395//3045 1523//3045
f 1396//3046 1523//3046 1524//3046
f 1397//3047 1396//3047 1524//3047
f 1397//3048 1524//3048 1525//3048
f 1398//3049 1397//3049 1525//3049
f 1398//3050 1525//3050 1526//3050
f 1399//3051 1398//3051 1526//3051
f 1399//3052 1527//3052 1528//3052
f 1399//3053 1526//3053 1527//3053
f 1400//3054 1399//3054 1528//3054
f 1401//3055 1400//3055 1528//3055
f 1401//3056 1529//3056 1530//3056
f 1401//3057 1528//3057 1529//3057
f 1402//3058 1401//3058 1530//3058
f 1403//3059 1530//3059 1531//3059
f 1403//3060 1402//3060 1530//3060
f 1404//3061 1532//3061 1533//3061
f 1404//3062 1531//3062 1532//3062
f 1404//3063 1403//3063 1531//3063
f 1405//3064 1404//3064 1533//3064
f 1406//3065 1533//3065 1534//3065
f 1406//3066 1405//3066 1533//3066
f 1407//3067 1534//3067 1535//3067
f 1407//3068 1406//3068 1534//3068
f 1408//3069 1535//3069 1536//3069
f 1408//3070 1407//3070 1535//3070
f 1409//3071 1536//3071 1537//3071
f 1409//3072 1408//3072 1536//3072
f 1410//3073 1537//3073 1538//3073
f 1410//3074 1409//3074 1537//3074
f 1411//3075 1538//3075 1539//3075
f 1411//3076 1410//3076 1538//3076
f 1412//3077 1539//3077 1540//3077
f 1412//3078 1411//3078 1539//3078
f 1413//3079 1540//3079 1541//3079
f 1413//3080 1412//3080 1540//3080
f 1414//3081 1541//3081 1542//3081
f 1414//3082 1413//3082 1541//3082
f 1415//3083 1542//3083 1543//3083
f 1415//3084 1414//3084 1542//3084
f 1416//3085 1544//3085 1545//3085
f 1416//3086 1543//3086 1544//3086
f 1416//3087 1415//3087 1543//3087
f 1417//3088 1416//3088 1545//3088
f 1418//3089 1417//3089 1545//3089
f 1418//3090 1545//3090 1546//3090
f 1419//3091 1418//3091 1546//3091
f 1419//3092 1546//3092 1547//3092
f 1420//3093 1419//3093 1547//3093
f 1420//3094 1548//3094 1549//3094
f 1420//3095 1547//3095 1548//3095
f 1421//3096 1420//3096 1549//3096
f 1422//3097 1421//3097 1549//3097
f 1422//3098 1549//3098 1550//3098
f 1423//3099 1551//3099 1552//3099
f 1423//3100 1550//3100 1551//3100
f 1423//3101 1422//3101 1550//3101
f 1424//3102 1423//3102 1552//3102
f 1425//3103 1552//3103 1553//3103
f 1425//3104 1424//3104 1552//3104
f 1426//3105 1554//3105 1555//3105
f 1426//3106 1553//3106 1554//3106
f 1426//3107 1425//3107 1553//3107
f 1427//3108 1426//3108 1555//3108
f 1428//3109 1555//3109 1556//3109
f 1428//3110 1427//3110 1555//3110
f 1429//3111 1556//3111 1557//3111
f 1429//3112 1428//3112 1556//3112
f 1430//3113 1558//3113 1559//3113
f 1430//3114 1557//3114 1558//3114
f 1430//3115 1429//3115 1557//3115
f 1431//3116 1559//3116 1560//3116
f 1431//3117 1430//3117 1559//3117
f 1432//3118 1431//3118 1560//3118
f 1433//3119 1560//3119 1561//3119
f 1433//3120 1432//3120 1560//3120
f 1435//3121 1561//3121 1563//3121
f 1435//3122 1433//3122 1561//3122
f 1437//3123 1565//3123 1567//3123
f 1437//3124 1563//3124 1565//3124
f 1437//3125 1435//3125 1563//3125
f 1439//3126 1437//3126 1567//3126
f 1441//3127 1567//3127 1569//3127
f 1441//3128 1439//3128 1567//3128
f 1443//3129 1571//3129 1573//3129
f 1443//3130 1569//3130 1571//3130
f 1443//3131 1441//3131 1569//3131
f 1445//3132 1443//3132 1573//3132
f 1445//3133 1573//3133 1472//3133
f 1472//3134 1573//3134 1600//3134
f 1472//3135 1600//3135 1627//3135
f 1499//3136 1472//3136 1627//3136
f 1501//3137 1627//3137 1629//3137
f 1501//3138 1499//3138 1627//3138
f 1503//3139 1629//3139 1631//3139
f 1503//3140 1501//3140 1629//3140
f 1502//3141 1631//3141 1630//3141
f 1502//3142 1503//3142 1631//3142
f 1500//3143 1630//3143 1628//3143
f 1500//3144 1502//3144 1630//3144
f 1498//3145 1628//3145 1626//3145
f 1498//3146 1500//3146 1628//3146
f 1497//3147 1626//3147 1625//3147
f 1497//3148 1498//3148 1626//3148
f 1496//3149 1625//3149 1624//3149
f 1496//3150 1497//3150 1625//3150
f 1495//3151 1624//3151 1623//3151
f 1495//3152 1496//3152 1624//3152
f 1494//3153 1623//3153 1622//3153
f 1494//3154 1495//3154 1623//3154
f 1493//3155 1622//3155 1621//3155
f 1493//3156 1494//3156 1622//3156
f 1492//3157 1621//3157 1620//3157
f 1492//3158 1493//3158 1621//3158
f 1491//3159 1620//3159 1619//3159
f 1491//3160 1492//3160 1620//3160
f 1490//3161 1619//3161 1618//3161
f 1490//3162 1491//3162 1619//3162
f 1489//3163 1618//3163 1617//3163
f 1489//3164 1490//3164 1618//3164
f 1488//3165 1617//3165 1616//3165
f 1488//3166 1489//3166 1617//3166
f 1487//3167 1616//3167 1615//3167
f 1487//3168 1488//3168 1616//3168
f 1486//3169 1487//3169 1615//3169
f 1486//3170 1614//3170 1613//3170
f 1486//3171 1615//3171 1614//3171
f 1485//3172 1486//3172 1613//3172
f 1484//3173 1613//3173 1612//3173
f 1484//3174 1485//3174 1613//3174
f 1483//3175 1612//3175 1611//3175
f 1483//3176 1484//3176 1612//3176
f 1482//3177 1611//3177 1610//3177
f 1482//3178 1483//3178 1611//3178
f 1481//3179 1610//3179 1609//3179
f 1481//3180 1482//3180 1610//3180
f 1480//3181 1609//3181 1608//3181
f 1480//3182 1481//3182 1609//3182
f 1479//3183 1607//3183 1606//3183
f 1479//3184 1608//3184 1607//3184
f 1479//3185 1480//3185 1608//3185
f 1478//3186 1479//3186 1606//3186
f 1477//3187 1606//3187 1605//3187
f 1477//3188 1478//3188 1606//3188
f 1476//3189 1477//3189 1605//3189
f 1476//3190 1605//3190 1604//3190
f 1475//3191 1476//3191 1604//3191
f 1475//3192 1603//3192 1602//3192
f 1475//3193 1604//3193 1603//3193
f 1474//3194 1475//3194 1602//3194
f 1474//3195 1602//3195 1601//3195
f 1473//3196 1474//3196 1601//3196
f 1471//3197 1473//3197 1601//3197
f 1471//3198 1601//3198 1599//3198
f 1470//3199 1471//3199 1599//3199
f 1470//3200 1598//3200 1597//3200
f 1470//3201 1599//3201 1598//3201
f 1469//3202 1470//3202 1597//3202
f 1468//3203 1469//3203 1597//3203
f 1468//3204 1596//3204 1595//3204
f 1468//3205 1597//3205 1596//3205
f 1467//3206 1468//3206 1595//3206
f 1466//3207 1467//3207 1595//3207
f 1466//3208 1594//3208 1593//3208
f 1466//3209 1595//3209 1594//3209
f 1465//3210 1466//3210 1593//3210
f 1464//3211 1465//3211 1593//3211
f 1464//3212 1592//3212 1591//3212
f 1464//3213 1593//3213 1592//3213
f 1463//3214 1464//3214 1591//3214
f 1462//3215 1590//3215 1589//3215
f 1462//3216 1591//3216 1590//3216
f 1462//3217 1463//3217 1591//3217
f 1461//3218 1462//3218 1589//3218
f 1460//3219 1461//3219 1589//3219
f 1460//3220 1589//3220 1588//3220
f 1459//3221 1460//3221 1588//3221
f 1459//3222 1587//3222 1586//3222
f 1459//3223 1588//3223 1587//3223
f 1458//3224 1459//3224 1586//3224
f 1457//3225 1458//3225 1586//3225
f 1457//3226 1586//3226 1585//3226
f 1456//3227 1457//3227 1585//3227
f 1456//3228 1585//3228 1584//3228
f 1455//3229 1456//3229 1584//3229
f 1455//3230 1584//3230 1583//3230
f 1454//3231 1455//3231 1583//3231
f 1454//3232 1583//3232 1582//3232
f 1453//3233 1454//3233 1582//3233
f 1453//3234 1582//3234 1581//3234
f 1452//3235 1453//3235 1581//3235
f 1452//3236 1581//3236 1580//3236
f 1451//3237 1452//3237 1580//3237
f 1451//3238 1579//3238 1578//3238
f 1451//3239 1580//3239 1579//3239
f 1450//3240 1451//3240 1578//3240
f 1449//3241 1450//3241 1578//3241
f 1449//3242 1577//3242 1576//3242
f 1449//3243 1578//3243 1577//3243
f 1448//3244 1449//3244 1576//3244
f 1448//3245 1576//3245 1575//3245
f 1447//3246 1448//3246 1575//3246
f 1446//3247 1447//3247 1575//3247
f 1446//3248 1575//3248 1574//3248
f 1444//3249 1446//3249 1574//3249
f 1444//3250 1572//3250 1570//3250
f 1444//3251 1574//3251 1572//3251
f 1442//3252 1444//3252 1570//3252
f 1440//3253 1568//3253 1566//3253
f 1440//3254 1570//3254 1568//3254
f 1440//3255 1442//3255 1570//3255
f 1438//3256 1440//3256 1566//3256
f 1436//3257 1566//3257 1564//3257
f 1436//3258 1438//3258 1566//3258
f 1434//3259 1564//3259 1562//3259
f 1434//3260 1436//3260 1564//3260
f 1509//3261 1381//3261 1434//3261
f 1509//3262 1434//3262 1562//3262
