# Created by FreeCAD <http://www.freecad.org>
v 10.000000 -0.000000 10.000000
v 9.996236 0.274340 10.000000
v 10.000000 0.000000 10.500000
v 9.996236 0.274340 10.500000
v 9.984947 0.548474 10.000000
v 9.984947 0.548474 10.500000
v 9.966143 0.822196 10.000000
v 9.966143 0.822196 10.500000
v 9.939836 1.095298 10.000000
v 9.939836 1.095298 10.500000
v 9.906046 1.367575 10.000000
v 9.906046 1.367575 10.500000
v 9.864799 1.638824 10.000000
v 9.864799 1.638824 10.500000
v 9.816127 1.908838 10.000000
v 9.816127 1.908838 10.500000
v 9.760064 2.177416 10.000000
v 9.760064 2.177416 10.500000
v 9.696655 2.444354 10.000000
v 9.696655 2.444354 10.500000
v 9.625948 2.709453 10.000000
v 9.625948 2.709453 10.500000
v 9.547994 2.972512 10.000000
v 9.547994 2.972512 10.500000
v 9.462852 3.233333 10.000000
v 9.462852 3.233333 10.500000
v 9.370586 3.491720 10.000000
v 9.370586 3.491720 10.500000
v 9.271268 3.747479 10.000000
v 9.271268 3.747479 10.500000
v 9.164969 4.000417 10.000000
v 9.164969 4.000417 10.500000
v 9.051772 4.250344 10.000000
v 9.051772 4.250344 10.500000
v 8.931761 4.497071 10.000000
v 8.931761 4.497071 10.500000
v 8.805026 4.740412 10.000000
v 8.805026 4.740412 10.500000
v 8.671663 4.980186 10.000000
v 8.671663 4.980186 10.500000
v 8.531774 5.216210 10.000000
v 8.531774 5.216210 10.500000
v 8.385460 5.448308 10.000000
v 8.385460 5.448308 10.500000
v 8.232835 5.676304 10.000000
v 8.232835 5.676304 10.500000
v 8.074012 5.900028 10.000000
v 8.074012 5.900028 10.500000
v 7.909111 6.119310 10.500000
v 7.909111 6.119310 10.000000
v 7.738257 6.333986 10.000000
v 7.738257 6.333986 10.500000
v 7.561578 6.543893 10.000000
v 7.561578 6.543893 10.500000
v 7.379206 6.748875 10.000000
v 7.379206 6.748875 10.500000
v 7.191280 6.948776 10.000000
v 7.191280 6.948776 10.500000
v 6.997940 7.143447 10.000000
v 6.997940 7.143447 10.500000
v 6.799333 7.332740 10.000000
v 6.799333 7.332740 10.500000
v 6.595607 7.516513 10.000000
v 6.595607 7.516513 10.500000
v 6.386916 7.694628 10.000000
v 6.386916 7.694628 10.500000
v 6.173417 7.866951 10.000000
v 6.173417 7.866951 10.500000
v 5.955271 8.033352 10.000000
v 5.955271 8.033352 10.500000
v 5.732642 8.193706 10.000000
v 5.732642 8.193706 10.500000
v 5.505698 8.347891 10.000000
v 5.505698 8.347891 10.500000
v 5.274610 8.495792 10.000000
v 5.274610 8.495792 10.500000
v 5.039550 8.637299 10.000000
v 5.039550 8.637299 10.500000
v 4.800697 8.772304 10.000000
v 4.800697 8.772304 10.500000
v 4.558230 8.900704 10.000000
v 4.558230 8.900704 10.500000
v 4.312333 9.022405 10.000000
v 4.312333 9.022405 10.500000
v 4.063189 9.137314 10.000000
v 4.063189 9.137314 10.500000
v 3.810986 9.245344 10.000000
v 3.810986 9.245344 10.500000
v 3.555914 9.346416 10.000000
v 3.555914 9.346416 10.500000
v 3.298166 9.440451 10.000000
v 3.298166 9.440451 10.500000
v 3.037935 9.527379 10.000000
v 3.037935 9.527379 10.500000
v 2.775416 9.607136 10.000000
v 2.775416 9.607136 10.500000
v 2.510809 9.679661 10.500000
v 2.510809 9.679661 10.000000
v 2.244312 9.744900 10.000000
v 2.244312 9.744900 10.500000
v 1.976125 9.802802 10.000000
v 1.976125 9.802802 10.500000
v 1.706451 9.853326 10.000000
v 1.706451 9.853326 10.500000
v 1.435492 9.896432 10.000000
v 1.435492 9.896432 10.500000
v 1.163452 9.932088 10.000000
v 1.163452 9.932088 10.500000
v 0.890537 9.960268 10.000000
v 0.890537 9.960268 10.500000
v 0.616951 9.980950 10.000000
v 0.616951 9.980950 10.500000
v 0.342901 9.994120 10.000000
v 0.342901 9.994120 10.500000
v 0.068593 9.999764 10.500000
v 0.068593 9.999764 10.000000
v -0.205767 9.997883 10.000000
v -0.205767 9.997883 10.500000
v -0.479972 9.988475 10.000000
v -0.479972 9.988475 10.500000
v -0.753815 9.971548 10.500000
v -0.753815 9.971548 10.000000
v -1.027091 9.947114 10.000000
v -1.027091 9.947114 10.500000
v -1.299595 9.915194 10.000000
v -1.299595 9.915194 10.500000
v -1.571119 9.875808 10.000000
v -1.571119 9.875808 10.500000
v -1.841461 9.828989 10.500000
v -1.841461 9.828989 10.000000
v -2.110417 9.774771 10.000000
v -2.110417 9.774771 10.500000
v -2.377784 9.713194 10.000000
v -2.377784 9.713194 10.500000
v -2.643362 9.644306 10.500000
v -2.643362 9.644306 10.000000
v -2.906949 9.568158 10.000000
v -2.906949 9.568158 10.500000
v -3.168348 9.484807 10.000000
v -3.168348 9.484807 10.500000
v -3.427362 9.394317 10.000000
v -3.427362 9.394317 10.500000
v -3.683796 9.296755 10.000000
v -3.683796 9.296755 10.500000
v -3.937458 9.192194 10.000000
v -3.937458 9.192194 10.500000
v -4.188155 9.080713 10.000000
v -4.188155 9.080713 10.500000
v -4.435699 8.962398 10.000000
v -4.435699 8.962398 10.500000
v -4.679904 8.837336 10.000000
v -4.679904 8.837336 10.500000
v -4.920587 8.705621 10.500000
v -4.920587 8.705621 10.000000
v -5.157565 8.567352 10.000000
v -5.157565 8.567352 10.500000
v -5.390661 8.422634 10.000000
v -5.390661 8.422634 10.500000
v -5.619699 8.271577 10.500000
v -5.619699 8.271577 10.000000
v -5.844507 8.114292 10.000000
v -5.844507 8.114292 10.500000
v -6.064915 7.950900 10.500000
v -6.064915 7.950900 10.000000
v -6.280757 7.781522 10.000000
v -6.280757 7.781522 10.500000
v -6.491872 7.606287 10.000000
v -6.491872 7.606287 10.500000
v -6.698100 7.425325 10.000000
v -6.698100 7.425325 10.500000
v -6.899286 7.238775 10.000000
v -6.899286 7.238775 10.500000
v -7.095278 7.046775 10.000000
v -7.095278 7.046775 10.500000
v -7.285929 6.849470 10.500000
v -7.285929 6.849470 10.000000
v -7.471095 6.647010 10.500000
v -7.471095 6.647010 10.000000
v -7.650638 6.439546 10.000000
v -7.650638 6.439546 10.500000
v -7.824421 6.227234 10.000000
v -7.824421 6.227234 10.500000
v -7.992314 6.010234 10.000000
v -7.992314 6.010234 10.500000
v -8.154191 5.788711 10.000000
v -8.154191 5.788711 10.500000
v -8.309930 5.562829 10.500000
v -8.309930 5.562829 10.000000
v -8.459413 5.332761 10.000000
v -8.459413 5.332761 10.500000
v -8.602528 5.098678 10.500000
v -8.602528 5.098678 10.000000
v -8.739167 4.860756 10.000000
v -8.739167 4.860756 10.500000
v -8.869228 4.619176 10.000000
v -8.869228 4.619176 10.500000
v -8.992613 4.374119 10.500000
v -8.992613 4.374119 10.000000
v -9.109228 4.125769 10.500000
v -9.109228 4.125769 10.000000
v -9.218986 3.874313 10.500000
v -9.218986 3.874313 10.000000
v -9.321804 3.619940 10.000000
v -9.321804 3.619940 10.500000
v -9.417605 3.362843 10.000000
v -9.417605 3.362843 10.500000
v -9.506317 3.103214 10.500000
v -9.506317 3.103214 10.000000
v -9.587873 2.841249 10.000000
v -9.587873 2.841249 10.500000
v -9.662210 2.577146 10.000000
v -9.662210 2.577146 10.500000
v -9.729276 2.311102 10.000000
v -9.729276 2.311102 10.500000
v -9.789017 2.043319 10.500000
v -9.789017 2.043319 10.000000
v -9.841389 1.773998 10.000000
v -9.841389 1.773998 10.500000
v -9.886353 1.503341 10.000000
v -9.886353 1.503341 10.500000
v -9.923874 1.231552 10.500000
v -9.923874 1.231552 10.000000
v -9.953925 0.958837 10.000000
v -9.953925 0.958837 10.500000
v -9.976483 0.685399 10.500000
v -9.976483 0.685399 10.000000
v -9.991532 0.411446 10.500000
v -9.991532 0.411446 10.000000
v -9.999059 0.137183 10.000000
v -9.999059 0.137183 10.500000
v -9.999059 -0.137183 10.000000
v -9.999059 -0.137183 10.500000
v -9.991532 -0.411446 10.500000
v -9.991532 -0.411446 10.000000
v -9.976483 -0.685399 10.500000
v -9.976483 -0.685399 10.000000
v -9.953925 -0.958837 10.000000
v -9.953925 -0.958837 10.500000
v -9.923874 -1.231552 10.000000
v -9.923874 -1.231552 10.500000
v -9.886353 -1.503341 10.500000
v -9.886353 -1.503341 10.000000
v -9.841389 -1.773998 10.500000
v -9.841389 -1.773998 10.000000
v -9.789017 -2.043319 10.000000
v -9.789017 -2.043319 10.500000
v -9.729276 -2.311102 10.000000
v -9.729276 -2.311102 10.500000
v -9.662210 -2.577146 10.000000
v -9.662210 -2.577146 10.500000
v -9.587873 -2.841249 10.500000
v -9.587873 -2.841249 10.000000
v -9.506317 -3.103214 10.000000
v -9.506317 -3.103214 10.500000
v -9.417605 -3.362843 10.000000
v -9.417605 -3.362843 10.500000
v -9.321804 -3.619940 10.500000
v -9.321804 -3.619940 10.000000
v -9.218986 -3.874313 10.000000
v -9.218986 -3.874313 10.500000
v -9.109228 -4.125769 10.000000
v -9.109228 -4.125769 10.500000
v -8.992613 -4.374119 10.000000
v -8.992613 -4.374119 10.500000
v -8.869228 -4.619176 10.000000
v -8.869228 -4.619176 10.500000
v -8.739167 -4.860756 10.000000
v -8.739167 -4.860756 10.500000
v -8.602528 -5.098678 10.000000
v -8.602528 -5.098678 10.500000
v -8.459413 -5.332761 10.000000
v -8.459413 -5.332761 10.500000
v -8.309930 -5.562829 10.000000
v -8.309930 -5.562829 10.500000
v -8.154191 -5.788711 10.000000
v -8.154191 -5.788711 10.500000
v -7.992314 -6.010234 10.000000
v -7.992314 -6.010234 10.500000
v -7.824421 -6.227234 10.500000
v -7.824421 -6.227234 10.000000
v -7.650638 -6.439546 10.000000
v -7.650638 -6.439546 10.500000
v -7.471095 -6.647010 10.000000
v -7.471095 -6.647010 10.500000
v -7.285929 -6.849470 10.000000
v -7.285929 -6.849470 10.500000
v -7.095278 -7.046775 10.000000
v -7.095278 -7.046775 10.500000
v -6.899286 -7.238775 10.000000
v -6.899286 -7.238775 10.500000
v -6.698100 -7.425325 10.000000
v -6.698100 -7.425325 10.500000
v -6.491872 -7.606287 10.000000
v -6.491872 -7.606287 10.500000
v -6.280757 -7.781522 10.000000
v -6.280757 -7.781522 10.500000
v -6.064915 -7.950900 10.000000
v -6.064915 -7.950900 10.500000
v -5.844507 -8.114292 10.000000
v -5.844507 -8.114292 10.500000
v -5.619699 -8.271577 10.000000
v -5.619699 -8.271577 10.500000
v -5.390661 -8.422634 10.000000
v -5.390661 -8.422634 10.500000
v -5.157565 -8.567352 10.500000
v -5.157565 -8.567352 10.000000
v -4.920587 -8.705621 10.000000
v -4.920587 -8.705621 10.500000
v -4.679904 -8.837336 10.500000
v -4.679904 -8.837336 10.000000
v -4.435699 -8.962398 10.000000
v -4.435699 -8.962398 10.500000
v -4.188155 -9.080713 10.500000
v -4.188155 -9.080713 10.000000
v -3.937458 -9.192194 10.000000
v -3.937458 -9.192194 10.500000
v -3.683796 -9.296755 10.000000
v -3.683796 -9.296755 10.500000
v -3.427362 -9.394317 10.000000
v -3.427362 -9.394317 10.500000
v -3.168348 -9.484807 10.500000
v -3.168348 -9.484807 10.000000
v -2.906949 -9.568158 10.000000
v -2.906949 -9.568158 10.500000
v -2.643362 -9.644306 10.500000
v -2.643362 -9.644306 10.000000
v -2.377784 -9.713194 10.000000
v -2.377784 -9.713194 10.500000
v -2.110417 -9.774771 10.000000
v -2.110417 -9.774771 10.500000
v -1.841461 -9.828989 10.500000
v -1.841461 -9.828989 10.000000
v -1.571119 -9.875808 10.000000
v -1.571119 -9.875808 10.500000
v -1.299595 -9.915194 10.000000
v -1.299595 -9.915194 10.500000
v -1.027091 -9.947114 10.000000
v -1.027091 -9.947114 10.500000
v -0.753815 -9.971548 10.500000
v -0.753815 -9.971548 10.000000
v -0.479972 -9.988475 10.000000
v -0.479972 -9.988475 10.500000
v -0.205767 -9.997883 10.000000
v -0.205767 -9.997883 10.500000
v 0.068593 -9.999764 10.000000
v 0.068593 -9.999764 10.500000
v 0.342901 -9.994120 10.000000
v 0.342901 -9.994120 10.500000
v 0.616951 -9.980950 10.000000
v 0.616951 -9.980950 10.500000
v 0.890537 -9.960268 10.500000
v 0.890537 -9.960268 10.000000
v 1.163452 -9.932088 10.000000
v 1.163452 -9.932088 10.500000
v 1.435492 -9.896432 10.000000
v 1.435492 -9.896432 10.500000
v 1.706451 -9.853326 10.500000
v 1.706451 -9.853326 10.000000
v 1.976125 -9.802802 10.000000
v 1.976125 -9.802802 10.500000
v 2.244312 -9.744900 10.500000
v 2.244312 -9.744900 10.000000
v 2.510809 -9.679661 10.000000
v 2.510809 -9.679661 10.500000
v 2.775416 -9.607136 10.500000
v 2.775416 -9.607136 10.000000
v 3.037935 -9.527379 10.000000
v 3.037935 -9.527379 10.500000
v 3.298166 -9.440451 10.000000
v 3.298166 -9.440451 10.500000
v 3.555914 -9.346416 10.500000
v 3.555914 -9.346416 10.000000
v 3.810986 -9.245344 10.000000
v 3.810986 -9.245344 10.500000
v 4.063189 -9.137314 10.500000
v 4.063189 -9.137314 10.000000
v 4.312333 -9.022405 10.500000
v 4.312333 -9.022405 10.000000
v 4.558230 -8.900704 10.500000
v 4.558230 -8.900704 10.000000
v 4.800697 -8.772304 10.000000
v 4.800697 -8.772304 10.500000
v 5.039550 -8.637299 10.500000
v 5.039550 -8.637299 10.000000
v 5.274610 -8.495792 10.000000
v 5.274610 -8.495792 10.500000
v 5.505698 -8.347891 10.000000
v 5.505698 -8.347891 10.500000
v 5.732642 -8.193706 10.000000
v 5.732642 -8.193706 10.500000
v 5.955271 -8.033352 10.000000
v 5.955271 -8.033352 10.500000
v 6.173417 -7.866951 10.000000
v 6.173417 -7.866951 10.500000
v 6.386916 -7.694628 10.000000
v 6.386916 -7.694628 10.500000
v 6.595607 -7.516513 10.000000
v 6.595607 -7.516513 10.500000
v 6.799333 -7.332740 10.000000
v 6.799333 -7.332740 10.500000
v 6.997940 -7.143447 10.500000
v 6.997940 -7.143447 10.000000
v 7.191280 -6.948776 10.500000
v 7.191280 -6.948776 10.000000
v 7.379206 -6.748875 10.000000
v 7.379206 -6.748875 10.500000
v 7.561578 -6.543893 10.000000
v 7.561578 -6.543893 10.500000
v 7.738257 -6.333986 10.500000
v 7.738257 -6.333986 10.000000
v 7.909111 -6.119310 10.000000
v 7.909111 -6.119310 10.500000
v 8.074012 -5.900028 10.500000
v 8.074012 -5.900028 10.000000
v 8.232835 -5.676304 10.000000
v 8.232835 -5.676304 10.500000
v 8.385460 -5.448308 10.000000
v 8.385460 -5.448308 10.500000
v 8.531774 -5.216210 10.000000
v 8.531774 -5.216210 10.500000
v 8.671663 -4.980186 10.000000
v 8.671663 -4.980186 10.500000
v 8.805026 -4.740412 10.000000
v 8.805026 -4.740412 10.500000
v 8.931761 -4.497071 10.000000
v 8.931761 -4.497071 10.500000
v 9.051772 -4.250344 10.500000
v 9.051772 -4.250344 10.000000
v 9.164969 -4.000417 10.000000
v 9.164969 -4.000417 10.500000
v 9.271268 -3.747479 10.000000
v 9.271268 -3.747479 10.500000
v 9.370586 -3.491720 10.500000
v 9.370586 -3.491720 10.000000
v 9.462852 -3.233333 10.000000
v 9.462852 -3.233333 10.500000
v 9.547994 -2.972512 10.500000
v 9.547994 -2.972512 10.000000
v 9.625948 -2.709453 10.000000
v 9.625948 -2.709453 10.500000
v 9.696655 -2.444354 10.500000
v 9.696655 -2.444354 10.000000
v 9.760064 -2.177416 10.500000
v 9.760064 -2.177416 10.000000
v 9.816127 -1.908838 10.000000
v 9.816127 -1.908838 10.500000
v 9.864799 -1.638824 10.500000
v 9.864799 -1.638824 10.000000
v 9.906046 -1.367575 10.000000
v 9.906046 -1.367575 10.500000
v 9.939836 -1.095298 10.500000
v 9.939836 -1.095298 10.000000
v 9.966143 -0.822196 10.000000
v 9.966143 -0.822196 10.500000
v 9.984947 -0.548474 10.000000
v 9.984947 -0.548474 10.500000
v 9.996236 -0.274340 10.000000
v 9.996236 -0.274340 10.500000
v 8.227506 4.406728 11.166667
v 8.455877 3.950855 11.166667
v 8.757873 4.091957 10.833333
v 7.924524 4.266371 11.500000
v 8.038585 4.047364 11.500000
v 7.804497 4.482167 11.500000
v 8.521346 4.564111 10.833333
v 8.259388 5.022645 10.833333
v 7.974581 4.849450 11.166667
v 7.678596 4.694589 11.500000
v 7.546914 4.903477 11.500000
v 7.972780 5.466189 10.833333
v 9.666667 0.000000 10.833333
v 7.697857 5.277699 11.166667
v 7.409552 5.108674 11.500000
v 7.266611 5.310025 11.500000
v 7.662379 5.893419 10.833333
v 7.398159 5.690198 11.166667
v 7.118200 5.507379 11.500000
v 6.964432 5.700587 11.500000
v 8.996613 0.246906 11.500000
v 9.000000 0.000000 11.500000
v 9.333333 0.000000 11.166667
v 7.329110 6.303062 10.833333
v 7.076382 6.085715 11.166667
v 6.805420 5.889504 11.500000
v 6.641286 6.073987 11.500000
v 6.973969 6.693893 10.833333
v 6.733487 6.463069 11.166667
v 6.472152 6.253899 11.500000
v 6.298146 6.429102 11.500000
v 6.598014 7.064748 10.833333
v 6.370496 6.821136 11.166667
v 6.119400 6.599466 11.500000
v 5.936046 6.764862 11.500000
v 6.202368 7.414518 10.833333
v 5.988493 7.158845 11.166667
v 5.748224 6.925166 11.500000
v 5.556076 7.080256 11.500000
v 5.788212 7.742160 10.833333
v 5.588618 7.475190 11.166667
v 5.359744 7.230017 11.500000
v 5.159378 7.374335 11.500000
v 5.356781 8.046698 10.833333
v 5.172065 7.769225 11.166667
v 4.955128 7.513102 11.500000
v 4.747149 7.646214 11.500000
v 4.909364 8.327220 10.833333
v 4.740076 8.040074 11.166667
v 4.535595 7.773569 11.500000
v 4.320628 7.895073 11.500000
v 4.447295 8.582891 10.833333
v 4.293941 8.286929 11.166667
v 4.102407 8.010633 11.500000
v 3.881099 8.120164 11.500000
v 3.971954 8.812946 10.833333
v 3.834990 8.509051 11.166667
v 3.656870 8.223582 11.500000
v 3.429887 8.320809 11.500000
v 3.484759 9.016701 10.833333
v 3.364595 8.705780 11.166667
v 3.200323 8.411774 11.500000
v 2.968349 8.496406 11.500000
v 2.987164 9.193546 10.833333
v 2.884159 8.876528 11.166667
v 2.734141 8.574641 11.500000
v 2.497875 8.646422 11.500000
v 2.480654 9.342955 10.833333
v 2.395115 9.020783 11.166667
v 2.259728 8.711695 11.500000
v 2.019881 8.770410 11.500000
v 1.966741 9.464479 10.833333
v 1.898923 9.138118 11.166667
v 1.778513 8.822522 11.500000
v 1.535806 8.867993 11.500000
v 1.446959 9.557759 10.833333
v 1.397064 9.228181 11.166667
v 1.291943 8.906789 11.500000
v 1.047107 8.938879 11.500000
v 0.922858 9.622514 10.833333
v 0.891035 9.290703 11.166667
v 0.801483 8.964241 11.500000
v 0.555256 8.982856 11.500000
v 0.396003 9.658552 10.833333
v 0.382348 9.325499 11.166667
v 0.308611 8.994707 11.500000
v 0.061734 8.999788 11.500000
v -0.132034 9.665765 10.833333
v -0.127481 9.332462 11.166667
v -0.185190 8.998095 11.500000
v -0.431974 8.989627 11.500000
v -0.659677 9.644132 10.833333
v -0.636929 9.311575 11.166667
v -0.678434 8.974393 11.500000
v -0.924382 8.952403 11.500000
v -1.185351 9.593716 10.833333
v -1.144477 9.262898 11.166667
v -1.169635 8.923674 11.500000
v -1.414007 8.888227 11.500000
v -1.707487 9.514669 10.833333
v -1.648608 9.186577 11.166667
v -1.657315 8.846090 11.500000
v -1.899375 8.797294 11.500000
v -2.224528 9.407227 10.833333
v -2.147820 9.082840 11.166667
v -2.140006 8.741875 11.500000
v -2.379025 8.679875 11.500000
v -2.734930 9.271709 10.833333
v -2.640622 8.951996 11.166667
v -2.616254 8.611342 11.500000
v -2.851513 8.536326 11.500000
v -3.237170 9.108522 10.833333
v -3.125543 8.794436 11.166667
v -3.084626 8.454885 11.500000
v -3.315417 8.367079 11.500000
v -3.729748 8.918151 10.833333
v -3.601136 8.610629 11.166667
v -3.543712 8.272974 11.500000
v -3.769339 8.172643 11.500000
v -4.211196 8.701165 10.833333
v -4.065982 8.401125 11.166667
v -3.992129 8.066158 11.500000
v -4.211914 7.953602 11.500000
v -4.680076 8.458211 10.833333
v -4.518694 8.166549 11.166667
v -4.428528 7.835058 11.500000
v -4.641809 7.710617 11.500000
v -5.134989 8.190015 10.833333
v -4.957920 7.907600 11.166667
v -4.851595 7.580371 11.500000
v -5.057729 7.444419 11.500000
v -5.574576 7.897376 10.833333
v -5.382349 7.625052 11.166667
v -5.260056 7.302863 11.500000
v -5.458423 7.155810 11.500000
v -5.997528 7.581168 10.833333
v -5.790716 7.319748 11.166667
v -5.652682 7.003370 11.500000
v -5.842685 6.845658 11.500000
v -6.402580 7.242335 10.833333
v -6.181801 6.992599 11.166667
v -6.028290 6.682793 11.500000
v -6.209357 6.514897 11.500000
v -6.788524 6.881888 10.833333
v -6.554437 6.644582 11.166667
v -6.385750 6.342097 11.500000
v -6.557336 6.164523 11.500000
v -7.154209 6.500903 10.833333
v -6.907512 6.276734 11.166667
v -6.723986 5.982309 11.500000
v -6.885574 5.795591 11.500000
v -7.498542 6.100517 10.833333
v -7.239972 5.890154 11.166667
v -7.041979 5.604510 11.500000
v -7.193082 5.409211 11.500000
v -7.820498 5.681924 10.833333
v -7.550825 5.485996 11.166667
v -7.338772 5.209840 11.500000
v -7.478937 5.006546 11.500000
v -8.119113 5.246374 10.833333
v -7.839144 5.065465 11.166667
v -7.613472 4.799485 11.500000
v -7.742275 4.588810 11.500000
v -8.393498 4.795167 10.833333
v -8.104068 4.629817 11.166667
v -7.865251 4.374681 11.500000
v -7.982306 4.157259 11.500000
v -8.642834 4.329649 10.833333
v -8.344805 4.180351 11.166667
v -8.093351 3.936707 11.500000
v -8.198305 3.713192 11.500000
v -8.866376 3.851211 10.833333
v -8.560638 3.718410 11.166667
v -8.297088 3.486881 11.500000
v -8.389624 3.257946 11.500000
v -9.063457 3.361278 10.833333
v -8.750924 3.245372 11.166667
v -8.475844 3.026559 11.500000
v -8.555685 2.792893 11.500000
v -9.233489 2.861314 10.833333
v -8.915093 2.762648 11.166667
v -8.629086 2.557125 11.500000
v -8.695990 2.319431 11.500000
v -9.375965 2.352811 10.833333
v -9.052656 2.271679 11.166667
v -8.756348 2.079992 11.500000
v -8.810115 1.838987 11.500000
v -9.490459 1.837286 10.833333
v -9.163202 1.773931 11.166667
v -8.857250 1.596598 11.500000
v -8.897717 1.353007 11.500000
v -9.576631 1.316278 10.833333
v -9.246402 1.270889 11.166667
v -8.931487 1.108397 11.500000
v -8.958533 0.862953 11.500000
v -9.634221 0.791341 10.833333
v -9.302007 0.764054 11.166667
v -8.978835 0.616860 11.500000
v -8.992379 0.370302 11.500000
v -9.663060 0.264043 10.833333
v -9.329851 0.254938 11.166667
v -8.999153 0.123465 11.500000
v -9.663060 -0.264043 10.833333
v -9.329851 -0.254938 11.166667
v -8.999153 -0.123465 11.500000
v -8.992379 -0.370302 11.500000
v -9.634221 -0.791341 10.833333
v -9.302007 -0.764054 11.166667
v -8.978835 -0.616860 11.500000
v -8.958533 -0.862953 11.500000
v -9.576631 -1.316278 10.833333
v -9.246402 -1.270889 11.166667
v -8.931487 -1.108397 11.500000
v -8.897717 -1.353007 11.500000
v -9.490459 -1.837286 10.833333
v -9.163202 -1.773931 11.166667
v -8.857250 -1.596598 11.500000
v -8.810115 -1.838987 11.500000
v -9.375965 -2.352811 10.833333
v -9.052656 -2.271679 11.166667
v -8.756348 -2.079992 11.500000
v -8.695990 -2.319431 11.500000
v -9.233489 -2.861314 10.833333
v -8.915093 -2.762648 11.166667
v -8.629086 -2.557125 11.500000
v -8.555685 -2.792893 11.500000
v -9.063457 -3.361278 10.833333
v -8.750924 -3.245372 11.166667
v -8.475844 -3.026559 11.500000
v -8.389624 -3.257946 11.500000
v -8.866376 -3.851211 10.833333
v -8.560638 -3.718410 11.166667
v -8.297088 -3.486881 11.500000
v -8.198305 -3.713192 11.500000
v -8.642834 -4.329649 10.833333
v -8.344805 -4.180351 11.166667
v -8.093351 -3.936707 11.500000
v -7.982306 -4.157259 11.500000
v -8.393498 -4.795167 10.833333
v -8.104068 -4.629817 11.166667
v -7.865251 -4.374681 11.500000
v -7.742275 -4.588810 11.500000
v -8.119113 -5.246374 10.833333
v -7.839144 -5.065465 11.166667
v -7.613472 -4.799485 11.500000
v -7.478937 -5.006546 11.500000
v -7.820498 -5.681924 10.833333
v -7.550825 -5.485996 11.166667
v -7.338772 -5.209840 11.500000
v -7.193082 -5.409211 11.500000
v -7.498542 -6.100517 10.833333
v -7.239972 -5.890154 11.166667
v -7.041979 -5.604510 11.500000
v -6.885574 -5.795591 11.500000
v -7.154209 -6.500903 10.833333
v -6.907512 -6.276734 11.166667
v -6.723986 -5.982309 11.500000
v -6.557336 -6.164523 11.500000
v -6.788524 -6.881888 10.833333
v -6.554437 -6.644582 11.166667
v -6.385750 -6.342097 11.500000
v -6.209357 -6.514897 11.500000
v -6.402580 -7.242335 10.833333
v -6.181801 -6.992599 11.166667
v -6.028290 -6.682793 11.500000
v -5.842685 -6.845658 11.500000
v -5.997528 -7.581168 10.833333
v -5.790716 -7.319748 11.166667
v -5.652682 -7.003370 11.500000
v -5.458423 -7.155810 11.500000
v -5.574576 -7.897376 10.833333
v -5.382349 -7.625052 11.166667
v -5.260056 -7.302863 11.500000
v -5.057729 -7.444419 11.500000
v -5.134989 -8.190015 10.833333
v -4.957920 -7.907600 11.166667
v -4.851595 -7.580371 11.500000
v -4.641809 -7.710617 11.500000
v -4.680076 -8.458211 10.833333
v -4.518694 -8.166549 11.166667
v -4.428528 -7.835058 11.500000
v -4.211914 -7.953602 11.500000
v -4.211196 -8.701165 10.833333
v -4.065982 -8.401125 11.166667
v -3.992129 -8.066158 11.500000
v -3.769339 -8.172643 11.500000
v -3.729748 -8.918151 10.833333
v -3.601136 -8.610629 11.166667
v -3.543712 -8.272974 11.500000
v -3.315417 -8.367079 11.500000
v -3.237170 -9.108522 10.833333
v -3.125543 -8.794436 11.166667
v -3.084626 -8.454885 11.500000
v -2.851513 -8.536326 11.500000
v -2.734930 -9.271709 10.833333
v -2.640622 -8.951996 11.166667
v -2.616254 -8.611342 11.500000
v -2.379025 -8.679875 11.500000
v -2.224528 -9.407227 10.833333
v -2.147820 -9.082840 11.166667
v -2.140006 -8.741875 11.500000
v -1.899375 -8.797294 11.500000
v -1.707487 -9.514669 10.833333
v -1.648608 -9.186577 11.166667
v -1.657315 -8.846090 11.500000
v -1.414007 -8.888227 11.500000
v -1.185351 -9.593716 10.833333
v -1.144477 -9.262898 11.166667
v -1.169635 -8.923674 11.500000
v -0.924382 -8.952403 11.500000
v -0.659677 -9.644132 10.833333
v -0.636929 -9.311575 11.166667
v -0.678434 -8.974393 11.500000
v -0.431974 -8.989627 11.500000
v -0.132034 -9.665765 10.833333
v -0.127481 -9.332462 11.166667
v -0.185190 -8.998095 11.500000
v 0.061734 -8.999788 11.500000
v 0.396003 -9.658552 10.833333
v 0.382348 -9.325499 11.166667
v 0.308611 -8.994707 11.500000
v 0.555256 -8.982856 11.500000
v 0.922858 -9.622514 10.833333
v 0.891035 -9.290703 11.166667
v 0.801483 -8.964241 11.500000
v 1.047107 -8.938879 11.500000
v 1.446959 -9.557759 10.833333
v 1.397064 -9.228181 11.166667
v 1.291943 -8.906789 11.500000
v 1.535806 -8.867993 11.500000
v 1.966741 -9.464479 10.833333
v 1.898923 -9.138118 11.166667
v 1.778513 -8.822522 11.500000
v 2.019881 -8.770410 11.500000
v 2.480654 -9.342955 10.833333
v 2.395115 -9.020783 11.166667
v 2.259728 -8.711695 11.500000
v 2.497875 -8.646422 11.500000
v 2.987164 -9.193546 10.833333
v 2.884159 -8.876528 11.166667
v 2.734141 -8.574641 11.500000
v 2.968349 -8.496406 11.500000
v 3.484759 -9.016701 10.833333
v 3.364595 -8.705780 11.166667
v 3.200323 -8.411774 11.500000
v 3.429887 -8.320809 11.500000
v 3.971954 -8.812946 10.833333
v 3.834990 -8.509051 11.166667
v 3.656870 -8.223582 11.500000
v 3.881099 -8.120164 11.500000
v 4.447295 -8.582891 10.833333
v 4.293941 -8.286929 11.166667
v 4.102407 -8.010633 11.500000
v 4.320628 -7.895073 11.500000
v 4.909364 -8.327220 10.833333
v 4.740076 -8.040074 11.166667
v 4.535595 -7.773569 11.500000
v 4.747149 -7.646214 11.500000
v 5.356781 -8.046698 10.833333
v 5.172065 -7.769225 11.166667
v 4.955128 -7.513102 11.500000
v 5.159378 -7.374335 11.500000
v 5.788212 -7.742160 10.833333
v 5.588618 -7.475190 11.166667
v 5.359744 -7.230017 11.500000
v 5.556076 -7.080256 11.500000
v 6.202368 -7.414518 10.833333
v 5.988493 -7.158845 11.166667
v 5.748224 -6.925166 11.500000
v 5.936046 -6.764862 11.500000
v 6.598014 -7.064748 10.833333
v 6.370496 -6.821136 11.166667
v 6.119400 -6.599466 11.500000
v 6.298146 -6.429102 11.500000
v 6.973969 -6.693893 10.833333
v 6.733487 -6.463069 11.166667
v 6.472152 -6.253899 11.500000
v 6.641286 -6.073987 11.500000
v 7.329110 -6.303062 10.833333
v 7.076382 -6.085715 11.166667
v 6.805420 -5.889504 11.500000
v 6.964432 -5.700587 11.500000
v 7.662379 -5.893419 10.833333
v 7.398159 -5.690198 11.166667
v 7.118200 -5.507379 11.500000
v 7.266611 -5.310025 11.500000
v 7.972780 -5.466189 10.833333
v 7.697857 -5.277699 11.166667
v 7.409552 -5.108674 11.500000
v 7.546914 -4.903477 11.500000
v 8.259388 -5.022645 10.833333
v 7.974581 -4.849450 11.166667
v 7.678596 -4.694589 11.500000
v 7.804497 -4.482167 11.500000
v 8.521346 -4.564111 10.833333
v 8.227506 -4.406728 11.166667
v 7.924524 -4.266371 11.500000
v 8.038585 -4.047364 11.500000
v 8.757873 -4.091957 10.833333
v 8.455877 -3.950855 11.166667
v 8.146595 -3.825309 11.500000
v 8.248472 -3.600375 11.500000
v 8.968263 -3.607590 10.833333
v 8.659012 -3.483191 11.166667
v 8.344141 -3.372731 11.500000
v 8.433528 -3.142548 11.500000
v 9.151888 -3.112457 10.833333
v 8.836306 -3.005131 11.166667
v 8.516566 -2.910000 11.500000
v 8.593194 -2.675261 11.500000
v 9.308201 -2.608036 10.833333
v 8.987228 -2.518103 11.166667
v 8.663353 -2.438508 11.500000
v 8.726990 -2.199919 11.500000
v 9.436733 -2.095830 10.833333
v 9.111329 -2.023560 11.166667
v 8.784059 -1.959674 11.500000
v 8.834514 -1.717954 11.500000
v 9.537104 -1.577370 10.833333
v 9.208238 -1.522978 11.166667
v 8.878319 -1.474941 11.500000
v 8.915441 -1.230818 11.500000
v 9.609012 -1.054203 10.833333
v 9.277666 -1.017851 11.166667
v 8.945851 -0.985768 11.500000
v 8.969528 -0.739976 11.500000
v 9.652242 -0.527889 10.833333
v 9.319407 -0.509686 11.166667
v 8.986453 -0.493627 11.500000
v 8.996613 -0.246906 11.500000
v 9.652242 0.527889 10.833333
v 9.319407 0.509686 11.166667
v 8.986453 0.493627 11.500000
v 8.969528 0.739976 11.500000
v 9.609012 1.054203 10.833333
v 9.277666 1.017851 11.166667
v 8.945851 0.985768 11.500000
v 8.915441 1.230818 11.500000
v 9.537104 1.577370 10.833333
v 9.208238 1.522978 11.166667
v 8.878319 1.474941 11.500000
v 8.834514 1.717954 11.500000
v 9.436733 2.095830 10.833333
v 9.111329 2.023560 11.166667
v 8.784059 1.959674 11.500000
v 8.726990 2.199919 11.500000
v 9.308201 2.608036 10.833333
v 8.987228 2.518103 11.166667
v 8.663353 2.438508 11.500000
v 8.593194 2.675261 11.500000
v 9.151888 3.112457 10.833333
v 8.836306 3.005131 11.166667
v 8.516566 2.910000 11.500000
v 8.433528 3.142548 11.500000
v 8.968263 3.607590 10.833333
v 8.659012 3.483191 11.166667
v 8.344141 3.372731 11.500000
v 8.248472 3.600375 11.500000
v 8.146595 3.825309 11.500000
v -4.845470 -5.051873 10.000000
v -5.118739 -4.774779 10.000000
v -4.557225 -5.313351 10.000000
v -5.376185 -4.482927 10.000000
v -4.254894 -5.558406 10.000000
v -5.617014 -4.177219 10.000000
v -3.939411 -5.786280 10.000000
v -5.840481 -3.858599 10.000000
v -3.611752 -5.996270 10.000000
v -6.045895 -3.528052 10.000000
v -3.272928 -6.187725 10.000000
v -6.232622 -3.186600 10.000000
v -2.923989 -6.360054 10.000000
v -6.400084 -2.835299 10.000000
v -2.566012 -6.512725 10.000000
v -6.547764 -2.475234 10.000000
v -2.200103 -6.645265 10.000000
v -6.675205 -2.107518 10.000000
v -1.827394 -6.757265 10.000000
v -6.782014 -1.733288 10.000000
v -1.449036 -6.848379 10.000000
v -6.867859 -1.353701 10.000000
v -1.066199 -6.918325 10.000000
v -6.932477 -0.969929 10.000000
v -0.680067 -6.966887 10.000000
v -6.975667 -0.583159 10.000000
v -0.291833 -6.993914 10.000000
v -6.997295 -0.194587 10.000000
v 0.097303 -6.999324 10.000000
v -6.997295 0.194587 10.000000
v 0.486138 -6.983099 10.000000
v -6.975667 0.583159 10.000000
v 0.873471 -6.945290 10.000000
v -6.932477 0.969929 10.000000
v 1.258104 -6.886013 10.000000
v -6.867859 1.353701 10.000000
v 1.638848 -6.805452 10.000000
v -6.782014 1.733288 10.000000
v 2.014527 -6.703856 10.000000
v -6.675205 2.107518 10.000000
v 2.383978 -6.581538 10.000000
v -6.547764 2.475234 10.000000
v 2.746062 -6.438878 10.000000
v -6.400084 2.835299 10.000000
v 3.099657 -6.276315 10.000000
v -6.232622 3.186600 10.000000
v 3.443671 -6.094352 10.000000
v -6.045895 3.528052 10.000000
v 3.777041 -5.893552 10.000000
v -5.840481 3.858599 10.000000
v 4.098736 -5.674536 10.000000
v -5.617014 4.177219 10.000000
v 4.407763 -5.437980 10.000000
v -5.376185 4.482927 10.000000
v 4.703166 -5.184615 10.000000
v -5.118739 4.774779 10.000000
v 4.984031 -4.915226 10.000000
v -4.845470 5.051873 10.000000
v 5.249490 -4.630643 10.000000
v -4.557225 5.313351 10.000000
v 5.498724 -4.331747 10.000000
v -4.254894 5.558406 10.000000
v 5.730962 -4.019462 10.000000
v -3.939411 5.786280 10.000000
v 5.945486 -3.694753 10.000000
v -3.611752 5.996270 10.000000
v 6.141632 -3.358624 10.000000
v -3.272928 6.187725 10.000000
v 6.318795 -3.012114 10.000000
v -2.923989 6.360054 10.000000
v 6.476427 -2.656293 10.000000
v -2.566012 6.512725 10.000000
v 6.614041 -2.292262 10.000000
v -2.200103 6.645265 10.000000
v 6.731211 -1.921146 10.000000
v -1.827394 6.757265 10.000000
v 6.827575 -1.544091 10.000000
v -1.449036 6.848379 10.000000
v 6.902836 -1.162264 10.000000
v -1.066199 6.918325 10.000000
v 6.956760 -0.776844 10.000000
v -0.680067 6.966887 10.000000
v 6.989182 -0.389023 10.000000
v -0.291833 6.993914 10.000000
v 7.000000 -0.000000 10.000000
v 0.097303 6.999324 10.000000
v 6.989182 0.389023 10.000000
v 0.486138 6.983099 10.000000
v 6.956760 0.776844 10.000000
v 0.873471 6.945290 10.000000
v 6.902836 1.162264 10.000000
v 1.258104 6.886013 10.000000
v 6.827575 1.544091 10.000000
v 1.638848 6.805452 10.000000
v 6.731211 1.921146 10.000000
v 2.014527 6.703856 10.000000
v 6.614041 2.292262 10.000000
v 2.383978 6.581538 10.000000
v 6.476427 2.656293 10.000000
v 2.746062 6.438878 10.000000
v 6.318795 3.012114 10.000000
v 3.099657 6.276315 10.000000
v 6.141632 3.358624 10.000000
v 3.443671 6.094352 10.000000
v 5.945486 3.694753 10.000000
v 3.777041 5.893552 10.000000
v 5.730962 4.019462 10.000000
v 4.098736 5.674536 10.000000
v 5.498724 4.331747 10.000000
v 4.407763 5.437980 10.000000
v 5.249490 4.630643 10.000000
v 4.703166 5.184615 10.000000
v 4.984031 4.915226 10.000000
v -1.724821 -1.809694 11.500000
v -1.773819 -1.761694 11.500000
v -1.821482 -1.712368 11.500000
v -1.674525 -1.856331 11.500000
v -1.867774 -1.661752 11.500000
v -1.622968 -1.901572 11.500000
v -1.912659 -1.609886 11.500000
v -1.570189 -1.945381 11.500000
v -1.956105 -1.556808 11.500000
v -1.516229 -1.987725 11.500000
v -1.998078 -1.502559 11.500000
v -1.461127 -2.028573 11.500000
v -2.038548 -1.447178 11.500000
v -1.404925 -2.067894 11.500000
v -2.077482 -1.390707 11.500000
v -1.347665 -2.105659 11.500000
v -2.114853 -1.333190 11.500000
v -1.289391 -2.141838 11.500000
v -2.150632 -1.274669 11.500000
v -1.230147 -2.176405 11.500000
v -2.184792 -1.215189 11.500000
v -1.169976 -2.209334 11.500000
v -2.217307 -1.154794 11.500000
v -1.108925 -2.240599 11.500000
v -2.248153 -1.093530 11.500000
v -1.047039 -2.270178 11.500000
v -2.277307 -1.031442 11.500000
v -0.984364 -2.298048 11.500000
v -2.304746 -0.968578 11.500000
v -0.920949 -2.324189 11.500000
v -2.330451 -0.904985 11.500000
v -0.856841 -2.348579 11.500000
v -2.354401 -0.840711 11.500000
v -0.792087 -2.371202 11.500000
v -2.376579 -0.775804 11.500000
v -0.726737 -2.392040 11.500000
v -2.396968 -0.710312 11.500000
v -0.660840 -2.411077 11.500000
v -2.415553 -0.644287 11.500000
v -0.594446 -2.428298 11.500000
v -2.432319 -0.577776 11.500000
v -0.527604 -2.443693 11.500000
v -2.447254 -0.510830 11.500000
v -0.460365 -2.457247 11.500000
v -2.460347 -0.443499 11.500000
v -0.392780 -2.468952 11.500000
v -2.471588 -0.375835 11.500000
v -0.324899 -2.478798 11.500000
v -2.480968 -0.307888 11.500000
v -0.256773 -2.486778 11.500000
v -2.488481 -0.239709 11.500000
v -0.188454 -2.492887 11.500000
v -2.494121 -0.171350 11.500000
v -0.119993 -2.497119 11.500000
v -2.497883 -0.102862 11.500000
v -0.051442 -2.499471 11.500000
v -2.499765 -0.034296 11.500000
v 0.017148 -2.499941 11.500000
v -2.499765 0.034296 11.500000
v 0.085725 -2.498530 11.500000
v -2.497883 0.102862 11.500000
v 0.154238 -2.495238 11.500000
v -2.494121 0.171350 11.500000
v 0.222634 -2.490067 11.500000
v -2.488481 0.239709 11.500000
v 0.290863 -2.483022 11.500000
v -2.480968 0.307888 11.500000
v 0.358873 -2.474108 11.500000
v -2.471588 0.375835 11.500000
v 0.426613 -2.463331 11.500000
v -2.460347 0.443499 11.500000
v 0.494031 -2.450701 11.500000
v -2.447254 0.510830 11.500000
v 0.561078 -2.436225 11.500000
v -2.432319 0.577776 11.500000
v 0.627702 -2.419915 11.500000
v -2.415553 0.644287 11.500000
v 0.693854 -2.401784 11.500000
v -2.396968 0.710312 11.500000
v 0.759484 -2.381845 11.500000
v -2.376579 0.775804 11.500000
v 0.824541 -2.360113 11.500000
v -2.354401 0.840711 11.500000
v 0.888978 -2.336604 11.500000
v -2.330451 0.904985 11.500000
v 0.952746 -2.311336 11.500000
v -2.304746 0.968578 11.500000
v 1.015797 -2.284328 11.500000
v -2.277307 1.031442 11.500000
v 1.078083 -2.255601 11.500000
v -2.248153 1.093530 11.500000
v 1.139558 -2.225176 11.500000
v -2.217307 1.154794 11.500000
v 1.200174 -2.193076 11.500000
v -2.184792 1.215189 11.500000
v 1.259888 -2.159325 11.500000
v -2.150632 1.274669 11.500000
v 1.318652 -2.123948 11.500000
v -2.114853 1.333190 11.500000
v 1.376425 -2.086973 11.500000
v -2.077482 1.390707 11.500000
v 1.433161 -2.048426 11.500000
v -2.038548 1.447178 11.500000
v 1.488818 -2.008338 11.500000
v -1.998078 1.502559 11.500000
v 1.543354 -1.966738 11.500000
v -1.956105 1.556808 11.500000
v 1.596729 -1.923657 11.500000
v -1.912659 1.609886 11.500000
v 1.648902 -1.879128 11.500000
v -1.867774 1.661752 11.500000
v 1.699833 -1.833185 11.500000
v -1.821482 1.712368 11.500000
v 1.749485 -1.785862 11.500000
v -1.773819 1.761694 11.500000
v 1.797820 -1.737194 11.500000
v 1.844802 -1.687219 11.500000
v -1.724821 1.809694 11.500000
v 1.890394 -1.635973 11.500000
v -1.674525 1.856331 11.500000
v -1.622968 1.901572 11.500000
v -1.570189 1.945381 11.500000
v 1.934564 -1.583496 11.500000
v 2.018503 -1.475007 11.500000
v 1.977278 -1.529827 11.500000
v -1.516229 1.987725 11.500000
v -1.461127 2.028573 11.500000
v 2.058209 -1.419076 11.500000
v 2.096365 -1.362077 11.500000
v -1.404925 2.067894 11.500000
v -1.347665 2.105659 11.500000
v 2.132943 -1.304052 11.500000
v -1.289391 2.141838 11.500000
v 2.167916 -1.245046 11.500000
v -1.230147 2.176405 11.500000
v 2.201257 -1.185103 11.500000
v -1.169976 2.209334 11.500000
v -1.108925 2.240599 11.500000
v 2.232940 -1.124268 11.500000
v 2.262943 -1.062586 11.500000
v -1.047039 2.270178 11.500000
v -0.984364 2.298048 11.500000
v 2.291242 -1.000104 11.500000
v 2.317817 -0.936870 11.500000
v -0.920949 2.324189 11.500000
v 2.342647 -0.872930 11.500000
v -0.856841 2.348579 11.500000
v -0.792087 2.371202 11.500000
v 2.386998 -0.743128 11.500000
v 2.365713 -0.808333 11.500000
v -0.726737 2.392040 11.500000
v -0.660840 2.411077 11.500000
v 2.424164 -0.611089 11.500000
v 2.406487 -0.677363 11.500000
v 2.440016 -0.544354 11.500000
v -0.594446 2.428298 11.500000
v -0.527604 2.443693 11.500000
v -0.460365 2.457247 11.500000
v 2.466200 -0.409706 11.500000
v 2.454032 -0.477210 11.500000
v 2.476511 -0.341894 11.500000
v -0.392780 2.468952 11.500000
v -0.324899 2.478798 11.500000
v -0.256773 2.486778 11.500000
v 2.491536 -0.205549 11.500000
v 2.484959 -0.273824 11.500000
v -0.188454 2.492887 11.500000
v 2.499059 -0.068585 11.500000
v 2.496237 -0.137119 11.500000
v -0.119993 2.497119 11.500000
v -0.051442 2.499471 11.500000
v 2.500000 -0.000000 11.500000
v 0.017148 2.499941 11.500000
v 2.496237 0.137119 11.500000
v 2.499059 0.068585 11.500000
v 0.085725 2.498530 11.500000
v 2.491536 0.205549 11.500000
v 0.154238 2.495238 11.500000
v 0.222634 2.490067 11.500000
v 0.290863 2.483022 11.500000
v 2.476511 0.341894 11.500000
v 2.484959 0.273824 11.500000
v 0.358873 2.474108 11.500000
v 0.426613 2.463331 11.500000
v 2.454032 0.477210 11.500000
v 2.466200 0.409706 11.500000
v 0.494031 2.450701 11.500000
v 0.561078 2.436225 11.500000
v 2.440016 0.544354 11.500000
v 2.424164 0.611089 11.500000
v 0.627702 2.419915 11.500000
v 2.406487 0.677363 11.500000
v 0.693854 2.401784 11.500000
v 2.386998 0.743128 11.500000
v 0.759484 2.381845 11.500000
v 2.365713 0.808333 11.500000
v 0.824541 2.360113 11.500000
v 2.317817 0.936870 11.500000
v 2.342647 0.872930 11.500000
v 0.888978 2.336604 11.500000
v 2.291242 1.000104 11.500000
v 0.952746 2.311336 11.500000
v 1.015797 2.284328 11.500000
v 1.078083 2.255601 11.500000
v 2.262943 1.062586 11.500000
v 2.232940 1.124268 11.500000
v 1.139558 2.225176 11.500000
v 1.200174 2.193076 11.500000
v 2.167916 1.245046 11.500000
v 2.201257 1.185103 11.500000
v 1.259888 2.159325 11.500000
v 1.318652 2.123948 11.500000
v 2.096365 1.362077 11.500000
v 2.132943 1.304052 11.500000
v 1.376425 2.086973 11.500000
v 2.018503 1.475007 11.500000
v 2.058209 1.419076 11.500000
v 1.433161 2.048426 11.500000
v 1.488818 2.008338 11.500000
v 1.977278 1.529827 11.500000
v 1.543354 1.966738 11.500000
v 1.934564 1.583496 11.500000
v 1.596729 1.923657 11.500000
v 1.844802 1.687219 11.500000
v 1.890394 1.635973 11.500000
v 1.648902 1.879128 11.500000
v 1.699833 1.833185 11.500000
v 1.749485 1.785862 11.500000
v 1.797820 1.737194 11.500000
v 7.000000 -0.000000 7.500000
v 6.997136 0.200218 7.500000
v 6.988546 0.400273 7.500000
v 6.974238 0.600000 7.500000
v 6.974238 0.600000 5.500000
v 6.931870 0.974260 5.500000
v 6.869432 1.345700 5.500000
v 6.787106 1.713243 5.500000
v 6.685129 2.075826 5.500000
v 6.563797 2.432399 5.500000
v 6.423462 2.781930 5.500000
v 6.264530 3.123407 5.500000
v 6.087460 3.455840 5.500000
v 5.892766 3.778268 5.500000
v 5.681011 4.089757 5.500000
v 5.452808 4.389406 5.500000
v 5.208818 4.676346 5.500000
v 4.949748 4.949748 5.500000
v 4.676346 5.208818 5.500000
v 4.389406 5.452808 5.500000
v 4.089757 5.681011 5.500000
v 3.778268 5.892766 5.500000
v 3.455840 6.087460 5.500000
v 3.123407 6.264530 5.500000
v 2.781930 6.423462 5.500000
v 2.432399 6.563797 5.500000
v 2.075826 6.685129 5.500000
v 1.713243 6.787106 5.500000
v 1.345700 6.869432 5.500000
v 0.974260 6.931870 5.500000
v 0.600000 6.974238 7.500000
v 0.300276 6.993556 7.500000
v 0.600000 6.974238 5.500000
v -0.000000 7.000000 7.500000
v -0.300276 6.993556 7.500000
v -0.600000 6.974238 7.500000
v -0.600000 6.974238 5.500000
v -0.974260 6.931870 5.500000
v -1.345700 6.869432 5.500000
v -1.713243 6.787106 5.500000
v -2.075826 6.685129 5.500000
v -2.432399 6.563797 5.500000
v -2.781930 6.423462 5.500000
v -3.123407 6.264530 5.500000
v -3.455840 6.087460 5.500000
v -3.778268 5.892766 5.500000
v -4.089757 5.681011 5.500000
v -4.389406 5.452808 5.500000
v -4.676346 5.208818 5.500000
v -4.949748 4.949748 5.500000
v -5.208818 4.676346 5.500000
v -5.452808 4.389406 5.500000
v -5.681011 4.089757 5.500000
v -5.892766 3.778268 5.500000
v -6.087460 3.455840 5.500000
v -6.264530 3.123407 5.500000
v -6.423462 2.781930 5.500000
v -6.563797 2.432399 5.500000
v -6.685129 2.075826 5.500000
v -6.787106 1.713243 5.500000
v -6.869432 1.345700 5.500000
v -6.931870 0.974260 5.500000
v -6.974238 0.600000 7.500000
v -6.993556 0.300276 7.500000
v -6.974238 0.600000 5.500000
v -7.000000 -0.000000 7.500000
v -6.993556 -0.300276 7.500000
v -6.974238 -0.600000 7.500000
v -6.974238 -0.600000 5.500000
v -6.931870 -0.974260 5.500000
v -6.869432 -1.345700 5.500000
v -6.787106 -1.713243 5.500000
v -6.685129 -2.075826 5.500000
v -6.563797 -2.432399 5.500000
v -6.423462 -2.781930 5.500000
v -6.264530 -3.123407 5.500000
v -6.087460 -3.455840 5.500000
v -5.892766 -3.778268 5.500000
v -5.681011 -4.089757 5.500000
v -5.452808 -4.389406 5.500000
v -5.208818 -4.676346 5.500000
v -4.949748 -4.949748 5.500000
v -4.676346 -5.208818 5.500000
v -4.389406 -5.452808 5.500000
v -4.089757 -5.681011 5.500000
v -3.778268 -5.892766 5.500000
v -3.455840 -6.087460 5.500000
v -3.123407 -6.264530 5.500000
v -2.781930 -6.423462 5.500000
v -2.432399 -6.563797 5.500000
v -2.075826 -6.685129 5.500000
v -1.713243 -6.787106 5.500000
v -1.345700 -6.869432 5.500000
v -0.974260 -6.931870 5.500000
v -0.600000 -6.974238 7.500000
v -0.300276 -6.993556 7.500000
v -0.600000 -6.974238 5.500000
v 0.000000 -7.000000 7.500000
v 0.300276 -6.993556 7.500000
v 0.600000 -6.974238 7.500000
v 0.974260 -6.931870 5.500000
v 0.600000 -6.974238 5.500000
v 1.345700 -6.869432 5.500000
v 1.713243 -6.787106 5.500000
v 2.075826 -6.685129 5.500000
v 2.432399 -6.563797 5.500000
v 2.781930 -6.423462 5.500000
v 3.123407 -6.264530 5.500000
v 3.455840 -6.087460 5.500000
v 3.778268 -5.892766 5.500000
v 4.089757 -5.681011 5.500000
v 4.389406 -5.452808 5.500000
v 4.676346 -5.208818 5.500000
v 4.949748 -4.949748 5.500000
v 5.208818 -4.676346 5.500000
v 5.452808 -4.389406 5.500000
v 5.681011 -4.089757 5.500000
v 5.892766 -3.778268 5.500000
v 6.087460 -3.455840 5.500000
v 6.264530 -3.123407 5.500000
v 6.423462 -2.781930 5.500000
v 6.563797 -2.432399 5.500000
v 6.685129 -2.075826 5.500000
v 6.787106 -1.713243 5.500000
v 6.869432 -1.345700 5.500000
v 6.931870 -0.974260 5.500000
v 6.974238 -0.600000 7.500000
v 6.988546 -0.400273 7.500000
v 6.974238 -0.600000 5.500000
v 6.997136 -0.200218 7.500000
v 2.500000 -0.000000 10.000000
v 2.499059 0.068585 10.000000
v 2.496237 0.137119 10.000000
v 2.491536 0.205549 10.000000
v 2.484959 0.273824 10.000000
v 2.476511 0.341894 10.000000
v 2.466200 0.409706 10.000000
v 2.454032 0.477210 10.000000
v 2.440016 0.544354 10.000000
v 2.424164 0.611089 10.000000
v 2.406487 0.677363 10.000000
v 2.386998 0.743128 10.000000
v 2.365713 0.808333 10.000000
v 2.342647 0.872930 10.000000
v 2.317817 0.936870 10.000000
v 2.291242 1.000104 10.000000
v 2.262943 1.062586 10.000000
v 2.232940 1.124268 10.000000
v 2.201257 1.185103 10.000000
v 2.167916 1.245046 10.000000
v 2.132943 1.304052 10.000000
v 2.096365 1.362077 10.000000
v 2.058209 1.419076 10.000000
v 2.018503 1.475007 10.000000
v 1.977278 1.529827 10.000000
v 1.934564 1.583496 10.000000
v 1.890394 1.635973 10.000000
v 1.844802 1.687219 10.000000
v 1.797820 1.737194 10.000000
v 1.749485 1.785862 10.000000
v 1.699833 1.833185 10.000000
v 1.648902 1.879128 10.000000
v 1.596729 1.923657 10.000000
v 1.543354 1.966738 10.000000
v 1.488818 2.008338 10.000000
v 1.433161 2.048426 10.000000
v 1.376425 2.086973 10.000000
v 1.318652 2.123948 10.000000
v 1.259888 2.159325 10.000000
v 1.200174 2.193076 10.000000
v 1.139558 2.225176 10.000000
v 1.078083 2.255601 10.000000
v 1.015797 2.284328 10.000000
v 0.952746 2.311336 10.000000
v 0.888978 2.336604 10.000000
v 0.824541 2.360113 10.000000
v 0.759484 2.381845 10.000000
v 0.693854 2.401784 10.000000
v 0.627702 2.419915 10.000000
v 0.561078 2.436225 10.000000
v 0.494031 2.450701 10.000000
v 0.426613 2.463331 10.000000
v 0.358873 2.474108 10.000000
v 0.290863 2.483022 10.000000
v 0.222634 2.490067 10.000000
v 0.154238 2.495238 10.000000
v 0.085725 2.498530 10.000000
v 0.017148 2.499941 10.000000
v -0.051442 2.499471 10.000000
v -0.119993 2.497119 10.000000
v -0.188454 2.492887 10.000000
v -0.256773 2.486778 10.000000
v -0.324899 2.478798 10.000000
v -0.392780 2.468952 10.000000
v -0.460365 2.457247 10.000000
v -0.527604 2.443693 10.000000
v -0.594446 2.428298 10.000000
v -0.660840 2.411077 10.000000
v -0.726737 2.392040 10.000000
v -0.792087 2.371202 10.000000
v -0.856841 2.348579 10.000000
v -0.920949 2.324189 10.000000
v -0.984364 2.298048 10.000000
v -1.047039 2.270178 10.000000
v -1.108925 2.240599 10.000000
v -1.169976 2.209334 10.000000
v -1.230147 2.176405 10.000000
v -1.289391 2.141838 10.000000
v -1.347665 2.105659 10.000000
v -1.404925 2.067894 10.000000
v -1.461127 2.028573 10.000000
v -1.516229 1.987725 10.000000
v -1.570189 1.945381 10.000000
v -1.622968 1.901572 10.000000
v -1.674525 1.856331 10.000000
v -1.724821 1.809694 10.000000
v -1.773819 1.761694 10.000000
v -1.821482 1.712368 10.000000
v -1.867774 1.661752 10.000000
v -1.912659 1.609886 10.000000
v -1.956105 1.556808 10.000000
v -1.998078 1.502559 10.000000
v -2.038548 1.447178 10.000000
v -2.077482 1.390707 10.000000
v -2.114853 1.333190 10.000000
v -2.150632 1.274669 10.000000
v -2.184792 1.215189 10.000000
v -2.217307 1.154794 10.000000
v -2.248153 1.093530 10.000000
v -2.277307 1.031442 10.000000
v -2.304746 0.968578 10.000000
v -2.330451 0.904985 10.000000
v -2.354401 0.840711 10.000000
v -2.376579 0.775804 10.000000
v -2.396968 0.710312 10.000000
v -2.415553 0.644287 10.000000
v -2.432319 0.577776 10.000000
v -2.447254 0.510830 10.000000
v -2.460347 0.443499 10.000000
v -2.471588 0.375835 10.000000
v -2.480968 0.307888 10.000000
v -2.488481 0.239709 10.000000
v -2.494121 0.171350 10.000000
v -2.497883 0.102862 10.000000
v -2.499765 0.034296 10.000000
v -2.499765 -0.034296 10.000000
v -2.497883 -0.102862 10.000000
v -2.494121 -0.171350 10.000000
v -2.488481 -0.239709 10.000000
v -2.480968 -0.307888 10.000000
v -2.471588 -0.375835 10.000000
v -2.460347 -0.443499 10.000000
v -2.447254 -0.510830 10.000000
v -2.432319 -0.577776 10.000000
v -2.415553 -0.644287 10.000000
v -2.396968 -0.710312 10.000000
v -2.376579 -0.775804 10.000000
v -2.354401 -0.840711 10.000000
v -2.330451 -0.904985 10.000000
v -2.304746 -0.968578 10.000000
v -2.277307 -1.031442 10.000000
v -2.248153 -1.093530 10.000000
v -2.217307 -1.154794 10.000000
v -2.184792 -1.215189 10.000000
v -2.150632 -1.274669 10.000000
v -2.114853 -1.333190 10.000000
v -2.077482 -1.390707 10.000000
v -2.038548 -1.447178 10.000000
v -1.998078 -1.502559 10.000000
v -1.956105 -1.556808 10.000000
v -1.912659 -1.609886 10.000000
v -1.867774 -1.661752 10.000000
v -1.821482 -1.712368 10.000000
v -1.773819 -1.761694 10.000000
v -1.724821 -1.809694 10.000000
v -1.674525 -1.856331 10.000000
v -1.622968 -1.901572 10.000000
v -1.570189 -1.945381 10.000000
v -1.516229 -1.987725 10.000000
v -1.461127 -2.028573 10.000000
v -1.404925 -2.067894 10.000000
v -1.347665 -2.105659 10.000000
v -1.289391 -2.141838 10.000000
v -1.230147 -2.176405 10.000000
v -1.169976 -2.209334 10.000000
v -1.108925 -2.240599 10.000000
v -1.047039 -2.270178 10.000000
v -0.984364 -2.298048 10.000000
v -0.920949 -2.324189 10.000000
v -0.856841 -2.348579 10.000000
v -0.792087 -2.371202 10.000000
v -0.726737 -2.392040 10.000000
v -0.660840 -2.411077 10.000000
v -0.594446 -2.428298 10.000000
v -0.527604 -2.443693 10.000000
v -0.460365 -2.457247 10.000000
v -0.392780 -2.468952 10.000000
v -0.324899 -2.478798 10.000000
v -0.256773 -2.486778 10.000000
v -0.188454 -2.492887 10.000000
v -0.119993 -2.497119 10.000000
v -0.051442 -2.499471 10.000000
v 0.017148 -2.499941 10.000000
v 0.085725 -2.498530 10.000000
v 0.154238 -2.495238 10.000000
v 0.222634 -2.490067 10.000000
v 0.290863 -2.483022 10.000000
v 0.358873 -2.474108 10.000000
v 0.426613 -2.463331 10.000000
v 0.494031 -2.450701 10.000000
v 0.561078 -2.436225 10.000000
v 0.627702 -2.419915 10.000000
v 0.693854 -2.401784 10.000000
v 0.759484 -2.381845 10.000000
v 0.824541 -2.360113 10.000000
v 0.888978 -2.336604 10.000000
v 0.952746 -2.311336 10.000000
v 1.015797 -2.284328 10.000000
v 1.078083 -2.255601 10.000000
v 1.139558 -2.225176 10.000000
v 1.200174 -2.193076 10.000000
v 1.259888 -2.159325 10.000000
v 1.318652 -2.123948 10.000000
v 1.376425 -2.086973 10.000000
v 1.433161 -2.048426 10.000000
v 1.488818 -2.008338 10.000000
v 1.543354 -1.966738 10.000000
v 1.596729 -1.923657 10.000000
v 1.648902 -1.879128 10.000000
v 1.699833 -1.833185 10.000000
v 1.749485 -1.785862 10.000000
v 1.797820 -1.737194 10.000000
v 1.844802 -1.687219 10.000000
v 1.890394 -1.635973 10.000000
v 1.934564 -1.583496 10.000000
v 1.977278 -1.529827 10.000000
v 2.018503 -1.475007 10.000000
v 2.058209 -1.419076 10.000000
v 2.096365 -1.362077 10.000000
v 2.132943 -1.304052 10.000000
v 2.167916 -1.245046 10.000000
v 2.201257 -1.185103 10.000000
v 2.232940 -1.124268 10.000000
v 2.262943 -1.062586 10.000000
v 2.291242 -1.000104 10.000000
v 2.317817 -0.936870 10.000000
v 2.342647 -0.872930 10.000000
v 2.365713 -0.808333 10.000000
v 2.386998 -0.743128 10.000000
v 2.406487 -0.677363 10.000000
v 2.424164 -0.611089 10.000000
v 2.440016 -0.544354 10.000000
v 2.454032 -0.477210 10.000000
v 2.466200 -0.409706 10.000000
v 2.476511 -0.341894 10.000000
v 2.484959 -0.273824 10.000000
v 2.491536 -0.205549 10.000000
v 2.496237 -0.137119 10.000000
v 2.499059 -0.068585 10.000000
v 5.165268 0.600000 7.500000
v 0.600000 5.165268 7.500000
v -0.600000 5.165268 7.500000
v 5.165268 -0.600000 7.500000
v 1.088604 1.031960 7.500000
v 3.676955 3.676955 7.500000
v 3.876345 3.466114 7.500000
v 1.060660 1.060660 7.500000
v 1.031960 1.088604 7.500000
v 3.466114 3.876345 7.500000
v 1.002523 1.115772 7.500000
v 1.115772 1.002523 7.500000
v 0.972371 1.142144 7.500000
v 3.244479 4.063663 7.500000
v 1.142144 0.972371 7.500000
v 4.063663 3.244479 7.500000
v 0.941526 1.167702 7.500000
v 1.167702 0.941526 7.500000
v 0.910010 1.192427 7.500000
v 3.012739 4.238325 7.500000
v 1.192427 0.910010 7.500000
v 4.238325 3.012739 7.500000
v 0.877845 1.216301 7.500000
v 1.216301 0.877845 7.500000
v 0.845053 1.239308 7.500000
v 2.771617 4.399788 7.500000
v 1.239308 0.845053 7.500000
v 4.399788 2.771617 7.500000
v 0.811659 1.261432 7.500000
v 1.261432 0.811659 7.500000
v 0.777686 1.282655 7.500000
v 2.521864 4.547549 7.500000
v 1.282655 0.777686 7.500000
v 4.547549 2.521864 7.500000
v 0.743158 1.302964 7.500000
v 1.302964 0.743158 7.500000
v 0.708101 1.322344 7.500000
v 2.264256 4.681148 7.500000
v 1.322344 0.708101 7.500000
v 4.681148 2.264256 7.500000
v 0.672538 1.340780 7.500000
v 1.340780 0.672538 7.500000
v 0.636496 1.358261 7.500000
v 1.358261 0.636496 7.500000
v 0.600000 1.374773 7.500000
v 1.999597 4.800168 7.500000
v 1.374773 0.600000 7.500000
v 4.800168 1.999597 7.500000
v 0.562063 1.390714 7.500000
v 1.390714 0.562063 7.500000
v 0.523703 1.405609 7.500000
v 1.728711 4.904239 7.500000
v 1.405609 0.523703 7.500000
v 4.904239 1.728711 7.500000
v 0.484948 1.419445 7.500000
v 1.419445 0.484948 7.500000
v 0.445829 1.432214 7.500000
v 1.452441 4.993037 7.500000
v 1.432214 0.445829 7.500000
v 4.993037 1.452441 7.500000
v 0.406374 1.443904 7.500000
v 1.443904 0.406374 7.500000
v 0.366613 1.454508 7.500000
v 1.171647 5.066285 7.500000
v 1.454508 0.366613 7.500000
v 5.066285 1.171647 7.500000
v 0.326577 1.464018 7.500000
v 1.464018 0.326577 7.500000
v 0.286294 1.472425 7.500000
v 0.887205 5.123755 7.500000
v 1.472425 0.286294 7.500000
v 5.123755 0.887205 7.500000
v 0.245797 1.479724 7.500000
v 1.479724 0.245797 7.500000
v 0.205114 1.485910 7.500000
v 1.485910 0.205114 7.500000
v 1.490977 0.164277 7.500000
v 0.164277 1.490977 7.500000
v 1.494923 0.123316 7.500000
v 0.123316 1.494923 7.500000
v 1.497743 0.082262 7.500000
v 0.082262 1.497743 7.500000
v 1.499436 0.041147 7.500000
v 0.041147 1.499436 7.500000
v 1.500000 -0.000000 7.500000
v -0.000000 1.500000 7.500000
v 1.499436 -0.041147 7.500000
v -0.041147 1.499436 7.500000
v 1.497743 -0.082262 7.500000
v -0.082262 1.497743 7.500000
v 1.494923 -0.123316 7.500000
v -0.123316 1.494923 7.500000
v 1.490977 -0.164277 7.500000
v -0.164277 1.490977 7.500000
v 1.485910 -0.205114 7.500000
v 5.123755 -0.887205 7.500000
v -0.205114 1.485910 7.500000
v -0.887205 5.123755 7.500000
v 1.479724 -0.245797 7.500000
v -0.245797 1.479724 7.500000
v 1.472425 -0.286294 7.500000
v 5.066285 -1.171647 7.500000
v -0.286294 1.472425 7.500000
v -1.171647 5.066285 7.500000
v 1.464018 -0.326577 7.500000
v -0.326577 1.464018 7.500000
v 1.454508 -0.366613 7.500000
v 4.993037 -1.452441 7.500000
v -0.366613 1.454508 7.500000
v -1.452441 4.993037 7.500000
v 1.443904 -0.406374 7.500000
v -0.406374 1.443904 7.500000
v 1.432214 -0.445829 7.500000
v 4.904239 -1.728711 7.500000
v -0.445829 1.432214 7.500000
v -1.728711 4.904239 7.500000
v 1.419445 -0.484948 7.500000
v -0.484948 1.419445 7.500000
v 1.405609 -0.523703 7.500000
v 4.800168 -1.999597 7.500000
v -0.523703 1.405609 7.500000
v -1.999597 4.800168 7.500000
v 1.390714 -0.562063 7.500000
v -0.562063 1.390714 7.500000
v 1.374773 -0.600000 7.500000
v 4.681148 -2.264256 7.500000
v -0.600000 1.374773 7.500000
v -2.264256 4.681148 7.500000
v 1.358261 -0.636496 7.500000
v -0.636496 1.358261 7.500000
v 1.340780 -0.672538 7.500000
v -0.672538 1.340780 7.500000
v 1.322344 -0.708101 7.500000
v 4.547549 -2.521864 7.500000
v -0.708101 1.322344 7.500000
v -2.521864 4.547549 7.500000
v 1.302964 -0.743158 7.500000
v -0.743158 1.302964 7.500000
v 1.282655 -0.777686 7.500000
v 4.399788 -2.771617 7.500000
v -0.777686 1.282655 7.500000
v -2.771617 4.399788 7.500000
v 1.261432 -0.811659 7.500000
v -0.811659 1.261432 7.500000
v 1.239308 -0.845053 7.500000
v 4.238325 -3.012739 7.500000
v -0.845053 1.239308 7.500000
v -3.012739 4.238325 7.500000
v 1.216301 -0.877845 7.500000
v -0.877845 1.216301 7.500000
v 1.192427 -0.910010 7.500000
v 4.063663 -3.244479 7.500000
v -0.910010 1.192427 7.500000
v -3.244479 4.063663 7.500000
v 1.167702 -0.941526 7.500000
v -0.941526 1.167702 7.500000
v 1.142144 -0.972371 7.500000
v 3.876345 -3.466114 7.500000
v -0.972371 1.142144 7.500000
v -3.466114 3.876345 7.500000
v 1.115772 -1.002523 7.500000
v -1.002523 1.115772 7.500000
v 1.088604 -1.031960 7.500000
v -1.031960 1.088604 7.500000
v -3.676955 3.676955 7.500000
v -1.060660 1.060660 7.500000
v 3.676955 -3.676955 7.500000
v 1.060660 -1.060660 7.500000
v 1.031960 -1.088604 7.500000
v -1.088604 1.031960 7.500000
v -3.876345 3.466114 7.500000
v -1.115772 1.002523 7.500000
v -1.142144 0.972371 7.500000
v 3.466114 -3.876345 7.500000
v 1.002523 -1.115772 7.500000
v 0.972371 -1.142144 7.500000
v -4.063663 3.244479 7.500000
v -1.167702 0.941526 7.500000
v -1.192427 0.910010 7.500000
v 3.244479 -4.063663 7.500000
v 0.941526 -1.167702 7.500000
v 0.910010 -1.192427 7.500000
v -4.238325 3.012739 7.500000
v -1.216301 0.877845 7.500000
v -1.239308 0.845053 7.500000
v 3.012739 -4.238325 7.500000
v 0.877845 -1.216301 7.500000
v 0.845053 -1.239308 7.500000
v -4.399788 2.771617 7.500000
v -1.261432 0.811659 7.500000
v -1.282655 0.777686 7.500000
v 2.771617 -4.399788 7.500000
v 0.811659 -1.261432 7.500000
v 0.777686 -1.282655 7.500000
v -4.547549 2.521864 7.500000
v -1.302964 0.743158 7.500000
v -1.322344 0.708101 7.500000
v 2.521864 -4.547549 7.500000
v 0.743158 -1.302964 7.500000
v 0.708101 -1.322344 7.500000
v -4.681148 2.264256 7.500000
v -1.358261 0.636496 7.500000
v -1.374773 0.600000 7.500000
v -1.340780 0.672538 7.500000
v 2.264256 -4.681148 7.500000
v 0.672538 -1.340780 7.500000
v 0.636496 -1.358261 7.500000
v 0.600000 -1.374773 7.500000
v -4.800168 1.999597 7.500000
v -1.390714 0.562063 7.500000
v -1.405609 0.523703 7.500000
v 1.999597 -4.800168 7.500000
v 0.562063 -1.390714 7.500000
v 0.523703 -1.405609 7.500000
v -4.904239 1.728711 7.500000
v -1.419445 0.484948 7.500000
v -1.432214 0.445829 7.500000
v 1.728711 -4.904239 7.500000
v 0.484948 -1.419445 7.500000
v 0.445829 -1.432214 7.500000
v -4.993037 1.452441 7.500000
v -1.443904 0.406374 7.500000
v -1.454508 0.366613 7.500000
v 1.452441 -4.993037 7.500000
v 0.406374 -1.443904 7.500000
v 0.366613 -1.454508 7.500000
v -5.066285 1.171647 7.500000
v -1.464018 0.326577 7.500000
v -1.472425 0.286294 7.500000
v 1.171647 -5.066285 7.500000
v 0.326577 -1.464018 7.500000
v 0.286294 -1.472425 7.500000
v -5.123755 0.887205 7.500000
v -1.479724 0.245797 7.500000
v -1.485910 0.205114 7.500000
v 0.887205 -5.123755 7.500000
v 0.245797 -1.479724 7.500000
v 0.205114 -1.485910 7.500000
v -5.165268 0.600000 7.500000
v -1.499436 0.041147 7.500000
v -1.500000 0.000000 7.500000
v -1.497743 0.082262 7.500000
v -1.494923 0.123316 7.500000
v -1.490977 0.164277 7.500000
v 0.600000 -5.165268 7.500000
v 0.164277 -1.490977 7.500000
v 0.123316 -1.494923 7.500000
v 0.082262 -1.497743 7.500000
v 0.041147 -1.499436 7.500000
v -0.000000 -1.500000 7.500000
v -0.600000 -5.165268 7.500000
v -0.041147 -1.499436 7.500000
v -0.082262 -1.497743 7.500000
v -0.123316 -1.494923 7.500000
v -0.164277 -1.490977 7.500000
v -0.205114 -1.485910 7.500000
v -5.165268 -0.600000 7.500000
v -1.490977 -0.164277 7.500000
v -1.485910 -0.205114 7.500000
v -1.494923 -0.123316 7.500000
v -1.497743 -0.082262 7.500000
v -1.499436 -0.041147 7.500000
v -0.887205 -5.123755 7.500000
v -0.245797 -1.479724 7.500000
v -0.286294 -1.472425 7.500000
v -5.123755 -0.887205 7.500000
v -1.479724 -0.245797 7.500000
v -1.472425 -0.286294 7.500000
v -1.171647 -5.066285 7.500000
v -0.326577 -1.464018 7.500000
v -0.366613 -1.454508 7.500000
v -5.066285 -1.171647 7.500000
v -1.464018 -0.326577 7.500000
v -1.454508 -0.366613 7.500000
v -1.452441 -4.993037 7.500000
v -0.406374 -1.443904 7.500000
v -0.445829 -1.432214 7.500000
v -4.993037 -1.452441 7.500000
v -1.443904 -0.406374 7.500000
v -1.432214 -0.445829 7.500000
v -1.728711 -4.904239 7.500000
v -0.484948 -1.419445 7.500000
v -0.523703 -1.405609 7.500000
v -4.904239 -1.728711 7.500000
v -1.419445 -0.484948 7.500000
v -1.405609 -0.523703 7.500000
v -1.999597 -4.800168 7.500000
v -0.562063 -1.390714 7.500000
v -0.600000 -1.374773 7.500000
v -4.800168 -1.999597 7.500000
v -1.390714 -0.562063 7.500000
v -1.374773 -0.600000 7.500000
v -2.264256 -4.681148 7.500000
v -0.636496 -1.358261 7.500000
v -0.672538 -1.340780 7.500000
v -0.708101 -1.322344 7.500000
v -4.681148 -2.264256 7.500000
v -1.340780 -0.672538 7.500000
v -1.322344 -0.708101 7.500000
v -1.358261 -0.636496 7.500000
v -2.521864 -4.547549 7.500000
v -0.743158 -1.302964 7.500000
v -0.777686 -1.282655 7.500000
v -4.547549 -2.521864 7.500000
v -1.302964 -0.743158 7.500000
v -1.282655 -0.777686 7.500000
v -2.771617 -4.399788 7.500000
v -0.811659 -1.261432 7.500000
v -0.845053 -1.239308 7.500000
v -4.399788 -2.771617 7.500000
v -1.261432 -0.811659 7.500000
v -1.239308 -0.845053 7.500000
v -3.012739 -4.238325 7.500000
v -0.877845 -1.216301 7.500000
v -0.910010 -1.192427 7.500000
v -4.238325 -3.012739 7.500000
v -1.216301 -0.877845 7.500000
v -1.192427 -0.910010 7.500000
v -3.244479 -4.063663 7.500000
v -0.941526 -1.167702 7.500000
v -0.972371 -1.142144 7.500000
v -4.063663 -3.244479 7.500000
v -1.167702 -0.941526 7.500000
v -1.142144 -0.972371 7.500000
v -3.466114 -3.876345 7.500000
v -1.002523 -1.115772 7.500000
v -1.031960 -1.088604 7.500000
v -3.876345 -3.466114 7.500000
v -1.115772 -1.002523 7.500000
v -1.088604 -1.031960 7.500000
v -3.676955 -3.676955 7.500000
v -1.060660 -1.060660 7.500000
v 5.165268 0.600000 5.500000
v 5.123755 0.887205 5.500000
v 0.600000 5.165268 5.500000
v 0.887205 5.123755 5.500000
v 5.066285 1.171647 5.500000
v 1.171647 5.066285 5.500000
v 4.993037 1.452441 5.500000
v 1.452441 4.993037 5.500000
v 4.904239 1.728711 5.500000
v 1.728711 4.904239 5.500000
v 4.800168 1.999597 5.500000
v 1.999597 4.800168 5.500000
v 4.681148 2.264256 5.500000
v 2.264256 4.681148 5.500000
v 2.521864 4.547549 5.500000
v 4.547549 2.521864 5.500000
v 4.399788 2.771617 5.500000
v 2.771617 4.399788 5.500000
v 3.012739 4.238325 5.500000
v 4.238325 3.012739 5.500000
v 3.244479 4.063663 5.500000
v 4.063663 3.244479 5.500000
v 3.876345 3.466114 5.500000
v 3.466114 3.876345 5.500000
v 3.676955 3.676955 5.500000
v -0.600000 5.165268 5.500000
v -5.165268 0.600000 5.500000
v -5.123755 0.887205 5.500000
v -5.066285 1.171647 5.500000
v -4.993037 1.452441 5.500000
v -4.904239 1.728711 5.500000
v -4.800168 1.999597 5.500000
v -4.681148 2.264256 5.500000
v -4.547549 2.521864 5.500000
v -4.399788 2.771617 5.500000
v -4.238325 3.012739 5.500000
v -4.063663 3.244479 5.500000
v -3.876345 3.466114 5.500000
v -3.676955 3.676955 5.500000
v -3.466114 3.876345 5.500000
v -3.244479 4.063663 5.500000
v -3.012739 4.238325 5.500000
v -2.771617 4.399788 5.500000
v -2.521864 4.547549 5.500000
v -2.264256 4.681148 5.500000
v -1.999597 4.800168 5.500000
v -1.728711 4.904239 5.500000
v -1.452441 4.993037 5.500000
v -1.171647 5.066285 5.500000
v -0.887205 5.123755 5.500000
v -5.165268 -0.600000 5.500000
v -3.676955 -3.676955 5.500000
v -3.466114 -3.876345 5.500000
v -3.876345 -3.466114 5.500000
v -3.244479 -4.063663 5.500000
v -4.063663 -3.244479 5.500000
v -3.012739 -4.238325 5.500000
v -4.238325 -3.012739 5.500000
v -2.771617 -4.399788 5.500000
v -4.399788 -2.771617 5.500000
v -2.521864 -4.547549 5.500000
v -4.547549 -2.521864 5.500000
v -2.264256 -4.681148 5.500000
v -4.681148 -2.264256 5.500000
v -1.999597 -4.800168 5.500000
v -4.800168 -1.999597 5.500000
v -1.728711 -4.904239 5.500000
v -4.904239 -1.728711 5.500000
v -1.452441 -4.993037 5.500000
v -4.993037 -1.452441 5.500000
v -1.171647 -5.066285 5.500000
v -5.066285 -1.171647 5.500000
v -0.887205 -5.123755 5.500000
v -5.123755 -0.887205 5.500000
v -0.600000 -5.165268 5.500000
v 0.600000 -5.165268 5.500000
v 0.887205 -5.123755 5.500000
v 1.171647 -5.066285 5.500000
v 1.452441 -4.993037 5.500000
v 1.728711 -4.904239 5.500000
v 1.999597 -4.800168 5.500000
v 2.264256 -4.681148 5.500000
v 2.521864 -4.547549 5.500000
v 2.771617 -4.399788 5.500000
v 3.012739 -4.238325 5.500000
v 3.244479 -4.063663 5.500000
v 3.466114 -3.876345 5.500000
v 3.676955 -3.676955 5.500000
v 3.876345 -3.466114 5.500000
v 4.063663 -3.244479 5.500000
v 4.238325 -3.012739 5.500000
v 4.399788 -2.771617 5.500000
v 4.547549 -2.521864 5.500000
v 4.681148 -2.264256 5.500000
v 4.800168 -1.999597 5.500000
v 4.904239 -1.728711 5.500000
v 4.993037 -1.452441 5.500000
v 5.066285 -1.171647 5.500000
v 5.123755 -0.887205 5.500000
v 5.165268 -0.600000 5.500000
v -1.034893 -1.085816 10.000000
v -1.064292 -1.057016 10.000000
v -1.092889 -1.027421 10.000000
v -1.004715 -1.113799 10.000000
v -1.120664 -0.997051 10.000000
v -0.973781 -1.140943 10.000000
v -1.147596 -0.965932 10.000000
v -0.942114 -1.167228 10.000000
v -1.173663 -0.934085 10.000000
v -0.909737 -1.192635 10.000000
v -1.198847 -0.901535 10.000000
v -0.876676 -1.217144 10.000000
v -1.223129 -0.868307 10.000000
v -0.842955 -1.240736 10.000000
v -1.246489 -0.834424 10.000000
v -0.808599 -1.263395 10.000000
v -1.268912 -0.799914 10.000000
v -0.773635 -1.285103 10.000000
v -1.290379 -0.764802 10.000000
v -0.738088 -1.305843 10.000000
v -1.310875 -0.729113 10.000000
v -0.701986 -1.325600 10.000000
v -1.330384 -0.692876 10.000000
v -0.665355 -1.344360 10.000000
v -1.348892 -0.656118 10.000000
v -0.628223 -1.362107 10.000000
v -1.366384 -0.618865 10.000000
v -0.590619 -1.378829 10.000000
v -1.382848 -0.581147 10.000000
v -0.552569 -1.394513 10.000000
v -1.398271 -0.542991 10.000000
v -0.514104 -1.409148 10.000000
v -1.412641 -0.504426 10.000000
v -0.475252 -1.422721 10.000000
v -1.425948 -0.465482 10.000000
v -0.436042 -1.435224 10.000000
v -1.438181 -0.426187 10.000000
v -0.396504 -1.446646 10.000000
v -1.449332 -0.386572 10.000000
v -0.356668 -1.456979 10.000000
v -1.459391 -0.346665 10.000000
v -0.316563 -1.466216 10.000000
v -1.468352 -0.306498 10.000000
v -0.276219 -1.474348 10.000000
v -1.476208 -0.266100 10.000000
v -0.235668 -1.481371 10.000000
v -1.482953 -0.225501 10.000000
v -0.194939 -1.487279 10.000000
v -1.488581 -0.184733 10.000000
v -0.154064 -1.492067 10.000000
v -1.493089 -0.143826 10.000000
v -0.113072 -1.495732 10.000000
v -1.496473 -0.102810 10.000000
v -0.071996 -1.498271 10.000000
v -1.498730 -0.061717 10.000000
v -0.030865 -1.499682 10.000000
v -1.499859 -0.020577 10.000000
v 0.010289 -1.499965 10.000000
v -1.499859 0.020577 10.000000
v 0.051435 -1.499118 10.000000
v -1.498730 0.061717 10.000000
v 0.092543 -1.497143 10.000000
v -1.496473 0.102810 10.000000
v 0.133581 -1.494040 10.000000
v -1.493089 0.143826 10.000000
v 0.174518 -1.489813 10.000000
v -1.488581 0.184733 10.000000
v 0.215324 -1.484465 10.000000
v -1.482953 0.225501 10.000000
v 0.255968 -1.477999 10.000000
v -1.476208 0.266100 10.000000
v 0.296419 -1.470420 10.000000
v -1.468352 0.306498 10.000000
v 0.336647 -1.461735 10.000000
v -1.459391 0.346665 10.000000
v 0.376621 -1.451949 10.000000
v -1.449332 0.386572 10.000000
v 0.416312 -1.441070 10.000000
v -1.438181 0.426187 10.000000
v 0.455690 -1.429107 10.000000
v -1.425948 0.465482 10.000000
v 0.494725 -1.416068 10.000000
v -1.412641 0.504426 10.000000
v 0.533387 -1.401962 10.000000
v -1.398271 0.542991 10.000000
v 0.571648 -1.386802 10.000000
v -1.382848 0.581147 10.000000
v 0.609478 -1.370597 10.000000
v -1.366384 0.618865 10.000000
v 0.646850 -1.353361 10.000000
v -1.348892 0.656118 10.000000
v 0.683735 -1.335106 10.000000
v -1.330384 0.692876 10.000000
v 0.720105 -1.315845 10.000000
v -1.310875 0.729113 10.000000
v 0.755933 -1.295595 10.000000
v -1.290379 0.764802 10.000000
v 0.791191 -1.274369 10.000000
v -1.268912 0.799914 10.000000
v 0.825855 -1.252184 10.000000
v -1.246489 0.834424 10.000000
v 0.859896 -1.229056 10.000000
v -1.223129 0.868307 10.000000
v 0.893291 -1.205003 10.000000
v -1.198847 0.901535 10.000000
v 0.926013 -1.180043 10.000000
v -1.173663 0.934085 10.000000
v 0.958037 -1.154194 10.000000
v -1.147596 0.965932 10.000000
v 0.989341 -1.127477 10.000000
v -1.120664 0.997051 10.000000
v 1.019900 -1.099911 10.000000
v -1.092889 1.027421 10.000000
v 1.049691 -1.071517 10.000000
v -1.064292 1.057016 10.000000
v -1.034893 1.085816 10.000000
v 1.078692 -1.042316 10.000000
v 1.106881 -1.012331 10.000000
v -1.004715 1.113799 10.000000
v 1.134237 -0.981584 10.000000
v -0.973781 1.140943 10.000000
v 1.186367 -0.917897 10.000000
v 1.160739 -0.950098 10.000000
v -0.942114 1.167228 10.000000
v 1.211102 -0.885004 10.000000
v -0.909737 1.192635 10.000000
v -0.876676 1.217144 10.000000
v 1.234925 -0.851446 10.000000
v -0.842955 1.240736 10.000000
v 1.279766 -0.782431 10.000000
v 1.257819 -0.817246 10.000000
v -0.808599 1.263395 10.000000
v -0.773635 1.285103 10.000000
v 1.320754 -0.711062 10.000000
v 1.300750 -0.747028 10.000000
v -0.738088 1.305843 10.000000
v 1.339764 -0.674561 10.000000
v -0.701986 1.325600 10.000000
v -0.665355 1.344360 10.000000
v 1.374745 -0.600063 10.000000
v 1.357766 -0.637552 10.000000
v -0.628223 1.362107 10.000000
v -0.590619 1.378829 10.000000
v -0.552569 1.394513 10.000000
v 1.390690 -0.562122 10.000000
v -0.514104 1.409148 10.000000
v 1.405588 -0.523758 10.000000
v 1.432199 -0.445877 10.000000
v 1.419428 -0.485000 10.000000
v -0.475252 1.422721 10.000000
v -0.436042 1.435224 10.000000
v 1.443892 -0.406418 10.000000
v 1.454498 -0.366653 10.000000
v -0.396504 1.446646 10.000000
v 1.464010 -0.326612 10.000000
v -0.356668 1.456979 10.000000
v 1.472419 -0.286326 10.000000
v -0.316563 1.466216 10.000000
v 1.479720 -0.245824 10.000000
v -0.276219 1.474348 10.000000
v 1.485907 -0.205136 10.000000
v -0.235668 1.481371 10.000000
v -0.194939 1.487279 10.000000
v -0.154064 1.492067 10.000000
v 1.494921 -0.123329 10.000000
v 1.490975 -0.164295 10.000000
v -0.113072 1.495732 10.000000
v -0.071996 1.498271 10.000000
v 1.499435 -0.041151 10.000000
v 1.497742 -0.082271 10.000000
v -0.030865 1.499682 10.000000
v 1.500000 0.000000 10.000000
v 1.499435 0.041151 10.000000
v 0.010289 1.499965 10.000000
v 0.051435 1.499118 10.000000
v 1.497742 0.082271 10.000000
v 1.494921 0.123329 10.000000
v 0.092543 1.497143 10.000000
v 1.490975 0.164295 10.000000
v 0.133581 1.494040 10.000000
v 0.174518 1.489813 10.000000
v 1.485907 0.205136 10.000000
v 0.215324 1.484465 10.000000
v 1.479720 0.245824 10.000000
v 0.255968 1.477999 10.000000
v 1.472419 0.286326 10.000000
v 0.296419 1.470420 10.000000
v 1.454498 0.366653 10.000000
v 1.464010 0.326612 10.000000
v 0.336647 1.461735 10.000000
v 0.376621 1.451949 10.000000
v 0.416312 1.441070 10.000000
v 1.432199 0.445877 10.000000
v 1.443892 0.406418 10.000000
v 0.455690 1.429107 10.000000
v 1.405588 0.523758 10.000000
v 1.419428 0.485000 10.000000
v 0.494725 1.416068 10.000000
v 0.533387 1.401962 10.000000
v 1.390690 0.562122 10.000000
v 0.571648 1.386802 10.000000
v 1.374745 0.600063 10.000000
v 0.609478 1.370597 10.000000
v 1.357766 0.637552 10.000000
v 0.646850 1.353361 10.000000
v 1.320754 0.711062 10.000000
v 1.339764 0.674561 10.000000
v 0.683735 1.335106 10.000000
v 0.720105 1.315845 10.000000
v 1.300750 0.747028 10.000000
v 0.755933 1.295595 10.000000
v 0.791191 1.274369 10.000000
v 1.257819 0.817246 10.000000
v 1.279766 0.782431 10.000000
v 1.234925 0.851446 10.000000
v 0.825855 1.252184 10.000000
v 0.859896 1.229056 10.000000
v 0.893291 1.205003 10.000000
v 1.186367 0.917897 10.000000
v 1.211102 0.885004 10.000000
v 1.160739 0.950098 10.000000
v 0.926013 1.180043 10.000000
v 1.134237 0.981584 10.000000
v 0.958037 1.154194 10.000000
v 0.989341 1.127477 10.000000
v 1.106881 1.012331 10.000000
v 1.019900 1.099911 10.000000
v 1.049691 1.071517 10.000000
v 1.078692 1.042316 10.000000
vn 0.999906 0.013719 -0.000000
vn 0.999906 0.013719 0.000000
vn 0.999153 0.041144 0.000000
vn 0.999153 0.041144 -0.000000
vn 0.997649 0.068538 0.000000
vn 0.997649 0.068538 -0.000000
vn 0.995393 0.095883 0.000000
vn 0.995393 0.095883 -0.000000
vn 0.992387 0.123155 0.000000
vn 0.992387 0.123155 -0.000000
vn 0.988635 0.150337 0.000000
vn 0.988635 0.150337 -0.000000
vn 0.984139 0.177397 0.000000
vn 0.984139 0.177397 -0.000000
vn 0.978901 0.204335 0.000000
vn 0.978901 0.204335 -0.000000
vn 0.972928 0.231110 0.000000
vn 0.972928 0.231110 -0.000000
vn 0.966222 0.257712 -0.000000
vn 0.966222 0.257712 0.000000
vn 0.958787 0.284125 -0.000000
vn 0.958787 0.284125 0.000000
vn 0.950631 0.310323 -0.000000
vn 0.950631 0.310323 0.000000
vn 0.941760 0.336284 0.000000
vn 0.941760 0.336284 -0.000000
vn 0.932181 0.361992 0.000000
vn 0.932181 0.361992 -0.000000
vn 0.921898 0.387432 0.000000
vn 0.921898 0.387432 -0.000000
vn 0.910923 0.412577 0.000000
vn 0.910923 0.412577 -0.000000
vn 0.899261 0.437413 0.000000
vn 0.899261 0.437413 -0.000000
vn 0.886922 0.461918 0.000000
vn 0.886922 0.461918 -0.000000
vn 0.873917 0.486076 0.000000
vn 0.873917 0.486076 -0.000000
vn 0.860254 0.509866 0.000000
vn 0.860254 0.509866 -0.000000
vn 0.845940 0.533277 0.000000
vn 0.845940 0.533277 -0.000000
vn 0.830993 0.556283 0.000000
vn 0.830993 0.556283 -0.000000
vn 0.815418 0.578872 0.000000
vn 0.799232 0.601023 0.000000
vn 0.815418 0.578872 -0.000000
vn 0.799232 0.601023 0.000000
vn 0.782443 0.622723 0.000000
vn 0.782443 0.622723 -0.000000
vn 0.765063 0.643955 0.000000
vn 0.765063 0.643955 -0.000000
vn 0.747110 0.664701 0.000000
vn 0.747110 0.664701 -0.000000
vn 0.728593 0.684947 0.000000
vn 0.728593 0.684947 -0.000000
vn 0.709528 0.704677 0.000000
vn 0.709528 0.704677 -0.000000
vn 0.689928 0.723878 0.000000
vn 0.689928 0.723878 -0.000000
vn 0.669811 0.742532 0.000000
vn 0.669811 0.742532 -0.000000
vn 0.649186 0.760629 0.000000
vn 0.649186 0.760629 -0.000000
vn 0.628076 0.778152 0.000000
vn 0.628076 0.778152 -0.000000
vn 0.606492 0.795090 0.000000
vn 0.606492 0.795090 -0.000000
vn 0.584450 0.811429 0.000000
vn 0.584450 0.811429 -0.000000
vn 0.561969 0.827158 0.000000
vn 0.561969 0.827158 -0.000000
vn 0.539066 0.842263 -0.000000
vn 0.539066 0.842263 0.000000
vn 0.515756 0.856735 -0.000000
vn 0.515756 0.856735 0.000000
vn 0.492060 0.870561 -0.000000
vn 0.492060 0.870561 0.000000
vn 0.467990 0.883734 -0.000000
vn 0.467990 0.883734 0.000000
vn 0.443569 0.896240 -0.000000
vn 0.443569 0.896240 0.000000
vn 0.418817 0.908071 -0.000000
vn 0.418817 0.908071 0.000000
vn 0.393745 0.919220 -0.000000
vn 0.393745 0.919220 0.000000
vn 0.368381 0.929675 -0.000000
vn 0.368381 0.929675 0.000000
vn 0.342736 0.939432 -0.000000
vn 0.342736 0.939432 0.000000
vn 0.316834 0.948481 -0.000000
vn 0.316834 0.948481 0.000000
vn 0.290694 0.956816 0.000000
vn 0.290694 0.956816 -0.000000
vn 0.264337 0.964431 0.000000
vn 0.264337 0.964431 0.000000
vn 0.237780 0.971319 0.000000
vn 0.237780 0.971319 -0.000000
vn 0.211040 0.977477 0.000000
vn 0.211040 0.977477 -0.000000
vn 0.184147 0.982899 0.000000
vn 0.184147 0.982899 -0.000000
vn 0.157111 0.987581 0.000000
vn 0.157111 0.987581 -0.000000
vn 0.129958 0.991520 0.000000
vn 0.129958 0.991520 -0.000000
vn 0.102710 0.994711 0.000000
vn 0.102710 0.994711 -0.000000
vn 0.075382 0.997155 0.000000
vn 0.075382 0.997155 -0.000000
vn 0.047999 0.998847 0.000000
vn 0.020574 0.999788 0.000000
vn 0.047999 0.998847 -0.000000
vn 0.020574 0.999788 0.000000
vn -0.006858 0.999977 0.000000
vn -0.006858 0.999977 0.000000
vn -0.034290 0.999412 0.000000
vn -0.061694 0.998095 0.000000
vn -0.034290 0.999412 0.000000
vn -0.061694 0.998095 0.000000
vn -0.089056 0.996027 0.000000
vn -0.089056 0.996027 0.000000
vn -0.116342 0.993209 0.000000
vn -0.116342 0.993209 0.000000
vn -0.143552 0.989643 0.000000
vn -0.143552 0.989643 0.000000
vn -0.170643 0.985333 0.000000
vn -0.170643 0.985333 0.000000
vn -0.197613 0.980280 0.000000
vn -0.197613 0.980280 0.000000
vn -0.224433 0.974490 0.000000
vn -0.224433 0.974490 0.000000
vn -0.251079 0.967966 0.000000
vn -0.251079 0.967966 0.000000
vn -0.277541 0.960714 0.000000
vn -0.277541 0.960714 0.000000
vn -0.303795 0.952737 0.000000
vn -0.303795 0.952737 0.000000
vn -0.329816 0.944045 0.000000
vn -0.329816 0.944045 0.000000
vn -0.355590 0.934642 0.000000
vn -0.355590 0.934642 0.000000
vn -0.381099 0.924534 0.000000
vn -0.381099 0.924534 0.000000
vn -0.406320 0.913731 0.000000
vn -0.406320 0.913731 0.000000
vn -0.431233 0.902241 0.000000
vn -0.431233 0.902241 0.000000
vn -0.455821 0.890071 0.000000
vn -0.455821 0.890071 0.000000
vn -0.480070 0.877230 0.000000
vn -0.480070 0.877230 0.000000
vn -0.503955 0.863730 0.000000
vn -0.503955 0.863730 0.000000
vn -0.527462 0.849578 0.000000
vn -0.527462 0.849578 0.000000
vn -0.550569 0.834790 0.000000
vn -0.550569 0.834790 0.000000
vn -0.573265 0.819370 0.000000
vn -0.573265 0.819370 0.000000
vn -0.595527 0.803335 0.000000
vn -0.595527 0.803335 0.000000
vn -0.617341 0.786696 0.000000
vn -0.617341 0.786696 0.000000
vn -0.638692 0.769463 0.000000
vn -0.638692 0.769463 0.000000
vn -0.659561 0.751651 0.000000
vn -0.659561 0.751651 0.000000
vn -0.679933 0.733274 0.000000
vn -0.679933 0.733274 0.000000
vn -0.699794 0.714344 0.000000
vn -0.699794 0.714344 0.000000
vn -0.719129 0.694877 0.000000
vn -0.719129 0.694877 0.000000
vn -0.737920 0.674888 0.000000
vn -0.737920 0.674888 0.000000
vn -0.756158 0.654390 0.000000
vn -0.756158 0.654390 0.000000
vn -0.773826 0.633399 0.000000
vn -0.773826 0.633399 0.000000
vn -0.790912 0.611930 0.000000
vn -0.790912 0.611930 0.000000
vn -0.807401 0.590003 0.000000
vn -0.807401 0.590003 0.000000
vn -0.823283 0.567631 0.000000
vn -0.823283 0.567631 0.000000
vn -0.838547 0.544830 0.000000
vn -0.838547 0.544830 0.000000
vn -0.853178 0.521620 0.000000
vn -0.853178 0.521620 0.000000
vn -0.867166 0.498019 0.000000
vn -0.867166 0.498019 0.000000
vn -0.880503 0.474041 0.000000
vn -0.880503 0.474041 0.000000
vn -0.893176 0.449708 0.000000
vn -0.893176 0.449708 0.000000
vn -0.905177 0.425035 0.000000
vn -0.916498 0.400040 0.000000
vn -0.905177 0.425035 0.000000
vn -0.916498 0.400040 0.000000
vn -0.927126 0.374749 0.000000
vn -0.927126 0.374749 0.000000
vn -0.937058 0.349173 0.000000
vn -0.946285 0.323333 0.000000
vn -0.937058 0.349173 0.000000
vn -0.946285 0.323333 0.000000
vn -0.954800 0.297250 0.000000
vn -0.954800 0.297250 0.000000
vn -0.962595 0.270944 0.000000
vn -0.962595 0.270944 0.000000
vn -0.969665 0.244437 0.000000
vn -0.976006 0.217742 0.000000
vn -0.969665 0.244437 0.000000
vn -0.976006 0.217742 0.000000
vn -0.981613 0.190883 0.000000
vn -0.981613 0.190883 0.000000
vn -0.986480 0.163883 0.000000
vn -0.990605 0.136756 0.000000
vn -0.986480 0.163883 0.000000
vn -0.990605 0.136756 0.000000
vn -0.993984 0.109530 0.000000
vn -0.993984 0.109530 0.000000
vn -0.996614 0.082219 0.000000
vn -0.996614 0.082219 0.000000
vn -0.998495 0.054850 0.000000
vn -0.998495 0.054850 0.000000
vn -0.999624 0.027432 0.000000
vn -0.999624 0.027432 0.000000
vn -1.000000 -0.000000 0.000000
vn -1.000000 0.000000 0.000000
vn -0.999624 -0.027432 -0.000000
vn -0.998495 -0.054850 -0.000000
vn -0.999624 -0.027432 0.000000
vn -0.998495 -0.054850 0.000000
vn -0.996614 -0.082219 0.000000
vn -0.996614 -0.082219 0.000000
vn -0.993984 -0.109530 0.000000
vn -0.990605 -0.136756 -0.000000
vn -0.993984 -0.109530 0.000000
vn -0.986480 -0.163883 -0.000000
vn -0.990605 -0.136756 0.000000
vn -0.986480 -0.163883 0.000000
vn -0.981613 -0.190883 0.000000
vn -0.981613 -0.190883 0.000000
vn -0.976006 -0.217742 0.000000
vn -0.976006 -0.217742 0.000000
vn -0.969665 -0.244437 0.000000
vn -0.962595 -0.270944 -0.000000
vn -0.969665 -0.244437 0.000000
vn -0.962595 -0.270944 0.000000
vn -0.954800 -0.297250 0.000000
vn -0.954800 -0.297250 0.000000
vn -0.946285 -0.323333 0.000000
vn -0.937058 -0.349173 -0.000000
vn -0.946285 -0.323333 0.000000
vn -0.937058 -0.349173 0.000000
vn -0.927126 -0.374749 0.000000
vn -0.927126 -0.374749 0.000000
vn -0.916498 -0.400040 0.000000
vn -0.916498 -0.400040 0.000000
vn -0.905177 -0.425035 0.000000
vn -0.905177 -0.425035 0.000000
vn -0.893176 -0.449708 0.000000
vn -0.893176 -0.449708 0.000000
vn -0.880503 -0.474041 0.000000
vn -0.880503 -0.474041 0.000000
vn -0.867166 -0.498019 0.000000
vn -0.867166 -0.498019 0.000000
vn -0.853178 -0.521620 0.000000
vn -0.853178 -0.521620 0.000000
vn -0.838547 -0.544830 0.000000
vn -0.838547 -0.544830 0.000000
vn -0.823283 -0.567631 0.000000
vn -0.823283 -0.567631 0.000000
vn -0.807401 -0.590003 0.000000
vn -0.807401 -0.590003 0.000000
vn -0.790912 -0.611930 -0.000000
vn -0.790912 -0.611930 0.000000
vn -0.773826 -0.633399 0.000000
vn -0.773826 -0.633399 0.000000
vn -0.756158 -0.654390 0.000000
vn -0.756158 -0.654390 0.000000
vn -0.737920 -0.674888 0.000000
vn -0.737920 -0.674888 0.000000
vn -0.719129 -0.694877 0.000000
vn -0.719129 -0.694877 0.000000
vn -0.699794 -0.714344 0.000000
vn -0.699794 -0.714344 0.000000
vn -0.679933 -0.733274 0.000000
vn -0.679933 -0.733274 0.000000
vn -0.659561 -0.751651 0.000000
vn -0.659561 -0.751651 0.000000
vn -0.638692 -0.769463 0.000000
vn -0.638692 -0.769463 0.000000
vn -0.617341 -0.786696 0.000000
vn -0.617341 -0.786696 0.000000
vn -0.595527 -0.803335 0.000000
vn -0.595527 -0.803335 0.000000
vn -0.573265 -0.819370 0.000000
vn -0.573265 -0.819370 0.000000
vn -0.550569 -0.834790 0.000000
vn -0.527462 -0.849578 -0.000000
vn -0.550569 -0.834790 0.000000
vn -0.527462 -0.849578 0.000000
vn -0.503955 -0.863730 0.000000
vn -0.480070 -0.877230 -0.000000
vn -0.503955 -0.863730 0.000000
vn -0.480070 -0.877230 0.000000
vn -0.455821 -0.890071 0.000000
vn -0.431233 -0.902241 -0.000000
vn -0.455821 -0.890071 0.000000
vn -0.431233 -0.902241 0.000000
vn -0.406320 -0.913731 0.000000
vn -0.406320 -0.913731 0.000000
vn -0.381099 -0.924534 0.000000
vn -0.381099 -0.924534 0.000000
vn -0.355590 -0.934642 0.000000
vn -0.329816 -0.944045 -0.000000
vn -0.355590 -0.934642 0.000000
vn -0.329816 -0.944045 0.000000
vn -0.303795 -0.952737 0.000000
vn -0.277541 -0.960714 -0.000000
vn -0.303795 -0.952737 0.000000
vn -0.277541 -0.960714 0.000000
vn -0.251079 -0.967966 0.000000
vn -0.251079 -0.967966 0.000000
vn -0.224433 -0.974490 0.000000
vn -0.224433 -0.974490 0.000000
vn -0.197613 -0.980280 -0.000000
vn -0.197613 -0.980280 0.000000
vn -0.170643 -0.985333 0.000000
vn -0.170643 -0.985333 0.000000
vn -0.143552 -0.989643 0.000000
vn -0.143552 -0.989643 0.000000
vn -0.116342 -0.993209 0.000000
vn -0.116342 -0.993209 0.000000
vn -0.089056 -0.996027 -0.000000
vn -0.089056 -0.996027 0.000000
vn -0.061694 -0.998095 0.000000
vn -0.061694 -0.998095 0.000000
vn -0.034290 -0.999412 0.000000
vn -0.034290 -0.999412 0.000000
vn -0.006858 -0.999977 0.000000
vn -0.006858 -0.999977 0.000000
vn 0.020574 -0.999788 0.000000
vn 0.020574 -0.999788 0.000000
vn 0.047999 -0.998847 0.000000
vn 0.047999 -0.998847 0.000000
vn 0.075382 -0.997155 0.000000
vn 0.075382 -0.997155 0.000000
vn 0.102710 -0.994711 0.000000
vn 0.102710 -0.994711 0.000000
vn 0.129958 -0.991520 0.000000
vn 0.129958 -0.991520 0.000000
vn 0.157111 -0.987581 0.000000
vn 0.157111 -0.987581 0.000000
vn 0.184147 -0.982899 0.000000
vn 0.184147 -0.982899 0.000000
vn 0.211040 -0.977477 0.000000
vn 0.211040 -0.977477 0.000000
vn 0.237780 -0.971319 0.000000
vn 0.237780 -0.971319 0.000000
vn 0.264337 -0.964431 0.000000
vn 0.264337 -0.964431 0.000000
vn 0.290694 -0.956816 0.000000
vn 0.290694 -0.956816 0.000000
vn 0.316834 -0.948481 0.000000
vn 0.342736 -0.939432 0.000000
vn 0.316834 -0.948481 0.000000
vn 0.342736 -0.939432 0.000000
vn 0.368381 -0.929675 0.000000
vn 0.393745 -0.919220 0.000000
vn 0.368381 -0.929675 0.000000
vn 0.393745 -0.919220 0.000000
vn 0.418817 -0.908071 0.000000
vn 0.418817 -0.908071 0.000000
vn 0.443569 -0.896240 0.000000
vn 0.443569 -0.896240 0.000000
vn 0.467990 -0.883734 0.000000
vn 0.467990 -0.883734 0.000000
vn 0.492060 -0.870561 0.000000
vn 0.492060 -0.870561 0.000000
vn 0.515756 -0.856735 0.000000
vn 0.515756 -0.856735 0.000000
vn 0.539066 -0.842263 0.000000
vn 0.539066 -0.842263 0.000000
vn 0.561969 -0.827158 0.000000
vn 0.561969 -0.827158 0.000000
vn 0.584450 -0.811429 0.000000
vn 0.584450 -0.811429 0.000000
vn 0.606492 -0.795090 0.000000
vn 0.606492 -0.795090 0.000000
vn 0.628076 -0.778152 0.000000
vn 0.628076 -0.778152 0.000000
vn 0.649186 -0.760629 0.000000
vn 0.649186 -0.760629 0.000000
vn 0.669811 -0.742532 0.000000
vn 0.669811 -0.742532 0.000000
vn 0.689928 -0.723878 0.000000
vn 0.709528 -0.704677 0.000000
vn 0.689928 -0.723878 0.000000
vn 0.709528 -0.704677 0.000000
vn 0.728593 -0.684947 0.000000
vn 0.728593 -0.684947 0.000000
vn 0.747110 -0.664701 0.000000
vn 0.765063 -0.643955 0.000000
vn 0.747110 -0.664701 0.000000
vn 0.765063 -0.643955 0.000000
vn 0.782443 -0.622723 0.000000
vn 0.799232 -0.601023 0.000000
vn 0.782443 -0.622723 0.000000
vn 0.799232 -0.601023 0.000000
vn 0.815418 -0.578872 0.000000
vn 0.815418 -0.578872 0.000000
vn 0.830993 -0.556283 0.000000
vn 0.830993 -0.556283 0.000000
vn 0.845940 -0.533277 0.000000
vn 0.845940 -0.533277 0.000000
vn 0.860254 -0.509866 0.000000
vn 0.860254 -0.509866 0.000000
vn 0.873917 -0.486076 0.000000
vn 0.873917 -0.486076 0.000000
vn 0.886922 -0.461918 0.000000
vn 0.886922 -0.461918 0.000000
vn 0.899261 -0.437413 0.000000
vn 0.899261 -0.437413 0.000000
vn 0.910923 -0.412577 0.000000
vn 0.910923 -0.412577 0.000000
vn 0.921898 -0.387432 0.000000
vn 0.921898 -0.387432 0.000000
vn 0.932181 -0.361992 0.000000
vn 0.932181 -0.361992 0.000000
vn 0.941760 -0.336284 0.000000
vn 0.950631 -0.310323 0.000000
vn 0.941760 -0.336284 0.000000
vn 0.950631 -0.310323 0.000000
vn 0.958787 -0.284125 0.000000
vn 0.966222 -0.257712 0.000000
vn 0.958787 -0.284125 0.000000
vn 0.966222 -0.257712 0.000000
vn 0.972928 -0.231110 0.000000
vn 0.972928 -0.231110 0.000000
vn 0.978901 -0.204335 0.000000
vn 0.984139 -0.177397 0.000000
vn 0.978901 -0.204335 0.000000
vn 0.984139 -0.177397 0.000000
vn 0.988635 -0.150337 0.000000
vn 0.992387 -0.123155 0.000000
vn 0.988635 -0.150337 0.000000
vn 0.992387 -0.123155 0.000000
vn 0.995393 -0.095883 0.000000
vn 0.995393 -0.095883 0.000000
vn 0.997649 -0.068538 0.000000
vn 0.997649 -0.068538 0.000000
vn 0.999153 -0.041144 0.000000
vn 0.999906 -0.013719 0.000000
vn 0.999153 -0.041144 0.000000
vn 0.999906 -0.013719 0.000000
vn 0.632333 0.316770 0.706974
vn 0.626941 0.326516 0.707342
vn 0.618256 0.343877 0.706759
vn 0.632333 0.316768 0.706975
vn 0.635507 0.318360 0.703404
vn 0.608584 0.360703 0.706767
vn 0.597890 0.376907 0.707438
vn 0.610687 0.348883 0.710874
vn 0.617170 0.352586 0.703409
vn 0.614091 0.350826 0.706975
vn 0.608065 0.360397 0.707369
vn 0.598497 0.377289 0.706721
vn 0.614091 0.350827 0.706975
vn 0.587906 0.393555 0.706740
vn 0.576285 0.409109 0.707478
vn 0.707074 0.009702 0.707074
vn 0.590728 0.381715 0.710869
vn 0.596990 0.385760 0.703415
vn 0.587361 0.393190 0.707396
vn 0.576934 0.409569 0.706683
vn 0.594016 0.383839 0.706974
vn 0.594016 0.383839 0.706975
vn 0.565457 0.425224 0.706713
vn 0.552948 0.440075 0.707518
vn 0.569007 0.413408 0.710862
vn 0.572169 0.415705 0.706974
vn 0.564890 0.424799 0.707422
vn 0.553632 0.440619 0.706644
vn 0.707073 0.009701 0.707074
vn 0.572169 0.415705 0.706974
vn 0.575028 0.417783 0.703421
vn 0.545587 0.443868 0.710856
vn 0.541303 0.455616 0.706686
vn 0.527948 0.469714 0.707559
vn 0.548614 0.446330 0.706974
vn 0.540720 0.455126 0.707447
vn 0.528662 0.470347 0.706605
vn 0.551350 0.448557 0.703427
vn 0.548614 0.446330 0.706974
vn 0.520540 0.473005 0.710848
vn 0.515518 0.484636 0.706661
vn 0.501362 0.497934 0.707600
vn 0.523421 0.475624 0.706974
vn 0.514926 0.484081 0.707472
vn 0.502097 0.498663 0.706565
vn 0.526027 0.477991 0.703434
vn 0.523421 0.475623 0.706974
vn 0.488178 0.512200 0.706635
vn 0.473269 0.524652 0.707642
vn 0.493939 0.500732 0.710839
vn 0.499134 0.505999 0.703442
vn 0.496666 0.503497 0.706974
vn 0.496667 0.503497 0.706975
vn 0.487584 0.511577 0.707496
vn 0.474018 0.525482 0.706523
vn 0.459366 0.538223 0.706611
vn 0.443753 0.549787 0.707685
vn 0.465862 0.526965 0.710831
vn 0.468430 0.529869 0.706974
vn 0.458776 0.537532 0.707520
vn 0.444508 0.550722 0.706482
vn 0.468430 0.529868 0.706975
vn 0.470752 0.532495 0.703450
vn 0.436397 0.551626 0.710821
vn 0.429169 0.562626 0.706587
vn 0.412906 0.573263 0.707728
vn 0.438795 0.554659 0.706974
vn 0.440965 0.557400 0.703460
vn 0.428589 0.561867 0.707543
vn 0.413658 0.574307 0.706441
vn 0.438796 0.554659 0.706974
vn 0.407851 0.577793 0.706974
vn 0.397678 0.585338 0.706563
vn 0.380819 0.595010 0.707771
vn 0.405627 0.574643 0.710811
vn 0.409861 0.580642 0.703469
vn 0.407851 0.577793 0.706974
vn 0.397115 0.584509 0.707566
vn 0.381559 0.596166 0.706399
vn 0.364987 0.606288 0.706540
vn 0.347590 0.614962 0.707815
vn 0.373647 0.595946 0.710800
vn 0.375690 0.599203 0.706974
vn 0.375689 0.599203 0.706974
vn 0.364447 0.605391 0.707587
vn 0.348308 0.616233 0.706356
vn 0.377536 0.602149 0.703479
vn 0.340550 0.615471 0.710789
vn 0.331194 0.625413 0.706519
vn 0.313316 0.633061 0.707861
vn 0.342407 0.618825 0.706974
vn 0.344086 0.621858 0.703490
vn 0.342407 0.618826 0.706974
vn 0.330683 0.624450 0.707609
vn 0.314003 0.634448 0.706313
vn 0.296403 0.642656 0.706497
vn 0.278104 0.649251 0.707906
vn 0.306437 0.633161 0.710777
vn 0.308102 0.636602 0.706974
vn 0.309607 0.639711 0.703501
vn 0.308102 0.636600 0.706974
vn 0.295929 0.641628 0.707629
vn 0.278749 0.650758 0.706267
vn 0.271408 0.648961 0.710765
vn 0.260716 0.657965 0.706477
vn 0.242061 0.663483 0.707953
vn 0.272878 0.652476 0.706974
vn 0.272879 0.652476 0.706974
vn 0.260285 0.656874 0.707649
vn 0.242654 0.665108 0.706223
vn 0.274207 0.655653 0.703512
vn 0.235569 0.662827 0.710752
vn 0.224241 0.671295 0.706455
vn 0.205292 0.675717 0.707998
vn 0.236841 0.666404 0.706974
vn 0.237990 0.669638 0.703524
vn 0.236841 0.666404 0.706974
vn 0.223857 0.670143 0.707670
vn 0.205822 0.677458 0.706178
vn 0.187091 0.682603 0.706435
vn 0.167913 0.685914 0.708045
vn 0.199025 0.674716 0.710737
vn 0.201062 0.681623 0.703537
vn 0.200095 0.678343 0.706975
vn 0.200094 0.678344 0.706974
vn 0.186760 0.681394 0.707688
vn 0.168367 0.687772 0.706132
vn 0.161885 0.684591 0.710724
vn 0.149374 0.691855 0.706416
vn 0.130030 0.694044 0.708093
vn 0.162752 0.688258 0.706975
vn 0.149103 0.690594 0.707706
vn 0.130399 0.696017 0.706085
vn 0.163536 0.691574 0.703550
vn 0.162752 0.688258 0.706974
vn 0.124262 0.692425 0.710709
vn 0.124925 0.696118 0.706974
vn 0.111206 0.699025 0.706397
vn 0.091759 0.700083 0.708141
vn 0.125524 0.699459 0.703563
vn 0.124925 0.696118 0.706975
vn 0.110997 0.697714 0.707725
vn 0.092032 0.702168 0.706038
vn 0.072701 0.704090 0.706379
vn 0.053221 0.704013 0.708190
vn 0.086264 0.698194 0.710693
vn 0.086723 0.701902 0.706975
vn 0.086722 0.701902 0.706974
vn 0.087137 0.705255 0.703578
vn 0.072561 0.702734 0.707742
vn 0.053389 0.706205 0.705991
vn 0.033976 0.707035 0.706362
vn 0.014525 0.705822 0.708240
vn 0.048264 0.705590 0.706974
vn 0.048010 0.701878 0.710677
vn 0.048265 0.705591 0.706974
vn 0.048494 0.708947 0.703592
vn 0.033906 0.705639 0.707759
vn 0.014574 0.708118 0.705943
vn -0.004855 0.707851 0.706345
vn -0.024206 0.705507 0.708290
vn 0.009609 0.703470 0.710660
vn 0.009660 0.707173 0.706974
vn 0.009705 0.710522 0.703608
vn -0.004846 0.706421 0.707775
vn -0.024290 0.707901 0.705894
vn 0.009659 0.707173 0.706974
vn -0.028821 0.702962 0.710643
vn -0.043672 0.706536 0.706329
vn -0.062862 0.703066 0.708340
vn -0.028972 0.706645 0.706975
vn -0.029109 0.709975 0.703624
vn -0.028972 0.706645 0.706974
vn -0.043582 0.705076 0.707791
vn -0.063082 0.705552 0.705845
vn -0.082359 0.703092 0.706313
vn -0.101322 0.698509 0.708392
vn -0.067169 0.700357 0.710625
vn -0.067520 0.704010 0.706974
vn -0.067518 0.704009 0.706975
vn -0.082188 0.701609 0.707807
vn -0.067835 0.707310 0.703641
vn -0.101691 0.701079 0.705796
vn -0.120801 0.697532 0.706297
vn -0.139469 0.691851 0.708443
vn -0.105316 0.695663 0.710607
vn -0.106358 0.702534 0.703658
vn -0.105864 0.699272 0.706974
vn -0.105863 0.699271 0.706975
vn -0.120542 0.696032 0.707820
vn -0.140003 0.694496 0.705744
vn -0.143154 0.688891 0.710588
vn -0.158883 0.689870 0.706283
vn -0.177191 0.683109 0.708495
vn -0.144559 0.695660 0.703675
vn -0.143893 0.692447 0.706974
vn -0.143891 0.692446 0.706975
vn -0.158534 0.688358 0.707835
vn -0.177895 0.685820 0.705694
vn -0.180565 0.680065 0.710569
vn -0.196484 0.680131 0.706269
vn -0.214377 0.672311 0.708548
vn -0.196045 0.678614 0.707849
vn -0.215260 0.675080 0.705642
vn -0.181491 0.683556 0.706974
vn -0.182329 0.686710 0.703694
vn -0.181492 0.683556 0.706974
vn -0.233496 0.668344 0.706255
vn -0.250908 0.659492 0.708601
vn -0.217439 0.669210 0.710548
vn -0.232965 0.666828 0.707862
vn -0.251981 0.662306 0.705590
vn -0.219552 0.675711 0.703713
vn -0.218548 0.672625 0.706974
vn -0.218549 0.672625 0.706974
vn -0.253668 0.656356 0.710528
vn -0.269807 0.654542 0.706243
vn -0.286681 0.644687 0.708656
vn -0.254954 0.659686 0.706974
vn -0.269185 0.653034 0.707875
vn -0.287945 0.647537 0.705538
vn -0.256117 0.662695 0.703732
vn -0.254955 0.659687 0.706973
vn -0.290599 0.644780 0.706973
vn -0.289141 0.641545 0.710505
vn -0.305305 0.638771 0.706230
vn -0.321582 0.627946 0.708709
vn -0.304592 0.637277 0.707886
vn -0.323054 0.630816 0.705484
vn -0.291917 0.647702 0.703752
vn -0.290599 0.644779 0.706974
vn -0.323754 0.624817 0.710484
vn -0.339887 0.621074 0.706219
vn -0.355513 0.609314 0.708765
vn -0.325376 0.627947 0.706974
vn -0.339081 0.619601 0.707897
vn -0.357193 0.612194 0.705430
vn -0.326842 0.630777 0.703772
vn -0.325376 0.627947 0.706974
vn -0.373446 0.601506 0.706207
vn -0.388366 0.588852 0.708819
vn -0.357403 0.606225 0.710461
vn -0.359181 0.609242 0.706975
vn -0.372549 0.600062 0.707908
vn -0.390262 0.591727 0.705375
vn -0.360790 0.611969 0.703793
vn -0.359183 0.609242 0.706974
vn -0.389989 0.585821 0.710438
vn -0.405881 0.580127 0.706197
vn -0.420045 0.566619 0.708876
vn -0.404893 0.578717 0.707918
vn -0.422163 0.569475 0.705320
vn -0.393659 0.591336 0.703815
vn -0.391916 0.588718 0.706975
vn -0.391917 0.588718 0.706974
vn -0.421412 0.563670 0.710414
vn -0.437093 0.557001 0.706186
vn -0.450454 0.542683 0.708933
vn -0.436019 0.555631 0.707927
vn -0.452797 0.545506 0.705264
vn -0.423481 0.566437 0.706974
vn -0.425351 0.568938 0.703837
vn -0.423481 0.566437 0.706974
vn -0.451581 0.539835 0.710390
vn -0.453782 0.542466 0.706974
vn -0.466992 0.532196 0.706177
vn -0.479501 0.517119 0.708990
vn -0.465832 0.530873 0.707937
vn -0.482071 0.519892 0.705209
vn -0.453782 0.542466 0.706974
vn -0.455771 0.544844 0.703860
vn -0.480404 0.514387 0.710365
vn -0.495485 0.505787 0.706169
vn -0.507101 0.489999 0.709048
vn -0.482728 0.516876 0.706974
vn -0.494243 0.504518 0.707945
vn -0.509902 0.492707 0.705152
vn -0.482729 0.516876 0.706974
vn -0.484829 0.519125 0.703882
vn -0.507796 0.487403 0.710339
vn -0.510235 0.489743 0.706974
vn -0.522486 0.477856 0.706160
vn -0.533167 0.461411 0.709107
vn -0.521164 0.476647 0.707952
vn -0.536202 0.464036 0.705094
vn -0.512438 0.491858 0.703906
vn -0.510235 0.489743 0.706974
vn -0.533675 0.458962 0.710313
vn -0.547914 0.448484 0.706153
vn -0.557626 0.431436 0.709166
vn -0.536218 0.461149 0.706974
vn -0.536217 0.461149 0.706974
vn -0.546516 0.447339 0.707960
vn -0.560892 0.433964 0.705036
vn -0.538514 0.463125 0.703930
vn -0.557964 0.429151 0.710286
vn -0.571694 0.417762 0.706146
vn -0.580400 0.400170 0.709225
vn -0.570224 0.416688 0.707966
vn -0.583897 0.402580 0.704977
vn -0.560601 0.431178 0.706974
vn -0.560600 0.431179 0.706974
vn -0.562983 0.433010 0.703955
vn -0.580589 0.398055 0.710259
vn -0.593752 0.385779 0.706140
vn -0.601423 0.367701 0.709286
vn -0.583311 0.399921 0.706974
vn -0.592215 0.384781 0.707973
vn -0.605149 0.369980 0.704918
vn -0.585768 0.401606 0.703980
vn -0.583310 0.399921 0.706974
vn -0.601485 0.365772 0.710230
vn -0.614022 0.352637 0.706133
vn -0.620632 0.334133 0.709346
vn -0.604279 0.367471 0.706974
vn -0.604279 0.367471 0.706974
vn -0.612423 0.351717 0.707979
vn -0.624582 0.336260 0.704859
vn -0.606803 0.369006 0.704006
vn -0.632443 0.318431 0.706128
vn -0.637967 0.299564 0.709408
vn -0.620587 0.332392 0.710202
vn -0.623445 0.333922 0.706974
vn -0.630787 0.317596 0.707983
vn -0.642139 0.301523 0.704798
vn -0.626027 0.335304 0.704032
vn -0.623445 0.333922 0.706974
vn -0.648962 0.283264 0.706123
vn -0.653380 0.264099 0.709469
vn -0.637839 0.298019 0.710173
vn -0.640749 0.299379 0.706974
vn -0.647253 0.282520 0.707987
vn -0.657768 0.265871 0.704737
vn -0.640749 0.299379 0.706975
vn -0.643378 0.300607 0.704059
vn -0.663525 0.247247 0.706119
vn -0.666822 0.227844 0.709532
vn -0.653190 0.262754 0.710143
vn -0.658809 0.265014 0.704087
vn -0.661770 0.246592 0.707992
vn -0.671417 0.229414 0.704676
vn -0.656142 0.263941 0.706975
vn -0.656142 0.263941 0.706975
vn -0.676090 0.210482 0.706116
vn -0.678254 0.190910 0.709595
vn -0.666593 0.226700 0.710113
vn -0.669578 0.227715 0.706974
vn -0.674295 0.209925 0.707995
vn -0.683049 0.192259 0.704614
vn -0.672271 0.228632 0.704116
vn -0.669576 0.227716 0.706975
vn -0.686619 0.173085 0.706113
vn -0.687641 0.153409 0.709658
vn -0.678009 0.189969 0.710082
vn -0.681013 0.190811 0.706974
vn -0.684792 0.172623 0.707998
vn -0.692625 0.154522 0.704552
vn -0.681014 0.190811 0.706974
vn -0.683726 0.191571 0.704144
vn -0.695081 0.135165 0.706111
vn -0.694957 0.115452 0.709722
vn -0.687402 0.152667 0.710051
vn -0.693140 0.153941 0.704173
vn -0.690417 0.153337 0.706974
vn -0.693227 0.134806 0.708000
vn -0.700121 0.116310 0.704488
vn -0.690417 0.153336 0.706974
vn -0.701450 0.096838 0.706109
vn -0.700178 0.077154 0.709787
vn -0.694745 0.114906 0.710018
vn -0.700483 0.115855 0.704202
vn -0.697760 0.115404 0.706974
vn -0.697760 0.115405 0.706974
vn -0.699576 0.096580 0.708001
vn -0.705509 0.077742 0.704424
vn -0.705707 0.058220 0.706108
vn -0.703291 0.038634 0.709852
vn -0.700016 0.076798 0.709985
vn -0.703021 0.077128 0.706974
vn -0.703021 0.077128 0.706974
vn -0.703819 0.058062 0.708003
vn -0.708774 0.038935 0.704360
vn -0.705735 0.077426 0.704232
vn -0.707839 0.019425 0.706107
vn -0.703199 0.038460 0.709952
vn -0.705943 0.019373 0.708004
vn -0.706184 0.038623 0.706974
vn -0.708879 0.038770 0.704263
vn -0.706184 0.038622 0.706974
vn -0.704285 0.000000 0.709917
vn -0.707839 -0.019425 0.706107
vn -0.704285 0.000000 0.709917
vn -0.707239 0.000000 0.706974
vn -0.709907 0.000000 0.704295
vn -0.705943 -0.019373 0.708004
vn -0.707239 0.000000 0.706974
vn -0.709907 0.000000 0.704295
vn -0.703291 -0.038634 0.709852
vn -0.705707 -0.058220 0.706108
vn -0.703199 -0.038460 0.709952
vn -0.708879 -0.038770 0.704263
vn -0.708774 -0.038935 0.704360
vn -0.706184 -0.038622 0.706974
vn -0.703819 -0.058062 0.708003
vn -0.706184 -0.038623 0.706974
vn -0.700178 -0.077154 0.709787
vn -0.701450 -0.096838 0.706109
vn -0.700016 -0.076798 0.709985
vn -0.703021 -0.077129 0.706974
vn -0.703021 -0.077128 0.706974
vn -0.705509 -0.077742 0.704424
vn -0.699576 -0.096580 0.708001
vn -0.705735 -0.077426 0.704232
vn -0.694957 -0.115452 0.709722
vn -0.695081 -0.135165 0.706111
vn -0.694745 -0.114906 0.710018
vn -0.700483 -0.115855 0.704202
vn -0.700121 -0.116310 0.704488
vn -0.693227 -0.134806 0.708000
vn -0.697760 -0.115404 0.706974
vn -0.697760 -0.115405 0.706974
vn -0.687641 -0.153409 0.709658
vn -0.686619 -0.173085 0.706113
vn -0.687402 -0.152667 0.710051
vn -0.690417 -0.153337 0.706974
vn -0.692625 -0.154522 0.704552
vn -0.684792 -0.172623 0.707998
vn -0.690417 -0.153336 0.706974
vn -0.693140 -0.153941 0.704173
vn -0.678254 -0.190910 0.709595
vn -0.676090 -0.210482 0.706116
vn -0.678009 -0.189969 0.710082
vn -0.681013 -0.190811 0.706974
vn -0.681013 -0.190811 0.706974
vn -0.683726 -0.191571 0.704144
vn -0.683049 -0.192259 0.704614
vn -0.674295 -0.209925 0.707995
vn -0.669578 -0.227715 0.706974
vn -0.666822 -0.227844 0.709532
vn -0.663525 -0.247247 0.706119
vn -0.666593 -0.226700 0.710113
vn -0.669576 -0.227716 0.706975
vn -0.672271 -0.228632 0.704115
vn -0.671417 -0.229414 0.704676
vn -0.661770 -0.246592 0.707992
vn -0.653380 -0.264099 0.709469
vn -0.653190 -0.262754 0.710143
vn -0.648962 -0.283264 0.706123
vn -0.658809 -0.265014 0.704087
vn -0.657768 -0.265871 0.704737
vn -0.647253 -0.282520 0.707987
vn -0.656142 -0.263941 0.706975
vn -0.656142 -0.263941 0.706975
vn -0.637839 -0.298019 0.710173
vn -0.637967 -0.299564 0.709408
vn -0.632443 -0.318431 0.706128
vn -0.640749 -0.299379 0.706975
vn -0.642139 -0.301523 0.704798
vn -0.640749 -0.299379 0.706974
vn -0.630787 -0.317596 0.707983
vn -0.643378 -0.300607 0.704059
vn -0.623445 -0.333922 0.706974
vn -0.620632 -0.334133 0.709346
vn -0.614022 -0.352637 0.706133
vn -0.620587 -0.332392 0.710202
vn -0.624582 -0.336260 0.704859
vn -0.612423 -0.351717 0.707979
vn -0.626027 -0.335304 0.704032
vn -0.623445 -0.333922 0.706974
vn -0.601423 -0.367701 0.709286
vn -0.593752 -0.385779 0.706140
vn -0.601485 -0.365772 0.710230
vn -0.606803 -0.369006 0.704006
vn -0.604279 -0.367471 0.706974
vn -0.604279 -0.367471 0.706974
vn -0.605149 -0.369980 0.704918
vn -0.592215 -0.384781 0.707973
vn -0.583311 -0.399921 0.706974
vn -0.580400 -0.400170 0.709225
vn -0.571694 -0.417762 0.706146
vn -0.580589 -0.398055 0.710259
vn -0.583897 -0.402580 0.704977
vn -0.570224 -0.416688 0.707966
vn -0.585768 -0.401606 0.703980
vn -0.583310 -0.399921 0.706974
vn -0.557964 -0.429151 0.710286
vn -0.557626 -0.431436 0.709166
vn -0.547914 -0.448484 0.706153
vn -0.562983 -0.433010 0.703955
vn -0.560600 -0.431178 0.706974
vn -0.560600 -0.431179 0.706974
vn -0.560892 -0.433964 0.705036
vn -0.546516 -0.447339 0.707960
vn -0.533675 -0.458962 0.710313
vn -0.533167 -0.461411 0.709107
vn -0.522486 -0.477856 0.706160
vn -0.536218 -0.461149 0.706974
vn -0.536217 -0.461149 0.706974
vn -0.538514 -0.463125 0.703930
vn -0.536202 -0.464036 0.705094
vn -0.521164 -0.476647 0.707952
vn -0.507101 -0.489999 0.709048
vn -0.495485 -0.505787 0.706169
vn -0.507796 -0.487403 0.710339
vn -0.512438 -0.491858 0.703906
vn -0.510235 -0.489743 0.706974
vn -0.510235 -0.489743 0.706974
vn -0.509902 -0.492707 0.705152
vn -0.494243 -0.504518 0.707945
vn -0.480404 -0.514387 0.710365
vn -0.479501 -0.517119 0.708990
vn -0.466992 -0.532196 0.706177
vn -0.482729 -0.516876 0.706974
vn -0.482071 -0.519892 0.705209
vn -0.465832 -0.530873 0.707937
vn -0.482729 -0.516876 0.706974
vn -0.484829 -0.519125 0.703882
vn -0.451581 -0.539835 0.710390
vn -0.450454 -0.542683 0.708933
vn -0.437093 -0.557001 0.706186
vn -0.455771 -0.544844 0.703860
vn -0.453782 -0.542466 0.706974
vn -0.453782 -0.542466 0.706974
vn -0.452797 -0.545506 0.705264
vn -0.436019 -0.555631 0.707927
vn -0.421412 -0.563670 0.710414
vn -0.420045 -0.566619 0.708876
vn -0.405881 -0.580127 0.706197
vn -0.423481 -0.566438 0.706974
vn -0.423481 -0.566437 0.706974
vn -0.425351 -0.568938 0.703837
vn -0.422163 -0.569475 0.705320
vn -0.404893 -0.578717 0.707918
vn -0.388366 -0.588852 0.708819
vn -0.373446 -0.601506 0.706207
vn -0.389989 -0.585821 0.710438
vn -0.391917 -0.588718 0.706974
vn -0.391916 -0.588718 0.706975
vn -0.393659 -0.591336 0.703815
vn -0.390262 -0.591727 0.705375
vn -0.372549 -0.600062 0.707908
vn -0.355513 -0.609314 0.708765
vn -0.339887 -0.621074 0.706219
vn -0.357403 -0.606225 0.710461
vn -0.360790 -0.611969 0.703793
vn -0.359182 -0.609241 0.706975
vn -0.357193 -0.612194 0.705430
vn -0.359182 -0.609242 0.706974
vn -0.339081 -0.619601 0.707897
vn -0.321582 -0.627946 0.708709
vn -0.305305 -0.638771 0.706230
vn -0.323754 -0.624817 0.710484
vn -0.325376 -0.627947 0.706974
vn -0.326842 -0.630777 0.703772
vn -0.323054 -0.630816 0.705484
vn -0.304592 -0.637277 0.707886
vn -0.325376 -0.627947 0.706974
vn -0.289141 -0.641545 0.710505
vn -0.286681 -0.644687 0.708656
vn -0.269807 -0.654542 0.706243
vn -0.291917 -0.647702 0.703752
vn -0.290599 -0.644780 0.706973
vn -0.287945 -0.647537 0.705538
vn -0.269185 -0.653034 0.707875
vn -0.290599 -0.644779 0.706974
vn -0.254955 -0.659687 0.706973
vn -0.253668 -0.656356 0.710528
vn -0.250908 -0.659492 0.708601
vn -0.233496 -0.668344 0.706255
vn -0.254954 -0.659686 0.706974
vn -0.256117 -0.662695 0.703732
vn -0.251981 -0.662306 0.705590
vn -0.232965 -0.666828 0.707862
vn -0.217439 -0.669210 0.710548
vn -0.214377 -0.672311 0.708548
vn -0.196484 -0.680131 0.706269
vn -0.218549 -0.672625 0.706974
vn -0.218548 -0.672625 0.706974
vn -0.219552 -0.675711 0.703713
vn -0.215260 -0.675080 0.705642
vn -0.196045 -0.678614 0.707849
vn -0.180565 -0.680065 0.710569
vn -0.177191 -0.683109 0.708495
vn -0.158883 -0.689870 0.706283
vn -0.181492 -0.683556 0.706974
vn -0.181491 -0.683556 0.706974
vn -0.177895 -0.685820 0.705694
vn -0.158534 -0.688358 0.707835
vn -0.182329 -0.686710 0.703694
vn -0.143154 -0.688891 0.710588
vn -0.139469 -0.691851 0.708443
vn -0.120801 -0.697532 0.706297
vn -0.144559 -0.695661 0.703675
vn -0.143893 -0.692446 0.706975
vn -0.140003 -0.694496 0.705744
vn -0.120542 -0.696032 0.707820
vn -0.143892 -0.692447 0.706974
vn -0.105316 -0.695663 0.710607
vn -0.101322 -0.698509 0.708392
vn -0.082359 -0.703092 0.706313
vn -0.106358 -0.702534 0.703658
vn -0.105864 -0.699271 0.706975
vn -0.105863 -0.699272 0.706974
vn -0.101691 -0.701079 0.705796
vn -0.082188 -0.701609 0.707807
vn -0.067169 -0.700357 0.710625
vn -0.067520 -0.704010 0.706974
vn -0.062862 -0.703066 0.708340
vn -0.043672 -0.706536 0.706329
vn -0.063082 -0.705552 0.705845
vn -0.043582 -0.705076 0.707791
vn -0.067835 -0.707310 0.703641
vn -0.067518 -0.704009 0.706975
vn -0.028821 -0.702962 0.710643
vn -0.024206 -0.705507 0.708290
vn -0.004855 -0.707851 0.706345
vn -0.024290 -0.707901 0.705894
vn -0.004846 -0.706421 0.707775
vn -0.028972 -0.706645 0.706975
vn -0.029109 -0.709975 0.703624
vn -0.028972 -0.706645 0.706974
vn 0.009609 -0.703470 0.710660
vn 0.014525 -0.705822 0.708240
vn 0.033976 -0.707035 0.706362
vn 0.014574 -0.708118 0.705943
vn 0.033906 -0.705639 0.707759
vn 0.009705 -0.710522 0.703608
vn 0.009659 -0.707173 0.706975
vn 0.009660 -0.707173 0.706974
vn 0.048010 -0.701878 0.710677
vn 0.053221 -0.704013 0.708190
vn 0.072701 -0.704090 0.706379
vn 0.053389 -0.706205 0.705991
vn 0.072561 -0.702734 0.707742
vn 0.048494 -0.708947 0.703592
vn 0.048265 -0.705591 0.706974
vn 0.048264 -0.705590 0.706974
vn 0.086264 -0.698194 0.710693
vn 0.086722 -0.701902 0.706974
vn 0.091759 -0.700083 0.708141
vn 0.111206 -0.699025 0.706397
vn 0.092032 -0.702168 0.706038
vn 0.110997 -0.697714 0.707725
vn 0.087137 -0.705255 0.703578
vn 0.086723 -0.701902 0.706975
vn 0.124262 -0.692425 0.710709
vn 0.130030 -0.694044 0.708093
vn 0.149374 -0.691855 0.706416
vn 0.130399 -0.696017 0.706085
vn 0.149103 -0.690594 0.707706
vn 0.125524 -0.699459 0.703563
vn 0.124925 -0.696118 0.706975
vn 0.124925 -0.696118 0.706975
vn 0.161885 -0.684591 0.710724
vn 0.167913 -0.685914 0.708045
vn 0.187091 -0.682603 0.706435
vn 0.168367 -0.687772 0.706132
vn 0.186760 -0.681394 0.707688
vn 0.163536 -0.691574 0.703550
vn 0.162752 -0.688258 0.706974
vn 0.162752 -0.688258 0.706975
vn 0.199025 -0.674716 0.710737
vn 0.200095 -0.678343 0.706975
vn 0.205292 -0.675717 0.707998
vn 0.224241 -0.671295 0.706455
vn 0.205822 -0.677458 0.706178
vn 0.223857 -0.670143 0.707670
vn 0.201062 -0.681623 0.703537
vn 0.200094 -0.678344 0.706974
vn 0.235569 -0.662827 0.710752
vn 0.242061 -0.663483 0.707953
vn 0.260716 -0.657965 0.706477
vn 0.242654 -0.665108 0.706223
vn 0.236840 -0.666404 0.706974
vn 0.260285 -0.656874 0.707649
vn 0.236841 -0.666404 0.706974
vn 0.237990 -0.669638 0.703524
vn 0.271408 -0.648961 0.710765
vn 0.278104 -0.649251 0.707906
vn 0.296403 -0.642656 0.706497
vn 0.278749 -0.650758 0.706267
vn 0.295929 -0.641628 0.707629
vn 0.272878 -0.652476 0.706974
vn 0.272879 -0.652476 0.706974
vn 0.274207 -0.655653 0.703512
vn 0.308102 -0.636600 0.706974
vn 0.306437 -0.633161 0.710777
vn 0.313316 -0.633061 0.707861
vn 0.331194 -0.625413 0.706519
vn 0.314003 -0.634448 0.706313
vn 0.330683 -0.624450 0.707609
vn 0.308102 -0.636602 0.706974
vn 0.309607 -0.639711 0.703501
vn 0.340550 -0.615471 0.710789
vn 0.347590 -0.614962 0.707815
vn 0.364987 -0.606288 0.706540
vn 0.348308 -0.616233 0.706356
vn 0.364447 -0.605391 0.707587
vn 0.344086 -0.621858 0.703490
vn 0.342407 -0.618825 0.706974
vn 0.342408 -0.618826 0.706974
vn 0.373647 -0.595946 0.710800
vn 0.380819 -0.595010 0.707771
vn 0.397678 -0.585338 0.706563
vn 0.377536 -0.602149 0.703479
vn 0.381559 -0.596166 0.706399
vn 0.397115 -0.584509 0.707566
vn 0.375690 -0.599203 0.706974
vn 0.375689 -0.599203 0.706974
vn 0.407851 -0.577793 0.706974
vn 0.405627 -0.574643 0.710811
vn 0.412906 -0.573263 0.707728
vn 0.429169 -0.562626 0.706587
vn 0.413658 -0.574307 0.706441
vn 0.428589 -0.561867 0.707543
vn 0.407851 -0.577794 0.706974
vn 0.409861 -0.580642 0.703469
vn 0.436397 -0.551626 0.710821
vn 0.443753 -0.549787 0.707685
vn 0.459366 -0.538223 0.706611
vn 0.440965 -0.557400 0.703460
vn 0.444508 -0.550722 0.706482
vn 0.458776 -0.537532 0.707520
vn 0.438796 -0.554659 0.706974
vn 0.438795 -0.554659 0.706974
vn 0.473269 -0.524652 0.707642
vn 0.488178 -0.512200 0.706635
vn 0.465862 -0.526965 0.710831
vn 0.468430 -0.529869 0.706974
vn 0.474018 -0.525482 0.706523
vn 0.487584 -0.511577 0.707496
vn 0.470752 -0.532495 0.703450
vn 0.468429 -0.529869 0.706975
vn 0.501362 -0.497934 0.707600
vn 0.515518 -0.484636 0.706661
vn 0.493939 -0.500732 0.710839
vn 0.496666 -0.503497 0.706975
vn 0.502097 -0.498663 0.706565
vn 0.514926 -0.484081 0.707472
vn 0.499134 -0.505999 0.703442
vn 0.496667 -0.503497 0.706974
vn 0.527948 -0.469714 0.707559
vn 0.541303 -0.455616 0.706686
vn 0.520540 -0.473005 0.710848
vn 0.523421 -0.475623 0.706974
vn 0.526027 -0.477991 0.703434
vn 0.528662 -0.470347 0.706605
vn 0.540720 -0.455126 0.707447
vn 0.523421 -0.475624 0.706974
vn 0.552948 -0.440075 0.707518
vn 0.565457 -0.425224 0.706713
vn 0.548614 -0.446330 0.706974
vn 0.545587 -0.443868 0.710856
vn 0.551350 -0.448557 0.703427
vn 0.553632 -0.440619 0.706644
vn 0.564890 -0.424799 0.707422
vn 0.548614 -0.446330 0.706974
vn 0.576285 -0.409109 0.707478
vn 0.587906 -0.393555 0.706740
vn 0.569007 -0.413408 0.710862
vn 0.575028 -0.417783 0.703421
vn 0.572168 -0.415705 0.706974
vn 0.576934 -0.409569 0.706683
vn 0.587361 -0.393190 0.707396
vn 0.572169 -0.415705 0.706974
vn 0.597890 -0.376907 0.707438
vn 0.608584 -0.360703 0.706767
vn 0.590728 -0.381715 0.710869
vn 0.594016 -0.383839 0.706975
vn 0.594016 -0.383839 0.706974
vn 0.596990 -0.385760 0.703415
vn 0.598497 -0.377289 0.706721
vn 0.608065 -0.360397 0.707369
vn 0.617697 -0.343566 0.707399
vn 0.627426 -0.326770 0.706795
vn 0.610687 -0.348883 0.710874
vn 0.614090 -0.350827 0.706975
vn 0.614091 -0.350827 0.706975
vn 0.617170 -0.352586 0.703409
vn 0.618256 -0.343877 0.706759
vn 0.626941 -0.326516 0.707342
vn 0.628823 -0.315010 0.710880
vn 0.635645 -0.309186 0.707361
vn 0.644377 -0.291853 0.706824
vn 0.632333 -0.316768 0.706975
vn 0.632333 -0.316770 0.706974
vn 0.636152 -0.309433 0.706796
vn 0.635507 -0.318360 0.703404
vn 0.643930 -0.291649 0.707315
vn 0.645082 -0.280198 0.710885
vn 0.651681 -0.273872 0.707324
vn 0.659387 -0.256059 0.706854
vn 0.648688 -0.281765 0.706975
vn 0.652133 -0.274063 0.706832
vn 0.658984 -0.255903 0.707286
vn 0.648688 -0.281764 0.706974
vn 0.651949 -0.283180 0.703400
vn 0.665757 -0.237729 0.707286
vn 0.672410 -0.219501 0.706883
vn 0.659417 -0.244552 0.710889
vn 0.663107 -0.245920 0.706974
vn 0.666149 -0.237868 0.706869
vn 0.672054 -0.219384 0.707258
vn 0.663106 -0.245921 0.706975
vn 0.666444 -0.247158 0.703395
vn 0.677829 -0.200866 0.707249
vn 0.683409 -0.182279 0.706913
vn 0.671784 -0.208176 0.710893
vn 0.678159 -0.200964 0.706905
vn 0.683104 -0.182199 0.707229
vn 0.675547 -0.209342 0.706974
vn 0.675547 -0.209342 0.706974
vn 0.678949 -0.210396 0.703393
vn 0.687861 -0.163395 0.707213
vn 0.692347 -0.144520 0.706944
vn 0.682148 -0.171178 0.710895
vn 0.685971 -0.172138 0.706974
vn 0.688126 -0.163461 0.706939
vn 0.692098 -0.144464 0.707199
vn 0.689428 -0.173005 0.703391
vn 0.685972 -0.172137 0.706974
vn 0.695823 -0.125426 0.707177
vn 0.699200 -0.106324 0.706976
vn 0.690474 -0.133671 0.710899
vn 0.694348 -0.134421 0.706974
vn 0.696022 -0.125464 0.706974
vn 0.699010 -0.106292 0.707168
vn 0.697850 -0.135098 0.703388
vn 0.694347 -0.134420 0.706975
vn 0.701689 -0.087080 0.707142
vn 0.703947 -0.067809 0.707008
vn 0.696742 -0.095765 0.710900
vn 0.701822 -0.087096 0.707008
vn 0.703818 -0.067798 0.707138
vn 0.704187 -0.096789 0.703386
vn 0.700652 -0.096303 0.706975
vn 0.700652 -0.096303 0.706975
vn 0.703029 -0.019211 0.710902
vn 0.705443 -0.048464 0.707108
vn 0.706574 -0.029096 0.707041
vn 0.706975 -0.019319 0.706975
vn 0.700931 -0.057573 0.710901
vn 0.706976 -0.019317 0.706973
vn 0.705509 -0.048470 0.707041
vn 0.706509 -0.029093 0.707106
vn 0.708423 -0.058190 0.703385
vn 0.710544 -0.019415 0.703384
vn 0.704865 -0.057897 0.706975
vn 0.704866 -0.057896 0.706973
vn 0.707074 -0.009702 0.707074
vn 0.707074 -0.009701 0.707074
vn 0.706574 0.029096 0.707041
vn 0.705443 0.048464 0.707108
vn 0.703029 0.019211 0.710902
vn 0.706975 0.019317 0.706975
vn 0.706509 0.029093 0.707106
vn 0.705509 0.048470 0.707041
vn 0.706976 0.019319 0.706973
vn 0.710544 0.019415 0.703384
vn 0.703947 0.067809 0.707008
vn 0.701689 0.087080 0.707142
vn 0.700931 0.057573 0.710901
vn 0.708423 0.058190 0.703385
vn 0.704866 0.057897 0.706973
vn 0.703818 0.067798 0.707138
vn 0.701822 0.087096 0.707008
vn 0.704865 0.057896 0.706974
vn 0.699200 0.106324 0.706976
vn 0.695823 0.125426 0.707177
vn 0.696742 0.095765 0.710900
vn 0.700652 0.096303 0.706975
vn 0.700652 0.096303 0.706975
vn 0.699010 0.106292 0.707168
vn 0.696022 0.125464 0.706974
vn 0.704187 0.096789 0.703386
vn 0.692347 0.144520 0.706944
vn 0.687861 0.163395 0.707213
vn 0.690474 0.133671 0.710899
vn 0.694348 0.134421 0.706974
vn 0.692098 0.144464 0.707199
vn 0.688126 0.163461 0.706939
vn 0.694347 0.134420 0.706975
vn 0.697850 0.135098 0.703388
vn 0.683409 0.182279 0.706913
vn 0.677829 0.200866 0.707249
vn 0.685972 0.172137 0.706974
vn 0.682148 0.171178 0.710895
vn 0.683104 0.182199 0.707229
vn 0.678159 0.200964 0.706905
vn 0.689428 0.173005 0.703391
vn 0.685971 0.172138 0.706974
vn 0.671784 0.208176 0.710893
vn 0.672410 0.219501 0.706883
vn 0.665757 0.237729 0.707286
vn 0.678949 0.210396 0.703393
vn 0.675547 0.209342 0.706974
vn 0.675547 0.209342 0.706974
vn 0.672054 0.219384 0.707258
vn 0.666149 0.237868 0.706869
vn 0.659387 0.256059 0.706854
vn 0.651681 0.273872 0.707324
vn 0.659417 0.244552 0.710889
vn 0.663107 0.245920 0.706974
vn 0.666444 0.247158 0.703395
vn 0.658984 0.255903 0.707286
vn 0.663106 0.245921 0.706975
vn 0.652133 0.274063 0.706832
vn 0.644377 0.291853 0.706824
vn 0.635645 0.309186 0.707361
vn 0.645082 0.280198 0.710885
vn 0.648688 0.281765 0.706975
vn 0.648688 0.281764 0.706974
vn 0.643930 0.291649 0.707315
vn 0.636152 0.309433 0.706796
vn 0.651949 0.283180 0.703400
vn 0.628823 0.315010 0.710880
vn 0.627426 0.326770 0.706795
vn 0.617697 0.343566 0.707399
vn 0.000000 0.000000 -1.000000
vn 0.000000 0.000000 -1.000000
vn 0.000000 0.000000 -1.000000
vn 0.000000 0.000000 -1.000000
vn 0.000000 0.000000 -1.000000
vn 0.000000 -0.000000 -1.000000
vn 0.000000 0.000000 -1.000000
vn 0.000000 0.000000 -1.000000
vn 0.000000 0.000000 -1.000000
vn 0.000000 0.000000 -1.000000
vn 0.000000 0.000000 -1.000000
vn 0.000000 0.000000 -1.000000
vn 0.000000 0.000000 -1.000000
vn 0.000000 -0.000000 -1.000000
vn 0.000000 0.000000 -1.000000
vn 0.000000 0.000000 -1.000000
vn 0.000000 0.000000 -1.000000
vn 0.000000 0.000000 -1.000000
vn 0.000000 0.000000 -1.000000
vn 0.000000 -0.000000 -1.000000
vn 0.000000 0.000000 -1.000000
vn 0.000000 0.000000 -1.000000
vn 0.000000 0.000000 -1.000000
vn 0.000000 0.000000 -1.000000
vn 0.000000 0.000000 -1.000000
vn 0.000000 -0.000000 -1.000000
vn 0.000000 0.000000 -1.000000
vn 0.000000 0.000000 -1.000000
vn 0.000000 0.000000 -1.000000
vn 0.000000 0.000000 -1.000000
vn 0.000000 0.000000 -1.000000
vn 0.000000 -0.000000 -1.000000
vn 0.000000 0.000000 -1.000000
vn 0.000000 0.000000 -1.000000
vn 0.000000 0.000000 -1.000000
vn 0.000000 0.000000 -1.000000
vn 0.000000 0.000000 -1.000000
vn 0.000000 -0.000000 -1.000000
vn 0.000000 0.000000 -1.000000
vn 0.000000 0.000000 -1.000000
vn 0.000000 0.000000 -1.000000
vn 0.000000 -0.000000 -1.000000
vn 0.000000 0.000000 -1.000000
vn 0.000000 0.000000 -1.000000
vn 0.000000 0.000000 -1.000000
vn 0.000000 0.000000 -1.000000
vn 0.000000 0.000000 -1.000000
vn 0.000000 -0.000000 -1.000000
vn 0.000000 0.000000 -1.000000
vn 0.000000 0.000000 -1.000000
vn 0.000000 0.000000 -1.000000
vn 0.000000 0.000000 -1.000000
vn 0.000000 0.000000 -1.000000
vn 0.000000 0.000000 -1.000000
vn 0.000000 0.000000 -1.000000
vn 0.000000 -0.000000 -1.000000
vn 0.000000 0.000000 -1.000000
vn 0.000000 0.000000 -1.000000
vn 0.000000 0.000000 -1.000000
vn 0.000000 -0.000000 -1.000000
vn 0.000000 0.000000 -1.000000
vn 0.000000 0.000000 -1.000000
vn 0.000000 0.000000 -1.000000
vn 0.000000 0.000000 -1.000000
vn 0.000000 0.000000 -1.000000
vn 0.000000 0.000000 -1.000000
vn 0.000000 0.000000 -1.000000
vn 0.000000 -0.000000 -1.000000
vn 0.000000 0.000000 -1.000000
vn 0.000000 0.000000 -1.000000
vn 0.000000 0.000000 -1.000000
vn 0.000000 0.000000 -1.000000
vn 0.000000 0.000000 -1.000000
vn 0.000000 -0.000000 -1.000000
vn 0.000000 0.000000 -1.000000
vn 0.000000 0.000000 -1.000000
vn 0.000000 0.000000 -1.000000
vn 0.000000 0.000000 -1.000000
vn 0.000000 0.000000 -1.000000
vn 0.000000 -0.000000 -1.000000
vn 0.000000 0.000000 -1.000000
vn 0.000000 0.000000 -1.000000
vn 0.000000 0.000000 -1.000000
vn 0.000000 0.000000 -1.000000
vn 0.000000 0.000000 -1.000000
vn 0.000000 0.000000 -1.000000
vn 0.000000 0.000000 -1.000000
vn 0.000000 -0.000000 -1.000000
vn 0.000000 -0.000000 -1.000000
vn 0.000000 0.000000 -1.000000
vn 0.000000 0.000000 -1.000000
vn 0.000000 0.000000 -1.000000
vn 0.000000 0.000000 -1.000000
vn 0.000000 -0.000000 -1.000000
vn 0.000000 -0.000000 -1.000000
vn 0.000000 0.000000 -1.000000
vn 0.000000 0.000000 -1.000000
vn 0.000000 0.000000 -1.000000
vn 0.000000 0.000000 -1.000000
vn 0.000000 -0.000000 -1.000000
vn 0.000000 0.000000 -1.000000
vn 0.000000 -0.000000 -1.000000
vn 0.000000 0.000000 -1.000000
vn 0.000000 0.000000 -1.000000
vn 0.000000 0.000000 -1.000000
vn 0.000000 -0.000000 -1.000000
vn 0.000000 -0.000000 -1.000000
vn 0.000000 0.000000 -1.000000
vn 0.000000 0.000000 -1.000000
vn 0.000000 0.000000 -1.000000
vn 0.000000 0.000000 -1.000000
vn 0.000000 -0.000000 -1.000000
vn 0.000000 -0.000000 -1.000000
vn 0.000000 0.000000 -1.000000
vn 0.000000 0.000000 -1.000000
vn 0.000000 0.000000 -1.000000
vn 0.000000 0.000000 -1.000000
vn 0.000000 -0.000000 -1.000000
vn 0.000000 -0.000000 -1.000000
vn 0.000000 0.000000 -1.000000
vn 0.000000 0.000000 -1.000000
vn 0.000000 0.000000 -1.000000
vn 0.000000 0.000000 -1.000000
vn 0.000000 -0.000000 -1.000000
vn 0.000000 -0.000000 -1.000000
vn 0.000000 0.000000 -1.000000
vn 0.000000 0.000000 -1.000000
vn 0.000000 0.000000 -1.000000
vn 0.000000 0.000000 -1.000000
vn 0.000000 0.000000 -1.000000
vn 0.000000 -0.000000 -1.000000
vn 0.000000 -0.000000 -1.000000
vn 0.000000 0.000000 -1.000000
vn 0.000000 0.000000 -1.000000
vn 0.000000 0.000000 -1.000000
vn 0.000000 0.000000 -1.000000
vn 0.000000 -0.000000 -1.000000
vn 0.000000 -0.000000 -1.000000
vn 0.000000 0.000000 -1.000000
vn 0.000000 0.000000 -1.000000
vn 0.000000 0.000000 -1.000000
vn 0.000000 0.000000 -1.000000
vn 0.000000 0.000000 -1.000000
vn 0.000000 -0.000000 -1.000000
vn 0.000000 -0.000000 -1.000000
vn 0.000000 0.000000 -1.000000
vn 0.000000 0.000000 -1.000000
vn 0.000000 0.000000 -1.000000
vn 0.000000 0.000000 -1.000000
vn 0.000000 -0.000000 -1.000000
vn 0.000000 -0.000000 -1.000000
vn 0.000000 0.000000 -1.000000
vn 0.000000 0.000000 -1.000000
vn 0.000000 0.000000 -1.000000
vn 0.000000 0.000000 -1.000000
vn 0.000000 -0.000000 -1.000000
vn 0.000000 -0.000000 -1.000000
vn 0.000000 0.000000 -1.000000
vn 0.000000 0.000000 -1.000000
vn 0.000000 0.000000 -1.000000
vn 0.000000 0.000000 -1.000000
vn 0.000000 -0.000000 -1.000000
vn 0.000000 0.000000 -1.000000
vn 0.000000 0.000000 -1.000000
vn 0.000000 0.000000 -1.000000
vn 0.000000 0.000000 -1.000000
vn 0.000000 -0.000000 -1.000000
vn 0.000000 0.000000 -1.000000
vn 0.000000 0.000000 -1.000000
vn 0.000000 0.000000 -1.000000
vn 0.000000 0.000000 -1.000000
vn 0.000000 0.000000 -1.000000
vn 0.000000 0.000000 -1.000000
vn 0.000000 -0.000000 -1.000000
vn 0.000000 0.000000 -1.000000
vn 0.000000 0.000000 -1.000000
vn 0.000000 0.000000 -1.000000
vn 0.000000 0.000000 -1.000000
vn 0.000000 0.000000 -1.000000
vn 0.000000 0.000000 -1.000000
vn 0.000000 -0.000000 -1.000000
vn 0.000000 0.000000 -1.000000
vn 0.000000 0.000000 -1.000000
vn 0.000000 0.000000 -1.000000
vn 0.000000 0.000000 -1.000000
vn 0.000000 0.000000 -1.000000
vn 0.000000 -0.000000 -1.000000
vn 0.000000 0.000000 -1.000000
vn 0.000000 0.000000 -1.000000
vn 0.000000 0.000000 -1.000000
vn 0.000000 0.000000 -1.000000
vn 0.000000 0.000000 -1.000000
vn 0.000000 -0.000000 -1.000000
vn 0.000000 0.000000 -1.000000
vn 0.000000 0.000000 -1.000000
vn 0.000000 0.000000 -1.000000
vn 0.000000 0.000000 -1.000000
vn 0.000000 -0.000000 -1.000000
vn 0.000000 0.000000 -1.000000
vn 0.000000 0.000000 -1.000000
vn 0.000000 0.000000 -1.000000
vn 0.000000 0.000000 -1.000000
vn 0.000000 0.000000 -1.000000
vn 0.000000 -0.000000 -1.000000
vn 0.000000 0.000000 -1.000000
vn 0.000000 0.000000 -1.000000
vn 0.000000 0.000000 -1.000000
vn 0.000000 0.000000 -1.000000
vn 0.000000 0.000000 -1.000000
vn 0.000000 -0.000000 -1.000000
vn 0.000000 0.000000 -1.000000
vn 0.000000 0.000000 -1.000000
vn 0.000000 0.000000 -1.000000
vn 0.000000 0.000000 -1.000000
vn 0.000000 0.000000 -1.000000
vn 0.000000 -0.000000 -1.000000
vn 0.000000 0.000000 -1.000000
vn 0.000000 0.000000 -1.000000
vn 0.000000 0.000000 -1.000000
vn 0.000000 0.000000 -1.000000
vn 0.000000 0.000000 -1.000000
vn 0.000000 -0.000000 -1.000000
vn 0.000000 0.000000 -1.000000
vn 0.000000 0.000000 -1.000000
vn 0.000000 0.000000 -1.000000
vn 0.000000 0.000000 -1.000000
vn 0.000000 0.000000 -1.000000
vn 0.000000 -0.000000 -1.000000
vn 0.000000 0.000000 -1.000000
vn 0.000000 0.000000 -1.000000
vn 0.000000 0.000000 -1.000000
vn 0.000000 0.000000 -1.000000
vn 0.000000 0.000000 -1.000000
vn 0.000000 0.000000 -1.000000
vn 0.000000 -0.000000 -1.000000
vn 0.000000 0.000000 -1.000000
vn 0.000000 0.000000 -1.000000
vn 0.000000 0.000000 -1.000000
vn 0.000000 0.000000 -1.000000
vn 0.000000 0.000000 -1.000000
vn 0.000000 -0.000000 -1.000000
vn 0.000000 0.000000 -1.000000
vn 0.000000 0.000000 -1.000000
vn 0.000000 0.000000 -1.000000
vn 0.000000 0.000000 -1.000000
vn 0.000000 -0.000000 -1.000000
vn 0.000000 0.000000 -1.000000
vn 0.000000 0.000000 -1.000000
vn 0.000000 0.000000 -1.000000
vn 0.000000 0.000000 -1.000000
vn 0.000000 0.000000 -1.000000
vn 0.000000 -0.000000 -1.000000
vn 0.000000 0.000000 -1.000000
vn 0.000000 0.000000 -1.000000
vn 0.000000 0.000000 -1.000000
vn 0.000000 0.000000 -1.000000
vn 0.000000 0.000000 -1.000000
vn 0.000000 0.000000 -1.000000
vn 0.000000 0.000000 -1.000000
vn 0.000000 0.000000 -1.000000
vn 0.000000 0.000000 -1.000000
vn 0.000000 0.000000 -1.000000
vn 0.000000 0.000000 -1.000000
vn 0.000000 0.000000 -1.000000
vn 0.000000 0.000000 -1.000000
vn 0.000000 0.000000 -1.000000
vn 0.000000 -0.000000 -1.000000
vn 0.000000 0.000000 -1.000000
vn 0.000000 -0.000000 -1.000000
vn 0.000000 0.000000 -1.000000
vn 0.000000 0.000000 -1.000000
vn 0.000000 -0.000000 -1.000000
vn 0.000000 0.000000 -1.000000
vn 0.000000 0.000000 -1.000000
vn 0.000000 -0.000000 -1.000000
vn 0.000000 0.000000 -1.000000
vn 0.000000 0.000000 -1.000000
vn 0.000000 0.000000 -1.000000
vn 0.000000 -0.000000 -1.000000
vn 0.000000 0.000000 -1.000000
vn 0.000000 -0.000000 -1.000000
vn 0.000000 0.000000 -1.000000
vn 0.000000 0.000000 -1.000000
vn 0.000000 0.000000 -1.000000
vn 0.000000 -0.000000 -1.000000
vn 0.000000 0.000000 -1.000000
vn 0.000000 -0.000000 -1.000000
vn 0.000000 0.000000 -1.000000
vn 0.000000 0.000000 -1.000000
vn 0.000000 -0.000000 -1.000000
vn 0.000000 0.000000 -1.000000
vn 0.000000 0.000000 -1.000000
vn 0.000000 -0.000000 -1.000000
vn 0.000000 0.000000 -1.000000
vn 0.000000 0.000000 -1.000000
vn 0.000000 0.000000 -1.000000
vn 0.000000 -0.000000 -1.000000
vn 0.000000 0.000000 -1.000000
vn 0.000000 -0.000000 -1.000000
vn 0.000000 0.000000 -1.000000
vn 0.000000 0.000000 -1.000000
vn 0.000000 0.000000 -1.000000
vn 0.000000 -0.000000 -1.000000
vn 0.000000 0.000000 -1.000000
vn 0.000000 -0.000000 -1.000000
vn 0.000000 0.000000 -1.000000
vn 0.000000 0.000000 -1.000000
vn 0.000000 0.000000 -1.000000
vn 0.000000 -0.000000 -1.000000
vn 0.000000 0.000000 -1.000000
vn 0.000000 -0.000000 -1.000000
vn 0.000000 0.000000 -1.000000
vn 0.000000 0.000000 -1.000000
vn 0.000000 -0.000000 -1.000000
vn 0.000000 0.000000 -1.000000
vn 0.000000 0.000000 -1.000000
vn 0.000000 -0.000000 -1.000000
vn 0.000000 0.000000 -1.000000
vn 0.000000 0.000000 -1.000000
vn 0.000000 -0.000000 -1.000000
vn 0.000000 0.000000 -1.000000
vn 0.000000 0.000000 -1.000000
vn 0.000000 -0.000000 -1.000000
vn 0.000000 0.000000 -1.000000
vn 0.000000 0.000000 -1.000000
vn 0.000000 -0.000000 -1.000000
vn 0.000000 0.000000 -1.000000
vn 0.000000 0.000000 -1.000000
vn 0.000000 -0.000000 -1.000000
vn 0.000000 0.000000 -1.000000
vn 0.000000 0.000000 -1.000000
vn 0.000000 -0.000000 -1.000000
vn 0.000000 0.000000 -1.000000
vn 0.000000 -0.000000 -1.000000
vn 0.000000 0.000000 -1.000000
vn 0.000000 0.000000 -1.000000
vn 0.000000 0.000000 -1.000000
vn 0.000000 -0.000000 -1.000000
vn 0.000000 0.000000 -1.000000
vn 0.000000 -0.000000 -1.000000
vn 0.000000 0.000000 -1.000000
vn 0.000000 0.000000 -1.000000
vn 0.000000 0.000000 1.000000
vn 0.000000 0.000000 1.000000
vn 0.000000 0.000000 1.000000
vn 0.000000 0.000000 1.000000
vn 0.000000 0.000000 1.000000
vn 0.000000 0.000000 1.000000
vn 0.000000 0.000000 1.000000
vn 0.000000 0.000000 1.000000
vn 0.000000 0.000000 1.000000
vn 0.000000 0.000000 1.000000
vn 0.000000 0.000000 1.000000
vn 0.000000 0.000000 1.000000
vn 0.000000 0.000000 1.000000
vn 0.000000 0.000000 1.000000
vn 0.000000 0.000000 1.000000
vn 0.000000 0.000000 1.000000
vn 0.000000 0.000000 1.000000
vn 0.000000 0.000000 1.000000
vn 0.000000 0.000000 1.000000
vn 0.000000 0.000000 1.000000
vn 0.000000 0.000000 1.000000
vn 0.000000 0.000000 1.000000
vn 0.000000 0.000000 1.000000
vn 0.000000 0.000000 1.000000
vn 0.000000 0.000000 1.000000
vn 0.000000 0.000000 1.000000
vn 0.000000 0.000000 1.000000
vn 0.000000 0.000000 1.000000
vn 0.000000 0.000000 1.000000
vn 0.000000 0.000000 1.000000
vn 0.000000 0.000000 1.000000
vn 0.000000 0.000000 1.000000
vn 0.000000 0.000000 1.000000
vn 0.000000 0.000000 1.000000
vn 0.000000 0.000000 1.000000
vn 0.000000 0.000000 1.000000
vn 0.000000 0.000000 1.000000
vn 0.000000 0.000000 1.000000
vn 0.000000 0.000000 1.000000
vn 0.000000 0.000000 1.000000
vn 0.000000 0.000000 1.000000
vn 0.000000 0.000000 1.000000
vn 0.000000 0.000000 1.000000
vn 0.000000 0.000000 1.000000
vn 0.000000 0.000000 1.000000
vn 0.000000 0.000000 1.000000
vn 0.000000 0.000000 1.000000
vn 0.000000 0.000000 1.000000
vn 0.000000 0.000000 1.000000
vn 0.000000 0.000000 1.000000
vn 0.000000 0.000000 1.000000
vn 0.000000 0.000000 1.000000
vn 0.000000 0.000000 1.000000
vn 0.000000 0.000000 1.000000
vn 0.000000 0.000000 1.000000
vn 0.000000 0.000000 1.000000
vn 0.000000 0.000000 1.000000
vn 0.000000 0.000000 1.000000
vn 0.000000 0.000000 1.000000
vn 0.000000 0.000000 1.000000
vn 0.000000 0.000000 1.000000
vn 0.000000 0.000000 1.000000
vn 0.000000 0.000000 1.000000
vn 0.000000 0.000000 1.000000
vn 0.000000 0.000000 1.000000
vn 0.000000 0.000000 1.000000
vn 0.000000 0.000000 1.000000
vn 0.000000 0.000000 1.000000
vn 0.000000 0.000000 1.000000
vn 0.000000 0.000000 1.000000
vn 0.000000 0.000000 1.000000
vn 0.000000 0.000000 1.000000
vn 0.000000 0.000000 1.000000
vn 0.000000 0.000000 1.000000
vn 0.000000 0.000000 1.000000
vn 0.000000 0.000000 1.000000
vn 0.000000 0.000000 1.000000
vn 0.000000 0.000000 1.000000
vn 0.000000 0.000000 1.000000
vn 0.000000 0.000000 1.000000
vn 0.000000 0.000000 1.000000
vn 0.000000 0.000000 1.000000
vn 0.000000 0.000000 1.000000
vn 0.000000 0.000000 1.000000
vn 0.000000 0.000000 1.000000
vn 0.000000 0.000000 1.000000
vn 0.000000 0.000000 1.000000
vn 0.000000 0.000000 1.000000
vn 0.000000 0.000000 1.000000
vn 0.000000 0.000000 1.000000
vn 0.000000 0.000000 1.000000
vn 0.000000 0.000000 1.000000
vn 0.000000 0.000000 1.000000
vn 0.000000 0.000000 1.000000
vn 0.000000 0.000000 1.000000
vn 0.000000 0.000000 1.000000
vn 0.000000 0.000000 1.000000
vn 0.000000 0.000000 1.000000
vn 0.000000 0.000000 1.000000
vn 0.000000 0.000000 1.000000
vn 0.000000 0.000000 1.000000
vn 0.000000 0.000000 1.000000
vn 0.000000 0.000000 1.000000
vn 0.000000 0.000000 1.000000
vn 0.000000 0.000000 1.000000
vn 0.000000 0.000000 1.000000
vn 0.000000 0.000000 1.000000
vn 0.000000 0.000000 1.000000
vn 0.000000 0.000000 1.000000
vn 0.000000 0.000000 1.000000
vn 0.000000 0.000000 1.000000
vn 0.000000 0.000000 1.000000
vn 0.000000 0.000000 1.000000
vn 0.000000 0.000000 1.000000
vn 0.000000 0.000000 1.000000
vn 0.000000 0.000000 1.000000
vn 0.000000 0.000000 1.000000
vn 0.000000 0.000000 1.000000
vn 0.000000 0.000000 1.000000
vn 0.000000 0.000000 1.000000
vn 0.000000 0.000000 1.000000
vn 0.000000 0.000000 1.000000
vn 0.000000 0.000000 1.000000
vn 0.000000 0.000000 1.000000
vn 0.000000 0.000000 1.000000
vn 0.000000 0.000000 1.000000
vn 0.000000 0.000000 1.000000
vn 0.000000 0.000000 1.000000
vn 0.000000 0.000000 1.000000
vn 0.000000 0.000000 1.000000
vn 0.000000 0.000000 1.000000
vn 0.000000 0.000000 1.000000
vn 0.000000 0.000000 1.000000
vn 0.000000 0.000000 1.000000
vn 0.000000 0.000000 1.000000
vn 0.000000 0.000000 1.000000
vn 0.000000 0.000000 1.000000
vn 0.000000 0.000000 1.000000
vn 0.000000 0.000000 1.000000
vn 0.000000 0.000000 1.000000
vn 0.000000 0.000000 1.000000
vn 0.000000 0.000000 1.000000
vn 0.000000 0.000000 1.000000
vn 0.000000 0.000000 1.000000
vn 0.000000 0.000000 1.000000
vn 0.000000 0.000000 1.000000
vn 0.000000 0.000000 1.000000
vn 0.000000 0.000000 1.000000
vn 0.000000 0.000000 1.000000
vn 0.000000 0.000000 1.000000
vn 0.000000 0.000000 1.000000
vn 0.000000 0.000000 1.000000
vn 0.000000 0.000000 1.000000
vn 0.000000 0.000000 1.000000
vn 0.000000 0.000000 1.000000
vn 0.000000 0.000000 1.000000
vn 0.000000 0.000000 1.000000
vn 0.000000 0.000000 1.000000
vn 0.000000 0.000000 1.000000
vn 0.000000 0.000000 1.000000
vn 0.000000 0.000000 1.000000
vn 0.000000 0.000000 1.000000
vn 0.000000 0.000000 1.000000
vn 0.000000 0.000000 1.000000
vn 0.000000 0.000000 1.000000
vn 0.000000 0.000000 1.000000
vn 0.000000 0.000000 1.000000
vn 0.000000 0.000000 1.000000
vn 0.000000 0.000000 1.000000
vn 0.000000 0.000000 1.000000
vn 0.000000 0.000000 1.000000
vn 0.000000 0.000000 1.000000
vn 0.000000 0.000000 1.000000
vn 0.000000 0.000000 1.000000
vn 0.000000 0.000000 1.000000
vn 0.000000 0.000000 1.000000
vn 0.000000 0.000000 1.000000
vn 0.000000 0.000000 1.000000
vn 0.000000 0.000000 1.000000
vn 0.000000 0.000000 1.000000
vn 0.000000 0.000000 1.000000
vn 0.000000 0.000000 1.000000
vn 0.000000 0.000000 1.000000
vn 0.000000 0.000000 1.000000
vn 0.000000 0.000000 1.000000
vn 0.000000 0.000000 1.000000
vn 0.000000 0.000000 1.000000
vn 0.000000 0.000000 1.000000
vn 0.000000 0.000000 1.000000
vn 0.000000 0.000000 1.000000
vn 0.000000 0.000000 1.000000
vn 0.000000 0.000000 1.000000
vn 0.000000 0.000000 1.000000
vn 0.000000 0.000000 1.000000
vn 0.000000 0.000000 1.000000
vn 0.000000 0.000000 1.000000
vn 0.000000 0.000000 1.000000
vn 0.000000 0.000000 1.000000
vn 0.000000 0.000000 1.000000
vn 0.000000 0.000000 1.000000
vn 0.000000 0.000000 1.000000
vn 0.000000 0.000000 1.000000
vn 0.000000 0.000000 1.000000
vn 0.000000 0.000000 1.000000
vn 0.000000 0.000000 1.000000
vn 0.000000 0.000000 1.000000
vn 0.000000 0.000000 1.000000
vn 0.000000 0.000000 1.000000
vn 0.000000 0.000000 1.000000
vn 0.000000 0.000000 1.000000
vn 0.000000 0.000000 1.000000
vn 0.000000 0.000000 1.000000
vn 0.000000 0.000000 1.000000
vn 0.000000 0.000000 1.000000
vn 0.000000 0.000000 1.000000
vn 0.000000 0.000000 1.000000
vn 0.000000 0.000000 1.000000
vn 0.000000 0.000000 1.000000
vn 0.000000 0.000000 1.000000
vn 0.000000 0.000000 1.000000
vn 0.000000 0.000000 1.000000
vn 0.000000 0.000000 1.000000
vn 0.000000 0.000000 1.000000
vn 0.000000 0.000000 1.000000
vn 0.000000 0.000000 1.000000
vn 0.000000 0.000000 1.000000
vn 0.000000 0.000000 1.000000
vn 0.000000 0.000000 1.000000
vn 0.000000 0.000000 1.000000
vn 0.000000 0.000000 1.000000
vn 0.000000 0.000000 1.000000
vn 0.000000 0.000000 1.000000
vn 0.000000 0.000000 1.000000
vn 0.000000 0.000000 1.000000
vn 0.000000 0.000000 1.000000
vn 0.000000 0.000000 1.000000
vn 0.000000 0.000000 1.000000
vn 0.000000 0.000000 1.000000
vn 0.000000 0.000000 1.000000
vn 0.000000 0.000000 1.000000
vn 0.000000 0.000000 1.000000
vn 0.000000 0.000000 1.000000
vn 0.000000 0.000000 1.000000
vn 0.000000 0.000000 1.000000
vn 0.000000 0.000000 1.000000
vn 0.000000 0.000000 1.000000
vn 0.000000 0.000000 1.000000
vn 0.000000 0.000000 1.000000
vn 0.000000 0.000000 1.000000
vn 0.000000 0.000000 1.000000
vn 0.000000 0.000000 1.000000
vn 0.000000 0.000000 1.000000
vn 0.000000 0.000000 1.000000
vn 0.000000 0.000000 1.000000
vn 0.000000 0.000000 1.000000
vn 0.000000 0.000000 1.000000
vn 0.000000 0.000000 1.000000
vn 0.000000 0.000000 1.000000
vn 0.000000 0.000000 1.000000
vn 0.000000 0.000000 1.000000
vn 0.000000 0.000000 1.000000
vn 0.000000 0.000000 1.000000
vn 0.000000 0.000000 1.000000
vn 0.000000 0.000000 1.000000
vn 0.000000 0.000000 1.000000
vn 0.000000 0.000000 1.000000
vn 0.000000 0.000000 1.000000
vn 0.000000 0.000000 1.000000
vn 0.000000 0.000000 1.000000
vn 0.000000 0.000000 1.000000
vn 0.000000 0.000000 1.000000
vn 0.000000 0.000000 1.000000
vn 0.000000 0.000000 1.000000
vn 0.000000 0.000000 1.000000
vn 0.000000 0.000000 1.000000
vn 0.000000 0.000000 1.000000
vn 0.000000 0.000000 1.000000
vn 0.000000 0.000000 1.000000
vn 0.000000 0.000000 1.000000
vn 0.000000 0.000000 1.000000
vn 0.000000 0.000000 1.000000
vn 0.000000 0.000000 1.000000
vn 0.000000 0.000000 1.000000
vn 0.000000 0.000000 1.000000
vn 0.000000 0.000000 1.000000
vn 0.000000 0.000000 1.000000
vn 0.000000 0.000000 1.000000
vn 0.000000 0.000000 1.000000
vn 0.000000 0.000000 1.000000
vn 0.000000 0.000000 1.000000
vn 0.000000 0.000000 1.000000
vn 0.000000 0.000000 1.000000
vn 0.000000 0.000000 1.000000
vn 0.000000 0.000000 1.000000
vn 0.000000 0.000000 1.000000
vn 0.000000 0.000000 1.000000
vn 0.000000 0.000000 1.000000
vn 0.000000 0.000000 1.000000
vn 0.000000 0.000000 1.000000
vn 0.000000 0.000000 1.000000
vn 0.000000 0.000000 1.000000
vn 0.000000 0.000000 1.000000
vn 0.000000 0.000000 1.000000
vn 0.000000 0.000000 1.000000
vn 0.000000 0.000000 1.000000
vn 0.000000 0.000000 1.000000
vn 0.000000 0.000000 1.000000
vn 0.000000 0.000000 1.000000
vn 0.000000 0.000000 1.000000
vn 0.000000 0.000000 1.000000
vn 0.000000 0.000000 1.000000
vn 0.000000 0.000000 1.000000
vn 0.000000 0.000000 1.000000
vn 0.000000 0.000000 1.000000
vn 0.000000 0.000000 1.000000
vn 0.000000 0.000000 1.000000
vn 0.000000 0.000000 1.000000
vn 0.000000 0.000000 1.000000
vn 0.000000 0.000000 1.000000
vn 0.000000 0.000000 1.000000
vn 0.000000 0.000000 1.000000
vn 0.000000 0.000000 1.000000
vn 0.000000 0.000000 1.000000
vn 0.000000 0.000000 1.000000
vn 0.000000 0.000000 1.000000
vn 0.000000 0.000000 1.000000
vn 0.000000 0.000000 1.000000
vn 0.000000 0.000000 1.000000
vn 0.000000 0.000000 1.000000
vn 0.000000 0.000000 1.000000
vn 0.000000 0.000000 1.000000
vn 0.000000 0.000000 1.000000
vn 0.000000 0.000000 1.000000
vn 0.000000 0.000000 1.000000
vn 0.000000 0.000000 1.000000
vn 0.000000 0.000000 1.000000
vn 0.000000 0.000000 1.000000
vn 0.000000 0.000000 1.000000
vn 0.000000 0.000000 1.000000
vn 0.000000 0.000000 1.000000
vn 0.000000 0.000000 1.000000
vn 0.000000 0.000000 1.000000
vn 0.000000 0.000000 1.000000
vn 0.000000 0.000000 1.000000
vn 0.000000 0.000000 1.000000
vn 0.000000 0.000000 1.000000
vn 0.000000 0.000000 1.000000
vn 0.000000 0.000000 1.000000
vn 0.000000 0.000000 1.000000
vn 0.000000 0.000000 1.000000
vn 0.000000 0.000000 1.000000
vn 0.000000 0.000000 1.000000
vn 0.000000 0.000000 1.000000
vn 0.000000 0.000000 1.000000
vn 0.000000 0.000000 1.000000
vn 0.000000 0.000000 1.000000
vn 0.000000 0.000000 1.000000
vn 0.000000 0.000000 1.000000
vn 0.000000 0.000000 1.000000
vn 0.000000 0.000000 1.000000
vn 0.000000 0.000000 1.000000
vn 0.000000 0.000000 1.000000
vn 0.000000 0.000000 1.000000
vn 0.000000 0.000000 1.000000
vn 0.000000 0.000000 1.000000
vn 0.000000 0.000000 1.000000
vn 0.000000 0.000000 1.000000
vn 0.000000 0.000000 1.000000
vn 0.000000 0.000000 1.000000
vn 0.000000 0.000000 1.000000
vn 0.000000 0.000000 1.000000
vn 0.000000 0.000000 1.000000
vn 0.000000 0.000000 1.000000
vn 0.000000 0.000000 1.000000
vn 0.000000 0.000000 1.000000
vn 0.000000 0.000000 1.000000
vn 0.000000 0.000000 1.000000
vn 0.000000 0.000000 1.000000
vn 0.000000 0.000000 1.000000
vn 0.000000 0.000000 1.000000
vn 0.000000 0.000000 1.000000
vn 0.000000 0.000000 1.000000
vn 0.000000 0.000000 1.000000
vn 0.000000 0.000000 1.000000
vn 0.000000 0.000000 1.000000
vn 0.000000 0.000000 1.000000
vn 0.000000 0.000000 1.000000
vn 0.000000 0.000000 1.000000
vn 0.000000 0.000000 1.000000
vn 0.000000 0.000000 1.000000
vn 0.000000 0.000000 1.000000
vn 0.000000 0.000000 1.000000
vn 0.000000 0.000000 1.000000
vn 0.000000 0.000000 1.000000
vn 0.000000 0.000000 1.000000
vn 0.000000 0.000000 1.000000
vn 0.000000 0.000000 1.000000
vn 0.000000 0.000000 1.000000
vn 0.000000 0.000000 1.000000
vn 0.000000 0.000000 1.000000
vn 0.000000 0.000000 1.000000
vn 0.000000 0.000000 1.000000
vn 0.000000 0.000000 1.000000
vn 0.000000 0.000000 1.000000
vn 0.000000 0.000000 1.000000
vn 0.000000 0.000000 1.000000
vn 0.000000 0.000000 1.000000
vn 0.000000 0.000000 1.000000
vn 0.000000 0.000000 1.000000
vn 0.000000 0.000000 1.000000
vn 0.000000 0.000000 1.000000
vn 0.000000 0.000000 1.000000
vn 0.000000 0.000000 1.000000
vn 0.000000 0.000000 1.000000
vn 0.000000 0.000000 1.000000
vn 0.000000 0.000000 1.000000
vn 0.000000 0.000000 1.000000
vn 0.000000 0.000000 1.000000
vn 0.000000 0.000000 1.000000
vn 0.000000 0.000000 1.000000
vn 0.000000 0.000000 1.000000
vn 0.000000 0.000000 1.000000
vn 0.000000 0.000000 1.000000
vn 0.000000 0.000000 1.000000
vn 0.000000 0.000000 1.000000
vn 0.000000 0.000000 1.000000
vn 0.000000 0.000000 1.000000
vn 0.000000 0.000000 1.000000
vn 0.000000 0.000000 1.000000
vn 0.000000 0.000000 1.000000
vn 0.000000 0.000000 1.000000
vn 0.000000 0.000000 1.000000
vn 0.000000 0.000000 1.000000
vn 0.000000 0.000000 1.000000
vn 0.000000 0.000000 1.000000
vn 0.000000 0.000000 1.000000
vn 0.000000 0.000000 1.000000
vn 0.000000 0.000000 1.000000
vn 0.000000 0.000000 1.000000
vn 0.000000 0.000000 1.000000
vn 0.000000 0.000000 1.000000
vn 0.000000 0.000000 1.000000
vn 0.000000 0.000000 1.000000
vn 0.000000 0.000000 1.000000
vn 0.000000 0.000000 1.000000
vn 0.000000 0.000000 1.000000
vn 0.000000 0.000000 1.000000
vn 0.000000 0.000000 1.000000
vn 0.000000 0.000000 1.000000
vn 0.000000 0.000000 1.000000
vn 0.000000 0.000000 1.000000
vn 0.000000 0.000000 1.000000
vn 0.000000 0.000000 1.000000
vn 0.000000 0.000000 1.000000
vn 0.000000 0.000000 1.000000
vn 0.000000 0.000000 1.000000
vn 0.000000 0.000000 1.000000
vn 0.000000 0.000000 1.000000
vn 0.999898 0.014302 -0.000000
vn 0.999613 0.027799 0.001081
vn 0.999079 0.042897 -0.000061
vn 0.996523 0.083308 0.001074
vn 0.997444 0.071455 0.000068
vn 0.990350 0.138561 -0.002878
vn 0.993653 0.112489 -0.000000
vn 0.992790 0.119860 0.001398
vn 0.981123 0.193386 0.000600
vn 0.986164 0.165770 -0.000563
vn 0.968859 0.247613 0.000594
vn 0.975820 0.218575 -0.000560
vn 0.953601 0.301073 0.000584
vn 0.962651 0.270746 -0.000551
vn 0.935395 0.353605 0.000568
vn 0.946694 0.322133 -0.000538
vn 0.914298 0.405042 0.000547
vn 0.927997 0.372587 -0.000520
vn 0.890374 0.455229 0.000522
vn 0.906614 0.421962 -0.000497
vn 0.863699 0.504007 0.000491
vn 0.882604 0.470116 -0.000469
vn 0.834354 0.551229 0.000455
vn 0.856040 0.516909 -0.000436
vn 0.802431 0.596745 0.000415
vn 0.826997 0.562206 -0.000398
vn 0.795561 0.605873 -0.000355
vn 0.768026 0.640418 0.000369
vn 0.761820 0.647788 -0.000306
vn 0.731249 0.682111 0.000318
vn 0.725875 0.687827 -0.000253
vn 0.692210 0.721697 0.000263
vn 0.687827 0.725875 -0.000195
vn 0.651032 0.759050 0.000202
vn 0.647788 0.761820 -0.000132
vn 0.607842 0.794058 0.000137
vn 0.562772 0.826612 0.000066
vn 0.605874 0.795561 -0.000064
vn 0.562206 0.826997 0.000009
vn 0.515965 0.856610 0.000083
vn 0.516909 0.856040 -0.000009
vn 0.467561 0.883961 0.000153
vn 0.470116 0.882604 -0.000080
vn 0.417713 0.908579 0.000217
vn 0.421962 0.906614 -0.000147
vn 0.366573 0.930389 0.000276
vn 0.372587 0.927997 -0.000209
vn 0.314301 0.949323 0.000331
vn 0.322133 0.946694 -0.000266
vn 0.261055 0.965324 0.000380
vn 0.270746 0.962651 -0.000318
vn 0.207006 0.978340 0.000425
vn 0.218575 0.975820 -0.000365
vn 0.152314 0.988332 0.000464
vn 0.165770 0.986164 -0.000407
vn 0.097153 0.995269 0.000897
vn 0.109827 0.993951 -0.000504
vn 0.041691 0.999130 0.001080
vn 0.064320 0.997929 -0.000607
vn 0.112489 0.993653 0.000000
vn -0.013901 0.999903 0.000811
vn 0.021454 0.999770 -0.000565
vn -0.021454 0.999770 -0.000071
vn -0.069449 0.997585 0.000709
vn -0.064320 0.997929 0.000074
vn -0.124781 0.992184 -0.001079
vn -0.112489 0.993653 0.000000
vn -0.115781 0.993275 0.000624
vn -0.179729 0.983716 0.000475
vn -0.165770 0.986164 -0.000419
vn -0.234122 0.972207 0.000508
vn -0.218575 0.975820 -0.000454
vn -0.287789 0.957694 0.000536
vn -0.270746 0.962651 -0.000484
vn -0.340568 0.940220 0.000559
vn -0.322133 0.946694 -0.000510
vn -0.372587 0.927997 -0.000531
vn -0.392295 0.919839 0.000577
vn -0.421962 0.906613 -0.000546
vn -0.442807 0.896617 0.000590
vn -0.470116 0.882604 -0.000557
vn -0.491953 0.870621 0.000598
vn -0.516909 0.856040 -0.000562
vn -0.539577 0.841936 0.000601
vn -0.562206 0.826997 -0.000563
vn -0.585534 0.810648 0.000599
vn -0.605873 0.795561 -0.000558
vn -0.629680 0.776855 0.000592
vn -0.647788 0.761820 -0.000549
vn -0.671881 0.740659 0.000580
vn -0.687827 0.725875 -0.000535
vn -0.712004 0.702175 0.000564
vn -0.725875 0.687827 -0.000515
vn -0.749927 0.661520 0.000542
vn -0.761820 0.647788 -0.000491
vn -0.785532 0.618821 0.000515
vn -0.795561 0.605873 -0.000462
vn -0.818709 0.574208 0.000483
vn -0.826997 0.562206 -0.000427
vn -0.849355 0.527822 0.000446
vn -0.856040 0.516909 -0.000388
vn -0.877376 0.479804 0.000405
vn -0.902685 0.430302 0.000358
vn -0.882604 0.470116 -0.000344
vn -0.925204 0.379470 0.000306
vn -0.906614 0.421962 -0.000295
vn -0.944863 0.327465 0.000249
vn -0.927997 0.372587 -0.000240
vn -0.961601 0.274450 0.000188
vn -0.946694 0.322133 -0.000181
vn -0.975368 0.220584 0.000121
vn -0.962651 0.270746 -0.000117
vn -0.986119 0.166038 0.000049
vn -0.975820 0.218575 -0.000048
vn -0.986164 0.165770 0.000026
vn -0.993823 0.110977 0.000180
vn -0.993669 0.112351 -0.000026
vn -0.998454 0.055575 0.000856
vn -0.997929 0.064320 -0.000137
vn -0.993653 0.112489 0.000000
vn -0.999999 0.000000 0.001082
vn -0.999770 0.021454 -0.000588
vn -0.998454 -0.055575 0.000856
vn -0.999770 -0.021454 -0.000588
vn -0.993823 -0.110977 0.000180
vn -0.997929 -0.064320 -0.000137
vn -0.993653 -0.112489 0.000000
vn -0.993669 -0.112351 -0.000026
vn -0.986164 -0.165770 0.000026
vn -0.986119 -0.166038 0.000049
vn -0.975820 -0.218575 -0.000048
vn -0.975368 -0.220584 0.000121
vn -0.962651 -0.270746 -0.000117
vn -0.961601 -0.274450 0.000188
vn -0.946694 -0.322133 -0.000181
vn -0.944863 -0.327465 0.000249
vn -0.927997 -0.372587 -0.000240
vn -0.925204 -0.379470 0.000306
vn -0.906614 -0.421962 -0.000295
vn -0.902685 -0.430302 0.000358
vn -0.882604 -0.470116 -0.000344
vn -0.877376 -0.479804 0.000405
vn -0.856040 -0.516909 -0.000388
vn -0.849355 -0.527822 0.000446
vn -0.826997 -0.562206 -0.000427
vn -0.818709 -0.574208 0.000483
vn -0.795561 -0.605873 -0.000462
vn -0.785532 -0.618821 0.000515
vn -0.761820 -0.647788 -0.000491
vn -0.749927 -0.661520 0.000542
vn -0.725875 -0.687827 -0.000515
vn -0.712004 -0.702175 0.000564
vn -0.687827 -0.725875 -0.000535
vn -0.671881 -0.740659 0.000580
vn -0.647788 -0.761820 -0.000549
vn -0.629680 -0.776855 0.000592
vn -0.605873 -0.795561 -0.000558
vn -0.585534 -0.810648 0.000599
vn -0.562206 -0.826997 -0.000563
vn -0.539577 -0.841936 0.000601
vn -0.516909 -0.856040 -0.000562
vn -0.491953 -0.870621 0.000598
vn -0.470116 -0.882604 -0.000557
vn -0.442807 -0.896617 0.000590
vn -0.421962 -0.906613 -0.000546
vn -0.392295 -0.919839 0.000577
vn -0.372587 -0.927997 -0.000531
vn -0.340568 -0.940220 0.000559
vn -0.287789 -0.957694 0.000536
vn -0.322133 -0.946694 -0.000510
vn -0.234122 -0.972207 0.000508
vn -0.270746 -0.962651 -0.000484
vn -0.179729 -0.983716 0.000475
vn -0.218575 -0.975820 -0.000454
vn -0.165770 -0.986164 -0.000419
vn -0.124781 -0.992184 -0.001079
vn -0.069449 -0.997585 0.000709
vn -0.115781 -0.993275 0.000624
vn -0.064320 -0.997929 0.000074
vn -0.112489 -0.993653 0.000000
vn -0.021454 -0.999770 -0.000071
vn -0.013901 -0.999903 0.000811
vn 0.021454 -0.999770 -0.000565
vn 0.041691 -0.999130 0.001080
vn 0.064320 -0.997929 -0.000607
vn 0.097153 -0.995269 0.000897
vn 0.109827 -0.993951 -0.000504
vn 0.112489 -0.993653 0.000000
vn 0.152314 -0.988332 0.000464
vn 0.165770 -0.986164 -0.000407
vn 0.207006 -0.978340 0.000425
vn 0.218575 -0.975820 -0.000365
vn 0.261055 -0.965324 0.000380
vn 0.270746 -0.962651 -0.000318
vn 0.314301 -0.949323 0.000331
vn 0.322133 -0.946694 -0.000266
vn 0.366573 -0.930389 0.000276
vn 0.372587 -0.927997 -0.000209
vn 0.417713 -0.908579 0.000217
vn 0.421962 -0.906614 -0.000147
vn 0.467561 -0.883961 0.000153
vn 0.470116 -0.882604 -0.000080
vn 0.515965 -0.856610 0.000083
vn 0.516909 -0.856040 -0.000009
vn 0.562206 -0.826997 0.000009
vn 0.562772 -0.826612 0.000066
vn 0.607842 -0.794058 0.000137
vn 0.605874 -0.795561 -0.000064
vn 0.651032 -0.759050 0.000202
vn 0.647788 -0.761820 -0.000132
vn 0.692210 -0.721697 0.000263
vn 0.687827 -0.725875 -0.000195
vn 0.731249 -0.682111 0.000318
vn 0.725875 -0.687827 -0.000253
vn 0.768026 -0.640418 0.000369
vn 0.761820 -0.647788 -0.000306
vn 0.802431 -0.596745 0.000415
vn 0.795561 -0.605873 -0.000355
vn 0.834354 -0.551229 0.000455
vn 0.826997 -0.562206 -0.000398
vn 0.863699 -0.504007 0.000491
vn 0.856040 -0.516909 -0.000436
vn 0.890374 -0.455229 0.000522
vn 0.882604 -0.470116 -0.000469
vn 0.914298 -0.405042 0.000547
vn 0.906614 -0.421962 -0.000497
vn 0.935395 -0.353605 0.000568
vn 0.927997 -0.372587 -0.000520
vn 0.946694 -0.322133 -0.000538
vn 0.953601 -0.301073 0.000584
vn 0.962651 -0.270746 -0.000551
vn 0.968859 -0.247613 0.000594
vn 0.975820 -0.218575 -0.000560
vn 0.981123 -0.193386 0.000600
vn 0.986164 -0.165770 -0.000563
vn 0.990350 -0.138561 -0.002878
vn 0.996523 -0.083308 0.001074
vn 0.992790 -0.119860 0.001398
vn 0.997444 -0.071455 0.000068
vn 0.993653 -0.112489 0.000000
vn 0.999613 -0.027799 0.001081
vn 0.999079 -0.042897 -0.000061
vn 0.999898 -0.014302 0.000000
vn -0.999906 -0.013719 0.000000
vn -0.999153 -0.041144 0.000000
vn -0.999906 -0.013719 0.000000
vn -0.997649 -0.068538 0.000000
vn -0.999153 -0.041144 0.000000
vn -0.995393 -0.095883 0.000000
vn -0.997649 -0.068538 0.000000
vn -0.992387 -0.123155 0.000000
vn -0.995393 -0.095883 0.000000
vn -0.988635 -0.150337 0.000000
vn -0.992387 -0.123155 0.000000
vn -0.984139 -0.177397 0.000000
vn -0.988635 -0.150337 0.000000
vn -0.978901 -0.204335 0.000000
vn -0.984139 -0.177397 0.000000
vn -0.972928 -0.231110 0.000000
vn -0.978901 -0.204335 0.000000
vn -0.966222 -0.257712 0.000000
vn -0.972928 -0.231110 0.000000
vn -0.966222 -0.257712 0.000000
vn -0.958787 -0.284125 0.000000
vn -0.958787 -0.284125 0.000000
vn -0.950631 -0.310323 0.000000
vn -0.950631 -0.310323 0.000000
vn -0.941760 -0.336284 0.000000
vn -0.941760 -0.336284 0.000000
vn -0.932181 -0.361992 0.000000
vn -0.932181 -0.361992 0.000000
vn -0.921898 -0.387432 0.000000
vn -0.921898 -0.387432 0.000000
vn -0.910923 -0.412577 0.000000
vn -0.910923 -0.412577 0.000000
vn -0.899261 -0.437413 0.000000
vn -0.899261 -0.437413 0.000000
vn -0.886922 -0.461918 0.000000
vn -0.886922 -0.461918 0.000000
vn -0.873917 -0.486076 0.000000
vn -0.860254 -0.509866 0.000000
vn -0.873917 -0.486076 0.000000
vn -0.860254 -0.509866 0.000000
vn -0.845941 -0.533277 0.000000
vn -0.830993 -0.556283 0.000000
vn -0.845941 -0.533277 0.000000
vn -0.815418 -0.578872 0.000000
vn -0.830993 -0.556283 0.000000
vn -0.799232 -0.601023 0.000000
vn -0.815418 -0.578872 0.000000
vn -0.782443 -0.622723 0.000000
vn -0.799232 -0.601023 0.000000
vn -0.765063 -0.643955 0.000000
vn -0.782443 -0.622723 0.000000
vn -0.747110 -0.664701 0.000000
vn -0.765063 -0.643955 0.000000
vn -0.728593 -0.684947 0.000000
vn -0.747110 -0.664701 0.000000
vn -0.709528 -0.704677 0.000000
vn -0.728593 -0.684947 0.000000
vn -0.689928 -0.723878 0.000000
vn -0.709528 -0.704677 0.000000
vn -0.669811 -0.742532 0.000000
vn -0.689928 -0.723878 0.000000
vn -0.649186 -0.760629 0.000000
vn -0.669811 -0.742532 0.000000
vn -0.628076 -0.778152 0.000000
vn -0.649186 -0.760629 0.000000
vn -0.606492 -0.795090 0.000000
vn -0.628076 -0.778152 0.000000
vn -0.584450 -0.811429 0.000000
vn -0.606492 -0.795090 0.000000
vn -0.584450 -0.811429 0.000000
vn -0.561970 -0.827158 0.000000
vn -0.561970 -0.827158 0.000000
vn -0.539066 -0.842263 0.000000
vn -0.539066 -0.842263 0.000000
vn -0.515756 -0.856735 0.000000
vn -0.515756 -0.856735 0.000000
vn -0.492060 -0.870561 0.000000
vn -0.492060 -0.870561 0.000000
vn -0.467990 -0.883734 0.000000
vn -0.443569 -0.896240 0.000000
vn -0.467990 -0.883734 0.000000
vn -0.418817 -0.908071 0.000000
vn -0.443569 -0.896240 0.000000
vn -0.393745 -0.919220 0.000000
vn -0.418817 -0.908071 0.000000
vn -0.368381 -0.929675 0.000000
vn -0.393745 -0.919220 0.000000
vn -0.342736 -0.939432 0.000000
vn -0.368381 -0.929675 0.000000
vn -0.316834 -0.948481 0.000000
vn -0.342736 -0.939432 0.000000
vn -0.290694 -0.956816 0.000000
vn -0.316834 -0.948481 0.000000
vn -0.264337 -0.964431 0.000000
vn -0.290694 -0.956816 0.000000
vn -0.237780 -0.971319 0.000000
vn -0.264337 -0.964431 0.000000
vn -0.211040 -0.977477 0.000000
vn -0.237780 -0.971319 0.000000
vn -0.184147 -0.982899 0.000000
vn -0.211040 -0.977477 0.000000
vn -0.157111 -0.987581 0.000000
vn -0.184147 -0.982899 0.000000
vn -0.129958 -0.991520 0.000000
vn -0.157111 -0.987581 0.000000
vn -0.102710 -0.994711 0.000000
vn -0.129958 -0.991520 0.000000
vn -0.075382 -0.997155 0.000000
vn -0.102710 -0.994711 0.000000
vn -0.047999 -0.998847 0.000000
vn -0.075382 -0.997155 0.000000
vn -0.047999 -0.998847 0.000000
vn -0.020574 -0.999788 0.000000
vn -0.020574 -0.999788 0.000000
vn 0.006858 -0.999976 0.000000
vn 0.006858 -0.999976 0.000000
vn 0.034290 -0.999412 0.000000
vn 0.034290 -0.999412 0.000000
vn 0.061694 -0.998095 0.000000
vn 0.089056 -0.996027 0.000000
vn 0.061694 -0.998095 0.000000
vn 0.116342 -0.993209 0.000000
vn 0.089056 -0.996027 0.000000
vn 0.116342 -0.993209 0.000000
vn 0.143552 -0.989643 0.000000
vn 0.143552 -0.989643 0.000000
vn 0.170643 -0.985333 0.000000
vn 0.197613 -0.980280 0.000000
vn 0.170643 -0.985333 0.000000
vn 0.197613 -0.980280 0.000000
vn 0.224433 -0.974490 0.000000
vn 0.224433 -0.974490 0.000000
vn 0.251079 -0.967966 0.000000
vn 0.251079 -0.967966 0.000000
vn 0.277541 -0.960714 0.000000
vn 0.303795 -0.952737 0.000000
vn 0.277541 -0.960714 0.000000
vn 0.303795 -0.952737 0.000000
vn 0.329816 -0.944045 0.000000
vn 0.329816 -0.944045 0.000000
vn 0.355590 -0.934642 0.000000
vn 0.355590 -0.934642 0.000000
vn 0.381099 -0.924534 0.000000
vn 0.406320 -0.913731 0.000000
vn 0.381099 -0.924534 0.000000
vn 0.406320 -0.913731 0.000000
vn 0.431233 -0.902241 0.000000
vn 0.431233 -0.902241 0.000000
vn 0.455821 -0.890071 0.000000
vn 0.455821 -0.890071 0.000000
vn 0.480070 -0.877230 0.000000
vn 0.503955 -0.863730 0.000000
vn 0.480070 -0.877230 0.000000
vn 0.503955 -0.863730 0.000000
vn 0.527462 -0.849578 0.000000
vn 0.527462 -0.849578 0.000000
vn 0.550569 -0.834790 0.000000
vn 0.550569 -0.834790 0.000000
vn 0.595527 -0.803335 0.000000
vn 0.573265 -0.819370 0.000000
vn 0.573265 -0.819370 0.000000
vn 0.617341 -0.786696 0.000000
vn 0.595527 -0.803335 0.000000
vn 0.617341 -0.786696 0.000000
vn 0.659561 -0.751651 0.000000
vn 0.638692 -0.769463 0.000000
vn 0.638692 -0.769463 0.000000
vn 0.679933 -0.733274 0.000000
vn 0.659561 -0.751651 0.000000
vn 0.679933 -0.733274 0.000000
vn 0.699794 -0.714345 0.000000
vn 0.699794 -0.714345 0.000000
vn 0.719129 -0.694877 0.000000
vn 0.737920 -0.674888 0.000000
vn 0.719129 -0.694877 0.000000
vn 0.737920 -0.674888 0.000000
vn 0.756158 -0.654390 0.000000
vn 0.756158 -0.654390 0.000000
vn 0.773826 -0.633399 0.000000
vn 0.773826 -0.633399 0.000000
vn 0.790912 -0.611930 0.000000
vn 0.807401 -0.590003 0.000000
vn 0.790912 -0.611930 0.000000
vn 0.807401 -0.590003 0.000000
vn 0.823283 -0.567631 0.000000
vn 0.823283 -0.567631 0.000000
vn 0.838547 -0.544830 0.000000
vn 0.853178 -0.521620 0.000000
vn 0.838547 -0.544830 0.000000
vn 0.853178 -0.521620 0.000000
vn 0.867166 -0.498019 0.000000
vn 0.880502 -0.474041 0.000000
vn 0.867166 -0.498019 0.000000
vn 0.880502 -0.474041 0.000000
vn 0.893176 -0.449708 0.000000
vn 0.893176 -0.449708 0.000000
vn 0.905177 -0.425035 0.000000
vn 0.916498 -0.400040 0.000000
vn 0.905177 -0.425035 0.000000
vn 0.927126 -0.374749 0.000000
vn 0.916498 -0.400040 0.000000
vn 0.927126 -0.374749 0.000000
vn 0.937058 -0.349173 0.000000
vn 0.937058 -0.349173 0.000000
vn 0.954800 -0.297250 0.000000
vn 0.946285 -0.323333 0.000000
vn 0.946285 -0.323333 0.000000
vn 0.962595 -0.270944 0.000000
vn 0.954800 -0.297250 0.000000
vn 0.962595 -0.270944 0.000000
vn 0.969665 -0.244437 0.000000
vn 0.969665 -0.244437 0.000000
vn 0.981613 -0.190883 0.000000
vn 0.976006 -0.217742 0.000000
vn 0.976006 -0.217742 0.000000
vn 0.981613 -0.190883 0.000000
vn 0.986480 -0.163883 0.000000
vn 0.986480 -0.163883 0.000000
vn 0.990605 -0.136756 0.000000
vn 0.990605 -0.136756 0.000000
vn 0.993984 -0.109530 0.000000
vn 0.996614 -0.082219 0.000000
vn 0.993984 -0.109530 0.000000
vn 0.996614 -0.082219 0.000000
vn 0.998495 -0.054850 0.000000
vn 0.998495 -0.054850 0.000000
vn 0.999624 -0.027432 0.000000
vn 0.999624 -0.027432 0.000000
vn 1.000000 0.000000 0.000000
vn 0.999624 0.027432 -0.000000
vn 1.000000 0.000000 0.000000
vn 0.999624 0.027432 -0.000000
vn 0.998495 0.054850 -0.000000
vn 0.998495 0.054850 -0.000000
vn 0.996614 0.082219 0.000000
vn 0.996614 0.082219 -0.000000
vn 0.993984 0.109530 0.000000
vn 0.993984 0.109530 -0.000000
vn 0.986480 0.163883 -0.000000
vn 0.990605 0.136756 -0.000000
vn 0.990605 0.136756 0.000000
vn 0.986480 0.163883 -0.000000
vn 0.981613 0.190883 -0.000000
vn 0.981613 0.190883 0.000000
vn 0.976006 0.217742 -0.000000
vn 0.976006 0.217742 0.000000
vn 0.969665 0.244437 -0.000000
vn 0.969665 0.244437 0.000000
vn 0.954800 0.297250 -0.000000
vn 0.962595 0.270944 -0.000000
vn 0.962595 0.270944 0.000000
vn 0.954800 0.297250 -0.000000
vn 0.946285 0.323333 -0.000000
vn 0.946285 0.323333 0.000000
vn 0.937058 0.349173 -0.000000
vn 0.937058 0.349173 0.000000
vn 0.916498 0.400040 -0.000000
vn 0.927126 0.374749 -0.000000
vn 0.927126 0.374749 0.000000
vn 0.916498 0.400040 -0.000000
vn 0.905177 0.425035 -0.000000
vn 0.905177 0.425035 0.000000
vn 0.893176 0.449708 -0.000000
vn 0.893176 0.449708 0.000000
vn 0.880502 0.474041 -0.000000
vn 0.880502 0.474041 0.000000
vn 0.867166 0.498019 -0.000000
vn 0.867166 0.498019 0.000000
vn 0.853178 0.521620 -0.000000
vn 0.853178 0.521620 0.000000
vn 0.823283 0.567631 -0.000000
vn 0.838547 0.544830 -0.000000
vn 0.838547 0.544830 0.000000
vn 0.823283 0.567631 -0.000000
vn 0.807401 0.590003 0.000000
vn 0.807401 0.590003 -0.000000
vn 0.790912 0.611930 0.000000
vn 0.773826 0.633399 -0.000000
vn 0.790912 0.611930 -0.000000
vn 0.773826 0.633399 -0.000000
vn 0.737920 0.674888 -0.000000
vn 0.756158 0.654390 -0.000000
vn 0.756158 0.654390 0.000000
vn 0.737920 0.674888 -0.000000
vn 0.719129 0.694877 -0.000000
vn 0.719129 0.694877 0.000000
vn 0.679933 0.733274 -0.000000
vn 0.699794 0.714345 -0.000000
vn 0.699794 0.714345 0.000000
vn 0.679933 0.733274 -0.000000
vn 0.659561 0.751651 -0.000000
vn 0.659561 0.751651 0.000000
vn 0.638692 0.769463 -0.000000
vn 0.638692 0.769463 0.000000
vn 0.617341 0.786696 -0.000000
vn 0.617341 0.786696 0.000000
vn 0.573265 0.819370 -0.000000
vn 0.595527 0.803335 -0.000000
vn 0.595527 0.803335 0.000000
vn 0.573265 0.819370 -0.000000
vn 0.527462 0.849578 -0.000000
vn 0.550569 0.834790 -0.000000
vn 0.550569 0.834790 0.000000
vn 0.527462 0.849578 -0.000000
vn 0.503955 0.863730 -0.000000
vn 0.503955 0.863730 0.000000
vn 0.480070 0.877230 -0.000000
vn 0.480070 0.877230 0.000000
vn 0.455821 0.890071 -0.000000
vn 0.455821 0.890071 0.000000
vn 0.431233 0.902241 -0.000000
vn 0.431233 0.902241 0.000000
vn 0.406320 0.913731 -0.000000
vn 0.406320 0.913731 0.000000
vn 0.381099 0.924534 0.000000
vn 0.355590 0.934642 -0.000000
vn 0.381099 0.924534 -0.000000
vn 0.355590 0.934642 -0.000000
vn 0.329816 0.944045 0.000000
vn 0.329816 0.944045 -0.000000
vn 0.303795 0.952737 0.000000
vn 0.277541 0.960714 -0.000000
vn 0.303795 0.952737 -0.000000
vn 0.277541 0.960714 -0.000000
vn 0.224433 0.974490 -0.000000
vn 0.251079 0.967966 -0.000000
vn 0.251079 0.967966 0.000000
vn 0.224433 0.974490 -0.000000
vn 0.197613 0.980280 0.000000
vn 0.197613 0.980280 -0.000000
vn 0.170643 0.985333 0.000000
vn 0.143552 0.989643 -0.000000
vn 0.170643 0.985333 -0.000000
vn 0.143552 0.989643 -0.000000
vn 0.116342 0.993209 0.000000
vn 0.116342 0.993209 -0.000000
vn 0.089056 0.996027 0.000000
vn 0.089056 0.996027 -0.000000
vn 0.061694 0.998095 0.000000
vn 0.061694 0.998095 -0.000000
vn 0.034290 0.999412 0.000000
vn 0.034290 0.999412 -0.000000
vn 0.006858 0.999976 0.000000
vn -0.020574 0.999788 0.000000
vn 0.006858 0.999976 -0.000000
vn -0.020574 0.999788 0.000000
vn -0.047999 0.998847 0.000000
vn -0.075382 0.997155 0.000000
vn -0.047999 0.998847 0.000000
vn -0.075382 0.997155 0.000000
vn -0.102710 0.994711 0.000000
vn -0.102710 0.994711 0.000000
vn -0.129958 0.991520 0.000000
vn -0.129958 0.991520 0.000000
vn -0.157111 0.987581 0.000000
vn -0.157111 0.987581 0.000000
vn -0.184147 0.982899 0.000000
vn -0.184147 0.982899 0.000000
vn -0.211040 0.977477 0.000000
vn -0.211040 0.977477 0.000000
vn -0.264337 0.964431 0.000000
vn -0.237780 0.971319 0.000000
vn -0.237780 0.971319 0.000000
vn -0.264337 0.964431 0.000000
vn -0.290694 0.956816 0.000000
vn -0.290694 0.956816 0.000000
vn -0.342736 0.939432 0.000000
vn -0.316834 0.948481 0.000000
vn -0.316834 0.948481 0.000000
vn -0.368381 0.929675 0.000000
vn -0.342736 0.939432 0.000000
vn -0.368381 0.929675 0.000000
vn -0.393745 0.919220 0.000000
vn -0.418817 0.908071 0.000000
vn -0.393745 0.919220 0.000000
vn -0.418817 0.908071 0.000000
vn -0.443569 0.896240 0.000000
vn -0.443569 0.896240 0.000000
vn -0.467990 0.883734 0.000000
vn -0.467990 0.883734 0.000000
vn -0.492060 0.870561 0.000000
vn -0.492060 0.870561 0.000000
vn -0.515756 0.856735 0.000000
vn -0.539066 0.842263 0.000000
vn -0.515756 0.856735 0.000000
vn -0.539066 0.842263 0.000000
vn -0.561970 0.827158 0.000000
vn -0.561970 0.827158 0.000000
vn -0.584450 0.811429 0.000000
vn -0.606492 0.795090 0.000000
vn -0.584450 0.811429 0.000000
vn -0.606492 0.795090 0.000000
vn -0.628076 0.778152 0.000000
vn -0.628076 0.778152 0.000000
vn -0.649186 0.760629 0.000000
vn -0.669811 0.742532 0.000000
vn -0.649186 0.760629 0.000000
vn -0.669811 0.742532 0.000000
vn -0.689928 0.723878 0.000000
vn -0.709528 0.704677 0.000000
vn -0.689928 0.723878 0.000000
vn -0.709528 0.704677 0.000000
vn -0.728593 0.684947 0.000000
vn -0.728593 0.684947 0.000000
vn -0.765063 0.643955 0.000000
vn -0.747110 0.664701 0.000000
vn -0.747110 0.664701 0.000000
vn -0.765063 0.643955 0.000000
vn -0.782443 0.622723 0.000000
vn -0.782443 0.622723 0.000000
vn -0.815418 0.578872 0.000000
vn -0.799232 0.601023 0.000000
vn -0.799232 0.601023 0.000000
vn -0.815418 0.578872 0.000000
vn -0.845941 0.533277 0.000000
vn -0.830993 0.556283 0.000000
vn -0.830993 0.556283 0.000000
vn -0.845941 0.533277 0.000000
vn -0.860254 0.509866 0.000000
vn -0.860254 0.509866 0.000000
vn -0.886922 0.461918 0.000000
vn -0.873917 0.486076 0.000000
vn -0.873917 0.486076 0.000000
vn -0.886922 0.461918 0.000000
vn -0.899261 0.437413 0.000000
vn -0.899261 0.437413 0.000000
vn -0.910923 0.412577 0.000000
vn -0.921898 0.387432 0.000000
vn -0.910923 0.412577 0.000000
vn -0.921898 0.387432 0.000000
vn -0.932181 0.361992 0.000000
vn -0.941760 0.336284 0.000000
vn -0.932181 0.361992 0.000000
vn -0.941760 0.336284 0.000000
vn -0.950631 0.310323 0.000000
vn -0.958787 0.284125 0.000000
vn -0.950631 0.310323 0.000000
vn -0.958787 0.284125 0.000000
vn -0.966222 0.257712 0.000000
vn -0.966222 0.257712 0.000000
vn -0.972928 0.231110 0.000000
vn -0.972928 0.231110 0.000000
vn -0.984139 0.177397 0.000000
vn -0.978901 0.204335 0.000000
vn -0.978901 0.204335 0.000000
vn -0.984139 0.177397 0.000000
vn -0.988635 0.150337 0.000000
vn -0.988635 0.150337 0.000000
vn -0.992387 0.123155 0.000000
vn -0.992387 0.123155 0.000000
vn -0.995393 0.095883 0.000000
vn -0.995393 0.095883 0.000000
vn -0.999153 0.041144 0.000000
vn -0.997649 0.068538 0.000000
vn -0.997649 0.068538 0.000000
vn -0.999906 0.013719 0.000000
vn -0.999153 0.041144 0.000000
vn -0.999906 0.013719 0.000000
vn 0.000000 0.000000 -1.000000
vn 0.000000 0.000000 -1.000000
vn 0.000000 0.000000 -1.000000
vn 0.000000 0.000000 -1.000000
vn 0.000000 0.000000 -1.000000
vn 0.000000 0.000000 -1.000000
vn 0.000000 0.000000 -1.000000
vn 0.000000 0.000000 -1.000000
vn 0.000000 0.000000 -1.000000
vn 0.000000 0.000000 -1.000000
vn 0.000000 0.000000 -1.000000
vn 0.000000 0.000000 -1.000000
vn 0.000000 0.000000 -1.000000
vn 0.000000 0.000000 -1.000000
vn 0.000000 0.000000 -1.000000
vn 0.000000 0.000000 -1.000000
vn 0.000000 0.000000 -1.000000
vn 0.000000 0.000000 -1.000000
vn 0.000000 0.000000 -1.000000
vn 0.000000 0.000000 -1.000000
vn 0.000000 0.000000 -1.000000
vn 0.000000 0.000000 -1.000000
vn 0.000000 0.000000 -1.000000
vn 0.000000 0.000000 -1.000000
vn 0.000000 0.000000 -1.000000
vn 0.000000 0.000000 -1.000000
vn 0.000000 0.000000 -1.000000
vn 0.000000 0.000000 -1.000000
vn 0.000000 0.000000 -1.000000
vn 0.000000 0.000000 -1.000000
vn 0.000000 0.000000 -1.000000
vn 0.000000 0.000000 -1.000000
vn 0.000000 0.000000 -1.000000
vn 0.000000 0.000000 -1.000000
vn 0.000000 0.000000 -1.000000
vn 0.000000 0.000000 -1.000000
vn 0.000000 0.000000 -1.000000
vn 0.000000 0.000000 -1.000000
vn 0.000000 0.000000 -1.000000
vn 0.000000 0.000000 -1.000000
vn 0.000000 0.000000 -1.000000
vn 0.000000 0.000000 -1.000000
vn 0.000000 0.000000 -1.000000
vn 0.000000 0.000000 -1.000000
vn 0.000000 0.000000 -1.000000
vn 0.000000 0.000000 -1.000000
vn 0.000000 0.000000 -1.000000
vn 0.000000 0.000000 -1.000000
vn 0.000000 0.000000 -1.000000
vn 0.000000 0.000000 -1.000000
vn 0.000000 0.000000 -1.000000
vn 0.000000 0.000000 -1.000000
vn 0.000000 0.000000 -1.000000
vn 0.000000 0.000000 -1.000000
vn 0.000000 0.000000 -1.000000
vn 0.000000 0.000000 -1.000000
vn 0.000000 0.000000 -1.000000
vn 0.000000 0.000000 -1.000000
vn 0.000000 0.000000 -1.000000
vn 0.000000 0.000000 -1.000000
vn 0.000000 0.000000 -1.000000
vn 0.000000 0.000000 -1.000000
vn 0.000000 0.000000 -1.000000
vn 0.000000 0.000000 -1.000000
vn 0.000000 0.000000 -1.000000
vn 0.000000 0.000000 -1.000000
vn 0.000000 0.000000 -1.000000
vn 0.000000 0.000000 -1.000000
vn 0.000000 0.000000 -1.000000
vn 0.000000 0.000000 -1.000000
vn 0.000000 0.000000 -1.000000
vn 0.000000 0.000000 -1.000000
vn 0.000000 0.000000 -1.000000
vn 0.000000 0.000000 -1.000000
vn 0.000000 0.000000 -1.000000
vn 0.000000 0.000000 -1.000000
vn 0.000000 0.000000 -1.000000
vn 0.000000 0.000000 -1.000000
vn 0.000000 0.000000 -1.000000
vn 0.000000 0.000000 -1.000000
vn 0.000000 0.000000 -1.000000
vn 0.000000 0.000000 -1.000000
vn 0.000000 0.000000 -1.000000
vn 0.000000 0.000000 -1.000000
vn 0.000000 0.000000 -1.000000
vn 0.000000 0.000000 -1.000000
vn 0.000000 0.000000 -1.000000
vn 0.000000 0.000000 -1.000000
vn 0.000000 0.000000 -1.000000
vn 0.000000 0.000000 -1.000000
vn 0.000000 0.000000 -1.000000
vn 0.000000 0.000000 -1.000000
vn 0.000000 0.000000 -1.000000
vn 0.000000 0.000000 -1.000000
vn 0.000000 0.000000 -1.000000
vn 0.000000 0.000000 -1.000000
vn 0.000000 0.000000 -1.000000
vn 0.000000 0.000000 -1.000000
vn 0.000000 0.000000 -1.000000
vn 0.000000 0.000000 -1.000000
vn 0.000000 0.000000 -1.000000
vn 0.000000 0.000000 -1.000000
vn 0.000000 0.000000 -1.000000
vn 0.000000 0.000000 -1.000000
vn 0.000000 0.000000 -1.000000
vn 0.000000 0.000000 -1.000000
vn 0.000000 0.000000 -1.000000
vn 0.000000 0.000000 -1.000000
vn 0.000000 0.000000 -1.000000
vn 0.000000 0.000000 -1.000000
vn 0.000000 0.000000 -1.000000
vn 0.000000 0.000000 -1.000000
vn 0.000000 0.000000 -1.000000
vn 0.000000 0.000000 -1.000000
vn 0.000000 0.000000 -1.000000
vn 0.000000 0.000000 -1.000000
vn 0.000000 0.000000 -1.000000
vn 0.000000 0.000000 -1.000000
vn 0.000000 0.000000 -1.000000
vn 0.000000 0.000000 -1.000000
vn 0.000000 0.000000 -1.000000
vn 0.000000 0.000000 -1.000000
vn 0.000000 0.000000 -1.000000
vn 0.000000 0.000000 -1.000000
vn 0.000000 0.000000 -1.000000
vn 0.000000 0.000000 -1.000000
vn 0.000000 0.000000 -1.000000
vn 0.000000 0.000000 -1.000000
vn 0.000000 0.000000 -1.000000
vn 0.000000 0.000000 -1.000000
vn 0.000000 0.000000 -1.000000
vn 0.000000 0.000000 -1.000000
vn 0.000000 0.000000 -1.000000
vn 0.000000 0.000000 -1.000000
vn 0.000000 0.000000 -1.000000
vn 0.000000 0.000000 -1.000000
vn 0.000000 0.000000 -1.000000
vn 0.000000 0.000000 -1.000000
vn 0.000000 0.000000 -1.000000
vn 0.000000 0.000000 -1.000000
vn 0.000000 0.000000 -1.000000
vn 0.000000 0.000000 -1.000000
vn 0.000000 0.000000 -1.000000
vn 0.000000 0.000000 -1.000000
vn 0.000000 0.000000 -1.000000
vn 0.000000 0.000000 -1.000000
vn 0.000000 0.000000 -1.000000
vn 0.000000 0.000000 -1.000000
vn 0.000000 0.000000 -1.000000
vn 0.000000 0.000000 -1.000000
vn 0.000000 0.000000 -1.000000
vn 0.000000 0.000000 -1.000000
vn 0.000000 0.000000 -1.000000
vn 0.000000 0.000000 -1.000000
vn 0.000000 0.000000 -1.000000
vn 0.000000 0.000000 -1.000000
vn 0.000000 0.000000 -1.000000
vn 0.000000 0.000000 -1.000000
vn 0.000000 0.000000 -1.000000
vn 0.000000 0.000000 -1.000000
vn 0.000000 0.000000 -1.000000
vn 0.000000 0.000000 -1.000000
vn 0.000000 0.000000 -1.000000
vn 0.000000 0.000000 -1.000000
vn 0.000000 0.000000 -1.000000
vn 0.000000 0.000000 -1.000000
vn 0.000000 0.000000 -1.000000
vn 0.000000 0.000000 -1.000000
vn 0.000000 0.000000 -1.000000
vn 0.000000 0.000000 -1.000000
vn 0.000000 0.000000 -1.000000
vn 0.000000 0.000000 -1.000000
vn 0.000000 0.000000 -1.000000
vn 0.000000 0.000000 -1.000000
vn 0.000000 0.000000 -1.000000
vn 0.000000 0.000000 -1.000000
vn 0.000000 0.000000 -1.000000
vn 0.000000 0.000000 -1.000000
vn 0.000000 0.000000 -1.000000
vn 0.000000 0.000000 -1.000000
vn 0.000000 0.000000 -1.000000
vn 0.000000 0.000000 -1.000000
vn 0.000000 0.000000 -1.000000
vn 0.000000 0.000000 -1.000000
vn 0.000000 0.000000 -1.000000
vn 0.000000 0.000000 -1.000000
vn 0.000000 0.000000 -1.000000
vn 0.000000 0.000000 -1.000000
vn 0.000000 0.000000 -1.000000
vn 0.000000 0.000000 -1.000000
vn 0.000000 0.000000 -1.000000
vn 0.000000 0.000000 -1.000000
vn 0.000000 0.000000 -1.000000
vn 0.000000 0.000000 -1.000000
vn 0.000000 0.000000 -1.000000
vn 0.000000 0.000000 -1.000000
vn 0.000000 0.000000 -1.000000
vn 0.000000 0.000000 -1.000000
vn 0.000000 0.000000 -1.000000
vn 0.000000 0.000000 -1.000000
vn 0.000000 0.000000 -1.000000
vn 0.000000 0.000000 -1.000000
vn 0.000000 0.000000 -1.000000
vn 0.000000 0.000000 -1.000000
vn 0.000000 0.000000 -1.000000
vn 0.000000 0.000000 -1.000000
vn 0.000000 0.000000 -1.000000
vn 0.000000 0.000000 -1.000000
vn 0.000000 0.000000 -1.000000
vn 0.000000 0.000000 -1.000000
vn 0.000000 0.000000 -1.000000
vn 0.000000 0.000000 -1.000000
vn 0.000000 0.000000 -1.000000
vn 0.000000 0.000000 -1.000000
vn 0.000000 0.000000 -1.000000
vn 0.000000 0.000000 -1.000000
vn 0.000000 0.000000 -1.000000
vn 0.000000 0.000000 -1.000000
vn 0.000000 0.000000 -1.000000
vn 0.000000 0.000000 -1.000000
vn 0.000000 0.000000 -1.000000
vn 0.000000 0.000000 -1.000000
vn 0.000000 0.000000 -1.000000
vn 0.000000 0.000000 -1.000000
vn 0.000000 0.000000 -1.000000
vn 0.000000 0.000000 -1.000000
vn 0.000000 0.000000 -1.000000
vn 0.000000 0.000000 -1.000000
vn 0.000000 0.000000 -1.000000
vn 0.000000 0.000000 -1.000000
vn 0.000000 0.000000 -1.000000
vn 0.000000 0.000000 -1.000000
vn 0.000000 0.000000 -1.000000
vn 0.000000 0.000000 -1.000000
vn 0.000000 0.000000 -1.000000
vn 0.000000 0.000000 -1.000000
vn 0.000000 0.000000 -1.000000
vn 0.000000 0.000000 -1.000000
vn 0.000000 0.000000 -1.000000
vn 0.000000 0.000000 -1.000000
vn 0.000000 0.000000 -1.000000
vn 0.000000 0.000000 -1.000000
vn 0.000000 0.000000 -1.000000
vn 0.000000 0.000000 -1.000000
vn 0.000000 0.000000 -1.000000
vn 0.000000 0.000000 -1.000000
vn 0.000000 0.000000 -1.000000
vn 0.000000 0.000000 -1.000000
vn 0.000000 0.000000 -1.000000
vn 0.000000 0.000000 -1.000000
vn 0.000000 0.000000 -1.000000
vn 0.000000 0.000000 -1.000000
vn 0.000000 0.000000 -1.000000
vn 0.000000 0.000000 -1.000000
vn 0.000000 0.000000 -1.000000
vn 0.000000 0.000000 -1.000000
vn 0.000000 0.000000 -1.000000
vn 0.000000 0.000000 -1.000000
vn 0.000000 0.000000 -1.000000
vn 0.000000 0.000000 -1.000000
vn 0.000000 0.000000 -1.000000
vn 0.000000 0.000000 -1.000000
vn 0.000000 0.000000 -1.000000
vn 0.000000 0.000000 -1.000000
vn 0.000000 0.000000 -1.000000
vn 0.000000 0.000000 -1.000000
vn 0.000000 0.000000 -1.000000
vn 0.000000 0.000000 -1.000000
vn 0.000000 0.000000 -1.000000
vn 0.000000 0.000000 -1.000000
vn 0.000000 0.000000 -1.000000
vn 0.000000 0.000000 -1.000000
vn 0.000000 0.000000 -1.000000
vn 0.000000 0.000000 -1.000000
vn 0.000000 0.000000 -1.000000
vn 0.000000 0.000000 -1.000000
vn 0.000000 0.000000 -1.000000
vn 0.000000 0.000000 -1.000000
vn 0.000000 0.000000 -1.000000
vn 0.000000 0.000000 -1.000000
vn 0.000000 0.000000 -1.000000
vn 0.000000 0.000000 -1.000000
vn 0.000000 0.000000 -1.000000
vn 0.000000 0.000000 -1.000000
vn 0.000000 0.000000 -1.000000
vn 0.000000 0.000000 -1.000000
vn 0.000000 0.000000 -1.000000
vn 0.000000 0.000000 -1.000000
vn 0.000000 0.000000 -1.000000
vn 0.000000 0.000000 -1.000000
vn 0.000000 0.000000 -1.000000
vn 0.000000 0.000000 -1.000000
vn 0.000000 0.000000 -1.000000
vn 0.000000 0.000000 -1.000000
vn 0.000000 0.000000 -1.000000
vn 0.000000 0.000000 -1.000000
vn 0.000000 0.000000 -1.000000
vn 0.000000 0.000000 -1.000000
vn 0.000000 0.000000 -1.000000
vn 0.000000 0.000000 -1.000000
vn 0.000000 0.000000 -1.000000
vn 0.000000 0.000000 -1.000000
vn 0.000000 0.000000 -1.000000
vn 0.000000 0.000000 -1.000000
vn 0.000000 0.000000 -1.000000
vn 0.000000 0.000000 -1.000000
vn 0.000000 0.000000 -1.000000
vn 0.000000 0.000000 -1.000000
vn 0.000000 0.000000 -1.000000
vn 0.000000 0.000000 -1.000000
vn 0.000000 0.000000 -1.000000
vn 0.000000 0.000000 -1.000000
vn 0.000000 0.000000 -1.000000
vn 0.000000 0.000000 -1.000000
vn 0.000000 0.000000 -1.000000
vn 0.000000 0.000000 -1.000000
vn 0.000000 0.000000 -1.000000
vn 0.000000 0.000000 -1.000000
vn 0.000000 0.000000 -1.000000
vn 0.000000 0.000000 -1.000000
vn 0.000000 0.000000 -1.000000
vn 0.000000 0.000000 -1.000000
vn 0.000000 0.000000 -1.000000
vn 0.000000 0.000000 -1.000000
vn 0.000000 0.000000 -1.000000
vn 0.000000 0.000000 -1.000000
vn 0.000000 0.000000 -1.000000
vn 0.000000 0.000000 -1.000000
vn 0.000000 0.000000 -1.000000
vn 0.000000 0.000000 -1.000000
vn 0.000000 0.000000 -1.000000
vn 0.000000 0.000000 -1.000000
vn 0.000000 0.000000 -1.000000
vn 0.000000 0.000000 -1.000000
vn 0.000000 0.000000 -1.000000
vn 0.000000 0.000000 -1.000000
vn 0.000000 0.000000 -1.000000
vn 0.000000 0.000000 -1.000000
vn 0.000000 0.000000 -1.000000
vn 0.000000 0.000000 -1.000000
vn 0.000000 0.000000 -1.000000
vn 0.000000 0.000000 -1.000000
vn 0.000000 0.000000 -1.000000
vn 0.000000 0.000000 -1.000000
vn 0.000000 0.000000 -1.000000
vn 0.000000 0.000000 -1.000000
vn 0.000000 0.000000 -1.000000
vn 0.000000 0.000000 -1.000000
vn 0.000000 0.000000 -1.000000
vn 0.000000 0.000000 -1.000000
vn 0.000000 0.000000 -1.000000
vn 0.000000 0.000000 -1.000000
vn 0.000000 0.000000 -1.000000
vn 0.000000 0.000000 -1.000000
vn 0.000000 -1.000000 0.000000
vn 0.000000 -1.000000 0.000000
vn 0.000000 0.000000 -1.000000
vn 0.000000 0.000000 -1.000000
vn 0.000000 0.000000 -1.000000
vn 0.000000 0.000000 -1.000000
vn 0.000000 0.000000 -1.000000
vn 0.000000 0.000000 -1.000000
vn 0.000000 0.000000 -1.000000
vn 0.000000 -0.000000 -1.000000
vn 0.000000 0.000000 -1.000000
vn 0.000000 0.000000 -1.000000
vn 0.000000 0.000000 -1.000000
vn 0.000000 -0.000000 -1.000000
vn 0.000000 0.000000 -1.000000
vn 0.000000 0.000000 -1.000000
vn 0.000000 -0.000000 -1.000000
vn 0.000000 0.000000 -1.000000
vn 0.000000 0.000000 -1.000000
vn 0.000000 0.000000 -1.000000
vn 0.000000 0.000000 -1.000000
vn 0.000000 -0.000000 -1.000000
vn 0.000000 0.000000 -1.000000
vn 0.000000 0.000000 -1.000000
vn 0.000000 -0.000000 -1.000000
vn 0.000000 0.000000 -1.000000
vn 0.000000 0.000000 -1.000000
vn 0.000000 -0.000000 -1.000000
vn 0.000000 0.000000 -1.000000
vn 0.000000 0.000000 -1.000000
vn 0.000000 0.000000 -1.000000
vn 0.000000 0.000000 -1.000000
vn 0.000000 0.000000 -1.000000
vn 0.000000 -0.000000 -1.000000
vn 0.000000 0.000000 -1.000000
vn 0.000000 -0.000000 -1.000000
vn 0.000000 0.000000 -1.000000
vn 0.000000 0.000000 -1.000000
vn 0.000000 0.000000 -1.000000
vn 0.000000 -0.000000 -1.000000
vn 0.000000 0.000000 -1.000000
vn 0.000000 0.000000 -1.000000
vn 0.000000 0.000000 -1.000000
vn 0.000000 0.000000 -1.000000
vn 0.000000 0.000000 -1.000000
vn 0.000000 -0.000000 -1.000000
vn 0.000000 0.000000 -1.000000
vn 0.000000 -0.000000 -1.000000
vn 0.000000 0.000000 -1.000000
vn 0.000000 0.000000 -1.000000
vn 0.000000 0.000000 -1.000000
vn 0.000000 -0.000000 -1.000000
vn -1.000000 0.000000 0.000000
vn -1.000000 0.000000 0.000000
vn 1.000000 0.000000 0.000000
vn 1.000000 -0.000000 0.000000
vn 0.000000 -0.000000 -1.000000
vn 0.000000 -0.000000 -1.000000
vn 0.000000 0.000000 -1.000000
vn 0.000000 -0.000000 -1.000000
vn 0.000000 0.000000 -1.000000
vn 0.000000 -0.000000 -1.000000
vn 0.000000 0.000000 -1.000000
vn 0.000000 -0.000000 -1.000000
vn 0.000000 0.000000 -1.000000
vn 0.000000 -0.000000 -1.000000
vn 0.000000 0.000000 -1.000000
vn 0.000000 -0.000000 -1.000000
vn 0.000000 0.000000 -1.000000
vn 0.000000 -0.000000 -1.000000
vn 0.000000 0.000000 -1.000000
vn 0.000000 -0.000000 -1.000000
vn 0.000000 0.000000 -1.000000
vn 0.000000 -0.000000 -1.000000
vn 0.000000 0.000000 -1.000000
vn 0.000000 -0.000000 -1.000000
vn 0.000000 0.000000 -1.000000
vn 0.000000 -0.000000 -1.000000
vn 0.000000 0.000000 -1.000000
vn 0.000000 0.000000 -1.000000
vn 0.000000 0.000000 -1.000000
vn 0.000000 0.000000 -1.000000
vn 0.000000 0.000000 -1.000000
vn 0.000000 0.000000 -1.000000
vn 0.000000 0.000000 -1.000000
vn 0.000000 0.000000 -1.000000
vn 0.000000 0.000000 -1.000000
vn 0.000000 0.000000 -1.000000
vn 0.000000 0.000000 -1.000000
vn 0.000000 0.000000 -1.000000
vn 0.000000 0.000000 -1.000000
vn 0.000000 0.000000 -1.000000
vn 0.000000 0.000000 -1.000000
vn 0.000000 0.000000 -1.000000
vn 0.000000 0.000000 -1.000000
vn 0.000000 0.000000 -1.000000
vn 0.000000 0.000000 -1.000000
vn 0.000000 0.000000 -1.000000
vn 0.000000 0.000000 -1.000000
vn 0.000000 0.000000 -1.000000
vn 0.000000 0.000000 -1.000000
vn 0.000000 0.000000 -1.000000
vn 0.000000 0.000000 -1.000000
vn 0.000000 0.000000 -1.000000
vn 0.000000 0.000000 -1.000000
vn 0.000000 0.000000 -1.000000
vn 0.000000 -1.000000 0.000000
vn 0.000000 -1.000000 0.000000
vn 0.000000 1.000000 0.000000
vn 0.000000 1.000000 0.000000
vn 0.000000 0.000000 -1.000000
vn 0.000000 0.000000 -1.000000
vn 0.000000 0.000000 -1.000000
vn 0.000000 -0.000000 -1.000000
vn 0.000000 0.000000 -1.000000
vn 0.000000 0.000000 -1.000000
vn 0.000000 -0.000000 -1.000000
vn 0.000000 0.000000 -1.000000
vn 0.000000 0.000000 -1.000000
vn 0.000000 0.000000 -1.000000
vn 0.000000 -0.000000 -1.000000
vn 0.000000 0.000000 -1.000000
vn 0.000000 0.000000 -1.000000
vn 0.000000 0.000000 -1.000000
vn 0.000000 -0.000000 -1.000000
vn 0.000000 0.000000 -1.000000
vn 0.000000 0.000000 -1.000000
vn 0.000000 0.000000 -1.000000
vn 0.000000 0.000000 -1.000000
vn 0.000000 -0.000000 -1.000000
vn 0.000000 0.000000 -1.000000
vn 0.000000 0.000000 -1.000000
vn 0.000000 0.000000 -1.000000
vn 0.000000 -0.000000 -1.000000
vn 0.000000 0.000000 -1.000000
vn 0.000000 0.000000 -1.000000
vn 0.000000 0.000000 -1.000000
vn 0.000000 -0.000000 -1.000000
vn 0.000000 0.000000 -1.000000
vn 0.000000 0.000000 -1.000000
vn 0.000000 0.000000 -1.000000
vn 0.000000 -0.000000 -1.000000
vn 0.000000 0.000000 -1.000000
vn 0.000000 0.000000 -1.000000
vn 0.000000 0.000000 -1.000000
vn 0.000000 -0.000000 -1.000000
vn 0.000000 0.000000 -1.000000
vn 0.000000 0.000000 -1.000000
vn 0.000000 0.000000 -1.000000
vn 0.000000 -0.000000 -1.000000
vn 0.000000 0.000000 -1.000000
vn 0.000000 0.000000 -1.000000
vn 0.000000 0.000000 -1.000000
vn 0.000000 -0.000000 -1.000000
vn 0.000000 0.000000 -1.000000
vn 0.000000 0.000000 -1.000000
vn 0.000000 0.000000 -1.000000
vn 0.000000 0.000000 -1.000000
vn 0.000000 0.000000 -1.000000
vn 0.000000 -0.000000 -1.000000
vn 1.000000 0.000000 0.000000
vn 1.000000 -0.000000 0.000000
vn -1.000000 0.000000 0.000000
vn -1.000000 0.000000 0.000000
vn 0.000000 0.000000 -1.000000
vn 0.000000 0.000000 -1.000000
vn 0.000000 0.000000 -1.000000
vn 0.000000 0.000000 -1.000000
vn 0.000000 0.000000 -1.000000
vn 0.000000 0.000000 -1.000000
vn 0.000000 0.000000 -1.000000
vn 0.000000 0.000000 -1.000000
vn 0.000000 0.000000 -1.000000
vn 0.000000 0.000000 -1.000000
vn 0.000000 0.000000 -1.000000
vn 0.000000 0.000000 -1.000000
vn 0.000000 0.000000 -1.000000
vn 0.000000 0.000000 -1.000000
vn 0.000000 0.000000 -1.000000
vn 0.000000 0.000000 -1.000000
vn 0.000000 0.000000 -1.000000
vn 0.000000 0.000000 -1.000000
vn 0.000000 0.000000 -1.000000
vn 0.000000 0.000000 -1.000000
vn 0.000000 0.000000 -1.000000
vn 0.000000 0.000000 -1.000000
vn 0.000000 0.000000 -1.000000
vn 0.000000 0.000000 -1.000000
vn 0.000000 0.000000 -1.000000
vn 0.000000 0.000000 -1.000000
vn 0.000000 -0.000000 -1.000000
vn 0.000000 0.000000 -1.000000
vn 0.000000 -0.000000 -1.000000
vn 0.000000 0.000000 -1.000000
vn 0.000000 -0.000000 -1.000000
vn 0.000000 0.000000 -1.000000
vn 0.000000 -0.000000 -1.000000
vn 0.000000 0.000000 -1.000000
vn 0.000000 -0.000000 -1.000000
vn 0.000000 0.000000 -1.000000
vn 0.000000 -0.000000 -1.000000
vn 0.000000 -0.000000 -1.000000
vn 0.000000 0.000000 -1.000000
vn 0.000000 0.000000 -1.000000
vn 0.000000 -0.000000 -1.000000
vn 0.000000 0.000000 -1.000000
vn 0.000000 -0.000000 -1.000000
vn 0.000000 -0.000000 -1.000000
vn 0.000000 0.000000 -1.000000
vn 0.000000 -0.000000 -1.000000
vn 0.000000 0.000000 -1.000000
vn 0.000000 -0.000000 -1.000000
vn 0.000000 0.000000 -1.000000
vn 0.000000 0.000000 -1.000000
vn 0.000000 1.000000 0.000000
vn 0.000000 1.000000 0.000000
vn 0.000000 0.000000 1.000000
vn 0.000000 0.000000 1.000000
vn 0.000000 0.000000 1.000000
vn 0.000000 0.000000 1.000000
vn 0.000000 0.000000 1.000000
vn 0.000000 0.000000 1.000000
vn 0.000000 0.000000 1.000000
vn 0.000000 0.000000 1.000000
vn 0.000000 0.000000 1.000000
vn 0.000000 0.000000 1.000000
vn 0.000000 0.000000 1.000000
vn 0.000000 0.000000 1.000000
vn 0.000000 0.000000 1.000000
vn 0.000000 0.000000 1.000000
vn 0.000000 0.000000 1.000000
vn 0.000000 0.000000 1.000000
vn 0.000000 0.000000 1.000000
vn 0.000000 0.000000 1.000000
vn 0.000000 0.000000 1.000000
vn 0.000000 0.000000 1.000000
vn 0.000000 0.000000 1.000000
vn 0.000000 0.000000 1.000000
vn 0.000000 0.000000 1.000000
vn 0.000000 0.000000 1.000000
vn 0.000000 0.000000 1.000000
vn 0.000000 0.000000 1.000000
vn 0.000000 0.000000 1.000000
vn 0.000000 0.000000 1.000000
vn 0.000000 0.000000 1.000000
vn 0.000000 0.000000 1.000000
vn 0.000000 0.000000 1.000000
vn 0.000000 0.000000 1.000000
vn 0.000000 0.000000 1.000000
vn 0.000000 0.000000 1.000000
vn 0.000000 0.000000 1.000000
vn 0.000000 0.000000 1.000000
vn 0.000000 0.000000 1.000000
vn 0.000000 0.000000 1.000000
vn 0.000000 0.000000 1.000000
vn 0.000000 0.000000 1.000000
vn 0.000000 0.000000 1.000000
vn 0.000000 0.000000 1.000000
vn 0.000000 0.000000 1.000000
vn 0.000000 0.000000 1.000000
vn 0.000000 0.000000 1.000000
vn 0.000000 0.000000 1.000000
vn 0.000000 0.000000 1.000000
vn 0.000000 0.000000 1.000000
vn 0.000000 0.000000 1.000000
vn 0.000000 0.000000 1.000000
vn 0.000000 0.000000 1.000000
vn 0.000000 0.000000 1.000000
vn 0.000000 0.000000 1.000000
vn 0.000000 0.000000 1.000000
vn 0.000000 0.000000 1.000000
vn 0.000000 0.000000 1.000000
vn 0.000000 0.000000 1.000000
vn 0.000000 0.000000 1.000000
vn 0.000000 0.000000 1.000000
vn 0.000000 0.000000 1.000000
vn 0.000000 0.000000 1.000000
vn 0.000000 0.000000 1.000000
vn 0.000000 0.000000 1.000000
vn 0.000000 0.000000 1.000000
vn 0.000000 0.000000 1.000000
vn 0.000000 0.000000 1.000000
vn 0.000000 0.000000 1.000000
vn 0.000000 0.000000 1.000000
vn 0.000000 0.000000 1.000000
vn 0.000000 0.000000 1.000000
vn 0.000000 0.000000 1.000000
vn 0.000000 0.000000 1.000000
vn 0.000000 0.000000 1.000000
vn 0.000000 0.000000 1.000000
vn 0.000000 0.000000 1.000000
vn 0.000000 0.000000 1.000000
vn 0.000000 0.000000 1.000000
vn 0.000000 0.000000 1.000000
vn 0.000000 0.000000 1.000000
vn 0.000000 0.000000 1.000000
vn 0.000000 0.000000 1.000000
vn 0.000000 0.000000 1.000000
vn 0.000000 0.000000 1.000000
vn 0.000000 0.000000 1.000000
vn 0.000000 0.000000 1.000000
vn 0.000000 0.000000 1.000000
vn 0.000000 0.000000 1.000000
vn 0.000000 0.000000 1.000000
vn 0.000000 0.000000 1.000000
vn 0.000000 0.000000 1.000000
vn 0.000000 0.000000 1.000000
vn 0.000000 0.000000 1.000000
vn 0.000000 0.000000 1.000000
vn 0.000000 0.000000 1.000000
vn 0.000000 0.000000 1.000000
vn 0.000000 0.000000 1.000000
vn 0.000000 0.000000 1.000000
vn 0.000000 0.000000 1.000000
vn 0.000000 0.000000 1.000000
vn 0.000000 0.000000 1.000000
vn 0.000000 0.000000 1.000000
vn 0.000000 0.000000 1.000000
vn 0.000000 0.000000 1.000000
vn 0.000000 0.000000 1.000000
vn 0.000000 0.000000 1.000000
vn 0.000000 0.000000 1.000000
vn 0.000000 0.000000 1.000000
vn 0.000000 0.000000 1.000000
vn 0.000000 0.000000 1.000000
vn 0.000000 0.000000 1.000000
vn 0.000000 0.000000 1.000000
vn 0.000000 0.000000 1.000000
vn 0.000000 0.000000 1.000000
vn 0.000000 0.000000 1.000000
vn 0.000000 0.000000 1.000000
vn 0.000000 0.000000 1.000000
vn 0.000000 0.000000 1.000000
vn 0.000000 0.000000 1.000000
vn 0.000000 0.000000 1.000000
vn 0.000000 0.000000 1.000000
vn 0.000000 0.000000 1.000000
vn 0.000000 0.000000 1.000000
vn 0.000000 0.000000 1.000000
vn 0.000000 0.000000 1.000000
vn 0.000000 0.000000 1.000000
vn 0.000000 0.000000 1.000000
vn 0.000000 0.000000 1.000000
vn 0.000000 0.000000 1.000000
vn 0.000000 0.000000 1.000000
vn 0.000000 0.000000 1.000000
vn 0.000000 0.000000 1.000000
vn 0.000000 0.000000 1.000000
vn 0.000000 0.000000 1.000000
vn 0.000000 0.000000 1.000000
vn 0.000000 0.000000 1.000000
vn 0.000000 0.000000 1.000000
vn 0.000000 0.000000 1.000000
vn 0.000000 0.000000 1.000000
vn 0.000000 0.000000 1.000000
vn 0.000000 0.000000 1.000000
vn 0.000000 0.000000 1.000000
vn 0.000000 0.000000 1.000000
vn 0.000000 0.000000 1.000000
vn 0.000000 0.000000 1.000000
vn 0.000000 0.000000 1.000000
vn 0.000000 0.000000 1.000000
vn 0.000000 0.000000 1.000000
vn 0.000000 0.000000 1.000000
vn 0.000000 0.000000 1.000000
vn 0.000000 0.000000 1.000000
vn 0.000000 0.000000 1.000000
vn 0.000000 0.000000 1.000000
vn 0.000000 0.000000 1.000000
vn 0.000000 0.000000 1.000000
vn 0.000000 0.000000 1.000000
vn 0.000000 0.000000 1.000000
vn 0.000000 0.000000 1.000000
vn 0.000000 0.000000 1.000000
vn 0.000000 0.000000 1.000000
vn 0.000000 0.000000 1.000000
vn 0.000000 0.000000 1.000000
vn 0.000000 0.000000 1.000000
vn 0.000000 0.000000 1.000000
vn 0.000000 0.000000 1.000000
vn 0.000000 0.000000 1.000000
vn 0.000000 0.000000 1.000000
vn 0.000000 0.000000 1.000000
vn 0.000000 0.000000 1.000000
vn 0.000000 0.000000 1.000000
vn 0.000000 0.000000 1.000000
vn 0.000000 0.000000 1.000000
vn 0.000000 0.000000 1.000000
vn 0.000000 0.000000 1.000000
vn 0.000000 0.000000 1.000000
vn 0.000000 0.000000 1.000000
vn 0.000000 0.000000 1.000000
vn 0.000000 0.000000 1.000000
vn 0.000000 0.000000 1.000000
vn 0.000000 0.000000 1.000000
vn 0.000000 0.000000 1.000000
vn 0.000000 0.000000 1.000000
vn 0.000000 0.000000 1.000000
vn 0.000000 0.000000 1.000000
vn 0.000000 0.000000 1.000000
vn 0.000000 0.000000 1.000000
vn 0.000000 0.000000 1.000000
vn 0.000000 0.000000 1.000000
vn 0.000000 0.000000 1.000000
vn 0.000000 0.000000 1.000000
vn 0.000000 0.000000 1.000000
vn 0.000000 0.000000 1.000000
vn 0.000000 0.000000 1.000000
vn 0.000000 0.000000 1.000000
vn 0.000000 0.000000 1.000000
vn 0.000000 0.000000 1.000000
vn 0.000000 0.000000 1.000000
vn 0.000000 0.000000 1.000000
vn 0.000000 0.000000 1.000000
vn 0.000000 0.000000 1.000000
vn 0.000000 0.000000 1.000000
vn 0.000000 0.000000 1.000000
vn 0.000000 0.000000 1.000000
vn 0.000000 0.000000 1.000000
vn 0.000000 0.000000 1.000000
vn 0.000000 0.000000 1.000000
vn 0.000000 0.000000 1.000000
vn 0.000000 0.000000 1.000000
vn 0.000000 0.000000 1.000000
vn 0.000000 0.000000 1.000000
vn 0.000000 0.000000 1.000000
vn 0.000000 0.000000 1.000000
vn 0.000000 0.000000 1.000000
vn 0.000000 0.000000 1.000000
vn 0.000000 0.000000 1.000000
vn 0.000000 0.000000 1.000000
vn 0.000000 0.000000 1.000000
vn 0.000000 0.000000 1.000000
vn 0.000000 0.000000 1.000000
vn 0.000000 0.000000 1.000000
vn 0.000000 0.000000 1.000000
vn 0.000000 0.000000 1.000000
vn 0.000000 0.000000 1.000000
vn 0.000000 0.000000 1.000000
vn 0.000000 0.000000 1.000000
vn 0.000000 0.000000 1.000000
vn 0.000000 0.000000 1.000000
vn 0.000000 0.000000 1.000000
vn 0.000000 0.000000 1.000000
vn 0.000000 0.000000 1.000000
vn 0.000000 0.000000 1.000000
vn 0.000000 0.000000 1.000000
vn 0.000000 0.000000 1.000000
vn 0.000000 0.000000 1.000000
vn 0.000000 0.000000 1.000000
vn 0.000000 0.000000 1.000000
vn 0.000000 0.000000 1.000000
vn 0.000000 0.000000 1.000000
vn 0.000000 0.000000 1.000000
vn 0.000000 0.000000 1.000000
vn 0.000000 0.000000 1.000000
vn 0.000000 0.000000 1.000000
vn 0.000000 0.000000 1.000000
vn 0.000000 0.000000 1.000000
vn 0.000000 0.000000 1.000000
vn 0.000000 0.000000 1.000000
vn 0.000000 0.000000 1.000000
vn 0.000000 0.000000 1.000000
vn 0.000000 0.000000 1.000000
vn 0.000000 0.000000 1.000000
vn 0.000000 0.000000 1.000000
vn 0.000000 0.000000 1.000000
vn 0.000000 0.000000 1.000000
vn 0.000000 0.000000 1.000000
vn 0.000000 0.000000 1.000000
vn 0.000000 0.000000 1.000000
vn 0.000000 0.000000 1.000000
vn 0.000000 0.000000 1.000000
vn 0.000000 0.000000 1.000000
vn 0.000000 0.000000 1.000000
vn 0.000000 0.000000 1.000000
vn 0.000000 0.000000 1.000000
vn 0.000000 0.000000 1.000000
vn 0.000000 0.000000 1.000000
vn 0.000000 0.000000 1.000000
vn 0.000000 0.000000 1.000000
vn 0.000000 0.000000 1.000000
vn 0.000000 0.000000 1.000000
vn 0.000000 0.000000 1.000000
vn 0.000000 0.000000 1.000000
vn 0.000000 0.000000 1.000000
vn 0.000000 0.000000 1.000000
vn 0.000000 0.000000 1.000000
vn 0.000000 0.000000 1.000000
vn 0.000000 0.000000 1.000000
vn 0.000000 0.000000 1.000000
vn 0.000000 0.000000 1.000000
vn 0.000000 0.000000 1.000000
vn 0.000000 0.000000 1.000000
vn 0.000000 0.000000 1.000000
vn 0.000000 0.000000 1.000000
vn 0.000000 0.000000 1.000000
vn 0.000000 0.000000 1.000000
vn 0.000000 0.000000 1.000000
vn 0.000000 0.000000 1.000000
vn 0.000000 0.000000 1.000000
vn 0.000000 0.000000 1.000000
vn 0.000000 0.000000 1.000000
vn 0.000000 0.000000 1.000000
vn 0.000000 0.000000 1.000000
vn 0.000000 0.000000 1.000000
vn 0.000000 0.000000 1.000000
vn 0.000000 0.000000 1.000000
vn 0.000000 0.000000 1.000000
vn 0.000000 0.000000 1.000000
vn 0.000000 0.000000 1.000000
vn 0.000000 0.000000 1.000000
vn 0.000000 0.000000 1.000000
vn 0.000000 0.000000 1.000000
vn 0.000000 0.000000 1.000000
vn 0.000000 0.000000 1.000000
vn 0.000000 0.000000 1.000000
vn 0.000000 0.000000 1.000000
vn 0.000000 0.000000 1.000000
vn 0.000000 0.000000 1.000000
vn 0.000000 0.000000 1.000000
vn 0.000000 0.000000 1.000000
vn 0.000000 0.000000 1.000000
vn 0.000000 0.000000 1.000000
vn 0.000000 0.000000 1.000000
vn 0.000000 0.000000 1.000000
vn 0.000000 0.000000 1.000000
vn 0.000000 0.000000 1.000000
vn 0.000000 0.000000 1.000000
vn 0.000000 0.000000 1.000000
vn 0.000000 0.000000 1.000000
vn 0.000000 0.000000 1.000000
vn 0.000000 0.000000 1.000000
vn 0.000000 0.000000 1.000000
vn 0.000000 0.000000 1.000000
vn 0.000000 0.000000 1.000000
vn 0.000000 0.000000 1.000000
vn 0.000000 0.000000 1.000000
vn 0.000000 0.000000 1.000000
vn 0.000000 0.000000 1.000000
vn 0.000000 0.000000 1.000000
vn 0.000000 0.000000 1.000000
vn 0.000000 0.000000 1.000000
vn 0.000000 0.000000 1.000000
vn 0.000000 0.000000 1.000000
vn 0.000000 0.000000 1.000000
vn 0.000000 0.000000 1.000000
vn 0.000000 0.000000 1.000000
vn 0.000000 0.000000 1.000000
vn 0.000000 0.000000 1.000000
vn 0.000000 0.000000 1.000000
vn 0.000000 0.000000 1.000000
vn 0.000000 0.000000 1.000000
vn 0.000000 0.000000 1.000000
vn 0.000000 0.000000 1.000000
vn 0.000000 0.000000 1.000000
vn 0.000000 0.000000 1.000000
vn 0.000000 0.000000 1.000000
vn 0.000000 0.000000 1.000000
vn 0.000000 0.000000 1.000000
vn 0.000000 0.000000 1.000000
vn 0.000000 0.000000 1.000000
vn 0.000000 0.000000 1.000000
vn 0.000000 0.000000 1.000000
vn 0.000000 0.000000 1.000000
vn 0.000000 0.000000 1.000000
vn 0.000000 0.000000 1.000000
vn 0.000000 0.000000 1.000000
vn 0.000000 0.000000 1.000000
vn 0.000000 0.000000 1.000000
vn 0.000000 0.000000 1.000000
vn 0.000000 0.000000 1.000000
vn 0.000000 0.000000 1.000000
vn 0.000000 0.000000 1.000000
vn 0.000000 0.000000 1.000000
vn 0.000000 0.000000 1.000000
vn 0.000000 0.000000 1.000000
vn 0.000000 0.000000 1.000000
vn 0.000000 0.000000 1.000000
vn 0.000000 0.000000 1.000000
vn 0.000000 0.000000 1.000000
vn 0.000000 0.000000 1.000000
vn 0.000000 0.000000 1.000000
vn 0.000000 0.000000 1.000000
vn 0.000000 0.000000 1.000000
vn 0.000000 0.000000 1.000000
vn 0.000000 0.000000 1.000000
vn 0.000000 0.000000 1.000000
vn 0.000000 0.000000 1.000000
vn 0.000000 0.000000 1.000000
vn 0.000000 0.000000 1.000000
vn 0.000000 0.000000 1.000000
vn 0.000000 0.000000 1.000000
vn 0.000000 0.000000 1.000000
vn 0.000000 0.000000 1.000000
vn 0.000000 0.000000 1.000000
vn 0.000000 0.000000 1.000000
vn 0.000000 0.000000 1.000000
vn 0.000000 0.000000 1.000000
vn 0.000000 0.000000 1.000000
vn 0.000000 0.000000 1.000000
vn 0.000000 0.000000 1.000000
vn 0.000000 0.000000 1.000000
vn 0.000000 0.000000 1.000000
vn 0.000000 0.000000 1.000000
vn 0.000000 0.000000 1.000000
vn 0.000000 0.000000 1.000000
vn 0.000000 0.000000 1.000000
vn 0.000000 0.000000 1.000000
vn 0.000000 0.000000 1.000000
vn 0.000000 0.000000 1.000000
vn 0.000000 0.000000 1.000000
vn 0.000000 0.000000 1.000000
vn 0.000000 0.000000 1.000000
vn 0.000000 0.000000 1.000000
vn 0.000000 0.000000 1.000000
vn 0.000000 0.000000 1.000000
vn 0.000000 0.000000 1.000000
vn 0.000000 0.000000 1.000000
vn 0.000000 0.000000 1.000000
vn 0.000000 0.000000 1.000000
vn 0.000000 0.000000 1.000000
vn 0.000000 0.000000 1.000000
vn 0.000000 0.000000 1.000000
vn 0.000000 0.000000 1.000000
vn 0.000000 0.000000 1.000000
vn 0.000000 0.000000 1.000000
vn 0.000000 0.000000 1.000000
vn 0.000000 0.000000 1.000000
vn 0.000000 0.000000 1.000000
vn 0.000000 0.000000 1.000000
vn 0.000000 0.000000 1.000000
vn 0.000000 0.000000 1.000000
vn 0.000000 0.000000 1.000000
vn 0.000000 0.000000 1.000000
vn 0.000000 0.000000 1.000000
vn 0.000000 0.000000 1.000000
vn 0.000000 0.000000 1.000000
vn 0.000000 0.000000 1.000000
vn 0.000000 0.000000 1.000000
vn 0.000000 0.000000 1.000000
vn 0.000000 0.000000 1.000000
vn 0.000000 0.000000 1.000000
vn 0.000000 0.000000 1.000000
vn 0.000000 0.000000 1.000000
vn 0.000000 0.000000 1.000000
vn 0.000000 0.000000 1.000000
vn 0.000000 0.000000 1.000000
vn 0.000000 0.000000 1.000000
vn 0.000000 0.000000 1.000000
vn 0.000000 0.000000 1.000000
vn 0.000000 0.000000 1.000000
vn 0.000000 0.000000 1.000000
vn 0.000000 0.000000 1.000000
vn 0.000000 0.000000 1.000000
vn 0.000000 0.000000 1.000000
vn 0.000000 0.000000 1.000000
vn 0.000000 0.000000 1.000000
vn 0.000000 0.000000 1.000000
vn 0.000000 0.000000 1.000000
vn 0.000000 0.000000 1.000000
vn 0.000000 0.000000 1.000000
vn 0.000000 0.000000 1.000000
vn 0.000000 0.000000 1.000000
vn 0.000000 0.000000 1.000000
vn 0.000000 0.000000 1.000000
vn 0.000000 0.000000 1.000000
vn 0.000000 0.000000 1.000000
vn 0.000000 0.000000 1.000000
vn 0.000000 0.000000 1.000000
vn 0.000000 0.000000 1.000000
vn 0.000000 0.000000 1.000000
vn 0.000000 0.000000 1.000000
vn 0.000000 0.000000 1.000000
vn -0.143056 0.989715 0.000000
vn -0.198044 0.980193 0.000000
vn -0.143056 0.989715 0.000000
vn -0.252414 0.967619 0.000000
vn -0.198044 0.980193 0.000000
vn -0.306000 0.952032 0.000000
vn -0.252414 0.967619 0.000000
vn -0.358630 0.933480 0.000000
vn -0.306000 0.952032 0.000000
vn -0.410147 0.912020 0.000000
vn -0.358630 0.933480 0.000000
vn -0.460382 0.887721 0.000000
vn -0.410147 0.912020 0.000000
vn -0.509187 0.860656 0.000000
vn -0.460382 0.887721 0.000000
vn -0.556405 0.830911 0.000000
vn -0.509187 0.860656 0.000000
vn -0.601889 0.798579 0.000000
vn -0.556405 0.830911 0.000000
vn -0.645501 0.763760 0.000000
vn -0.601889 0.798579 0.000000
vn -0.687101 0.726562 0.000000
vn -0.645501 0.763760 0.000000
vn -0.687101 0.726562 0.000000
vn -0.726562 0.687101 0.000000
vn -0.726562 0.687101 0.000000
vn -0.763760 0.645501 0.000000
vn -0.763760 0.645501 0.000000
vn -0.798579 0.601889 0.000000
vn -0.798579 0.601889 0.000000
vn -0.830911 0.556405 0.000000
vn -0.830911 0.556405 0.000000
vn -0.860656 0.509187 0.000000
vn -0.860656 0.509187 0.000000
vn -0.887721 0.460382 0.000000
vn -0.887721 0.460382 0.000000
vn -0.912020 0.410147 0.000000
vn -0.912020 0.410147 0.000000
vn -0.933480 0.358630 0.000000
vn -0.933480 0.358630 0.000000
vn -0.952032 0.306000 0.000000
vn -0.952032 0.306000 0.000000
vn -0.967619 0.252414 0.000000
vn -0.967619 0.252414 0.000000
vn -0.980193 0.198044 0.000000
vn -0.980193 0.198044 0.000000
vn -0.989715 0.143056 0.000000
vn -0.989715 0.143056 0.000000
vn 0.989715 0.143056 0.000000
vn 0.989715 0.143056 -0.000000
vn 0.980193 0.198044 -0.000000
vn 0.980193 0.198044 0.000000
vn 0.967619 0.252414 -0.000000
vn 0.967619 0.252414 0.000000
vn 0.952032 0.306000 -0.000000
vn 0.952032 0.306000 0.000000
vn 0.933480 0.358630 -0.000000
vn 0.933480 0.358630 0.000000
vn 0.912020 0.410147 -0.000000
vn 0.912020 0.410147 0.000000
vn 0.887721 0.460382 -0.000000
vn 0.887721 0.460382 0.000000
vn 0.860656 0.509187 -0.000000
vn 0.860656 0.509187 0.000000
vn 0.830911 0.556405 -0.000000
vn 0.830911 0.556405 0.000000
vn 0.798579 0.601889 -0.000000
vn 0.798579 0.601889 0.000000
vn 0.763760 0.645501 -0.000000
vn 0.763760 0.645501 0.000000
vn 0.726562 0.687101 0.000000
vn 0.726562 0.687101 -0.000000
vn 0.687101 0.726562 0.000000
vn 0.687101 0.726562 -0.000000
vn 0.645501 0.763760 0.000000
vn 0.645501 0.763760 -0.000000
vn 0.601889 0.798579 0.000000
vn 0.601889 0.798579 -0.000000
vn 0.556405 0.830911 0.000000
vn 0.556405 0.830911 -0.000000
vn 0.509187 0.860656 0.000000
vn 0.509187 0.860656 -0.000000
vn 0.460382 0.887721 0.000000
vn 0.460382 0.887721 -0.000000
vn 0.410147 0.912020 0.000000
vn 0.410147 0.912020 -0.000000
vn 0.358630 0.933480 0.000000
vn 0.358630 0.933480 -0.000000
vn 0.306000 0.952032 0.000000
vn 0.306000 0.952032 -0.000000
vn 0.252414 0.967619 0.000000
vn 0.252414 0.967619 -0.000000
vn 0.198044 0.980193 0.000000
vn 0.198044 0.980193 -0.000000
vn 0.143056 0.989715 -0.000000
vn 0.143056 0.989715 0.000000
vn 0.143056 -0.989715 0.000000
vn 0.198044 -0.980193 0.000000
vn 0.143056 -0.989715 0.000000
vn 0.252414 -0.967619 0.000000
vn 0.198044 -0.980193 0.000000
vn 0.306000 -0.952032 0.000000
vn 0.252414 -0.967619 0.000000
vn 0.358630 -0.933480 0.000000
vn 0.306000 -0.952032 0.000000
vn 0.410147 -0.912020 0.000000
vn 0.358630 -0.933480 0.000000
vn 0.460382 -0.887721 0.000000
vn 0.410147 -0.912020 0.000000
vn 0.509187 -0.860656 0.000000
vn 0.460382 -0.887721 0.000000
vn 0.556405 -0.830911 0.000000
vn 0.509187 -0.860656 0.000000
vn 0.601889 -0.798579 0.000000
vn 0.556405 -0.830911 0.000000
vn 0.645501 -0.763760 0.000000
vn 0.601889 -0.798579 0.000000
vn 0.687101 -0.726562 0.000000
vn 0.645501 -0.763760 0.000000
vn 0.687101 -0.726562 0.000000
vn 0.726562 -0.687101 0.000000
vn 0.726562 -0.687101 0.000000
vn 0.763760 -0.645501 0.000000
vn 0.763760 -0.645501 0.000000
vn 0.798579 -0.601889 0.000000
vn 0.798579 -0.601889 0.000000
vn 0.830911 -0.556405 0.000000
vn 0.830911 -0.556405 0.000000
vn 0.860656 -0.509187 0.000000
vn 0.860656 -0.509187 0.000000
vn 0.887721 -0.460382 0.000000
vn 0.887721 -0.460382 0.000000
vn 0.912020 -0.410147 0.000000
vn 0.912020 -0.410147 0.000000
vn 0.933480 -0.358630 0.000000
vn 0.933480 -0.358630 0.000000
vn 0.952032 -0.306000 0.000000
vn 0.952032 -0.306000 0.000000
vn 0.967619 -0.252414 0.000000
vn 0.967619 -0.252414 0.000000
vn 0.980193 -0.198044 0.000000
vn 0.989715 -0.143056 0.000000
vn 0.980193 -0.198044 0.000000
vn 0.989715 -0.143056 0.000000
vn -0.989715 -0.143056 0.000000
vn -0.989715 -0.143056 0.000000
vn -0.980193 -0.198044 0.000000
vn -0.980193 -0.198044 0.000000
vn -0.967619 -0.252414 0.000000
vn -0.967619 -0.252414 0.000000
vn -0.952032 -0.306000 0.000000
vn -0.952032 -0.306000 0.000000
vn -0.933480 -0.358630 0.000000
vn -0.933480 -0.358630 0.000000
vn -0.912020 -0.410147 0.000000
vn -0.912020 -0.410147 0.000000
vn -0.887721 -0.460382 0.000000
vn -0.887721 -0.460382 0.000000
vn -0.860656 -0.509187 0.000000
vn -0.860656 -0.509187 0.000000
vn -0.830911 -0.556405 0.000000
vn -0.830911 -0.556405 0.000000
vn -0.798579 -0.601889 0.000000
vn -0.798579 -0.601889 0.000000
vn -0.763760 -0.645501 0.000000
vn -0.763760 -0.645501 0.000000
vn -0.726562 -0.687101 0.000000
vn -0.726562 -0.687101 0.000000
vn -0.687101 -0.726562 0.000000
vn -0.687101 -0.726562 0.000000
vn -0.645501 -0.763760 0.000000
vn -0.645501 -0.763760 0.000000
vn -0.601889 -0.798579 0.000000
vn -0.601889 -0.798579 0.000000
vn -0.556405 -0.830911 0.000000
vn -0.556405 -0.830911 0.000000
vn -0.509187 -0.860656 0.000000
vn -0.509187 -0.860656 0.000000
vn -0.460382 -0.887721 0.000000
vn -0.460382 -0.887721 0.000000
vn -0.410147 -0.912020 0.000000
vn -0.410147 -0.912020 0.000000
vn -0.358630 -0.933480 0.000000
vn -0.358630 -0.933480 0.000000
vn -0.306000 -0.952032 0.000000
vn -0.306000 -0.952032 0.000000
vn -0.252414 -0.967619 0.000000
vn -0.252414 -0.967619 0.000000
vn -0.198044 -0.980193 0.000000
vn -0.198044 -0.980193 0.000000
vn -0.143056 -0.989715 0.000000
vn -0.143056 -0.989715 0.000000
vn -0.999906 -0.013718 -0.000000
vn -0.999906 -0.013717 0.000000
vn -0.999153 -0.041143 -0.000000
vn -0.999153 -0.041139 0.000000
vn -0.997648 -0.068542 -0.000000
vn -0.997649 -0.068532 0.000000
vn -0.995393 -0.095883 -0.000000
vn -0.995394 -0.095873 0.000000
vn -0.992388 -0.123155 -0.000000
vn -0.992389 -0.123142 0.000000
vn -0.988635 -0.150333 -0.000000
vn -0.988638 -0.150318 0.000000
vn -0.984139 -0.177402 -0.000000
vn -0.984142 -0.177381 0.000000
vn -0.978902 -0.204332 -0.000000
vn -0.978907 -0.204308 0.000000
vn -0.972928 -0.231108 -0.000000
vn -0.972934 -0.231084 0.000000
vn -0.966228 -0.257689 0.000000
vn -0.966221 -0.257716 -0.000000
vn -0.958797 -0.284092 0.000000
vn -0.958787 -0.284124 -0.000000
vn -0.950642 -0.310289 0.000000
vn -0.950632 -0.310321 -0.000000
vn -0.941760 -0.336286 -0.000000
vn -0.941773 -0.336248 0.000000
vn -0.932181 -0.361994 -0.000000
vn -0.932194 -0.361958 0.000000
vn -0.921899 -0.387431 -0.000000
vn -0.921916 -0.387390 0.000000
vn -0.910923 -0.412577 -0.000006
vn -0.911092 -0.412202 0.000000
vn -0.899261 -0.437412 -0.000012
vn -0.899761 -0.436382 0.000006
vn -0.886923 -0.461918 -0.000017
vn -0.887787 -0.460255 0.000011
vn -0.873917 -0.486075 -0.000022
vn -0.875180 -0.483798 0.000016
vn -0.860252 -0.509868 -0.000026
vn -0.861951 -0.506992 0.000021
vn -0.845942 -0.533275 -0.000031
vn -0.848104 -0.529829 0.000026
vn -0.830993 -0.556283 -0.000035
vn -0.833654 -0.552287 0.000030
vn -0.815418 -0.578872 -0.000038
vn -0.818610 -0.574350 0.000033
vn -0.799233 -0.601021 -0.000041
vn -0.802982 -0.596004 0.000037
vn -0.782441 -0.622724 -0.000044
vn -0.786778 -0.617236 0.000040
vn -0.765064 -0.643954 -0.000047
vn -0.770019 -0.638021 0.000043
vn -0.747109 -0.664702 -0.000049
vn -0.752705 -0.658357 0.000045
vn -0.728593 -0.684947 -0.000051
vn -0.734857 -0.678222 0.000047
vn -0.716485 -0.697603 0.000049
vn -0.709529 -0.704677 -0.000053
vn -0.697603 -0.716485 0.000051
vn -0.689928 -0.723878 -0.000054
vn -0.678222 -0.734857 0.000052
vn -0.669812 -0.742531 -0.000055
vn -0.658357 -0.752705 0.000053
vn -0.649186 -0.760630 -0.000056
vn -0.628075 -0.778153 -0.000056
vn -0.638021 -0.770019 0.000053
vn -0.606492 -0.795090 -0.000056
vn -0.617236 -0.786778 0.000053
vn -0.596004 -0.802982 0.000053
vn -0.584452 -0.811429 -0.000056
vn -0.574350 -0.818610 0.000053
vn -0.561969 -0.827158 -0.000056
vn -0.552287 -0.833654 0.000052
vn -0.539065 -0.842264 -0.000055
vn -0.529829 -0.848104 0.000051
vn -0.515756 -0.856735 -0.000053
vn -0.506992 -0.861951 0.000050
vn -0.492059 -0.870562 -0.000052
vn -0.483798 -0.875180 0.000048
vn -0.467992 -0.883733 -0.000050
vn -0.460255 -0.887787 0.000046
vn -0.443568 -0.896241 -0.000048
vn -0.436382 -0.899761 0.000044
vn -0.418816 -0.908071 -0.000045
vn -0.412202 -0.911092 0.000041
vn -0.393746 -0.919219 -0.000043
vn -0.387390 -0.921916 0.000043
vn -0.368381 -0.929675 -0.000043
vn -0.361958 -0.932194 0.000043
vn -0.342737 -0.939432 -0.000043
vn -0.336248 -0.941773 0.000042
vn -0.316833 -0.948481 -0.000042
vn -0.310289 -0.950642 0.000042
vn -0.290696 -0.956815 -0.000043
vn -0.284092 -0.958797 0.000042
vn -0.264335 -0.964431 -0.000042
vn -0.257689 -0.966228 0.000042
vn -0.237779 -0.971319 -0.000042
vn -0.231084 -0.972934 0.000042
vn -0.211043 -0.977477 -0.000042
vn -0.204308 -0.978907 0.000042
vn -0.184145 -0.982899 -0.000042
vn -0.177381 -0.984142 0.000042
vn -0.157111 -0.987581 -0.000042
vn -0.150318 -0.988638 0.000042
vn -0.129959 -0.991519 -0.000042
vn -0.102710 -0.994711 -0.000042
vn -0.123142 -0.992389 0.000042
vn -0.075381 -0.997155 -0.000042
vn -0.095873 -0.995394 0.000042
vn -0.047997 -0.998848 -0.000042
vn -0.068532 -0.997649 0.000042
vn -0.020577 -0.999788 -0.000042
vn -0.041139 -0.999153 0.000042
vn 0.006859 -0.999976 -0.000042
vn -0.013717 -0.999906 0.000042
vn 0.034290 -0.999412 -0.000042
vn 0.013717 -0.999906 0.000042
vn 0.041139 -0.999153 0.000042
vn 0.061695 -0.998095 -0.000042
vn 0.068532 -0.997649 0.000042
vn 0.089056 -0.996027 -0.000042
vn 0.095873 -0.995394 0.000042
vn 0.116345 -0.993209 -0.000042
vn 0.123142 -0.992389 0.000042
vn 0.143550 -0.989643 -0.000042
vn 0.150318 -0.988638 0.000042
vn 0.170644 -0.985333 -0.000042
vn 0.177381 -0.984142 0.000042
vn 0.197612 -0.980280 -0.000042
vn 0.204308 -0.978907 0.000042
vn 0.224431 -0.974490 -0.000042
vn 0.231084 -0.972934 0.000042
vn 0.251083 -0.967966 -0.000042
vn 0.257689 -0.966228 0.000042
vn 0.277540 -0.960714 -0.000042
vn 0.284092 -0.958797 0.000042
vn 0.303792 -0.952738 -0.000042
vn 0.310289 -0.950642 0.000042
vn 0.329818 -0.944045 -0.000042
vn 0.336248 -0.941773 0.000042
vn 0.355592 -0.934641 -0.000042
vn 0.361958 -0.932194 0.000042
vn 0.381097 -0.924535 -0.000042
vn 0.387390 -0.921916 0.000042
vn 0.406320 -0.913731 -0.000042
vn 0.431234 -0.902240 -0.000039
vn 0.412202 -0.911092 0.000038
vn 0.436382 -0.899761 0.000034
vn 0.455823 -0.890071 -0.000035
vn 0.480070 -0.877230 -0.000032
vn 0.460255 -0.887787 0.000031
vn 0.503953 -0.863731 -0.000027
vn 0.483798 -0.875180 0.000027
vn 0.527461 -0.849579 -0.000023
vn 0.506992 -0.861951 0.000022
vn 0.550570 -0.834789 -0.000018
vn 0.529829 -0.848104 0.000018
vn 0.573263 -0.819371 -0.000013
vn 0.552287 -0.833654 0.000013
vn 0.595528 -0.803334 -0.000008
vn 0.574350 -0.818610 0.000007
vn 0.596004 -0.802982 0.000002
vn 0.617341 -0.786696 -0.000004
vn 0.617236 -0.786778 -0.000002
vn 0.638692 -0.769463 -0.000010
vn 0.638021 -0.770019 0.000004
vn 0.659561 -0.751651 -0.000015
vn 0.658357 -0.752705 0.000009
vn 0.678222 -0.734857 0.000015
vn 0.679935 -0.733273 -0.000020
vn 0.697603 -0.716485 0.000019
vn 0.699792 -0.714347 -0.000025
vn 0.716485 -0.697603 0.000024
vn 0.719129 -0.694876 -0.000029
vn 0.734857 -0.678222 0.000028
vn 0.737921 -0.674888 -0.000033
vn 0.752705 -0.658357 0.000032
vn 0.756157 -0.654390 -0.000037
vn 0.770019 -0.638021 0.000036
vn 0.773826 -0.633399 -0.000040
vn 0.786778 -0.617236 0.000039
vn 0.790912 -0.611930 -0.000043
vn 0.802982 -0.596004 0.000042
vn 0.807400 -0.590005 -0.000046
vn 0.818610 -0.574350 0.000044
vn 0.823284 -0.567629 -0.000048
vn 0.838545 -0.544832 -0.000051
vn 0.833654 -0.552287 0.000047
vn 0.848104 -0.529829 0.000049
vn 0.853178 -0.521619 -0.000052
vn 0.867167 -0.498018 -0.000054
vn 0.861951 -0.506992 0.000050
vn 0.880502 -0.474042 -0.000055
vn 0.875180 -0.483798 0.000051
vn 0.893176 -0.449708 -0.000056
vn 0.887787 -0.460255 0.000052
vn 0.905178 -0.425033 -0.000056
vn 0.899761 -0.436382 0.000053
vn 0.916497 -0.400043 -0.000056
vn 0.911092 -0.412202 0.000053
vn 0.927127 -0.374747 -0.000056
vn 0.921916 -0.387390 0.000056
vn 0.937058 -0.349173 -0.000056
vn 0.932194 -0.361958 0.000056
vn 0.946285 -0.323333 -0.000056
vn 0.941773 -0.336248 0.000056
vn 0.954799 -0.297252 -0.000056
vn 0.950642 -0.310289 0.000056
vn 0.962595 -0.270945 -0.000056
vn 0.958797 -0.284092 0.000056
vn 0.969666 -0.244435 -0.000056
vn 0.966228 -0.257689 0.000056
vn 0.976007 -0.217740 -0.000056
vn 0.972934 -0.231084 0.000056
vn 0.981612 -0.190886 -0.000056
vn 0.978907 -0.204308 0.000056
vn 0.986480 -0.163881 -0.000056
vn 0.984142 -0.177381 0.000056
vn 0.988638 -0.150318 0.000056
vn 0.990604 -0.136760 -0.000056
vn 0.992389 -0.123142 0.000056
vn 0.993984 -0.109529 -0.000056
vn 0.995394 -0.095873 0.000056
vn 0.996614 -0.082220 -0.000056
vn 0.997649 -0.068532 0.000056
vn 0.998495 -0.054847 -0.000056
vn 0.999153 -0.041139 0.000056
vn 0.999624 -0.027434 -0.000056
vn 1.000000 0.000000 -0.000056
vn 0.999906 -0.013717 0.000056
vn 0.999624 0.027434 -0.000056
vn 0.999906 0.013717 0.000056
vn 0.998495 0.054847 -0.000056
vn 0.999153 0.041139 0.000056
vn 0.996614 0.082220 -0.000056
vn 0.997649 0.068532 0.000056
vn 0.993984 0.109529 -0.000056
vn 0.995394 0.095873 0.000056
vn 0.990604 0.136760 -0.000056
vn 0.992389 0.123142 0.000056
vn 0.986480 0.163881 -0.000056
vn 0.988638 0.150318 0.000056
vn 0.981612 0.190886 -0.000056
vn 0.984142 0.177381 0.000056
vn 0.976007 0.217740 -0.000056
vn 0.978907 0.204308 0.000056
vn 0.969666 0.244435 -0.000056
vn 0.972934 0.231084 0.000056
vn 0.962595 0.270945 -0.000056
vn 0.966228 0.257689 0.000056
vn 0.954799 0.297252 -0.000056
vn 0.958797 0.284092 0.000056
vn 0.946285 0.323333 -0.000056
vn 0.950642 0.310289 0.000056
vn 0.937058 0.349173 -0.000056
vn 0.941773 0.336248 0.000056
vn 0.927127 0.374747 -0.000056
vn 0.932194 0.361958 0.000056
vn 0.921916 0.387390 0.000056
vn 0.916497 0.400043 -0.000056
vn 0.911092 0.412202 0.000053
vn 0.905178 0.425033 -0.000056
vn 0.899761 0.436382 0.000053
vn 0.893176 0.449708 -0.000056
vn 0.887787 0.460255 0.000052
vn 0.880502 0.474042 -0.000055
vn 0.867167 0.498018 -0.000054
vn 0.875180 0.483798 0.000051
vn 0.853178 0.521619 -0.000052
vn 0.861951 0.506992 0.000050
vn 0.838545 0.544832 -0.000051
vn 0.848104 0.529829 0.000049
vn 0.833654 0.552287 0.000047
vn 0.823284 0.567629 -0.000048
vn 0.818610 0.574350 0.000044
vn 0.807400 0.590005 -0.000046
vn 0.802982 0.596004 0.000042
vn 0.790912 0.611930 -0.000043
vn 0.786778 0.617236 0.000039
vn 0.773826 0.633399 -0.000040
vn 0.770019 0.638021 0.000036
vn 0.756157 0.654390 -0.000037
vn 0.752705 0.658357 0.000032
vn 0.737921 0.674888 -0.000033
vn 0.734857 0.678222 0.000028
vn 0.719129 0.694876 -0.000029
vn 0.716485 0.697603 0.000024
vn 0.699792 0.714347 -0.000025
vn 0.697603 0.716485 0.000019
vn 0.679935 0.733273 -0.000020
vn 0.678222 0.734857 0.000015
vn 0.659561 0.751651 -0.000015
vn 0.658357 0.752705 0.000009
vn 0.638692 0.769463 -0.000010
vn 0.638021 0.770019 0.000004
vn 0.617341 0.786696 -0.000004
vn 0.617236 0.786778 -0.000002
vn 0.596004 0.802982 0.000002
vn 0.595528 0.803334 -0.000008
vn 0.574350 0.818610 0.000007
vn 0.573263 0.819371 -0.000013
vn 0.552287 0.833654 0.000013
vn 0.550570 0.834789 -0.000018
vn 0.529829 0.848104 0.000018
vn 0.527461 0.849579 -0.000023
vn 0.506992 0.861951 0.000022
vn 0.503953 0.863731 -0.000027
vn 0.480070 0.877230 -0.000032
vn 0.483798 0.875180 0.000027
vn 0.460255 0.887787 0.000031
vn 0.455823 0.890071 -0.000035
vn 0.431234 0.902240 -0.000039
vn 0.436382 0.899761 0.000034
vn 0.406320 0.913731 -0.000042
vn 0.412202 0.911092 0.000038
vn 0.381097 0.924535 -0.000042
vn 0.387390 0.921916 0.000042
vn 0.355592 0.934641 -0.000042
vn 0.361958 0.932194 0.000042
vn 0.329818 0.944045 -0.000042
vn 0.336248 0.941773 0.000042
vn 0.310289 0.950642 0.000042
vn 0.303792 0.952738 -0.000042
vn 0.284092 0.958797 0.000042
vn 0.277540 0.960714 -0.000042
vn 0.257689 0.966228 0.000042
vn 0.251083 0.967966 -0.000042
vn 0.231084 0.972934 0.000042
vn 0.224431 0.974490 -0.000042
vn 0.204308 0.978907 0.000042
vn 0.197612 0.980280 -0.000042
vn 0.177381 0.984142 0.000042
vn 0.170644 0.985333 -0.000042
vn 0.150318 0.988638 0.000042
vn 0.143550 0.989643 -0.000042
vn 0.123142 0.992389 0.000042
vn 0.116345 0.993209 -0.000042
vn 0.095873 0.995394 0.000042
vn 0.089056 0.996027 -0.000042
vn 0.068532 0.997649 0.000042
vn 0.061695 0.998095 -0.000042
vn 0.041139 0.999153 0.000042
vn 0.034290 0.999412 -0.000042
vn 0.013717 0.999906 0.000042
vn 0.006859 0.999976 -0.000042
vn -0.013717 0.999906 0.000042
vn -0.020577 0.999788 -0.000042
vn -0.041139 0.999153 0.000042
vn -0.047997 0.998848 -0.000042
vn -0.075381 0.997155 -0.000042
vn -0.068532 0.997649 0.000042
vn -0.102710 0.994711 -0.000042
vn -0.095873 0.995394 0.000042
vn -0.129959 0.991519 -0.000042
vn -0.123142 0.992389 0.000042
vn -0.157111 0.987581 -0.000042
vn -0.150318 0.988638 0.000042
vn -0.184145 0.982899 -0.000042
vn -0.177381 0.984142 0.000042
vn -0.211043 0.977477 -0.000042
vn -0.204308 0.978907 0.000042
vn -0.237779 0.971319 -0.000042
vn -0.231084 0.972934 0.000042
vn -0.264335 0.964431 -0.000042
vn -0.257689 0.966228 0.000042
vn -0.290696 0.956815 -0.000043
vn -0.284092 0.958797 0.000042
vn -0.316833 0.948481 -0.000042
vn -0.310289 0.950642 0.000042
vn -0.342737 0.939432 -0.000043
vn -0.336248 0.941773 0.000042
vn -0.361958 0.932194 0.000043
vn -0.368381 0.929675 -0.000043
vn -0.387390 0.921916 0.000043
vn -0.393746 0.919219 -0.000043
vn -0.412202 0.911092 0.000041
vn -0.418816 0.908071 -0.000045
vn -0.436382 0.899761 0.000044
vn -0.443568 0.896241 -0.000048
vn -0.460255 0.887787 0.000046
vn -0.467992 0.883733 -0.000050
vn -0.483798 0.875180 0.000048
vn -0.492059 0.870562 -0.000052
vn -0.506992 0.861951 0.000050
vn -0.515756 0.856735 -0.000053
vn -0.529829 0.848104 0.000051
vn -0.539065 0.842264 -0.000055
vn -0.561969 0.827158 -0.000056
vn -0.552287 0.833654 0.000052
vn -0.584452 0.811429 -0.000056
vn -0.574350 0.818610 0.000053
vn -0.606492 0.795090 -0.000056
vn -0.596004 0.802982 0.000053
vn -0.628075 0.778153 -0.000056
vn -0.617236 0.786778 0.000053
vn -0.649186 0.760630 -0.000056
vn -0.638021 0.770019 0.000053
vn -0.669812 0.742531 -0.000055
vn -0.658357 0.752705 0.000053
vn -0.689928 0.723878 -0.000054
vn -0.678222 0.734857 0.000052
vn -0.709529 0.704677 -0.000053
vn -0.697603 0.716485 0.000051
vn -0.728593 0.684947 -0.000051
vn -0.716485 0.697603 0.000049
vn -0.747109 0.664702 -0.000049
vn -0.734857 0.678222 0.000047
vn -0.765064 0.643954 -0.000047
vn -0.752705 0.658357 0.000045
vn -0.782441 0.622724 -0.000044
vn -0.770019 0.638021 0.000043
vn -0.799233 0.601021 -0.000041
vn -0.786778 0.617236 0.000040
vn -0.815418 0.578872 -0.000038
vn -0.802982 0.596004 0.000037
vn -0.830993 0.556283 -0.000035
vn -0.818610 0.574350 0.000033
vn -0.845942 0.533275 -0.000031
vn -0.833654 0.552287 0.000030
vn -0.860252 0.509868 -0.000026
vn -0.848104 0.529829 0.000026
vn -0.861951 0.506992 0.000021
vn -0.873917 0.486075 -0.000022
vn -0.875180 0.483798 0.000016
vn -0.886923 0.461918 -0.000017
vn -0.887787 0.460255 0.000011
vn -0.899261 0.437412 -0.000012
vn -0.910923 0.412577 -0.000006
vn -0.899761 0.436382 0.000006
vn -0.921899 0.387431 -0.000000
vn -0.911092 0.412202 0.000000
vn -0.932181 0.361994 -0.000000
vn -0.921916 0.387390 0.000000
vn -0.941760 0.336286 -0.000000
vn -0.932194 0.361958 0.000000
vn -0.950632 0.310321 -0.000000
vn -0.941773 0.336248 0.000000
vn -0.958787 0.284124 -0.000000
vn -0.950642 0.310289 0.000000
vn -0.966221 0.257716 -0.000000
vn -0.958797 0.284092 0.000000
vn -0.972928 0.231108 -0.000000
vn -0.966228 0.257689 0.000000
vn -0.978902 0.204332 -0.000000
vn -0.972934 0.231084 0.000000
vn -0.984139 0.177402 -0.000000
vn -0.978907 0.204308 0.000000
vn -0.988635 0.150333 -0.000000
vn -0.984142 0.177381 0.000000
vn -0.992388 0.123155 -0.000000
vn -0.988638 0.150318 0.000000
vn -0.995393 0.095883 -0.000000
vn -0.992389 0.123142 0.000000
vn -0.997648 0.068542 -0.000000
vn -0.995394 0.095873 0.000000
vn -0.999153 0.041143 -0.000000
vn -0.997649 0.068532 0.000000
vn -0.999906 0.013718 -0.000000
vn -0.999153 0.041139 0.000000
vn -0.999906 0.013717 -0.000000
f 1//1 2//1 3//1
f 3//2 2//2 4//2
f 4//3 5//3 6//3
f 2//4 5//4 4//4
f 6//5 7//5 8//5
f 5//6 7//6 6//6
f 8//7 9//7 10//7
f 7//8 9//8 8//8
f 10//9 11//9 12//9
f 9//10 11//10 10//10
f 12//11 13//11 14//11
f 11//12 13//12 12//12
f 14//13 15//13 16//13
f 13//14 15//14 14//14
f 16//15 17//15 18//15
f 15//16 17//16 16//16
f 18//17 19//17 20//17
f 17//18 19//18 18//18
f 19//19 21//19 20//19
f 20//20 21//20 22//20
f 21//21 23//21 22//21
f 22//22 23//22 24//22
f 23//23 25//23 24//23
f 24//24 25//24 26//24
f 26//25 27//25 28//25
f 25//26 27//26 26//26
f 28//27 29//27 30//27
f 27//28 29//28 28//28
f 30//29 31//29 32//29
f 29//30 31//30 30//30
f 32//31 33//31 34//31
f 31//32 33//32 32//32
f 34//33 35//33 36//33
f 33//34 35//34 34//34
f 36//35 37//35 38//35
f 35//36 37//36 36//36
f 38//37 39//37 40//37
f 37//38 39//38 38//38
f 40//39 41//39 42//39
f 39//40 41//40 40//40
f 42//41 43//41 44//41
f 41//42 43//42 42//42
f 44//43 45//43 46//43
f 43//44 45//44 44//44
f 46//45 47//45 48//45
f 48//46 47//46 49//46
f 45//47 47//47 46//47
f 47//48 50//48 49//48
f 49//49 51//49 52//49
f 50//50 51//50 49//50
f 52//51 53//51 54//51
f 51//52 53//52 52//52
f 54//53 55//53 56//53
f 53//54 55//54 54//54
f 56//55 57//55 58//55
f 55//56 57//56 56//56
f 58//57 59//57 60//57
f 57//58 59//58 58//58
f 60//59 61//59 62//59
f 59//60 61//60 60//60
f 62//61 63//61 64//61
f 61//62 63//62 62//62
f 64//63 65//63 66//63
f 63//64 65//64 64//64
f 66//65 67//65 68//65
f 65//66 67//66 66//66
f 68//67 69//67 70//67
f 67//68 69//68 68//68
f 70//69 71//69 72//69
f 69//70 71//70 70//70
f 72//71 73//71 74//71
f 71//72 73//72 72//72
f 73//73 75//73 74//73
f 74//74 75//74 76//74
f 75//75 77//75 76//75
f 76//76 77//76 78//76
f 77//77 79//77 78//77
f 78//78 79//78 80//78
f 79//79 81//79 80//79
f 80//80 81//80 82//80
f 81//81 83//81 82//81
f 82//82 83//82 84//82
f 83//83 85//83 84//83
f 84//84 85//84 86//84
f 85//85 87//85 86//85
f 86//86 87//86 88//86
f 87//87 89//87 88//87
f 88//88 89//88 90//88
f 89//89 91//89 90//89
f 90//90 91//90 92//90
f 91//91 93//91 92//91
f 92//92 93//92 94//92
f 94//93 95//93 96//93
f 93//94 95//94 94//94
f 96//95 95//95 97//95
f 95//96 98//96 97//96
f 97//97 99//97 100//97
f 98//98 99//98 97//98
f 100//99 101//99 102//99
f 99//100 101//100 100//100
f 102//101 103//101 104//101
f 101//102 103//102 102//102
f 104//103 105//103 106//103
f 103//104 105//104 104//104
f 106//105 107//105 108//105
f 105//106 107//106 106//106
f 108//107 109//107 110//107
f 107//108 109//108 108//108
f 110//109 111//109 112//109
f 109//110 111//110 110//110
f 112//111 113//111 114//111
f 114//112 113//112 115//112
f 111//113 113//113 112//113
f 113//114 116//114 115//114
f 115//115 117//115 118//115
f 116//116 117//116 115//116
f 118//117 119//117 120//117
f 120//118 119//118 121//118
f 117//119 119//119 118//119
f 119//120 122//120 121//120
f 122//121 123//121 121//121
f 121//122 123//122 124//122
f 123//123 125//123 124//123
f 124//124 125//124 126//124
f 125//125 127//125 126//125
f 126//126 127//126 128//126
f 128//127 127//127 129//127
f 127//128 130//128 129//128
f 130//129 131//129 129//129
f 129//130 131//130 132//130
f 131//131 133//131 132//131
f 132//132 133//132 134//132
f 134//133 133//133 135//133
f 133//134 136//134 135//134
f 136//135 137//135 135//135
f 135//136 137//136 138//136
f 137//137 139//137 138//137
f 138//138 139//138 140//138
f 139//139 141//139 140//139
f 140//140 141//140 142//140
f 141//141 143//141 142//141
f 142//142 143//142 144//142
f 143//143 145//143 144//143
f 144//144 145//144 146//144
f 145//145 147//145 146//145
f 146//146 147//146 148//146
f 147//147 149//147 148//147
f 148//148 149//148 150//148
f 149//149 151//149 150//149
f 150//150 151//150 152//150
f 152//151 151//151 153//151
f 151//152 154//152 153//152
f 154//153 155//153 153//153
f 153//154 155//154 156//154
f 155//155 157//155 156//155
f 156//156 157//156 158//156
f 158//157 157//157 159//157
f 157//158 160//158 159//158
f 160//159 161//159 159//159
f 159//160 161//160 162//160
f 162//161 161//161 163//161
f 161//162 164//162 163//162
f 163//163 165//163 166//163
f 164//164 165//164 163//164
f 166//165 167//165 168//165
f 165//166 167//166 166//166
f 168//167 169//167 170//167
f 167//168 169//168 168//168
f 170//169 171//169 172//169
f 169//170 171//170 170//170
f 172//171 173//171 174//171
f 171//172 173//172 172//172
f 174//173 173//173 175//173
f 173//174 176//174 175//174
f 175//175 176//175 177//175
f 176//176 178//176 177//176
f 178//177 179//177 177//177
f 177//178 179//178 180//178
f 179//179 181//179 180//179
f 180//180 181//180 182//180
f 181//181 183//181 182//181
f 182//182 183//182 184//182
f 183//183 185//183 184//183
f 184//184 185//184 186//184
f 186//185 185//185 187//185
f 185//186 188//186 187//186
f 188//187 189//187 187//187
f 187//188 189//188 190//188
f 190//189 189//189 191//189
f 189//190 192//190 191//190
f 192//191 193//191 191//191
f 191//192 193//192 194//192
f 193//193 195//193 194//193
f 194//194 195//194 196//194
f 196//195 195//195 197//195
f 195//196 198//196 197//196
f 197//197 198//197 199//197
f 199//198 200//198 201//198
f 198//199 200//199 199//199
f 200//200 202//200 201//200
f 201//201 203//201 204//201
f 202//202 203//202 201//202
f 204//203 205//203 206//203
f 206//204 205//204 207//204
f 203//205 205//205 204//205
f 205//206 208//206 207//206
f 207//207 209//207 210//207
f 208//208 209//208 207//208
f 210//209 211//209 212//209
f 209//210 211//210 210//210
f 212//211 213//211 214//211
f 214//212 213//212 215//212
f 211//213 213//213 212//213
f 213//214 216//214 215//214
f 215//215 217//215 218//215
f 216//216 217//216 215//216
f 218//217 219//217 220//217
f 220//218 219//218 221//218
f 217//219 219//219 218//219
f 219//220 222//220 221//220
f 222//221 223//221 221//221
f 221//222 223//222 224//222
f 224//223 223//223 225//223
f 223//224 226//224 225//224
f 225//225 226//225 227//225
f 226//226 228//226 227//226
f 227//227 229//227 230//227
f 228//228 229//228 227//228
f 230//229 231//229 232//229
f 229//230 231//230 230//230
f 232//231 231//231 233//231
f 233//232 234//232 235//232
f 231//233 234//233 233//233
f 234//234 236//234 235//234
f 235//235 237//235 238//235
f 236//236 237//236 235//236
f 238//237 239//237 240//237
f 240//238 239//238 241//238
f 237//239 239//239 238//239
f 241//240 242//240 243//240
f 239//241 242//241 241//241
f 242//242 244//242 243//242
f 243//243 245//243 246//243
f 244//244 245//244 243//244
f 246//245 247//245 248//245
f 245//246 247//246 246//246
f 248//247 249//247 250//247
f 250//248 249//248 251//248
f 247//249 249//249 248//249
f 249//250 252//250 251//250
f 251//251 253//251 254//251
f 252//252 253//252 251//252
f 254//253 255//253 256//253
f 256//254 255//254 257//254
f 253//255 255//255 254//255
f 255//256 258//256 257//256
f 257//257 259//257 260//257
f 258//258 259//258 257//258
f 260//259 261//259 262//259
f 259//260 261//260 260//260
f 262//261 263//261 264//261
f 261//262 263//262 262//262
f 264//263 265//263 266//263
f 263//264 265//264 264//264
f 266//265 267//265 268//265
f 265//266 267//266 266//266
f 268//267 269//267 270//267
f 267//268 269//268 268//268
f 270//269 271//269 272//269
f 269//270 271//270 270//270
f 272//271 273//271 274//271
f 271//272 273//272 272//272
f 273//273 275//273 274//273
f 274//274 275//274 276//274
f 275//275 277//275 276//275
f 276//276 277//276 278//276
f 278//277 277//277 279//277
f 277//278 280//278 279//278
f 280//279 281//279 279//279
f 279//280 281//280 282//280
f 281//281 283//281 282//281
f 282//282 283//282 284//282
f 283//283 285//283 284//283
f 284//284 285//284 286//284
f 285//285 287//285 286//285
f 286//286 287//286 288//286
f 287//287 289//287 288//287
f 288//288 289//288 290//288
f 289//289 291//289 290//289
f 290//290 291//290 292//290
f 291//291 293//291 292//291
f 292//292 293//292 294//292
f 293//293 295//293 294//293
f 294//294 295//294 296//294
f 296//295 297//295 298//295
f 295//296 297//296 296//296
f 298//297 299//297 300//297
f 297//298 299//298 298//298
f 300//299 301//299 302//299
f 299//300 301//300 300//300
f 302//301 303//301 304//301
f 304//302 303//302 305//302
f 301//303 303//303 302//303
f 303//304 306//304 305//304
f 305//305 307//305 308//305
f 308//306 307//306 309//306
f 306//307 307//307 305//307
f 307//308 310//308 309//308
f 309//309 311//309 312//309
f 312//310 311//310 313//310
f 310//311 311//311 309//311
f 311//312 314//312 313//312
f 313//313 315//313 316//313
f 314//314 315//314 313//314
f 316//315 317//315 318//315
f 315//316 317//316 316//316
f 318//317 319//317 320//317
f 320//318 319//318 321//318
f 317//319 319//319 318//319
f 319//320 322//320 321//320
f 321//321 323//321 324//321
f 324//322 323//322 325//322
f 322//323 323//323 321//323
f 323//324 326//324 325//324
f 326//325 327//325 325//325
f 325//326 327//326 328//326
f 327//327 329//327 328//327
f 328//328 329//328 330//328
f 330//329 329//329 331//329
f 329//330 332//330 331//330
f 332//331 333//331 331//331
f 331//332 333//332 334//332
f 333//333 335//333 334//333
f 334//334 335//334 336//334
f 335//335 337//335 336//335
f 336//336 337//336 338//336
f 338//337 337//337 339//337
f 337//338 340//338 339//338
f 340//339 341//339 339//339
f 339//340 341//340 342//340
f 341//341 343//341 342//341
f 342//342 343//342 344//342
f 343//343 345//343 344//343
f 344//344 345//344 346//344
f 345//345 347//345 346//345
f 346//346 347//346 348//346
f 347//347 349//347 348//347
f 348//348 349//348 350//348
f 350//349 349//349 351//349
f 349//350 352//350 351//350
f 352//351 353//351 351//351
f 351//352 353//352 354//352
f 353//353 355//353 354//353
f 354//354 355//354 356//354
f 356//355 355//355 357//355
f 355//356 358//356 357//356
f 358//357 359//357 357//357
f 357//358 359//358 360//358
f 360//359 359//359 361//359
f 359//360 362//360 361//360
f 362//361 363//361 361//361
f 361//362 363//362 364//362
f 364//363 363//363 365//363
f 363//364 366//364 365//364
f 366//365 367//365 365//365
f 365//366 367//366 368//366
f 368//367 369//367 370//367
f 370//368 369//368 371//368
f 367//369 369//369 368//369
f 369//370 372//370 371//370
f 371//371 373//371 374//371
f 374//372 373//372 375//372
f 372//373 373//373 371//373
f 373//374 376//374 375//374
f 375//375 376//375 377//375
f 376//376 378//376 377//376
f 377//377 378//377 379//377
f 378//378 380//378 379//378
f 380//379 381//379 379//379
f 379//380 381//380 382//380
f 382//381 381//381 383//381
f 381//382 384//382 383//382
f 384//383 385//383 383//383
f 383//384 385//384 386//384
f 385//385 387//385 386//385
f 386//386 387//386 388//386
f 387//387 389//387 388//387
f 388//388 389//388 390//388
f 389//389 391//389 390//389
f 390//390 391//390 392//390
f 391//391 393//391 392//391
f 392//392 393//392 394//392
f 393//393 395//393 394//393
f 394//394 395//394 396//394
f 395//395 397//395 396//395
f 396//396 397//396 398//396
f 397//397 399//397 398//397
f 398//398 399//398 400//398
f 400//399 399//399 401//399
f 401//400 402//400 403//400
f 399//401 402//401 401//401
f 402//402 404//402 403//402
f 403//403 405//403 406//403
f 404//404 405//404 403//404
f 406//405 407//405 408//405
f 408//406 407//406 409//406
f 405//407 407//407 406//407
f 407//408 410//408 409//408
f 409//409 411//409 412//409
f 412//410 411//410 413//410
f 410//411 411//411 409//411
f 411//412 414//412 413//412
f 413//413 415//413 416//413
f 414//414 415//414 413//414
f 416//415 417//415 418//415
f 415//416 417//416 416//416
f 418//417 419//417 420//417
f 417//418 419//418 418//418
f 420//419 421//419 422//419
f 419//420 421//420 420//420
f 422//421 423//421 424//421
f 421//422 423//422 422//422
f 423//423 425//423 424//423
f 424//424 425//424 426//424
f 426//425 425//425 427//425
f 425//426 428//426 427//426
f 428//427 429//427 427//427
f 427//428 429//428 430//428
f 429//429 431//429 430//429
f 430//430 431//430 432//430
f 432//431 431//431 433//431
f 431//432 434//432 433//432
f 433//433 435//433 436//433
f 436//434 435//434 437//434
f 434//435 435//435 433//435
f 435//436 438//436 437//436
f 437//437 439//437 440//437
f 440//438 439//438 441//438
f 438//439 439//439 437//439
f 439//440 442//440 441//440
f 441//441 442//441 443//441
f 442//442 444//442 443//442
f 443//443 445//443 446//443
f 446//444 445//444 447//444
f 444//445 445//445 443//445
f 445//446 448//446 447//446
f 447//447 449//447 450//447
f 450//448 449//448 451//448
f 448//449 449//449 447//449
f 449//450 452//450 451//450
f 451//451 453//451 454//451
f 452//452 453//452 451//452
f 454//453 455//453 456//453
f 453//454 455//454 454//454
f 456//455 457//455 458//455
f 458//456 457//456 3//456
f 455//457 457//457 456//457
f 457//458 1//458 3//458
f 459//459 460//459 461//459
f 459//460 462//460 463//460
f 459//461 464//461 462//461
f 459//462 461//462 465//462
f 459//463 463//463 460//463
f 466//464 40//464 42//464
f 466//465 42//465 44//465
f 466//466 465//466 40//466
f 467//467 464//467 459//467
f 467//468 459//468 465//468
f 467//469 468//469 464//469
f 467//470 469//470 468//470
f 467//471 465//471 466//471
f 470//472 44//472 46//472
f 470//473 46//473 48//473
f 471//474 3//474 4//474
f 470//475 466//475 44//475
f 472//476 469//476 467//476
f 472//477 473//477 469//477
f 472//478 474//478 473//478
f 472//479 466//479 470//479
f 472//480 467//480 466//480
f 475//481 48//481 49//481
f 475//482 49//482 52//482
f 475//483 470//483 48//483
f 476//484 470//484 475//484
f 476//485 477//485 474//485
f 476//486 478//486 477//486
f 479//487 480//487 481//487
f 476//488 472//488 470//488
f 476//489 474//489 472//489
f 482//490 475//490 52//490
f 482//491 52//491 54//491
f 482//492 54//492 56//492
f 483//493 476//493 475//493
f 483//494 484//494 478//494
f 483//495 485//495 484//495
f 483//496 478//496 476//496
f 483//497 475//497 482//497
f 486//498 482//498 56//498
f 486//499 56//499 58//499
f 486//500 58//500 60//500
f 487//501 483//501 482//501
f 487//502 488//502 485//502
f 487//503 489//503 488//503
f 487//504 485//504 483//504
f 487//505 482//505 486//505
f 490//506 60//506 62//506
f 490//507 62//507 64//507
f 490//508 486//508 60//508
f 491//509 489//509 487//509
f 491//510 487//510 486//510
f 491//511 486//511 490//511
f 491//512 492//512 489//512
f 491//513 493//513 492//513
f 494//514 64//514 66//514
f 494//515 66//515 68//515
f 494//516 490//516 64//516
f 495//517 490//517 494//517
f 495//518 496//518 493//518
f 495//519 497//519 496//519
f 495//520 491//520 490//520
f 495//521 493//521 491//521
f 498//522 494//522 68//522
f 498//523 68//523 70//523
f 498//524 70//524 72//524
f 498//525 495//525 494//525
f 499//526 497//526 495//526
f 499//527 500//527 497//527
f 499//528 501//528 500//528
f 499//529 495//529 498//529
f 502//530 499//530 498//530
f 502//531 72//531 74//531
f 502//532 74//532 76//532
f 502//533 498//533 72//533
f 503//534 501//534 499//534
f 503//535 499//535 502//535
f 503//536 504//536 501//536
f 503//537 505//537 504//537
f 506//538 76//538 78//538
f 506//539 78//539 80//539
f 506//540 502//540 76//540
f 506//541 503//541 502//541
f 507//542 503//542 506//542
f 507//543 508//543 505//543
f 507//544 509//544 508//544
f 507//545 505//545 503//545
f 510//546 506//546 80//546
f 510//547 80//547 82//547
f 510//548 82//548 84//548
f 511//549 507//549 506//549
f 511//550 509//550 507//550
f 511//551 506//551 510//551
f 511//552 512//552 509//552
f 511//553 513//553 512//553
f 514//554 84//554 86//554
f 514//555 86//555 88//555
f 514//556 510//556 84//556
f 515//557 511//557 510//557
f 515//558 513//558 511//558
f 515//559 510//559 514//559
f 515//560 516//560 513//560
f 515//561 517//561 516//561
f 518//562 514//562 88//562
f 518//563 88//563 90//563
f 518//564 90//564 92//564
f 518//565 515//565 514//565
f 519//566 515//566 518//566
f 519//567 520//567 517//567
f 519//568 521//568 520//568
f 519//569 517//569 515//569
f 522//570 518//570 92//570
f 522//571 92//571 94//571
f 522//572 94//572 96//572
f 523//573 519//573 518//573
f 523//574 521//574 519//574
f 523//575 518//575 522//575
f 523//576 524//576 521//576
f 523//577 525//577 524//577
f 526//578 96//578 97//578
f 526//579 97//579 100//579
f 526//580 522//580 96//580
f 527//581 525//581 523//581
f 527//582 522//582 526//582
f 527//583 523//583 522//583
f 527//584 528//584 525//584
f 527//585 529//585 528//585
f 530//586 526//586 100//586
f 530//587 100//587 102//587
f 530//588 102//588 104//588
f 531//589 527//589 526//589
f 531//590 532//590 529//590
f 531//591 533//591 532//591
f 531//592 529//592 527//592
f 531//593 526//593 530//593
f 534//594 530//594 104//594
f 534//595 531//595 530//595
f 534//596 104//596 106//596
f 534//597 106//597 108//597
f 535//598 533//598 531//598
f 535//599 531//599 534//599
f 535//600 536//600 533//600
f 535//601 537//601 536//601
f 538//602 108//602 110//602
f 538//603 110//603 112//603
f 538//604 534//604 108//604
f 539//605 535//605 534//605
f 539//606 534//606 538//606
f 539//607 537//607 535//607
f 539//608 540//608 537//608
f 539//609 541//609 540//609
f 542//610 112//610 114//610
f 542//611 114//611 115//611
f 542//612 539//612 538//612
f 542//613 538//613 112//613
f 543//614 539//614 542//614
f 543//615 541//615 539//615
f 543//616 544//616 541//616
f 543//617 545//617 544//617
f 546//618 115//618 118//618
f 546//619 118//619 120//619
f 546//620 542//620 115//620
f 547//621 542//621 546//621
f 547//622 545//622 543//622
f 547//623 548//623 545//623
f 547//624 549//624 548//624
f 547//625 543//625 542//625
f 550//626 546//626 120//626
f 550//627 120//627 121//627
f 550//628 121//628 124//628
f 551//629 546//629 550//629
f 551//630 549//630 547//630
f 551//631 547//631 546//631
f 551//632 552//632 549//632
f 551//633 553//633 552//633
f 554//634 124//634 126//634
f 554//635 126//635 128//635
f 554//636 550//636 124//636
f 555//637 550//637 554//637
f 555//638 551//638 550//638
f 555//639 556//639 553//639
f 555//640 553//640 551//640
f 555//641 557//641 556//641
f 558//642 128//642 129//642
f 558//643 129//643 132//643
f 558//644 554//644 128//644
f 559//645 557//645 555//645
f 559//646 555//646 554//646
f 559//647 554//647 558//647
f 559//648 560//648 557//648
f 559//649 561//649 560//649
f 562//650 558//650 132//650
f 562//651 132//651 134//651
f 562//652 134//652 135//652
f 563//653 561//653 559//653
f 563//654 558//654 562//654
f 563//655 559//655 558//655
f 563//656 564//656 561//656
f 563//657 565//657 564//657
f 566//658 562//658 135//658
f 566//659 135//659 138//659
f 566//660 138//660 140//660
f 567//661 568//661 565//661
f 567//662 569//662 568//662
f 567//663 563//663 562//663
f 567//664 565//664 563//664
f 567//665 562//665 566//665
f 570//666 140//666 142//666
f 570//667 142//667 144//667
f 570//668 566//668 140//668
f 571//669 572//669 569//669
f 571//670 573//670 572//670
f 571//671 569//671 567//671
f 571//672 566//672 570//672
f 571//673 567//673 566//673
f 574//674 570//674 144//674
f 574//675 144//675 146//675
f 574//676 146//676 148//676
f 575//677 571//677 570//677
f 575//678 576//678 573//678
f 575//679 577//679 576//679
f 575//680 573//680 571//680
f 575//681 570//681 574//681
f 578//682 575//682 574//682
f 578//683 574//683 148//683
f 578//684 148//684 150//684
f 578//685 150//685 152//685
f 579//686 580//686 577//686
f 579//687 581//687 580//687
f 579//688 577//688 575//688
f 579//689 575//689 578//689
f 582//690 578//690 152//690
f 582//691 152//691 153//691
f 582//692 153//692 156//692
f 583//693 579//693 578//693
f 583//694 584//694 581//694
f 583//695 585//695 584//695
f 583//696 581//696 579//696
f 583//697 578//697 582//697
f 586//698 156//698 158//698
f 586//699 158//699 159//699
f 586//700 582//700 156//700
f 587//701 582//701 586//701
f 587//702 588//702 585//702
f 587//703 589//703 588//703
f 587//704 585//704 583//704
f 587//705 583//705 582//705
f 590//706 586//706 159//706
f 590//707 159//707 162//707
f 590//708 162//708 163//708
f 591//709 592//709 589//709
f 591//710 593//710 592//710
f 591//711 589//711 587//711
f 591//712 587//712 586//712
f 591//713 586//713 590//713
f 594//714 590//714 163//714
f 594//715 163//715 166//715
f 594//716 166//716 168//716
f 595//717 596//717 593//717
f 595//718 597//718 596//718
f 595//719 591//719 590//719
f 595//720 593//720 591//720
f 595//721 590//721 594//721
f 598//722 594//722 168//722
f 598//723 595//723 594//723
f 598//724 168//724 170//724
f 598//725 170//725 172//725
f 599//726 600//726 597//726
f 599//727 601//727 600//727
f 599//728 595//728 598//728
f 599//729 597//729 595//729
f 602//730 598//730 172//730
f 602//731 172//731 174//731
f 602//732 174//732 175//732
f 603//733 598//733 602//733
f 603//734 604//734 601//734
f 603//735 605//735 604//735
f 603//736 599//736 598//736
f 603//737 601//737 599//737
f 606//738 602//738 175//738
f 606//739 603//739 602//739
f 606//740 175//740 177//740
f 606//741 177//741 180//741
f 607//742 608//742 605//742
f 607//743 609//743 608//743
f 607//744 605//744 603//744
f 607//745 603//745 606//745
f 610//746 606//746 180//746
f 610//747 180//747 182//747
f 610//748 182//748 184//748
f 611//749 606//749 610//749
f 611//750 607//750 606//750
f 611//751 612//751 609//751
f 611//752 613//752 612//752
f 611//753 609//753 607//753
f 614//754 610//754 184//754
f 614//755 184//755 186//755
f 614//756 186//756 187//756
f 615//757 616//757 613//757
f 615//758 617//758 616//758
f 615//759 611//759 610//759
f 615//760 610//760 614//760
f 615//761 613//761 611//761
f 618//762 614//762 187//762
f 618//763 187//763 190//763
f 618//764 190//764 191//764
f 619//765 614//765 618//765
f 619//766 620//766 617//766
f 619//767 621//767 620//767
f 619//768 617//768 615//768
f 619//769 615//769 614//769
f 622//770 618//770 191//770
f 622//771 191//771 194//771
f 622//772 194//772 196//772
f 623//773 619//773 618//773
f 623//774 618//774 622//774
f 623//775 624//775 621//775
f 623//776 625//776 624//776
f 623//777 621//777 619//777
f 626//778 196//778 197//778
f 626//779 197//779 199//779
f 626//780 622//780 196//780
f 627//781 623//781 622//781
f 627//782 628//782 625//782
f 627//783 629//783 628//783
f 627//784 625//784 623//784
f 627//785 622//785 626//785
f 630//786 199//786 201//786
f 630//787 201//787 204//787
f 630//788 626//788 199//788
f 631//789 627//789 626//789
f 631//790 632//790 629//790
f 631//791 633//791 632//791
f 631//792 626//792 630//792
f 631//793 629//793 627//793
f 634//794 204//794 206//794
f 634//795 206//795 207//795
f 634//796 630//796 204//796
f 635//797 633//797 631//797
f 635//798 636//798 633//798
f 635//799 637//799 636//799
f 635//800 631//800 630//800
f 635//801 630//801 634//801
f 638//802 207//802 210//802
f 638//803 210//803 212//803
f 638//804 634//804 207//804
f 639//805 634//805 638//805
f 639//806 640//806 637//806
f 639//807 641//807 640//807
f 639//808 637//808 635//808
f 639//809 635//809 634//809
f 642//810 212//810 214//810
f 642//811 214//811 215//811
f 642//812 638//812 212//812
f 643//813 638//813 642//813
f 643//814 644//814 641//814
f 643//815 645//815 644//815
f 643//816 639//816 638//816
f 643//817 641//817 639//817
f 646//818 215//818 218//818
f 646//819 218//819 220//819
f 646//820 642//820 215//820
f 647//821 645//821 643//821
f 647//822 642//822 646//822
f 647//823 648//823 645//823
f 647//824 649//824 648//824
f 647//825 643//825 642//825
f 650//826 220//826 221//826
f 650//827 221//827 224//827
f 650//828 646//828 220//828
f 651//829 649//829 647//829
f 651//830 647//830 646//830
f 651//831 646//831 650//831
f 651//832 652//832 649//832
f 651//833 653//833 652//833
f 654//834 224//834 225//834
f 654//835 225//835 227//835
f 654//836 650//836 224//836
f 655//837 650//837 654//837
f 655//838 651//838 650//838
f 655//839 656//839 653//839
f 655//840 657//840 656//840
f 655//841 653//841 651//841
f 658//842 227//842 230//842
f 658//843 654//843 227//843
f 659//844 660//844 657//844
f 659//845 654//845 658//845
f 659//846 657//846 655//846
f 659//847 655//847 654//847
f 661//848 230//848 232//848
f 661//849 232//849 233//849
f 661//850 658//850 230//850
f 662//851 658//851 661//851
f 662//852 663//852 660//852
f 662//853 664//853 663//853
f 662//854 659//854 658//854
f 662//855 660//855 659//855
f 665//856 233//856 235//856
f 665//857 235//857 238//857
f 665//858 661//858 233//858
f 666//859 664//859 662//859
f 666//860 667//860 664//860
f 666//861 662//861 661//861
f 666//862 668//862 667//862
f 666//863 661//863 665//863
f 669//864 238//864 240//864
f 669//865 240//865 241//865
f 669//866 665//866 238//866
f 670//867 666//867 665//867
f 670//868 665//868 669//868
f 670//869 671//869 668//869
f 670//870 672//870 671//870
f 670//871 668//871 666//871
f 673//872 241//872 243//872
f 673//873 243//873 246//873
f 673//874 669//874 241//874
f 674//875 672//875 670//875
f 674//876 675//876 672//876
f 674//877 676//877 675//877
f 674//878 670//878 669//878
f 674//879 669//879 673//879
f 677//880 246//880 248//880
f 677//881 248//881 250//881
f 677//882 673//882 246//882
f 678//883 673//883 677//883
f 678//884 679//884 676//884
f 678//885 680//885 679//885
f 678//886 674//886 673//886
f 678//887 676//887 674//887
f 681//888 250//888 251//888
f 681//889 251//889 254//889
f 681//890 677//890 250//890
f 682//891 677//891 681//891
f 682//892 678//892 677//892
f 682//893 680//893 678//893
f 682//894 683//894 680//894
f 682//895 684//895 683//895
f 685//896 682//896 681//896
f 685//897 254//897 256//897
f 685//898 256//898 257//898
f 685//899 681//899 254//899
f 686//900 682//900 685//900
f 686//901 684//901 682//901
f 686//902 687//902 684//902
f 686//903 688//903 687//903
f 689//904 257//904 260//904
f 689//905 685//905 257//905
f 689//906 260//906 262//906
f 690//907 688//907 686//907
f 690//908 691//908 688//908
f 690//909 692//909 691//909
f 690//910 686//910 685//910
f 690//911 685//911 689//911
f 693//912 689//912 262//912
f 693//913 262//913 264//913
f 693//914 264//914 266//914
f 694//915 690//915 689//915
f 694//916 695//916 692//916
f 694//917 689//917 693//917
f 694//918 696//918 695//918
f 694//919 692//919 690//919
f 697//920 694//920 693//920
f 697//921 266//921 268//921
f 697//922 268//922 270//922
f 697//923 693//923 266//923
f 698//924 699//924 696//924
f 698//925 700//925 699//925
f 698//926 696//926 694//926
f 698//927 694//927 697//927
f 701//928 270//928 272//928
f 701//929 272//929 274//929
f 701//930 697//930 270//930
f 702//931 700//931 698//931
f 702//932 697//932 701//932
f 702//933 698//933 697//933
f 702//934 703//934 700//934
f 702//935 704//935 703//935
f 705//936 702//936 701//936
f 705//937 274//937 276//937
f 705//938 276//938 278//938
f 705//939 701//939 274//939
f 706//940 707//940 704//940
f 706//941 708//941 707//941
f 706//942 704//942 702//942
f 706//943 702//943 705//943
f 709//944 705//944 278//944
f 709//945 278//945 279//945
f 709//946 279//946 282//946
f 710//947 708//947 706//947
f 710//948 706//948 705//948
f 710//949 705//949 709//949
f 710//950 711//950 708//950
f 710//951 712//951 711//951
f 713//952 709//952 282//952
f 713//953 282//953 284//953
f 713//954 284//954 286//954
f 713//955 710//955 709//955
f 714//956 710//956 713//956
f 714//957 712//957 710//957
f 714//958 715//958 712//958
f 714//959 716//959 715//959
f 717//960 286//960 288//960
f 717//961 288//961 290//961
f 717//962 713//962 286//962
f 718//963 716//963 714//963
f 718//964 714//964 713//964
f 718//965 713//965 717//965
f 718//966 719//966 716//966
f 718//967 720//967 719//967
f 721//968 717//968 290//968
f 721//969 290//969 292//969
f 721//970 292//970 294//970
f 722//971 717//971 721//971
f 722//972 723//972 720//972
f 722//973 724//973 723//973
f 722//974 718//974 717//974
f 722//975 720//975 718//975
f 725//976 721//976 294//976
f 725//977 294//977 296//977
f 725//978 296//978 298//978
f 726//979 724//979 722//979
f 726//980 722//980 721//980
f 726//981 721//981 725//981
f 726//982 727//982 724//982
f 726//983 728//983 727//983
f 729//984 725//984 298//984
f 729//985 298//985 300//985
f 729//986 300//986 302//986
f 730//987 725//987 729//987
f 730//988 726//988 725//988
f 730//989 728//989 726//989
f 730//990 731//990 728//990
f 730//991 732//991 731//991
f 733//992 302//992 304//992
f 733//993 304//993 305//993
f 733//994 729//994 302//994
f 733//995 730//995 729//995
f 734//996 730//996 733//996
f 734//997 732//997 730//997
f 734//998 735//998 732//998
f 734//999 736//999 735//999
f 737//1000 305//1000 308//1000
f 737//1001 308//1001 309//1001
f 737//1002 733//1002 305//1002
f 738//1003 736//1003 734//1003
f 738//1004 734//1004 733//1004
f 738//1005 739//1005 736//1005
f 738//1006 733//1006 737//1006
f 738//1007 740//1007 739//1007
f 741//1008 309//1008 312//1008
f 741//1009 312//1009 313//1009
f 741//1010 737//1010 309//1010
f 742//1011 738//1011 737//1011
f 742//1012 740//1012 738//1012
f 742//1013 743//1013 740//1013
f 742//1014 744//1014 743//1014
f 742//1015 737//1015 741//1015
f 745//1016 741//1016 313//1016
f 745//1017 313//1017 316//1017
f 745//1018 316//1018 318//1018
f 746//1019 744//1019 742//1019
f 746//1020 741//1020 745//1020
f 746//1021 747//1021 744//1021
f 746//1022 748//1022 747//1022
f 746//1023 742//1023 741//1023
f 749//1024 746//1024 745//1024
f 749//1025 745//1025 318//1025
f 749//1026 318//1026 320//1026
f 749//1027 320//1027 321//1027
f 750//1028 746//1028 749//1028
f 750//1029 748//1029 746//1029
f 750//1030 751//1030 748//1030
f 750//1031 752//1031 751//1031
f 753//1032 749//1032 321//1032
f 753//1033 321//1033 324//1033
f 753//1034 324//1034 325//1034
f 754//1035 750//1035 749//1035
f 754//1036 749//1036 753//1036
f 754//1037 752//1037 750//1037
f 754//1038 755//1038 752//1038
f 754//1039 756//1039 755//1039
f 757//1040 753//1040 325//1040
f 757//1041 325//1041 328//1041
f 757//1042 328//1042 330//1042
f 758//1043 753//1043 757//1043
f 758//1044 754//1044 753//1044
f 758//1045 759//1045 756//1045
f 758//1046 760//1046 759//1046
f 758//1047 756//1047 754//1047
f 761//1048 757//1048 330//1048
f 761//1049 330//1049 331//1049
f 761//1050 331//1050 334//1050
f 762//1051 760//1051 758//1051
f 762//1052 757//1052 761//1052
f 762//1053 763//1053 760//1053
f 762//1054 764//1054 763//1054
f 762//1055 758//1055 757//1055
f 765//1056 761//1056 334//1056
f 765//1057 334//1057 336//1057
f 765//1058 336//1058 338//1058
f 766//1059 764//1059 762//1059
f 766//1060 762//1060 761//1060
f 766//1061 761//1061 765//1061
f 766//1062 767//1062 764//1062
f 766//1063 768//1063 767//1063
f 769//1064 765//1064 338//1064
f 769//1065 766//1065 765//1065
f 769//1066 338//1066 339//1066
f 769//1067 339//1067 342//1067
f 770//1068 771//1068 768//1068
f 770//1069 772//1069 771//1069
f 770//1070 768//1070 766//1070
f 770//1071 766//1071 769//1071
f 773//1072 769//1072 342//1072
f 773//1073 342//1073 344//1073
f 773//1074 344//1074 346//1074
f 774//1075 775//1075 772//1075
f 774//1076 776//1076 775//1076
f 774//1077 770//1077 769//1077
f 774//1078 772//1078 770//1078
f 774//1079 769//1079 773//1079
f 777//1080 773//1080 346//1080
f 777//1081 346//1081 348//1081
f 777//1082 348//1082 350//1082
f 778//1083 779//1083 776//1083
f 778//1084 780//1084 779//1084
f 778//1085 776//1085 774//1085
f 778//1086 774//1086 773//1086
f 778//1087 773//1087 777//1087
f 781//1088 777//1088 350//1088
f 781//1089 350//1089 351//1089
f 781//1090 351//1090 354//1090
f 782//1091 783//1091 780//1091
f 782//1092 784//1092 783//1092
f 782//1093 780//1093 778//1093
f 782//1094 778//1094 777//1094
f 782//1095 777//1095 781//1095
f 785//1096 781//1096 354//1096
f 785//1097 782//1097 781//1097
f 785//1098 354//1098 356//1098
f 785//1099 356//1099 357//1099
f 786//1100 787//1100 784//1100
f 786//1101 788//1101 787//1101
f 786//1102 784//1102 782//1102
f 786//1103 782//1103 785//1103
f 789//1104 785//1104 357//1104
f 789//1105 357//1105 360//1105
f 789//1106 360//1106 361//1106
f 790//1107 791//1107 788//1107
f 790//1108 792//1108 791//1108
f 790//1109 788//1109 786//1109
f 790//1110 786//1110 785//1110
f 790//1111 785//1111 789//1111
f 793//1112 789//1112 361//1112
f 793//1113 361//1113 364//1113
f 793//1114 364//1114 365//1114
f 794//1115 795//1115 792//1115
f 794//1116 796//1116 795//1116
f 794//1117 792//1117 790//1117
f 794//1118 790//1118 789//1118
f 794//1119 789//1119 793//1119
f 797//1120 793//1120 365//1120
f 797//1121 794//1121 793//1121
f 797//1122 365//1122 368//1122
f 797//1123 368//1123 370//1123
f 798//1124 799//1124 796//1124
f 798//1125 800//1125 799//1125
f 798//1126 796//1126 794//1126
f 798//1127 794//1127 797//1127
f 801//1128 797//1128 370//1128
f 801//1129 370//1129 371//1129
f 801//1130 371//1130 374//1130
f 802//1131 803//1131 800//1131
f 802//1132 797//1132 801//1132
f 802//1133 804//1133 803//1133
f 802//1134 798//1134 797//1134
f 802//1135 800//1135 798//1135
f 805//1136 801//1136 374//1136
f 805//1137 374//1137 375//1137
f 805//1138 375//1138 377//1138
f 806//1139 807//1139 804//1139
f 806//1140 808//1140 807//1140
f 806//1141 801//1141 805//1141
f 806//1142 802//1142 801//1142
f 806//1143 804//1143 802//1143
f 809//1144 806//1144 805//1144
f 809//1145 805//1145 377//1145
f 809//1146 377//1146 379//1146
f 809//1147 379//1147 382//1147
f 810//1148 811//1148 808//1148
f 810//1149 812//1149 811//1149
f 810//1150 806//1150 809//1150
f 810//1151 808//1151 806//1151
f 813//1152 809//1152 382//1152
f 813//1153 382//1153 383//1153
f 813//1154 383//1154 386//1154
f 814//1155 815//1155 812//1155
f 814//1156 816//1156 815//1156
f 814//1157 812//1157 810//1157
f 814//1158 809//1158 813//1158
f 814//1159 810//1159 809//1159
f 817//1160 813//1160 386//1160
f 817//1161 386//1161 388//1161
f 817//1162 388//1162 390//1162
f 818//1163 816//1163 814//1163
f 818//1164 819//1164 816//1164
f 818//1165 820//1165 819//1165
f 818//1166 813//1166 817//1166
f 818//1167 814//1167 813//1167
f 821//1168 818//1168 817//1168
f 821//1169 817//1169 390//1169
f 821//1170 390//1170 392//1170
f 821//1171 392//1171 394//1171
f 822//1172 823//1172 820//1172
f 822//1173 824//1173 823//1173
f 822//1174 818//1174 821//1174
f 822//1175 820//1175 818//1175
f 825//1176 821//1176 394//1176
f 825//1177 394//1177 396//1177
f 825//1178 396//1178 398//1178
f 826//1179 824//1179 822//1179
f 826//1180 827//1180 824//1180
f 826//1181 828//1181 827//1181
f 826//1182 822//1182 821//1182
f 826//1183 821//1183 825//1183
f 829//1184 398//1184 400//1184
f 829//1185 400//1185 401//1185
f 829//1186 825//1186 398//1186
f 830//1187 826//1187 825//1187
f 830//1188 831//1188 828//1188
f 830//1189 832//1189 831//1189
f 830//1190 828//1190 826//1190
f 830//1191 825//1191 829//1191
f 833//1192 401//1192 403//1192
f 833//1193 403//1193 406//1193
f 833//1194 829//1194 401//1194
f 834//1195 830//1195 829//1195
f 834//1196 835//1196 832//1196
f 834//1197 836//1197 835//1197
f 834//1198 832//1198 830//1198
f 834//1199 829//1199 833//1199
f 837//1200 406//1200 408//1200
f 837//1201 408//1201 409//1201
f 837//1202 833//1202 406//1202
f 838//1203 834//1203 833//1203
f 838//1204 836//1204 834//1204
f 838//1205 839//1205 836//1205
f 838//1206 840//1206 839//1206
f 838//1207 833//1207 837//1207
f 841//1208 409//1208 412//1208
f 841//1209 412//1209 413//1209
f 841//1210 838//1210 837//1210
f 841//1211 837//1211 409//1211
f 842//1212 840//1212 838//1212
f 842//1213 843//1213 840//1213
f 842//1214 844//1214 843//1214
f 842//1215 838//1215 841//1215
f 845//1216 413//1216 416//1216
f 845//1217 416//1217 418//1217
f 845//1218 841//1218 413//1218
f 846//1219 844//1219 842//1219
f 846//1220 841//1220 845//1220
f 846//1221 847//1221 844//1221
f 846//1222 848//1222 847//1222
f 846//1223 842//1223 841//1223
f 849//1224 418//1224 420//1224
f 849//1225 420//1225 422//1225
f 849//1226 845//1226 418//1226
f 850//1227 845//1227 849//1227
f 850//1228 846//1228 845//1228
f 850//1229 848//1229 846//1229
f 850//1230 851//1230 848//1230
f 850//1231 852//1231 851//1231
f 853//1232 422//1232 424//1232
f 853//1233 424//1233 426//1233
f 853//1234 849//1234 422//1234
f 854//1235 849//1235 853//1235
f 854//1236 850//1236 849//1236
f 854//1237 852//1237 850//1237
f 854//1238 855//1238 852//1238
f 854//1239 856//1239 855//1239
f 857//1240 853//1240 426//1240
f 857//1241 426//1241 427//1241
f 857//1242 427//1242 430//1242
f 857//1243 854//1243 853//1243
f 858//1244 854//1244 857//1244
f 858//1245 859//1245 856//1245
f 858//1246 856//1246 854//1246
f 858//1247 860//1247 859//1247
f 861//1248 857//1248 430//1248
f 861//1249 430//1249 432//1249
f 861//1250 432//1250 433//1250
f 862//1251 857//1251 861//1251
f 862//1252 863//1252 860//1252
f 862//1253 864//1253 863//1253
f 862//1254 858//1254 857//1254
f 862//1255 860//1255 858//1255
f 865//1256 433//1256 436//1256
f 865//1257 436//1257 437//1257
f 865//1258 861//1258 433//1258
f 866//1259 861//1259 865//1259
f 866//1260 867//1260 864//1260
f 866//1261 868//1261 867//1261
f 866//1262 862//1262 861//1262
f 866//1263 864//1263 862//1263
f 869//1264 437//1264 440//1264
f 869//1265 440//1265 441//1265
f 869//1266 865//1266 437//1266
f 870//1267 871//1267 868//1267
f 870//1268 872//1268 871//1268
f 870//1269 865//1269 869//1269
f 870//1270 866//1270 865//1270
f 870//1271 868//1271 866//1271
f 873//1272 441//1272 443//1272
f 873//1273 443//1273 446//1273
f 873//1274 869//1274 441//1274
f 874//1275 870//1275 869//1275
f 874//1276 875//1276 872//1276
f 874//1277 876//1277 875//1277
f 874//1278 872//1278 870//1278
f 874//1279 869//1279 873//1279
f 877//1280 446//1280 447//1280
f 877//1281 447//1281 450//1281
f 877//1282 873//1282 446//1282
f 877//1283 874//1283 873//1283
f 878//1284 879//1284 876//1284
f 878//1285 880//1285 879//1285
f 878//1286 876//1286 874//1286
f 878//1287 874//1287 877//1287
f 881//1288 450//1288 451//1288
f 881//1289 451//1289 454//1289
f 881//1290 877//1290 450//1290
f 882//1291 883//1291 880//1291
f 882//1292 884//1292 883//1292
f 882//1293 880//1293 878//1293
f 882//1294 878//1294 877//1294
f 882//1295 877//1295 881//1295
f 885//1296 458//1296 471//1296
f 885//1297 454//1297 456//1297
f 885//1298 456//1298 458//1298
f 885//1299 471//1299 481//1299
f 885//1300 881//1300 454//1300
f 886//1301 885//1301 481//1301
f 886//1302 887//1302 884//1302
f 886//1303 888//1303 887//1303
f 886//1304 884//1304 882//1304
f 886//1305 481//1305 888//1305
f 886//1306 882//1306 881//1306
f 886//1307 881//1307 885//1307
f 471//1308 458//1308 3//1308
f 480//1309 888//1309 481//1309
f 889//1310 4//1310 6//1310
f 889//1311 6//1311 8//1311
f 889//1312 471//1312 4//1312
f 890//1313 481//1313 471//1313
f 890//1314 891//1314 479//1314
f 890//1315 892//1315 891//1315
f 890//1316 471//1316 889//1316
f 890//1317 479//1317 481//1317
f 893//1318 8//1318 10//1318
f 893//1319 10//1319 12//1319
f 893//1320 889//1320 8//1320
f 894//1321 892//1321 890//1321
f 894//1322 890//1322 889//1322
f 894//1323 895//1323 892//1323
f 894//1324 896//1324 895//1324
f 894//1325 889//1325 893//1325
f 897//1326 12//1326 14//1326
f 897//1327 14//1327 16//1327
f 897//1328 893//1328 12//1328
f 898//1329 894//1329 893//1329
f 898//1330 893//1330 897//1330
f 898//1331 899//1331 896//1331
f 898//1332 900//1332 899//1332
f 898//1333 896//1333 894//1333
f 901//1334 16//1334 18//1334
f 901//1335 18//1335 20//1335
f 901//1336 897//1336 16//1336
f 902//1337 897//1337 901//1337
f 902//1338 903//1338 900//1338
f 902//1339 904//1339 903//1339
f 902//1340 898//1340 897//1340
f 902//1341 900//1341 898//1341
f 905//1342 20//1342 22//1342
f 905//1343 22//1343 24//1343
f 905//1344 902//1344 901//1344
f 905//1345 901//1345 20//1345
f 906//1346 907//1346 904//1346
f 906//1347 908//1347 907//1347
f 906//1348 904//1348 902//1348
f 906//1349 902//1349 905//1349
f 909//1350 905//1350 24//1350
f 909//1351 24//1351 26//1351
f 909//1352 26//1352 28//1352
f 910//1353 908//1353 906//1353
f 910//1354 906//1354 905//1354
f 910//1355 905//1355 909//1355
f 910//1356 911//1356 908//1356
f 910//1357 912//1357 911//1357
f 913//1358 28//1358 30//1358
f 913//1359 30//1359 32//1359
f 913//1360 909//1360 28//1360
f 913//1361 910//1361 909//1361
f 914//1362 912//1362 910//1362
f 914//1363 915//1363 912//1363
f 914//1364 910//1364 913//1364
f 914//1365 916//1365 915//1365
f 461//1366 32//1366 34//1366
f 461//1367 34//1367 36//1367
f 461//1368 913//1368 32//1368
f 461//1369 914//1369 913//1369
f 460//1370 914//1370 461//1370
f 460//1371 917//1371 916//1371
f 460//1372 463//1372 917//1372
f 460//1373 916//1373 914//1373
f 465//1374 461//1374 36//1374
f 465//1375 36//1375 38//1375
f 465//1376 38//1376 40//1376
f 287//1377 918//1377 289//1377
f 289//1378 918//1378 291//1378
f 287//1379 919//1379 918//1379
f 283//1380 919//1380 285//1380
f 285//1381 919//1381 287//1381
f 918//1382 920//1382 291//1382
f 291//1383 920//1383 293//1383
f 293//1384 920//1384 295//1384
f 280//1385 921//1385 281//1385
f 281//1386 921//1386 283//1386
f 283//1387 921//1387 919//1387
f 295//1388 922//1388 297//1388
f 297//1389 922//1389 299//1389
f 920//1390 922//1390 295//1390
f 280//1391 923//1391 921//1391
f 275//1392 923//1392 277//1392
f 277//1393 923//1393 280//1393
f 299//1394 924//1394 301//1394
f 301//1395 924//1395 303//1395
f 922//1396 924//1396 299//1396
f 271//1397 925//1397 273//1397
f 273//1398 925//1398 275//1398
f 275//1399 925//1399 923//1399
f 303//1400 926//1400 306//1400
f 306//1401 926//1401 307//1401
f 924//1402 926//1402 303//1402
f 271//1403 927//1403 925//1403
f 267//1404 927//1404 269//1404
f 269//1405 927//1405 271//1405
f 307//1406 928//1406 310//1406
f 310//1407 928//1407 311//1407
f 926//1408 928//1408 307//1408
f 263//1409 929//1409 265//1409
f 265//1410 929//1410 267//1410
f 267//1411 929//1411 927//1411
f 311//1412 930//1412 314//1412
f 314//1413 930//1413 315//1413
f 928//1414 930//1414 311//1414
f 259//1415 931//1415 261//1415
f 261//1416 931//1416 263//1416
f 263//1417 931//1417 929//1417
f 930//1418 932//1418 315//1418
f 315//1419 932//1419 317//1419
f 317//1420 932//1420 319//1420
f 255//1421 933//1421 258//1421
f 258//1422 933//1422 259//1422
f 259//1423 933//1423 931//1423
f 932//1424 934//1424 319//1424
f 319//1425 934//1425 322//1425
f 322//1426 934//1426 323//1426
f 252//1427 935//1427 253//1427
f 253//1428 935//1428 255//1428
f 255//1429 935//1429 933//1429
f 323//1430 936//1430 326//1430
f 326//1431 936//1431 327//1431
f 934//1432 936//1432 323//1432
f 247//1433 937//1433 249//1433
f 249//1434 937//1434 252//1434
f 252//1435 937//1435 935//1435
f 936//1436 938//1436 327//1436
f 327//1437 938//1437 329//1437
f 329//1438 938//1438 332//1438
f 244//1439 939//1439 245//1439
f 245//1440 939//1440 247//1440
f 247//1441 939//1441 937//1441
f 332//1442 940//1442 333//1442
f 333//1443 940//1443 335//1443
f 938//1444 940//1444 332//1444
f 244//1445 941//1445 939//1445
f 239//1446 941//1446 242//1446
f 242//1447 941//1447 244//1447
f 335//1448 942//1448 337//1448
f 337//1449 942//1449 340//1449
f 940//1450 942//1450 335//1450
f 236//1451 943//1451 237//1451
f 237//1452 943//1452 239//1452
f 239//1453 943//1453 941//1453
f 340//1454 944//1454 341//1454
f 341//1455 944//1455 343//1455
f 942//1456 944//1456 340//1456
f 229//1457 945//1457 231//1457
f 231//1458 945//1458 234//1458
f 234//1459 945//1459 236//1459
f 236//1460 945//1460 943//1460
f 944//1461 946//1461 343//1461
f 343//1462 946//1462 345//1462
f 345//1463 946//1463 347//1463
f 226//1464 947//1464 228//1464
f 228//1465 947//1465 229//1465
f 229//1466 947//1466 945//1466
f 347//1467 948//1467 349//1467
f 349//1468 948//1468 352//1468
f 946//1469 948//1469 347//1469
f 222//1470 949//1470 223//1470
f 223//1471 949//1471 226//1471
f 226//1472 949//1472 947//1472
f 948//1473 950//1473 352//1473
f 352//1474 950//1474 353//1474
f 353//1475 950//1475 355//1475
f 217//1476 951//1476 219//1476
f 222//1477 951//1477 949//1477
f 219//1478 951//1478 222//1478
f 950//1479 952//1479 355//1479
f 355//1480 952//1480 358//1480
f 358//1481 952//1481 359//1481
f 213//1482 953//1482 216//1482
f 216//1483 953//1483 217//1483
f 217//1484 953//1484 951//1484
f 952//1485 954//1485 359//1485
f 359//1486 954//1486 362//1486
f 362//1487 954//1487 363//1487
f 209//1488 955//1488 211//1488
f 211//1489 955//1489 213//1489
f 213//1490 955//1490 953//1490
f 954//1491 956//1491 363//1491
f 363//1492 956//1492 366//1492
f 366//1493 956//1493 367//1493
f 205//1494 957//1494 208//1494
f 208//1495 957//1495 209//1495
f 209//1496 957//1496 955//1496
f 367//1497 958//1497 369//1497
f 956//1498 958//1498 367//1498
f 369//1499 958//1499 372//1499
f 202//1500 959//1500 203//1500
f 203//1501 959//1501 205//1501
f 205//1502 959//1502 957//1502
f 958//1503 960//1503 372//1503
f 372//1504 960//1504 373//1504
f 373//1505 960//1505 376//1505
f 202//1506 961//1506 959//1506
f 198//1507 961//1507 200//1507
f 200//1508 961//1508 202//1508
f 960//1509 962//1509 376//1509
f 376//1510 962//1510 378//1510
f 378//1511 962//1511 380//1511
f 198//1512 963//1512 961//1512
f 193//1513 963//1513 195//1513
f 195//1514 963//1514 198//1514
f 962//1515 964//1515 380//1515
f 380//1516 964//1516 381//1516
f 381//1517 964//1517 384//1517
f 384//1518 964//1518 385//1518
f 193//1519 965//1519 963//1519
f 189//1520 965//1520 192//1520
f 192//1521 965//1521 193//1521
f 964//1522 966//1522 385//1522
f 385//1523 966//1523 387//1523
f 387//1524 966//1524 389//1524
f 189//1525 967//1525 965//1525
f 185//1526 967//1526 188//1526
f 188//1527 967//1527 189//1527
f 966//1528 968//1528 389//1528
f 389//1529 968//1529 391//1529
f 391//1530 968//1530 393//1530
f 185//1531 969//1531 967//1531
f 181//1532 969//1532 183//1532
f 183//1533 969//1533 185//1533
f 968//1534 970//1534 393//1534
f 393//1535 970//1535 395//1535
f 970//1536 397//1536 395//1536
f 181//1537 971//1537 969//1537
f 179//1538 971//1538 181//1538
f 179//1539 178//1539 971//1539
f 970//1540 972//1540 397//1540
f 397//1541 972//1541 399//1541
f 178//1542 973//1542 971//1542
f 176//1543 973//1543 178//1543
f 972//1544 402//1544 399//1544
f 176//1545 173//1545 973//1545
f 972//1546 974//1546 402//1546
f 173//1547 975//1547 973//1547
f 974//1548 404//1548 402//1548
f 173//1549 171//1549 975//1549
f 976//1550 405//1550 974//1550
f 974//1551 405//1551 404//1551
f 171//1552 169//1552 975//1552
f 169//1553 977//1553 975//1553
f 976//1554 407//1554 405//1554
f 169//1555 167//1555 977//1555
f 976//1556 410//1556 407//1556
f 978//1557 410//1557 976//1557
f 167//1558 165//1558 977//1558
f 977//1559 165//1559 979//1559
f 978//1560 411//1560 410//1560
f 165//1561 164//1561 979//1561
f 978//1562 414//1562 411//1562
f 980//1563 414//1563 978//1563
f 164//1564 161//1564 979//1564
f 979//1565 161//1565 981//1565
f 980//1566 415//1566 414//1566
f 161//1567 160//1567 981//1567
f 980//1568 417//1568 415//1568
f 982//1569 417//1569 980//1569
f 160//1570 157//1570 981//1570
f 981//1571 157//1571 983//1571
f 982//1572 419//1572 417//1572
f 157//1573 155//1573 983//1573
f 984//1574 421//1574 982//1574
f 982//1575 421//1575 419//1575
f 155//1576 154//1576 983//1576
f 983//1577 154//1577 985//1577
f 984//1578 423//1578 421//1578
f 154//1579 151//1579 985//1579
f 986//1580 425//1580 984//1580
f 984//1581 425//1581 423//1581
f 151//1582 149//1582 985//1582
f 985//1583 149//1583 987//1583
f 986//1584 428//1584 425//1584
f 149//1585 147//1585 987//1585
f 988//1586 429//1586 986//1586
f 986//1587 429//1587 428//1587
f 987//1588 145//1588 989//1588
f 147//1589 145//1589 987//1589
f 988//1590 431//1590 429//1590
f 145//1591 143//1591 989//1591
f 990//1592 434//1592 988//1592
f 988//1593 434//1593 431//1593
f 989//1594 141//1594 991//1594
f 143//1595 141//1595 989//1595
f 990//1596 435//1596 434//1596
f 141//1597 139//1597 991//1597
f 992//1598 438//1598 990//1598
f 990//1599 438//1599 435//1599
f 139//1600 137//1600 991//1600
f 991//1601 137//1601 993//1601
f 992//1602 439//1602 438//1602
f 137//1603 136//1603 993//1603
f 994//1604 442//1604 992//1604
f 992//1605 442//1605 439//1605
f 993//1606 133//1606 995//1606
f 136//1607 133//1607 993//1607
f 994//1608 444//1608 442//1608
f 133//1609 131//1609 995//1609
f 994//1610 445//1610 444//1610
f 996//1611 445//1611 994//1611
f 131//1612 130//1612 995//1612
f 995//1613 130//1613 997//1613
f 996//1614 448//1614 445//1614
f 130//1615 127//1615 997//1615
f 996//1616 449//1616 448//1616
f 998//1617 449//1617 996//1617
f 127//1618 125//1618 997//1618
f 997//1619 125//1619 999//1619
f 998//1620 452//1620 449//1620
f 125//1621 123//1621 999//1621
f 1000//1622 453//1622 998//1622
f 998//1623 453//1623 452//1623
f 123//1624 122//1624 999//1624
f 999//1625 122//1625 1001//1625
f 1000//1626 455//1626 453//1626
f 122//1627 119//1627 1001//1627
f 1002//1628 457//1628 1000//1628
f 1000//1629 457//1629 455//1629
f 1001//1630 117//1630 1003//1630
f 119//1631 117//1631 1001//1631
f 1002//1632 1//1632 457//1632
f 117//1633 116//1633 1003//1633
f 1004//1634 2//1634 1002//1634
f 1002//1635 2//1635 1//1635
f 116//1636 113//1636 1003//1636
f 1003//1637 113//1637 1005//1637
f 1004//1638 5//1638 2//1638
f 113//1639 111//1639 1005//1639
f 1006//1640 7//1640 1004//1640
f 1004//1641 7//1641 5//1641
f 1005//1642 109//1642 1007//1642
f 111//1643 109//1643 1005//1643
f 1006//1644 9//1644 7//1644
f 109//1645 107//1645 1007//1645
f 1006//1646 11//1646 9//1646
f 1008//1647 11//1647 1006//1647
f 107//1648 105//1648 1007//1648
f 1007//1649 105//1649 1009//1649
f 1008//1650 13//1650 11//1650
f 105//1651 103//1651 1009//1651
f 1008//1652 15//1652 13//1652
f 1010//1653 15//1653 1008//1653
f 1009//1654 101//1654 1011//1654
f 103//1655 101//1655 1009//1655
f 1010//1656 17//1656 15//1656
f 101//1657 99//1657 1011//1657
f 1012//1658 19//1658 1010//1658
f 1010//1659 19//1659 17//1659
f 1011//1660 98//1660 1013//1660
f 99//1661 98//1661 1011//1661
f 1012//1662 21//1662 19//1662
f 98//1663 95//1663 1013//1663
f 1012//1664 23//1664 21//1664
f 1014//1665 23//1665 1012//1665
f 95//1666 93//1666 1013//1666
f 1013//1667 93//1667 1015//1667
f 1014//1668 25//1668 23//1668
f 93//1669 91//1669 1015//1669
f 1016//1670 27//1670 1014//1670
f 1014//1671 27//1671 25//1671
f 1015//1672 89//1672 1017//1672
f 91//1673 89//1673 1015//1673
f 1016//1674 29//1674 27//1674
f 89//1675 87//1675 1017//1675
f 1018//1676 31//1676 1016//1676
f 1016//1677 31//1677 29//1677
f 1017//1678 85//1678 1019//1678
f 87//1679 85//1679 1017//1679
f 1018//1680 33//1680 31//1680
f 85//1681 83//1681 1019//1681
f 1020//1682 35//1682 1018//1682
f 1018//1683 35//1683 33//1683
f 1019//1684 81//1684 1021//1684
f 83//1685 81//1685 1019//1685
f 1020//1686 37//1686 35//1686
f 81//1687 79//1687 1021//1687
f 1022//1688 39//1688 1020//1688
f 1020//1689 39//1689 37//1689
f 79//1690 77//1690 1021//1690
f 1022//1691 41//1691 39//1691
f 1021//1692 75//1692 1023//1692
f 77//1693 75//1693 1021//1693
f 1024//1694 43//1694 1022//1694
f 1022//1695 43//1695 41//1695
f 75//1696 73//1696 1023//1696
f 1024//1697 45//1697 43//1697
f 1023//1698 71//1698 1025//1698
f 73//1699 71//1699 1023//1699
f 1026//1700 47//1700 1024//1700
f 1024//1701 47//1701 45//1701
f 71//1702 69//1702 1025//1702
f 1026//1703 50//1703 47//1703
f 1025//1704 67//1704 1027//1704
f 69//1705 67//1705 1025//1705
f 1026//1706 51//1706 50//1706
f 1028//1707 51//1707 1026//1707
f 67//1708 65//1708 1027//1708
f 1028//1709 53//1709 51//1709
f 65//1710 63//1710 1027//1710
f 1027//1711 63//1711 1029//1711
f 1030//1712 55//1712 1028//1712
f 1028//1713 55//1713 53//1713
f 63//1714 61//1714 1029//1714
f 1030//1715 57//1715 55//1715
f 61//1716 59//1716 1029//1716
f 1030//1717 59//1717 57//1717
f 1029//1718 59//1718 1030//1718
f 1031//1719 719//1719 720//1719
f 1031//1720 1032//1720 719//1720
f 1033//1721 715//1721 716//1721
f 1033//1722 716//1722 719//1722
f 1033//1723 719//1723 1032//1723
f 1034//1724 720//1724 723//1724
f 1034//1725 1031//1725 720//1725
f 1035//1726 715//1726 1033//1726
f 1036//1727 723//1727 724//1727
f 1036//1728 1034//1728 723//1728
f 1037//1729 711//1729 712//1729
f 1037//1730 712//1730 715//1730
f 1037//1731 715//1731 1035//1731
f 1038//1732 724//1732 727//1732
f 1038//1733 1036//1733 724//1733
f 1039//1734 711//1734 1037//1734
f 1040//1735 1038//1735 727//1735
f 1040//1736 727//1736 728//1736
f 1041//1737 707//1737 708//1737
f 1041//1738 708//1738 711//1738
f 1041//1739 711//1739 1039//1739
f 1042//1740 728//1740 731//1740
f 1042//1741 1040//1741 728//1741
f 1043//1742 707//1742 1041//1742
f 1043//1743 704//1743 707//1743
f 1044//1744 1042//1744 731//1744
f 1044//1745 731//1745 732//1745
f 1045//1746 703//1746 704//1746
f 1045//1747 704//1747 1043//1747
f 1046//1748 732//1748 735//1748
f 1046//1749 1044//1749 732//1749
f 1047//1750 703//1750 1045//1750
f 1048//1751 735//1751 736//1751
f 1048//1752 1046//1752 735//1752
f 1049//1753 703//1753 1047//1753
f 1049//1754 700//1754 703//1754
f 1050//1755 736//1755 739//1755
f 1050//1756 1048//1756 736//1756
f 1051//1757 696//1757 699//1757
f 1051//1758 699//1758 700//1758
f 1051//1759 700//1759 1049//1759
f 1052//1760 1050//1760 739//1760
f 1052//1761 739//1761 740//1761
f 1053//1762 696//1762 1051//1762
f 1054//1763 740//1763 743//1763
f 1054//1764 1052//1764 740//1764
f 1055//1765 695//1765 696//1765
f 1055//1766 696//1766 1053//1766
f 1056//1767 1054//1767 743//1767
f 1056//1768 743//1768 744//1768
f 1057//1769 692//1769 695//1769
f 1057//1770 695//1770 1055//1770
f 1058//1771 744//1771 747//1771
f 1058//1772 1056//1772 744//1772
f 1059//1773 692//1773 1057//1773
f 1059//1774 688//1774 691//1774
f 1059//1775 691//1775 692//1775
f 1060//1776 1058//1776 747//1776
f 1060//1777 747//1777 748//1777
f 1061//1778 687//1778 688//1778
f 1061//1779 688//1779 1059//1779
f 1062//1780 748//1780 751//1780
f 1062//1781 1060//1781 748//1781
f 1063//1782 687//1782 1061//1782
f 1064//1783 1062//1783 751//1783
f 1064//1784 751//1784 752//1784
f 1065//1785 684//1785 687//1785
f 1065//1786 687//1786 1063//1786
f 1066//1787 752//1787 755//1787
f 1066//1788 1064//1788 752//1788
f 1067//1789 683//1789 684//1789
f 1067//1790 684//1790 1065//1790
f 1068//1791 1066//1791 755//1791
f 1068//1792 755//1792 756//1792
f 1069//1793 680//1793 683//1793
f 1069//1794 683//1794 1067//1794
f 1070//1795 756//1795 759//1795
f 1070//1796 1068//1796 756//1796
f 1071//1797 680//1797 1069//1797
f 1071//1798 676//1798 679//1798
f 1071//1799 679//1799 680//1799
f 1072//1800 1070//1800 759//1800
f 1072//1801 759//1801 760//1801
f 1073//1802 675//1802 676//1802
f 1073//1803 676//1803 1071//1803
f 1074//1804 1072//1804 760//1804
f 1074//1805 760//1805 763//1805
f 1075//1806 675//1806 1073//1806
f 1076//1807 1074//1807 763//1807
f 1076//1808 763//1808 764//1808
f 1077//1809 671//1809 672//1809
f 1077//1810 672//1810 675//1810
f 1077//1811 675//1811 1075//1811
f 1078//1812 1076//1812 764//1812
f 1078//1813 764//1813 767//1813
f 1079//1814 671//1814 1077//1814
f 1080//1815 1078//1815 767//1815
f 1080//1816 767//1816 768//1816
f 1081//1817 668//1817 671//1817
f 1081//1818 671//1818 1079//1818
f 1082//1819 768//1819 771//1819
f 1082//1820 1080//1820 768//1820
f 1083//1821 664//1821 667//1821
f 1083//1822 667//1822 668//1822
f 1083//1823 668//1823 1081//1823
f 1084//1824 1082//1824 771//1824
f 1084//1825 771//1825 772//1825
f 1085//1826 664//1826 1083//1826
f 1086//1827 772//1827 775//1827
f 1086//1828 1084//1828 772//1828
f 1087//1829 663//1829 664//1829
f 1087//1830 664//1830 1085//1830
f 1088//1831 1086//1831 775//1831
f 1088//1832 775//1832 776//1832
f 1089//1833 657//1833 660//1833
f 1089//1834 660//1834 663//1834
f 1089//1835 663//1835 1087//1835
f 1090//1836 1088//1836 776//1836
f 1090//1837 776//1837 779//1837
f 1091//1838 657//1838 1089//1838
f 1092//1839 779//1839 780//1839
f 1092//1840 1090//1840 779//1840
f 1093//1841 657//1841 1091//1841
f 1093//1842 653//1842 656//1842
f 1093//1843 656//1843 657//1843
f 1094//1844 1092//1844 780//1844
f 1094//1845 780//1845 783//1845
f 1095//1846 653//1846 1093//1846
f 1096//1847 1094//1847 783//1847
f 1096//1848 783//1848 784//1848
f 1097//1849 649//1849 652//1849
f 1097//1850 652//1850 653//1850
f 1097//1851 653//1851 1095//1851
f 1098//1852 784//1852 787//1852
f 1098//1853 1096//1853 784//1853
f 1099//1854 649//1854 1097//1854
f 1100//1855 787//1855 788//1855
f 1100//1856 1098//1856 787//1856
f 1101//1857 648//1857 649//1857
f 1101//1858 649//1858 1099//1858
f 1102//1859 788//1859 791//1859
f 1102//1860 1100//1860 788//1860
f 1103//1861 645//1861 648//1861
f 1103//1862 648//1862 1101//1862
f 1104//1863 1102//1863 791//1863
f 1104//1864 791//1864 792//1864
f 1105//1865 645//1865 1103//1865
f 1105//1866 644//1866 645//1866
f 1106//1867 1104//1867 792//1867
f 1106//1868 792//1868 795//1868
f 1107//1869 641//1869 644//1869
f 1107//1870 644//1870 1105//1870
f 1108//1871 1106//1871 795//1871
f 1108//1872 795//1872 796//1872
f 1109//1873 637//1873 640//1873
f 1109//1874 640//1874 641//1874
f 1109//1875 641//1875 1107//1875
f 1110//1876 796//1876 799//1876
f 1110//1877 1108//1877 796//1877
f 1111//1878 637//1878 1109//1878
f 1112//1879 1110//1879 799//1879
f 1112//1880 799//1880 800//1880
f 1113//1881 633//1881 636//1881
f 1113//1882 636//1882 637//1882
f 1113//1883 637//1883 1111//1883
f 1114//1884 800//1884 803//1884
f 1114//1885 1112//1885 800//1885
f 1115//1886 633//1886 1113//1886
f 1116//1887 1114//1887 803//1887
f 1116//1888 803//1888 804//1888
f 1117//1889 632//1889 633//1889
f 1117//1890 633//1890 1115//1890
f 1118//1891 1116//1891 804//1891
f 1118//1892 804//1892 807//1892
f 1119//1893 632//1893 1117//1893
f 1119//1894 629//1894 632//1894
f 1120//1895 1118//1895 807//1895
f 1120//1896 807//1896 808//1896
f 1121//1897 629//1897 1119//1897
f 1121//1898 625//1898 628//1898
f 1121//1899 628//1899 629//1899
f 1122//1900 1120//1900 808//1900
f 1122//1901 808//1901 811//1901
f 1123//1902 625//1902 1121//1902
f 1124//1903 1122//1903 811//1903
f 1124//1904 811//1904 812//1904
f 1125//1905 625//1905 1123//1905
f 1125//1906 624//1906 625//1906
f 1126//1907 1124//1907 812//1907
f 1126//1908 812//1908 815//1908
f 1127//1909 624//1909 1125//1909
f 1127//1910 621//1910 624//1910
f 1128//1911 1126//1911 815//1911
f 1128//1912 815//1912 816//1912
f 1129//1913 621//1913 1127//1913
f 1129//1914 620//1914 621//1914
f 1130//1915 1128//1915 816//1915
f 1130//1916 816//1916 819//1916
f 1131//1917 620//1917 1129//1917
f 1131//1918 617//1918 620//1918
f 1132//1919 1130//1919 819//1919
f 1132//1920 819//1920 820//1920
f 1133//1921 617//1921 1131//1921
f 1133//1922 616//1922 617//1922
f 1134//1923 1132//1923 820//1923
f 1134//1924 820//1924 823//1924
f 1135//1925 616//1925 1133//1925
f 1135//1926 613//1926 616//1926
f 1136//1927 1134//1927 823//1927
f 1136//1928 823//1928 824//1928
f 1137//1929 613//1929 1135//1929
f 1137//1930 612//1930 613//1930
f 1138//1931 1136//1931 824//1931
f 1138//1932 824//1932 827//1932
f 1139//1933 608//1933 609//1933
f 1139//1934 609//1934 612//1934
f 1139//1935 612//1935 1137//1935
f 1140//1936 1138//1936 827//1936
f 1140//1937 827//1937 828//1937
f 1141//1938 608//1938 1139//1938
f 1142//1939 1140//1939 828//1939
f 1142//1940 828//1940 831//1940
f 1143//1941 608//1941 1141//1941
f 1143//1942 605//1942 608//1942
f 1144//1943 1142//1943 831//1943
f 1144//1944 831//1944 832//1944
f 1145//1945 605//1945 1143//1945
f 1145//1946 604//1946 605//1946
f 1146//1947 1144//1947 832//1947
f 835//1948 1146//1948 832//1948
f 835//1949 1147//1949 1146//1949
f 601//1950 604//1950 1145//1950
f 601//1951 1145//1951 1148//1951
f 836//1952 1147//1952 835//1952
f 836//1953 1149//1953 1147//1953
f 600//1954 601//1954 1148//1954
f 600//1955 1148//1955 1150//1955
f 839//1956 1149//1956 836//1956
f 597//1957 600//1957 1150//1957
f 597//1958 1150//1958 1151//1958
f 597//1959 1151//1959 1152//1959
f 840//1960 1149//1960 839//1960
f 840//1961 1153//1961 1149//1961
f 596//1962 597//1962 1152//1962
f 843//1963 1154//1963 1155//1963
f 843//1964 1155//1964 1153//1964
f 843//1965 1153//1965 840//1965
f 593//1966 1152//1966 1156//1966
f 593//1967 1156//1967 1157//1967
f 593//1968 596//1968 1152//1968
f 844//1969 1154//1969 843//1969
f 844//1970 1158//1970 1154//1970
f 592//1971 593//1971 1157//1971
f 847//1972 1158//1972 844//1972
f 847//1973 1159//1973 1158//1973
f 589//1974 592//1974 1157//1974
f 589//1975 1157//1975 1160//1975
f 589//1976 1160//1976 1161//1976
f 848//1977 1159//1977 847//1977
f 588//1978 589//1978 1161//1978
f 851//1979 1162//1979 1159//1979
f 851//1980 1159//1980 848//1980
f 585//1981 588//1981 1161//1981
f 585//1982 1161//1982 1163//1982
f 852//1983 1164//1983 1162//1983
f 852//1984 1162//1984 851//1984
f 584//1985 585//1985 1163//1985
f 584//1986 1163//1986 1165//1986
f 855//1987 1166//1987 1164//1987
f 855//1988 1164//1988 852//1988
f 581//1989 584//1989 1165//1989
f 581//1990 1165//1990 1167//1990
f 581//1991 1167//1991 1168//1991
f 856//1992 1169//1992 1166//1992
f 856//1993 1166//1993 855//1993
f 580//1994 581//1994 1168//1994
f 859//1995 1170//1995 1169//1995
f 859//1996 1169//1996 856//1996
f 577//1997 1168//1997 1171//1997
f 577//1998 580//1998 1168//1998
f 577//1999 1171//1999 1172//1999
f 860//2000 1170//2000 859//2000
f 860//2001 1173//2001 1170//2001
f 576//2002 577//2002 1172//2002
f 863//2003 1174//2003 1173//2003
f 863//2004 1173//2004 860//2004
f 573//2005 1172//2005 1175//2005
f 573//2006 576//2006 1172//2006
f 864//2007 1174//2007 863//2007
f 864//2008 1176//2008 1174//2008
f 572//2009 573//2009 1175//2009
f 572//2010 1175//2010 1177//2010
f 572//2011 1177//2011 1178//2011
f 867//2012 1176//2012 864//2012
f 867//2013 1179//2013 1180//2013
f 867//2014 1180//2014 1176//2014
f 569//2015 572//2015 1178//2015
f 868//2016 1179//2016 867//2016
f 568//2017 569//2017 1178//2017
f 568//2018 1178//2018 1181//2018
f 568//2019 1181//2019 1182//2019
f 871//2020 1183//2020 1184//2020
f 871//2021 1184//2021 1179//2021
f 871//2022 1179//2022 868//2022
f 565//2023 568//2023 1182//2023
f 872//2024 1183//2024 871//2024
f 872//2025 1185//2025 1183//2025
f 564//2026 565//2026 1182//2026
f 564//2027 1182//2027 1186//2027
f 875//2028 1185//2028 872//2028
f 561//2029 564//2029 1186//2029
f 561//2030 1186//2030 1187//2030
f 561//2031 1187//2031 1188//2031
f 876//2032 1185//2032 875//2032
f 876//2033 1189//2033 1190//2033
f 876//2034 1190//2034 1185//2034
f 560//2035 561//2035 1188//2035
f 879//2036 1191//2036 1189//2036
f 879//2037 1189//2037 876//2037
f 557//2038 560//2038 1188//2038
f 557//2039 1188//2039 1192//2039
f 880//2040 1191//2040 879//2040
f 556//2041 557//2041 1192//2041
f 556//2042 1192//2042 1193//2042
f 556//2043 1193//2043 1194//2043
f 883//2044 1195//2044 1196//2044
f 883//2045 1196//2045 1191//2045
f 883//2046 1191//2046 880//2046
f 553//2047 556//2047 1194//2047
f 553//2048 1194//2048 1197//2048
f 884//2049 1195//2049 883//2049
f 552//2050 553//2050 1197//2050
f 887//2051 1198//2051 1199//2051
f 887//2052 1199//2052 1195//2052
f 887//2053 1195//2053 884//2053
f 549//2054 552//2054 1197//2054
f 549//2055 1197//2055 1200//2055
f 549//2056 1200//2056 1201//2056
f 888//2057 1198//2057 887//2057
f 548//2058 549//2058 1201//2058
f 480//2059 1202//2059 1198//2059
f 480//2060 1198//2060 888//2060
f 545//2061 548//2061 1201//2061
f 545//2062 1201//2062 1203//2062
f 479//2063 1202//2063 480//2063
f 479//2064 1204//2064 1205//2064
f 479//2065 1205//2065 1202//2065
f 544//2066 545//2066 1203//2066
f 544//2067 1203//2067 1206//2067
f 891//2068 1204//2068 479//2068
f 891//2069 1207//2069 1204//2069
f 541//2070 544//2070 1206//2070
f 541//2071 1206//2071 1208//2071
f 892//2072 1207//2072 891//2072
f 540//2073 1208//2073 1209//2073
f 540//2074 1209//2074 1210//2074
f 540//2075 541//2075 1208//2075
f 895//2076 1207//2076 892//2076
f 895//2077 1211//2077 1212//2077
f 895//2078 1212//2078 1207//2078
f 537//2079 1210//2079 1213//2079
f 537//2080 540//2080 1210//2080
f 896//2081 1211//2081 895//2081
f 536//2082 1213//2082 1214//2082
f 536//2083 537//2083 1213//2083
f 899//2084 1215//2084 1216//2084
f 899//2085 1216//2085 1211//2085
f 899//2086 1211//2086 896//2086
f 533//2087 536//2087 1214//2087
f 900//2088 1215//2088 899//2088
f 532//2089 1214//2089 1217//2089
f 532//2090 1217//2090 1218//2090
f 532//2091 533//2091 1214//2091
f 903//2092 1215//2092 900//2092
f 903//2093 1219//2093 1215//2093
f 529//2094 532//2094 1218//2094
f 904//2095 1219//2095 903//2095
f 904//2096 1220//2096 1219//2096
f 528//2097 1218//2097 1221//2097
f 528//2098 529//2098 1218//2098
f 907//2099 1220//2099 904//2099
f 907//2100 1222//2100 1220//2100
f 525//2101 1221//2101 1223//2101
f 525//2102 528//2102 1221//2102
f 908//2103 1222//2103 907//2103
f 908//2104 1224//2104 1222//2104
f 524//2105 1223//2105 1225//2105
f 524//2106 525//2106 1223//2106
f 911//2107 1224//2107 908//2107
f 911//2108 1226//2108 1224//2108
f 521//2109 1225//2109 1227//2109
f 521//2110 524//2110 1225//2110
f 912//2111 1228//2111 1229//2111
f 912//2112 1229//2112 1226//2112
f 912//2113 1226//2113 911//2113
f 520//2114 1227//2114 1230//2114
f 520//2115 521//2115 1227//2115
f 915//2116 1231//2116 1228//2116
f 915//2117 1228//2117 912//2117
f 517//2118 520//2118 1230//2118
f 517//2119 1230//2119 1232//2119
f 517//2120 1232//2120 1233//2120
f 916//2121 1231//2121 915//2121
f 516//2122 517//2122 1233//2122
f 516//2123 1233//2123 1234//2123
f 917//2124 1231//2124 916//2124
f 917//2125 1235//2125 1231//2125
f 513//2126 516//2126 1234//2126
f 463//2127 1235//2127 917//2127
f 463//2128 1236//2128 1235//2128
f 512//2129 1234//2129 1237//2129
f 512//2130 1237//2130 1238//2130
f 512//2131 513//2131 1234//2131
f 462//2132 1236//2132 463//2132
f 462//2133 1239//2133 1240//2133
f 462//2134 1240//2134 1236//2134
f 509//2135 512//2135 1238//2135
f 464//2136 1239//2136 462//2136
f 508//2137 1238//2137 1241//2137
f 508//2138 509//2138 1238//2138
f 508//2139 1241//2139 1242//2139
f 468//2140 1239//2140 464//2140
f 468//2141 1243//2141 1244//2141
f 468//2142 1244//2142 1239//2142
f 505//2143 508//2143 1242//2143
f 469//2144 1243//2144 468//2144
f 504//2145 1242//2145 1245//2145
f 504//2146 505//2146 1242//2146
f 473//2147 1246//2147 1247//2147
f 473//2148 1247//2148 1243//2148
f 473//2149 1243//2149 469//2149
f 501//2150 1245//2150 1248//2150
f 501//2151 1248//2151 1249//2151
f 501//2152 504//2152 1245//2152
f 474//2153 1246//2153 473//2153
f 500//2154 501//2154 1249//2154
f 477//2155 1250//2155 1246//2155
f 477//2156 1246//2156 474//2156
f 497//2157 1249//2157 1251//2157
f 497//2158 500//2158 1249//2158
f 478//2159 1252//2159 1250//2159
f 478//2160 1250//2160 477//2160
f 496//2161 1251//2161 1253//2161
f 496//2162 497//2162 1251//2162
f 484//2163 1254//2163 1255//2163
f 484//2164 1255//2164 1252//2164
f 484//2165 1252//2165 478//2165
f 493//2166 1253//2166 1256//2166
f 493//2167 496//2167 1253//2167
f 485//2168 1254//2168 484//2168
f 492//2169 493//2169 1256//2169
f 492//2170 1256//2170 1257//2170
f 492//2171 1257//2171 1258//2171
f 488//2172 1258//2172 1259//2172
f 488//2173 1259//2173 1254//2173
f 488//2174 1254//2174 485//2174
f 489//2175 1258//2175 488//2175
f 489//2176 492//2176 1258//2176
f 1260//2177 1261//2177 1002//2177
f 1002//2178 1261//2178 1004//2178
f 1261//2179 1262//2179 1004//2179
f 1004//2180 1263//2180 1006//2180
f 1262//2181 1263//2181 1004//2181
f 1263//2182 1008//2182 1006//2182
f 1264//2183 1265//2183 1263//2183
f 1263//2184 1265//2184 1008//2184
f 1008//2185 1266//2185 1010//2185
f 1265//2186 1266//2186 1008//2186
f 1010//2187 1267//2187 1012//2187
f 1266//2188 1267//2188 1010//2188
f 1012//2189 1268//2189 1014//2189
f 1267//2190 1268//2190 1012//2190
f 1014//2191 1269//2191 1016//2191
f 1268//2192 1269//2192 1014//2192
f 1016//2193 1270//2193 1018//2193
f 1269//2194 1270//2194 1016//2194
f 1018//2195 1271//2195 1020//2195
f 1270//2196 1271//2196 1018//2196
f 1020//2197 1272//2197 1022//2197
f 1271//2198 1272//2198 1020//2198
f 1022//2199 1273//2199 1024//2199
f 1272//2200 1273//2200 1022//2200
f 1024//2201 1274//2201 1026//2201
f 1273//2202 1274//2202 1024//2202
f 1274//2203 1275//2203 1026//2203
f 1026//2204 1275//2204 1028//2204
f 1275//2205 1276//2205 1028//2205
f 1028//2206 1276//2206 1030//2206
f 1276//2207 1277//2207 1030//2207
f 1030//2208 1277//2208 1029//2208
f 1277//2209 1278//2209 1029//2209
f 1029//2210 1278//2210 1027//2210
f 1278//2211 1279//2211 1027//2211
f 1027//2212 1279//2212 1025//2212
f 1025//2213 1280//2213 1023//2213
f 1279//2214 1280//2214 1025//2214
f 1280//2215 1281//2215 1023//2215
f 1023//2216 1282//2216 1021//2216
f 1281//2217 1282//2217 1023//2217
f 1021//2218 1283//2218 1019//2218
f 1282//2219 1283//2219 1021//2219
f 1019//2220 1284//2220 1017//2220
f 1283//2221 1284//2221 1019//2221
f 1017//2222 1285//2222 1015//2222
f 1284//2223 1285//2223 1017//2223
f 1015//2224 1286//2224 1013//2224
f 1285//2225 1286//2225 1015//2225
f 1013//2226 1287//2226 1011//2226
f 1286//2227 1287//2227 1013//2227
f 1011//2228 1288//2228 1009//2228
f 1287//2229 1288//2229 1011//2229
f 1009//2230 1289//2230 1007//2230
f 1288//2231 1289//2231 1009//2231
f 1007//2232 1290//2232 1005//2232
f 1289//2233 1290//2233 1007//2233
f 1005//2234 1291//2234 1003//2234
f 1290//2235 1291//2235 1005//2235
f 1289//2236 1292//2236 1290//2236
f 1003//2237 1293//2237 1001//2237
f 1291//2238 1293//2238 1003//2238
f 1293//2239 1294//2239 1001//2239
f 1001//2240 1295//2240 999//2240
f 1294//2241 1295//2241 1001//2241
f 1295//2242 997//2242 999//2242
f 1296//2243 1297//2243 1295//2243
f 1295//2244 1297//2244 997//2244
f 997//2245 1298//2245 995//2245
f 1297//2246 1298//2246 997//2246
f 995//2247 1299//2247 993//2247
f 1298//2248 1299//2248 995//2248
f 993//2249 1300//2249 991//2249
f 1299//2250 1300//2250 993//2250
f 991//2251 1301//2251 989//2251
f 1300//2252 1301//2252 991//2252
f 1301//2253 1302//2253 989//2253
f 989//2254 1302//2254 987//2254
f 1302//2255 1303//2255 987//2255
f 987//2256 1303//2256 985//2256
f 1303//2257 1304//2257 985//2257
f 985//2258 1304//2258 983//2258
f 1304//2259 1305//2259 983//2259
f 983//2260 1305//2260 981//2260
f 1305//2261 1306//2261 981//2261
f 981//2262 1306//2262 979//2262
f 1306//2263 1307//2263 979//2263
f 979//2264 1307//2264 977//2264
f 1307//2265 1308//2265 977//2265
f 977//2266 1308//2266 975//2266
f 1308//2267 1309//2267 975//2267
f 975//2268 1309//2268 973//2268
f 1309//2269 1310//2269 973//2269
f 973//2270 1310//2270 971//2270
f 1310//2271 1311//2271 971//2271
f 971//2272 1311//2272 969//2272
f 1311//2273 1312//2273 969//2273
f 969//2274 1312//2274 967//2274
f 1312//2275 1313//2275 967//2275
f 967//2276 1313//2276 965//2276
f 1313//2277 1314//2277 965//2277
f 965//2278 1314//2278 963//2278
f 963//2279 1315//2279 961//2279
f 1314//2280 1315//2280 963//2280
f 961//2281 1316//2281 959//2281
f 1315//2282 1316//2282 961//2282
f 959//2283 1317//2283 957//2283
f 1316//2284 1317//2284 959//2284
f 957//2285 1318//2285 955//2285
f 1317//2286 1318//2286 957//2286
f 955//2287 1319//2287 953//2287
f 1318//2288 1319//2288 955//2288
f 953//2289 1320//2289 951//2289
f 1319//2290 1320//2290 953//2290
f 1320//2291 1321//2291 951//2291
f 951//2292 1322//2292 949//2292
f 1321//2293 1322//2293 951//2293
f 949//2294 1323//2294 947//2294
f 1322//2295 1323//2295 949//2295
f 1321//2296 1324//2296 1322//2296
f 947//2297 1325//2297 945//2297
f 1323//2298 1325//2298 947//2298
f 945//2299 1326//2299 943//2299
f 1325//2300 1326//2300 945//2300
f 943//2301 1327//2301 941//2301
f 1326//2302 1327//2302 943//2302
f 1328//2303 1329//2303 1327//2303
f 1327//2304 1329//2304 941//2304
f 1329//2305 1330//2305 941//2305
f 941//2306 1330//2306 939//2306
f 1330//2307 1331//2307 939//2307
f 939//2308 1331//2308 937//2308
f 1331//2309 1332//2309 937//2309
f 937//2310 1332//2310 935//2310
f 1332//2311 1333//2311 935//2311
f 935//2312 1333//2312 933//2312
f 1333//2313 1334//2313 933//2313
f 933//2314 1334//2314 931//2314
f 1334//2315 1335//2315 931//2315
f 931//2316 1335//2316 929//2316
f 1335//2317 1336//2317 929//2317
f 929//2318 1336//2318 927//2318
f 1336//2319 1337//2319 927//2319
f 927//2320 1337//2320 925//2320
f 1337//2321 1338//2321 925//2321
f 925//2322 1338//2322 923//2322
f 1338//2323 1339//2323 923//2323
f 923//2324 1339//2324 921//2324
f 1339//2325 1340//2325 921//2325
f 921//2326 1340//2326 919//2326
f 1340//2327 1341//2327 919//2327
f 919//2328 1341//2328 918//2328
f 1341//2329 1342//2329 918//2329
f 918//2330 1342//2330 920//2330
f 1342//2331 1343//2331 920//2331
f 920//2332 1343//2332 922//2332
f 1343//2333 1344//2333 922//2333
f 922//2334 1344//2334 924//2334
f 1344//2335 1345//2335 924//2335
f 924//2336 1345//2336 926//2336
f 1345//2337 1346//2337 926//2337
f 926//2338 1346//2338 928//2338
f 1346//2339 1347//2339 928//2339
f 928//2340 1347//2340 930//2340
f 1347//2341 1348//2341 930//2341
f 930//2342 1348//2342 932//2342
f 1348//2343 1349//2343 932//2343
f 932//2344 1349//2344 934//2344
f 934//2345 1350//2345 936//2345
f 1349//2346 1350//2346 934//2346
f 936//2347 1351//2347 938//2347
f 1350//2348 1351//2348 936//2348
f 938//2349 1352//2349 940//2349
f 1351//2350 1352//2350 938//2350
f 1352//2351 1353//2351 940//2351
f 940//2352 1354//2352 942//2352
f 942//2353 1354//2353 944//2353
f 1353//2354 1354//2354 940//2354
f 1354//2355 1355//2355 944//2355
f 1353//2356 1356//2356 1354//2356
f 1355//2357 1357//2357 944//2357
f 944//2358 1357//2358 946//2358
f 1357//2359 1358//2359 946//2359
f 946//2360 1358//2360 948//2360
f 1358//2361 1359//2361 948//2361
f 948//2362 1359//2362 950//2362
f 1359//2363 1360//2363 950//2363
f 1361//2364 1360//2364 1359//2364
f 950//2365 1360//2365 952//2365
f 1360//2366 1362//2366 952//2366
f 952//2367 1362//2367 954//2367
f 1362//2368 1363//2368 954//2368
f 954//2369 1363//2369 956//2369
f 1363//2370 1364//2370 956//2370
f 956//2371 1364//2371 958//2371
f 1364//2372 1365//2372 958//2372
f 958//2373 1365//2373 960//2373
f 1365//2374 1366//2374 960//2374
f 960//2375 1366//2375 962//2375
f 1366//2376 1367//2376 962//2376
f 962//2377 1367//2377 964//2377
f 1367//2378 1368//2378 964//2378
f 964//2379 1368//2379 966//2379
f 1368//2380 1369//2380 966//2380
f 1369//2381 1370//2381 966//2381
f 966//2382 1370//2382 968//2382
f 968//2383 1371//2383 970//2383
f 1370//2384 1371//2384 968//2384
f 970//2385 1372//2385 972//2385
f 1371//2386 1372//2386 970//2386
f 972//2387 1373//2387 974//2387
f 1372//2388 1373//2388 972//2388
f 974//2389 1374//2389 976//2389
f 1373//2390 1374//2390 974//2390
f 976//2391 1375//2391 978//2391
f 1374//2392 1375//2392 976//2392
f 978//2393 1376//2393 980//2393
f 1375//2394 1376//2394 978//2394
f 980//2395 1377//2395 982//2395
f 1376//2396 1377//2396 980//2396
f 982//2397 1378//2397 984//2397
f 1377//2398 1378//2398 982//2398
f 984//2399 1379//2399 986//2399
f 1378//2400 1379//2400 984//2400
f 986//2401 1380//2401 988//2401
f 1379//2402 1380//2402 986//2402
f 988//2403 1381//2403 990//2403
f 1380//2404 1381//2404 988//2404
f 1381//2405 1382//2405 990//2405
f 990//2406 1382//2406 992//2406
f 1382//2407 1383//2407 992//2407
f 992//2408 1383//2408 994//2408
f 1383//2409 1384//2409 994//2409
f 994//2410 1384//2410 996//2410
f 1384//2411 1385//2411 996//2411
f 996//2412 1386//2412 998//2412
f 998//2413 1386//2413 1000//2413
f 1385//2414 1386//2414 996//2414
f 1386//2415 1387//2415 1000//2415
f 1385//2416 1388//2416 1386//2416
f 1000//2417 1389//2417 1002//2417
f 1387//2418 1389//2418 1000//2418
f 1389//2419 1260//2419 1002//2419
f 1390//2420 1202//2420 1205//2420
f 1391//2421 1205//2421 1204//2421
f 1391//2422 1390//2422 1205//2422
f 1392//2423 1204//2423 1207//2423
f 1392//2424 1391//2424 1204//2424
f 1393//2425 1207//2425 1212//2425
f 1393//2426 1392//2426 1207//2426
f 1394//2427 1212//2427 1211//2427
f 1394//2428 1393//2428 1212//2428
f 1395//2429 1211//2429 1216//2429
f 1395//2430 1394//2430 1211//2430
f 1396//2431 1216//2431 1215//2431
f 1396//2432 1395//2432 1216//2432
f 1397//2433 1215//2433 1219//2433
f 1397//2434 1396//2434 1215//2434
f 1398//2435 1219//2435 1220//2435
f 1398//2436 1397//2436 1219//2436
f 1399//2437 1220//2437 1222//2437
f 1399//2438 1398//2438 1220//2438
f 1400//2439 1399//2439 1222//2439
f 1400//2440 1222//2440 1224//2440
f 1401//2441 1400//2441 1224//2441
f 1401//2442 1224//2442 1226//2442
f 1402//2443 1401//2443 1226//2443
f 1402//2444 1226//2444 1229//2444
f 1403//2445 1402//2445 1229//2445
f 1403//2446 1229//2446 1228//2446
f 1404//2447 1403//2447 1228//2447
f 1404//2448 1228//2448 1231//2448
f 1405//2449 1404//2449 1231//2449
f 1405//2450 1231//2450 1235//2450
f 1406//2451 1405//2451 1235//2451
f 1406//2452 1235//2452 1236//2452
f 1407//2453 1406//2453 1236//2453
f 1407//2454 1236//2454 1240//2454
f 1408//2455 1407//2455 1240//2455
f 1408//2456 1240//2456 1239//2456
f 1409//2457 1239//2457 1244//2457
f 1409//2458 1408//2458 1239//2458
f 1410//2459 1409//2459 1244//2459
f 1410//2460 1244//2460 1243//2460
f 1411//2461 1243//2461 1247//2461
f 1411//2462 1410//2462 1243//2462
f 1412//2463 1247//2463 1246//2463
f 1412//2464 1411//2464 1247//2464
f 1413//2465 1246//2465 1250//2465
f 1413//2466 1412//2466 1246//2466
f 1414//2467 1250//2467 1252//2467
f 1414//2468 1413//2468 1250//2468
f 1415//2469 1252//2469 1255//2469
f 1415//2470 1414//2470 1252//2470
f 1416//2471 1255//2471 1254//2471
f 1416//2472 1415//2472 1255//2472
f 1417//2473 1254//2473 1259//2473
f 1417//2474 1416//2474 1254//2474
f 1418//2475 1259//2475 1258//2475
f 1418//2476 1417//2476 1259//2476
f 1419//2477 1258//2477 1257//2477
f 1419//2478 1418//2478 1258//2478
f 1420//2479 1257//2479 1256//2479
f 1420//2480 1419//2480 1257//2480
f 1421//2481 1256//2481 1253//2481
f 1421//2482 1420//2482 1256//2482
f 1422//2483 1253//2483 1251//2483
f 1422//2484 1421//2484 1253//2484
f 1423//2485 1251//2485 1249//2485
f 1423//2486 1422//2486 1251//2486
f 1424//2487 1249//2487 1248//2487
f 1424//2488 1423//2488 1249//2488
f 1425//2489 1424//2489 1248//2489
f 1425//2490 1248//2490 1245//2490
f 1426//2491 1425//2491 1245//2491
f 1426//2492 1245//2492 1242//2492
f 1427//2493 1426//2493 1242//2493
f 1427//2494 1242//2494 1241//2494
f 1428//2495 1427//2495 1241//2495
f 1428//2496 1241//2496 1238//2496
f 1429//2497 1428//2497 1238//2497
f 1429//2498 1238//2498 1237//2498
f 1430//2499 1237//2499 1234//2499
f 1430//2500 1429//2500 1237//2500
f 1431//2501 1234//2501 1233//2501
f 1431//2502 1430//2502 1234//2502
f 1432//2503 1233//2503 1232//2503
f 1432//2504 1431//2504 1233//2504
f 1433//2505 1232//2505 1230//2505
f 1433//2506 1432//2506 1232//2506
f 1434//2507 1230//2507 1227//2507
f 1434//2508 1433//2508 1230//2508
f 1435//2509 1227//2509 1225//2509
f 1435//2510 1434//2510 1227//2510
f 1436//2511 1225//2511 1223//2511
f 1436//2512 1435//2512 1225//2512
f 1437//2513 1223//2513 1221//2513
f 1437//2514 1436//2514 1223//2514
f 1438//2515 1221//2515 1218//2515
f 1438//2516 1437//2516 1221//2516
f 1439//2517 1218//2517 1217//2517
f 1439//2518 1438//2518 1218//2518
f 1440//2519 1217//2519 1214//2519
f 1440//2520 1439//2520 1217//2520
f 1441//2521 1214//2521 1213//2521
f 1441//2522 1440//2522 1214//2522
f 1442//2523 1213//2523 1210//2523
f 1442//2524 1441//2524 1213//2524
f 1443//2525 1210//2525 1209//2525
f 1443//2526 1442//2526 1210//2526
f 1444//2527 1209//2527 1208//2527
f 1444//2528 1443//2528 1209//2528
f 1445//2529 1208//2529 1206//2529
f 1445//2530 1444//2530 1208//2530
f 1446//2531 1445//2531 1206//2531
f 1446//2532 1206//2532 1203//2532
f 1447//2533 1446//2533 1203//2533
f 1447//2534 1203//2534 1201//2534
f 1448//2535 1447//2535 1201//2535
f 1449//2536 1448//2536 1201//2536
f 1449//2537 1201//2537 1200//2537
f 1450//2538 1449//2538 1200//2538
f 1450//2539 1197//2539 1194//2539
f 1450//2540 1200//2540 1197//2540
f 1451//2541 1194//2541 1193//2541
f 1451//2542 1450//2542 1194//2542
f 1452//2543 1451//2543 1193//2543
f 1453//2544 1452//2544 1193//2544
f 1453//2545 1193//2545 1192//2545
f 1454//2546 1453//2546 1192//2546
f 1454//2547 1188//2547 1187//2547
f 1454//2548 1192//2548 1188//2548
f 1455//2549 1454//2549 1187//2549
f 1455//2550 1187//2550 1186//2550
f 1456//2551 1455//2551 1186//2551
f 1457//2552 1456//2552 1186//2552
f 1457//2553 1186//2553 1182//2553
f 1458//2554 1457//2554 1182//2554
f 1458//2555 1181//2555 1178//2555
f 1458//2556 1182//2556 1181//2556
f 1459//2557 1458//2557 1178//2557
f 1459//2558 1178//2558 1177//2558
f 1460//2559 1459//2559 1177//2559
f 1461//2560 1460//2560 1177//2560
f 1461//2561 1177//2561 1175//2561
f 1462//2562 1461//2562 1175//2562
f 1462//2563 1172//2563 1171//2563
f 1462//2564 1175//2564 1172//2564
f 1463//2565 1462//2565 1171//2565
f 1463//2566 1171//2566 1168//2566
f 1464//2567 1463//2567 1168//2567
f 1465//2568 1464//2568 1168//2568
f 1465//2569 1168//2569 1167//2569
f 1466//2570 1465//2570 1167//2570
f 1466//2571 1165//2571 1163//2571
f 1466//2572 1167//2572 1165//2572
f 1467//2573 1466//2573 1163//2573
f 1467//2574 1163//2574 1161//2574
f 1468//2575 1467//2575 1161//2575
f 1469//2576 1468//2576 1161//2576
f 1469//2577 1161//2577 1160//2577
f 1470//2578 1157//2578 1156//2578
f 1470//2579 1160//2579 1157//2579
f 1470//2580 1469//2580 1160//2580
f 1471//2581 1156//2581 1152//2581
f 1471//2582 1470//2582 1156//2582
f 1472//2583 1471//2583 1152//2583
f 1473//2584 1151//2584 1150//2584
f 1473//2585 1152//2585 1151//2585
f 1473//2586 1472//2586 1152//2586
f 1474//2587 1150//2587 1148//2587
f 1474//2588 1473//2588 1150//2588
f 1475//2589 1474//2589 1148//2589
f 1476//2590 1475//2590 1148//2590
f 1476//2591 1148//2591 1145//2591
f 1477//2592 1476//2592 1145//2592
f 1477//2593 1143//2593 1141//2593
f 1477//2594 1145//2594 1143//2594
f 1478//2595 1477//2595 1141//2595
f 1478//2596 1141//2596 1139//2596
f 1479//2597 1478//2597 1139//2597
f 1480//2598 1479//2598 1139//2598
f 1480//2599 1139//2599 1137//2599
f 1481//2600 1480//2600 1137//2600
f 1481//2601 1135//2601 1133//2601
f 1481//2602 1137//2602 1135//2602
f 1482//2603 1481//2603 1133//2603
f 1482//2604 1133//2604 1131//2604
f 1483//2605 1482//2605 1131//2605
f 1484//2606 1483//2606 1131//2606
f 1484//2607 1129//2607 1127//2607
f 1484//2608 1131//2608 1129//2608
f 1485//2609 1484//2609 1127//2609
f 1486//2610 1485//2610 1127//2610
f 1486//2611 1125//2611 1123//2611
f 1486//2612 1127//2612 1125//2612
f 1487//2613 1486//2613 1123//2613
f 1488//2614 1487//2614 1123//2614
f 1488//2615 1123//2615 1121//2615
f 1489//2616 1488//2616 1121//2616
f 1489//2617 1119//2617 1117//2617
f 1489//2618 1121//2618 1119//2618
f 1490//2619 1117//2619 1115//2619
f 1490//2620 1489//2620 1117//2620
f 1491//2621 1490//2621 1115//2621
f 1492//2622 1115//2622 1113//2622
f 1492//2623 1491//2623 1115//2623
f 1493//2624 1111//2624 1109//2624
f 1493//2625 1113//2625 1111//2625
f 1493//2626 1492//2626 1113//2626
f 1494//2627 1109//2627 1107//2627
f 1494//2628 1493//2628 1109//2628
f 1495//2629 1494//2629 1107//2629
f 1496//2630 1107//2630 1105//2630
f 1496//2631 1495//2631 1107//2631
f 1497//2632 1103//2632 1101//2632
f 1497//2633 1105//2633 1103//2633
f 1497//2634 1496//2634 1105//2634
f 1498//2635 1497//2635 1101//2635
f 1499//2636 1101//2636 1099//2636
f 1499//2637 1498//2637 1101//2637
f 1500//2638 1099//2638 1097//2638
f 1500//2639 1499//2639 1099//2639
f 1501//2640 1500//2640 1097//2640
f 1501//2641 1095//2641 1093//2641
f 1501//2642 1097//2642 1095//2642
f 1502//2643 1501//2643 1093//2643
f 1502//2644 1093//2644 1091//2644
f 1503//2645 1502//2645 1091//2645
f 1504//2646 1503//2646 1091//2646
f 1504//2647 1091//2647 1089//2647
f 1505//2648 1504//2648 1089//2648
f 1505//2649 1087//2649 1085//2649
f 1505//2650 1089//2650 1087//2650
f 1506//2651 1505//2651 1085//2651
f 1506//2652 1085//2652 1083//2652
f 1507//2653 1506//2653 1083//2653
f 1508//2654 1507//2654 1083//2654
f 1508//2655 1083//2655 1081//2655
f 1509//2656 1508//2656 1081//2656
f 1509//2657 1081//2657 1079//2657
f 1510//2658 1077//2658 1075//2658
f 1510//2659 1079//2659 1077//2659
f 1510//2660 1509//2660 1079//2660
f 1511//2661 1510//2661 1075//2661
f 1512//2662 1075//2662 1073//2662
f 1512//2663 1511//2663 1075//2663
f 1513//2664 1073//2664 1071//2664
f 1513//2665 1512//2665 1073//2665
f 1514//2666 1071//2666 1069//2666
f 1514//2667 1513//2667 1071//2667
f 1515//2668 1067//2668 1065//2668
f 1515//2669 1069//2669 1067//2669
f 1515//2670 1514//2670 1069//2670
f 1516//2671 1515//2671 1065//2671
f 1517//2672 1065//2672 1063//2672
f 1517//2673 1516//2673 1065//2673
f 1518//2674 1063//2674 1061//2674
f 1518//2675 1517//2675 1063//2675
f 1519//2676 1059//2676 1057//2676
f 1519//2677 1061//2677 1059//2677
f 1519//2678 1518//2678 1061//2678
f 1520//2679 1519//2679 1057//2679
f 1521//2680 1057//2680 1055//2680
f 1521//2681 1520//2681 1057//2681
f 1522//2682 1055//2682 1053//2682
f 1522//2683 1521//2683 1055//2683
f 1523//2684 1053//2684 1051//2684
f 1523//2685 1522//2685 1053//2685
f 1524//2686 1051//2686 1049//2686
f 1524//2687 1523//2687 1051//2687
f 1525//2688 1049//2688 1047//2688
f 1525//2689 1524//2689 1049//2689
f 1526//2690 1045//2690 1043//2690
f 1526//2691 1047//2691 1045//2691
f 1526//2692 1525//2692 1047//2692
f 1527//2693 1526//2693 1043//2693
f 1528//2694 1527//2694 1043//2694
f 1528//2695 1043//2695 1041//2695
f 1529//2696 1528//2696 1041//2696
f 1529//2697 1039//2697 1037//2697
f 1529//2698 1041//2698 1039//2698
f 1530//2699 1529//2699 1037//2699
f 1531//2700 1035//2700 1033//2700
f 1531//2701 1037//2701 1035//2701
f 1531//2702 1530//2702 1037//2702
f 1532//2703 1531//2703 1033//2703
f 1533//2704 1033//2704 1032//2704
f 1533//2705 1532//2705 1033//2705
f 1534//2706 1031//2706 1034//2706
f 1534//2707 1032//2707 1031//2707
f 1534//2708 1533//2708 1032//2708
f 1535//2709 1534//2709 1034//2709
f 1536//2710 1034//2710 1036//2710
f 1536//2711 1535//2711 1034//2711
f 1537//2712 1036//2712 1038//2712
f 1537//2713 1536//2713 1036//2713
f 1538//2714 1038//2714 1040//2714
f 1538//2715 1537//2715 1038//2715
f 1539//2716 1042//2716 1044//2716
f 1539//2717 1040//2717 1042//2717
f 1539//2718 1538//2718 1040//2718
f 1540//2719 1539//2719 1044//2719
f 1541//2720 1046//2720 1048//2720
f 1541//2721 1044//2721 1046//2721
f 1541//2722 1540//2722 1044//2722
f 1542//2723 1541//2723 1048//2723
f 1543//2724 1048//2724 1050//2724
f 1543//2725 1542//2725 1048//2725
f 1544//2726 1050//2726 1052//2726
f 1544//2727 1543//2727 1050//2727
f 1545//2728 1052//2728 1054//2728
f 1545//2729 1544//2729 1052//2729
f 1546//2730 1054//2730 1056//2730
f 1546//2731 1545//2731 1054//2731
f 1547//2732 1056//2732 1058//2732
f 1547//2733 1546//2733 1056//2733
f 1548//2734 1547//2734 1058//2734
f 1548//2735 1060//2735 1062//2735
f 1548//2736 1058//2736 1060//2736
f 1549//2737 1548//2737 1062//2737
f 1550//2738 1549//2738 1062//2738
f 1550//2739 1062//2739 1064//2739
f 1551//2740 1550//2740 1064//2740
f 1551//2741 1066//2741 1068//2741
f 1551//2742 1064//2742 1066//2742
f 1552//2743 1551//2743 1068//2743
f 1553//2744 1070//2744 1072//2744
f 1553//2745 1068//2745 1070//2745
f 1553//2746 1552//2746 1068//2746
f 1554//2747 1553//2747 1072//2747
f 1555//2748 1554//2748 1072//2748
f 1555//2749 1072//2749 1074//2749
f 1556//2750 1555//2750 1074//2750
f 1556//2751 1076//2751 1078//2751
f 1556//2752 1074//2752 1076//2752
f 1557//2753 1556//2753 1078//2753
f 1558//2754 1557//2754 1078//2754
f 1558//2755 1078//2755 1080//2755
f 1559//2756 1558//2756 1080//2756
f 1559//2757 1080//2757 1082//2757
f 1560//2758 1559//2758 1082//2758
f 1560//2759 1082//2759 1084//2759
f 1561//2760 1560//2760 1084//2760
f 1561//2761 1084//2761 1086//2761
f 1562//2762 1561//2762 1086//2762
f 1562//2763 1088//2763 1090//2763
f 1562//2764 1086//2764 1088//2764
f 1563//2765 1562//2765 1090//2765
f 1564//2766 1563//2766 1090//2766
f 1564//2767 1092//2767 1094//2767
f 1564//2768 1090//2768 1092//2768
f 1565//2769 1564//2769 1094//2769
f 1566//2770 1565//2770 1094//2770
f 1566//2771 1094//2771 1096//2771
f 1567//2772 1566//2772 1096//2772
f 1567//2773 1096//2773 1098//2773
f 1568//2774 1567//2774 1098//2774
f 1568//2775 1098//2775 1100//2775
f 1569//2776 1568//2776 1100//2776
f 1569//2777 1100//2777 1102//2777
f 1570//2778 1569//2778 1102//2778
f 1570//2779 1102//2779 1104//2779
f 1571//2780 1106//2780 1108//2780
f 1571//2781 1104//2781 1106//2781
f 1571//2782 1570//2782 1104//2782
f 1572//2783 1571//2783 1108//2783
f 1572//2784 1108//2784 1110//2784
f 1573//2785 1572//2785 1110//2785
f 1574//2786 1112//2786 1114//2786
f 1574//2787 1110//2787 1112//2787
f 1574//2788 1573//2788 1110//2788
f 1575//2789 1114//2789 1116//2789
f 1575//2790 1574//2790 1114//2790
f 1576//2791 1575//2791 1116//2791
f 1577//2792 1576//2792 1116//2792
f 1577//2793 1118//2793 1120//2793
f 1577//2794 1116//2794 1118//2794
f 1578//2795 1577//2795 1120//2795
f 1579//2796 1578//2796 1120//2796
f 1579//2797 1120//2797 1122//2797
f 1580//2798 1579//2798 1122//2798
f 1580//2799 1122//2799 1124//2799
f 1581//2800 1580//2800 1124//2800
f 1581//2801 1124//2801 1126//2801
f 1582//2802 1581//2802 1126//2802
f 1582//2803 1128//2803 1130//2803
f 1582//2804 1126//2804 1128//2804
f 1583//2805 1582//2805 1130//2805
f 1583//2806 1130//2806 1132//2806
f 1584//2807 1583//2807 1132//2807
f 1585//2808 1584//2808 1132//2808
f 1585//2809 1134//2809 1136//2809
f 1585//2810 1132//2810 1134//2810
f 1586//2811 1585//2811 1136//2811
f 1587//2812 1586//2812 1136//2812
f 1587//2813 1136//2813 1138//2813
f 1588//2814 1587//2814 1138//2814
f 1588//2815 1140//2815 1142//2815
f 1588//2816 1138//2816 1140//2816
f 1589//2817 1588//2817 1142//2817
f 1590//2818 1589//2818 1142//2818
f 1590//2819 1144//2819 1146//2819
f 1590//2820 1142//2820 1144//2820
f 1591//2821 1590//2821 1146//2821
f 1592//2822 1146//2822 1147//2822
f 1592//2823 1591//2823 1146//2823
f 1593//2824 1149//2824 1153//2824
f 1593//2825 1147//2825 1149//2825
f 1593//2826 1592//2826 1147//2826
f 1594//2827 1593//2827 1153//2827
f 1595//2828 1153//2828 1155//2828
f 1595//2829 1594//2829 1153//2829
f 1596//2830 1154//2830 1158//2830
f 1596//2831 1155//2831 1154//2831
f 1596//2832 1595//2832 1155//2832
f 1597//2833 1596//2833 1158//2833
f 1598//2834 1159//2834 1162//2834
f 1598//2835 1158//2835 1159//2835
f 1598//2836 1597//2836 1158//2836
f 1599//2837 1598//2837 1162//2837
f 1600//2838 1162//2838 1164//2838
f 1600//2839 1599//2839 1162//2839
f 1601//2840 1166//2840 1169//2840
f 1601//2841 1164//2841 1166//2841
f 1601//2842 1600//2842 1164//2842
f 1602//2843 1601//2843 1169//2843
f 1603//2844 1602//2844 1169//2844
f 1603//2845 1169//2845 1170//2845
f 1604//2846 1603//2846 1170//2846
f 1604//2847 1173//2847 1174//2847
f 1604//2848 1170//2848 1173//2848
f 1605//2849 1604//2849 1174//2849
f 1606//2850 1605//2850 1174//2850
f 1606//2851 1176//2851 1180//2851
f 1606//2852 1174//2852 1176//2852
f 1607//2853 1606//2853 1180//2853
f 1608//2854 1607//2854 1180//2854
f 1608//2855 1179//2855 1184//2855
f 1608//2856 1180//2856 1179//2856
f 1609//2857 1608//2857 1184//2857
f 1609//2858 1184//2858 1183//2858
f 1610//2859 1609//2859 1183//2859
f 1611//2860 1610//2860 1183//2860
f 1611//2861 1183//2861 1185//2861
f 1612//2862 1190//2862 1189//2862
f 1612//2863 1185//2863 1190//2863
f 1612//2864 1611//2864 1185//2864
f 1613//2865 1612//2865 1189//2865
f 1614//2866 1189//2866 1191//2866
f 1614//2867 1613//2867 1189//2867
f 1615//2868 1191//2868 1196//2868
f 1615//2869 1614//2869 1191//2869
f 1616//2870 1196//2870 1195//2870
f 1616//2871 1615//2871 1196//2871
f 1617//2872 1199//2872 1198//2872
f 1617//2873 1195//2873 1199//2873
f 1617//2874 1616//2874 1195//2874
f 1618//2875 1198//2875 1202//2875
f 1618//2876 1617//2876 1198//2876
f 1390//2877 1618//2877 1202//2877
f 1619//2878 1263//2878 1262//2878
f 1619//2879 1262//2879 1261//2879
f 1619//2880 1261//2880 1260//2880
f 1620//2881 1293//2881 1291//2881
f 1620//2882 1291//2882 1290//2882
f 1621//2883 1293//2883 1620//2883
f 1621//2884 1295//2884 1294//2884
f 1621//2885 1294//2885 1293//2885
f 1622//2886 1260//2886 1389//2886
f 1622//2887 1389//2887 1387//2887
f 1622//2888 1387//2888 1386//2888
f 1622//2889 1619//2889 1260//2889
f 1623//2890 1624//2890 1625//2890
f 1623//2891 1626//2891 1624//2891
f 1627//2892 1628//2892 1624//2892
f 1627//2893 1624//2893 1626//2893
f 1629//2894 1628//2894 1627//2894
f 1630//2895 1623//2895 1625//2895
f 1631//2896 1632//2896 1628//2896
f 1631//2897 1628//2897 1629//2897
f 1633//2898 1625//2898 1634//2898
f 1633//2899 1630//2899 1625//2899
f 1635//2900 1632//2900 1631//2900
f 1636//2901 1633//2901 1634//2901
f 1637//2902 1638//2902 1632//2902
f 1637//2903 1632//2903 1635//2903
f 1639//2904 1634//2904 1640//2904
f 1639//2905 1636//2905 1634//2905
f 1641//2906 1638//2906 1637//2906
f 1642//2907 1639//2907 1640//2907
f 1643//2908 1644//2908 1638//2908
f 1643//2909 1638//2909 1641//2909
f 1645//2910 1640//2910 1646//2910
f 1645//2911 1642//2911 1640//2911
f 1647//2912 1644//2912 1643//2912
f 1648//2913 1645//2913 1646//2913
f 1649//2914 1650//2914 1644//2914
f 1649//2915 1644//2915 1647//2915
f 1651//2916 1646//2916 1652//2916
f 1651//2917 1648//2917 1646//2917
f 1653//2918 1650//2918 1649//2918
f 1654//2919 1651//2919 1652//2919
f 1655//2920 1656//2920 1650//2920
f 1655//2921 1650//2921 1653//2921
f 1657//2922 1652//2922 1658//2922
f 1657//2923 1654//2923 1652//2923
f 1659//2924 1656//2924 1655//2924
f 1660//2925 1657//2925 1658//2925
f 1661//2926 1656//2926 1659//2926
f 1662//2927 1660//2927 1658//2927
f 1663//2928 1664//2928 1656//2928
f 1663//2929 1656//2929 1661//2929
f 1665//2930 1658//2930 1666//2930
f 1665//2931 1662//2931 1658//2931
f 1667//2932 1664//2932 1663//2932
f 1668//2933 1665//2933 1666//2933
f 1669//2934 1664//2934 1667//2934
f 1669//2935 1670//2935 1664//2935
f 1671//2936 1666//2936 1672//2936
f 1671//2937 1668//2937 1666//2937
f 1673//2938 1670//2938 1669//2938
f 1674//2939 1671//2939 1672//2939
f 1675//2940 1676//2940 1670//2940
f 1675//2941 1670//2941 1673//2941
f 1677//2942 1672//2942 1678//2942
f 1677//2943 1674//2943 1672//2943
f 1679//2944 1676//2944 1675//2944
f 1680//2945 1677//2945 1678//2945
f 1681//2946 1682//2946 1676//2946
f 1681//2947 1676//2947 1679//2947
f 1683//2948 1678//2948 1684//2948
f 1683//2949 1680//2949 1678//2949
f 1685//2950 1682//2950 1681//2950
f 1686//2951 1683//2951 1684//2951
f 1687//2952 1688//2952 1682//2952
f 1687//2953 1682//2953 1685//2953
f 1689//2954 1686//2954 1684//2954
f 1689//2955 1684//2955 1690//2955
f 1691//2956 1688//2956 1687//2956
f 1692//2957 1689//2957 1690//2957
f 1693//2958 1620//2958 1688//2958
f 1693//2959 1688//2959 1691//2959
f 1694//2960 1692//2960 1690//2960
f 1694//2961 1690//2961 1619//2961
f 1695//2962 1694//2962 1619//2962
f 1696//2963 1620//2963 1693//2963
f 1697//2964 1695//2964 1619//2964
f 1698//2965 1620//2965 1696//2965
f 1699//2966 1697//2966 1619//2966
f 1700//2967 1620//2967 1698//2967
f 1701//2968 1699//2968 1619//2968
f 1702//2969 1620//2969 1700//2969
f 1703//2970 1701//2970 1619//2970
f 1703//2971 1619//2971 1622//2971
f 1704//2972 1620//2972 1702//2972
f 1704//2973 1621//2973 1620//2973
f 1705//2974 1703//2974 1622//2974
f 1706//2975 1621//2975 1704//2975
f 1707//2976 1705//2976 1622//2976
f 1708//2977 1621//2977 1706//2977
f 1709//2978 1707//2978 1622//2978
f 1710//2979 1621//2979 1708//2979
f 1711//2980 1709//2980 1622//2980
f 1712//2981 1621//2981 1710//2981
f 1713//2982 1622//2982 1714//2982
f 1713//2983 1711//2983 1622//2983
f 1715//2984 1716//2984 1621//2984
f 1715//2985 1621//2985 1712//2985
f 1717//2986 1713//2986 1714//2986
f 1718//2987 1716//2987 1715//2987
f 1719//2988 1714//2988 1720//2988
f 1719//2989 1717//2989 1714//2989
f 1721//2990 1716//2990 1718//2990
f 1721//2991 1722//2991 1716//2991
f 1723//2992 1719//2992 1720//2992
f 1724//2993 1722//2993 1721//2993
f 1725//2994 1723//2994 1720//2994
f 1725//2995 1720//2995 1726//2995
f 1727//2996 1722//2996 1724//2996
f 1727//2997 1728//2997 1722//2997
f 1729//2998 1725//2998 1726//2998
f 1730//2999 1728//2999 1727//2999
f 1731//3000 1729//3000 1726//3000
f 1731//3001 1726//3001 1732//3001
f 1733//3002 1734//3002 1728//3002
f 1733//3003 1728//3003 1730//3003
f 1735//3004 1731//3004 1732//3004
f 1736//3005 1734//3005 1733//3005
f 1737//3006 1735//3006 1732//3006
f 1737//3007 1732//3007 1738//3007
f 1739//3008 1740//3008 1734//3008
f 1739//3009 1734//3009 1736//3009
f 1741//3010 1737//3010 1738//3010
f 1742//3011 1740//3011 1739//3011
f 1743//3012 1738//3012 1744//3012
f 1743//3013 1741//3013 1738//3013
f 1745//3014 1740//3014 1742//3014
f 1745//3015 1746//3015 1740//3015
f 1747//3016 1743//3016 1744//3016
f 1748//3017 1746//3017 1745//3017
f 1749//3018 1747//3018 1744//3018
f 1750//3019 1746//3019 1748//3019
f 1751//3020 1744//3020 1752//3020
f 1751//3021 1749//3021 1744//3021
f 1753//3022 1746//3022 1750//3022
f 1753//3023 1754//3023 1746//3023
f 1755//3024 1751//3024 1752//3024
f 1756//3025 1754//3025 1753//3025
f 1757//3026 1752//3026 1758//3026
f 1757//3027 1755//3027 1752//3027
f 1759//3028 1754//3028 1756//3028
f 1759//3029 1760//3029 1754//3029
f 1761//3030 1757//3030 1758//3030
f 1762//3031 1760//3031 1759//3031
f 1763//3032 1758//3032 1764//3032
f 1763//3033 1761//3033 1758//3033
f 1765//3034 1760//3034 1762//3034
f 1765//3035 1766//3035 1760//3035
f 1767//3036 1763//3036 1764//3036
f 1768//3037 1766//3037 1765//3037
f 1769//3038 1764//3038 1770//3038
f 1769//3039 1767//3039 1764//3039
f 1771//3040 1772//3040 1766//3040
f 1771//3041 1766//3041 1768//3041
f 1773//3042 1769//3042 1770//3042
f 1774//3043 1772//3043 1771//3043
f 1775//3044 1770//3044 1776//3044
f 1775//3045 1773//3045 1770//3045
f 1777//3046 1778//3046 1772//3046
f 1777//3047 1772//3047 1774//3047
f 1779//3048 1775//3048 1776//3048
f 1780//3049 1778//3049 1777//3049
f 1781//3050 1779//3050 1776//3050
f 1782//3051 1778//3051 1780//3051
f 1783//3052 1778//3052 1782//3052
f 1784//3053 1783//3053 1782//3053
f 1785//3054 1781//3054 1776//3054
f 1785//3055 1786//3055 1781//3055
f 1787//3056 1786//3056 1785//3056
f 1788//3057 1783//3057 1784//3057
f 1789//3058 1783//3058 1788//3058
f 1789//3059 1790//3059 1791//3059
f 1789//3060 1788//3060 1790//3060
f 1792//3061 1787//3061 1785//3061
f 1792//3062 1793//3062 1787//3062
f 1792//3063 1794//3063 1793//3063
f 1795//3064 1796//3064 1797//3064
f 1795//3065 1791//3065 1796//3065
f 1795//3066 1789//3066 1791//3066
f 1798//3067 1799//3067 1794//3067
f 1798//3068 1800//3068 1799//3068
f 1798//3069 1794//3069 1792//3069
f 1801//3070 1802//3070 1803//3070
f 1801//3071 1797//3071 1802//3071
f 1801//3072 1795//3072 1797//3072
f 1804//3073 1805//3073 1800//3073
f 1804//3074 1806//3074 1805//3074
f 1804//3075 1800//3075 1798//3075
f 1807//3076 1808//3076 1809//3076
f 1807//3077 1803//3077 1808//3077
f 1807//3078 1801//3078 1803//3078
f 1810//3079 1811//3079 1806//3079
f 1810//3080 1812//3080 1811//3080
f 1810//3081 1806//3081 1804//3081
f 1813//3082 1814//3082 1815//3082
f 1813//3083 1809//3083 1814//3083
f 1813//3084 1807//3084 1809//3084
f 1816//3085 1812//3085 1810//3085
f 1816//3086 1817//3086 1812//3086
f 1816//3087 1818//3087 1817//3087
f 1819//3088 1820//3088 1821//3088
f 1819//3089 1822//3089 1820//3089
f 1819//3090 1815//3090 1822//3090
f 1819//3091 1813//3091 1815//3091
f 1823//3092 1824//3092 1818//3092
f 1823//3093 1825//3093 1824//3093
f 1823//3094 1826//3094 1825//3094
f 1823//3095 1818//3095 1816//3095
f 1827//3096 1819//3096 1821//3096
f 1827//3097 1828//3097 1829//3097
f 1827//3098 1821//3098 1828//3098
f 1830//3099 1826//3099 1823//3099
f 1830//3100 1831//3100 1826//3100
f 1830//3101 1832//3101 1831//3101
f 1833//3102 1834//3102 1835//3102
f 1833//3103 1829//3103 1834//3103
f 1833//3104 1827//3104 1829//3104
f 1836//3105 1832//3105 1830//3105
f 1836//3106 1837//3106 1832//3106
f 1836//3107 1838//3107 1837//3107
f 1839//3108 1833//3108 1835//3108
f 1839//3109 1840//3109 1841//3109
f 1839//3110 1835//3110 1840//3110
f 1842//3111 1838//3111 1836//3111
f 1842//3112 1843//3112 1838//3112
f 1842//3113 1844//3113 1843//3113
f 1845//3114 1839//3114 1841//3114
f 1845//3115 1846//3115 1847//3115
f 1845//3116 1841//3116 1846//3116
f 1848//3117 1849//3117 1844//3117
f 1848//3118 1850//3118 1849//3118
f 1848//3119 1844//3119 1842//3119
f 1851//3120 1852//3120 1853//3120
f 1851//3121 1847//3121 1852//3121
f 1851//3122 1845//3122 1847//3122
f 1854//3123 1855//3123 1850//3123
f 1854//3124 1856//3124 1855//3124
f 1854//3125 1850//3125 1848//3125
f 1857//3126 1851//3126 1853//3126
f 1857//3127 1858//3127 1859//3127
f 1857//3128 1860//3128 1858//3128
f 1857//3129 1861//3129 1860//3129
f 1857//3130 1862//3130 1861//3130
f 1857//3131 1853//3131 1862//3131
f 1863//3132 1864//3132 1856//3132
f 1863//3133 1865//3133 1864//3133
f 1863//3134 1866//3134 1865//3134
f 1863//3135 1867//3135 1866//3135
f 1863//3136 1868//3136 1867//3136
f 1863//3137 1856//3137 1854//3137
f 1869//3138 1870//3138 1868//3138
f 1869//3139 1871//3139 1870//3139
f 1869//3140 1872//3140 1871//3140
f 1869//3141 1873//3141 1872//3141
f 1869//3142 1874//3142 1873//3142
f 1869//3143 1868//3143 1863//3143
f 1875//3144 1876//3144 1877//3144
f 1875//3145 1878//3145 1876//3145
f 1875//3146 1879//3146 1878//3146
f 1875//3147 1880//3147 1879//3147
f 1875//3148 1859//3148 1880//3148
f 1875//3149 1857//3149 1859//3149
f 1881//3150 1882//3150 1874//3150
f 1881//3151 1883//3151 1882//3151
f 1881//3152 1874//3152 1869//3152
f 1884//3153 1875//3153 1877//3153
f 1884//3154 1885//3154 1886//3154
f 1884//3155 1877//3155 1885//3155
f 1887//3156 1888//3156 1883//3156
f 1887//3157 1889//3157 1888//3157
f 1887//3158 1883//3158 1881//3158
f 1890//3159 1891//3159 1892//3159
f 1890//3160 1886//3160 1891//3160
f 1890//3161 1884//3161 1886//3161
f 1893//3162 1894//3162 1889//3162
f 1893//3163 1895//3163 1894//3163
f 1893//3164 1889//3164 1887//3164
f 1896//3165 1897//3165 1898//3165
f 1896//3166 1892//3166 1897//3166
f 1896//3167 1890//3167 1892//3167
f 1899//3168 1900//3168 1895//3168
f 1899//3169 1901//3169 1900//3169
f 1899//3170 1895//3170 1893//3170
f 1902//3171 1896//3171 1898//3171
f 1902//3172 1903//3172 1904//3172
f 1902//3173 1898//3173 1903//3173
f 1358//3174 1863//3174 1359//3174
f 1323//3175 1322//3175 1857//3175
f 1905//3176 1906//3176 1901//3176
f 1905//3177 1907//3177 1906//3177
f 1905//3178 1901//3178 1899//3178
f 1908//3179 1909//3179 1910//3179
f 1908//3180 1904//3180 1909//3180
f 1908//3181 1902//3181 1904//3181
f 1911//3182 1907//3182 1905//3182
f 1911//3183 1912//3183 1907//3183
f 1911//3184 1913//3184 1912//3184
f 1911//3185 1914//3185 1913//3185
f 1915//3186 1908//3186 1910//3186
f 1915//3187 1916//3187 1917//3187
f 1915//3188 1918//3188 1916//3188
f 1915//3189 1910//3189 1918//3189
f 1325//3190 1857//3190 1875//3190
f 1325//3191 1323//3191 1857//3191
f 1357//3192 1869//3192 1863//3192
f 1357//3193 1863//3193 1358//3193
f 1919//3194 1914//3194 1911//3194
f 1919//3195 1920//3195 1914//3195
f 1919//3196 1921//3196 1920//3196
f 1922//3197 1915//3197 1917//3197
f 1922//3198 1923//3198 1924//3198
f 1922//3199 1917//3199 1923//3199
f 1925//3200 1926//3200 1921//3200
f 1925//3201 1927//3201 1926//3201
f 1925//3202 1921//3202 1919//3202
f 1928//3203 1922//3203 1924//3203
f 1928//3204 1929//3204 1930//3204
f 1928//3205 1924//3205 1929//3205
f 1931//3206 1927//3206 1925//3206
f 1931//3207 1932//3207 1927//3207
f 1931//3208 1933//3208 1932//3208
f 1934//3209 1928//3209 1930//3209
f 1934//3210 1935//3210 1936//3210
f 1934//3211 1930//3211 1935//3211
f 1355//3212 1869//3212 1357//3212
f 1326//3213 1325//3213 1875//3213
f 1937//3214 1933//3214 1931//3214
f 1937//3215 1938//3215 1933//3215
f 1937//3216 1939//3216 1938//3216
f 1940//3217 1934//3217 1936//3217
f 1940//3218 1941//3218 1942//3218
f 1940//3219 1936//3219 1941//3219
f 1943//3220 1939//3220 1937//3220
f 1943//3221 1944//3221 1939//3221
f 1943//3222 1945//3222 1944//3222
f 1946//3223 1940//3223 1942//3223
f 1946//3224 1947//3224 1948//3224
f 1946//3225 1942//3225 1947//3225
f 1949//3226 1945//3226 1943//3226
f 1949//3227 1946//3227 1948//3227
f 1949//3228 1950//3228 1945//3228
f 1949//3229 1948//3229 1950//3229
f 1354//3230 1869//3230 1355//3230
f 1327//3231 1326//3231 1875//3231
f 1264//3232 1263//3232 1951//3232
f 1951//3233 1263//3233 1619//3233
f 1951//3234 1265//3234 1264//3234
f 1952//3235 1265//3235 1951//3235
f 1292//3236 1289//3236 1953//3236
f 1953//3237 1289//3237 1954//3237
f 1952//3238 1266//3238 1265//3238
f 1955//3239 1266//3239 1952//3239
f 1954//3240 1288//3240 1956//3240
f 1289//3241 1288//3241 1954//3241
f 1955//3242 1267//3242 1266//3242
f 1957//3243 1267//3243 1955//3243
f 1956//3244 1287//3244 1958//3244
f 1288//3245 1287//3245 1956//3245
f 1957//3246 1268//3246 1267//3246
f 1959//3247 1268//3247 1957//3247
f 1287//3248 1286//3248 1958//3248
f 1958//3249 1286//3249 1960//3249
f 1959//3250 1269//3250 1268//3250
f 1961//3251 1269//3251 1959//3251
f 1960//3252 1285//3252 1962//3252
f 1286//3253 1285//3253 1960//3253
f 1961//3254 1270//3254 1269//3254
f 1963//3255 1270//3255 1961//3255
f 1285//3256 1284//3256 1962//3256
f 1962//3257 1284//3257 1964//3257
f 1964//3258 1283//3258 1965//3258
f 1284//3259 1283//3259 1964//3259
f 1963//3260 1271//3260 1270//3260
f 1966//3261 1271//3261 1963//3261
f 1966//3262 1272//3262 1271//3262
f 1967//3263 1272//3263 1966//3263
f 1965//3264 1282//3264 1968//3264
f 1283//3265 1282//3265 1965//3265
f 1968//3266 1281//3266 1969//3266
f 1282//3267 1281//3267 1968//3267
f 1967//3268 1273//3268 1272//3268
f 1970//3269 1273//3269 1967//3269
f 1969//3270 1280//3270 1971//3270
f 1281//3271 1280//3271 1969//3271
f 1972//3272 1274//3272 1970//3272
f 1970//3273 1274//3273 1273//3273
f 1973//3274 1275//3274 1972//3274
f 1972//3275 1275//3275 1274//3275
f 1971//3276 1279//3276 1974//3276
f 1280//3277 1279//3277 1971//3277
f 1974//3278 1278//3278 1975//3278
f 1279//3279 1278//3279 1974//3279
f 1973//3280 1276//3280 1275//3280
f 1975//3281 1276//3281 1973//3281
f 1975//3282 1277//3282 1276//3282
f 1278//3283 1277//3283 1975//3283
f 1953//3284 1290//3284 1292//3284
f 1953//3285 1620//3285 1290//3285
f 1621//3286 1976//3286 1296//3286
f 1621//3287 1296//3287 1295//3287
f 1321//3288 1977//3288 1324//3288
f 1320//3289 1978//3289 1321//3289
f 1321//3290 1978//3290 1977//3290
f 1319//3291 1979//3291 1320//3291
f 1320//3292 1979//3292 1978//3292
f 1318//3293 1980//3293 1319//3293
f 1319//3294 1980//3294 1979//3294
f 1317//3295 1981//3295 1318//3295
f 1318//3296 1981//3296 1980//3296
f 1316//3297 1982//3297 1317//3297
f 1317//3298 1982//3298 1981//3298
f 1315//3299 1983//3299 1316//3299
f 1316//3300 1983//3300 1982//3300
f 1314//3301 1984//3301 1315//3301
f 1315//3302 1984//3302 1983//3302
f 1313//3303 1985//3303 1314//3303
f 1314//3304 1985//3304 1984//3304
f 1312//3305 1986//3305 1313//3305
f 1313//3306 1986//3306 1985//3306
f 1311//3307 1987//3307 1312//3307
f 1312//3308 1987//3308 1986//3308
f 1310//3309 1988//3309 1311//3309
f 1311//3310 1988//3310 1987//3310
f 1310//3311 1989//3311 1988//3311
f 1310//3312 1309//3312 1989//3312
f 1309//3313 1308//3313 1989//3313
f 1989//3314 1308//3314 1990//3314
f 1308//3315 1307//3315 1990//3315
f 1990//3316 1307//3316 1991//3316
f 1307//3317 1306//3317 1991//3317
f 1991//3318 1306//3318 1992//3318
f 1306//3319 1305//3319 1992//3319
f 1992//3320 1305//3320 1993//3320
f 1305//3321 1304//3321 1993//3321
f 1993//3322 1304//3322 1994//3322
f 1304//3323 1303//3323 1994//3323
f 1994//3324 1303//3324 1995//3324
f 1303//3325 1302//3325 1995//3325
f 1995//3326 1302//3326 1996//3326
f 1302//3327 1301//3327 1996//3327
f 1996//3328 1301//3328 1997//3328
f 1301//3329 1300//3329 1997//3329
f 1997//3330 1300//3330 1998//3330
f 1300//3331 1299//3331 1998//3331
f 1998//3332 1299//3332 1999//3332
f 1999//3333 1298//3333 2000//3333
f 1299//3334 1298//3334 1999//3334
f 2000//3335 1297//3335 1976//3335
f 1298//3336 1297//3336 2000//3336
f 1297//3337 1296//3337 1976//3337
f 1324//3338 1857//3338 1322//3338
f 1977//3339 1857//3339 1324//3339
f 1875//3340 1328//3340 1327//3340
f 1875//3341 2001//3341 1328//3341
f 1340//3342 2002//3342 1341//3342
f 1341//3343 2002//3343 1342//3343
f 1342//3344 2003//3344 1343//3344
f 2002//3345 2003//3345 1342//3345
f 1339//3346 2004//3346 1340//3346
f 1340//3347 2004//3347 2002//3347
f 2003//3348 2005//3348 1343//3348
f 1343//3349 2005//3349 1344//3349
f 1338//3350 2006//3350 1339//3350
f 1339//3351 2006//3351 2004//3351
f 2005//3352 2007//3352 1344//3352
f 1344//3353 2007//3353 1345//3353
f 1337//3354 2008//3354 1338//3354
f 1338//3355 2008//3355 2006//3355
f 2007//3356 2009//3356 1345//3356
f 1345//3357 2009//3357 1346//3357
f 1336//3358 2010//3358 1337//3358
f 1337//3359 2010//3359 2008//3359
f 1346//3360 2011//3360 1347//3360
f 2009//3361 2011//3361 1346//3361
f 1336//3362 2012//3362 2010//3362
f 1335//3363 2012//3363 1336//3363
f 1347//3364 2013//3364 1348//3364
f 2011//3365 2013//3365 1347//3365
f 1334//3366 2014//3366 1335//3366
f 1335//3367 2014//3367 2012//3367
f 1348//3368 2015//3368 1349//3368
f 2013//3369 2015//3369 1348//3369
f 1333//3370 2016//3370 1334//3370
f 1334//3371 2016//3371 2014//3371
f 1349//3372 2017//3372 1350//3372
f 2015//3373 2017//3373 1349//3373
f 1333//3374 2018//3374 2016//3374
f 1332//3375 2018//3375 1333//3375
f 1350//3376 2019//3376 1351//3376
f 2017//3377 2019//3377 1350//3377
f 1331//3378 2020//3378 1332//3378
f 1332//3379 2020//3379 2018//3379
f 1351//3380 2021//3380 1352//3380
f 2019//3381 2021//3381 1351//3381
f 1330//3382 2022//3382 1331//3382
f 1331//3383 2022//3383 2020//3383
f 1352//3384 2023//3384 1353//3384
f 2021//3385 2023//3385 1352//3385
f 1329//3386 2024//3386 1330//3386
f 1330//3387 2024//3387 2022//3387
f 1328//3388 2001//3388 1329//3388
f 1329//3389 2001//3389 2024//3389
f 1353//3390 2025//3390 1356//3390
f 2023//3391 2025//3391 1353//3391
f 1869//3392 1356//3392 2025//3392
f 1354//3393 1356//3393 1869//3393
f 1361//3394 1863//3394 2026//3394
f 1361//3395 1359//3395 1863//3395
f 1361//3396 2026//3396 1360//3396
f 1360//3397 2027//3397 1362//3397
f 2026//3398 2027//3398 1360//3398
f 1362//3399 2028//3399 1363//3399
f 2027//3400 2028//3400 1362//3400
f 1363//3401 2029//3401 1364//3401
f 2028//3402 2029//3402 1363//3402
f 1364//3403 2030//3403 1365//3403
f 2029//3404 2030//3404 1364//3404
f 1365//3405 2031//3405 1366//3405
f 2030//3406 2031//3406 1365//3406
f 1366//3407 2032//3407 1367//3407
f 2031//3408 2032//3408 1366//3408
f 1367//3409 2033//3409 1368//3409
f 2032//3410 2033//3410 1367//3410
f 1368//3411 2034//3411 1369//3411
f 2033//3412 2034//3412 1368//3412
f 1369//3413 2035//3413 1370//3413
f 2034//3414 2035//3414 1369//3414
f 1370//3415 2036//3415 1371//3415
f 2035//3416 2036//3416 1370//3416
f 1371//3417 2037//3417 1372//3417
f 2036//3418 2037//3418 1371//3418
f 2037//3419 2038//3419 1372//3419
f 2038//3420 1373//3420 1372//3420
f 2038//3421 1374//3421 1373//3421
f 2039//3422 1374//3422 2038//3422
f 2039//3423 1375//3423 1374//3423
f 2040//3424 1375//3424 2039//3424
f 2040//3425 1376//3425 1375//3425
f 2041//3426 1376//3426 2040//3426
f 2041//3427 1377//3427 1376//3427
f 2042//3428 1377//3428 2041//3428
f 2042//3429 1378//3429 1377//3429
f 2043//3430 1378//3430 2042//3430
f 2043//3431 1379//3431 1378//3431
f 2044//3432 1379//3432 2043//3432
f 2045//3433 1380//3433 2044//3433
f 2044//3434 1380//3434 1379//3434
f 2045//3435 1381//3435 1380//3435
f 2046//3436 1381//3436 2045//3436
f 2046//3437 1382//3437 1381//3437
f 2047//3438 1382//3438 2046//3438
f 2048//3439 1383//3439 2047//3439
f 2047//3440 1383//3440 1382//3440
f 2049//3441 1384//3441 2048//3441
f 2048//3442 1384//3442 1383//3442
f 2050//3443 1385//3443 2049//3443
f 2049//3444 1385//3444 1384//3444
f 2050//3445 1388//3445 1385//3445
f 1386//3446 1388//3446 2050//3446
f 1386//3447 2050//3447 1622//3447
f 2051//3448 2052//3448 1533//3448
f 2051//3449 1533//3449 1534//3449
f 2053//3450 1533//3450 2052//3450
f 2053//3451 1531//3451 1532//3451
f 2053//3452 1532//3452 1533//3452
f 2054//3453 1534//3453 1535//3453
f 2054//3454 2051//3454 1534//3454
f 2055//3455 1531//3455 2053//3455
f 2055//3456 1530//3456 1531//3456
f 2056//3457 1535//3457 1536//3457
f 2056//3458 2054//3458 1535//3458
f 2057//3459 1530//3459 2055//3459
f 2058//3460 1536//3460 1537//3460
f 2058//3461 2056//3461 1536//3461
f 2059//3462 1530//3462 2057//3462
f 2059//3463 1528//3463 1529//3463
f 2059//3464 1529//3464 1530//3464
f 2060//3465 1537//3465 1538//3465
f 2060//3466 2058//3466 1537//3466
f 2061//3467 1528//3467 2059//3467
f 2061//3468 1527//3468 1528//3468
f 2062//3469 1538//3469 1539//3469
f 2062//3470 2060//3470 1538//3470
f 2063//3471 1527//3471 2061//3471
f 2063//3472 1526//3472 1527//3472
f 2064//3473 1539//3473 1540//3473
f 2064//3474 2062//3474 1539//3474
f 2065//3475 1526//3475 2063//3475
f 2065//3476 1525//3476 1526//3476
f 2066//3477 1540//3477 1541//3477
f 2066//3478 2064//3478 1540//3478
f 2067//3479 1525//3479 2065//3479
f 2067//3480 1524//3480 1525//3480
f 2068//3481 2066//3481 1541//3481
f 2068//3482 1541//3482 1542//3482
f 2069//3483 1524//3483 2067//3483
f 2069//3484 1523//3484 1524//3484
f 2070//3485 1542//3485 1543//3485
f 2070//3486 2068//3486 1542//3486
f 2071//3487 1522//3487 1523//3487
f 2071//3488 1523//3488 2069//3488
f 2072//3489 1543//3489 1544//3489
f 2072//3490 2070//3490 1543//3490
f 2073//3491 1522//3491 2071//3491
f 2074//3492 1544//3492 1545//3492
f 2074//3493 2072//3493 1544//3493
f 2075//3494 1521//3494 1522//3494
f 2075//3495 1522//3495 2073//3495
f 2076//3496 2074//3496 1545//3496
f 2076//3497 1545//3497 1546//3497
f 2077//3498 1519//3498 1520//3498
f 2077//3499 1520//3499 1521//3499
f 2077//3500 1521//3500 2075//3500
f 2078//3501 2076//3501 1546//3501
f 2078//3502 1546//3502 1547//3502
f 2079//3503 1519//3503 2077//3503
f 2080//3504 2078//3504 1547//3504
f 2080//3505 1547//3505 1548//3505
f 2081//3506 1518//3506 1519//3506
f 2081//3507 1519//3507 2079//3507
f 2082//3508 2080//3508 1548//3508
f 2082//3509 1548//3509 1549//3509
f 2083//3510 1517//3510 1518//3510
f 2083//3511 1518//3511 2081//3511
f 2084//3512 1549//3512 1550//3512
f 2084//3513 2082//3513 1549//3513
f 2085//3514 1516//3514 1517//3514
f 2085//3515 1517//3515 2083//3515
f 2086//3516 1550//3516 1551//3516
f 2086//3517 2084//3517 1550//3517
f 2087//3518 1514//3518 1515//3518
f 2087//3519 1515//3519 1516//3519
f 2087//3520 1516//3520 2085//3520
f 2088//3521 1551//3521 1552//3521
f 2088//3522 2086//3522 1551//3522
f 2089//3523 1514//3523 2087//3523
f 2090//3524 1552//3524 1553//3524
f 2090//3525 2088//3525 1552//3525
f 2091//3526 1512//3526 1513//3526
f 2091//3527 1513//3527 1514//3527
f 2091//3528 1514//3528 2089//3528
f 2092//3529 1553//3529 1554//3529
f 2092//3530 2090//3530 1553//3530
f 2093//3531 1512//3531 2091//3531
f 2094//3532 1554//3532 1555//3532
f 2094//3533 2092//3533 1554//3533
f 2095//3534 1511//3534 1512//3534
f 2095//3535 1512//3535 2093//3535
f 2096//3536 1555//3536 1556//3536
f 2096//3537 2094//3537 1555//3537
f 2097//3538 1510//3538 1511//3538
f 2097//3539 1511//3539 2095//3539
f 2098//3540 1556//3540 1557//3540
f 2098//3541 2096//3541 1556//3541
f 2099//3542 1509//3542 1510//3542
f 2099//3543 1510//3543 2097//3543
f 2100//3544 2098//3544 1557//3544
f 2100//3545 1557//3545 1558//3545
f 2101//3546 1507//3546 1508//3546
f 2101//3547 1508//3547 1509//3547
f 2101//3548 1509//3548 2099//3548
f 2102//3549 2100//3549 1558//3549
f 2102//3550 1558//3550 1559//3550
f 2103//3551 1506//3551 1507//3551
f 2103//3552 1507//3552 2101//3552
f 2104//3553 2102//3553 1559//3553
f 2104//3554 1559//3554 1560//3554
f 2105//3555 1505//3555 1506//3555
f 2105//3556 1506//3556 2103//3556
f 2106//3557 2104//3557 1560//3557
f 2106//3558 1560//3558 1561//3558
f 2107//3559 1505//3559 2105//3559
f 2108//3560 2106//3560 1561//3560
f 2108//3561 1561//3561 1562//3561
f 2109//3562 1503//3562 1504//3562
f 2109//3563 1504//3563 1505//3563
f 2109//3564 1505//3564 2107//3564
f 2110//3565 2108//3565 1562//3565
f 2110//3566 1562//3566 1563//3566
f 2111//3567 1502//3567 1503//3567
f 2111//3568 1503//3568 2109//3568
f 2112//3569 2110//3569 1563//3569
f 2112//3570 1563//3570 1564//3570
f 2113//3571 1501//3571 1502//3571
f 2113//3572 1502//3572 2111//3572
f 2114//3573 2112//3573 1564//3573
f 2114//3574 1564//3574 1565//3574
f 2115//3575 1501//3575 2113//3575
f 2116//3576 2114//3576 1565//3576
f 2116//3577 1565//3577 1566//3577
f 2117//3578 1500//3578 1501//3578
f 2117//3579 1501//3579 2115//3579
f 2118//3580 2116//3580 1566//3580
f 2118//3581 1566//3581 1567//3581
f 2119//3582 1499//3582 1500//3582
f 2119//3583 1500//3583 2117//3583
f 2120//3584 2118//3584 1567//3584
f 2120//3585 1567//3585 1568//3585
f 2121//3586 1498//3586 1499//3586
f 2121//3587 1499//3587 2119//3587
f 2122//3588 1568//3588 1569//3588
f 2122//3589 2120//3589 1568//3589
f 2123//3590 1496//3590 1497//3590
f 2123//3591 1497//3591 1498//3591
f 2123//3592 1498//3592 2121//3592
f 2124//3593 2122//3593 1569//3593
f 2124//3594 1569//3594 1570//3594
f 2125//3595 1496//3595 2123//3595
f 2126//3596 1570//3596 1571//3596
f 2126//3597 2124//3597 1570//3597
f 2127//3598 1495//3598 1496//3598
f 2127//3599 1496//3599 2125//3599
f 2128//3600 1571//3600 1572//3600
f 2128//3601 2126//3601 1571//3601
f 2129//3602 1493//3602 1494//3602
f 2129//3603 1494//3603 1495//3603
f 2129//3604 1495//3604 2127//3604
f 2130//3605 2128//3605 1572//3605
f 2130//3606 1572//3606 1573//3606
f 2131//3607 1492//3607 1493//3607
f 2131//3608 1493//3608 2129//3608
f 2132//3609 1573//3609 1574//3609
f 2132//3610 2130//3610 1573//3610
f 2133//3611 1492//3611 2131//3611
f 2134//3612 2132//3612 1574//3612
f 2134//3613 1574//3613 1575//3613
f 2135//3614 1491//3614 1492//3614
f 2135//3615 1492//3615 2133//3615
f 2136//3616 2134//3616 1575//3616
f 2136//3617 1575//3617 1576//3617
f 2137//3618 1490//3618 1491//3618
f 2137//3619 1491//3619 2135//3619
f 2137//3620 1489//3620 1490//3620
f 2138//3621 1576//3621 1577//3621
f 2138//3622 2136//3622 1576//3622
f 2139//3623 1489//3623 2137//3623
f 2140//3624 2138//3624 1577//3624
f 2140//3625 1577//3625 1578//3625
f 2141//3626 1489//3626 2139//3626
f 2141//3627 1487//3627 1488//3627
f 2141//3628 1488//3628 1489//3628
f 2142//3629 2140//3629 1578//3629
f 2142//3630 1578//3630 1579//3630
f 2143//3631 1487//3631 2141//3631
f 2144//3632 2142//3632 1579//3632
f 2144//3633 1579//3633 1580//3633
f 2145//3634 1487//3634 2143//3634
f 2145//3635 1486//3635 1487//3635
f 2146//3636 2144//3636 1580//3636
f 2146//3637 1580//3637 1581//3637
f 2147//3638 1486//3638 2145//3638
f 2147//3639 1484//3639 1485//3639
f 2147//3640 1485//3640 1486//3640
f 2148//3641 2146//3641 1581//3641
f 2148//3642 1581//3642 1582//3642
f 2148//3643 1582//3643 1583//3643
f 2149//3644 1484//3644 2147//3644
f 2150//3645 2148//3645 1583//3645
f 2151//3646 1484//3646 2149//3646
f 2151//3647 1482//3647 1483//3647
f 2151//3648 1483//3648 1484//3648
f 2152//3649 2150//3649 1583//3649
f 2152//3650 1583//3650 1584//3650
f 2153//3651 1482//3651 2151//3651
f 2154//3652 2152//3652 1584//3652
f 2154//3653 1584//3653 1585//3653
f 2155//3654 1482//3654 2153//3654
f 2155//3655 1481//3655 1482//3655
f 2156//3656 2154//3656 1585//3656
f 2156//3657 1585//3657 1586//3657
f 2157//3658 1481//3658 2155//3658
f 2157//3659 1479//3659 1480//3659
f 2157//3660 1480//3660 1481//3660
f 2158//3661 2156//3661 1586//3661
f 2158//3662 1586//3662 1587//3662
f 2159//3663 1479//3663 2157//3663
f 2159//3664 1478//3664 1479//3664
f 2160//3665 2158//3665 1587//3665
f 2160//3666 1587//3666 1588//3666
f 2161//3667 1478//3667 2159//3667
f 2162//3668 2160//3668 1588//3668
f 2162//3669 1588//3669 1589//3669
f 2163//3670 1478//3670 2161//3670
f 2163//3671 1477//3671 1478//3671
f 2164//3672 2162//3672 1589//3672
f 2164//3673 1589//3673 1590//3673
f 2165//3674 1477//3674 2163//3674
f 2165//3675 1476//3675 1477//3675
f 2166//3676 1476//3676 2165//3676
f 1591//3677 2164//3677 1590//3677
f 1591//3678 2167//3678 2164//3678
f 1475//3679 1476//3679 2166//3679
f 1592//3680 2167//3680 1591//3680
f 1592//3681 2168//3681 2167//3681
f 1474//3682 1475//3682 2166//3682
f 1474//3683 2166//3683 2169//3683
f 1593//3684 2168//3684 1592//3684
f 1593//3685 2170//3685 2168//3685
f 1473//3686 1474//3686 2169//3686
f 1473//3687 2169//3687 2171//3687
f 1594//3688 2170//3688 1593//3688
f 1594//3689 2172//3689 2173//3689
f 1594//3690 2173//3690 2170//3690
f 1472//3691 1473//3691 2171//3691
f 1472//3692 2171//3692 2174//3692
f 1595//3693 2172//3693 1594//3693
f 1595//3694 2175//3694 2172//3694
f 1471//3695 1472//3695 2174//3695
f 1471//3696 2174//3696 2176//3696
f 1596//3697 2175//3697 1595//3697
f 1470//3698 1471//3698 2176//3698
f 1470//3699 2176//3699 2177//3699
f 1597//3700 2178//3700 2175//3700
f 1597//3701 2175//3701 1596//3701
f 1469//3702 1470//3702 2177//3702
f 1469//3703 2177//3703 2179//3703
f 1598//3704 2180//3704 2181//3704
f 1598//3705 2181//3705 2178//3705
f 1598//3706 2178//3706 1597//3706
f 1468//3707 1469//3707 2179//3707
f 1468//3708 2179//3708 2182//3708
f 1599//3709 2180//3709 1598//3709
f 1467//3710 1468//3710 2182//3710
f 1467//3711 2182//3711 2183//3711
f 1600//3712 2184//3712 2185//3712
f 1600//3713 2185//3713 2180//3713
f 1600//3714 2180//3714 1599//3714
f 1466//3715 2183//3715 2186//3715
f 1466//3716 1467//3716 2183//3716
f 1601//3717 2187//3717 2184//3717
f 1601//3718 2184//3718 1600//3718
f 1465//3719 1466//3719 2186//3719
f 1465//3720 2186//3720 2188//3720
f 1602//3721 2187//3721 1601//3721
f 1464//3722 1465//3722 2188//3722
f 1464//3723 2188//3723 2189//3723
f 1603//3724 2187//3724 1602//3724
f 1603//3725 2190//3725 2191//3725
f 1603//3726 2191//3726 2187//3726
f 1463//3727 1464//3727 2189//3727
f 1463//3728 2189//3728 2192//3728
f 1604//3729 2190//3729 1603//3729
f 1462//3730 1463//3730 2192//3730
f 1462//3731 2192//3731 2193//3731
f 1462//3732 2193//3732 2194//3732
f 1605//3733 2195//3733 2190//3733
f 1605//3734 2190//3734 1604//3734
f 1461//3735 1462//3735 2194//3735
f 1461//3736 2194//3736 2196//3736
f 1606//3737 2197//3737 2195//3737
f 1606//3738 2195//3738 1605//3738
f 1460//3739 1461//3739 2196//3739
f 1607//3740 2197//3740 1606//3740
f 1607//3741 2198//3741 2199//3741
f 1607//3742 2199//3742 2197//3742
f 1459//3743 1460//3743 2196//3743
f 1459//3744 2196//3744 2200//3744
f 1459//3745 2200//3745 2201//3745
f 1608//3746 2198//3746 1607//3746
f 1608//3747 2202//3747 2198//3747
f 1458//3748 1459//3748 2201//3748
f 1609//3749 2202//3749 1608//3749
f 1609//3750 2203//3750 2202//3750
f 1457//3751 1458//3751 2201//3751
f 1457//3752 2201//3752 2204//3752
f 1610//3753 2205//3753 2203//3753
f 1610//3754 2203//3754 1609//3754
f 1456//3755 1457//3755 2204//3755
f 1456//3756 2204//3756 2206//3756
f 1611//3757 2205//3757 1610//3757
f 1611//3758 2207//3758 2205//3758
f 1455//3759 2206//3759 2208//3759
f 1455//3760 1456//3760 2206//3760
f 1612//3761 2209//3761 2207//3761
f 1612//3762 2207//3762 1611//3762
f 1454//3763 1455//3763 2208//3763
f 1454//3764 2208//3764 2210//3764
f 1613//3765 2211//3765 2209//3765
f 1613//3766 2209//3766 1612//3766
f 1453//3767 1454//3767 2210//3767
f 1453//3768 2210//3768 2212//3768
f 1614//3769 2211//3769 1613//3769
f 1452//3770 1453//3770 2212//3770
f 1452//3771 2212//3771 2213//3771
f 1452//3772 2213//3772 2214//3772
f 1615//3773 2211//3773 1614//3773
f 1615//3774 2215//3774 2216//3774
f 1615//3775 2216//3775 2211//3775
f 1451//3776 1452//3776 2214//3776
f 1616//3777 2215//3777 1615//3777
f 1450//3778 1451//3778 2214//3778
f 1450//3779 2214//3779 2217//3779
f 1450//3780 2217//3780 2218//3780
f 1617//3781 2219//3781 2220//3781
f 1617//3782 2220//3782 2215//3782
f 1617//3783 2215//3783 1616//3783
f 1449//3784 1450//3784 2218//3784
f 1618//3785 2219//3785 1617//3785
f 1448//3786 1449//3786 2218//3786
f 1448//3787 2218//3787 2221//3787
f 1390//3788 2222//3788 2219//3788
f 1390//3789 2223//3789 2222//3789
f 1390//3790 2219//3790 1618//3790
f 1447//3791 1448//3791 2221//3791
f 1447//3792 2221//3792 2224//3792
f 1447//3793 2224//3793 2225//3793
f 1391//3794 2223//3794 1390//3794
f 1391//3795 2226//3795 2223//3795
f 1446//3796 1447//3796 2225//3796
f 1392//3797 2227//3797 2226//3797
f 1392//3798 2226//3798 1391//3798
f 1445//3799 1446//3799 2225//3799
f 1445//3800 2225//3800 2228//3800
f 1393//3801 2227//3801 1392//3801
f 1393//3802 2229//3802 2227//3802
f 1444//3803 2228//3803 2230//3803
f 1444//3804 1445//3804 2228//3804
f 1394//3805 2229//3805 1393//3805
f 1443//3806 2230//3806 2231//3806
f 1443//3807 1444//3807 2230//3807
f 1395//3808 2232//3808 2229//3808
f 1395//3809 2229//3809 1394//3809
f 1442//3810 2231//3810 2233//3810
f 1442//3811 1443//3811 2231//3811
f 1396//3812 2232//3812 1395//3812
f 1396//3813 2234//3813 2232//3813
f 1441//3814 1442//3814 2233//3814
f 1441//3815 2233//3815 2235//3815
f 1397//3816 2236//3816 2234//3816
f 1397//3817 2234//3817 1396//3817
f 1440//3818 2235//3818 2237//3818
f 1440//3819 1441//3819 2235//3819
f 1398//3820 2236//3820 1397//3820
f 1398//3821 2238//3821 2239//3821
f 1398//3822 2239//3822 2236//3822
f 1439//3823 2237//3823 2240//3823
f 1439//3824 1440//3824 2237//3824
f 1399//3825 2238//3825 1398//3825
f 1438//3826 2240//3826 2241//3826
f 1438//3827 2241//3827 2242//3827
f 1438//3828 1439//3828 2240//3828
f 1400//3829 2238//3829 1399//3829
f 1400//3830 2243//3830 2244//3830
f 1400//3831 2244//3831 2238//3831
f 1437//3832 1438//3832 2242//3832
f 1401//3833 2243//3833 1400//3833
f 1436//3834 2242//3834 2245//3834
f 1436//3835 1437//3835 2242//3835
f 1402//3836 2246//3836 2247//3836
f 1402//3837 2247//3837 2243//3837
f 1402//3838 2243//3838 1401//3838
f 1435//3839 2245//3839 2248//3839
f 1435//3840 1436//3840 2245//3840
f 1403//3841 2246//3841 1402//3841
f 1434//3842 2248//3842 2249//3842
f 1434//3843 1435//3843 2248//3843
f 1404//3844 2250//3844 2246//3844
f 1404//3845 2246//3845 1403//3845
f 1433//3846 2249//3846 2251//3846
f 1433//3847 1434//3847 2249//3847
f 1405//3848 2250//3848 1404//3848
f 1405//3849 2252//3849 2250//3849
f 1432//3850 2251//3850 2253//3850
f 1432//3851 1433//3851 2251//3851
f 1406//3852 2252//3852 1405//3852
f 1406//3853 2254//3853 2252//3853
f 1431//3854 1432//3854 2253//3854
f 1431//3855 2253//3855 2255//3855
f 1407//3856 2254//3856 1406//3856
f 1407//3857 2256//3857 2257//3857
f 1407//3858 2257//3858 2254//3858
f 1430//3859 1431//3859 2255//3859
f 1430//3860 2255//3860 2258//3860
f 1430//3861 2258//3861 2259//3861
f 1408//3862 2256//3862 1407//3862
f 1408//3863 2260//3863 2256//3863
f 1429//3864 1430//3864 2259//3864
f 1409//3865 2260//3865 1408//3865
f 1428//3866 2259//3866 2261//3866
f 1428//3867 2261//3867 2262//3867
f 1428//3868 1429//3868 2259//3868
f 1410//3869 2260//3869 1409//3869
f 1410//3870 2263//3870 2264//3870
f 1410//3871 2264//3871 2260//3871
f 1427//3872 1428//3872 2262//3872
f 1411//3873 2263//3873 1410//3873
f 1411//3874 2265//3874 2263//3874
f 1426//3875 2262//3875 2266//3875
f 1426//3876 1427//3876 2262//3876
f 1412//3877 2265//3877 1411//3877
f 1425//3878 1426//3878 2266//3878
f 1425//3879 2266//3879 2267//3879
f 1425//3880 2267//3880 2268//3880
f 1413//3881 2269//3881 2270//3881
f 1413//3882 2270//3882 2265//3882
f 1413//3883 2265//3883 1412//3883
f 1424//3884 1425//3884 2268//3884
f 1414//3885 2271//3885 2269//3885
f 1414//3886 2269//3886 1413//3886
f 1423//3887 2268//3887 2272//3887
f 1423//3888 1424//3888 2268//3888
f 1415//3889 2273//3889 2271//3889
f 1415//3890 2271//3890 1414//3890
f 1422//3891 1423//3891 2272//3891
f 1422//3892 2272//3892 2274//3892
f 1416//3893 2273//3893 1415//3893
f 1421//3894 1422//3894 2274//3894
f 1421//3895 2274//3895 2275//3895
f 1417//3896 2276//3896 2273//3896
f 1417//3897 2273//3897 1416//3897
f 1420//3898 2275//3898 2277//3898
f 1420//3899 2277//3899 2278//3899
f 1420//3900 1421//3900 2275//3900
f 1418//3901 2278//3901 2279//3901
f 1418//3902 2279//3902 2276//3902
f 1418//3903 2276//3903 1417//3903
f 1419//3904 1420//3904 2278//3904
f 1419//3905 2278//3905 1418//3905
f 2026//3906 1863//3906 1854//3906
f 2027//3907 1854//3907 1848//3907
f 2027//3908 2026//3908 1854//3908
f 2028//3909 1848//3909 1842//3909
f 2028//3910 2027//3910 1848//3910
f 2029//3911 1842//3911 1836//3911
f 2029//3912 2028//3912 1842//3912
f 2030//3913 1836//3913 1830//3913
f 2030//3914 2029//3914 1836//3914
f 2031//3915 1830//3915 1823//3915
f 2031//3916 2030//3916 1830//3916
f 2032//3917 1823//3917 1816//3917
f 2032//3918 2031//3918 1823//3918
f 2033//3919 1816//3919 1810//3919
f 2033//3920 2032//3920 1816//3920
f 2034//3921 1810//3921 1804//3921
f 2034//3922 2033//3922 1810//3922
f 2035//3923 1804//3923 1798//3923
f 2035//3924 2034//3924 1804//3924
f 2036//3925 1798//3925 1792//3925
f 2036//3926 2035//3926 1798//3926
f 2037//3927 1792//3927 1785//3927
f 2037//3928 2036//3928 1792//3928
f 2038//3929 2037//3929 1785//3929
f 2038//3930 1785//3930 1776//3930
f 2039//3931 2038//3931 1776//3931
f 2039//3932 1776//3932 1770//3932
f 2040//3933 2039//3933 1770//3933
f 2040//3934 1770//3934 1764//3934
f 2041//3935 2040//3935 1764//3935
f 2041//3936 1764//3936 1758//3936
f 2042//3937 2041//3937 1758//3937
f 2042//3938 1758//3938 1752//3938
f 2043//3939 2042//3939 1752//3939
f 2043//3940 1752//3940 1744//3940
f 2044//3941 2043//3941 1744//3941
f 2044//3942 1744//3942 1738//3942
f 2045//3943 2044//3943 1738//3943
f 2045//3944 1738//3944 1732//3944
f 2046//3945 2045//3945 1732//3945
f 2046//3946 1732//3946 1726//3946
f 2047//3947 2046//3947 1726//3947
f 2047//3948 1726//3948 1720//3948
f 2048//3949 2047//3949 1720//3949
f 2048//3950 1720//3950 1714//3950
f 2049//3951 2048//3951 1714//3951
f 2049//3952 1714//3952 1622//3952
f 2050//3953 2049//3953 1622//3953
f 2024//3954 2001//3954 1875//3954
f 2024//3955 1875//3955 1884//3955
f 2022//3956 1884//3956 1890//3956
f 2022//3957 2024//3957 1884//3957
f 2020//3958 1890//3958 1896//3958
f 2020//3959 2022//3959 1890//3959
f 2018//3960 1896//3960 1902//3960
f 2018//3961 2020//3961 1896//3961
f 2016//3962 1902//3962 1908//3962
f 2016//3963 2018//3963 1902//3963
f 2014//3964 1908//3964 1915//3964
f 2014//3965 2016//3965 1908//3965
f 2012//3966 1915//3966 1922//3966
f 2012//3967 2014//3967 1915//3967
f 2010//3968 1922//3968 1928//3968
f 2010//3969 2012//3969 1922//3969
f 2008//3970 1928//3970 1934//3970
f 2008//3971 2010//3971 1928//3971
f 2006//3972 1934//3972 1940//3972
f 2006//3973 2008//3973 1934//3973
f 2004//3974 1940//3974 1946//3974
f 2004//3975 2006//3975 1940//3975
f 2002//3976 2004//3976 1946//3976
f 2002//3977 1946//3977 1949//3977
f 2003//3978 2002//3978 1949//3978
f 2003//3979 1949//3979 1943//3979
f 2005//3980 2003//3980 1943//3980
f 2005//3981 1943//3981 1937//3981
f 2007//3982 2005//3982 1937//3982
f 2007//3983 1937//3983 1931//3983
f 2009//3984 2007//3984 1931//3984
f 2009//3985 1931//3985 1925//3985
f 2011//3986 2009//3986 1925//3986
f 2011//3987 1925//3987 1919//3987
f 2013//3988 2011//3988 1919//3988
f 2013//3989 1919//3989 1911//3989
f 2015//3990 2013//3990 1911//3990
f 2015//3991 1911//3991 1905//3991
f 2017//3992 2015//3992 1905//3992
f 2017//3993 1905//3993 1899//3993
f 2019//3994 2017//3994 1899//3994
f 2019//3995 1899//3995 1893//3995
f 2021//3996 2019//3996 1893//3996
f 2021//3997 1893//3997 1887//3997
f 2023//3998 2021//3998 1887//3998
f 2023//3999 1887//3999 1881//3999
f 2025//4000 1881//4000 1869//4000
f 2025//4001 2023//4001 1881//4001
f 1976//4002 1621//4002 1716//4002
f 2000//4003 1716//4003 1722//4003
f 2000//4004 1976//4004 1716//4004
f 1999//4005 1722//4005 1728//4005
f 1999//4006 2000//4006 1722//4006
f 1998//4007 1728//4007 1734//4007
f 1998//4008 1999//4008 1728//4008
f 1997//4009 1734//4009 1740//4009
f 1997//4010 1998//4010 1734//4010
f 1996//4011 1740//4011 1746//4011
f 1996//4012 1997//4012 1740//4012
f 1995//4013 1746//4013 1754//4013
f 1995//4014 1996//4014 1746//4014
f 1994//4015 1754//4015 1760//4015
f 1994//4016 1995//4016 1754//4016
f 1993//4017 1760//4017 1766//4017
f 1993//4018 1994//4018 1760//4018
f 1992//4019 1766//4019 1772//4019
f 1992//4020 1993//4020 1766//4020
f 1991//4021 1772//4021 1778//4021
f 1991//4022 1992//4022 1772//4022
f 1990//4023 1778//4023 1783//4023
f 1990//4024 1991//4024 1778//4024
f 1989//4025 1990//4025 1783//4025
f 1989//4026 1783//4026 1789//4026
f 1988//4027 1989//4027 1789//4027
f 1988//4028 1789//4028 1795//4028
f 1987//4029 1988//4029 1795//4029
f 1987//4030 1795//4030 1801//4030
f 1986//4031 1987//4031 1801//4031
f 1986//4032 1801//4032 1807//4032
f 1985//4033 1986//4033 1807//4033
f 1985//4034 1807//4034 1813//4034
f 1984//4035 1985//4035 1813//4035
f 1984//4036 1813//4036 1819//4036
f 1983//4037 1984//4037 1819//4037
f 1983//4038 1819//4038 1827//4038
f 1982//4039 1983//4039 1827//4039
f 1982//4040 1827//4040 1833//4040
f 1981//4041 1982//4041 1833//4041
f 1981//4042 1833//4042 1839//4042
f 1980//4043 1981//4043 1839//4043
f 1980//4044 1839//4044 1845//4044
f 1979//4045 1980//4045 1845//4045
f 1979//4046 1845//4046 1851//4046
f 1978//4047 1851//4047 1857//4047
f 1978//4048 1979//4048 1851//4048
f 1977//4049 1978//4049 1857//4049
f 1952//4050 1951//4050 1619//4050
f 1952//4051 1619//4051 1690//4051
f 1955//4052 1690//4052 1684//4052
f 1955//4053 1952//4053 1690//4053
f 1957//4054 1684//4054 1678//4054
f 1957//4055 1955//4055 1684//4055
f 1959//4056 1678//4056 1672//4056
f 1959//4057 1957//4057 1678//4057
f 1961//4058 1672//4058 1666//4058
f 1961//4059 1959//4059 1672//4059
f 1963//4060 1666//4060 1658//4060
f 1963//4061 1961//4061 1666//4061
f 1966//4062 1658//4062 1652//4062
f 1966//4063 1963//4063 1658//4063
f 1967//4064 1652//4064 1646//4064
f 1967//4065 1966//4065 1652//4065
f 1970//4066 1646//4066 1640//4066
f 1970//4067 1967//4067 1646//4067
f 1972//4068 1640//4068 1634//4068
f 1972//4069 1970//4069 1640//4069
f 1973//4070 1634//4070 1625//4070
f 1973//4071 1972//4071 1634//4071
f 1975//4072 1973//4072 1625//4072
f 1975//4073 1625//4073 1624//4073
f 1974//4074 1975//4074 1624//4074
f 1974//4075 1624//4075 1628//4075
f 1971//4076 1974//4076 1628//4076
f 1971//4077 1628//4077 1632//4077
f 1969//4078 1971//4078 1632//4078
f 1969//4079 1632//4079 1638//4079
f 1968//4080 1969//4080 1638//4080
f 1968//4081 1638//4081 1644//4081
f 1965//4082 1968//4082 1644//4082
f 1965//4083 1644//4083 1650//4083
f 1964//4084 1965//4084 1650//4084
f 1964//4085 1650//4085 1656//4085
f 1962//4086 1964//4086 1656//4086
f 1962//4087 1656//4087 1664//4087
f 1960//4088 1962//4088 1664//4088
f 1960//4089 1664//4089 1670//4089
f 1958//4090 1960//4090 1670//4090
f 1958//4091 1670//4091 1676//4091
f 1956//4092 1958//4092 1676//4092
f 1956//4093 1676//4093 1682//4093
f 1954//4094 1956//4094 1682//4094
f 1954//4095 1682//4095 1688//4095
f 1953//4096 1688//4096 1620//4096
f 1953//4097 1954//4097 1688//4097
f 1701//4098 2222//4098 2223//4098
f 1701//4099 1703//4099 2222//4099
f 1699//4100 2223//4100 2226//4100
f 1699//4101 1701//4101 2223//4101
f 1697//4102 2226//4102 2227//4102
f 1697//4103 1699//4103 2226//4103
f 1695//4104 2227//4104 2229//4104
f 1695//4105 1697//4105 2227//4105
f 1694//4106 2229//4106 2232//4106
f 1694//4107 1695//4107 2229//4107
f 1692//4108 2232//4108 2234//4108
f 1692//4109 1694//4109 2232//4109
f 1689//4110 2234//4110 2236//4110
f 1689//4111 1692//4111 2234//4111
f 1686//4112 2236//4112 2239//4112
f 1686//4113 1689//4113 2236//4113
f 1683//4114 2239//4114 2238//4114
f 1683//4115 1686//4115 2239//4115
f 1680//4116 1683//4116 2238//4116
f 1680//4117 2238//4117 2244//4117
f 1677//4118 1680//4118 2244//4118
f 1677//4119 2244//4119 2243//4119
f 1674//4120 1677//4120 2243//4120
f 1674//4121 2243//4121 2247//4121
f 1671//4122 2247//4122 2246//4122
f 1671//4123 1674//4123 2247//4123
f 1668//4124 2246//4124 2250//4124
f 1668//4125 1671//4125 2246//4125
f 1665//4126 2250//4126 2252//4126
f 1665//4127 1668//4127 2250//4127
f 1662//4128 2252//4128 2254//4128
f 1662//4129 1665//4129 2252//4129
f 1660//4130 2254//4130 2257//4130
f 1660//4131 1662//4131 2254//4131
f 1657//4132 2257//4132 2256//4132
f 1657//4133 1660//4133 2257//4133
f 1654//4134 2256//4134 2260//4134
f 1654//4135 1657//4135 2256//4135
f 1651//4136 2260//4136 2264//4136
f 1651//4137 1654//4137 2260//4137
f 1648//4138 2264//4138 2263//4138
f 1648//4139 1651//4139 2264//4139
f 1645//4140 2263//4140 2265//4140
f 1645//4141 1648//4141 2263//4141
f 1642//4142 2265//4142 2270//4142
f 1642//4143 1645//4143 2265//4143
f 1639//4144 2270//4144 2269//4144
f 1639//4145 1642//4145 2270//4145
f 1636//4146 2269//4146 2271//4146
f 1636//4147 1639//4147 2269//4147
f 1633//4148 2271//4148 2273//4148
f 1633//4149 1636//4149 2271//4149
f 1630//4150 2273//4150 2276//4150
f 1630//4151 1633//4151 2273//4151
f 1623//4152 2276//4152 2279//4152
f 1623//4153 1630//4153 2276//4153
f 1626//4154 1623//4154 2279//4154
f 1626//4155 2279//4155 2278//4155
f 1627//4156 1626//4156 2278//4156
f 1627//4157 2278//4157 2277//4157
f 1629//4158 1627//4158 2277//4158
f 1629//4159 2277//4159 2275//4159
f 1631//4160 1629//4160 2275//4160
f 1631//4161 2275//4161 2274//4161
f 1635//4162 2274//4162 2272//4162
f 1635//4163 1631//4163 2274//4163
f 1637//4164 2272//4164 2268//4164
f 1637//4165 1635//4165 2272//4165
f 1641//4166 1637//4166 2268//4166
f 1641//4167 2268//4167 2267//4167
f 1643//4168 1641//4168 2267//4168
f 1643//4169 2267//4169 2266//4169
f 1647//4170 1643//4170 2266//4170
f 1647//4171 2266//4171 2262//4171
f 1649//4172 1647//4172 2262//4172
f 1649//4173 2262//4173 2261//4173
f 1653//4174 1649//4174 2261//4174
f 1653//4175 2261//4175 2259//4175
f 1655//4176 1653//4176 2259//4176
f 1655//4177 2259//4177 2258//4177
f 1659//4178 1655//4178 2258//4178
f 1659//4179 2258//4179 2255//4179
f 1661//4180 1659//4180 2255//4180
f 1661//4181 2255//4181 2253//4181
f 1663//4182 1661//4182 2253//4182
f 1663//4183 2253//4183 2251//4183
f 1667//4184 1663//4184 2251//4184
f 1667//4185 2251//4185 2249//4185
f 1669//4186 1667//4186 2249//4186
f 1669//4187 2249//4187 2248//4187
f 1673//4188 1669//4188 2248//4188
f 1673//4189 2248//4189 2245//4189
f 1675//4190 1673//4190 2245//4190
f 1675//4191 2245//4191 2242//4191
f 1679//4192 1675//4192 2242//4192
f 1679//4193 2242//4193 2241//4193
f 1681//4194 1679//4194 2241//4194
f 1681//4195 2241//4195 2240//4195
f 1685//4196 1681//4196 2240//4196
f 1685//4197 2240//4197 2237//4197
f 1687//4198 1685//4198 2237//4198
f 1687//4199 2237//4199 2235//4199
f 1691//4200 1687//4200 2235//4200
f 1691//4201 2235//4201 2233//4201
f 1693//4202 1691//4202 2233//4202
f 1693//4203 2233//4203 2231//4203
f 1696//4204 2231//4204 2230//4204
f 1696//4205 1693//4205 2231//4205
f 1698//4206 2230//4206 2228//4206
f 1698//4207 1696//4207 2230//4207
f 1700//4208 2228//4208 2225//4208
f 1700//4209 1698//4209 2228//4209
f 1702//4210 2225//4210 2224//4210
f 1702//4211 1700//4211 2225//4211
f 1704//4212 2224//4212 2221//4212
f 1704//4213 1702//4213 2224//4213
f 1706//4214 2221//4214 2218//4214
f 1706//4215 1704//4215 2221//4215
f 1708//4216 1706//4216 2218//4216
f 1708//4217 2218//4217 2217//4217
f 1710//4218 1708//4218 2217//4218
f 1710//4219 2217//4219 2214//4219
f 1712//4220 1710//4220 2214//4220
f 1712//4221 2214//4221 2213//4221
f 1715//4222 1712//4222 2213//4222
f 1715//4223 2213//4223 2212//4223
f 1718//4224 1715//4224 2212//4224
f 1718//4225 2212//4225 2210//4225
f 1721//4226 1718//4226 2210//4226
f 1721//4227 2210//4227 2208//4227
f 1724//4228 1721//4228 2208//4228
f 1724//4229 2208//4229 2206//4229
f 1727//4230 1724//4230 2206//4230
f 1727//4231 2206//4231 2204//4231
f 1730//4232 1727//4232 2204//4232
f 1730//4233 2204//4233 2201//4233
f 1733//4234 1730//4234 2201//4234
f 1733//4235 2201//4235 2200//4235
f 1736//4236 1733//4236 2200//4236
f 1736//4237 2200//4237 2196//4237
f 1739//4238 1736//4238 2196//4238
f 1739//4239 2196//4239 2194//4239
f 1742//4240 1739//4240 2194//4240
f 1742//4241 2194//4241 2193//4241
f 1745//4242 1742//4242 2193//4242
f 1745//4243 2193//4243 2192//4243
f 1748//4244 2192//4244 2189//4244
f 1748//4245 1745//4245 2192//4245
f 1750//4246 1748//4246 2189//4246
f 1750//4247 2189//4247 2188//4247
f 1753//4248 2188//4248 2186//4248
f 1753//4249 1750//4249 2188//4249
f 1756//4250 2186//4250 2183//4250
f 1756//4251 1753//4251 2186//4251
f 1759//4252 2183//4252 2182//4252
f 1759//4253 1756//4253 2183//4253
f 1762//4254 2182//4254 2179//4254
f 1762//4255 1759//4255 2182//4255
f 1765//4256 2179//4256 2177//4256
f 1765//4257 1762//4257 2179//4257
f 1768//4258 2177//4258 2176//4258
f 1768//4259 1765//4259 2177//4259
f 1771//4260 1768//4260 2176//4260
f 1774//4261 2176//4261 2174//4261
f 1774//4262 1771//4262 2176//4262
f 1777//4263 2174//4263 2171//4263
f 1777//4264 1774//4264 2174//4264
f 1780//4265 2171//4265 2169//4265
f 1780//4266 1777//4266 2171//4266
f 1782//4267 1780//4267 2169//4267
f 1782//4268 2169//4268 2166//4268
f 1784//4269 1782//4269 2166//4269
f 1784//4270 2166//4270 2165//4270
f 1788//4271 1784//4271 2165//4271
f 1788//4272 2165//4272 2163//4272
f 1790//4273 1788//4273 2163//4273
f 1790//4274 2163//4274 2161//4274
f 1791//4275 1790//4275 2161//4275
f 1791//4276 2161//4276 2159//4276
f 1796//4277 1791//4277 2159//4277
f 1796//4278 2159//4278 2157//4278
f 1797//4279 1796//4279 2157//4279
f 1797//4280 2157//4280 2155//4280
f 1802//4281 1797//4281 2155//4281
f 1802//4282 2155//4282 2153//4282
f 1803//4283 1802//4283 2153//4283
f 1803//4284 2153//4284 2151//4284
f 1808//4285 2151//4285 2149//4285
f 1808//4286 1803//4286 2151//4286
f 1809//4287 1808//4287 2149//4287
f 1809//4288 2149//4288 2147//4288
f 1814//4289 2147//4289 2145//4289
f 1814//4290 1809//4290 2147//4290
f 1815//4291 2145//4291 2143//4291
f 1815//4292 1814//4292 2145//4292
f 1822//4293 2143//4293 2141//4293
f 1822//4294 1815//4294 2143//4294
f 1820//4295 2141//4295 2139//4295
f 1820//4296 1822//4296 2141//4296
f 1821//4297 2139//4297 2137//4297
f 1821//4298 1820//4298 2139//4298
f 1828//4299 2137//4299 2135//4299
f 1828//4300 1821//4300 2137//4300
f 1829//4301 2135//4301 2133//4301
f 1829//4302 1828//4302 2135//4302
f 1834//4303 2133//4303 2131//4303
f 1834//4304 1829//4304 2133//4304
f 1835//4305 2131//4305 2129//4305
f 1835//4306 1834//4306 2131//4306
f 1840//4307 2129//4307 2127//4307
f 1840//4308 1835//4308 2129//4308
f 1841//4309 2127//4309 2125//4309
f 1841//4310 1840//4310 2127//4310
f 1846//4311 2125//4311 2123//4311
f 1846//4312 1841//4312 2125//4312
f 1847//4313 2123//4313 2121//4313
f 1847//4314 1846//4314 2123//4314
f 1852//4315 2121//4315 2119//4315
f 1852//4316 1847//4316 2121//4316
f 1853//4317 1852//4317 2119//4317
f 1853//4318 2119//4318 2117//4318
f 1862//4319 1853//4319 2117//4319
f 1862//4320 2117//4320 2115//4320
f 1861//4321 1862//4321 2115//4321
f 1861//4322 2115//4322 2113//4322
f 1860//4323 1861//4323 2113//4323
f 1860//4324 2113//4324 2111//4324
f 1858//4325 1860//4325 2111//4325
f 1858//4326 2111//4326 2109//4326
f 1859//4327 2109//4327 2107//4327
f 1859//4328 1858//4328 2109//4328
f 1880//4329 2107//4329 2105//4329
f 1880//4330 1859//4330 2107//4330
f 1879//4331 2105//4331 2103//4331
f 1879//4332 1880//4332 2105//4332
f 1878//4333 2103//4333 2101//4333
f 1878//4334 1879//4334 2103//4334
f 1876//4335 2101//4335 2099//4335
f 1876//4336 1878//4336 2101//4336
f 1877//4337 2099//4337 2097//4337
f 1877//4338 1876//4338 2099//4338
f 1885//4339 2097//4339 2095//4339
f 1885//4340 1877//4340 2097//4340
f 1886//4341 2095//4341 2093//4341
f 1886//4342 1885//4342 2095//4342
f 1891//4343 2093//4343 2091//4343
f 1891//4344 1886//4344 2093//4344
f 1892//4345 2091//4345 2089//4345
f 1892//4346 1891//4346 2091//4346
f 1897//4347 2089//4347 2087//4347
f 1897//4348 1892//4348 2089//4348
f 1898//4349 2087//4349 2085//4349
f 1898//4350 1897//4350 2087//4350
f 1903//4351 2085//4351 2083//4351
f 1903//4352 1898//4352 2085//4352
f 1904//4353 2083//4353 2081//4353
f 1904//4354 1903//4354 2083//4354
f 1909//4355 2081//4355 2079//4355
f 1909//4356 1904//4356 2081//4356
f 1910//4357 1909//4357 2079//4357
f 1910//4358 2079//4358 2077//4358
f 1918//4359 1910//4359 2077//4359
f 1918//4360 2077//4360 2075//4360
f 1916//4361 1918//4361 2075//4361
f 1916//4362 2075//4362 2073//4362
f 1917//4363 1916//4363 2073//4363
f 1917//4364 2073//4364 2071//4364
f 1923//4365 2071//4365 2069//4365
f 1923//4366 1917//4366 2071//4366
f 1924//4367 2069//4367 2067//4367
f 1924//4368 1923//4368 2069//4368
f 1929//4369 2067//4369 2065//4369
f 1929//4370 1924//4370 2067//4370
f 1930//4371 1929//4371 2065//4371
f 1930//4372 2065//4372 2063//4372
f 1935//4373 1930//4373 2063//4373
f 1935//4374 2063//4374 2061//4374
f 1936//4375 1935//4375 2061//4375
f 1936//4376 2061//4376 2059//4376
f 1941//4377 1936//4377 2059//4377
f 1941//4378 2059//4378 2057//4378
f 1942//4379 1941//4379 2057//4379
f 1942//4380 2057//4380 2055//4380
f 1947//4381 1942//4381 2055//4381
f 1947//4382 2055//4382 2053//4382
f 1948//4383 1947//4383 2053//4383
f 1948//4384 2053//4384 2052//4384
f 1950//4385 1948//4385 2052//4385
f 1950//4386 2052//4386 2051//4386
f 1945//4387 1950//4387 2051//4387
f 1945//4388 2051//4388 2054//4388
f 1944//4389 1945//4389 2054//4389
f 1944//4390 2054//4390 2056//4390
f 1939//4391 1944//4391 2056//4391
f 1939//4392 2056//4392 2058//4392
f 1938//4393 1939//4393 2058//4393
f 1938//4394 2058//4394 2060//4394
f 1933//4395 1938//4395 2060//4395
f 1932//4396 1933//4396 2060//4396
f 1932//4397 2060//4397 2062//4397
f 1927//4398 1932//4398 2062//4398
f 1927//4399 2062//4399 2064//4399
f 1926//4400 1927//4400 2064//4400
f 1926//4401 2064//4401 2066//4401
f 1921//4402 1926//4402 2066//4402
f 1921//4403 2066//4403 2068//4403
f 1920//4404 1921//4404 2068//4404
f 1920//4405 2068//4405 2070//4405
f 1914//4406 2070//4406 2072//4406
f 1914//4407 1920//4407 2070//4407
f 1913//4408 1914//4408 2072//4408
f 1913//4409 2072//4409 2074//4409
f 1912//4410 2074//4410 2076//4410
f 1912//4411 1913//4411 2074//4411
f 1907//4412 2076//4412 2078//4412
f 1907//4413 1912//4413 2076//4413
f 1906//4414 2078//4414 2080//4414
f 1906//4415 1907//4415 2078//4415
f 1901//4416 2080//4416 2082//4416
f 1901//4417 1906//4417 2080//4417
f 1900//4418 2082//4418 2084//4418
f 1900//4419 1901//4419 2082//4419
f 1895//4420 1900//4420 2084//4420
f 1895//4421 2084//4421 2086//4421
f 1894//4422 1895//4422 2086//4422
f 1894//4423 2086//4423 2088//4423
f 1889//4424 1894//4424 2088//4424
f 1889//4425 2088//4425 2090//4425
f 1888//4426 1889//4426 2090//4426
f 1888//4427 2090//4427 2092//4427
f 1883//4428 1888//4428 2092//4428
f 1883//4429 2092//4429 2094//4429
f 1882//4430 1883//4430 2094//4430
f 1882//4431 2094//4431 2096//4431
f 1874//4432 1882//4432 2096//4432
f 1874//4433 2096//4433 2098//4433
f 1873//4434 1874//4434 2098//4434
f 1873//4435 2098//4435 2100//4435
f 1872//4436 1873//4436 2100//4436
f 1872//4437 2100//4437 2102//4437
f 1871//4438 1872//4438 2102//4438
f 1871//4439 2102//4439 2104//4439
f 1870//4440 1871//4440 2104//4440
f 1870//4441 2104//4441 2106//4441
f 1868//4442 1870//4442 2106//4442
f 1868//4443 2106//4443 2108//4443
f 1867//4444 1868//4444 2108//4444
f 1867//4445 2108//4445 2110//4445
f 1866//4446 1867//4446 2110//4446
f 1866//4447 2110//4447 2112//4447
f 1865//4448 2112//4448 2114//4448
f 1865//4449 1866//4449 2112//4449
f 1864//4450 2114//4450 2116//4450
f 1864//4451 1865//4451 2114//4451
f 1856//4452 2116//4452 2118//4452
f 1856//4453 1864//4453 2116//4453
f 1855//4454 2118//4454 2120//4454
f 1855//4455 1856//4455 2118//4455
f 1850//4456 2120//4456 2122//4456
f 1850//4457 1855//4457 2120//4457
f 1849//4458 2122//4458 2124//4458
f 1849//4459 1850//4459 2122//4459
f 1844//4460 2124//4460 2126//4460
f 1844//4461 1849//4461 2124//4461
f 1843//4462 2126//4462 2128//4462
f 1843//4463 1844//4463 2126//4463
f 1838//4464 2128//4464 2130//4464
f 1838//4465 1843//4465 2128//4465
f 1837//4466 2130//4466 2132//4466
f 1837//4467 1838//4467 2130//4467
f 1832//4468 2132//4468 2134//4468
f 1832//4469 1837//4469 2132//4469
f 1831//4470 1832//4470 2134//4470
f 1831//4471 2134//4471 2136//4471
f 1826//4472 1831//4472 2136//4472
f 1826//4473 2136//4473 2138//4473
f 1825//4474 1826//4474 2138//4474
f 1825//4475 2138//4475 2140//4475
f 1824//4476 1825//4476 2140//4476
f 1824//4477 2140//4477 2142//4477
f 1818//4478 1824//4478 2142//4478
f 1818//4479 2142//4479 2144//4479
f 1817//4480 1818//4480 2144//4480
f 1817//4481 2144//4481 2146//4481
f 1812//4482 1817//4482 2146//4482
f 1812//4483 2146//4483 2148//4483
f 1811//4484 1812//4484 2148//4484
f 1811//4485 2148//4485 2150//4485
f 1806//4486 2150//4486 2152//4486
f 1806//4487 1811//4487 2150//4487
f 1805//4488 2152//4488 2154//4488
f 1805//4489 1806//4489 2152//4489
f 1800//4490 2154//4490 2156//4490
f 1800//4491 1805//4491 2154//4491
f 1799//4492 2156//4492 2158//4492
f 1799//4493 1800//4493 2156//4493
f 1794//4494 2158//4494 2160//4494
f 1794//4495 1799//4495 2158//4495
f 1793//4496 2160//4496 2162//4496
f 1793//4497 1794//4497 2160//4497
f 1787//4498 2162//4498 2164//4498
f 1787//4499 1793//4499 2162//4499
f 1786//4500 2164//4500 2167//4500
f 1786//4501 1787//4501 2164//4501
f 1781//4502 2167//4502 2168//4502
f 1781//4503 1786//4503 2167//4503
f 1779//4504 2168//4504 2170//4504
f 1779//4505 1781//4505 2168//4505
f 1775//4506 2170//4506 2173//4506
f 1775//4507 1779//4507 2170//4507
f 1773//4508 2173//4508 2172//4508
f 1773//4509 1775//4509 2173//4509
f 1769//4510 2172//4510 2175//4510
f 1769//4511 1773//4511 2172//4511
f 1767//4512 2175//4512 2178//4512
f 1767//4513 1769//4513 2175//4513
f 1763//4514 2178//4514 2181//4514
f 1763//4515 1767//4515 2178//4515
f 1761//4516 2181//4516 2180//4516
f 1761//4517 1763//4517 2181//4517
f 1757//4518 2180//4518 2185//4518
f 1757//4519 1761//4519 2180//4519
f 1755//4520 1757//4520 2185//4520
f 1755//4521 2185//4521 2184//4521
f 1751//4522 1755//4522 2184//4522
f 1751//4523 2184//4523 2187//4523
f 1749//4524 1751//4524 2187//4524
f 1749//4525 2187//4525 2191//4525
f 1747//4526 2191//4526 2190//4526
f 1747//4527 1749//4527 2191//4527
f 1743//4528 2190//4528 2195//4528
f 1743//4529 1747//4529 2190//4529
f 1741//4530 2195//4530 2197//4530
f 1741//4531 1743//4531 2195//4531
f 1737//4532 2197//4532 2199//4532
f 1737//4533 1741//4533 2197//4533
f 1735//4534 2199//4534 2198//4534
f 1735//4535 1737//4535 2199//4535
f 1731//4536 2198//4536 2202//4536
f 1731//4537 1735//4537 2198//4537
f 1729//4538 2202//4538 2203//4538
f 1729//4539 1731//4539 2202//4539
f 1725//4540 2203//4540 2205//4540
f 1725//4541 1729//4541 2203//4541
f 1723//4542 2205//4542 2207//4542
f 1723//4543 1725//4543 2205//4543
f 1719//4544 2207//4544 2209//4544
f 1719//4545 1723//4545 2207//4545
f 1717//4546 2209//4546 2211//4546
f 1717//4547 1719//4547 2209//4547
f 1713//4548 2211//4548 2216//4548
f 1713//4549 1717//4549 2211//4549
f 1711//4550 2216//4550 2215//4550
f 1711//4551 1713//4551 2216//4551
f 1709//4552 2215//4552 2220//4552
f 1709//4553 1711//4553 2215//4553
f 1707//4554 2220//4554 2219//4554
f 1707//4555 1709//4555 2220//4555
f 1705//4556 2219//4556 2222//4556
f 1705//4557 1707//4557 2219//4557
f 1703//4558 1705//4558 2222//4558
