# Created by FreeCAD <http://www.freecad.org>
v 10.000000 -0.000000 10.000000
v 9.996236 0.274340 10.000000
v 10.000000 0.000000 10.500000
v 9.996236 0.274340 10.500000
v 9.984947 0.548474 10.000000
v 9.984947 0.548474 10.500000
v 9.966143 0.822196 10.000000
v 9.966143 0.822196 10.500000
v 9.939836 1.095298 10.000000
v 9.939836 1.095298 10.500000
v 9.906046 1.367575 10.000000
v 9.906046 1.367575 10.500000
v 9.864799 1.638824 10.000000
v 9.864799 1.638824 10.500000
v 9.816127 1.908838 10.000000
v 9.816127 1.908838 10.500000
v 9.760064 2.177416 10.000000
v 9.760064 2.177416 10.500000
v 9.696655 2.444354 10.000000
v 9.696655 2.444354 10.500000
v 9.625948 2.709453 10.000000
v 9.625948 2.709453 10.500000
v 9.547994 2.972512 10.000000
v 9.547994 2.972512 10.500000
v 9.462852 3.233333 10.000000
v 9.462852 3.233333 10.500000
v 9.370586 3.491720 10.000000
v 9.370586 3.491720 10.500000
v 9.271268 3.747479 10.000000
v 9.271268 3.747479 10.500000
v 9.164969 4.000417 10.000000
v 9.164969 4.000417 10.500000
v 9.051772 4.250344 10.000000
v 9.051772 4.250344 10.500000
v 8.931761 4.497071 10.000000
v 8.931761 4.497071 10.500000
v 8.805026 4.740412 10.000000
v 8.805026 4.740412 10.500000
v 8.671663 4.980186 10.000000
v 8.671663 4.980186 10.500000
v 8.531774 5.216210 10.000000
v 8.531774 5.216210 10.500000
v 8.385460 5.448308 10.000000
v 8.385460 5.448308 10.500000
v 8.232835 5.676304 10.000000
v 8.232835 5.676304 10.500000
v 8.074012 5.900028 10.000000
v 8.074012 5.900028 10.500000
v 7.909111 6.119310 10.500000
v 7.909111 6.119310 10.000000
v 7.738257 6.333986 10.000000
v 7.738257 6.333986 10.500000
v 7.561578 6.543893 10.000000
v 7.561578 6.543893 10.500000
v 7.379206 6.748875 10.000000
v 7.379206 6.748875 10.500000
v 7.191280 6.948776 10.000000
v 7.191280 6.948776 10.500000
v 6.997940 7.143447 10.000000
v 6.997940 7.143447 10.500000
v 6.799333 7.332740 10.000000
v 6.799333 7.332740 10.500000
v 6.595607 7.516513 10.000000
v 6.595607 7.516513 10.500000
v 6.386916 7.694628 10.000000
v 6.386916 7.694628 10.500000
v 6.173417 7.866951 10.000000
v 6.173417 7.866951 10.500000
v 5.955271 8.033352 10.000000
v 5.955271 8.033352 10.500000
v 5.732642 8.193706 10.000000
v 5.732642 8.193706 10.500000
v 5.505698 8.347891 10.000000
v 5.505698 8.347891 10.500000
v 5.274610 8.495792 10.000000
v 5.274610 8.495792 10.500000
v 5.039550 8.637299 10.000000
v 5.039550 8.637299 10.500000
v 4.800697 8.772304 10.000000
v 4.800697 8.772304 10.500000
v 4.558230 8.900704 10.000000
v 4.558230 8.900704 10.500000
v 4.312333 9.022405 10.000000
v 4.312333 9.022405 10.500000
v 4.063189 9.137314 10.000000
v 4.063189 9.137314 10.500000
v 3.810986 9.245344 10.000000
v 3.810986 9.245344 10.500000
v 3.555914 9.346416 10.000000
v 3.555914 9.346416 10.500000
v 3.298166 9.440451 10.000000
v 3.298166 9.440451 10.500000
v 3.037935 9.527379 10.000000
v 3.037935 9.527379 10.500000
v 2.775416 9.607136 10.000000
v 2.775416 9.607136 10.500000
v 2.510809 9.679661 10.500000
v 2.510809 9.679661 10.000000
v 2.244312 9.744900 10.000000
v 2.244312 9.744900 10.500000
v 1.976125 9.802802 10.000000
v 1.976125 9.802802 10.500000
v 1.706451 9.853326 10.000000
v 1.706451 9.853326 10.500000
v 1.435492 9.896432 10.000000
v 1.435492 9.896432 10.500000
v 1.163452 9.932088 10.000000
v 1.163452 9.932088 10.500000
v 0.890537 9.960268 10.000000
v 0.890537 9.960268 10.500000
v 0.616951 9.980950 10.000000
v 0.616951 9.980950 10.500000
v 0.342901 9.994120 10.000000
v 0.342901 9.994120 10.500000
v 0.068593 9.999764 10.500000
v 0.068593 9.999764 10.000000
v -0.205767 9.997883 10.000000
v -0.205767 9.997883 10.500000
v -0.479972 9.988475 10.000000
v -0.479972 9.988475 10.500000
v -0.753815 9.971548 10.500000
v -0.753815 9.971548 10.000000
v -1.027091 9.947114 10.000000
v -1.027091 9.947114 10.500000
v -1.299595 9.915194 10.000000
v -1.299595 9.915194 10.500000
v -1.571119 9.875808 10.000000
v -1.571119 9.875808 10.500000
v -1.841461 9.828989 10.500000
v -1.841461 9.828989 10.000000
v -2.110417 9.774771 10.000000
v -2.110417 9.774771 10.500000
v -2.377784 9.713194 10.000000
v -2.377784 9.713194 10.500000
v -2.643362 9.644306 10.500000
v -2.643362 9.644306 10.000000
v -2.906949 9.568158 10.000000
v -2.906949 9.568158 10.500000
v -3.168348 9.484807 10.000000
v -3.168348 9.484807 10.500000
v -3.427362 9.394317 10.000000
v -3.427362 9.394317 10.500000
v -3.683796 9.296755 10.000000
v -3.683796 9.296755 10.500000
v -3.937458 9.192194 10.000000
v -3.937458 9.192194 10.500000
v -4.188155 9.080713 10.000000
v -4.188155 9.080713 10.500000
v -4.435699 8.962398 10.000000
v -4.435699 8.962398 10.500000
v -4.679904 8.837336 10.000000
v -4.679904 8.837336 10.500000
v -4.920587 8.705621 10.500000
v -4.920587 8.705621 10.000000
v -5.157565 8.567352 10.000000
v -5.157565 8.567352 10.500000
v -5.390661 8.422634 10.000000
v -5.390661 8.422634 10.500000
v -5.619699 8.271577 10.500000
v -5.619699 8.271577 10.000000
v -5.844507 8.114292 10.000000
v -5.844507 8.114292 10.500000
v -6.064915 7.950900 10.500000
v -6.064915 7.950900 10.000000
v -6.280757 7.781522 10.000000
v -6.280757 7.781522 10.500000
v -6.491872 7.606287 10.000000
v -6.491872 7.606287 10.500000
v -6.698100 7.425325 10.000000
v -6.698100 7.425325 10.500000
v -6.899286 7.238775 10.000000
v -6.899286 7.238775 10.500000
v -7.095278 7.046775 10.000000
v -7.095278 7.046775 10.500000
v -7.285929 6.849470 10.500000
v -7.285929 6.849470 10.000000
v -7.471095 6.647010 10.500000
v -7.471095 6.647010 10.000000
v -7.650638 6.439546 10.000000
v -7.650638 6.439546 10.500000
v -7.824421 6.227234 10.000000
v -7.824421 6.227234 10.500000
v -7.992314 6.010234 10.000000
v -7.992314 6.010234 10.500000
v -8.154191 5.788711 10.000000
v -8.154191 5.788711 10.500000
v -8.309930 5.562829 10.500000
v -8.309930 5.562829 10.000000
v -8.459413 5.332761 10.000000
v -8.459413 5.332761 10.500000
v -8.602528 5.098678 10.500000
v -8.602528 5.098678 10.000000
v -8.739167 4.860756 10.000000
v -8.739167 4.860756 10.500000
v -8.869228 4.619176 10.000000
v -8.869228 4.619176 10.500000
v -8.992613 4.374119 10.500000
v -8.992613 4.374119 10.000000
v -9.109228 4.125769 10.500000
v -9.109228 4.125769 10.000000
v -9.218986 3.874313 10.500000
v -9.218986 3.874313 10.000000
v -9.321804 3.619940 10.000000
v -9.321804 3.619940 10.500000
v -9.417605 3.362843 10.000000
v -9.417605 3.362843 10.500000
v -9.506317 3.103214 10.500000
v -9.506317 3.103214 10.000000
v -9.587873 2.841249 10.000000
v -9.587873 2.841249 10.500000
v -9.662210 2.577146 10.000000
v -9.662210 2.577146 10.500000
v -9.729276 2.311102 10.000000
v -9.729276 2.311102 10.500000
v -9.789017 2.043319 10.500000
v -9.789017 2.043319 10.000000
v -9.841389 1.773998 10.000000
v -9.841389 1.773998 10.500000
v -9.886353 1.503341 10.000000
v -9.886353 1.503341 10.500000
v -9.923874 1.231552 10.500000
v -9.923874 1.231552 10.000000
v -9.953925 0.958837 10.000000
v -9.953925 0.958837 10.500000
v -9.976483 0.685399 10.500000
v -9.976483 0.685399 10.000000
v -9.991532 0.411446 10.500000
v -9.991532 0.411446 10.000000
v -9.999059 0.137183 10.000000
v -9.999059 0.137183 10.500000
v -9.999059 -0.137183 10.000000
v -9.999059 -0.137183 10.500000
v -9.991532 -0.411446 10.500000
v -9.991532 -0.411446 10.000000
v -9.976483 -0.685399 10.500000
v -9.976483 -0.685399 10.000000
v -9.953925 -0.958837 10.000000
v -9.953925 -0.958837 10.500000
v -9.923874 -1.231552 10.000000
v -9.923874 -1.231552 10.500000
v -9.886353 -1.503341 10.500000
v -9.886353 -1.503341 10.000000
v -9.841389 -1.773998 10.500000
v -9.841389 -1.773998 10.000000
v -9.789017 -2.043319 10.000000
v -9.789017 -2.043319 10.500000
v -9.729276 -2.311102 10.000000
v -9.729276 -2.311102 10.500000
v -9.662210 -2.577146 10.000000
v -9.662210 -2.577146 10.500000
v -9.587873 -2.841249 10.500000
v -9.587873 -2.841249 10.000000
v -9.506317 -3.103214 10.000000
v -9.506317 -3.103214 10.500000
v -9.417605 -3.362843 10.000000
v -9.417605 -3.362843 10.500000
v -9.321804 -3.619940 10.500000
v -9.321804 -3.619940 10.000000
v -9.218986 -3.874313 10.000000
v -9.218986 -3.874313 10.500000
v -9.109228 -4.125769 10.000000
v -9.109228 -4.125769 10.500000
v -8.992613 -4.374119 10.000000
v -8.992613 -4.374119 10.500000
v -8.869228 -4.619176 10.000000
v -8.869228 -4.619176 10.500000
v -8.739167 -4.860756 10.000000
v -8.739167 -4.860756 10.500000
v -8.602528 -5.098678 10.000000
v -8.602528 -5.098678 10.500000
v -8.459413 -5.332761 10.000000
v -8.459413 -5.332761 10.500000
v -8.309930 -5.562829 10.000000
v -8.309930 -5.562829 10.500000
v -8.154191 -5.788711 10.000000
v -8.154191 -5.788711 10.500000
v -7.992314 -6.010234 10.000000
v -7.992314 -6.010234 10.500000
v -7.824421 -6.227234 10.500000
v -7.824421 -6.227234 10.000000
v -7.650638 -6.439546 10.000000
v -7.650638 -6.439546 10.500000
v -7.471095 -6.647010 10.000000
v -7.471095 -6.647010 10.500000
v -7.285929 -6.849470 10.000000
v -7.285929 -6.849470 10.500000
v -7.095278 -7.046775 10.000000
v -7.095278 -7.046775 10.500000
v -6.899286 -7.238775 10.000000
v -6.899286 -7.238775 10.500000
v -6.698100 -7.425325 10.000000
v -6.698100 -7.425325 10.500000
v -6.491872 -7.606287 10.000000
v -6.491872 -7.606287 10.500000
v -6.280757 -7.781522 10.000000
v -6.280757 -7.781522 10.500000
v -6.064915 -7.950900 10.000000
v -6.064915 -7.950900 10.500000
v -5.844507 -8.114292 10.000000
v -5.844507 -8.114292 10.500000
v -5.619699 -8.271577 10.000000
v -5.619699 -8.271577 10.500000
v -5.390661 -8.422634 10.000000
v -5.390661 -8.422634 10.500000
v -5.157565 -8.567352 10.500000
v -5.157565 -8.567352 10.000000
v -4.920587 -8.705621 10.000000
v -4.920587 -8.705621 10.500000
v -4.679904 -8.837336 10.500000
v -4.679904 -8.837336 10.000000
v -4.435699 -8.962398 10.000000
v -4.435699 -8.962398 10.500000
v -4.188155 -9.080713 10.500000
v -4.188155 -9.080713 10.000000
v -3.937458 -9.192194 10.000000
v -3.937458 -9.192194 10.500000
v -3.683796 -9.296755 10.000000
v -3.683796 -9.296755 10.500000
v -3.427362 -9.394317 10.000000
v -3.427362 -9.394317 10.500000
v -3.168348 -9.484807 10.500000
v -3.168348 -9.484807 10.000000
v -2.906949 -9.568158 10.000000
v -2.906949 -9.568158 10.500000
v -2.643362 -9.644306 10.500000
v -2.643362 -9.644306 10.000000
v -2.377784 -9.713194 10.000000
v -2.377784 -9.713194 10.500000
v -2.110417 -9.774771 10.000000
v -2.110417 -9.774771 10.500000
v -1.841461 -9.828989 10.500000
v -1.841461 -9.828989 10.000000
v -1.571119 -9.875808 10.000000
v -1.571119 -9.875808 10.500000
v -1.299595 -9.915194 10.000000
v -1.299595 -9.915194 10.500000
v -1.027091 -9.947114 10.000000
v -1.027091 -9.947114 10.500000
v -0.753815 -9.971548 10.500000
v -0.753815 -9.971548 10.000000
v -0.479972 -9.988475 10.000000
v -0.479972 -9.988475 10.500000
v -0.205767 -9.997883 10.000000
v -0.205767 -9.997883 10.500000
v 0.068593 -9.999764 10.000000
v 0.068593 -9.999764 10.500000
v 0.342901 -9.994120 10.000000
v 0.342901 -9.994120 10.500000
v 0.616951 -9.980950 10.000000
v 0.616951 -9.980950 10.500000
v 0.890537 -9.960268 10.500000
v 0.890537 -9.960268 10.000000
v 1.163452 -9.932088 10.000000
v 1.163452 -9.932088 10.500000
v 1.435492 -9.896432 10.000000
v 1.435492 -9.896432 10.500000
v 1.706451 -9.853326 10.500000
v 1.706451 -9.853326 10.000000
v 1.976125 -9.802802 10.000000
v 1.976125 -9.802802 10.500000
v 2.244312 -9.744900 10.500000
v 2.244312 -9.744900 10.000000
v 2.510809 -9.679661 10.000000
v 2.510809 -9.679661 10.500000
v 2.775416 -9.607136 10.500000
v 2.775416 -9.607136 10.000000
v 3.037935 -9.527379 10.000000
v 3.037935 -9.527379 10.500000
v 3.298166 -9.440451 10.000000
v 3.298166 -9.440451 10.500000
v 3.555914 -9.346416 10.500000
v 3.555914 -9.346416 10.000000
v 3.810986 -9.245344 10.000000
v 3.810986 -9.245344 10.500000
v 4.063189 -9.137314 10.500000
v 4.063189 -9.137314 10.000000
v 4.312333 -9.022405 10.500000
v 4.312333 -9.022405 10.000000
v 4.558230 -8.900704 10.500000
v 4.558230 -8.900704 10.000000
v 4.800697 -8.772304 10.000000
v 4.800697 -8.772304 10.500000
v 5.039550 -8.637299 10.500000
v 5.039550 -8.637299 10.000000
v 5.274610 -8.495792 10.000000
v 5.274610 -8.495792 10.500000
v 5.505698 -8.347891 10.000000
v 5.505698 -8.347891 10.500000
v 5.732642 -8.193706 10.000000
v 5.732642 -8.193706 10.500000
v 5.955271 -8.033352 10.000000
v 5.955271 -8.033352 10.500000
v 6.173417 -7.866951 10.000000
v 6.173417 -7.866951 10.500000
v 6.386916 -7.694628 10.000000
v 6.386916 -7.694628 10.500000
v 6.595607 -7.516513 10.000000
v 6.595607 -7.516513 10.500000
v 6.799333 -7.332740 10.000000
v 6.799333 -7.332740 10.500000
v 6.997940 -7.143447 10.500000
v 6.997940 -7.143447 10.000000
v 7.191280 -6.948776 10.500000
v 7.191280 -6.948776 10.000000
v 7.379206 -6.748875 10.000000
v 7.379206 -6.748875 10.500000
v 7.561578 -6.543893 10.000000
v 7.561578 -6.543893 10.500000
v 7.738257 -6.333986 10.500000
v 7.738257 -6.333986 10.000000
v 7.909111 -6.119310 10.000000
v 7.909111 -6.119310 10.500000
v 8.074012 -5.900028 10.500000
v 8.074012 -5.900028 10.000000
v 8.232835 -5.676304 10.000000
v 8.232835 -5.676304 10.500000
v 8.385460 -5.448308 10.000000
v 8.385460 -5.448308 10.500000
v 8.531774 -5.216210 10.000000
v 8.531774 -5.216210 10.500000
v 8.671663 -4.980186 10.000000
v 8.671663 -4.980186 10.500000
v 8.805026 -4.740412 10.000000
v 8.805026 -4.740412 10.500000
v 8.931761 -4.497071 10.000000
v 8.931761 -4.497071 10.500000
v 9.051772 -4.250344 10.500000
v 9.051772 -4.250344 10.000000
v 9.164969 -4.000417 10.000000
v 9.164969 -4.000417 10.500000
v 9.271268 -3.747479 10.000000
v 9.271268 -3.747479 10.500000
v 9.370586 -3.491720 10.500000
v 9.370586 -3.491720 10.000000
v 9.462852 -3.233333 10.000000
v 9.462852 -3.233333 10.500000
v 9.547994 -2.972512 10.500000
v 9.547994 -2.972512 10.000000
v 9.625948 -2.709453 10.000000
v 9.625948 -2.709453 10.500000
v 9.696655 -2.444354 10.500000
v 9.696655 -2.444354 10.000000
v 9.760064 -2.177416 10.500000
v 9.760064 -2.177416 10.000000
v 9.816127 -1.908838 10.000000
v 9.816127 -1.908838 10.500000
v 9.864799 -1.638824 10.500000
v 9.864799 -1.638824 10.000000
v 9.906046 -1.367575 10.000000
v 9.906046 -1.367575 10.500000
v 9.939836 -1.095298 10.500000
v 9.939836 -1.095298 10.000000
v 9.966143 -0.822196 10.000000
v 9.966143 -0.822196 10.500000
v 9.984947 -0.548474 10.000000
v 9.984947 -0.548474 10.500000
v 9.996236 -0.274340 10.000000
v 9.996236 -0.274340 10.500000
v 8.227506 4.406728 11.166667
v 8.455877 3.950855 11.166667
v 8.757873 4.091957 10.833333
v 7.924524 4.266371 11.500000
v 8.038585 4.047364 11.500000
v 7.804497 4.482167 11.500000
v 8.521346 4.564111 10.833333
v 8.259388 5.022645 10.833333
v 7.974581 4.849450 11.166667
v 7.678596 4.694589 11.500000
v 7.546914 4.903477 11.500000
v 7.972780 5.466189 10.833333
v 9.666667 0.000000 10.833333
v 7.697857 5.277699 11.166667
v 7.409552 5.108674 11.500000
v 7.266611 5.310025 11.500000
v 7.662379 5.893419 10.833333
v 7.398159 5.690198 11.166667
v 7.118200 5.507379 11.500000
v 6.964432 5.700587 11.500000
v 8.996613 0.246906 11.500000
v 9.000000 0.000000 11.500000
v 9.333333 0.000000 11.166667
v 7.329110 6.303062 10.833333
v 7.076382 6.085715 11.166667
v 6.805420 5.889504 11.500000
v 6.641286 6.073987 11.500000
v 6.973969 6.693893 10.833333
v 6.733487 6.463069 11.166667
v 6.472152 6.253899 11.500000
v 6.298146 6.429102 11.500000
v 6.598014 7.064748 10.833333
v 6.370496 6.821136 11.166667
v 6.119400 6.599466 11.500000
v 5.936046 6.764862 11.500000
v 6.202368 7.414518 10.833333
v 5.988493 7.158845 11.166667
v 5.748224 6.925166 11.500000
v 5.556076 7.080256 11.500000
v 5.788212 7.742160 10.833333
v 5.588618 7.475190 11.166667
v 5.359744 7.230017 11.500000
v 5.159378 7.374335 11.500000
v 5.356781 8.046698 10.833333
v 5.172065 7.769225 11.166667
v 4.955128 7.513102 11.500000
v 4.747149 7.646214 11.500000
v 4.909364 8.327220 10.833333
v 4.740076 8.040074 11.166667
v 4.535595 7.773569 11.500000
v 4.320628 7.895073 11.500000
v 4.447295 8.582891 10.833333
v 4.293941 8.286929 11.166667
v 4.102407 8.010633 11.500000
v 3.881099 8.120164 11.500000
v 3.971954 8.812946 10.833333
v 3.834990 8.509051 11.166667
v 3.656870 8.223582 11.500000
v 3.429887 8.320809 11.500000
v 3.484759 9.016701 10.833333
v 3.364595 8.705780 11.166667
v 3.200323 8.411774 11.500000
v 2.968349 8.496406 11.500000
v 2.987164 9.193546 10.833333
v 2.884159 8.876528 11.166667
v 2.734141 8.574641 11.500000
v 2.497875 8.646422 11.500000
v 2.480654 9.342955 10.833333
v 2.395115 9.020783 11.166667
v 2.259728 8.711695 11.500000
v 2.019881 8.770410 11.500000
v 1.966741 9.464479 10.833333
v 1.898923 9.138118 11.166667
v 1.778513 8.822522 11.500000
v 1.535806 8.867993 11.500000
v 1.446959 9.557759 10.833333
v 1.397064 9.228181 11.166667
v 1.291943 8.906789 11.500000
v 1.047107 8.938879 11.500000
v 0.922858 9.622514 10.833333
v 0.891035 9.290703 11.166667
v 0.801483 8.964241 11.500000
v 0.555256 8.982856 11.500000
v 0.396003 9.658552 10.833333
v 0.382348 9.325499 11.166667
v 0.308611 8.994707 11.500000
v 0.061734 8.999788 11.500000
v -0.132034 9.665765 10.833333
v -0.127481 9.332462 11.166667
v -0.185190 8.998095 11.500000
v -0.431974 8.989627 11.500000
v -0.659677 9.644132 10.833333
v -0.636929 9.311575 11.166667
v -0.678434 8.974393 11.500000
v -0.924382 8.952403 11.500000
v -1.185351 9.593716 10.833333
v -1.144477 9.262898 11.166667
v -1.169635 8.923674 11.500000
v -1.414007 8.888227 11.500000
v -1.707487 9.514669 10.833333
v -1.648608 9.186577 11.166667
v -1.657315 8.846090 11.500000
v -1.899375 8.797294 11.500000
v -2.224528 9.407227 10.833333
v -2.147820 9.082840 11.166667
v -2.140006 8.741875 11.500000
v -2.379025 8.679875 11.500000
v -2.734930 9.271709 10.833333
v -2.640622 8.951996 11.166667
v -2.616254 8.611342 11.500000
v -2.851513 8.536326 11.500000
v -3.237170 9.108522 10.833333
v -3.125543 8.794436 11.166667
v -3.084626 8.454885 11.500000
v -3.315417 8.367079 11.500000
v -3.729748 8.918151 10.833333
v -3.601136 8.610629 11.166667
v -3.543712 8.272974 11.500000
v -3.769339 8.172643 11.500000
v -4.211196 8.701165 10.833333
v -4.065982 8.401125 11.166667
v -3.992129 8.066158 11.500000
v -4.211914 7.953602 11.500000
v -4.680076 8.458211 10.833333
v -4.518694 8.166549 11.166667
v -4.428528 7.835058 11.500000
v -4.641809 7.710617 11.500000
v -5.134989 8.190015 10.833333
v -4.957920 7.907600 11.166667
v -4.851595 7.580371 11.500000
v -5.057729 7.444419 11.500000
v -5.574576 7.897376 10.833333
v -5.382349 7.625052 11.166667
v -5.260056 7.302863 11.500000
v -5.458423 7.155810 11.500000
v -5.997528 7.581168 10.833333
v -5.790716 7.319748 11.166667
v -5.652682 7.003370 11.500000
v -5.842685 6.845658 11.500000
v -6.402580 7.242335 10.833333
v -6.181801 6.992599 11.166667
v -6.028290 6.682793 11.500000
v -6.209357 6.514897 11.500000
v -6.788524 6.881888 10.833333
v -6.554437 6.644582 11.166667
v -6.385750 6.342097 11.500000
v -6.557336 6.164523 11.500000
v -7.154209 6.500903 10.833333
v -6.907512 6.276734 11.166667
v -6.723986 5.982309 11.500000
v -6.885574 5.795591 11.500000
v -7.498542 6.100517 10.833333
v -7.239972 5.890154 11.166667
v -7.041979 5.604510 11.500000
v -7.193082 5.409211 11.500000
v -7.820498 5.681924 10.833333
v -7.550825 5.485996 11.166667
v -7.338772 5.209840 11.500000
v -7.478937 5.006546 11.500000
v -8.119113 5.246374 10.833333
v -7.839144 5.065465 11.166667
v -7.613472 4.799485 11.500000
v -7.742275 4.588810 11.500000
v -8.393498 4.795167 10.833333
v -8.104068 4.629817 11.166667
v -7.865251 4.374681 11.500000
v -7.982306 4.157259 11.500000
v -8.642834 4.329649 10.833333
v -8.344805 4.180351 11.166667
v -8.093351 3.936707 11.500000
v -8.198305 3.713192 11.500000
v -8.866376 3.851211 10.833333
v -8.560638 3.718410 11.166667
v -8.297088 3.486881 11.500000
v -8.389624 3.257946 11.500000
v -9.063457 3.361278 10.833333
v -8.750924 3.245372 11.166667
v -8.475844 3.026559 11.500000
v -8.555685 2.792893 11.500000
v -9.233489 2.861314 10.833333
v -8.915093 2.762648 11.166667
v -8.629086 2.557125 11.500000
v -8.695990 2.319431 11.500000
v -9.375965 2.352811 10.833333
v -9.052656 2.271679 11.166667
v -8.756348 2.079992 11.500000
v -8.810115 1.838987 11.500000
v -9.490459 1.837286 10.833333
v -9.163202 1.773931 11.166667
v -8.857250 1.596598 11.500000
v -8.897717 1.353007 11.500000
v -9.576631 1.316278 10.833333
v -9.246402 1.270889 11.166667
v -8.931487 1.108397 11.500000
v -8.958533 0.862953 11.500000
v -9.634221 0.791341 10.833333
v -9.302007 0.764054 11.166667
v -8.978835 0.616860 11.500000
v -8.992379 0.370302 11.500000
v -9.663060 0.264043 10.833333
v -9.329851 0.254938 11.166667
v -8.999153 0.123465 11.500000
v -9.663060 -0.264043 10.833333
v -9.329851 -0.254938 11.166667
v -8.999153 -0.123465 11.500000
v -8.992379 -0.370302 11.500000
v -9.634221 -0.791341 10.833333
v -9.302007 -0.764054 11.166667
v -8.978835 -0.616860 11.500000
v -8.958533 -0.862953 11.500000
v -9.576631 -1.316278 10.833333
v -9.246402 -1.270889 11.166667
v -8.931487 -1.108397 11.500000
v -8.897717 -1.353007 11.500000
v -9.490459 -1.837286 10.833333
v -9.163202 -1.773931 11.166667
v -8.857250 -1.596598 11.500000
v -8.810115 -1.838987 11.500000
v -9.375965 -2.352811 10.833333
v -9.052656 -2.271679 11.166667
v -8.756348 -2.079992 11.500000
v -8.695990 -2.319431 11.500000
v -9.233489 -2.861314 10.833333
v -8.915093 -2.762648 11.166667
v -8.629086 -2.557125 11.500000
v -8.555685 -2.792893 11.500000
v -9.063457 -3.361278 10.833333
v -8.750924 -3.245372 11.166667
v -8.475844 -3.026559 11.500000
v -8.389624 -3.257946 11.500000
v -8.866376 -3.851211 10.833333
v -8.560638 -3.718410 11.166667
v -8.297088 -3.486881 11.500000
v -8.198305 -3.713192 11.500000
v -8.642834 -4.329649 10.833333
v -8.344805 -4.180351 11.166667
v -8.093351 -3.936707 11.500000
v -7.982306 -4.157259 11.500000
v -8.393498 -4.795167 10.833333
v -8.104068 -4.629817 11.166667
v -7.865251 -4.374681 11.500000
v -7.742275 -4.588810 11.500000
v -8.119113 -5.246374 10.833333
v -7.839144 -5.065465 11.166667
v -7.613472 -4.799485 11.500000
v -7.478937 -5.006546 11.500000
v -7.820498 -5.681924 10.833333
v -7.550825 -5.485996 11.166667
v -7.338772 -5.209840 11.500000
v -7.193082 -5.409211 11.500000
v -7.498542 -6.100517 10.833333
v -7.239972 -5.890154 11.166667
v -7.041979 -5.604510 11.500000
v -6.885574 -5.795591 11.500000
v -7.154209 -6.500903 10.833333
v -6.907512 -6.276734 11.166667
v -6.723986 -5.982309 11.500000
v -6.557336 -6.164523 11.500000
v -6.788524 -6.881888 10.833333
v -6.554437 -6.644582 11.166667
v -6.385750 -6.342097 11.500000
v -6.209357 -6.514897 11.500000
v -6.402580 -7.242335 10.833333
v -6.181801 -6.992599 11.166667
v -6.028290 -6.682793 11.500000
v -5.842685 -6.845658 11.500000
v -5.997528 -7.581168 10.833333
v -5.790716 -7.319748 11.166667
v -5.652682 -7.003370 11.500000
v -5.458423 -7.155810 11.500000
v -5.574576 -7.897376 10.833333
v -5.382349 -7.625052 11.166667
v -5.260056 -7.302863 11.500000
v -5.057729 -7.444419 11.500000
v -5.134989 -8.190015 10.833333
v -4.957920 -7.907600 11.166667
v -4.851595 -7.580371 11.500000
v -4.641809 -7.710617 11.500000
v -4.680076 -8.458211 10.833333
v -4.518694 -8.166549 11.166667
v -4.428528 -7.835058 11.500000
v -4.211914 -7.953602 11.500000
v -4.211196 -8.701165 10.833333
v -4.065982 -8.401125 11.166667
v -3.992129 -8.066158 11.500000
v -3.769339 -8.172643 11.500000
v -3.729748 -8.918151 10.833333
v -3.601136 -8.610629 11.166667
v -3.543712 -8.272974 11.500000
v -3.315417 -8.367079 11.500000
v -3.237170 -9.108522 10.833333
v -3.125543 -8.794436 11.166667
v -3.084626 -8.454885 11.500000
v -2.851513 -8.536326 11.500000
v -2.734930 -9.271709 10.833333
v -2.640622 -8.951996 11.166667
v -2.616254 -8.611342 11.500000
v -2.379025 -8.679875 11.500000
v -2.224528 -9.407227 10.833333
v -2.147820 -9.082840 11.166667
v -2.140006 -8.741875 11.500000
v -1.899375 -8.797294 11.500000
v -1.707487 -9.514669 10.833333
v -1.648608 -9.186577 11.166667
v -1.657315 -8.846090 11.500000
v -1.414007 -8.888227 11.500000
v -1.185351 -9.593716 10.833333
v -1.144477 -9.262898 11.166667
v -1.169635 -8.923674 11.500000
v -0.924382 -8.952403 11.500000
v -0.659677 -9.644132 10.833333
v -0.636929 -9.311575 11.166667
v -0.678434 -8.974393 11.500000
v -0.431974 -8.989627 11.500000
v -0.132034 -9.665765 10.833333
v -0.127481 -9.332462 11.166667
v -0.185190 -8.998095 11.500000
v 0.061734 -8.999788 11.500000
v 0.396003 -9.658552 10.833333
v 0.382348 -9.325499 11.166667
v 0.308611 -8.994707 11.500000
v 0.555256 -8.982856 11.500000
v 0.922858 -9.622514 10.833333
v 0.891035 -9.290703 11.166667
v 0.801483 -8.964241 11.500000
v 1.047107 -8.938879 11.500000
v 1.446959 -9.557759 10.833333
v 1.397064 -9.228181 11.166667
v 1.291943 -8.906789 11.500000
v 1.535806 -8.867993 11.500000
v 1.966741 -9.464479 10.833333
v 1.898923 -9.138118 11.166667
v 1.778513 -8.822522 11.500000
v 2.019881 -8.770410 11.500000
v 2.480654 -9.342955 10.833333
v 2.395115 -9.020783 11.166667
v 2.259728 -8.711695 11.500000
v 2.497875 -8.646422 11.500000
v 2.987164 -9.193546 10.833333
v 2.884159 -8.876528 11.166667
v 2.734141 -8.574641 11.500000
v 2.968349 -8.496406 11.500000
v 3.484759 -9.016701 10.833333
v 3.364595 -8.705780 11.166667
v 3.200323 -8.411774 11.500000
v 3.429887 -8.320809 11.500000
v 3.971954 -8.812946 10.833333
v 3.834990 -8.509051 11.166667
v 3.656870 -8.223582 11.500000
v 3.881099 -8.120164 11.500000
v 4.447295 -8.582891 10.833333
v 4.293941 -8.286929 11.166667
v 4.102407 -8.010633 11.500000
v 4.320628 -7.895073 11.500000
v 4.909364 -8.327220 10.833333
v 4.740076 -8.040074 11.166667
v 4.535595 -7.773569 11.500000
v 4.747149 -7.646214 11.500000
v 5.356781 -8.046698 10.833333
v 5.172065 -7.769225 11.166667
v 4.955128 -7.513102 11.500000
v 5.159378 -7.374335 11.500000
v 5.788212 -7.742160 10.833333
v 5.588618 -7.475190 11.166667
v 5.359744 -7.230017 11.500000
v 5.556076 -7.080256 11.500000
v 6.202368 -7.414518 10.833333
v 5.988493 -7.158845 11.166667
v 5.748224 -6.925166 11.500000
v 5.936046 -6.764862 11.500000
v 6.598014 -7.064748 10.833333
v 6.370496 -6.821136 11.166667
v 6.119400 -6.599466 11.500000
v 6.298146 -6.429102 11.500000
v 6.973969 -6.693893 10.833333
v 6.733487 -6.463069 11.166667
v 6.472152 -6.253899 11.500000
v 6.641286 -6.073987 11.500000
v 7.329110 -6.303062 10.833333
v 7.076382 -6.085715 11.166667
v 6.805420 -5.889504 11.500000
v 6.964432 -5.700587 11.500000
v 7.662379 -5.893419 10.833333
v 7.398159 -5.690198 11.166667
v 7.118200 -5.507379 11.500000
v 7.266611 -5.310025 11.500000
v 7.972780 -5.466189 10.833333
v 7.697857 -5.277699 11.166667
v 7.409552 -5.108674 11.500000
v 7.546914 -4.903477 11.500000
v 8.259388 -5.022645 10.833333
v 7.974581 -4.849450 11.166667
v 7.678596 -4.694589 11.500000
v 7.804497 -4.482167 11.500000
v 8.521346 -4.564111 10.833333
v 8.227506 -4.406728 11.166667
v 7.924524 -4.266371 11.500000
v 8.038585 -4.047364 11.500000
v 8.757873 -4.091957 10.833333
v 8.455877 -3.950855 11.166667
v 8.146595 -3.825309 11.500000
v 8.248472 -3.600375 11.500000
v 8.968263 -3.607590 10.833333
v 8.659012 -3.483191 11.166667
v 8.344141 -3.372731 11.500000
v 8.433528 -3.142548 11.500000
v 9.151888 -3.112457 10.833333
v 8.836306 -3.005131 11.166667
v 8.516566 -2.910000 11.500000
v 8.593194 -2.675261 11.500000
v 9.308201 -2.608036 10.833333
v 8.987228 -2.518103 11.166667
v 8.663353 -2.438508 11.500000
v 8.726990 -2.199919 11.500000
v 9.436733 -2.095830 10.833333
v 9.111329 -2.023560 11.166667
v 8.784059 -1.959674 11.500000
v 8.834514 -1.717954 11.500000
v 9.537104 -1.577370 10.833333
v 9.208238 -1.522978 11.166667
v 8.878319 -1.474941 11.500000
v 8.915441 -1.230818 11.500000
v 9.609012 -1.054203 10.833333
v 9.277666 -1.017851 11.166667
v 8.945851 -0.985768 11.500000
v 8.969528 -0.739976 11.500000
v 9.652242 -0.527889 10.833333
v 9.319407 -0.509686 11.166667
v 8.986453 -0.493627 11.500000
v 8.996613 -0.246906 11.500000
v 9.652242 0.527889 10.833333
v 9.319407 0.509686 11.166667
v 8.986453 0.493627 11.500000
v 8.969528 0.739976 11.500000
v 9.609012 1.054203 10.833333
v 9.277666 1.017851 11.166667
v 8.945851 0.985768 11.500000
v 8.915441 1.230818 11.500000
v 9.537104 1.577370 10.833333
v 9.208238 1.522978 11.166667
v 8.878319 1.474941 11.500000
v 8.834514 1.717954 11.500000
v 9.436733 2.095830 10.833333
v 9.111329 2.023560 11.166667
v 8.784059 1.959674 11.500000
v 8.726990 2.199919 11.500000
v 9.308201 2.608036 10.833333
v 8.987228 2.518103 11.166667
v 8.663353 2.438508 11.500000
v 8.593194 2.675261 11.500000
v 9.151888 3.112457 10.833333
v 8.836306 3.005131 11.166667
v 8.516566 2.910000 11.500000
v 8.433528 3.142548 11.500000
v 8.968263 3.607590 10.833333
v 8.659012 3.483191 11.166667
v 8.344141 3.372731 11.500000
v 8.248472 3.600375 11.500000
v 8.146595 3.825309 11.500000
v -4.829500 -5.067142 10.000000
v -4.966694 -4.932742 10.000000
v -5.100150 -4.794629 10.000000
v -4.688670 -5.197728 10.000000
v -5.229766 -4.652907 10.000000
v -4.544311 -5.324400 10.000000
v -5.355446 -4.507682 10.000000
v -4.396530 -5.447065 10.000000
v -5.477095 -4.359064 10.000000
v -4.245440 -5.565630 10.000000
v -5.594620 -4.207164 10.000000
v -4.091155 -5.680005 10.000000
v -5.707933 -4.052097 10.000000
v -3.933789 -5.790104 10.000000
v -5.816951 -3.893981 10.000000
v -3.773463 -5.895844 10.000000
v -5.921589 -3.732933 10.000000
v -3.610296 -5.997147 10.000000
v -6.021770 -3.569074 10.000000
v -3.444411 -6.093934 10.000000
v -6.117417 -3.402529 10.000000
v -3.275933 -6.186135 10.000000
v -6.208460 -3.233423 10.000000
v -3.104989 -6.273678 10.000000
v -6.294829 -3.061883 10.000000
v -2.931708 -6.356500 10.000000
v -6.376460 -2.888038 10.000000
v -2.756220 -6.434536 10.000000
v -6.453290 -2.712019 10.000000
v -2.578658 -6.507728 10.000000
v -6.525263 -2.533958 10.000000
v -2.399154 -6.576022 10.000000
v -6.592324 -2.353990 10.000000
v -2.217844 -6.639365 10.000000
v -6.654422 -2.172250 10.000000
v -2.034864 -6.697711 10.000000
v -6.711511 -1.988875 10.000000
v -1.850353 -6.751014 10.000000
v -6.763547 -1.804002 10.000000
v -1.664449 -6.799236 10.000000
v -6.810493 -1.617772 10.000000
v -1.477292 -6.842340 10.000000
v -6.852312 -1.430323 10.000000
v -1.289023 -6.880292 10.000000
v -6.888972 -1.241798 10.000000
v -1.099783 -6.913065 10.000000
v -6.920447 -1.052339 10.000000
v -0.909716 -6.940635 10.000000
v -6.946712 -0.862087 10.000000
v -0.718964 -6.962980 10.000000
v -6.967748 -0.671186 10.000000
v -0.527671 -6.980083 10.000000
v -6.983539 -0.479780 10.000000
v -0.335980 -6.991932 10.000000
v -6.994072 -0.288012 10.000000
v -0.144037 -6.998518 10.000000
v -6.999341 -0.096028 10.000000
v 0.048015 -6.999835 10.000000
v -6.999341 0.096028 10.000000
v 0.240031 -6.995883 10.000000
v -6.994072 0.288012 10.000000
v 0.431866 -6.986665 10.000000
v -6.983539 0.479780 10.000000
v 0.623376 -6.972188 10.000000
v -6.967748 0.671186 10.000000
v 0.814417 -6.952462 10.000000
v -6.946712 0.862087 10.000000
v 1.004844 -6.927502 10.000000
v -6.920447 1.052339 10.000000
v 1.194516 -6.897328 10.000000
v -6.888972 1.241798 10.000000
v 1.383288 -6.861961 10.000000
v -6.852312 1.430323 10.000000
v 1.571018 -6.821430 10.000000
v -6.810493 1.617772 10.000000
v 1.757566 -6.775763 10.000000
v -6.763547 1.804002 10.000000
v 1.942792 -6.724995 10.000000
v -6.711511 1.988875 10.000000
v 2.126554 -6.669166 10.000000
v -6.654422 2.172250 10.000000
v 2.308716 -6.608315 10.000000
v -6.592324 2.353990 10.000000
v 2.489140 -6.542490 10.000000
v -6.525263 2.533958 10.000000
v 2.667690 -6.471741 10.000000
v -6.453290 2.712019 10.000000
v 2.844232 -6.396120 10.000000
v -6.376460 2.888038 10.000000
v 3.018633 -6.315683 10.000000
v -6.294829 3.061883 10.000000
v 3.190761 -6.230493 10.000000
v -6.208460 3.233423 10.000000
v 3.360488 -6.140612 10.000000
v -6.117417 3.402529 10.000000
v 3.527685 -6.046109 10.000000
v -6.021770 3.569074 10.000000
v 3.692227 -5.947055 10.000000
v -5.921589 3.732933 10.000000
v 3.853989 -5.843524 10.000000
v -5.816951 3.893981 10.000000
v 4.012850 -5.735594 10.000000
v -5.707933 4.052097 10.000000
v 4.168690 -5.623346 10.000000
v -5.594620 4.207164 10.000000
v 4.321392 -5.506866 10.000000
v -5.477095 4.359064 10.000000
v 4.470841 -5.386240 10.000000
v -5.355446 4.507682 10.000000
v 4.616925 -5.261559 10.000000
v -5.229766 4.652907 10.000000
v 4.759533 -5.132918 10.000000
v -5.100150 4.794629 10.000000
v 4.898558 -5.000413 10.000000
v -4.966694 4.932742 10.000000
v 5.033896 -4.864143 10.000000
v -4.829500 5.067142 10.000000
v 5.165444 -4.724213 10.000000
v -4.688670 5.197728 10.000000
v -4.544311 5.324400 10.000000
v 5.293105 -4.580725 10.000000
v 5.416780 -4.433790 10.000000
v 5.536378 -4.283517 10.000000
v -4.396530 5.447065 10.000000
v -4.245440 5.565630 10.000000
v 5.651809 -4.130020 10.000000
v 5.762984 -3.973413 10.000000
v -4.091155 5.680005 10.000000
v -3.933789 5.790104 10.000000
v 5.869822 -3.813815 10.000000
v -3.773463 5.895844 10.000000
v -3.610296 5.997147 10.000000
v 5.972241 -3.651347 10.000000
v -3.444411 6.093934 10.000000
v 6.070165 -3.486130 10.000000
v -3.275933 6.186135 10.000000
v 6.163518 -3.318289 10.000000
v -3.104989 6.273678 10.000000
v 6.252233 -3.147949 10.000000
v 6.336240 -2.975240 10.000000
v -2.931708 6.356500 10.000000
v 6.415479 -2.800292 10.000000
v 6.489887 -2.623235 10.000000
v -2.756220 6.434536 10.000000
v -2.578658 6.507728 10.000000
v 6.559411 -2.444204 10.000000
v -2.399154 6.576022 10.000000
v 6.623996 -2.263333 10.000000
v -2.217844 6.639365 10.000000
v 6.683595 -2.080758 10.000000
v -2.034864 6.697711 10.000000
v -1.850353 6.751014 10.000000
v 6.738163 -1.896617 10.000000
v 6.787659 -1.711048 10.000000
v -1.664449 6.799236 10.000000
v 6.832045 -1.524191 10.000000
v -1.477292 6.842340 10.000000
v 6.871288 -1.336187 10.000000
v -1.289023 6.880292 10.000000
v 6.905359 -1.147177 10.000000
v 6.934232 -0.957303 10.000000
v -1.099783 6.913065 10.000000
v -0.909716 6.940635 10.000000
v -0.718964 6.962980 10.000000
v 6.957885 -0.766708 10.000000
v 6.976300 -0.575537 10.000000
v -0.527671 6.980083 10.000000
v -0.335980 6.991932 10.000000
v 6.989463 -0.383932 10.000000
v 6.997365 -0.192038 10.000000
v -0.144037 6.998518 10.000000
v 0.048015 6.999835 10.000000
v 6.997365 0.192038 10.000000
v 7.000000 -0.000000 10.000000
v 0.240031 6.995883 10.000000
v 0.431866 6.986665 10.000000
v 6.989463 0.383932 10.000000
v 0.623376 6.972188 10.000000
v 6.976300 0.575537 10.000000
v 6.957885 0.766708 10.000000
v 6.934232 0.957303 10.000000
v 0.814417 6.952462 10.000000
v 1.004844 6.927502 10.000000
v 1.194516 6.897328 10.000000
v 6.905359 1.147177 10.000000
v 6.871288 1.336187 10.000000
v 1.383288 6.861961 10.000000
v 1.571018 6.821430 10.000000
v 6.832045 1.524191 10.000000
v 6.787659 1.711048 10.000000
v 6.738163 1.896617 10.000000
v 1.757566 6.775763 10.000000
v 1.942792 6.724995 10.000000
v 6.683595 2.080758 10.000000
v 2.126554 6.669166 10.000000
v 6.623996 2.263333 10.000000
v 2.308716 6.608315 10.000000
v 6.559411 2.444204 10.000000
v 2.489140 6.542490 10.000000
v 6.489887 2.623235 10.000000
v 6.415479 2.800292 10.000000
v 2.667690 6.471741 10.000000
v 2.844232 6.396120 10.000000
v 3.018633 6.315683 10.000000
v 6.336240 2.975240 10.000000
v 6.252233 3.147949 10.000000
v 6.163518 3.318289 10.000000
v 3.190761 6.230493 10.000000
v 6.070165 3.486130 10.000000
v 3.360488 6.140612 10.000000
v 3.527685 6.046109 10.000000
v 5.972241 3.651347 10.000000
v 5.869822 3.813815 10.000000
v 3.692227 5.947055 10.000000
v 3.853989 5.843524 10.000000
v 5.762984 3.973413 10.000000
v 4.012850 5.735594 10.000000
v 5.651809 4.130020 10.000000
v 4.168690 5.623346 10.000000
v 5.536378 4.283517 10.000000
v 4.321392 5.506866 10.000000
v 5.416780 4.433790 10.000000
v 5.293105 4.580725 10.000000
v 4.470841 5.386240 10.000000
v 4.616925 5.261559 10.000000
v 5.165444 4.724213 10.000000
v 4.759533 5.132918 10.000000
v 5.033896 4.864143 10.000000
v 4.898558 5.000413 10.000000
v -2.128583 -2.114033 11.500000
v -2.069786 -2.171632 11.500000
v -2.185779 -2.054841 11.500000
v -2.009430 -2.227598 11.500000
v -2.241328 -1.994103 11.500000
v -1.947562 -2.281886 11.500000
v -2.295191 -1.931864 11.500000
v -1.884227 -2.334457 11.500000
v -2.347326 -1.868170 11.500000
v -1.819474 -2.385270 11.500000
v -2.397694 -1.803070 11.500000
v -1.753352 -2.434288 11.500000
v -2.446257 -1.736613 11.500000
v -1.685910 -2.481473 11.500000
v -2.492979 -1.668849 11.500000
v -1.617198 -2.526790 11.500000
v -2.537824 -1.599828 11.500000
v -1.547270 -2.570206 11.500000
v -2.580758 -1.529603 11.500000
v -1.476176 -2.611686 11.500000
v -2.621750 -1.458227 11.500000
v -1.403971 -2.651201 11.500000
v -2.660769 -1.385753 11.500000
v -1.330710 -2.688719 11.500000
v -2.697784 -1.312236 11.500000
v -1.256446 -2.724214 11.500000
v -2.732768 -1.237731 11.500000
v -1.181237 -2.757658 11.500000
v -2.765696 -1.162294 11.500000
v -1.105139 -2.789026 11.500000
v -2.796541 -1.085982 11.500000
v -1.028209 -2.818295 11.500000
v -2.825282 -1.008853 11.500000
v -0.950504 -2.845442 11.500000
v -2.851895 -0.930964 11.500000
v -0.872085 -2.870447 11.500000
v -2.876362 -0.852375 11.500000
v -0.793008 -2.893292 11.500000
v -2.898663 -0.773144 11.500000
v -0.713335 -2.913958 11.500000
v -2.918783 -0.693331 11.500000
v -0.633125 -2.932431 11.500000
v -2.936705 -0.612996 11.500000
v -0.552438 -2.948697 11.500000
v -2.952417 -0.532199 11.500000
v -0.471336 -2.962742 11.500000
v -2.965906 -0.451002 11.500000
v -0.389878 -2.974558 11.500000
v -2.977162 -0.369466 11.500000
v -0.308127 -2.984134 11.500000
v -2.986178 -0.287651 11.500000
v -0.226145 -2.991464 11.500000
v -2.992945 -0.205620 11.500000
v -0.143991 -2.996542 11.500000
v -2.997460 -0.123434 11.500000
v -0.061730 -2.999365 11.500000
v -2.999718 -0.041155 11.500000
v 0.020578 -2.999929 11.500000
v -2.999718 0.041155 11.500000
v 0.102870 -2.998236 11.500000
v -2.997460 0.123434 11.500000
v 0.185085 -2.994285 11.500000
v -2.992945 0.205620 11.500000
v 0.267161 -2.988081 11.500000
v -2.986178 0.287651 11.500000
v 0.349036 -2.979626 11.500000
v -2.977162 0.369466 11.500000
v 0.430648 -2.968930 11.500000
v -2.965906 0.451002 11.500000
v 0.511935 -2.955998 11.500000
v -2.952417 0.532199 11.500000
v 0.592838 -2.940841 11.500000
v -2.936705 0.612996 11.500000
v 0.673294 -2.923470 11.500000
v -2.918783 0.693331 11.500000
v 0.753243 -2.903898 11.500000
v -2.898663 0.773144 11.500000
v 0.832625 -2.882141 11.500000
v -2.876362 0.852375 11.500000
v 0.911380 -2.858214 11.500000
v -2.851895 0.930964 11.500000
v 0.989450 -2.832135 11.500000
v -2.825282 1.008853 11.500000
v 1.066774 -2.803925 11.500000
v -2.796541 1.085982 11.500000
v 1.143296 -2.773603 11.500000
v -2.765696 1.162294 11.500000
v 1.218957 -2.741194 11.500000
v -2.732768 1.237731 11.500000
v 1.293700 -2.706721 11.500000
v -2.697784 1.312236 11.500000
v 1.367469 -2.670211 11.500000
v -2.660769 1.385753 11.500000
v 1.440209 -2.631691 11.500000
v -2.621750 1.458227 11.500000
v 1.511865 -2.591190 11.500000
v -2.580758 1.529603 11.500000
v 1.582383 -2.548738 11.500000
v -2.537824 1.599828 11.500000
v 1.651709 -2.504367 11.500000
v -2.492979 1.668849 11.500000
v 1.719793 -2.458112 11.500000
v -2.446257 1.736613 11.500000
v 1.786581 -2.410006 11.500000
v -2.397694 1.803070 11.500000
v 1.852025 -2.360085 11.500000
v -2.347326 1.868170 11.500000
v 1.916075 -2.308388 11.500000
v -2.295191 1.931864 11.500000
v 1.978682 -2.254954 11.500000
v -2.241328 1.994103 11.500000
v 2.039800 -2.199822 11.500000
v -2.185779 2.054841 11.500000
v 2.099382 -2.143034 11.500000
v -2.128583 2.114033 11.500000
v 2.157384 -2.084633 11.500000
v -2.069786 2.171632 11.500000
v 2.268473 -1.963168 11.500000
v 2.213762 -2.024662 11.500000
v -2.009430 2.227598 11.500000
v -1.947562 2.281886 11.500000
v 2.321477 -1.900196 11.500000
v -1.884227 2.334457 11.500000
v -1.819474 2.385270 11.500000
v 2.372734 -1.835793 11.500000
v 2.422204 -1.770008 11.500000
v -1.753352 2.434288 11.500000
v -1.685910 2.481473 11.500000
v 2.469851 -1.702891 11.500000
v 2.515638 -1.634492 11.500000
v -1.617198 2.526790 11.500000
v 2.559532 -1.564863 11.500000
v -1.547270 2.570206 11.500000
v 2.641508 -1.422124 11.500000
v 2.601499 -1.494056 11.500000
v -1.476176 2.611686 11.500000
v 2.679528 -1.349121 11.500000
v -1.403971 2.651201 11.500000
v -1.330710 2.688719 11.500000
v -1.256446 2.724214 11.500000
v 2.749491 -1.200125 11.500000
v 2.715532 -1.275103 11.500000
v 2.781380 -1.124244 11.500000
v -1.181237 2.757658 11.500000
v 2.811176 -1.047516 11.500000
v -1.105139 2.789026 11.500000
v -1.028209 2.818295 11.500000
v 2.838856 -0.970000 11.500000
v -0.950504 2.845442 11.500000
v -0.872085 2.870447 11.500000
v 2.887784 -0.812836 11.500000
v 2.864398 -0.891753 11.500000
v -0.793008 2.893292 11.500000
v 2.908997 -0.733306 11.500000
v -0.713335 2.913958 11.500000
v 2.928019 -0.653225 11.500000
v -0.633125 2.932431 11.500000
v 2.944838 -0.572651 11.500000
v -0.552438 2.948697 11.500000
v -0.471336 2.962742 11.500000
v 2.959440 -0.491647 11.500000
v -0.389878 2.974558 11.500000
v 2.971814 -0.410273 11.500000
v -0.308127 2.984134 11.500000
v 2.989843 -0.246659 11.500000
v 2.981951 -0.328589 11.500000
v -0.226145 2.991464 11.500000
v 2.995484 -0.164542 11.500000
v -0.143991 2.996542 11.500000
v 3.000000 -0.000000 11.500000
v 2.998871 -0.082302 11.500000
v -0.061730 2.999365 11.500000
v 0.020578 2.999929 11.500000
v 2.995484 0.164542 11.500000
v 2.998871 0.082302 11.500000
v 0.102870 2.998236 11.500000
v 0.185085 2.994285 11.500000
v 2.981951 0.328589 11.500000
v 2.989843 0.246659 11.500000
v 0.267161 2.988081 11.500000
v 0.349036 2.979626 11.500000
v 0.430648 2.968930 11.500000
v 2.971814 0.410273 11.500000
v 2.959440 0.491647 11.500000
v 0.511935 2.955998 11.500000
v 2.944838 0.572651 11.500000
v 0.592838 2.940841 11.500000
v 0.673294 2.923470 11.500000
v 2.908997 0.733306 11.500000
v 2.928019 0.653225 11.500000
v 0.753243 2.903898 11.500000
v 2.864398 0.891753 11.500000
v 2.887784 0.812836 11.500000
v 0.832625 2.882141 11.500000
v 0.911380 2.858214 11.500000
v 2.811176 1.047516 11.500000
v 2.838856 0.970000 11.500000
v 0.989450 2.832135 11.500000
v 1.066774 2.803925 11.500000
v 2.749491 1.200125 11.500000
v 2.781380 1.124244 11.500000
v 1.143296 2.773603 11.500000
v 1.218957 2.741194 11.500000
v 2.715532 1.275103 11.500000
v 2.679528 1.349121 11.500000
v 1.293700 2.706721 11.500000
v 2.641508 1.422124 11.500000
v 1.367469 2.670211 11.500000
v 1.440209 2.631691 11.500000
v 1.511865 2.591190 11.500000
v 2.601499 1.494056 11.500000
v 2.559532 1.564863 11.500000
v 1.582383 2.548738 11.500000
v 2.515638 1.634492 11.500000
v 1.651709 2.504367 11.500000
v 2.469851 1.702891 11.500000
v 1.719793 2.458112 11.500000
v 2.422204 1.770008 11.500000
v 1.786581 2.410006 11.500000
v 2.372734 1.835793 11.500000
v 1.852025 2.360085 11.500000
v 2.321477 1.900196 11.500000
v 1.916075 2.308388 11.500000
v 1.978682 2.254954 11.500000
v 2.268473 1.963168 11.500000
v 2.213762 2.024662 11.500000
v 2.039800 2.199822 11.500000
v 2.099382 2.143034 11.500000
v 2.157384 2.084633 11.500000
v 7.000000 -0.000000 7.500000
v 6.998389 0.150173 7.500000
v 6.993556 0.300276 7.500000
v 6.985505 0.450242 7.500000
v 6.974238 0.600000 7.500000
v 6.955155 0.791085 5.500000
v 6.974238 0.600000 5.500000
v 6.930838 0.981574 5.500000
v 6.901304 1.171324 5.500000
v 6.866577 1.360193 5.500000
v 6.826681 1.548039 5.500000
v 6.781648 1.734719 5.500000
v 6.731511 1.920094 5.500000
v 6.676308 2.104023 5.500000
v 6.616080 2.286369 5.500000
v 6.550873 2.466995 5.500000
v 6.480736 2.645764 5.500000
v 6.405721 2.822541 5.500000
v 6.325885 2.997195 5.500000
v 6.241289 3.169592 5.500000
v 6.151995 3.339604 5.500000
v 6.058072 3.507103 5.500000
v 5.959589 3.671962 5.500000
v 5.856620 3.834058 5.500000
v 5.749244 3.993268 5.500000
v 5.637541 4.149473 5.500000
v 5.521595 4.302555 5.500000
v 5.401495 4.452399 5.500000
v 5.277328 4.598892 5.500000
v 5.149190 4.741924 5.500000
v 5.017177 4.881387 5.500000
v 4.881387 5.017177 5.500000
v 4.741924 5.149190 5.500000
v 4.598892 5.277328 5.500000
v 4.452399 5.401495 5.500000
v 4.302555 5.521595 5.500000
v 4.149473 5.637541 5.500000
v 3.993268 5.749244 5.500000
v 3.834058 5.856620 5.500000
v 3.671962 5.959589 5.500000
v 3.507103 6.058072 5.500000
v 3.339604 6.151995 5.500000
v 3.169592 6.241289 5.500000
v 2.997195 6.325885 5.500000
v 2.822541 6.405721 5.500000
v 2.645764 6.480736 5.500000
v 2.466995 6.550873 5.500000
v 2.286369 6.616080 5.500000
v 2.104023 6.676308 5.500000
v 1.920094 6.731511 5.500000
v 1.734719 6.781648 5.500000
v 1.548039 6.826681 5.500000
v 1.360193 6.866577 5.500000
v 1.171324 6.901304 5.500000
v 0.981574 6.930838 5.500000
v 0.791085 6.955155 5.500000
v 0.600000 6.974238 7.500000
v 0.600000 6.974238 5.500000
v 0.428829 6.986852 7.500000
v 0.257401 6.995266 7.500000
v 0.085817 6.999474 7.500000
v -0.085817 6.999474 7.500000
v -0.257401 6.995266 7.500000
v -0.428829 6.986852 7.500000
v -0.600000 6.974238 7.500000
v -0.600000 6.974238 5.500000
v -0.791085 6.955155 5.500000
v -0.981574 6.930838 5.500000
v -1.171324 6.901304 5.500000
v -1.360193 6.866577 5.500000
v -1.548039 6.826681 5.500000
v -1.734719 6.781648 5.500000
v -1.920094 6.731511 5.500000
v -2.104023 6.676308 5.500000
v -2.286369 6.616080 5.500000
v -2.466995 6.550873 5.500000
v -2.645764 6.480736 5.500000
v -2.822541 6.405721 5.500000
v -2.997195 6.325885 5.500000
v -3.169592 6.241289 5.500000
v -3.339604 6.151995 5.500000
v -3.507103 6.058072 5.500000
v -3.671962 5.959589 5.500000
v -3.834058 5.856620 5.500000
v -3.993268 5.749244 5.500000
v -4.149473 5.637541 5.500000
v -4.302555 5.521595 5.500000
v -4.452399 5.401495 5.500000
v -4.598892 5.277328 5.500000
v -4.741924 5.149190 5.500000
v -4.881387 5.017177 5.500000
v -5.017177 4.881387 5.500000
v -5.149190 4.741924 5.500000
v -5.277328 4.598892 5.500000
v -5.401495 4.452399 5.500000
v -5.521595 4.302555 5.500000
v -5.637541 4.149473 5.500000
v -5.749244 3.993268 5.500000
v -5.856620 3.834058 5.500000
v -5.959589 3.671962 5.500000
v -6.058072 3.507103 5.500000
v -6.151995 3.339604 5.500000
v -6.241289 3.169592 5.500000
v -6.325885 2.997195 5.500000
v -6.405721 2.822541 5.500000
v -6.480736 2.645764 5.500000
v -6.550873 2.466995 5.500000
v -6.616080 2.286369 5.500000
v -6.676308 2.104023 5.500000
v -6.731511 1.920094 5.500000
v -6.781648 1.734719 5.500000
v -6.826681 1.548039 5.500000
v -6.866577 1.360193 5.500000
v -6.901304 1.171324 5.500000
v -6.930838 0.981574 5.500000
v -6.955155 0.791085 5.500000
v -6.974238 0.600000 7.500000
v -6.974238 0.600000 5.500000
v -6.986852 0.428829 7.500000
v -6.995266 0.257401 7.500000
v -6.999474 0.085817 7.500000
v -6.999474 -0.085817 7.500000
v -6.995266 -0.257401 7.500000
v -6.986852 -0.428829 7.500000
v -6.974238 -0.600000 7.500000
v -6.974238 -0.600000 5.500000
v -6.955155 -0.791085 5.500000
v -6.930838 -0.981574 5.500000
v -6.901304 -1.171324 5.500000
v -6.866577 -1.360193 5.500000
v -6.826681 -1.548039 5.500000
v -6.781648 -1.734719 5.500000
v -6.731511 -1.920094 5.500000
v -6.676308 -2.104023 5.500000
v -6.616080 -2.286369 5.500000
v -6.550873 -2.466995 5.500000
v -6.480736 -2.645764 5.500000
v -6.405721 -2.822541 5.500000
v -6.325885 -2.997195 5.500000
v -6.241289 -3.169592 5.500000
v -6.151995 -3.339604 5.500000
v -6.058072 -3.507103 5.500000
v -5.959589 -3.671962 5.500000
v -5.856620 -3.834058 5.500000
v -5.749244 -3.993268 5.500000
v -5.637541 -4.149473 5.500000
v -5.521595 -4.302555 5.500000
v -5.401495 -4.452399 5.500000
v -5.277328 -4.598892 5.500000
v -5.149190 -4.741924 5.500000
v -5.017177 -4.881387 5.500000
v -4.881387 -5.017177 5.500000
v -4.741924 -5.149190 5.500000
v -4.598892 -5.277328 5.500000
v -4.452399 -5.401495 5.500000
v -4.302555 -5.521595 5.500000
v -4.149473 -5.637541 5.500000
v -3.993268 -5.749244 5.500000
v -3.834058 -5.856620 5.500000
v -3.671962 -5.959589 5.500000
v -3.507103 -6.058072 5.500000
v -3.339604 -6.151995 5.500000
v -3.169592 -6.241289 5.500000
v -2.997195 -6.325885 5.500000
v -2.822541 -6.405721 5.500000
v -2.645764 -6.480736 5.500000
v -2.466995 -6.550873 5.500000
v -2.286369 -6.616080 5.500000
v -2.104023 -6.676308 5.500000
v -1.920094 -6.731511 5.500000
v -1.734719 -6.781648 5.500000
v -1.548039 -6.826681 5.500000
v -1.360193 -6.866577 5.500000
v -1.171324 -6.901304 5.500000
v -0.981574 -6.930838 5.500000
v -0.791085 -6.955155 5.500000
v -0.600000 -6.974238 7.500000
v -0.600000 -6.974238 5.500000
v -0.428829 -6.986852 7.500000
v -0.257401 -6.995266 7.500000
v -0.085817 -6.999474 7.500000
v 0.085817 -6.999474 7.500000
v 0.257401 -6.995266 7.500000
v 0.428829 -6.986852 7.500000
v 0.600000 -6.974238 7.500000
v 0.791085 -6.955155 5.500000
v 0.600000 -6.974238 5.500000
v 0.981574 -6.930838 5.500000
v 1.171324 -6.901304 5.500000
v 1.360193 -6.866577 5.500000
v 1.548039 -6.826681 5.500000
v 1.734719 -6.781648 5.500000
v 1.920094 -6.731511 5.500000
v 2.104023 -6.676308 5.500000
v 2.286369 -6.616080 5.500000
v 2.466995 -6.550873 5.500000
v 2.645764 -6.480736 5.500000
v 2.822541 -6.405721 5.500000
v 2.997195 -6.325885 5.500000
v 3.169592 -6.241289 5.500000
v 3.339604 -6.151995 5.500000
v 3.507103 -6.058072 5.500000
v 3.671962 -5.959589 5.500000
v 3.834058 -5.856620 5.500000
v 3.993268 -5.749244 5.500000
v 4.149473 -5.637541 5.500000
v 4.302555 -5.521595 5.500000
v 4.452399 -5.401495 5.500000
v 4.598892 -5.277328 5.500000
v 4.741924 -5.149190 5.500000
v 4.881387 -5.017177 5.500000
v 5.017177 -4.881387 5.500000
v 5.149190 -4.741924 5.500000
v 5.277328 -4.598892 5.500000
v 5.401495 -4.452399 5.500000
v 5.521595 -4.302555 5.500000
v 5.637541 -4.149473 5.500000
v 5.749244 -3.993268 5.500000
v 5.856620 -3.834058 5.500000
v 5.959589 -3.671962 5.500000
v 6.058072 -3.507103 5.500000
v 6.151995 -3.339604 5.500000
v 6.241289 -3.169592 5.500000
v 6.325885 -2.997195 5.500000
v 6.405721 -2.822541 5.500000
v 6.480736 -2.645764 5.500000
v 6.550873 -2.466995 5.500000
v 6.616080 -2.286369 5.500000
v 6.676308 -2.104023 5.500000
v 6.731511 -1.920094 5.500000
v 6.781648 -1.734719 5.500000
v 6.826681 -1.548039 5.500000
v 6.866577 -1.360193 5.500000
v 6.901304 -1.171324 5.500000
v 6.930838 -0.981574 5.500000
v 6.955155 -0.791085 5.500000
v 6.974238 -0.600000 7.500000
v 6.985505 -0.450242 7.500000
v 6.974238 -0.600000 5.500000
v 6.993556 -0.300276 7.500000
v 6.998389 -0.150173 7.500000
v 3.000000 -0.000000 10.000000
v 2.998871 0.082302 10.000000
v 2.995484 0.164542 10.000000
v 2.989843 0.246659 10.000000
v 2.981951 0.328589 10.000000
v 2.971814 0.410273 10.000000
v 2.959440 0.491647 10.000000
v 2.944838 0.572651 10.000000
v 2.928019 0.653225 10.000000
v 2.908997 0.733306 10.000000
v 2.887784 0.812836 10.000000
v 2.864398 0.891753 10.000000
v 2.838856 0.970000 10.000000
v 2.811176 1.047516 10.000000
v 2.781380 1.124244 10.000000
v 2.749491 1.200125 10.000000
v 2.715532 1.275103 10.000000
v 2.679528 1.349121 10.000000
v 2.641508 1.422124 10.000000
v 2.601499 1.494056 10.000000
v 2.559532 1.564863 10.000000
v 2.515638 1.634492 10.000000
v 2.469851 1.702891 10.000000
v 2.422204 1.770008 10.000000
v 2.372734 1.835793 10.000000
v 2.321477 1.900196 10.000000
v 2.268473 1.963168 10.000000
v 2.213762 2.024662 10.000000
v 2.157384 2.084633 10.000000
v 2.099382 2.143034 10.000000
v 2.039800 2.199822 10.000000
v 1.978682 2.254954 10.000000
v 1.916075 2.308388 10.000000
v 1.852025 2.360085 10.000000
v 1.786581 2.410006 10.000000
v 1.719793 2.458112 10.000000
v 1.651709 2.504367 10.000000
v 1.582383 2.548738 10.000000
v 1.511865 2.591190 10.000000
v 1.440209 2.631691 10.000000
v 1.367469 2.670211 10.000000
v 1.293700 2.706721 10.000000
v 1.218957 2.741194 10.000000
v 1.143296 2.773603 10.000000
v 1.066774 2.803925 10.000000
v 0.989450 2.832135 10.000000
v 0.911380 2.858214 10.000000
v 0.832625 2.882141 10.000000
v 0.753243 2.903898 10.000000
v 0.673294 2.923470 10.000000
v 0.592838 2.940841 10.000000
v 0.511935 2.955998 10.000000
v 0.430648 2.968930 10.000000
v 0.349036 2.979626 10.000000
v 0.267161 2.988081 10.000000
v 0.185085 2.994285 10.000000
v 0.102870 2.998236 10.000000
v 0.020578 2.999929 10.000000
v -0.061730 2.999365 10.000000
v -0.143991 2.996542 10.000000
v -0.226145 2.991464 10.000000
v -0.308127 2.984134 10.000000
v -0.389878 2.974558 10.000000
v -0.471336 2.962742 10.000000
v -0.552438 2.948697 10.000000
v -0.633125 2.932431 10.000000
v -0.713335 2.913958 10.000000
v -0.793008 2.893292 10.000000
v -0.872085 2.870447 10.000000
v -0.950504 2.845442 10.000000
v -1.028209 2.818295 10.000000
v -1.105139 2.789026 10.000000
v -1.181237 2.757658 10.000000
v -1.256446 2.724214 10.000000
v -1.330710 2.688719 10.000000
v -1.403971 2.651201 10.000000
v -1.476176 2.611686 10.000000
v -1.547270 2.570206 10.000000
v -1.617198 2.526790 10.000000
v -1.685910 2.481473 10.000000
v -1.753352 2.434288 10.000000
v -1.819474 2.385270 10.000000
v -1.884227 2.334457 10.000000
v -1.947562 2.281886 10.000000
v -2.009430 2.227598 10.000000
v -2.069786 2.171632 10.000000
v -2.128583 2.114033 10.000000
v -2.185779 2.054841 10.000000
v -2.241328 1.994103 10.000000
v -2.295191 1.931864 10.000000
v -2.347326 1.868170 10.000000
v -2.397694 1.803070 10.000000
v -2.446257 1.736613 10.000000
v -2.492979 1.668849 10.000000
v -2.537824 1.599828 10.000000
v -2.580758 1.529603 10.000000
v -2.621750 1.458227 10.000000
v -2.660769 1.385753 10.000000
v -2.697784 1.312236 10.000000
v -2.732768 1.237731 10.000000
v -2.765696 1.162294 10.000000
v -2.796541 1.085982 10.000000
v -2.825282 1.008853 10.000000
v -2.851895 0.930964 10.000000
v -2.876362 0.852375 10.000000
v -2.898663 0.773144 10.000000
v -2.918783 0.693331 10.000000
v -2.936705 0.612996 10.000000
v -2.952417 0.532199 10.000000
v -2.965906 0.451002 10.000000
v -2.977162 0.369466 10.000000
v -2.986178 0.287651 10.000000
v -2.992945 0.205620 10.000000
v -2.997460 0.123434 10.000000
v -2.999718 0.041155 10.000000
v -2.999718 -0.041155 10.000000
v -2.997460 -0.123434 10.000000
v -2.992945 -0.205620 10.000000
v -2.986178 -0.287651 10.000000
v -2.977162 -0.369466 10.000000
v -2.965906 -0.451002 10.000000
v -2.952417 -0.532199 10.000000
v -2.936705 -0.612996 10.000000
v -2.918783 -0.693331 10.000000
v -2.898663 -0.773144 10.000000
v -2.876362 -0.852375 10.000000
v -2.851895 -0.930964 10.000000
v -2.825282 -1.008853 10.000000
v -2.796541 -1.085982 10.000000
v -2.765696 -1.162294 10.000000
v -2.732768 -1.237731 10.000000
v -2.697784 -1.312236 10.000000
v -2.660769 -1.385753 10.000000
v -2.621750 -1.458227 10.000000
v -2.580758 -1.529603 10.000000
v -2.537824 -1.599828 10.000000
v -2.492979 -1.668849 10.000000
v -2.446257 -1.736613 10.000000
v -2.397694 -1.803070 10.000000
v -2.347326 -1.868170 10.000000
v -2.295191 -1.931864 10.000000
v -2.241328 -1.994103 10.000000
v -2.185779 -2.054841 10.000000
v -2.128583 -2.114033 10.000000
v -2.069786 -2.171632 10.000000
v -2.009430 -2.227598 10.000000
v -1.947562 -2.281886 10.000000
v -1.884227 -2.334457 10.000000
v -1.819474 -2.385270 10.000000
v -1.753352 -2.434288 10.000000
v -1.685910 -2.481473 10.000000
v -1.617198 -2.526790 10.000000
v -1.547270 -2.570206 10.000000
v -1.476176 -2.611686 10.000000
v -1.403971 -2.651201 10.000000
v -1.330710 -2.688719 10.000000
v -1.256446 -2.724214 10.000000
v -1.181237 -2.757658 10.000000
v -1.105139 -2.789026 10.000000
v -1.028209 -2.818295 10.000000
v -0.950504 -2.845442 10.000000
v -0.872085 -2.870447 10.000000
v -0.793008 -2.893292 10.000000
v -0.713335 -2.913958 10.000000
v -0.633125 -2.932431 10.000000
v -0.552438 -2.948697 10.000000
v -0.471336 -2.962742 10.000000
v -0.389878 -2.974558 10.000000
v -0.308127 -2.984134 10.000000
v -0.226145 -2.991464 10.000000
v -0.143991 -2.996542 10.000000
v -0.061730 -2.999365 10.000000
v 0.020578 -2.999929 10.000000
v 0.102870 -2.998236 10.000000
v 0.185085 -2.994285 10.000000
v 0.267161 -2.988081 10.000000
v 0.349036 -2.979626 10.000000
v 0.430648 -2.968930 10.000000
v 0.511935 -2.955998 10.000000
v 0.592838 -2.940841 10.000000
v 0.673294 -2.923470 10.000000
v 0.753243 -2.903898 10.000000
v 0.832625 -2.882141 10.000000
v 0.911380 -2.858214 10.000000
v 0.989450 -2.832135 10.000000
v 1.066774 -2.803925 10.000000
v 1.143296 -2.773603 10.000000
v 1.218957 -2.741194 10.000000
v 1.293700 -2.706721 10.000000
v 1.367469 -2.670211 10.000000
v 1.440209 -2.631691 10.000000
v 1.511865 -2.591190 10.000000
v 1.582383 -2.548738 10.000000
v 1.651709 -2.504367 10.000000
v 1.719793 -2.458112 10.000000
v 1.786581 -2.410006 10.000000
v 1.852025 -2.360085 10.000000
v 1.916075 -2.308388 10.000000
v 1.978682 -2.254954 10.000000
v 2.039800 -2.199822 10.000000
v 2.099382 -2.143034 10.000000
v 2.157384 -2.084633 10.000000
v 2.213762 -2.024662 10.000000
v 2.268473 -1.963168 10.000000
v 2.321477 -1.900196 10.000000
v 2.372734 -1.835793 10.000000
v 2.422204 -1.770008 10.000000
v 2.469851 -1.702891 10.000000
v 2.515638 -1.634492 10.000000
v 2.559532 -1.564863 10.000000
v 2.601499 -1.494056 10.000000
v 2.641508 -1.422124 10.000000
v 2.679528 -1.349121 10.000000
v 2.715532 -1.275103 10.000000
v 2.749491 -1.200125 10.000000
v 2.781380 -1.124244 10.000000
v 2.811176 -1.047516 10.000000
v 2.838856 -0.970000 10.000000
v 2.864398 -0.891753 10.000000
v 2.887784 -0.812836 10.000000
v 2.908997 -0.733306 10.000000
v 2.928019 -0.653225 10.000000
v 2.944838 -0.572651 10.000000
v 2.959440 -0.491647 10.000000
v 2.971814 -0.410273 10.000000
v 2.981951 -0.328589 10.000000
v 2.989843 -0.246659 10.000000
v 2.995484 -0.164542 10.000000
v 2.998871 -0.082302 10.000000
v 5.165268 0.600000 7.500000
v 0.600000 5.165268 7.500000
v -0.600000 5.165268 7.500000
v 5.165268 -0.600000 7.500000
v 1.151071 1.182175 7.500000
v 3.626355 3.726869 7.500000
v 3.726869 3.626355 7.500000
v 1.182175 1.151071 7.500000
v 1.119148 1.212438 7.500000
v 3.523131 3.824597 7.500000
v 1.212438 1.119148 7.500000
v 3.824597 3.523131 7.500000
v 1.086431 1.241840 7.500000
v 3.417275 3.919468 7.500000
v 1.241840 1.086431 7.500000
v 3.919468 3.417275 7.500000
v 1.052941 1.270360 7.500000
v 3.308865 4.011410 7.500000
v 1.270360 1.052941 7.500000
v 4.011410 3.308865 7.500000
v 1.018704 1.297976 7.500000
v 3.197983 4.100354 7.500000
v 1.297976 1.018704 7.500000
v 4.100354 3.197983 7.500000
v 0.983742 1.324671 7.500000
v 3.084711 4.186234 7.500000
v 1.324671 0.983742 7.500000
v 4.186234 3.084711 7.500000
v 0.948081 1.350423 7.500000
v 2.969133 4.268987 7.500000
v 1.350423 0.948081 7.500000
v 4.268987 2.969133 7.500000
v 0.911746 1.375216 7.500000
v 2.851337 4.348549 7.500000
v 1.375216 0.911746 7.500000
v 4.348549 2.851337 7.500000
v 0.874763 1.399032 7.500000
v 2.731411 4.424861 7.500000
v 1.399032 0.874763 7.500000
v 4.424861 2.731411 7.500000
v 0.837158 1.421853 7.500000
v 2.609443 4.497867 7.500000
v 1.421853 0.837158 7.500000
v 4.497867 2.609443 7.500000
v 0.798959 1.443664 7.500000
v 2.485525 4.567512 7.500000
v 1.443664 0.798959 7.500000
v 4.567512 2.485525 7.500000
v 0.760191 1.464448 7.500000
v 2.359750 4.633744 7.500000
v 1.464448 0.760191 7.500000
v 4.633744 2.359750 7.500000
v 0.720884 1.484192 7.500000
v 2.232211 4.696513 7.500000
v 1.484192 0.720884 7.500000
v 4.696513 2.232211 7.500000
v 0.681064 1.502881 7.500000
v 2.103005 4.755772 7.500000
v 1.502881 0.681064 7.500000
v 4.755772 2.103005 7.500000
v 0.640759 1.520502 7.500000
v 1.972227 4.811478 7.500000
v 1.520502 0.640759 7.500000
v 4.811478 1.972227 7.500000
v 0.600000 1.537043 7.500000
v 1.839975 4.863588 7.500000
v 1.537043 0.600000 7.500000
v 4.863588 1.839975 7.500000
v 0.558933 1.552448 7.500000
v 1.706348 4.912064 7.500000
v 1.552448 0.558933 7.500000
v 4.912064 1.706348 7.500000
v 0.517471 1.566756 7.500000
v 1.571447 4.956870 7.500000
v 1.566756 0.517471 7.500000
v 4.956870 1.571447 7.500000
v 0.475643 1.579957 7.500000
v 1.435370 4.997971 7.500000
v 1.579957 0.475643 7.500000
v 4.997971 1.435370 7.500000
v 0.433479 1.592041 7.500000
v 1.298222 5.035337 7.500000
v 1.592041 0.433479 7.500000
v 5.035337 1.298222 7.500000
v 0.391009 1.603001 7.500000
v 1.160103 5.068941 7.500000
v 1.603001 0.391009 7.500000
v 5.068941 1.160103 7.500000
v 0.348263 1.612828 7.500000
v 1.021117 5.098757 7.500000
v 1.612828 0.348263 7.500000
v 5.098757 1.021117 7.500000
v 0.305270 1.621515 7.500000
v 0.881368 5.124763 7.500000
v 1.621515 0.305270 7.500000
v 5.124763 0.881368 7.500000
v 0.262062 1.629056 7.500000
v 0.740961 5.146939 7.500000
v 1.629056 0.262062 7.500000
v 5.146939 0.740961 7.500000
v 0.218668 1.635446 7.500000
v 1.635446 0.218668 7.500000
v 0.175120 1.640681 7.500000
v 1.640681 0.175120 7.500000
v 0.131449 1.644756 7.500000
v 1.644756 0.131449 7.500000
v 0.087684 1.647668 7.500000
v 1.647668 0.087684 7.500000
v 0.043858 1.649417 7.500000
v 1.649417 0.043858 7.500000
v 0.000000 1.650000 7.500000
v 1.650000 -0.000000 7.500000
v -0.043858 1.649417 7.500000
v 1.649417 -0.043858 7.500000
v -0.087684 1.647668 7.500000
v 1.647668 -0.087684 7.500000
v -0.131449 1.644756 7.500000
v 1.644756 -0.131449 7.500000
v -0.175120 1.640681 7.500000
v 1.640681 -0.175120 7.500000
v -0.218668 1.635446 7.500000
v -0.740961 5.146939 7.500000
v 1.635446 -0.218668 7.500000
v 5.146939 -0.740961 7.500000
v -0.262062 1.629056 7.500000
v -0.881368 5.124763 7.500000
v 1.629056 -0.262062 7.500000
v 5.124763 -0.881368 7.500000
v -0.305270 1.621515 7.500000
v -1.021117 5.098757 7.500000
v 1.621515 -0.305270 7.500000
v 5.098757 -1.021117 7.500000
v -0.348263 1.612828 7.500000
v -1.160103 5.068941 7.500000
v 1.612828 -0.348263 7.500000
v 5.068941 -1.160103 7.500000
v -0.391009 1.603001 7.500000
v -1.298222 5.035337 7.500000
v 1.603001 -0.391009 7.500000
v 5.035337 -1.298222 7.500000
v -0.433479 1.592041 7.500000
v -1.435370 4.997971 7.500000
v 1.592041 -0.433479 7.500000
v 4.997971 -1.435370 7.500000
v -0.475643 1.579957 7.500000
v -1.571447 4.956870 7.500000
v 1.579957 -0.475643 7.500000
v 4.956870 -1.571447 7.500000
v -0.517471 1.566756 7.500000
v -1.706348 4.912064 7.500000
v 1.566756 -0.517471 7.500000
v 4.912064 -1.706348 7.500000
v -0.558933 1.552448 7.500000
v -1.839975 4.863588 7.500000
v 1.552448 -0.558933 7.500000
v 4.863588 -1.839975 7.500000
v -0.600000 1.537043 7.500000
v -1.972227 4.811478 7.500000
v 1.537043 -0.600000 7.500000
v 4.811478 -1.972227 7.500000
v -0.640759 1.520502 7.500000
v -2.103005 4.755772 7.500000
v 1.520502 -0.640759 7.500000
v 4.755772 -2.103005 7.500000
v -0.681064 1.502881 7.500000
v -2.232211 4.696513 7.500000
v 1.502881 -0.681064 7.500000
v 4.696513 -2.232211 7.500000
v -0.720884 1.484192 7.500000
v -2.359750 4.633744 7.500000
v 1.484192 -0.720884 7.500000
v 4.633744 -2.359750 7.500000
v -0.760191 1.464448 7.500000
v -2.485525 4.567512 7.500000
v 1.464448 -0.760191 7.500000
v 4.567512 -2.485525 7.500000
v -0.798959 1.443664 7.500000
v -2.609443 4.497867 7.500000
v 1.443664 -0.798959 7.500000
v 4.497867 -2.609443 7.500000
v -0.837158 1.421853 7.500000
v -2.731411 4.424861 7.500000
v 1.421853 -0.837158 7.500000
v 4.424861 -2.731411 7.500000
v -0.874763 1.399032 7.500000
v -2.851337 4.348549 7.500000
v 1.399032 -0.874763 7.500000
v 4.348549 -2.851337 7.500000
v -0.911746 1.375216 7.500000
v -2.969133 4.268987 7.500000
v 1.375216 -0.911746 7.500000
v 4.268987 -2.969133 7.500000
v -0.948081 1.350423 7.500000
v -3.084711 4.186234 7.500000
v 1.350423 -0.948081 7.500000
v 4.186234 -3.084711 7.500000
v -0.983742 1.324671 7.500000
v -3.197983 4.100354 7.500000
v 1.324671 -0.983742 7.500000
v 4.100354 -3.197983 7.500000
v -1.018704 1.297976 7.500000
v -3.308865 4.011410 7.500000
v 1.297976 -1.018704 7.500000
v 4.011410 -3.308865 7.500000
v -1.052941 1.270360 7.500000
v -3.417275 3.919468 7.500000
v 1.270360 -1.052941 7.500000
v 3.919468 -3.417275 7.500000
v -1.086431 1.241840 7.500000
v -3.523131 3.824597 7.500000
v 1.241840 -1.086431 7.500000
v 3.824597 -3.523131 7.500000
v -1.119148 1.212438 7.500000
v -3.626355 3.726869 7.500000
v 1.212438 -1.119148 7.500000
v 3.726869 -3.626355 7.500000
v -1.151071 1.182175 7.500000
v 1.182175 -1.151071 7.500000
v -3.726869 3.626355 7.500000
v -1.182175 1.151071 7.500000
v -1.212438 1.119148 7.500000
v 3.626355 -3.726869 7.500000
v 1.151071 -1.182175 7.500000
v 1.119148 -1.212438 7.500000
v -3.824597 3.523131 7.500000
v -1.241840 1.086431 7.500000
v 3.523131 -3.824597 7.500000
v 1.086431 -1.241840 7.500000
v -3.919468 3.417275 7.500000
v -1.270360 1.052941 7.500000
v 3.417275 -3.919468 7.500000
v 1.052941 -1.270360 7.500000
v -4.011410 3.308865 7.500000
v -1.297976 1.018704 7.500000
v 3.308865 -4.011410 7.500000
v 1.018704 -1.297976 7.500000
v -4.100354 3.197983 7.500000
v -1.324671 0.983742 7.500000
v 3.197983 -4.100354 7.500000
v 0.983742 -1.324671 7.500000
v -4.186234 3.084711 7.500000
v -1.350423 0.948081 7.500000
v 3.084711 -4.186234 7.500000
v 0.948081 -1.350423 7.500000
v -4.268987 2.969133 7.500000
v -1.375216 0.911746 7.500000
v 2.969133 -4.268987 7.500000
v 0.911746 -1.375216 7.500000
v -4.348549 2.851337 7.500000
v -1.399032 0.874763 7.500000
v 2.851337 -4.348549 7.500000
v 0.874763 -1.399032 7.500000
v -4.424861 2.731411 7.500000
v -1.421853 0.837158 7.500000
v 2.731411 -4.424861 7.500000
v 0.837158 -1.421853 7.500000
v -4.497867 2.609443 7.500000
v -1.443664 0.798959 7.500000
v 2.609443 -4.497867 7.500000
v 0.798959 -1.443664 7.500000
v -4.567512 2.485525 7.500000
v -1.464448 0.760191 7.500000
v 2.485525 -4.567512 7.500000
v 0.760191 -1.464448 7.500000
v -4.633744 2.359750 7.500000
v -1.484192 0.720884 7.500000
v 2.359750 -4.633744 7.500000
v 0.720884 -1.484192 7.500000
v -4.696513 2.232211 7.500000
v -1.502881 0.681064 7.500000
v 2.232211 -4.696513 7.500000
v 0.681064 -1.502881 7.500000
v -4.755772 2.103005 7.500000
v -1.520502 0.640759 7.500000
v 2.103005 -4.755772 7.500000
v 0.640759 -1.520502 7.500000
v -4.811478 1.972227 7.500000
v -1.537043 0.600000 7.500000
v 1.972227 -4.811478 7.500000
v 0.600000 -1.537043 7.500000
v -4.863588 1.839975 7.500000
v -1.552448 0.558933 7.500000
v 1.839975 -4.863588 7.500000
v 0.558933 -1.552448 7.500000
v -4.912064 1.706348 7.500000
v -1.566756 0.517471 7.500000
v 1.706348 -4.912064 7.500000
v 0.517471 -1.566756 7.500000
v -4.956870 1.571447 7.500000
v -1.579957 0.475643 7.500000
v 1.571447 -4.956870 7.500000
v 0.475643 -1.579957 7.500000
v -4.997971 1.435370 7.500000
v -1.592041 0.433479 7.500000
v 1.435370 -4.997971 7.500000
v 0.433479 -1.592041 7.500000
v -5.035337 1.298222 7.500000
v -1.603001 0.391009 7.500000
v 1.298222 -5.035337 7.500000
v 0.391009 -1.603001 7.500000
v -5.068941 1.160103 7.500000
v -1.612828 0.348263 7.500000
v 1.160103 -5.068941 7.500000
v 0.348263 -1.612828 7.500000
v -5.098757 1.021117 7.500000
v -1.621515 0.305270 7.500000
v 1.021117 -5.098757 7.500000
v 0.305270 -1.621515 7.500000
v -5.124763 0.881368 7.500000
v -1.629056 0.262062 7.500000
v 0.881368 -5.124763 7.500000
v 0.262062 -1.629056 7.500000
v -5.146939 0.740961 7.500000
v -1.635446 0.218668 7.500000
v 0.740961 -5.146939 7.500000
v 0.218668 -1.635446 7.500000
v -5.165268 0.600000 7.500000
v -1.649417 0.043858 7.500000
v -1.650000 -0.000000 7.500000
v -1.647668 0.087684 7.500000
v -1.644756 0.131449 7.500000
v -1.640681 0.175120 7.500000
v 0.600000 -5.165268 7.500000
v 0.175120 -1.640681 7.500000
v 0.131449 -1.644756 7.500000
v 0.087684 -1.647668 7.500000
v 0.043858 -1.649417 7.500000
v 0.000000 -1.650000 7.500000
v -0.600000 -5.165268 7.500000
v -0.043858 -1.649417 7.500000
v -0.087684 -1.647668 7.500000
v -0.131449 -1.644756 7.500000
v -0.175120 -1.640681 7.500000
v -0.218668 -1.635446 7.500000
v -5.165268 -0.600000 7.500000
v -1.640681 -0.175120 7.500000
v -1.635446 -0.218668 7.500000
v -1.644756 -0.131449 7.500000
v -1.647668 -0.087684 7.500000
v -1.649417 -0.043858 7.500000
v -0.740961 -5.146939 7.500000
v -0.262062 -1.629056 7.500000
v -5.146939 -0.740961 7.500000
v -1.629056 -0.262062 7.500000
v -0.881368 -5.124763 7.500000
v -0.305270 -1.621515 7.500000
v -5.124763 -0.881368 7.500000
v -1.621515 -0.305270 7.500000
v -1.021117 -5.098757 7.500000
v -0.348263 -1.612828 7.500000
v -5.098757 -1.021117 7.500000
v -1.612828 -0.348263 7.500000
v -1.160103 -5.068941 7.500000
v -0.391009 -1.603001 7.500000
v -5.068941 -1.160103 7.500000
v -1.603001 -0.391009 7.500000
v -1.298222 -5.035337 7.500000
v -0.433479 -1.592041 7.500000
v -5.035337 -1.298222 7.500000
v -1.592041 -0.433479 7.500000
v -1.435370 -4.997971 7.500000
v -0.475643 -1.579957 7.500000
v -4.997971 -1.435370 7.500000
v -1.579957 -0.475643 7.500000
v -1.571447 -4.956870 7.500000
v -0.517471 -1.566756 7.500000
v -4.956870 -1.571447 7.500000
v -1.566756 -0.517471 7.500000
v -1.706348 -4.912064 7.500000
v -0.558933 -1.552448 7.500000
v -4.912064 -1.706348 7.500000
v -1.552448 -0.558933 7.500000
v -1.839975 -4.863588 7.500000
v -0.600000 -1.537043 7.500000
v -4.863588 -1.839975 7.500000
v -1.537043 -0.600000 7.500000
v -1.972227 -4.811478 7.500000
v -0.640759 -1.520502 7.500000
v -4.811478 -1.972227 7.500000
v -1.520502 -0.640759 7.500000
v -2.103005 -4.755772 7.500000
v -0.681064 -1.502881 7.500000
v -4.755772 -2.103005 7.500000
v -1.502881 -0.681064 7.500000
v -2.232211 -4.696513 7.500000
v -0.720884 -1.484192 7.500000
v -4.696513 -2.232211 7.500000
v -1.484192 -0.720884 7.500000
v -2.359750 -4.633744 7.500000
v -0.760191 -1.464448 7.500000
v -4.633744 -2.359750 7.500000
v -1.464448 -0.760191 7.500000
v -2.485525 -4.567512 7.500000
v -0.798959 -1.443664 7.500000
v -4.567512 -2.485525 7.500000
v -1.443664 -0.798959 7.500000
v -2.609443 -4.497867 7.500000
v -0.837158 -1.421853 7.500000
v -4.497867 -2.609443 7.500000
v -1.421853 -0.837158 7.500000
v -2.731411 -4.424861 7.500000
v -0.874763 -1.399032 7.500000
v -4.424861 -2.731411 7.500000
v -1.399032 -0.874763 7.500000
v -2.851337 -4.348549 7.500000
v -0.911746 -1.375216 7.500000
v -4.348549 -2.851337 7.500000
v -1.375216 -0.911746 7.500000
v -2.969133 -4.268987 7.500000
v -0.948081 -1.350423 7.500000
v -4.268987 -2.969133 7.500000
v -1.350423 -0.948081 7.500000
v -3.084711 -4.186234 7.500000
v -0.983742 -1.324671 7.500000
v -4.186234 -3.084711 7.500000
v -1.324671 -0.983742 7.500000
v -3.197983 -4.100354 7.500000
v -1.018704 -1.297976 7.500000
v -4.100354 -3.197983 7.500000
v -1.297976 -1.018704 7.500000
v -3.308865 -4.011410 7.500000
v -1.052941 -1.270360 7.500000
v -4.011410 -3.308865 7.500000
v -1.270360 -1.052941 7.500000
v -3.417275 -3.919468 7.500000
v -1.086431 -1.241840 7.500000
v -3.919468 -3.417275 7.500000
v -1.241840 -1.086431 7.500000
v -3.523131 -3.824597 7.500000
v -1.119148 -1.212438 7.500000
v -3.824597 -3.523131 7.500000
v -1.212438 -1.119148 7.500000
v -3.726869 -3.626355 7.500000
v -1.182175 -1.151071 7.500000
v -3.626355 -3.726869 7.500000
v -1.151071 -1.182175 7.500000
v 5.165268 0.600000 5.500000
v 0.600000 5.165268 5.500000
v 0.740961 5.146939 5.500000
v 5.146939 0.740961 5.500000
v 0.881368 5.124763 5.500000
v 5.124763 0.881368 5.500000
v 1.021117 5.098757 5.500000
v 5.098757 1.021117 5.500000
v 1.160103 5.068941 5.500000
v 5.068941 1.160103 5.500000
v 1.298222 5.035337 5.500000
v 5.035337 1.298222 5.500000
v 1.435370 4.997971 5.500000
v 4.997971 1.435370 5.500000
v 1.571447 4.956870 5.500000
v 4.956870 1.571447 5.500000
v 1.706348 4.912064 5.500000
v 4.912064 1.706348 5.500000
v 1.839975 4.863588 5.500000
v 4.863588 1.839975 5.500000
v 1.972227 4.811478 5.500000
v 4.811478 1.972227 5.500000
v 2.103005 4.755772 5.500000
v 4.755772 2.103005 5.500000
v 2.232211 4.696513 5.500000
v 4.696513 2.232211 5.500000
v 2.359750 4.633744 5.500000
v 4.633744 2.359750 5.500000
v 2.485525 4.567512 5.500000
v 4.567512 2.485525 5.500000
v 4.497867 2.609443 5.500000
v 2.609443 4.497867 5.500000
v 2.731411 4.424861 5.500000
v 4.424861 2.731411 5.500000
v 2.851337 4.348549 5.500000
v 4.348549 2.851337 5.500000
v 2.969133 4.268987 5.500000
v 4.268987 2.969133 5.500000
v 3.084711 4.186234 5.500000
v 4.186234 3.084711 5.500000
v 3.197983 4.100354 5.500000
v 4.100354 3.197983 5.500000
v 4.011410 3.308865 5.500000
v 3.308865 4.011410 5.500000
v 3.919468 3.417275 5.500000
v 3.417275 3.919468 5.500000
v 3.824597 3.523131 5.500000
v 3.523131 3.824597 5.500000
v 3.726869 3.626355 5.500000
v 3.626355 3.726869 5.500000
v -0.600000 5.165268 5.500000
v -5.165268 0.600000 5.500000
v -5.146939 0.740961 5.500000
v -5.124763 0.881368 5.500000
v -5.098757 1.021117 5.500000
v -5.068941 1.160103 5.500000
v -5.035337 1.298222 5.500000
v -4.997971 1.435370 5.500000
v -4.956870 1.571447 5.500000
v -4.912064 1.706348 5.500000
v -4.863588 1.839975 5.500000
v -4.811478 1.972227 5.500000
v -4.755772 2.103005 5.500000
v -4.696513 2.232211 5.500000
v -4.633744 2.359750 5.500000
v -4.567512 2.485525 5.500000
v -4.497867 2.609443 5.500000
v -4.424861 2.731411 5.500000
v -4.348549 2.851337 5.500000
v -4.268987 2.969133 5.500000
v -4.186234 3.084711 5.500000
v -4.100354 3.197983 5.500000
v -4.011410 3.308865 5.500000
v -3.919468 3.417275 5.500000
v -3.824597 3.523131 5.500000
v -3.726869 3.626355 5.500000
v -3.626355 3.726869 5.500000
v -3.523131 3.824597 5.500000
v -3.417275 3.919468 5.500000
v -3.308865 4.011410 5.500000
v -3.197983 4.100354 5.500000
v -3.084711 4.186234 5.500000
v -2.969133 4.268987 5.500000
v -2.851337 4.348549 5.500000
v -2.731411 4.424861 5.500000
v -2.609443 4.497867 5.500000
v -2.485525 4.567512 5.500000
v -2.359750 4.633744 5.500000
v -2.232211 4.696513 5.500000
v -2.103005 4.755772 5.500000
v -1.972227 4.811478 5.500000
v -1.839975 4.863588 5.500000
v -1.706348 4.912064 5.500000
v -1.571447 4.956870 5.500000
v -1.435370 4.997971 5.500000
v -1.298222 5.035337 5.500000
v -1.160103 5.068941 5.500000
v -1.021117 5.098757 5.500000
v -0.881368 5.124763 5.500000
v -0.740961 5.146939 5.500000
v -5.165268 -0.600000 5.500000
v -3.726869 -3.626355 5.500000
v -3.626355 -3.726869 5.500000
v -3.523131 -3.824597 5.500000
v -3.824597 -3.523131 5.500000
v -3.417275 -3.919468 5.500000
v -3.919468 -3.417275 5.500000
v -3.308865 -4.011410 5.500000
v -4.011410 -3.308865 5.500000
v -3.197983 -4.100354 5.500000
v -4.100354 -3.197983 5.500000
v -3.084711 -4.186234 5.500000
v -4.186234 -3.084711 5.500000
v -2.969133 -4.268987 5.500000
v -4.268987 -2.969133 5.500000
v -2.851337 -4.348549 5.500000
v -4.348549 -2.851337 5.500000
v -2.731411 -4.424861 5.500000
v -4.424861 -2.731411 5.500000
v -2.609443 -4.497867 5.500000
v -4.497867 -2.609443 5.500000
v -2.485525 -4.567512 5.500000
v -4.567512 -2.485525 5.500000
v -2.359750 -4.633744 5.500000
v -4.633744 -2.359750 5.500000
v -2.232211 -4.696513 5.500000
v -4.696513 -2.232211 5.500000
v -2.103005 -4.755772 5.500000
v -4.755772 -2.103005 5.500000
v -1.972227 -4.811478 5.500000
v -4.811478 -1.972227 5.500000
v -1.839975 -4.863588 5.500000
v -4.863588 -1.839975 5.500000
v -1.706348 -4.912064 5.500000
v -4.912064 -1.706348 5.500000
v -1.571447 -4.956870 5.500000
v -4.956870 -1.571447 5.500000
v -1.435370 -4.997971 5.500000
v -4.997971 -1.435370 5.500000
v -1.298222 -5.035337 5.500000
v -5.035337 -1.298222 5.500000
v -1.160103 -5.068941 5.500000
v -5.068941 -1.160103 5.500000
v -1.021117 -5.098757 5.500000
v -5.098757 -1.021117 5.500000
v -0.881368 -5.124763 5.500000
v -5.124763 -0.881368 5.500000
v -0.740961 -5.146939 5.500000
v -5.146939 -0.740961 5.500000
v -0.600000 -5.165268 5.500000
v 0.600000 -5.165268 5.500000
v 0.740961 -5.146939 5.500000
v 0.881368 -5.124763 5.500000
v 1.021117 -5.098757 5.500000
v 1.160103 -5.068941 5.500000
v 1.298222 -5.035337 5.500000
v 1.435370 -4.997971 5.500000
v 1.571447 -4.956870 5.500000
v 1.706348 -4.912064 5.500000
v 1.839975 -4.863588 5.500000
v 1.972227 -4.811478 5.500000
v 2.103005 -4.755772 5.500000
v 2.232211 -4.696513 5.500000
v 2.359750 -4.633744 5.500000
v 2.485525 -4.567512 5.500000
v 2.609443 -4.497867 5.500000
v 2.731411 -4.424861 5.500000
v 2.851337 -4.348549 5.500000
v 2.969133 -4.268987 5.500000
v 3.084711 -4.186234 5.500000
v 3.197983 -4.100354 5.500000
v 3.308865 -4.011410 5.500000
v 3.417275 -3.919468 5.500000
v 3.523131 -3.824597 5.500000
v 3.626355 -3.726869 5.500000
v 3.726869 -3.626355 5.500000
v 3.824597 -3.523131 5.500000
v 3.919468 -3.417275 5.500000
v 4.011410 -3.308865 5.500000
v 4.100354 -3.197983 5.500000
v 4.186234 -3.084711 5.500000
v 4.268987 -2.969133 5.500000
v 4.348549 -2.851337 5.500000
v 4.424861 -2.731411 5.500000
v 4.497867 -2.609443 5.500000
v 4.567512 -2.485525 5.500000
v 4.633744 -2.359750 5.500000
v 4.696513 -2.232211 5.500000
v 4.755772 -2.103005 5.500000
v 4.811478 -1.972227 5.500000
v 4.863588 -1.839975 5.500000
v 4.912064 -1.706348 5.500000
v 4.956870 -1.571447 5.500000
v 4.997971 -1.435370 5.500000
v 5.035337 -1.298222 5.500000
v 5.068941 -1.160103 5.500000
v 5.098757 -1.021117 5.500000
v 5.124763 -0.881368 5.500000
v 5.146939 -0.740961 5.500000
v 5.165268 -0.600000 5.500000
v -1.170721 -1.162718 10.000000
v -1.138382 -1.194398 10.000000
v -1.202178 -1.130163 10.000000
v -1.105186 -1.225179 10.000000
v -1.232731 -1.096757 10.000000
v -1.071159 -1.255037 10.000000
v -1.262355 -1.062525 10.000000
v -1.036325 -1.283951 10.000000
v -1.291029 -1.027494 10.000000
v -1.000711 -1.311898 10.000000
v -1.318732 -0.991689 10.000000
v -0.964344 -1.338858 10.000000
v -1.345441 -0.955137 10.000000
v -0.927250 -1.364810 10.000000
v -1.371138 -0.917867 10.000000
v -0.889459 -1.389735 10.000000
v -1.395803 -0.879906 10.000000
v -0.850998 -1.413613 10.000000
v -1.419417 -0.841282 10.000000
v -0.811897 -1.436427 10.000000
v -1.441963 -0.802025 10.000000
v -0.772184 -1.458160 10.000000
v -1.463423 -0.762164 10.000000
v -0.731890 -1.478796 10.000000
v -1.483781 -0.721730 10.000000
v -0.691046 -1.498318 10.000000
v -1.503023 -0.680752 10.000000
v -0.649680 -1.516712 10.000000
v -1.521133 -0.639262 10.000000
v -0.607826 -1.533965 10.000000
v -1.538098 -0.597290 10.000000
v -0.565515 -1.550062 10.000000
v -1.553905 -0.554869 10.000000
v -0.522777 -1.564993 10.000000
v -1.568542 -0.512030 10.000000
v -0.479647 -1.578746 10.000000
v -1.581999 -0.468806 10.000000
v -0.436155 -1.591311 10.000000
v -1.594265 -0.425229 10.000000
v -0.392334 -1.602677 10.000000
v -1.605330 -0.381332 10.000000
v -0.348219 -1.612837 10.000000
v -1.615188 -0.337148 10.000000
v -0.303841 -1.621783 10.000000
v -1.623829 -0.292710 10.000000
v -0.259235 -1.629508 10.000000
v -1.631248 -0.248051 10.000000
v -0.214433 -1.636007 10.000000
v -1.637439 -0.203206 10.000000
v -0.169470 -1.641274 10.000000
v -1.642398 -0.158208 10.000000
v -0.124380 -1.645305 10.000000
v -1.646120 -0.113091 10.000000
v -0.079195 -1.648098 10.000000
v -1.648603 -0.067889 10.000000
v -0.033951 -1.649651 10.000000
v -1.649845 -0.022635 10.000000
v 0.011318 -1.649961 10.000000
v -1.649845 0.022635 10.000000
v 0.056579 -1.649030 10.000000
v -1.648603 0.067889 10.000000
v 0.101797 -1.646857 10.000000
v -1.646120 0.113091 10.000000
v 0.146939 -1.643444 10.000000
v -1.642398 0.158208 10.000000
v 0.191970 -1.638795 10.000000
v -1.637439 0.203206 10.000000
v 0.236856 -1.632911 10.000000
v -1.631248 0.248051 10.000000
v 0.281564 -1.625799 10.000000
v -1.623829 0.292710 10.000000
v 0.326061 -1.617462 10.000000
v -1.615188 0.337148 10.000000
v 0.370311 -1.607908 10.000000
v -1.605330 0.381332 10.000000
v 0.414284 -1.597144 10.000000
v -1.594265 0.425229 10.000000
v 0.457944 -1.585177 10.000000
v -1.581999 0.468806 10.000000
v 0.501259 -1.572018 10.000000
v -1.568542 0.512030 10.000000
v 0.544197 -1.557674 10.000000
v -1.553905 0.554869 10.000000
v 0.586726 -1.542158 10.000000
v -1.538098 0.597290 10.000000
v 0.628813 -1.525482 10.000000
v -1.521133 0.639262 10.000000
v 0.670426 -1.507657 10.000000
v -1.503023 0.680752 10.000000
v 0.711535 -1.488697 10.000000
v -1.483781 0.721730 10.000000
v 0.752108 -1.468616 10.000000
v -1.463423 0.762164 10.000000
v 0.792115 -1.447430 10.000000
v -1.441963 0.802025 10.000000
v 0.831526 -1.425154 10.000000
v -1.419417 0.841282 10.000000
v 0.870311 -1.401806 10.000000
v -1.395803 0.879906 10.000000
v 0.908440 -1.377402 10.000000
v -1.371138 0.917867 10.000000
v 0.945886 -1.351961 10.000000
v -1.345441 0.955137 10.000000
v 0.982620 -1.325503 10.000000
v -1.318732 0.991689 10.000000
v 1.018614 -1.298047 10.000000
v -1.291029 1.027494 10.000000
v 1.053841 -1.269614 10.000000
v -1.262355 1.062525 10.000000
v 1.088275 -1.240225 10.000000
v -1.232731 1.096757 10.000000
v 1.121890 -1.209902 10.000000
v -1.202178 1.130163 10.000000
v 1.154660 -1.178669 10.000000
v -1.170721 1.162718 10.000000
v 1.186561 -1.146548 10.000000
v -1.138382 1.194398 10.000000
v 1.217569 -1.113564 10.000000
v 1.247660 -1.079742 10.000000
v -1.105186 1.225179 10.000000
v 1.276812 -1.045108 10.000000
v -1.071159 1.255037 10.000000
v -1.036325 1.283951 10.000000
v 1.332212 -0.973505 10.000000
v 1.305003 -1.009686 10.000000
v -1.000711 1.311898 10.000000
v -0.964344 1.338858 10.000000
v -0.927250 1.364810 10.000000
v 1.358418 -0.936590 10.000000
v 1.383601 -0.898971 10.000000
v -0.889459 1.389735 10.000000
v 1.407743 -0.860675 10.000000
v -0.850998 1.413613 10.000000
v 1.452829 -0.782168 10.000000
v 1.430825 -0.821731 10.000000
v -0.811897 1.436427 10.000000
v 1.473741 -0.742017 10.000000
v -0.772184 1.458160 10.000000
v 1.493542 -0.701307 10.000000
v -0.731890 1.478796 10.000000
v 1.512220 -0.660069 10.000000
v -0.691046 1.498318 10.000000
v -0.649680 1.516712 10.000000
v 1.546147 -0.576134 10.000000
v 1.529759 -0.618334 10.000000
v -0.607826 1.533965 10.000000
v 1.561370 -0.533500 10.000000
v -0.565515 1.550062 10.000000
v -0.522777 1.564993 10.000000
v 1.575419 -0.490464 10.000000
v -0.479647 1.578746 10.000000
v 1.599948 -0.403318 10.000000
v 1.588281 -0.447060 10.000000
v -0.436155 1.591311 10.000000
v -0.392334 1.602677 10.000000
v 1.610411 -0.359274 10.000000
v -0.348219 1.612837 10.000000
v 1.627692 -0.270406 10.000000
v 1.619661 -0.314958 10.000000
v -0.303841 1.621783 10.000000
v -0.259235 1.629508 10.000000
v 1.634498 -0.225650 10.000000
v -0.214433 1.636007 10.000000
v 1.640073 -0.180724 10.000000
v -0.169470 1.641274 10.000000
v 1.644413 -0.135662 10.000000
v -0.124380 1.645305 10.000000
v 1.649379 -0.045266 10.000000
v 1.647516 -0.090498 10.000000
v -0.079195 1.648098 10.000000
v -0.033951 1.649651 10.000000
v 1.650000 -0.000000 10.000000
v 0.011318 1.649961 10.000000
v 1.649379 0.045266 10.000000
v 0.056579 1.649030 10.000000
v 1.644413 0.135662 10.000000
v 1.647516 0.090498 10.000000
v 0.101797 1.646857 10.000000
v 0.146939 1.643444 10.000000
v 0.191970 1.638795 10.000000
v 1.634498 0.225650 10.000000
v 1.640073 0.180724 10.000000
v 1.627692 0.270406 10.000000
v 0.236856 1.632911 10.000000
v 0.281564 1.625799 10.000000
v 0.326061 1.617462 10.000000
v 1.619661 0.314958 10.000000
v 0.370311 1.607908 10.000000
v 1.610411 0.359274 10.000000
v 1.599948 0.403318 10.000000
v 0.414284 1.597144 10.000000
v 1.575419 0.490464 10.000000
v 1.588281 0.447060 10.000000
v 0.457944 1.585177 10.000000
v 0.501259 1.572018 10.000000
v 1.561370 0.533500 10.000000
v 0.544197 1.557674 10.000000
v 1.546147 0.576134 10.000000
v 0.586726 1.542158 10.000000
v 0.628813 1.525482 10.000000
v 1.529759 0.618334 10.000000
v 0.670426 1.507657 10.000000
v 1.512220 0.660069 10.000000
v 0.711535 1.488697 10.000000
v 1.493542 0.701307 10.000000
v 1.473741 0.742017 10.000000
v 0.752108 1.468616 10.000000
v 1.430825 0.821731 10.000000
v 1.452829 0.782168 10.000000
v 0.792115 1.447430 10.000000
v 0.831526 1.425154 10.000000
v 0.870311 1.401806 10.000000
v 1.407743 0.860675 10.000000
v 1.358418 0.936590 10.000000
v 1.383601 0.898971 10.000000
v 0.908440 1.377402 10.000000
v 0.945886 1.351961 10.000000
v 1.305003 1.009686 10.000000
v 1.332212 0.973505 10.000000
v 0.982620 1.325503 10.000000
v 1.018614 1.298047 10.000000
v 1.276812 1.045108 10.000000
v 1.053841 1.269614 10.000000
v 1.247660 1.079742 10.000000
v 1.088275 1.240225 10.000000
v 1.186561 1.146548 10.000000
v 1.217569 1.113564 10.000000
v 1.121890 1.209902 10.000000
v 1.154660 1.178669 10.000000
vn 0.999906 0.013719 -0.000000
vn 0.999906 0.013719 0.000000
vn 0.999153 0.041144 0.000000
vn 0.999153 0.041144 -0.000000
vn 0.997649 0.068538 0.000000
vn 0.997649 0.068538 -0.000000
vn 0.995393 0.095883 0.000000
vn 0.995393 0.095883 -0.000000
vn 0.992387 0.123155 0.000000
vn 0.992387 0.123155 -0.000000
vn 0.988635 0.150337 0.000000
vn 0.988635 0.150337 -0.000000
vn 0.984139 0.177397 0.000000
vn 0.984139 0.177397 -0.000000
vn 0.978901 0.204335 0.000000
vn 0.978901 0.204335 -0.000000
vn 0.972928 0.231110 0.000000
vn 0.972928 0.231110 -0.000000
vn 0.966222 0.257712 -0.000000
vn 0.966222 0.257712 0.000000
vn 0.958787 0.284125 -0.000000
vn 0.958787 0.284125 0.000000
vn 0.950631 0.310323 -0.000000
vn 0.950631 0.310323 0.000000
vn 0.941760 0.336284 0.000000
vn 0.941760 0.336284 -0.000000
vn 0.932181 0.361992 0.000000
vn 0.932181 0.361992 -0.000000
vn 0.921898 0.387432 0.000000
vn 0.921898 0.387432 -0.000000
vn 0.910923 0.412577 0.000000
vn 0.910923 0.412577 -0.000000
vn 0.899261 0.437413 0.000000
vn 0.899261 0.437413 -0.000000
vn 0.886922 0.461918 0.000000
vn 0.886922 0.461918 -0.000000
vn 0.873917 0.486076 0.000000
vn 0.873917 0.486076 -0.000000
vn 0.860254 0.509866 0.000000
vn 0.860254 0.509866 -0.000000
vn 0.845940 0.533277 0.000000
vn 0.845940 0.533277 -0.000000
vn 0.830993 0.556283 0.000000
vn 0.830993 0.556283 -0.000000
vn 0.815418 0.578872 0.000000
vn 0.799232 0.601023 0.000000
vn 0.815418 0.578872 -0.000000
vn 0.799232 0.601023 0.000000
vn 0.782443 0.622723 0.000000
vn 0.782443 0.622723 -0.000000
vn 0.765063 0.643955 0.000000
vn 0.765063 0.643955 -0.000000
vn 0.747110 0.664701 0.000000
vn 0.747110 0.664701 -0.000000
vn 0.728593 0.684947 0.000000
vn 0.728593 0.684947 -0.000000
vn 0.709528 0.704677 0.000000
vn 0.709528 0.704677 -0.000000
vn 0.689928 0.723878 0.000000
vn 0.689928 0.723878 -0.000000
vn 0.669811 0.742532 0.000000
vn 0.669811 0.742532 -0.000000
vn 0.649186 0.760629 0.000000
vn 0.649186 0.760629 -0.000000
vn 0.628076 0.778152 0.000000
vn 0.628076 0.778152 -0.000000
vn 0.606492 0.795090 0.000000
vn 0.606492 0.795090 -0.000000
vn 0.584450 0.811429 0.000000
vn 0.584450 0.811429 -0.000000
vn 0.561969 0.827158 0.000000
vn 0.561969 0.827158 -0.000000
vn 0.539066 0.842263 -0.000000
vn 0.539066 0.842263 0.000000
vn 0.515756 0.856735 -0.000000
vn 0.515756 0.856735 0.000000
vn 0.492060 0.870561 -0.000000
vn 0.492060 0.870561 0.000000
vn 0.467990 0.883734 -0.000000
vn 0.467990 0.883734 0.000000
vn 0.443569 0.896240 -0.000000
vn 0.443569 0.896240 0.000000
vn 0.418817 0.908071 -0.000000
vn 0.418817 0.908071 0.000000
vn 0.393745 0.919220 -0.000000
vn 0.393745 0.919220 0.000000
vn 0.368381 0.929675 -0.000000
vn 0.368381 0.929675 0.000000
vn 0.342736 0.939432 -0.000000
vn 0.342736 0.939432 0.000000
vn 0.316834 0.948481 -0.000000
vn 0.316834 0.948481 0.000000
vn 0.290694 0.956816 0.000000
vn 0.290694 0.956816 -0.000000
vn 0.264337 0.964431 0.000000
vn 0.264337 0.964431 0.000000
vn 0.237780 0.971319 0.000000
vn 0.237780 0.971319 -0.000000
vn 0.211040 0.977477 0.000000
vn 0.211040 0.977477 -0.000000
vn 0.184147 0.982899 0.000000
vn 0.184147 0.982899 -0.000000
vn 0.157111 0.987581 0.000000
vn 0.157111 0.987581 -0.000000
vn 0.129958 0.991520 0.000000
vn 0.129958 0.991520 -0.000000
vn 0.102710 0.994711 0.000000
vn 0.102710 0.994711 -0.000000
vn 0.075382 0.997155 0.000000
vn 0.075382 0.997155 -0.000000
vn 0.047999 0.998847 0.000000
vn 0.020574 0.999788 0.000000
vn 0.047999 0.998847 -0.000000
vn 0.020574 0.999788 0.000000
vn -0.006858 0.999977 0.000000
vn -0.006858 0.999977 0.000000
vn -0.034290 0.999412 0.000000
vn -0.061694 0.998095 0.000000
vn -0.034290 0.999412 0.000000
vn -0.061694 0.998095 0.000000
vn -0.089056 0.996027 0.000000
vn -0.089056 0.996027 0.000000
vn -0.116342 0.993209 0.000000
vn -0.116342 0.993209 0.000000
vn -0.143552 0.989643 0.000000
vn -0.143552 0.989643 0.000000
vn -0.170643 0.985333 0.000000
vn -0.170643 0.985333 0.000000
vn -0.197613 0.980280 0.000000
vn -0.197613 0.980280 0.000000
vn -0.224433 0.974490 0.000000
vn -0.224433 0.974490 0.000000
vn -0.251079 0.967966 0.000000
vn -0.251079 0.967966 0.000000
vn -0.277541 0.960714 0.000000
vn -0.277541 0.960714 0.000000
vn -0.303795 0.952737 0.000000
vn -0.303795 0.952737 0.000000
vn -0.329816 0.944045 0.000000
vn -0.329816 0.944045 0.000000
vn -0.355590 0.934642 0.000000
vn -0.355590 0.934642 0.000000
vn -0.381099 0.924534 0.000000
vn -0.381099 0.924534 0.000000
vn -0.406320 0.913731 0.000000
vn -0.406320 0.913731 0.000000
vn -0.431233 0.902241 0.000000
vn -0.431233 0.902241 0.000000
vn -0.455821 0.890071 0.000000
vn -0.455821 0.890071 0.000000
vn -0.480070 0.877230 0.000000
vn -0.480070 0.877230 0.000000
vn -0.503955 0.863730 0.000000
vn -0.503955 0.863730 0.000000
vn -0.527462 0.849578 0.000000
vn -0.527462 0.849578 0.000000
vn -0.550569 0.834790 0.000000
vn -0.550569 0.834790 0.000000
vn -0.573265 0.819370 0.000000
vn -0.573265 0.819370 0.000000
vn -0.595527 0.803335 0.000000
vn -0.595527 0.803335 0.000000
vn -0.617341 0.786696 0.000000
vn -0.617341 0.786696 0.000000
vn -0.638692 0.769463 0.000000
vn -0.638692 0.769463 0.000000
vn -0.659561 0.751651 0.000000
vn -0.659561 0.751651 0.000000
vn -0.679933 0.733274 0.000000
vn -0.679933 0.733274 0.000000
vn -0.699794 0.714344 0.000000
vn -0.699794 0.714344 0.000000
vn -0.719129 0.694877 0.000000
vn -0.719129 0.694877 0.000000
vn -0.737920 0.674888 0.000000
vn -0.737920 0.674888 0.000000
vn -0.756158 0.654390 0.000000
vn -0.756158 0.654390 0.000000
vn -0.773826 0.633399 0.000000
vn -0.773826 0.633399 0.000000
vn -0.790912 0.611930 0.000000
vn -0.790912 0.611930 0.000000
vn -0.807401 0.590003 0.000000
vn -0.807401 0.590003 0.000000
vn -0.823283 0.567631 0.000000
vn -0.823283 0.567631 0.000000
vn -0.838547 0.544830 0.000000
vn -0.838547 0.544830 0.000000
vn -0.853178 0.521620 0.000000
vn -0.853178 0.521620 0.000000
vn -0.867166 0.498019 0.000000
vn -0.867166 0.498019 0.000000
vn -0.880503 0.474041 0.000000
vn -0.880503 0.474041 0.000000
vn -0.893176 0.449708 0.000000
vn -0.893176 0.449708 0.000000
vn -0.905177 0.425035 0.000000
vn -0.916498 0.400040 0.000000
vn -0.905177 0.425035 0.000000
vn -0.916498 0.400040 0.000000
vn -0.927126 0.374749 0.000000
vn -0.927126 0.374749 0.000000
vn -0.937058 0.349173 0.000000
vn -0.946285 0.323333 0.000000
vn -0.937058 0.349173 0.000000
vn -0.946285 0.323333 0.000000
vn -0.954800 0.297250 0.000000
vn -0.954800 0.297250 0.000000
vn -0.962595 0.270944 0.000000
vn -0.962595 0.270944 0.000000
vn -0.969665 0.244437 0.000000
vn -0.976006 0.217742 0.000000
vn -0.969665 0.244437 0.000000
vn -0.976006 0.217742 0.000000
vn -0.981613 0.190883 0.000000
vn -0.981613 0.190883 0.000000
vn -0.986480 0.163883 0.000000
vn -0.990605 0.136756 0.000000
vn -0.986480 0.163883 0.000000
vn -0.990605 0.136756 0.000000
vn -0.993984 0.109530 0.000000
vn -0.993984 0.109530 0.000000
vn -0.996614 0.082219 0.000000
vn -0.996614 0.082219 0.000000
vn -0.998495 0.054850 0.000000
vn -0.998495 0.054850 0.000000
vn -0.999624 0.027432 0.000000
vn -0.999624 0.027432 0.000000
vn -1.000000 -0.000000 0.000000
vn -1.000000 0.000000 0.000000
vn -0.999624 -0.027432 -0.000000
vn -0.998495 -0.054850 -0.000000
vn -0.999624 -0.027432 0.000000
vn -0.998495 -0.054850 0.000000
vn -0.996614 -0.082219 0.000000
vn -0.996614 -0.082219 0.000000
vn -0.993984 -0.109530 0.000000
vn -0.990605 -0.136756 -0.000000
vn -0.993984 -0.109530 0.000000
vn -0.986480 -0.163883 -0.000000
vn -0.990605 -0.136756 0.000000
vn -0.986480 -0.163883 0.000000
vn -0.981613 -0.190883 0.000000
vn -0.981613 -0.190883 0.000000
vn -0.976006 -0.217742 0.000000
vn -0.976006 -0.217742 0.000000
vn -0.969665 -0.244437 0.000000
vn -0.962595 -0.270944 -0.000000
vn -0.969665 -0.244437 0.000000
vn -0.962595 -0.270944 0.000000
vn -0.954800 -0.297250 0.000000
vn -0.954800 -0.297250 0.000000
vn -0.946285 -0.323333 0.000000
vn -0.937058 -0.349173 -0.000000
vn -0.946285 -0.323333 0.000000
vn -0.937058 -0.349173 0.000000
vn -0.927126 -0.374749 0.000000
vn -0.927126 -0.374749 0.000000
vn -0.916498 -0.400040 0.000000
vn -0.916498 -0.400040 0.000000
vn -0.905177 -0.425035 0.000000
vn -0.905177 -0.425035 0.000000
vn -0.893176 -0.449708 0.000000
vn -0.893176 -0.449708 0.000000
vn -0.880503 -0.474041 0.000000
vn -0.880503 -0.474041 0.000000
vn -0.867166 -0.498019 0.000000
vn -0.867166 -0.498019 0.000000
vn -0.853178 -0.521620 0.000000
vn -0.853178 -0.521620 0.000000
vn -0.838547 -0.544830 0.000000
vn -0.838547 -0.544830 0.000000
vn -0.823283 -0.567631 0.000000
vn -0.823283 -0.567631 0.000000
vn -0.807401 -0.590003 0.000000
vn -0.807401 -0.590003 0.000000
vn -0.790912 -0.611930 -0.000000
vn -0.790912 -0.611930 0.000000
vn -0.773826 -0.633399 0.000000
vn -0.773826 -0.633399 0.000000
vn -0.756158 -0.654390 0.000000
vn -0.756158 -0.654390 0.000000
vn -0.737920 -0.674888 0.000000
vn -0.737920 -0.674888 0.000000
vn -0.719129 -0.694877 0.000000
vn -0.719129 -0.694877 0.000000
vn -0.699794 -0.714344 0.000000
vn -0.699794 -0.714344 0.000000
vn -0.679933 -0.733274 0.000000
vn -0.679933 -0.733274 0.000000
vn -0.659561 -0.751651 0.000000
vn -0.659561 -0.751651 0.000000
vn -0.638692 -0.769463 0.000000
vn -0.638692 -0.769463 0.000000
vn -0.617341 -0.786696 0.000000
vn -0.617341 -0.786696 0.000000
vn -0.595527 -0.803335 0.000000
vn -0.595527 -0.803335 0.000000
vn -0.573265 -0.819370 0.000000
vn -0.573265 -0.819370 0.000000
vn -0.550569 -0.834790 0.000000
vn -0.527462 -0.849578 -0.000000
vn -0.550569 -0.834790 0.000000
vn -0.527462 -0.849578 0.000000
vn -0.503955 -0.863730 0.000000
vn -0.480070 -0.877230 -0.000000
vn -0.503955 -0.863730 0.000000
vn -0.480070 -0.877230 0.000000
vn -0.455821 -0.890071 0.000000
vn -0.431233 -0.902241 -0.000000
vn -0.455821 -0.890071 0.000000
vn -0.431233 -0.902241 0.000000
vn -0.406320 -0.913731 0.000000
vn -0.406320 -0.913731 0.000000
vn -0.381099 -0.924534 0.000000
vn -0.381099 -0.924534 0.000000
vn -0.355590 -0.934642 0.000000
vn -0.329816 -0.944045 -0.000000
vn -0.355590 -0.934642 0.000000
vn -0.329816 -0.944045 0.000000
vn -0.303795 -0.952737 0.000000
vn -0.277541 -0.960714 -0.000000
vn -0.303795 -0.952737 0.000000
vn -0.277541 -0.960714 0.000000
vn -0.251079 -0.967966 0.000000
vn -0.251079 -0.967966 0.000000
vn -0.224433 -0.974490 0.000000
vn -0.224433 -0.974490 0.000000
vn -0.197613 -0.980280 -0.000000
vn -0.197613 -0.980280 0.000000
vn -0.170643 -0.985333 0.000000
vn -0.170643 -0.985333 0.000000
vn -0.143552 -0.989643 0.000000
vn -0.143552 -0.989643 0.000000
vn -0.116342 -0.993209 0.000000
vn -0.116342 -0.993209 0.000000
vn -0.089056 -0.996027 -0.000000
vn -0.089056 -0.996027 0.000000
vn -0.061694 -0.998095 0.000000
vn -0.061694 -0.998095 0.000000
vn -0.034290 -0.999412 0.000000
vn -0.034290 -0.999412 0.000000
vn -0.006858 -0.999977 0.000000
vn -0.006858 -0.999977 0.000000
vn 0.020574 -0.999788 0.000000
vn 0.020574 -0.999788 0.000000
vn 0.047999 -0.998847 0.000000
vn 0.047999 -0.998847 0.000000
vn 0.075382 -0.997155 0.000000
vn 0.075382 -0.997155 0.000000
vn 0.102710 -0.994711 0.000000
vn 0.102710 -0.994711 0.000000
vn 0.129958 -0.991520 0.000000
vn 0.129958 -0.991520 0.000000
vn 0.157111 -0.987581 0.000000
vn 0.157111 -0.987581 0.000000
vn 0.184147 -0.982899 0.000000
vn 0.184147 -0.982899 0.000000
vn 0.211040 -0.977477 0.000000
vn 0.211040 -0.977477 0.000000
vn 0.237780 -0.971319 0.000000
vn 0.237780 -0.971319 0.000000
vn 0.264337 -0.964431 0.000000
vn 0.264337 -0.964431 0.000000
vn 0.290694 -0.956816 0.000000
vn 0.290694 -0.956816 0.000000
vn 0.316834 -0.948481 0.000000
vn 0.342736 -0.939432 0.000000
vn 0.316834 -0.948481 0.000000
vn 0.342736 -0.939432 0.000000
vn 0.368381 -0.929675 0.000000
vn 0.393745 -0.919220 0.000000
vn 0.368381 -0.929675 0.000000
vn 0.393745 -0.919220 0.000000
vn 0.418817 -0.908071 0.000000
vn 0.418817 -0.908071 0.000000
vn 0.443569 -0.896240 0.000000
vn 0.443569 -0.896240 0.000000
vn 0.467990 -0.883734 0.000000
vn 0.467990 -0.883734 0.000000
vn 0.492060 -0.870561 0.000000
vn 0.492060 -0.870561 0.000000
vn 0.515756 -0.856735 0.000000
vn 0.515756 -0.856735 0.000000
vn 0.539066 -0.842263 0.000000
vn 0.539066 -0.842263 0.000000
vn 0.561969 -0.827158 0.000000
vn 0.561969 -0.827158 0.000000
vn 0.584450 -0.811429 0.000000
vn 0.584450 -0.811429 0.000000
vn 0.606492 -0.795090 0.000000
vn 0.606492 -0.795090 0.000000
vn 0.628076 -0.778152 0.000000
vn 0.628076 -0.778152 0.000000
vn 0.649186 -0.760629 0.000000
vn 0.649186 -0.760629 0.000000
vn 0.669811 -0.742532 0.000000
vn 0.669811 -0.742532 0.000000
vn 0.689928 -0.723878 0.000000
vn 0.709528 -0.704677 0.000000
vn 0.689928 -0.723878 0.000000
vn 0.709528 -0.704677 0.000000
vn 0.728593 -0.684947 0.000000
vn 0.728593 -0.684947 0.000000
vn 0.747110 -0.664701 0.000000
vn 0.765063 -0.643955 0.000000
vn 0.747110 -0.664701 0.000000
vn 0.765063 -0.643955 0.000000
vn 0.782443 -0.622723 0.000000
vn 0.799232 -0.601023 0.000000
vn 0.782443 -0.622723 0.000000
vn 0.799232 -0.601023 0.000000
vn 0.815418 -0.578872 0.000000
vn 0.815418 -0.578872 0.000000
vn 0.830993 -0.556283 0.000000
vn 0.830993 -0.556283 0.000000
vn 0.845940 -0.533277 0.000000
vn 0.845940 -0.533277 0.000000
vn 0.860254 -0.509866 0.000000
vn 0.860254 -0.509866 0.000000
vn 0.873917 -0.486076 0.000000
vn 0.873917 -0.486076 0.000000
vn 0.886922 -0.461918 0.000000
vn 0.886922 -0.461918 0.000000
vn 0.899261 -0.437413 0.000000
vn 0.899261 -0.437413 0.000000
vn 0.910923 -0.412577 0.000000
vn 0.910923 -0.412577 0.000000
vn 0.921898 -0.387432 0.000000
vn 0.921898 -0.387432 0.000000
vn 0.932181 -0.361992 0.000000
vn 0.932181 -0.361992 0.000000
vn 0.941760 -0.336284 0.000000
vn 0.950631 -0.310323 0.000000
vn 0.941760 -0.336284 0.000000
vn 0.950631 -0.310323 0.000000
vn 0.958787 -0.284125 0.000000
vn 0.966222 -0.257712 0.000000
vn 0.958787 -0.284125 0.000000
vn 0.966222 -0.257712 0.000000
vn 0.972928 -0.231110 0.000000
vn 0.972928 -0.231110 0.000000
vn 0.978901 -0.204335 0.000000
vn 0.984139 -0.177397 0.000000
vn 0.978901 -0.204335 0.000000
vn 0.984139 -0.177397 0.000000
vn 0.988635 -0.150337 0.000000
vn 0.992387 -0.123155 0.000000
vn 0.988635 -0.150337 0.000000
vn 0.992387 -0.123155 0.000000
vn 0.995393 -0.095883 0.000000
vn 0.995393 -0.095883 0.000000
vn 0.997649 -0.068538 0.000000
vn 0.997649 -0.068538 0.000000
vn 0.999153 -0.041144 0.000000
vn 0.999906 -0.013719 0.000000
vn 0.999153 -0.041144 0.000000
vn 0.999906 -0.013719 0.000000
vn 0.632333 0.316770 0.706974
vn 0.626941 0.326516 0.707342
vn 0.618256 0.343877 0.706759
vn 0.632333 0.316768 0.706975
vn 0.635507 0.318360 0.703404
vn 0.608584 0.360703 0.706767
vn 0.597890 0.376907 0.707438
vn 0.610687 0.348883 0.710874
vn 0.617170 0.352586 0.703409
vn 0.614091 0.350826 0.706975
vn 0.608065 0.360397 0.707369
vn 0.598497 0.377289 0.706721
vn 0.614091 0.350827 0.706975
vn 0.587906 0.393555 0.706740
vn 0.576285 0.409109 0.707478
vn 0.707074 0.009702 0.707074
vn 0.590728 0.381715 0.710869
vn 0.596990 0.385760 0.703415
vn 0.587361 0.393190 0.707396
vn 0.576934 0.409569 0.706683
vn 0.594016 0.383839 0.706974
vn 0.594016 0.383839 0.706975
vn 0.565457 0.425224 0.706713
vn 0.552948 0.440075 0.707518
vn 0.569007 0.413408 0.710862
vn 0.572169 0.415705 0.706974
vn 0.564890 0.424799 0.707422
vn 0.553632 0.440619 0.706644
vn 0.707073 0.009701 0.707074
vn 0.572169 0.415705 0.706974
vn 0.575028 0.417783 0.703421
vn 0.545587 0.443868 0.710856
vn 0.541303 0.455616 0.706686
vn 0.527948 0.469714 0.707559
vn 0.548614 0.446330 0.706974
vn 0.540720 0.455126 0.707447
vn 0.528662 0.470347 0.706605
vn 0.551350 0.448557 0.703427
vn 0.548614 0.446330 0.706974
vn 0.520540 0.473005 0.710848
vn 0.515518 0.484636 0.706661
vn 0.501362 0.497934 0.707600
vn 0.523421 0.475624 0.706974
vn 0.514926 0.484081 0.707472
vn 0.502097 0.498663 0.706565
vn 0.526027 0.477991 0.703434
vn 0.523421 0.475623 0.706974
vn 0.488178 0.512200 0.706635
vn 0.473269 0.524652 0.707642
vn 0.493939 0.500732 0.710839
vn 0.499134 0.505999 0.703442
vn 0.496666 0.503497 0.706974
vn 0.496667 0.503497 0.706975
vn 0.487584 0.511577 0.707496
vn 0.474018 0.525482 0.706523
vn 0.459366 0.538223 0.706611
vn 0.443753 0.549787 0.707685
vn 0.465862 0.526965 0.710831
vn 0.468430 0.529869 0.706974
vn 0.458776 0.537532 0.707520
vn 0.444508 0.550722 0.706482
vn 0.468430 0.529868 0.706975
vn 0.470752 0.532495 0.703450
vn 0.436397 0.551626 0.710821
vn 0.429169 0.562626 0.706587
vn 0.412906 0.573263 0.707728
vn 0.438795 0.554659 0.706974
vn 0.440965 0.557400 0.703460
vn 0.428589 0.561867 0.707543
vn 0.413658 0.574307 0.706441
vn 0.438796 0.554659 0.706974
vn 0.407851 0.577793 0.706974
vn 0.397678 0.585338 0.706563
vn 0.380819 0.595010 0.707771
vn 0.405627 0.574643 0.710811
vn 0.409861 0.580642 0.703469
vn 0.407851 0.577793 0.706974
vn 0.397115 0.584509 0.707566
vn 0.381559 0.596166 0.706399
vn 0.364987 0.606288 0.706540
vn 0.347590 0.614962 0.707815
vn 0.373647 0.595946 0.710800
vn 0.375690 0.599203 0.706974
vn 0.375689 0.599203 0.706974
vn 0.364447 0.605391 0.707587
vn 0.348308 0.616233 0.706356
vn 0.377536 0.602149 0.703479
vn 0.340550 0.615471 0.710789
vn 0.331194 0.625413 0.706519
vn 0.313316 0.633061 0.707861
vn 0.342407 0.618825 0.706974
vn 0.344086 0.621858 0.703490
vn 0.342407 0.618826 0.706974
vn 0.330683 0.624450 0.707609
vn 0.314003 0.634448 0.706313
vn 0.296403 0.642656 0.706497
vn 0.278104 0.649251 0.707906
vn 0.306437 0.633161 0.710777
vn 0.308102 0.636602 0.706974
vn 0.309607 0.639711 0.703501
vn 0.308102 0.636600 0.706974
vn 0.295929 0.641628 0.707629
vn 0.278749 0.650758 0.706267
vn 0.271408 0.648961 0.710765
vn 0.260716 0.657965 0.706477
vn 0.242061 0.663483 0.707953
vn 0.272878 0.652476 0.706974
vn 0.272879 0.652476 0.706974
vn 0.260285 0.656874 0.707649
vn 0.242654 0.665108 0.706223
vn 0.274207 0.655653 0.703512
vn 0.235569 0.662827 0.710752
vn 0.224241 0.671295 0.706455
vn 0.205292 0.675717 0.707998
vn 0.236841 0.666404 0.706974
vn 0.237990 0.669638 0.703524
vn 0.236841 0.666404 0.706974
vn 0.223857 0.670143 0.707670
vn 0.205822 0.677458 0.706178
vn 0.187091 0.682603 0.706435
vn 0.167913 0.685914 0.708045
vn 0.199025 0.674716 0.710737
vn 0.201062 0.681623 0.703537
vn 0.200095 0.678343 0.706975
vn 0.200094 0.678344 0.706974
vn 0.186760 0.681394 0.707688
vn 0.168367 0.687772 0.706132
vn 0.161885 0.684591 0.710724
vn 0.149374 0.691855 0.706416
vn 0.130030 0.694044 0.708093
vn 0.162752 0.688258 0.706975
vn 0.149103 0.690594 0.707706
vn 0.130399 0.696017 0.706085
vn 0.163536 0.691574 0.703550
vn 0.162752 0.688258 0.706974
vn 0.124262 0.692425 0.710709
vn 0.124925 0.696118 0.706974
vn 0.111206 0.699025 0.706397
vn 0.091759 0.700083 0.708141
vn 0.125524 0.699459 0.703563
vn 0.124925 0.696118 0.706975
vn 0.110997 0.697714 0.707725
vn 0.092032 0.702168 0.706038
vn 0.072701 0.704090 0.706379
vn 0.053221 0.704013 0.708190
vn 0.086264 0.698194 0.710693
vn 0.086723 0.701902 0.706975
vn 0.086722 0.701902 0.706974
vn 0.087137 0.705255 0.703578
vn 0.072561 0.702734 0.707742
vn 0.053389 0.706205 0.705991
vn 0.033976 0.707035 0.706362
vn 0.014525 0.705822 0.708240
vn 0.048264 0.705590 0.706974
vn 0.048010 0.701878 0.710677
vn 0.048265 0.705591 0.706974
vn 0.048494 0.708947 0.703592
vn 0.033906 0.705639 0.707759
vn 0.014574 0.708118 0.705943
vn -0.004855 0.707851 0.706345
vn -0.024206 0.705507 0.708290
vn 0.009609 0.703470 0.710660
vn 0.009660 0.707173 0.706974
vn 0.009705 0.710522 0.703608
vn -0.004846 0.706421 0.707775
vn -0.024290 0.707901 0.705894
vn 0.009659 0.707173 0.706974
vn -0.028821 0.702962 0.710643
vn -0.043672 0.706536 0.706329
vn -0.062862 0.703066 0.708340
vn -0.028972 0.706645 0.706975
vn -0.029109 0.709975 0.703624
vn -0.028972 0.706645 0.706974
vn -0.043582 0.705076 0.707791
vn -0.063082 0.705552 0.705845
vn -0.082359 0.703092 0.706313
vn -0.101322 0.698509 0.708392
vn -0.067169 0.700357 0.710625
vn -0.067520 0.704010 0.706974
vn -0.067518 0.704009 0.706975
vn -0.082188 0.701609 0.707807
vn -0.067835 0.707310 0.703641
vn -0.101691 0.701079 0.705796
vn -0.120801 0.697532 0.706297
vn -0.139469 0.691851 0.708443
vn -0.105316 0.695663 0.710607
vn -0.106358 0.702534 0.703658
vn -0.105864 0.699272 0.706974
vn -0.105863 0.699271 0.706975
vn -0.120542 0.696032 0.707820
vn -0.140003 0.694496 0.705744
vn -0.143154 0.688891 0.710588
vn -0.158883 0.689870 0.706283
vn -0.177191 0.683109 0.708495
vn -0.144559 0.695660 0.703675
vn -0.143893 0.692447 0.706974
vn -0.143891 0.692446 0.706975
vn -0.158534 0.688358 0.707835
vn -0.177895 0.685820 0.705694
vn -0.180565 0.680065 0.710569
vn -0.196484 0.680131 0.706269
vn -0.214377 0.672311 0.708548
vn -0.196045 0.678614 0.707849
vn -0.215260 0.675080 0.705642
vn -0.181491 0.683556 0.706974
vn -0.182329 0.686710 0.703694
vn -0.181492 0.683556 0.706974
vn -0.233496 0.668344 0.706255
vn -0.250908 0.659492 0.708601
vn -0.217439 0.669210 0.710548
vn -0.232965 0.666828 0.707862
vn -0.251981 0.662306 0.705590
vn -0.219552 0.675711 0.703713
vn -0.218548 0.672625 0.706974
vn -0.218549 0.672625 0.706974
vn -0.253668 0.656356 0.710528
vn -0.269807 0.654542 0.706243
vn -0.286681 0.644687 0.708656
vn -0.254954 0.659686 0.706974
vn -0.269185 0.653034 0.707875
vn -0.287945 0.647537 0.705538
vn -0.256117 0.662695 0.703732
vn -0.254955 0.659687 0.706973
vn -0.290599 0.644780 0.706973
vn -0.289141 0.641545 0.710505
vn -0.305305 0.638771 0.706230
vn -0.321582 0.627946 0.708709
vn -0.304592 0.637277 0.707886
vn -0.323054 0.630816 0.705484
vn -0.291917 0.647702 0.703752
vn -0.290599 0.644779 0.706974
vn -0.323754 0.624817 0.710484
vn -0.339887 0.621074 0.706219
vn -0.355513 0.609314 0.708765
vn -0.325376 0.627947 0.706974
vn -0.339081 0.619601 0.707897
vn -0.357193 0.612194 0.705430
vn -0.326842 0.630777 0.703772
vn -0.325376 0.627947 0.706974
vn -0.373446 0.601506 0.706207
vn -0.388366 0.588852 0.708819
vn -0.357403 0.606225 0.710461
vn -0.359181 0.609242 0.706975
vn -0.372549 0.600062 0.707908
vn -0.390262 0.591727 0.705375
vn -0.360790 0.611969 0.703793
vn -0.359183 0.609242 0.706974
vn -0.389989 0.585821 0.710438
vn -0.405881 0.580127 0.706197
vn -0.420045 0.566619 0.708876
vn -0.404893 0.578717 0.707918
vn -0.422163 0.569475 0.705320
vn -0.393659 0.591336 0.703815
vn -0.391916 0.588718 0.706975
vn -0.391917 0.588718 0.706974
vn -0.421412 0.563670 0.710414
vn -0.437093 0.557001 0.706186
vn -0.450454 0.542683 0.708933
vn -0.436019 0.555631 0.707927
vn -0.452797 0.545506 0.705264
vn -0.423481 0.566437 0.706974
vn -0.425351 0.568938 0.703837
vn -0.423481 0.566437 0.706974
vn -0.451581 0.539835 0.710390
vn -0.453782 0.542466 0.706974
vn -0.466992 0.532196 0.706177
vn -0.479501 0.517119 0.708990
vn -0.465832 0.530873 0.707937
vn -0.482071 0.519892 0.705209
vn -0.453782 0.542466 0.706974
vn -0.455771 0.544844 0.703860
vn -0.480404 0.514387 0.710365
vn -0.495485 0.505787 0.706169
vn -0.507101 0.489999 0.709048
vn -0.482728 0.516876 0.706974
vn -0.494243 0.504518 0.707945
vn -0.509902 0.492707 0.705152
vn -0.482729 0.516876 0.706974
vn -0.484829 0.519125 0.703882
vn -0.507796 0.487403 0.710339
vn -0.510235 0.489743 0.706974
vn -0.522486 0.477856 0.706160
vn -0.533167 0.461411 0.709107
vn -0.521164 0.476647 0.707952
vn -0.536202 0.464036 0.705094
vn -0.512438 0.491858 0.703906
vn -0.510235 0.489743 0.706974
vn -0.533675 0.458962 0.710313
vn -0.547914 0.448484 0.706153
vn -0.557626 0.431436 0.709166
vn -0.536218 0.461149 0.706974
vn -0.536217 0.461149 0.706974
vn -0.546516 0.447339 0.707960
vn -0.560892 0.433964 0.705036
vn -0.538514 0.463125 0.703930
vn -0.557964 0.429151 0.710286
vn -0.571694 0.417762 0.706146
vn -0.580400 0.400170 0.709225
vn -0.570224 0.416688 0.707966
vn -0.583897 0.402580 0.704977
vn -0.560601 0.431178 0.706974
vn -0.560600 0.431179 0.706974
vn -0.562983 0.433010 0.703955
vn -0.580589 0.398055 0.710259
vn -0.593752 0.385779 0.706140
vn -0.601423 0.367701 0.709286
vn -0.583311 0.399921 0.706974
vn -0.592215 0.384781 0.707973
vn -0.605149 0.369980 0.704918
vn -0.585768 0.401606 0.703980
vn -0.583310 0.399921 0.706974
vn -0.601485 0.365772 0.710230
vn -0.614022 0.352637 0.706133
vn -0.620632 0.334133 0.709346
vn -0.604279 0.367471 0.706974
vn -0.604279 0.367471 0.706974
vn -0.612423 0.351717 0.707979
vn -0.624582 0.336260 0.704859
vn -0.606803 0.369006 0.704006
vn -0.632443 0.318431 0.706128
vn -0.637967 0.299564 0.709408
vn -0.620587 0.332392 0.710202
vn -0.623445 0.333922 0.706974
vn -0.630787 0.317596 0.707983
vn -0.642139 0.301523 0.704798
vn -0.626027 0.335304 0.704032
vn -0.623445 0.333922 0.706974
vn -0.648962 0.283264 0.706123
vn -0.653380 0.264099 0.709469
vn -0.637839 0.298019 0.710173
vn -0.640749 0.299379 0.706974
vn -0.647253 0.282520 0.707987
vn -0.657768 0.265871 0.704737
vn -0.640749 0.299379 0.706975
vn -0.643378 0.300607 0.704059
vn -0.663525 0.247247 0.706119
vn -0.666822 0.227844 0.709532
vn -0.653190 0.262754 0.710143
vn -0.658809 0.265014 0.704087
vn -0.661770 0.246592 0.707992
vn -0.671417 0.229414 0.704676
vn -0.656142 0.263941 0.706975
vn -0.656142 0.263941 0.706975
vn -0.676090 0.210482 0.706116
vn -0.678254 0.190910 0.709595
vn -0.666593 0.226700 0.710113
vn -0.669578 0.227715 0.706974
vn -0.674295 0.209925 0.707995
vn -0.683049 0.192259 0.704614
vn -0.672271 0.228632 0.704116
vn -0.669576 0.227716 0.706975
vn -0.686619 0.173085 0.706113
vn -0.687641 0.153409 0.709658
vn -0.678009 0.189969 0.710082
vn -0.681013 0.190811 0.706974
vn -0.684792 0.172623 0.707998
vn -0.692625 0.154522 0.704552
vn -0.681014 0.190811 0.706974
vn -0.683726 0.191571 0.704144
vn -0.695081 0.135165 0.706111
vn -0.694957 0.115452 0.709722
vn -0.687402 0.152667 0.710051
vn -0.693140 0.153941 0.704173
vn -0.690417 0.153337 0.706974
vn -0.693227 0.134806 0.708000
vn -0.700121 0.116310 0.704488
vn -0.690417 0.153336 0.706974
vn -0.701450 0.096838 0.706109
vn -0.700178 0.077154 0.709787
vn -0.694745 0.114906 0.710018
vn -0.700483 0.115855 0.704202
vn -0.697760 0.115404 0.706974
vn -0.697760 0.115405 0.706974
vn -0.699576 0.096580 0.708001
vn -0.705509 0.077742 0.704424
vn -0.705707 0.058220 0.706108
vn -0.703291 0.038634 0.709852
vn -0.700016 0.076798 0.709985
vn -0.703021 0.077128 0.706974
vn -0.703021 0.077128 0.706974
vn -0.703819 0.058062 0.708003
vn -0.708774 0.038935 0.704360
vn -0.705735 0.077426 0.704232
vn -0.707839 0.019425 0.706107
vn -0.703199 0.038460 0.709952
vn -0.705943 0.019373 0.708004
vn -0.706184 0.038623 0.706974
vn -0.708879 0.038770 0.704263
vn -0.706184 0.038622 0.706974
vn -0.704285 0.000000 0.709917
vn -0.707839 -0.019425 0.706107
vn -0.704285 0.000000 0.709917
vn -0.707239 0.000000 0.706974
vn -0.709907 0.000000 0.704295
vn -0.705943 -0.019373 0.708004
vn -0.707239 0.000000 0.706974
vn -0.709907 0.000000 0.704295
vn -0.703291 -0.038634 0.709852
vn -0.705707 -0.058220 0.706108
vn -0.703199 -0.038460 0.709952
vn -0.708879 -0.038770 0.704263
vn -0.708774 -0.038935 0.704360
vn -0.706184 -0.038622 0.706974
vn -0.703819 -0.058062 0.708003
vn -0.706184 -0.038623 0.706974
vn -0.700178 -0.077154 0.709787
vn -0.701450 -0.096838 0.706109
vn -0.700016 -0.076798 0.709985
vn -0.703021 -0.077129 0.706974
vn -0.703021 -0.077128 0.706974
vn -0.705509 -0.077742 0.704424
vn -0.699576 -0.096580 0.708001
vn -0.705735 -0.077426 0.704232
vn -0.694957 -0.115452 0.709722
vn -0.695081 -0.135165 0.706111
vn -0.694745 -0.114906 0.710018
vn -0.700483 -0.115855 0.704202
vn -0.700121 -0.116310 0.704488
vn -0.693227 -0.134806 0.708000
vn -0.697760 -0.115404 0.706974
vn -0.697760 -0.115405 0.706974
vn -0.687641 -0.153409 0.709658
vn -0.686619 -0.173085 0.706113
vn -0.687402 -0.152667 0.710051
vn -0.690417 -0.153337 0.706974
vn -0.692625 -0.154522 0.704552
vn -0.684792 -0.172623 0.707998
vn -0.690417 -0.153336 0.706974
vn -0.693140 -0.153941 0.704173
vn -0.678254 -0.190910 0.709595
vn -0.676090 -0.210482 0.706116
vn -0.678009 -0.189969 0.710082
vn -0.681013 -0.190811 0.706974
vn -0.681013 -0.190811 0.706974
vn -0.683726 -0.191571 0.704144
vn -0.683049 -0.192259 0.704614
vn -0.674295 -0.209925 0.707995
vn -0.669578 -0.227715 0.706974
vn -0.666822 -0.227844 0.709532
vn -0.663525 -0.247247 0.706119
vn -0.666593 -0.226700 0.710113
vn -0.669576 -0.227716 0.706975
vn -0.672271 -0.228632 0.704115
vn -0.671417 -0.229414 0.704676
vn -0.661770 -0.246592 0.707992
vn -0.653380 -0.264099 0.709469
vn -0.653190 -0.262754 0.710143
vn -0.648962 -0.283264 0.706123
vn -0.658809 -0.265014 0.704087
vn -0.657768 -0.265871 0.704737
vn -0.647253 -0.282520 0.707987
vn -0.656142 -0.263941 0.706975
vn -0.656142 -0.263941 0.706975
vn -0.637839 -0.298019 0.710173
vn -0.637967 -0.299564 0.709408
vn -0.632443 -0.318431 0.706128
vn -0.640749 -0.299379 0.706975
vn -0.642139 -0.301523 0.704798
vn -0.640749 -0.299379 0.706974
vn -0.630787 -0.317596 0.707983
vn -0.643378 -0.300607 0.704059
vn -0.623445 -0.333922 0.706974
vn -0.620632 -0.334133 0.709346
vn -0.614022 -0.352637 0.706133
vn -0.620587 -0.332392 0.710202
vn -0.624582 -0.336260 0.704859
vn -0.612423 -0.351717 0.707979
vn -0.626027 -0.335304 0.704032
vn -0.623445 -0.333922 0.706974
vn -0.601423 -0.367701 0.709286
vn -0.593752 -0.385779 0.706140
vn -0.601485 -0.365772 0.710230
vn -0.606803 -0.369006 0.704006
vn -0.604279 -0.367471 0.706974
vn -0.604279 -0.367471 0.706974
vn -0.605149 -0.369980 0.704918
vn -0.592215 -0.384781 0.707973
vn -0.583311 -0.399921 0.706974
vn -0.580400 -0.400170 0.709225
vn -0.571694 -0.417762 0.706146
vn -0.580589 -0.398055 0.710259
vn -0.583897 -0.402580 0.704977
vn -0.570224 -0.416688 0.707966
vn -0.585768 -0.401606 0.703980
vn -0.583310 -0.399921 0.706974
vn -0.557964 -0.429151 0.710286
vn -0.557626 -0.431436 0.709166
vn -0.547914 -0.448484 0.706153
vn -0.562983 -0.433010 0.703955
vn -0.560600 -0.431178 0.706974
vn -0.560600 -0.431179 0.706974
vn -0.560892 -0.433964 0.705036
vn -0.546516 -0.447339 0.707960
vn -0.533675 -0.458962 0.710313
vn -0.533167 -0.461411 0.709107
vn -0.522486 -0.477856 0.706160
vn -0.536218 -0.461149 0.706974
vn -0.536217 -0.461149 0.706974
vn -0.538514 -0.463125 0.703930
vn -0.536202 -0.464036 0.705094
vn -0.521164 -0.476647 0.707952
vn -0.507101 -0.489999 0.709048
vn -0.495485 -0.505787 0.706169
vn -0.507796 -0.487403 0.710339
vn -0.512438 -0.491858 0.703906
vn -0.510235 -0.489743 0.706974
vn -0.510235 -0.489743 0.706974
vn -0.509902 -0.492707 0.705152
vn -0.494243 -0.504518 0.707945
vn -0.480404 -0.514387 0.710365
vn -0.479501 -0.517119 0.708990
vn -0.466992 -0.532196 0.706177
vn -0.482729 -0.516876 0.706974
vn -0.482071 -0.519892 0.705209
vn -0.465832 -0.530873 0.707937
vn -0.482729 -0.516876 0.706974
vn -0.484829 -0.519125 0.703882
vn -0.451581 -0.539835 0.710390
vn -0.450454 -0.542683 0.708933
vn -0.437093 -0.557001 0.706186
vn -0.455771 -0.544844 0.703860
vn -0.453782 -0.542466 0.706974
vn -0.453782 -0.542466 0.706974
vn -0.452797 -0.545506 0.705264
vn -0.436019 -0.555631 0.707927
vn -0.421412 -0.563670 0.710414
vn -0.420045 -0.566619 0.708876
vn -0.405881 -0.580127 0.706197
vn -0.423481 -0.566438 0.706974
vn -0.423481 -0.566437 0.706974
vn -0.425351 -0.568938 0.703837
vn -0.422163 -0.569475 0.705320
vn -0.404893 -0.578717 0.707918
vn -0.388366 -0.588852 0.708819
vn -0.373446 -0.601506 0.706207
vn -0.389989 -0.585821 0.710438
vn -0.391917 -0.588718 0.706974
vn -0.391916 -0.588718 0.706975
vn -0.393659 -0.591336 0.703815
vn -0.390262 -0.591727 0.705375
vn -0.372549 -0.600062 0.707908
vn -0.355513 -0.609314 0.708765
vn -0.339887 -0.621074 0.706219
vn -0.357403 -0.606225 0.710461
vn -0.360790 -0.611969 0.703793
vn -0.359182 -0.609241 0.706975
vn -0.357193 -0.612194 0.705430
vn -0.359182 -0.609242 0.706974
vn -0.339081 -0.619601 0.707897
vn -0.321582 -0.627946 0.708709
vn -0.305305 -0.638771 0.706230
vn -0.323754 -0.624817 0.710484
vn -0.325376 -0.627947 0.706974
vn -0.326842 -0.630777 0.703772
vn -0.323054 -0.630816 0.705484
vn -0.304592 -0.637277 0.707886
vn -0.325376 -0.627947 0.706974
vn -0.289141 -0.641545 0.710505
vn -0.286681 -0.644687 0.708656
vn -0.269807 -0.654542 0.706243
vn -0.291917 -0.647702 0.703752
vn -0.290599 -0.644780 0.706973
vn -0.287945 -0.647537 0.705538
vn -0.269185 -0.653034 0.707875
vn -0.290599 -0.644779 0.706974
vn -0.254955 -0.659687 0.706973
vn -0.253668 -0.656356 0.710528
vn -0.250908 -0.659492 0.708601
vn -0.233496 -0.668344 0.706255
vn -0.254954 -0.659686 0.706974
vn -0.256117 -0.662695 0.703732
vn -0.251981 -0.662306 0.705590
vn -0.232965 -0.666828 0.707862
vn -0.217439 -0.669210 0.710548
vn -0.214377 -0.672311 0.708548
vn -0.196484 -0.680131 0.706269
vn -0.218549 -0.672625 0.706974
vn -0.218548 -0.672625 0.706974
vn -0.219552 -0.675711 0.703713
vn -0.215260 -0.675080 0.705642
vn -0.196045 -0.678614 0.707849
vn -0.180565 -0.680065 0.710569
vn -0.177191 -0.683109 0.708495
vn -0.158883 -0.689870 0.706283
vn -0.181492 -0.683556 0.706974
vn -0.181491 -0.683556 0.706974
vn -0.177895 -0.685820 0.705694
vn -0.158534 -0.688358 0.707835
vn -0.182329 -0.686710 0.703694
vn -0.143154 -0.688891 0.710588
vn -0.139469 -0.691851 0.708443
vn -0.120801 -0.697532 0.706297
vn -0.144559 -0.695661 0.703675
vn -0.143893 -0.692446 0.706975
vn -0.140003 -0.694496 0.705744
vn -0.120542 -0.696032 0.707820
vn -0.143892 -0.692447 0.706974
vn -0.105316 -0.695663 0.710607
vn -0.101322 -0.698509 0.708392
vn -0.082359 -0.703092 0.706313
vn -0.106358 -0.702534 0.703658
vn -0.105864 -0.699271 0.706975
vn -0.105863 -0.699272 0.706974
vn -0.101691 -0.701079 0.705796
vn -0.082188 -0.701609 0.707807
vn -0.067169 -0.700357 0.710625
vn -0.067520 -0.704010 0.706974
vn -0.062862 -0.703066 0.708340
vn -0.043672 -0.706536 0.706329
vn -0.063082 -0.705552 0.705845
vn -0.043582 -0.705076 0.707791
vn -0.067835 -0.707310 0.703641
vn -0.067518 -0.704009 0.706975
vn -0.028821 -0.702962 0.710643
vn -0.024206 -0.705507 0.708290
vn -0.004855 -0.707851 0.706345
vn -0.024290 -0.707901 0.705894
vn -0.004846 -0.706421 0.707775
vn -0.028972 -0.706645 0.706975
vn -0.029109 -0.709975 0.703624
vn -0.028972 -0.706645 0.706974
vn 0.009609 -0.703470 0.710660
vn 0.014525 -0.705822 0.708240
vn 0.033976 -0.707035 0.706362
vn 0.014574 -0.708118 0.705943
vn 0.033906 -0.705639 0.707759
vn 0.009705 -0.710522 0.703608
vn 0.009659 -0.707173 0.706975
vn 0.009660 -0.707173 0.706974
vn 0.048010 -0.701878 0.710677
vn 0.053221 -0.704013 0.708190
vn 0.072701 -0.704090 0.706379
vn 0.053389 -0.706205 0.705991
vn 0.072561 -0.702734 0.707742
vn 0.048494 -0.708947 0.703592
vn 0.048265 -0.705591 0.706974
vn 0.048264 -0.705590 0.706974
vn 0.086264 -0.698194 0.710693
vn 0.086722 -0.701902 0.706974
vn 0.091759 -0.700083 0.708141
vn 0.111206 -0.699025 0.706397
vn 0.092032 -0.702168 0.706038
vn 0.110997 -0.697714 0.707725
vn 0.087137 -0.705255 0.703578
vn 0.086723 -0.701902 0.706975
vn 0.124262 -0.692425 0.710709
vn 0.130030 -0.694044 0.708093
vn 0.149374 -0.691855 0.706416
vn 0.130399 -0.696017 0.706085
vn 0.149103 -0.690594 0.707706
vn 0.125524 -0.699459 0.703563
vn 0.124925 -0.696118 0.706975
vn 0.124925 -0.696118 0.706975
vn 0.161885 -0.684591 0.710724
vn 0.167913 -0.685914 0.708045
vn 0.187091 -0.682603 0.706435
vn 0.168367 -0.687772 0.706132
vn 0.186760 -0.681394 0.707688
vn 0.163536 -0.691574 0.703550
vn 0.162752 -0.688258 0.706974
vn 0.162752 -0.688258 0.706975
vn 0.199025 -0.674716 0.710737
vn 0.200095 -0.678343 0.706975
vn 0.205292 -0.675717 0.707998
vn 0.224241 -0.671295 0.706455
vn 0.205822 -0.677458 0.706178
vn 0.223857 -0.670143 0.707670
vn 0.201062 -0.681623 0.703537
vn 0.200094 -0.678344 0.706974
vn 0.235569 -0.662827 0.710752
vn 0.242061 -0.663483 0.707953
vn 0.260716 -0.657965 0.706477
vn 0.242654 -0.665108 0.706223
vn 0.236840 -0.666404 0.706974
vn 0.260285 -0.656874 0.707649
vn 0.236841 -0.666404 0.706974
vn 0.237990 -0.669638 0.703524
vn 0.271408 -0.648961 0.710765
vn 0.278104 -0.649251 0.707906
vn 0.296403 -0.642656 0.706497
vn 0.278749 -0.650758 0.706267
vn 0.295929 -0.641628 0.707629
vn 0.272878 -0.652476 0.706974
vn 0.272879 -0.652476 0.706974
vn 0.274207 -0.655653 0.703512
vn 0.308102 -0.636600 0.706974
vn 0.306437 -0.633161 0.710777
vn 0.313316 -0.633061 0.707861
vn 0.331194 -0.625413 0.706519
vn 0.314003 -0.634448 0.706313
vn 0.330683 -0.624450 0.707609
vn 0.308102 -0.636602 0.706974
vn 0.309607 -0.639711 0.703501
vn 0.340550 -0.615471 0.710789
vn 0.347590 -0.614962 0.707815
vn 0.364987 -0.606288 0.706540
vn 0.348308 -0.616233 0.706356
vn 0.364447 -0.605391 0.707587
vn 0.344086 -0.621858 0.703490
vn 0.342407 -0.618825 0.706974
vn 0.342408 -0.618826 0.706974
vn 0.373647 -0.595946 0.710800
vn 0.380819 -0.595010 0.707771
vn 0.397678 -0.585338 0.706563
vn 0.377536 -0.602149 0.703479
vn 0.381559 -0.596166 0.706399
vn 0.397115 -0.584509 0.707566
vn 0.375690 -0.599203 0.706974
vn 0.375689 -0.599203 0.706974
vn 0.407851 -0.577793 0.706974
vn 0.405627 -0.574643 0.710811
vn 0.412906 -0.573263 0.707728
vn 0.429169 -0.562626 0.706587
vn 0.413658 -0.574307 0.706441
vn 0.428589 -0.561867 0.707543
vn 0.407851 -0.577794 0.706974
vn 0.409861 -0.580642 0.703469
vn 0.436397 -0.551626 0.710821
vn 0.443753 -0.549787 0.707685
vn 0.459366 -0.538223 0.706611
vn 0.440965 -0.557400 0.703460
vn 0.444508 -0.550722 0.706482
vn 0.458776 -0.537532 0.707520
vn 0.438796 -0.554659 0.706974
vn 0.438795 -0.554659 0.706974
vn 0.473269 -0.524652 0.707642
vn 0.488178 -0.512200 0.706635
vn 0.465862 -0.526965 0.710831
vn 0.468430 -0.529869 0.706974
vn 0.474018 -0.525482 0.706523
vn 0.487584 -0.511577 0.707496
vn 0.470752 -0.532495 0.703450
vn 0.468429 -0.529869 0.706975
vn 0.501362 -0.497934 0.707600
vn 0.515518 -0.484636 0.706661
vn 0.493939 -0.500732 0.710839
vn 0.496666 -0.503497 0.706975
vn 0.502097 -0.498663 0.706565
vn 0.514926 -0.484081 0.707472
vn 0.499134 -0.505999 0.703442
vn 0.496667 -0.503497 0.706974
vn 0.527948 -0.469714 0.707559
vn 0.541303 -0.455616 0.706686
vn 0.520540 -0.473005 0.710848
vn 0.523421 -0.475623 0.706974
vn 0.526027 -0.477991 0.703434
vn 0.528662 -0.470347 0.706605
vn 0.540720 -0.455126 0.707447
vn 0.523421 -0.475624 0.706974
vn 0.552948 -0.440075 0.707518
vn 0.565457 -0.425224 0.706713
vn 0.548614 -0.446330 0.706974
vn 0.545587 -0.443868 0.710856
vn 0.551350 -0.448557 0.703427
vn 0.553632 -0.440619 0.706644
vn 0.564890 -0.424799 0.707422
vn 0.548614 -0.446330 0.706974
vn 0.576285 -0.409109 0.707478
vn 0.587906 -0.393555 0.706740
vn 0.569007 -0.413408 0.710862
vn 0.575028 -0.417783 0.703421
vn 0.572168 -0.415705 0.706974
vn 0.576934 -0.409569 0.706683
vn 0.587361 -0.393190 0.707396
vn 0.572169 -0.415705 0.706974
vn 0.597890 -0.376907 0.707438
vn 0.608584 -0.360703 0.706767
vn 0.590728 -0.381715 0.710869
vn 0.594016 -0.383839 0.706975
vn 0.594016 -0.383839 0.706974
vn 0.596990 -0.385760 0.703415
vn 0.598497 -0.377289 0.706721
vn 0.608065 -0.360397 0.707369
vn 0.617697 -0.343566 0.707399
vn 0.627426 -0.326770 0.706795
vn 0.610687 -0.348883 0.710874
vn 0.614090 -0.350827 0.706975
vn 0.614091 -0.350827 0.706975
vn 0.617170 -0.352586 0.703409
vn 0.618256 -0.343877 0.706759
vn 0.626941 -0.326516 0.707342
vn 0.628823 -0.315010 0.710880
vn 0.635645 -0.309186 0.707361
vn 0.644377 -0.291853 0.706824
vn 0.632333 -0.316768 0.706975
vn 0.632333 -0.316770 0.706974
vn 0.636152 -0.309433 0.706796
vn 0.635507 -0.318360 0.703404
vn 0.643930 -0.291649 0.707315
vn 0.645082 -0.280198 0.710885
vn 0.651681 -0.273872 0.707324
vn 0.659387 -0.256059 0.706854
vn 0.648688 -0.281765 0.706975
vn 0.652133 -0.274063 0.706832
vn 0.658984 -0.255903 0.707286
vn 0.648688 -0.281764 0.706974
vn 0.651949 -0.283180 0.703400
vn 0.665757 -0.237729 0.707286
vn 0.672410 -0.219501 0.706883
vn 0.659417 -0.244552 0.710889
vn 0.663107 -0.245920 0.706974
vn 0.666149 -0.237868 0.706869
vn 0.672054 -0.219384 0.707258
vn 0.663106 -0.245921 0.706975
vn 0.666444 -0.247158 0.703395
vn 0.677829 -0.200866 0.707249
vn 0.683409 -0.182279 0.706913
vn 0.671784 -0.208176 0.710893
vn 0.678159 -0.200964 0.706905
vn 0.683104 -0.182199 0.707229
vn 0.675547 -0.209342 0.706974
vn 0.675547 -0.209342 0.706974
vn 0.678949 -0.210396 0.703393
vn 0.687861 -0.163395 0.707213
vn 0.692347 -0.144520 0.706944
vn 0.682148 -0.171178 0.710895
vn 0.685971 -0.172138 0.706974
vn 0.688126 -0.163461 0.706939
vn 0.692098 -0.144464 0.707199
vn 0.689428 -0.173005 0.703391
vn 0.685972 -0.172137 0.706974
vn 0.695823 -0.125426 0.707177
vn 0.699200 -0.106324 0.706976
vn 0.690474 -0.133671 0.710899
vn 0.694348 -0.134421 0.706974
vn 0.696022 -0.125464 0.706974
vn 0.699010 -0.106292 0.707168
vn 0.697850 -0.135098 0.703388
vn 0.694347 -0.134420 0.706975
vn 0.701689 -0.087080 0.707142
vn 0.703947 -0.067809 0.707008
vn 0.696742 -0.095765 0.710900
vn 0.701822 -0.087096 0.707008
vn 0.703818 -0.067798 0.707138
vn 0.704187 -0.096789 0.703386
vn 0.700652 -0.096303 0.706975
vn 0.700652 -0.096303 0.706975
vn 0.703029 -0.019211 0.710902
vn 0.705443 -0.048464 0.707108
vn 0.706574 -0.029096 0.707041
vn 0.706975 -0.019319 0.706975
vn 0.700931 -0.057573 0.710901
vn 0.706976 -0.019317 0.706973
vn 0.705509 -0.048470 0.707041
vn 0.706509 -0.029093 0.707106
vn 0.708423 -0.058190 0.703385
vn 0.710544 -0.019415 0.703384
vn 0.704865 -0.057897 0.706975
vn 0.704866 -0.057896 0.706973
vn 0.707074 -0.009702 0.707074
vn 0.707074 -0.009701 0.707074
vn 0.706574 0.029096 0.707041
vn 0.705443 0.048464 0.707108
vn 0.703029 0.019211 0.710902
vn 0.706975 0.019317 0.706975
vn 0.706509 0.029093 0.707106
vn 0.705509 0.048470 0.707041
vn 0.706976 0.019319 0.706973
vn 0.710544 0.019415 0.703384
vn 0.703947 0.067809 0.707008
vn 0.701689 0.087080 0.707142
vn 0.700931 0.057573 0.710901
vn 0.708423 0.058190 0.703385
vn 0.704866 0.057897 0.706973
vn 0.703818 0.067798 0.707138
vn 0.701822 0.087096 0.707008
vn 0.704865 0.057896 0.706974
vn 0.699200 0.106324 0.706976
vn 0.695823 0.125426 0.707177
vn 0.696742 0.095765 0.710900
vn 0.700652 0.096303 0.706975
vn 0.700652 0.096303 0.706975
vn 0.699010 0.106292 0.707168
vn 0.696022 0.125464 0.706974
vn 0.704187 0.096789 0.703386
vn 0.692347 0.144520 0.706944
vn 0.687861 0.163395 0.707213
vn 0.690474 0.133671 0.710899
vn 0.694348 0.134421 0.706974
vn 0.692098 0.144464 0.707199
vn 0.688126 0.163461 0.706939
vn 0.694347 0.134420 0.706975
vn 0.697850 0.135098 0.703388
vn 0.683409 0.182279 0.706913
vn 0.677829 0.200866 0.707249
vn 0.685972 0.172137 0.706974
vn 0.682148 0.171178 0.710895
vn 0.683104 0.182199 0.707229
vn 0.678159 0.200964 0.706905
vn 0.689428 0.173005 0.703391
vn 0.685971 0.172138 0.706974
vn 0.671784 0.208176 0.710893
vn 0.672410 0.219501 0.706883
vn 0.665757 0.237729 0.707286
vn 0.678949 0.210396 0.703393
vn 0.675547 0.209342 0.706974
vn 0.675547 0.209342 0.706974
vn 0.672054 0.219384 0.707258
vn 0.666149 0.237868 0.706869
vn 0.659387 0.256059 0.706854
vn 0.651681 0.273872 0.707324
vn 0.659417 0.244552 0.710889
vn 0.663107 0.245920 0.706974
vn 0.666444 0.247158 0.703395
vn 0.658984 0.255903 0.707286
vn 0.663106 0.245921 0.706975
vn 0.652133 0.274063 0.706832
vn 0.644377 0.291853 0.706824
vn 0.635645 0.309186 0.707361
vn 0.645082 0.280198 0.710885
vn 0.648688 0.281765 0.706975
vn 0.648688 0.281764 0.706974
vn 0.643930 0.291649 0.707315
vn 0.636152 0.309433 0.706796
vn 0.651949 0.283180 0.703400
vn 0.628823 0.315010 0.710880
vn 0.627426 0.326770 0.706795
vn 0.617697 0.343566 0.707399
vn 0.000000 0.000000 -1.000000
vn 0.000000 -0.000000 -1.000000
vn 0.000000 0.000000 -1.000000
vn 0.000000 0.000000 -1.000000
vn 0.000000 0.000000 -1.000000
vn 0.000000 -0.000000 -1.000000
vn 0.000000 0.000000 -1.000000
vn 0.000000 0.000000 -1.000000
vn 0.000000 -0.000000 -1.000000
vn 0.000000 0.000000 -1.000000
vn 0.000000 0.000000 -1.000000
vn 0.000000 0.000000 -1.000000
vn 0.000000 0.000000 -1.000000
vn 0.000000 -0.000000 -1.000000
vn 0.000000 0.000000 -1.000000
vn 0.000000 0.000000 -1.000000
vn 0.000000 0.000000 -1.000000
vn 0.000000 -0.000000 -1.000000
vn 0.000000 0.000000 -1.000000
vn 0.000000 0.000000 -1.000000
vn 0.000000 0.000000 -1.000000
vn 0.000000 0.000000 -1.000000
vn 0.000000 -0.000000 -1.000000
vn 0.000000 0.000000 -1.000000
vn 0.000000 -0.000000 -1.000000
vn 0.000000 0.000000 -1.000000
vn 0.000000 0.000000 -1.000000
vn 0.000000 0.000000 -1.000000
vn 0.000000 0.000000 -1.000000
vn 0.000000 -0.000000 -1.000000
vn 0.000000 0.000000 -1.000000
vn 0.000000 0.000000 -1.000000
vn 0.000000 0.000000 -1.000000
vn 0.000000 -0.000000 -1.000000
vn 0.000000 0.000000 -1.000000
vn 0.000000 0.000000 -1.000000
vn 0.000000 0.000000 -1.000000
vn 0.000000 -0.000000 -1.000000
vn 0.000000 0.000000 -1.000000
vn 0.000000 0.000000 -1.000000
vn 0.000000 -0.000000 -1.000000
vn 0.000000 0.000000 -1.000000
vn 0.000000 0.000000 -1.000000
vn 0.000000 0.000000 -1.000000
vn 0.000000 0.000000 -1.000000
vn 0.000000 -0.000000 -1.000000
vn 0.000000 0.000000 -1.000000
vn 0.000000 0.000000 -1.000000
vn 0.000000 0.000000 -1.000000
vn 0.000000 -0.000000 -1.000000
vn 0.000000 0.000000 -1.000000
vn 0.000000 0.000000 -1.000000
vn 0.000000 0.000000 -1.000000
vn 0.000000 0.000000 -1.000000
vn 0.000000 0.000000 -1.000000
vn 0.000000 -0.000000 -1.000000
vn 0.000000 0.000000 -1.000000
vn 0.000000 0.000000 -1.000000
vn 0.000000 0.000000 -1.000000
vn 0.000000 -0.000000 -1.000000
vn 0.000000 0.000000 -1.000000
vn 0.000000 -0.000000 -1.000000
vn 0.000000 0.000000 -1.000000
vn 0.000000 0.000000 -1.000000
vn 0.000000 -0.000000 -1.000000
vn 0.000000 0.000000 -1.000000
vn 0.000000 0.000000 -1.000000
vn 0.000000 0.000000 -1.000000
vn 0.000000 0.000000 -1.000000
vn 0.000000 -0.000000 -1.000000
vn 0.000000 0.000000 -1.000000
vn 0.000000 0.000000 -1.000000
vn 0.000000 -0.000000 -1.000000
vn 0.000000 0.000000 -1.000000
vn 0.000000 0.000000 -1.000000
vn 0.000000 0.000000 -1.000000
vn 0.000000 0.000000 -1.000000
vn 0.000000 -0.000000 -1.000000
vn 0.000000 0.000000 -1.000000
vn 0.000000 0.000000 -1.000000
vn 0.000000 -0.000000 -1.000000
vn 0.000000 0.000000 -1.000000
vn 0.000000 0.000000 -1.000000
vn 0.000000 0.000000 -1.000000
vn 0.000000 0.000000 -1.000000
vn 0.000000 0.000000 -1.000000
vn 0.000000 -0.000000 -1.000000
vn 0.000000 0.000000 -1.000000
vn 0.000000 0.000000 -1.000000
vn 0.000000 -0.000000 -1.000000
vn 0.000000 0.000000 -1.000000
vn 0.000000 0.000000 -1.000000
vn 0.000000 -0.000000 -1.000000
vn 0.000000 0.000000 -1.000000
vn 0.000000 0.000000 -1.000000
vn 0.000000 0.000000 -1.000000
vn 0.000000 -0.000000 -1.000000
vn 0.000000 0.000000 -1.000000
vn 0.000000 0.000000 -1.000000
vn 0.000000 0.000000 -1.000000
vn 0.000000 0.000000 -1.000000
vn 0.000000 -0.000000 -1.000000
vn 0.000000 0.000000 -1.000000
vn 0.000000 0.000000 -1.000000
vn 0.000000 0.000000 -1.000000
vn 0.000000 0.000000 -1.000000
vn 0.000000 -0.000000 -1.000000
vn 0.000000 0.000000 -1.000000
vn 0.000000 0.000000 -1.000000
vn 0.000000 0.000000 -1.000000
vn 0.000000 0.000000 -1.000000
vn 0.000000 0.000000 -1.000000
vn 0.000000 -0.000000 -1.000000
vn 0.000000 0.000000 -1.000000
vn 0.000000 0.000000 -1.000000
vn 0.000000 -0.000000 -1.000000
vn 0.000000 0.000000 -1.000000
vn 0.000000 0.000000 -1.000000
vn 0.000000 0.000000 -1.000000
vn 0.000000 0.000000 -1.000000
vn 0.000000 0.000000 -1.000000
vn 0.000000 0.000000 -1.000000
vn 0.000000 -0.000000 -1.000000
vn 0.000000 0.000000 -1.000000
vn 0.000000 0.000000 -1.000000
vn 0.000000 0.000000 -1.000000
vn 0.000000 0.000000 -1.000000
vn 0.000000 -0.000000 -1.000000
vn 0.000000 0.000000 -1.000000
vn 0.000000 0.000000 -1.000000
vn 0.000000 -0.000000 -1.000000
vn 0.000000 0.000000 -1.000000
vn 0.000000 0.000000 -1.000000
vn 0.000000 0.000000 -1.000000
vn 0.000000 0.000000 -1.000000
vn 0.000000 -0.000000 -1.000000
vn 0.000000 0.000000 -1.000000
vn 0.000000 0.000000 -1.000000
vn 0.000000 -0.000000 -1.000000
vn 0.000000 0.000000 -1.000000
vn 0.000000 0.000000 -1.000000
vn 0.000000 0.000000 -1.000000
vn 0.000000 -0.000000 -1.000000
vn 0.000000 0.000000 -1.000000
vn 0.000000 0.000000 -1.000000
vn 0.000000 0.000000 -1.000000
vn 0.000000 0.000000 -1.000000
vn 0.000000 -0.000000 -1.000000
vn 0.000000 0.000000 -1.000000
vn 0.000000 0.000000 -1.000000
vn 0.000000 -0.000000 -1.000000
vn 0.000000 -0.000000 -1.000000
vn 0.000000 0.000000 -1.000000
vn 0.000000 0.000000 -1.000000
vn 0.000000 0.000000 -1.000000
vn 0.000000 0.000000 -1.000000
vn 0.000000 0.000000 -1.000000
vn 0.000000 0.000000 -1.000000
vn 0.000000 -0.000000 -1.000000
vn 0.000000 0.000000 -1.000000
vn 0.000000 0.000000 -1.000000
vn 0.000000 0.000000 -1.000000
vn 0.000000 -0.000000 -1.000000
vn 0.000000 0.000000 -1.000000
vn 0.000000 0.000000 -1.000000
vn 0.000000 0.000000 -1.000000
vn 0.000000 0.000000 -1.000000
vn 0.000000 -0.000000 -1.000000
vn 0.000000 0.000000 -1.000000
vn 0.000000 0.000000 -1.000000
vn 0.000000 -0.000000 -1.000000
vn 0.000000 0.000000 -1.000000
vn 0.000000 0.000000 -1.000000
vn 0.000000 0.000000 -1.000000
vn 0.000000 0.000000 -1.000000
vn 0.000000 -0.000000 -1.000000
vn 0.000000 -0.000000 -1.000000
vn 0.000000 0.000000 -1.000000
vn 0.000000 0.000000 -1.000000
vn 0.000000 0.000000 -1.000000
vn 0.000000 -0.000000 -1.000000
vn 0.000000 0.000000 -1.000000
vn 0.000000 0.000000 -1.000000
vn 0.000000 0.000000 -1.000000
vn 0.000000 0.000000 -1.000000
vn 0.000000 0.000000 -1.000000
vn 0.000000 0.000000 -1.000000
vn 0.000000 -0.000000 -1.000000
vn 0.000000 -0.000000 -1.000000
vn 0.000000 0.000000 -1.000000
vn 0.000000 0.000000 -1.000000
vn 0.000000 0.000000 -1.000000
vn 0.000000 -0.000000 -1.000000
vn 0.000000 0.000000 -1.000000
vn 0.000000 0.000000 -1.000000
vn 0.000000 0.000000 -1.000000
vn 0.000000 0.000000 -1.000000
vn 0.000000 0.000000 -1.000000
vn 0.000000 0.000000 -1.000000
vn 0.000000 -0.000000 -1.000000
vn 0.000000 -0.000000 -1.000000
vn 0.000000 0.000000 -1.000000
vn 0.000000 0.000000 -1.000000
vn 0.000000 0.000000 -1.000000
vn 0.000000 0.000000 -1.000000
vn 0.000000 0.000000 -1.000000
vn 0.000000 0.000000 -1.000000
vn 0.000000 -0.000000 -1.000000
vn 0.000000 0.000000 -1.000000
vn 0.000000 0.000000 -1.000000
vn 0.000000 0.000000 -1.000000
vn 0.000000 -0.000000 -1.000000
vn 0.000000 0.000000 -1.000000
vn 0.000000 0.000000 -1.000000
vn 0.000000 0.000000 -1.000000
vn 0.000000 -0.000000 -1.000000
vn 0.000000 0.000000 -1.000000
vn 0.000000 0.000000 -1.000000
vn 0.000000 -0.000000 -1.000000
vn 0.000000 0.000000 -1.000000
vn 0.000000 0.000000 -1.000000
vn 0.000000 0.000000 -1.000000
vn 0.000000 -0.000000 -1.000000
vn 0.000000 0.000000 -1.000000
vn 0.000000 0.000000 -1.000000
vn 0.000000 0.000000 -1.000000
vn 0.000000 0.000000 -1.000000
vn 0.000000 -0.000000 -1.000000
vn 0.000000 0.000000 -1.000000
vn 0.000000 0.000000 -1.000000
vn 0.000000 0.000000 -1.000000
vn 0.000000 0.000000 -1.000000
vn 0.000000 0.000000 -1.000000
vn 0.000000 0.000000 -1.000000
vn 0.000000 0.000000 -1.000000
vn 0.000000 0.000000 -1.000000
vn 0.000000 0.000000 -1.000000
vn 0.000000 0.000000 -1.000000
vn 0.000000 -0.000000 -1.000000
vn 0.000000 0.000000 -1.000000
vn 0.000000 -0.000000 -1.000000
vn 0.000000 -0.000000 -1.000000
vn 0.000000 0.000000 -1.000000
vn 0.000000 0.000000 -1.000000
vn 0.000000 0.000000 -1.000000
vn 0.000000 0.000000 -1.000000
vn 0.000000 0.000000 -1.000000
vn 0.000000 0.000000 -1.000000
vn 0.000000 -0.000000 -1.000000
vn 0.000000 -0.000000 -1.000000
vn 0.000000 0.000000 -1.000000
vn 0.000000 0.000000 -1.000000
vn 0.000000 0.000000 -1.000000
vn 0.000000 0.000000 -1.000000
vn 0.000000 0.000000 -1.000000
vn 0.000000 0.000000 -1.000000
vn 0.000000 -0.000000 -1.000000
vn 0.000000 0.000000 -1.000000
vn 0.000000 0.000000 -1.000000
vn 0.000000 0.000000 -1.000000
vn 0.000000 0.000000 -1.000000
vn 0.000000 -0.000000 -1.000000
vn 0.000000 0.000000 -1.000000
vn 0.000000 0.000000 -1.000000
vn 0.000000 0.000000 -1.000000
vn 0.000000 -0.000000 -1.000000
vn 0.000000 0.000000 -1.000000
vn 0.000000 0.000000 -1.000000
vn 0.000000 0.000000 -1.000000
vn 0.000000 -0.000000 -1.000000
vn 0.000000 0.000000 -1.000000
vn 0.000000 0.000000 -1.000000
vn 0.000000 0.000000 -1.000000
vn 0.000000 0.000000 -1.000000
vn 0.000000 -0.000000 -1.000000
vn 0.000000 0.000000 -1.000000
vn 0.000000 0.000000 -1.000000
vn 0.000000 -0.000000 -1.000000
vn 0.000000 0.000000 -1.000000
vn 0.000000 0.000000 -1.000000
vn 0.000000 -0.000000 -1.000000
vn 0.000000 -0.000000 -1.000000
vn 0.000000 0.000000 -1.000000
vn 0.000000 0.000000 -1.000000
vn 0.000000 0.000000 -1.000000
vn 0.000000 0.000000 -1.000000
vn 0.000000 0.000000 -1.000000
vn 0.000000 0.000000 -1.000000
vn 0.000000 -0.000000 -1.000000
vn 0.000000 0.000000 -1.000000
vn 0.000000 0.000000 -1.000000
vn 0.000000 0.000000 -1.000000
vn 0.000000 -0.000000 -1.000000
vn 0.000000 0.000000 -1.000000
vn 0.000000 0.000000 -1.000000
vn 0.000000 0.000000 -1.000000
vn 0.000000 -0.000000 -1.000000
vn 0.000000 0.000000 -1.000000
vn 0.000000 0.000000 -1.000000
vn 0.000000 0.000000 -1.000000
vn 0.000000 0.000000 -1.000000
vn 0.000000 -0.000000 -1.000000
vn 0.000000 0.000000 -1.000000
vn 0.000000 0.000000 -1.000000
vn 0.000000 -0.000000 -1.000000
vn 0.000000 0.000000 -1.000000
vn 0.000000 0.000000 -1.000000
vn 0.000000 0.000000 -1.000000
vn 0.000000 -0.000000 -1.000000
vn 0.000000 0.000000 -1.000000
vn 0.000000 0.000000 -1.000000
vn 0.000000 0.000000 -1.000000
vn 0.000000 -0.000000 -1.000000
vn 0.000000 0.000000 -1.000000
vn 0.000000 0.000000 -1.000000
vn 0.000000 0.000000 -1.000000
vn 0.000000 0.000000 -1.000000
vn 0.000000 -0.000000 -1.000000
vn 0.000000 -0.000000 -1.000000
vn 0.000000 0.000000 -1.000000
vn 0.000000 0.000000 -1.000000
vn 0.000000 0.000000 -1.000000
vn 0.000000 0.000000 -1.000000
vn 0.000000 0.000000 -1.000000
vn 0.000000 0.000000 -1.000000
vn 0.000000 0.000000 -1.000000
vn 0.000000 -0.000000 -1.000000
vn 0.000000 0.000000 -1.000000
vn 0.000000 0.000000 -1.000000
vn 0.000000 -0.000000 -1.000000
vn 0.000000 0.000000 -1.000000
vn 0.000000 0.000000 -1.000000
vn 0.000000 0.000000 -1.000000
vn 0.000000 -0.000000 -1.000000
vn 0.000000 0.000000 -1.000000
vn 0.000000 0.000000 -1.000000
vn 0.000000 -0.000000 -1.000000
vn 0.000000 0.000000 -1.000000
vn 0.000000 0.000000 -1.000000
vn 0.000000 0.000000 -1.000000
vn 0.000000 0.000000 -1.000000
vn 0.000000 0.000000 -1.000000
vn 0.000000 0.000000 -1.000000
vn 0.000000 -0.000000 -1.000000
vn 0.000000 0.000000 -1.000000
vn 0.000000 0.000000 -1.000000
vn 0.000000 0.000000 -1.000000
vn 0.000000 0.000000 -1.000000
vn 0.000000 0.000000 -1.000000
vn 0.000000 0.000000 -1.000000
vn 0.000000 0.000000 -1.000000
vn 0.000000 0.000000 -1.000000
vn 0.000000 0.000000 -1.000000
vn 0.000000 0.000000 -1.000000
vn 0.000000 0.000000 -1.000000
vn 0.000000 0.000000 -1.000000
vn 0.000000 0.000000 -1.000000
vn 0.000000 0.000000 -1.000000
vn 0.000000 0.000000 -1.000000
vn 0.000000 -0.000000 -1.000000
vn 0.000000 0.000000 -1.000000
vn 0.000000 0.000000 -1.000000
vn 0.000000 -0.000000 -1.000000
vn 0.000000 0.000000 -1.000000
vn 0.000000 0.000000 -1.000000
vn 0.000000 0.000000 -1.000000
vn 0.000000 0.000000 -1.000000
vn 0.000000 -0.000000 -1.000000
vn 0.000000 0.000000 -1.000000
vn 0.000000 0.000000 -1.000000
vn 0.000000 -0.000000 -1.000000
vn 0.000000 0.000000 -1.000000
vn 0.000000 0.000000 -1.000000
vn 0.000000 0.000000 -1.000000
vn 0.000000 0.000000 -1.000000
vn 0.000000 -0.000000 -1.000000
vn 0.000000 0.000000 -1.000000
vn 0.000000 0.000000 -1.000000
vn 0.000000 0.000000 -1.000000
vn 0.000000 0.000000 -1.000000
vn 0.000000 -0.000000 -1.000000
vn 0.000000 0.000000 -1.000000
vn 0.000000 0.000000 -1.000000
vn 0.000000 -0.000000 -1.000000
vn 0.000000 0.000000 -1.000000
vn 0.000000 0.000000 -1.000000
vn 0.000000 0.000000 -1.000000
vn 0.000000 -0.000000 -1.000000
vn 0.000000 0.000000 -1.000000
vn 0.000000 0.000000 -1.000000
vn 0.000000 0.000000 -1.000000
vn 0.000000 -0.000000 -1.000000
vn 0.000000 0.000000 -1.000000
vn 0.000000 0.000000 -1.000000
vn 0.000000 0.000000 -1.000000
vn 0.000000 -0.000000 -1.000000
vn 0.000000 0.000000 -1.000000
vn 0.000000 0.000000 -1.000000
vn 0.000000 0.000000 -1.000000
vn 0.000000 -0.000000 -1.000000
vn 0.000000 0.000000 -1.000000
vn 0.000000 0.000000 -1.000000
vn 0.000000 -0.000000 -1.000000
vn 0.000000 0.000000 -1.000000
vn 0.000000 0.000000 -1.000000
vn 0.000000 0.000000 -1.000000
vn 0.000000 0.000000 -1.000000
vn 0.000000 -0.000000 -1.000000
vn 0.000000 0.000000 -1.000000
vn 0.000000 0.000000 -1.000000
vn 0.000000 0.000000 -1.000000
vn 0.000000 0.000000 -1.000000
vn 0.000000 -0.000000 -1.000000
vn 0.000000 0.000000 -1.000000
vn 0.000000 0.000000 -1.000000
vn 0.000000 -0.000000 -1.000000
vn 0.000000 0.000000 -1.000000
vn 0.000000 0.000000 -1.000000
vn 0.000000 -0.000000 -1.000000
vn 0.000000 0.000000 -1.000000
vn 0.000000 0.000000 -1.000000
vn 0.000000 0.000000 -1.000000
vn 0.000000 0.000000 -1.000000
vn 0.000000 -0.000000 -1.000000
vn 0.000000 0.000000 -1.000000
vn 0.000000 0.000000 -1.000000
vn 0.000000 -0.000000 -1.000000
vn 0.000000 0.000000 -1.000000
vn 0.000000 0.000000 -1.000000
vn 0.000000 0.000000 -1.000000
vn 0.000000 -0.000000 -1.000000
vn 0.000000 0.000000 -1.000000
vn 0.000000 0.000000 -1.000000
vn 0.000000 0.000000 -1.000000
vn 0.000000 -0.000000 -1.000000
vn 0.000000 0.000000 -1.000000
vn 0.000000 0.000000 -1.000000
vn 0.000000 0.000000 -1.000000
vn 0.000000 -0.000000 -1.000000
vn 0.000000 0.000000 -1.000000
vn 0.000000 0.000000 -1.000000
vn 0.000000 0.000000 -1.000000
vn 0.000000 0.000000 -1.000000
vn 0.000000 -0.000000 -1.000000
vn 0.000000 0.000000 -1.000000
vn 0.000000 0.000000 -1.000000
vn 0.000000 -0.000000 -1.000000
vn 0.000000 0.000000 -1.000000
vn 0.000000 0.000000 -1.000000
vn 0.000000 0.000000 -1.000000
vn 0.000000 -0.000000 -1.000000
vn 0.000000 0.000000 -1.000000
vn 0.000000 0.000000 -1.000000
vn 0.000000 0.000000 -1.000000
vn 0.000000 0.000000 -1.000000
vn 0.000000 0.000000 -1.000000
vn 0.000000 0.000000 -1.000000
vn 0.000000 -0.000000 -1.000000
vn 0.000000 0.000000 1.000000
vn 0.000000 0.000000 1.000000
vn 0.000000 0.000000 1.000000
vn 0.000000 0.000000 1.000000
vn 0.000000 0.000000 1.000000
vn 0.000000 0.000000 1.000000
vn 0.000000 0.000000 1.000000
vn 0.000000 0.000000 1.000000
vn 0.000000 0.000000 1.000000
vn 0.000000 0.000000 1.000000
vn 0.000000 0.000000 1.000000
vn 0.000000 0.000000 1.000000
vn 0.000000 0.000000 1.000000
vn 0.000000 0.000000 1.000000
vn 0.000000 0.000000 1.000000
vn 0.000000 0.000000 1.000000
vn 0.000000 0.000000 1.000000
vn 0.000000 0.000000 1.000000
vn 0.000000 0.000000 1.000000
vn 0.000000 0.000000 1.000000
vn 0.000000 0.000000 1.000000
vn 0.000000 0.000000 1.000000
vn 0.000000 0.000000 1.000000
vn 0.000000 0.000000 1.000000
vn 0.000000 0.000000 1.000000
vn 0.000000 0.000000 1.000000
vn 0.000000 0.000000 1.000000
vn 0.000000 0.000000 1.000000
vn 0.000000 0.000000 1.000000
vn 0.000000 0.000000 1.000000
vn 0.000000 0.000000 1.000000
vn 0.000000 0.000000 1.000000
vn 0.000000 0.000000 1.000000
vn 0.000000 0.000000 1.000000
vn 0.000000 0.000000 1.000000
vn 0.000000 0.000000 1.000000
vn 0.000000 0.000000 1.000000
vn 0.000000 0.000000 1.000000
vn 0.000000 0.000000 1.000000
vn 0.000000 0.000000 1.000000
vn 0.000000 0.000000 1.000000
vn 0.000000 0.000000 1.000000
vn 0.000000 0.000000 1.000000
vn 0.000000 0.000000 1.000000
vn 0.000000 0.000000 1.000000
vn 0.000000 0.000000 1.000000
vn 0.000000 0.000000 1.000000
vn 0.000000 0.000000 1.000000
vn 0.000000 0.000000 1.000000
vn 0.000000 0.000000 1.000000
vn 0.000000 0.000000 1.000000
vn 0.000000 0.000000 1.000000
vn 0.000000 0.000000 1.000000
vn 0.000000 0.000000 1.000000
vn 0.000000 0.000000 1.000000
vn 0.000000 0.000000 1.000000
vn 0.000000 0.000000 1.000000
vn 0.000000 0.000000 1.000000
vn 0.000000 0.000000 1.000000
vn 0.000000 0.000000 1.000000
vn 0.000000 0.000000 1.000000
vn 0.000000 0.000000 1.000000
vn 0.000000 0.000000 1.000000
vn 0.000000 0.000000 1.000000
vn 0.000000 0.000000 1.000000
vn 0.000000 0.000000 1.000000
vn 0.000000 0.000000 1.000000
vn 0.000000 0.000000 1.000000
vn 0.000000 0.000000 1.000000
vn 0.000000 0.000000 1.000000
vn 0.000000 0.000000 1.000000
vn 0.000000 0.000000 1.000000
vn 0.000000 0.000000 1.000000
vn 0.000000 0.000000 1.000000
vn 0.000000 0.000000 1.000000
vn 0.000000 0.000000 1.000000
vn 0.000000 0.000000 1.000000
vn 0.000000 0.000000 1.000000
vn 0.000000 0.000000 1.000000
vn 0.000000 0.000000 1.000000
vn 0.000000 0.000000 1.000000
vn 0.000000 0.000000 1.000000
vn 0.000000 0.000000 1.000000
vn 0.000000 0.000000 1.000000
vn 0.000000 0.000000 1.000000
vn 0.000000 0.000000 1.000000
vn 0.000000 0.000000 1.000000
vn 0.000000 0.000000 1.000000
vn 0.000000 0.000000 1.000000
vn 0.000000 0.000000 1.000000
vn 0.000000 0.000000 1.000000
vn 0.000000 0.000000 1.000000
vn 0.000000 0.000000 1.000000
vn 0.000000 0.000000 1.000000
vn 0.000000 0.000000 1.000000
vn 0.000000 0.000000 1.000000
vn 0.000000 0.000000 1.000000
vn 0.000000 0.000000 1.000000
vn 0.000000 0.000000 1.000000
vn 0.000000 0.000000 1.000000
vn 0.000000 0.000000 1.000000
vn 0.000000 0.000000 1.000000
vn 0.000000 0.000000 1.000000
vn 0.000000 0.000000 1.000000
vn 0.000000 0.000000 1.000000
vn 0.000000 0.000000 1.000000
vn 0.000000 0.000000 1.000000
vn 0.000000 0.000000 1.000000
vn 0.000000 0.000000 1.000000
vn 0.000000 0.000000 1.000000
vn 0.000000 0.000000 1.000000
vn 0.000000 0.000000 1.000000
vn 0.000000 0.000000 1.000000
vn 0.000000 0.000000 1.000000
vn 0.000000 0.000000 1.000000
vn 0.000000 0.000000 1.000000
vn 0.000000 0.000000 1.000000
vn 0.000000 0.000000 1.000000
vn 0.000000 0.000000 1.000000
vn 0.000000 0.000000 1.000000
vn 0.000000 0.000000 1.000000
vn 0.000000 0.000000 1.000000
vn 0.000000 0.000000 1.000000
vn 0.000000 0.000000 1.000000
vn 0.000000 0.000000 1.000000
vn 0.000000 0.000000 1.000000
vn 0.000000 0.000000 1.000000
vn 0.000000 0.000000 1.000000
vn 0.000000 0.000000 1.000000
vn 0.000000 0.000000 1.000000
vn 0.000000 0.000000 1.000000
vn 0.000000 0.000000 1.000000
vn 0.000000 0.000000 1.000000
vn 0.000000 0.000000 1.000000
vn 0.000000 0.000000 1.000000
vn 0.000000 0.000000 1.000000
vn 0.000000 0.000000 1.000000
vn 0.000000 0.000000 1.000000
vn 0.000000 0.000000 1.000000
vn 0.000000 0.000000 1.000000
vn 0.000000 0.000000 1.000000
vn 0.000000 0.000000 1.000000
vn 0.000000 0.000000 1.000000
vn 0.000000 0.000000 1.000000
vn 0.000000 0.000000 1.000000
vn 0.000000 0.000000 1.000000
vn 0.000000 0.000000 1.000000
vn 0.000000 0.000000 1.000000
vn 0.000000 0.000000 1.000000
vn 0.000000 0.000000 1.000000
vn 0.000000 0.000000 1.000000
vn 0.000000 0.000000 1.000000
vn 0.000000 0.000000 1.000000
vn 0.000000 0.000000 1.000000
vn 0.000000 0.000000 1.000000
vn 0.000000 0.000000 1.000000
vn 0.000000 0.000000 1.000000
vn 0.000000 0.000000 1.000000
vn 0.000000 0.000000 1.000000
vn 0.000000 0.000000 1.000000
vn 0.000000 0.000000 1.000000
vn 0.000000 0.000000 1.000000
vn 0.000000 0.000000 1.000000
vn 0.000000 0.000000 1.000000
vn 0.000000 0.000000 1.000000
vn 0.000000 0.000000 1.000000
vn 0.000000 0.000000 1.000000
vn 0.000000 0.000000 1.000000
vn 0.000000 0.000000 1.000000
vn 0.000000 0.000000 1.000000
vn 0.000000 0.000000 1.000000
vn 0.000000 0.000000 1.000000
vn 0.000000 0.000000 1.000000
vn 0.000000 0.000000 1.000000
vn 0.000000 0.000000 1.000000
vn 0.000000 0.000000 1.000000
vn 0.000000 0.000000 1.000000
vn 0.000000 0.000000 1.000000
vn 0.000000 0.000000 1.000000
vn 0.000000 0.000000 1.000000
vn 0.000000 0.000000 1.000000
vn 0.000000 0.000000 1.000000
vn 0.000000 0.000000 1.000000
vn 0.000000 0.000000 1.000000
vn 0.000000 0.000000 1.000000
vn 0.000000 0.000000 1.000000
vn 0.000000 0.000000 1.000000
vn 0.000000 0.000000 1.000000
vn 0.000000 0.000000 1.000000
vn 0.000000 0.000000 1.000000
vn 0.000000 0.000000 1.000000
vn 0.000000 0.000000 1.000000
vn 0.000000 0.000000 1.000000
vn 0.000000 0.000000 1.000000
vn 0.000000 0.000000 1.000000
vn 0.000000 0.000000 1.000000
vn 0.000000 0.000000 1.000000
vn 0.000000 0.000000 1.000000
vn 0.000000 0.000000 1.000000
vn 0.000000 0.000000 1.000000
vn 0.000000 0.000000 1.000000
vn 0.000000 0.000000 1.000000
vn 0.000000 0.000000 1.000000
vn 0.000000 0.000000 1.000000
vn 0.000000 0.000000 1.000000
vn 0.000000 0.000000 1.000000
vn 0.000000 0.000000 1.000000
vn 0.000000 0.000000 1.000000
vn 0.000000 0.000000 1.000000
vn 0.000000 0.000000 1.000000
vn 0.000000 0.000000 1.000000
vn 0.000000 0.000000 1.000000
vn 0.000000 0.000000 1.000000
vn 0.000000 0.000000 1.000000
vn 0.000000 0.000000 1.000000
vn 0.000000 0.000000 1.000000
vn 0.000000 0.000000 1.000000
vn 0.000000 0.000000 1.000000
vn 0.000000 0.000000 1.000000
vn 0.000000 0.000000 1.000000
vn 0.000000 0.000000 1.000000
vn 0.000000 0.000000 1.000000
vn 0.000000 0.000000 1.000000
vn 0.000000 0.000000 1.000000
vn 0.000000 0.000000 1.000000
vn 0.000000 0.000000 1.000000
vn 0.000000 0.000000 1.000000
vn 0.000000 0.000000 1.000000
vn 0.000000 0.000000 1.000000
vn 0.000000 0.000000 1.000000
vn 0.000000 0.000000 1.000000
vn 0.000000 0.000000 1.000000
vn 0.000000 0.000000 1.000000
vn 0.000000 0.000000 1.000000
vn 0.000000 0.000000 1.000000
vn 0.000000 0.000000 1.000000
vn 0.000000 0.000000 1.000000
vn 0.000000 0.000000 1.000000
vn 0.000000 0.000000 1.000000
vn 0.000000 0.000000 1.000000
vn 0.000000 0.000000 1.000000
vn 0.000000 0.000000 1.000000
vn 0.000000 0.000000 1.000000
vn 0.000000 0.000000 1.000000
vn 0.000000 0.000000 1.000000
vn 0.000000 0.000000 1.000000
vn 0.000000 0.000000 1.000000
vn 0.000000 0.000000 1.000000
vn 0.000000 0.000000 1.000000
vn 0.000000 0.000000 1.000000
vn 0.000000 0.000000 1.000000
vn 0.000000 0.000000 1.000000
vn 0.000000 0.000000 1.000000
vn 0.000000 0.000000 1.000000
vn 0.000000 0.000000 1.000000
vn 0.000000 0.000000 1.000000
vn 0.000000 0.000000 1.000000
vn 0.000000 0.000000 1.000000
vn 0.000000 0.000000 1.000000
vn 0.000000 0.000000 1.000000
vn 0.000000 0.000000 1.000000
vn 0.000000 0.000000 1.000000
vn 0.000000 0.000000 1.000000
vn 0.000000 0.000000 1.000000
vn 0.000000 0.000000 1.000000
vn 0.000000 0.000000 1.000000
vn 0.000000 0.000000 1.000000
vn 0.000000 0.000000 1.000000
vn 0.000000 0.000000 1.000000
vn 0.000000 0.000000 1.000000
vn 0.000000 0.000000 1.000000
vn 0.000000 0.000000 1.000000
vn 0.000000 0.000000 1.000000
vn 0.000000 0.000000 1.000000
vn 0.000000 0.000000 1.000000
vn 0.000000 0.000000 1.000000
vn 0.000000 0.000000 1.000000
vn 0.000000 0.000000 1.000000
vn 0.000000 0.000000 1.000000
vn 0.000000 0.000000 1.000000
vn 0.000000 0.000000 1.000000
vn 0.000000 0.000000 1.000000
vn 0.000000 0.000000 1.000000
vn 0.000000 0.000000 1.000000
vn 0.000000 0.000000 1.000000
vn 0.000000 0.000000 1.000000
vn 0.000000 0.000000 1.000000
vn 0.000000 0.000000 1.000000
vn 0.000000 0.000000 1.000000
vn 0.000000 0.000000 1.000000
vn 0.000000 0.000000 1.000000
vn 0.000000 0.000000 1.000000
vn 0.000000 0.000000 1.000000
vn 0.000000 0.000000 1.000000
vn 0.000000 0.000000 1.000000
vn 0.000000 0.000000 1.000000
vn 0.000000 0.000000 1.000000
vn 0.000000 0.000000 1.000000
vn 0.000000 0.000000 1.000000
vn 0.000000 0.000000 1.000000
vn 0.000000 0.000000 1.000000
vn 0.000000 0.000000 1.000000
vn 0.000000 0.000000 1.000000
vn 0.000000 0.000000 1.000000
vn 0.000000 0.000000 1.000000
vn 0.000000 0.000000 1.000000
vn 0.000000 0.000000 1.000000
vn 0.000000 0.000000 1.000000
vn 0.000000 0.000000 1.000000
vn 0.000000 0.000000 1.000000
vn 0.000000 0.000000 1.000000
vn 0.000000 0.000000 1.000000
vn 0.000000 0.000000 1.000000
vn 0.000000 0.000000 1.000000
vn 0.000000 0.000000 1.000000
vn 0.000000 0.000000 1.000000
vn 0.000000 0.000000 1.000000
vn 0.000000 0.000000 1.000000
vn 0.000000 0.000000 1.000000
vn 0.000000 0.000000 1.000000
vn 0.000000 0.000000 1.000000
vn 0.000000 0.000000 1.000000
vn 0.000000 0.000000 1.000000
vn 0.000000 0.000000 1.000000
vn 0.000000 0.000000 1.000000
vn 0.000000 0.000000 1.000000
vn 0.000000 0.000000 1.000000
vn 0.000000 0.000000 1.000000
vn 0.000000 0.000000 1.000000
vn 0.000000 0.000000 1.000000
vn 0.000000 0.000000 1.000000
vn 0.000000 0.000000 1.000000
vn 0.000000 0.000000 1.000000
vn 0.000000 0.000000 1.000000
vn 0.000000 0.000000 1.000000
vn 0.000000 0.000000 1.000000
vn 0.000000 0.000000 1.000000
vn 0.000000 0.000000 1.000000
vn 0.000000 0.000000 1.000000
vn 0.000000 0.000000 1.000000
vn 0.000000 0.000000 1.000000
vn 0.000000 0.000000 1.000000
vn 0.000000 0.000000 1.000000
vn 0.000000 0.000000 1.000000
vn 0.000000 0.000000 1.000000
vn 0.000000 0.000000 1.000000
vn 0.000000 0.000000 1.000000
vn 0.000000 0.000000 1.000000
vn 0.000000 0.000000 1.000000
vn 0.000000 0.000000 1.000000
vn 0.000000 0.000000 1.000000
vn 0.000000 0.000000 1.000000
vn 0.000000 0.000000 1.000000
vn 0.000000 0.000000 1.000000
vn 0.000000 0.000000 1.000000
vn 0.000000 0.000000 1.000000
vn 0.000000 0.000000 1.000000
vn 0.000000 0.000000 1.000000
vn 0.000000 0.000000 1.000000
vn 0.000000 0.000000 1.000000
vn 0.000000 0.000000 1.000000
vn 0.000000 0.000000 1.000000
vn 0.000000 0.000000 1.000000
vn 0.000000 0.000000 1.000000
vn 0.000000 0.000000 1.000000
vn 0.000000 0.000000 1.000000
vn 0.000000 0.000000 1.000000
vn 0.000000 0.000000 1.000000
vn 0.000000 0.000000 1.000000
vn 0.000000 0.000000 1.000000
vn 0.000000 0.000000 1.000000
vn 0.000000 0.000000 1.000000
vn 0.000000 0.000000 1.000000
vn 0.000000 0.000000 1.000000
vn 0.000000 0.000000 1.000000
vn 0.000000 0.000000 1.000000
vn 0.000000 0.000000 1.000000
vn 0.000000 0.000000 1.000000
vn 0.000000 0.000000 1.000000
vn 0.000000 0.000000 1.000000
vn 0.000000 0.000000 1.000000
vn 0.000000 0.000000 1.000000
vn 0.000000 0.000000 1.000000
vn 0.000000 0.000000 1.000000
vn 0.000000 0.000000 1.000000
vn 0.000000 0.000000 1.000000
vn 0.000000 0.000000 1.000000
vn 0.000000 0.000000 1.000000
vn 0.000000 0.000000 1.000000
vn 0.000000 0.000000 1.000000
vn 0.000000 0.000000 1.000000
vn 0.000000 0.000000 1.000000
vn 0.000000 0.000000 1.000000
vn 0.000000 0.000000 1.000000
vn 0.000000 0.000000 1.000000
vn 0.000000 0.000000 1.000000
vn 0.000000 0.000000 1.000000
vn 0.000000 0.000000 1.000000
vn 0.000000 0.000000 1.000000
vn 0.000000 0.000000 1.000000
vn 0.000000 0.000000 1.000000
vn 0.000000 0.000000 1.000000
vn 0.000000 0.000000 1.000000
vn 0.000000 0.000000 1.000000
vn 0.000000 0.000000 1.000000
vn 0.000000 0.000000 1.000000
vn 0.000000 0.000000 1.000000
vn 0.000000 0.000000 1.000000
vn 0.000000 0.000000 1.000000
vn 0.000000 0.000000 1.000000
vn 0.000000 0.000000 1.000000
vn 0.000000 0.000000 1.000000
vn 0.000000 0.000000 1.000000
vn 0.000000 0.000000 1.000000
vn 0.000000 0.000000 1.000000
vn 0.000000 0.000000 1.000000
vn 0.000000 0.000000 1.000000
vn 0.000000 0.000000 1.000000
vn 0.000000 0.000000 1.000000
vn 0.000000 0.000000 1.000000
vn 0.000000 0.000000 1.000000
vn 0.000000 0.000000 1.000000
vn 0.000000 0.000000 1.000000
vn 0.000000 0.000000 1.000000
vn 0.000000 0.000000 1.000000
vn 0.000000 0.000000 1.000000
vn 0.000000 0.000000 1.000000
vn 0.000000 0.000000 1.000000
vn 0.000000 0.000000 1.000000
vn 0.000000 0.000000 1.000000
vn 0.000000 0.000000 1.000000
vn 0.000000 0.000000 1.000000
vn 0.000000 0.000000 1.000000
vn 0.000000 0.000000 1.000000
vn 0.000000 0.000000 1.000000
vn 0.000000 0.000000 1.000000
vn 0.000000 0.000000 1.000000
vn 0.000000 0.000000 1.000000
vn 0.000000 0.000000 1.000000
vn 0.000000 0.000000 1.000000
vn 0.000000 0.000000 1.000000
vn 0.000000 0.000000 1.000000
vn 0.000000 0.000000 1.000000
vn 0.000000 0.000000 1.000000
vn 0.000000 0.000000 1.000000
vn 0.000000 0.000000 1.000000
vn 0.000000 0.000000 1.000000
vn 0.000000 0.000000 1.000000
vn 0.000000 0.000000 1.000000
vn 0.000000 0.000000 1.000000
vn 0.000000 0.000000 1.000000
vn 0.000000 0.000000 1.000000
vn 0.000000 0.000000 1.000000
vn 0.000000 0.000000 1.000000
vn 0.000000 0.000000 1.000000
vn 0.000000 0.000000 1.000000
vn 0.000000 0.000000 1.000000
vn 0.000000 0.000000 1.000000
vn 0.999942 0.010729 0.000000
vn 0.999906 0.013717 0.000180
vn 0.999153 0.041145 0.000259
vn 0.999482 0.032176 -0.000130
vn 0.997648 0.068540 0.000238
vn 0.998562 0.053611 -0.000159
vn 0.995393 0.095883 0.000117
vn 0.997182 0.075021 -0.000088
vn 0.992387 0.123157 0.000065
vn 0.995050 0.099373 -0.000000
vn 0.995122 0.098656 -0.000069
vn 0.988635 0.150333 0.000065
vn 0.991950 0.126632 -0.000065
vn 0.988103 0.153792 -0.000065
vn 0.984139 0.177401 0.000065
vn 0.983513 0.180840 -0.000065
vn 0.978902 0.204332 0.000065
vn 0.978182 0.207751 -0.000065
vn 0.972928 0.231109 0.000065
vn 0.966221 0.257714 0.000065
vn 0.972115 0.234504 -0.000065
vn 0.958787 0.284126 0.000065
vn 0.965316 0.261083 -0.000065
vn 0.950632 0.310320 0.000065
vn 0.957791 0.287465 -0.000065
vn 0.949545 0.313629 -0.000065
vn 0.941760 0.336285 0.000065
vn 0.932180 0.361994 0.000065
vn 0.940585 0.339558 -0.000065
vn 0.921899 0.387431 0.000065
vn 0.930917 0.365230 -0.000065
vn 0.910922 0.412579 0.000065
vn 0.920548 0.390629 -0.000065
vn 0.899261 0.437412 0.000065
vn 0.909486 0.415736 -0.000065
vn 0.886923 0.461917 0.000065
vn 0.897739 0.440527 -0.000065
vn 0.873917 0.486075 0.000065
vn 0.885318 0.464985 -0.000065
vn 0.860253 0.509868 0.000065
vn 0.872230 0.489096 -0.000064
vn 0.845941 0.533277 0.000064
vn 0.858485 0.512839 -0.000064
vn 0.830993 0.556283 0.000064
vn 0.844094 0.536195 -0.000064
vn 0.815420 0.578869 0.000064
vn 0.829068 0.559148 -0.000064
vn 0.799230 0.601026 0.000064
vn 0.813418 0.581679 -0.000064
vn 0.782442 0.622723 0.000064
vn 0.797156 0.603774 -0.000064
vn 0.765065 0.643954 0.000064
vn 0.780295 0.625411 -0.000064
vn 0.747110 0.664701 0.000064
vn 0.762844 0.646582 -0.000064
vn 0.728593 0.684947 0.000064
vn 0.744821 0.667264 -0.000064
vn 0.709528 0.704677 0.000064
vn 0.726238 0.687443 -0.000064
vn 0.689928 0.723878 0.000064
vn 0.707107 0.707107 -0.000064
vn 0.669811 0.742532 0.000064
vn 0.687443 0.726238 -0.000064
vn 0.649186 0.760629 0.000064
vn 0.667264 0.744821 -0.000064
vn 0.646582 0.762844 -0.000064
vn 0.628076 0.778152 0.000064
vn 0.625411 0.780295 -0.000064
vn 0.606490 0.795091 0.000064
vn 0.603774 0.797156 -0.000064
vn 0.584451 0.811429 0.000064
vn 0.581679 0.813418 -0.000064
vn 0.561970 0.827157 0.000064
vn 0.559148 0.829068 -0.000064
vn 0.539066 0.842264 0.000064
vn 0.536195 0.844094 -0.000064
vn 0.515756 0.856735 0.000064
vn 0.512839 0.858485 -0.000064
vn 0.492058 0.870562 0.000064
vn 0.489096 0.872230 -0.000063
vn 0.467992 0.883733 0.000064
vn 0.464985 0.885318 -0.000064
vn 0.443570 0.896240 0.000063
vn 0.440527 0.897739 -0.000063
vn 0.418815 0.908071 0.000063
vn 0.415736 0.909486 -0.000063
vn 0.393745 0.919220 0.000063
vn 0.368380 0.929675 0.000063
vn 0.390629 0.920548 -0.000063
vn 0.342737 0.939431 0.000063
vn 0.365230 0.930917 -0.000063
vn 0.316835 0.948481 0.000063
vn 0.339558 0.940585 -0.000063
vn 0.290694 0.956816 0.000063
vn 0.313629 0.949545 -0.000063
vn 0.264336 0.964431 0.000063
vn 0.287465 0.957791 -0.000063
vn 0.237780 0.971319 0.000063
vn 0.261083 0.965316 -0.000063
vn 0.211040 0.977477 0.000063
vn 0.234504 0.972115 -0.000063
vn 0.184147 0.982899 0.000063
vn 0.207751 0.978182 -0.000063
vn 0.157111 0.987581 0.000063
vn 0.180840 0.983513 -0.000063
vn 0.129960 0.991519 0.000063
vn 0.153792 0.988103 -0.000063
vn 0.126632 0.991950 -0.000063
vn 0.102711 0.994711 -0.000145
vn 0.075380 0.997155 0.000113
vn 0.100163 0.994971 0.000076
vn 0.099373 0.995050 0.000000
vn 0.073492 0.997296 -0.000015
vn 0.047997 0.998847 0.000087
vn 0.049021 0.998798 0.000015
vn 0.024518 0.999699 -0.000077
vn 0.020577 0.999788 0.000167
vn 0.000000 1.000000 -0.000145
vn -0.006860 0.999976 0.000223
vn -0.024518 0.999699 -0.000189
vn -0.034290 0.999412 0.000255
vn -0.049021 0.998798 -0.000209
vn -0.061695 0.998095 0.000263
vn -0.073492 0.997296 -0.000205
vn -0.089055 0.996027 0.000248
vn -0.099373 0.995050 0.000000
vn -0.097660 0.995220 -0.000165
vn -0.116344 0.993209 0.000138
vn -0.126632 0.991950 -0.000138
vn -0.143550 0.989643 0.000138
vn -0.153792 0.988103 -0.000138
vn -0.170645 0.985333 0.000138
vn -0.180840 0.983513 -0.000137
vn -0.197611 0.980281 0.000138
vn -0.207751 0.978182 -0.000138
vn -0.224432 0.974490 0.000138
vn -0.234504 0.972115 -0.000137
vn -0.251080 0.967966 0.000138
vn -0.261083 0.965316 -0.000137
vn -0.277542 0.960714 0.000138
vn -0.287465 0.957791 -0.000137
vn -0.303793 0.952738 0.000137
vn -0.313629 0.949545 -0.000138
vn -0.329817 0.944045 0.000137
vn -0.339558 0.940585 -0.000137
vn -0.355591 0.934642 0.000137
vn -0.365230 0.930917 -0.000137
vn -0.381099 0.924534 0.000137
vn -0.390629 0.920548 -0.000137
vn -0.406317 0.913732 0.000138
vn -0.415736 0.909486 -0.000137
vn -0.431235 0.902240 0.000137
vn -0.440527 0.897739 -0.000137
vn -0.455822 0.890071 0.000137
vn -0.480071 0.877230 0.000137
vn -0.464985 0.885318 -0.000137
vn -0.503954 0.863730 0.000137
vn -0.489096 0.872230 -0.000137
vn -0.527462 0.849579 0.000137
vn -0.512839 0.858485 -0.000137
vn -0.550569 0.834790 0.000137
vn -0.536195 0.844094 -0.000137
vn -0.573265 0.819370 0.000137
vn -0.559148 0.829068 -0.000137
vn -0.595526 0.803336 0.000137
vn -0.581679 0.813418 -0.000137
vn -0.603774 0.797156 -0.000137
vn -0.617343 0.786694 0.000137
vn -0.625411 0.780295 -0.000137
vn -0.638692 0.769463 0.000137
vn -0.646582 0.762844 -0.000137
vn -0.659560 0.751652 0.000137
vn -0.667264 0.744821 -0.000137
vn -0.679935 0.733273 0.000137
vn -0.687443 0.726238 -0.000137
vn -0.699794 0.714345 0.000137
vn -0.707107 0.707107 -0.000137
vn -0.719128 0.694878 0.000137
vn -0.726238 0.687443 -0.000137
vn -0.737921 0.674887 0.000137
vn -0.744821 0.667264 -0.000137
vn -0.756157 0.654390 0.000137
vn -0.762844 0.646582 -0.000137
vn -0.773826 0.633399 0.000137
vn -0.780295 0.625411 -0.000137
vn -0.790911 0.611931 0.000137
vn -0.797156 0.603774 -0.000137
vn -0.807402 0.590001 0.000137
vn -0.813418 0.581679 -0.000137
vn -0.823282 0.567632 0.000137
vn -0.829068 0.559148 -0.000137
vn -0.838546 0.544830 0.000137
vn -0.844094 0.536195 -0.000137
vn -0.853177 0.521621 0.000137
vn -0.867166 0.498019 0.000137
vn -0.858485 0.512839 -0.000137
vn -0.880503 0.474041 0.000137
vn -0.872230 0.489096 -0.000137
vn -0.893176 0.449707 0.000137
vn -0.885318 0.464985 -0.000137
vn -0.905177 0.425035 0.000137
vn -0.897739 0.440527 -0.000137
vn -0.916497 0.400041 0.000137
vn -0.909486 0.415736 -0.000137
vn -0.927127 0.374748 0.000137
vn -0.920548 0.390629 -0.000137
vn -0.937058 0.349173 0.000137
vn -0.930917 0.365230 -0.000137
vn -0.946285 0.323332 0.000137
vn -0.940585 0.339558 -0.000137
vn -0.954800 0.297250 0.000137
vn -0.949545 0.313629 -0.000137
vn -0.962595 0.270945 0.000137
vn -0.957791 0.287465 -0.000137
vn -0.969665 0.244436 0.000137
vn -0.965316 0.261083 -0.000137
vn -0.972115 0.234504 -0.000137
vn -0.976006 0.217741 0.000137
vn -0.978182 0.207751 -0.000137
vn -0.981613 0.190885 0.000137
vn -0.986480 0.163882 0.000137
vn -0.983513 0.180840 -0.000137
vn -0.990605 0.136757 0.000137
vn -0.988103 0.153792 -0.000137
vn -0.991950 0.126632 -0.000137
vn -0.993984 0.109529 -0.000538
vn -0.996614 0.082220 0.000246
vn -0.994781 0.102032 0.000257
vn -0.995050 0.099373 0.000000
vn -0.997296 0.073492 -0.000176
vn -0.998495 0.054847 0.000206
vn -0.999624 0.027435 0.000141
vn -0.998798 0.049021 -0.000123
vn -1.000000 0.000000 0.000053
vn -0.999699 0.024518 -0.000047
vn -1.000000 0.000000 0.000053
vn -0.999624 -0.027435 0.000141
vn -0.999699 -0.024518 -0.000047
vn -0.998495 -0.054847 0.000206
vn -0.998798 -0.049021 -0.000123
vn -0.996614 -0.082220 0.000246
vn -0.997296 -0.073492 -0.000176
vn -0.993984 -0.109529 -0.000538
vn -0.995050 -0.099373 0.000000
vn -0.994781 -0.102032 0.000257
vn -0.990605 -0.136757 0.000137
vn -0.991950 -0.126632 -0.000137
vn -0.986480 -0.163882 0.000137
vn -0.988103 -0.153792 -0.000137
vn -0.981613 -0.190885 0.000137
vn -0.983513 -0.180840 -0.000137
vn -0.976006 -0.217741 0.000137
vn -0.978182 -0.207751 -0.000137
vn -0.969665 -0.244436 0.000137
vn -0.972115 -0.234504 -0.000137
vn -0.962595 -0.270945 0.000137
vn -0.965316 -0.261083 -0.000137
vn -0.954800 -0.297250 0.000137
vn -0.957791 -0.287465 -0.000137
vn -0.946285 -0.323332 0.000137
vn -0.949545 -0.313629 -0.000137
vn -0.937058 -0.349173 0.000137
vn -0.940585 -0.339558 -0.000137
vn -0.927127 -0.374748 0.000137
vn -0.930917 -0.365230 -0.000137
vn -0.916497 -0.400041 0.000137
vn -0.920548 -0.390629 -0.000137
vn -0.909486 -0.415736 -0.000137
vn -0.905177 -0.425035 0.000137
vn -0.897739 -0.440527 -0.000137
vn -0.893176 -0.449707 0.000137
vn -0.885318 -0.464985 -0.000137
vn -0.880503 -0.474041 0.000137
vn -0.872230 -0.489096 -0.000137
vn -0.867166 -0.498019 0.000137
vn -0.858485 -0.512839 -0.000137
vn -0.853177 -0.521621 0.000137
vn -0.844094 -0.536195 -0.000137
vn -0.838546 -0.544830 0.000137
vn -0.829068 -0.559148 -0.000137
vn -0.823282 -0.567632 0.000137
vn -0.813418 -0.581679 -0.000137
vn -0.807402 -0.590001 0.000137
vn -0.797156 -0.603774 -0.000137
vn -0.790911 -0.611931 0.000137
vn -0.780295 -0.625411 -0.000137
vn -0.773826 -0.633399 0.000137
vn -0.762844 -0.646582 -0.000137
vn -0.756157 -0.654390 0.000137
vn -0.744821 -0.667264 -0.000137
vn -0.737921 -0.674887 0.000137
vn -0.719128 -0.694878 0.000137
vn -0.726238 -0.687443 -0.000137
vn -0.699794 -0.714345 0.000137
vn -0.707107 -0.707107 -0.000137
vn -0.679935 -0.733273 0.000137
vn -0.687443 -0.726238 -0.000137
vn -0.659560 -0.751652 0.000137
vn -0.667264 -0.744821 -0.000137
vn -0.638692 -0.769463 0.000137
vn -0.646582 -0.762844 -0.000137
vn -0.617343 -0.786694 0.000137
vn -0.625411 -0.780295 -0.000137
vn -0.595526 -0.803336 0.000137
vn -0.603774 -0.797156 -0.000137
vn -0.573265 -0.819370 0.000137
vn -0.581679 -0.813418 -0.000137
vn -0.550569 -0.834790 0.000137
vn -0.559148 -0.829068 -0.000137
vn -0.527462 -0.849579 0.000137
vn -0.536195 -0.844094 -0.000137
vn -0.503954 -0.863730 0.000137
vn -0.512839 -0.858485 -0.000137
vn -0.480071 -0.877230 0.000137
vn -0.489096 -0.872230 -0.000137
vn -0.455822 -0.890071 0.000137
vn -0.464985 -0.885318 -0.000137
vn -0.440527 -0.897739 -0.000137
vn -0.431235 -0.902240 0.000137
vn -0.415736 -0.909486 -0.000137
vn -0.406317 -0.913732 0.000138
vn -0.390629 -0.920548 -0.000137
vn -0.381099 -0.924534 0.000137
vn -0.365230 -0.930917 -0.000137
vn -0.355591 -0.934642 0.000137
vn -0.339558 -0.940585 -0.000137
vn -0.329817 -0.944045 0.000137
vn -0.313629 -0.949545 -0.000138
vn -0.303793 -0.952738 0.000137
vn -0.287465 -0.957791 -0.000137
vn -0.277542 -0.960714 0.000138
vn -0.261083 -0.965316 -0.000137
vn -0.251080 -0.967966 0.000138
vn -0.234504 -0.972115 -0.000137
vn -0.224432 -0.974490 0.000138
vn -0.207751 -0.978182 -0.000138
vn -0.197611 -0.980281 0.000138
vn -0.180840 -0.983513 -0.000137
vn -0.170645 -0.985333 0.000138
vn -0.153792 -0.988103 -0.000138
vn -0.143550 -0.989643 0.000138
vn -0.126632 -0.991950 -0.000138
vn -0.116344 -0.993209 0.000138
vn -0.097660 -0.995220 -0.000165
vn -0.089055 -0.996027 0.000248
vn -0.099373 -0.995050 0.000000
vn -0.073492 -0.997296 -0.000205
vn -0.061695 -0.998095 0.000263
vn -0.049021 -0.998798 -0.000209
vn -0.034290 -0.999412 0.000255
vn -0.024518 -0.999699 -0.000189
vn -0.006860 -0.999976 0.000223
vn 0.000000 -1.000000 -0.000145
vn 0.020577 -0.999788 0.000167
vn 0.024518 -0.999699 -0.000077
vn 0.047997 -0.998847 0.000087
vn 0.049021 -0.998798 0.000015
vn 0.075380 -0.997155 0.000113
vn 0.073492 -0.997296 -0.000015
vn 0.102711 -0.994711 -0.000145
vn 0.100163 -0.994971 0.000076
vn 0.099373 -0.995050 0.000000
vn 0.126632 -0.991950 -0.000063
vn 0.129960 -0.991519 0.000063
vn 0.157111 -0.987581 0.000063
vn 0.153792 -0.988103 -0.000063
vn 0.180840 -0.983513 -0.000063
vn 0.184147 -0.982899 0.000063
vn 0.207751 -0.978182 -0.000063
vn 0.211040 -0.977477 0.000063
vn 0.234504 -0.972115 -0.000063
vn 0.237780 -0.971319 0.000063
vn 0.261083 -0.965316 -0.000063
vn 0.264336 -0.964431 0.000063
vn 0.287465 -0.957791 -0.000063
vn 0.290694 -0.956816 0.000063
vn 0.313629 -0.949545 -0.000063
vn 0.316835 -0.948481 0.000063
vn 0.339558 -0.940585 -0.000063
vn 0.342737 -0.939431 0.000063
vn 0.365230 -0.930917 -0.000063
vn 0.368380 -0.929675 0.000063
vn 0.390629 -0.920548 -0.000063
vn 0.393745 -0.919220 0.000063
vn 0.415736 -0.909486 -0.000063
vn 0.418815 -0.908071 0.000063
vn 0.440527 -0.897739 -0.000063
vn 0.443570 -0.896240 0.000063
vn 0.464985 -0.885318 -0.000064
vn 0.467992 -0.883733 0.000064
vn 0.489096 -0.872230 -0.000063
vn 0.492058 -0.870562 0.000064
vn 0.512839 -0.858485 -0.000064
vn 0.515756 -0.856735 0.000064
vn 0.536195 -0.844094 -0.000064
vn 0.539066 -0.842264 0.000064
vn 0.559148 -0.829068 -0.000064
vn 0.561970 -0.827157 0.000064
vn 0.581679 -0.813418 -0.000064
vn 0.584451 -0.811429 0.000064
vn 0.603774 -0.797156 -0.000064
vn 0.606490 -0.795091 0.000064
vn 0.628076 -0.778152 0.000064
vn 0.625411 -0.780295 -0.000064
vn 0.649186 -0.760629 0.000064
vn 0.646582 -0.762844 -0.000064
vn 0.669811 -0.742532 0.000064
vn 0.667264 -0.744821 -0.000064
vn 0.689928 -0.723878 0.000064
vn 0.687443 -0.726238 -0.000064
vn 0.709528 -0.704677 0.000064
vn 0.707107 -0.707107 -0.000064
vn 0.728593 -0.684947 0.000064
vn 0.726238 -0.687443 -0.000064
vn 0.747110 -0.664701 0.000064
vn 0.744821 -0.667264 -0.000064
vn 0.765065 -0.643954 0.000064
vn 0.762844 -0.646582 -0.000064
vn 0.780295 -0.625411 -0.000064
vn 0.782442 -0.622723 0.000064
vn 0.799230 -0.601026 0.000064
vn 0.797156 -0.603774 -0.000064
vn 0.815420 -0.578869 0.000064
vn 0.813418 -0.581679 -0.000064
vn 0.830993 -0.556283 0.000064
vn 0.829068 -0.559148 -0.000064
vn 0.845941 -0.533277 0.000064
vn 0.844094 -0.536195 -0.000064
vn 0.860253 -0.509868 0.000065
vn 0.858485 -0.512839 -0.000064
vn 0.873917 -0.486075 0.000065
vn 0.872230 -0.489096 -0.000064
vn 0.886923 -0.461917 0.000065
vn 0.885318 -0.464985 -0.000065
vn 0.899261 -0.437412 0.000065
vn 0.897739 -0.440527 -0.000065
vn 0.910922 -0.412579 0.000065
vn 0.909486 -0.415736 -0.000065
vn 0.921899 -0.387431 0.000065
vn 0.920548 -0.390629 -0.000065
vn 0.932180 -0.361994 0.000065
vn 0.930917 -0.365230 -0.000065
vn 0.941760 -0.336285 0.000065
vn 0.940585 -0.339558 -0.000065
vn 0.950632 -0.310320 0.000065
vn 0.949545 -0.313629 -0.000065
vn 0.958787 -0.284126 0.000065
vn 0.957791 -0.287465 -0.000065
vn 0.966221 -0.257714 0.000065
vn 0.965316 -0.261083 -0.000065
vn 0.972928 -0.231109 0.000065
vn 0.972115 -0.234504 -0.000065
vn 0.978902 -0.204332 0.000065
vn 0.978182 -0.207751 -0.000065
vn 0.984139 -0.177401 0.000065
vn 0.983513 -0.180840 -0.000065
vn 0.988635 -0.150333 0.000065
vn 0.988103 -0.153792 -0.000065
vn 0.992387 -0.123157 0.000065
vn 0.991950 -0.126632 -0.000065
vn 0.995393 -0.095883 0.000117
vn 0.995122 -0.098656 -0.000069
vn 0.997648 -0.068540 0.000238
vn 0.997182 -0.075021 -0.000088
vn 0.995050 -0.099373 0.000000
vn 0.999153 -0.041145 0.000259
vn 0.998562 -0.053611 -0.000159
vn 0.999906 -0.013717 0.000180
vn 0.999482 -0.032176 -0.000130
vn 0.999942 -0.010729 0.000000
vn -0.999906 -0.013718 0.000000
vn -0.999153 -0.041143 0.000000
vn -0.999906 -0.013718 0.000000
vn -0.997648 -0.068542 0.000000
vn -0.999153 -0.041143 0.000000
vn -0.995393 -0.095883 0.000000
vn -0.997648 -0.068542 0.000000
vn -0.992387 -0.123155 0.000000
vn -0.995393 -0.095883 0.000000
vn -0.988635 -0.150333 0.000000
vn -0.992387 -0.123155 0.000000
vn -0.984138 -0.177402 0.000000
vn -0.988635 -0.150333 0.000000
vn -0.978902 -0.204332 0.000000
vn -0.984138 -0.177402 0.000000
vn -0.972928 -0.231108 0.000000
vn -0.978902 -0.204332 0.000000
vn -0.966221 -0.257716 0.000000
vn -0.972928 -0.231108 0.000000
vn -0.966221 -0.257716 0.000000
vn -0.958787 -0.284124 0.000000
vn -0.958787 -0.284124 0.000000
vn -0.950632 -0.310321 0.000000
vn -0.950632 -0.310321 0.000000
vn -0.941760 -0.336286 0.000000
vn -0.941760 -0.336286 0.000000
vn -0.932181 -0.361994 0.000000
vn -0.932181 -0.361994 0.000000
vn -0.921898 -0.387431 0.000000
vn -0.921898 -0.387431 0.000000
vn -0.910923 -0.412577 0.000000
vn -0.910923 -0.412577 0.000000
vn -0.899261 -0.437412 0.000000
vn -0.899261 -0.437412 0.000000
vn -0.886923 -0.461918 0.000000
vn -0.886923 -0.461918 0.000000
vn -0.873917 -0.486075 0.000000
vn -0.860252 -0.509868 0.000000
vn -0.873917 -0.486075 0.000000
vn -0.860252 -0.509868 0.000000
vn -0.845942 -0.533275 0.000000
vn -0.830993 -0.556283 0.000000
vn -0.845942 -0.533275 0.000000
vn -0.815418 -0.578872 0.000000
vn -0.830993 -0.556283 0.000000
vn -0.799233 -0.601021 0.000000
vn -0.815418 -0.578872 0.000000
vn -0.782441 -0.622724 0.000000
vn -0.799233 -0.601021 0.000000
vn -0.765064 -0.643954 0.000000
vn -0.782441 -0.622724 0.000000
vn -0.747109 -0.664702 0.000000
vn -0.765064 -0.643954 0.000000
vn -0.728593 -0.684947 0.000000
vn -0.747109 -0.664702 0.000000
vn -0.709529 -0.704677 0.000000
vn -0.728593 -0.684947 0.000000
vn -0.689928 -0.723878 0.000000
vn -0.709529 -0.704677 0.000000
vn -0.669812 -0.742531 0.000000
vn -0.689928 -0.723878 0.000000
vn -0.649186 -0.760630 0.000000
vn -0.669812 -0.742531 0.000000
vn -0.628075 -0.778153 0.000000
vn -0.649186 -0.760630 0.000000
vn -0.606492 -0.795089 0.000000
vn -0.628075 -0.778153 0.000000
vn -0.584452 -0.811429 0.000000
vn -0.606492 -0.795089 0.000000
vn -0.584452 -0.811429 0.000000
vn -0.561969 -0.827158 0.000000
vn -0.561969 -0.827158 0.000000
vn -0.539065 -0.842264 0.000000
vn -0.539065 -0.842264 0.000000
vn -0.515756 -0.856735 0.000000
vn -0.515756 -0.856735 0.000000
vn -0.492059 -0.870562 0.000000
vn -0.492059 -0.870562 0.000000
vn -0.467992 -0.883733 0.000000
vn -0.443568 -0.896241 0.000000
vn -0.467992 -0.883733 0.000000
vn -0.418816 -0.908071 0.000000
vn -0.443568 -0.896241 0.000000
vn -0.393746 -0.919219 0.000000
vn -0.418816 -0.908071 0.000000
vn -0.368381 -0.929675 0.000000
vn -0.393746 -0.919219 0.000000
vn -0.342737 -0.939432 0.000000
vn -0.368381 -0.929675 0.000000
vn -0.316833 -0.948481 0.000000
vn -0.342737 -0.939432 0.000000
vn -0.290696 -0.956815 0.000000
vn -0.316833 -0.948481 0.000000
vn -0.264335 -0.964431 0.000000
vn -0.290696 -0.956815 0.000000
vn -0.237779 -0.971319 0.000000
vn -0.264335 -0.964431 0.000000
vn -0.211043 -0.977477 0.000000
vn -0.237779 -0.971319 0.000000
vn -0.184145 -0.982899 0.000000
vn -0.211043 -0.977477 0.000000
vn -0.157111 -0.987581 0.000000
vn -0.184145 -0.982899 0.000000
vn -0.129959 -0.991519 0.000000
vn -0.157111 -0.987581 0.000000
vn -0.102710 -0.994711 0.000000
vn -0.129959 -0.991519 0.000000
vn -0.075381 -0.997155 0.000000
vn -0.102710 -0.994711 0.000000
vn -0.047997 -0.998848 0.000000
vn -0.075381 -0.997155 0.000000
vn -0.047997 -0.998848 0.000000
vn -0.020577 -0.999788 0.000000
vn -0.020577 -0.999788 0.000000
vn 0.006859 -0.999976 0.000000
vn 0.006859 -0.999976 0.000000
vn 0.034290 -0.999412 0.000000
vn 0.034290 -0.999412 0.000000
vn 0.061695 -0.998095 0.000000
vn 0.089056 -0.996027 0.000000
vn 0.061695 -0.998095 0.000000
vn 0.116345 -0.993209 0.000000
vn 0.089056 -0.996027 0.000000
vn 0.116345 -0.993209 0.000000
vn 0.143550 -0.989643 0.000000
vn 0.143550 -0.989643 0.000000
vn 0.170644 -0.985333 0.000000
vn 0.197612 -0.980280 0.000000
vn 0.170644 -0.985333 0.000000
vn 0.197612 -0.980280 0.000000
vn 0.224431 -0.974490 0.000000
vn 0.224431 -0.974490 0.000000
vn 0.251083 -0.967966 0.000000
vn 0.251083 -0.967966 0.000000
vn 0.277540 -0.960714 0.000000
vn 0.303792 -0.952738 0.000000
vn 0.277540 -0.960714 0.000000
vn 0.303792 -0.952738 0.000000
vn 0.329818 -0.944045 0.000000
vn 0.329818 -0.944045 0.000000
vn 0.355592 -0.934641 0.000000
vn 0.355592 -0.934641 0.000000
vn 0.381097 -0.924535 0.000000
vn 0.406320 -0.913731 0.000000
vn 0.381097 -0.924535 0.000000
vn 0.406320 -0.913731 0.000000
vn 0.431234 -0.902240 0.000000
vn 0.431234 -0.902240 0.000000
vn 0.455823 -0.890070 0.000000
vn 0.455823 -0.890070 0.000000
vn 0.480070 -0.877230 0.000000
vn 0.503953 -0.863731 0.000000
vn 0.480070 -0.877230 0.000000
vn 0.503953 -0.863731 0.000000
vn 0.527461 -0.849579 0.000000
vn 0.527461 -0.849579 0.000000
vn 0.550570 -0.834789 0.000000
vn 0.550570 -0.834789 0.000000
vn 0.595528 -0.803334 0.000000
vn 0.573263 -0.819371 0.000000
vn 0.573263 -0.819371 0.000000
vn 0.617341 -0.786696 0.000000
vn 0.595528 -0.803334 0.000000
vn 0.617341 -0.786696 0.000000
vn 0.659561 -0.751651 0.000000
vn 0.638691 -0.769463 0.000000
vn 0.638691 -0.769463 0.000000
vn 0.679935 -0.733273 0.000000
vn 0.659561 -0.751651 0.000000
vn 0.679935 -0.733273 0.000000
vn 0.699792 -0.714347 0.000000
vn 0.699792 -0.714347 0.000000
vn 0.719129 -0.694876 0.000000
vn 0.737921 -0.674888 0.000000
vn 0.719129 -0.694876 0.000000
vn 0.737921 -0.674888 0.000000
vn 0.756157 -0.654390 0.000000
vn 0.756157 -0.654390 0.000000
vn 0.773826 -0.633399 0.000000
vn 0.773826 -0.633399 0.000000
vn 0.790912 -0.611930 0.000000
vn 0.807400 -0.590005 0.000000
vn 0.790912 -0.611930 0.000000
vn 0.807400 -0.590005 0.000000
vn 0.823284 -0.567629 0.000000
vn 0.823284 -0.567629 0.000000
vn 0.838545 -0.544832 0.000000
vn 0.853178 -0.521619 0.000000
vn 0.838545 -0.544832 0.000000
vn 0.853178 -0.521619 0.000000
vn 0.867167 -0.498018 0.000000
vn 0.880502 -0.474042 0.000000
vn 0.867167 -0.498018 0.000000
vn 0.880502 -0.474042 0.000000
vn 0.893176 -0.449708 0.000000
vn 0.893176 -0.449708 0.000000
vn 0.905178 -0.425033 0.000000
vn 0.916497 -0.400043 0.000000
vn 0.905178 -0.425033 0.000000
vn 0.927127 -0.374747 0.000000
vn 0.916497 -0.400043 0.000000
vn 0.927127 -0.374747 0.000000
vn 0.937058 -0.349173 0.000000
vn 0.937058 -0.349173 0.000000
vn 0.954799 -0.297252 0.000000
vn 0.946285 -0.323333 0.000000
vn 0.946285 -0.323333 0.000000
vn 0.962595 -0.270945 0.000000
vn 0.954799 -0.297252 0.000000
vn 0.962595 -0.270945 0.000000
vn 0.969666 -0.244435 0.000000
vn 0.969666 -0.244435 0.000000
vn 0.981612 -0.190886 0.000000
vn 0.976007 -0.217740 0.000000
vn 0.976007 -0.217740 0.000000
vn 0.981612 -0.190886 0.000000
vn 0.986480 -0.163881 0.000000
vn 0.986480 -0.163881 0.000000
vn 0.990604 -0.136760 0.000000
vn 0.990604 -0.136760 0.000000
vn 0.993984 -0.109529 0.000000
vn 0.996614 -0.082220 0.000000
vn 0.993984 -0.109529 0.000000
vn 0.996614 -0.082220 0.000000
vn 0.998495 -0.054847 0.000000
vn 0.998495 -0.054847 0.000000
vn 0.999624 -0.027434 0.000000
vn 0.999624 -0.027434 0.000000
vn 1.000000 0.000000 0.000000
vn 0.999624 0.027434 -0.000000
vn 1.000000 0.000000 0.000000
vn 0.999624 0.027434 -0.000000
vn 0.998495 0.054847 -0.000000
vn 0.998495 0.054847 -0.000000
vn 0.996614 0.082220 0.000000
vn 0.996614 0.082220 -0.000000
vn 0.993984 0.109529 0.000000
vn 0.993984 0.109529 -0.000000
vn 0.986480 0.163881 -0.000000
vn 0.990604 0.136760 -0.000000
vn 0.990604 0.136760 0.000000
vn 0.986480 0.163881 -0.000000
vn 0.981612 0.190886 -0.000000
vn 0.981612 0.190886 0.000000
vn 0.976007 0.217740 -0.000000
vn 0.976007 0.217740 0.000000
vn 0.969666 0.244435 -0.000000
vn 0.969666 0.244435 0.000000
vn 0.954799 0.297252 -0.000000
vn 0.962595 0.270945 -0.000000
vn 0.962595 0.270945 0.000000
vn 0.954799 0.297252 -0.000000
vn 0.946285 0.323333 -0.000000
vn 0.946285 0.323333 0.000000
vn 0.937058 0.349173 -0.000000
vn 0.937058 0.349173 0.000000
vn 0.916497 0.400043 -0.000000
vn 0.927127 0.374747 -0.000000
vn 0.927127 0.374747 0.000000
vn 0.916497 0.400043 -0.000000
vn 0.905178 0.425033 -0.000000
vn 0.905178 0.425033 0.000000
vn 0.893176 0.449708 -0.000000
vn 0.893176 0.449708 0.000000
vn 0.880502 0.474042 -0.000000
vn 0.880502 0.474042 0.000000
vn 0.867167 0.498018 -0.000000
vn 0.867167 0.498018 0.000000
vn 0.853178 0.521619 -0.000000
vn 0.853178 0.521619 0.000000
vn 0.823284 0.567629 -0.000000
vn 0.838545 0.544832 -0.000000
vn 0.838545 0.544832 0.000000
vn 0.823284 0.567629 -0.000000
vn 0.807400 0.590005 0.000000
vn 0.807400 0.590005 -0.000000
vn 0.790912 0.611930 0.000000
vn 0.773826 0.633399 -0.000000
vn 0.790912 0.611930 -0.000000
vn 0.773826 0.633399 -0.000000
vn 0.737921 0.674888 -0.000000
vn 0.756157 0.654390 -0.000000
vn 0.756157 0.654390 0.000000
vn 0.737921 0.674888 -0.000000
vn 0.719129 0.694876 -0.000000
vn 0.719129 0.694876 0.000000
vn 0.679935 0.733273 -0.000000
vn 0.699792 0.714347 -0.000000
vn 0.699792 0.714347 0.000000
vn 0.679935 0.733273 -0.000000
vn 0.659561 0.751651 -0.000000
vn 0.659561 0.751651 0.000000
vn 0.638691 0.769463 -0.000000
vn 0.638691 0.769463 0.000000
vn 0.617341 0.786696 -0.000000
vn 0.617341 0.786696 0.000000
vn 0.573263 0.819371 -0.000000
vn 0.595528 0.803334 -0.000000
vn 0.595528 0.803334 0.000000
vn 0.573263 0.819371 -0.000000
vn 0.527461 0.849579 -0.000000
vn 0.550570 0.834789 -0.000000
vn 0.550570 0.834789 0.000000
vn 0.527461 0.849579 -0.000000
vn 0.503953 0.863731 -0.000000
vn 0.503953 0.863731 0.000000
vn 0.480070 0.877230 -0.000000
vn 0.480070 0.877230 0.000000
vn 0.455823 0.890070 -0.000000
vn 0.455823 0.890070 0.000000
vn 0.431234 0.902240 -0.000000
vn 0.431234 0.902240 0.000000
vn 0.406320 0.913731 -0.000000
vn 0.406320 0.913731 0.000000
vn 0.381097 0.924535 0.000000
vn 0.355592 0.934641 -0.000000
vn 0.381097 0.924535 -0.000000
vn 0.355592 0.934641 -0.000000
vn 0.329818 0.944045 0.000000
vn 0.329818 0.944045 -0.000000
vn 0.303792 0.952738 0.000000
vn 0.277540 0.960714 -0.000000
vn 0.303792 0.952738 -0.000000
vn 0.277540 0.960714 -0.000000
vn 0.224431 0.974490 -0.000000
vn 0.251083 0.967966 -0.000000
vn 0.251083 0.967966 0.000000
vn 0.224431 0.974490 -0.000000
vn 0.197612 0.980280 0.000000
vn 0.197612 0.980280 -0.000000
vn 0.170644 0.985333 0.000000
vn 0.143550 0.989643 -0.000000
vn 0.170644 0.985333 -0.000000
vn 0.143550 0.989643 -0.000000
vn 0.116345 0.993209 0.000000
vn 0.116345 0.993209 -0.000000
vn 0.089056 0.996027 0.000000
vn 0.089056 0.996027 -0.000000
vn 0.061695 0.998095 0.000000
vn 0.061695 0.998095 -0.000000
vn 0.034290 0.999412 0.000000
vn 0.034290 0.999412 -0.000000
vn 0.006859 0.999976 0.000000
vn -0.020577 0.999788 0.000000
vn 0.006859 0.999976 -0.000000
vn -0.020577 0.999788 0.000000
vn -0.047997 0.998848 0.000000
vn -0.075381 0.997155 0.000000
vn -0.047997 0.998848 0.000000
vn -0.075381 0.997155 0.000000
vn -0.102710 0.994711 0.000000
vn -0.102710 0.994711 0.000000
vn -0.129959 0.991519 0.000000
vn -0.129959 0.991519 0.000000
vn -0.157111 0.987581 0.000000
vn -0.157111 0.987581 0.000000
vn -0.184145 0.982899 0.000000
vn -0.184145 0.982899 0.000000
vn -0.211043 0.977477 0.000000
vn -0.211043 0.977477 0.000000
vn -0.264335 0.964431 0.000000
vn -0.237779 0.971319 0.000000
vn -0.237779 0.971319 0.000000
vn -0.264335 0.964431 0.000000
vn -0.290696 0.956815 0.000000
vn -0.290696 0.956815 0.000000
vn -0.342737 0.939432 0.000000
vn -0.316833 0.948481 0.000000
vn -0.316833 0.948481 0.000000
vn -0.368381 0.929675 0.000000
vn -0.342737 0.939432 0.000000
vn -0.368381 0.929675 0.000000
vn -0.393746 0.919219 0.000000
vn -0.418816 0.908071 0.000000
vn -0.393746 0.919219 0.000000
vn -0.418816 0.908071 0.000000
vn -0.443568 0.896241 0.000000
vn -0.443568 0.896241 0.000000
vn -0.467992 0.883733 0.000000
vn -0.467992 0.883733 0.000000
vn -0.492059 0.870562 0.000000
vn -0.492059 0.870562 0.000000
vn -0.515756 0.856735 0.000000
vn -0.539065 0.842264 0.000000
vn -0.515756 0.856735 0.000000
vn -0.539065 0.842264 0.000000
vn -0.561969 0.827158 0.000000
vn -0.561969 0.827158 0.000000
vn -0.584452 0.811429 0.000000
vn -0.606492 0.795089 0.000000
vn -0.584452 0.811429 0.000000
vn -0.606492 0.795089 0.000000
vn -0.628075 0.778153 0.000000
vn -0.628075 0.778153 0.000000
vn -0.649186 0.760630 0.000000
vn -0.669812 0.742531 0.000000
vn -0.649186 0.760630 0.000000
vn -0.669812 0.742531 0.000000
vn -0.689928 0.723878 0.000000
vn -0.709529 0.704677 0.000000
vn -0.689928 0.723878 0.000000
vn -0.709529 0.704677 0.000000
vn -0.728593 0.684947 0.000000
vn -0.728593 0.684947 0.000000
vn -0.765064 0.643954 0.000000
vn -0.747109 0.664702 0.000000
vn -0.747109 0.664702 0.000000
vn -0.765064 0.643954 0.000000
vn -0.782441 0.622724 0.000000
vn -0.782441 0.622724 0.000000
vn -0.815418 0.578872 0.000000
vn -0.799233 0.601021 0.000000
vn -0.799233 0.601021 0.000000
vn -0.815418 0.578872 0.000000
vn -0.845942 0.533275 0.000000
vn -0.830993 0.556283 0.000000
vn -0.830993 0.556283 0.000000
vn -0.845942 0.533275 0.000000
vn -0.860252 0.509868 0.000000
vn -0.860252 0.509868 0.000000
vn -0.886923 0.461918 0.000000
vn -0.873917 0.486075 0.000000
vn -0.873917 0.486075 0.000000
vn -0.886923 0.461918 0.000000
vn -0.899261 0.437412 0.000000
vn -0.899261 0.437412 0.000000
vn -0.910923 0.412577 0.000000
vn -0.921898 0.387431 0.000000
vn -0.910923 0.412577 0.000000
vn -0.921898 0.387431 0.000000
vn -0.932181 0.361994 0.000000
vn -0.941760 0.336286 0.000000
vn -0.932181 0.361994 0.000000
vn -0.941760 0.336286 0.000000
vn -0.950632 0.310321 0.000000
vn -0.958787 0.284124 0.000000
vn -0.950632 0.310321 0.000000
vn -0.958787 0.284124 0.000000
vn -0.966221 0.257716 0.000000
vn -0.966221 0.257716 0.000000
vn -0.972928 0.231108 0.000000
vn -0.972928 0.231108 0.000000
vn -0.984138 0.177402 0.000000
vn -0.978902 0.204332 0.000000
vn -0.978902 0.204332 0.000000
vn -0.984138 0.177402 0.000000
vn -0.988635 0.150333 0.000000
vn -0.988635 0.150333 0.000000
vn -0.992387 0.123155 0.000000
vn -0.992387 0.123155 0.000000
vn -0.995393 0.095883 0.000000
vn -0.995393 0.095883 0.000000
vn -0.999153 0.041143 0.000000
vn -0.997648 0.068542 0.000000
vn -0.997648 0.068542 0.000000
vn -0.999906 0.013718 0.000000
vn -0.999153 0.041143 0.000000
vn -0.999906 0.013718 0.000000
vn 0.000000 0.000000 -1.000000
vn 0.000000 0.000000 -1.000000
vn 0.000000 0.000000 -1.000000
vn 0.000000 0.000000 -1.000000
vn 0.000000 0.000000 -1.000000
vn 0.000000 0.000000 -1.000000
vn 0.000000 0.000000 -1.000000
vn 0.000000 0.000000 -1.000000
vn 0.000000 0.000000 -1.000000
vn 0.000000 0.000000 -1.000000
vn 0.000000 0.000000 -1.000000
vn 0.000000 0.000000 -1.000000
vn 0.000000 0.000000 -1.000000
vn 0.000000 0.000000 -1.000000
vn 0.000000 0.000000 -1.000000
vn 0.000000 0.000000 -1.000000
vn 0.000000 0.000000 -1.000000
vn 0.000000 0.000000 -1.000000
vn 0.000000 0.000000 -1.000000
vn 0.000000 0.000000 -1.000000
vn 0.000000 0.000000 -1.000000
vn 0.000000 0.000000 -1.000000
vn 0.000000 0.000000 -1.000000
vn 0.000000 0.000000 -1.000000
vn 0.000000 0.000000 -1.000000
vn 0.000000 0.000000 -1.000000
vn 0.000000 0.000000 -1.000000
vn 0.000000 0.000000 -1.000000
vn 0.000000 0.000000 -1.000000
vn 0.000000 0.000000 -1.000000
vn 0.000000 0.000000 -1.000000
vn 0.000000 0.000000 -1.000000
vn 0.000000 0.000000 -1.000000
vn 0.000000 0.000000 -1.000000
vn 0.000000 0.000000 -1.000000
vn 0.000000 0.000000 -1.000000
vn 0.000000 0.000000 -1.000000
vn 0.000000 0.000000 -1.000000
vn 0.000000 0.000000 -1.000000
vn 0.000000 0.000000 -1.000000
vn 0.000000 0.000000 -1.000000
vn 0.000000 0.000000 -1.000000
vn 0.000000 0.000000 -1.000000
vn 0.000000 0.000000 -1.000000
vn 0.000000 0.000000 -1.000000
vn 0.000000 0.000000 -1.000000
vn 0.000000 0.000000 -1.000000
vn 0.000000 0.000000 -1.000000
vn 0.000000 0.000000 -1.000000
vn 0.000000 0.000000 -1.000000
vn 0.000000 0.000000 -1.000000
vn 0.000000 0.000000 -1.000000
vn 0.000000 0.000000 -1.000000
vn 0.000000 0.000000 -1.000000
vn 0.000000 0.000000 -1.000000
vn 0.000000 0.000000 -1.000000
vn 0.000000 0.000000 -1.000000
vn 0.000000 0.000000 -1.000000
vn 0.000000 0.000000 -1.000000
vn 0.000000 0.000000 -1.000000
vn 0.000000 0.000000 -1.000000
vn 0.000000 0.000000 -1.000000
vn 0.000000 0.000000 -1.000000
vn 0.000000 0.000000 -1.000000
vn 0.000000 0.000000 -1.000000
vn 0.000000 0.000000 -1.000000
vn 0.000000 0.000000 -1.000000
vn 0.000000 0.000000 -1.000000
vn 0.000000 0.000000 -1.000000
vn 0.000000 0.000000 -1.000000
vn 0.000000 0.000000 -1.000000
vn 0.000000 0.000000 -1.000000
vn 0.000000 0.000000 -1.000000
vn 0.000000 0.000000 -1.000000
vn 0.000000 0.000000 -1.000000
vn 0.000000 0.000000 -1.000000
vn 0.000000 0.000000 -1.000000
vn 0.000000 0.000000 -1.000000
vn 0.000000 0.000000 -1.000000
vn 0.000000 0.000000 -1.000000
vn 0.000000 0.000000 -1.000000
vn 0.000000 0.000000 -1.000000
vn 0.000000 0.000000 -1.000000
vn 0.000000 0.000000 -1.000000
vn 0.000000 0.000000 -1.000000
vn 0.000000 0.000000 -1.000000
vn 0.000000 0.000000 -1.000000
vn 0.000000 0.000000 -1.000000
vn 0.000000 0.000000 -1.000000
vn 0.000000 0.000000 -1.000000
vn 0.000000 0.000000 -1.000000
vn 0.000000 0.000000 -1.000000
vn 0.000000 0.000000 -1.000000
vn 0.000000 0.000000 -1.000000
vn 0.000000 0.000000 -1.000000
vn 0.000000 0.000000 -1.000000
vn 0.000000 0.000000 -1.000000
vn 0.000000 0.000000 -1.000000
vn 0.000000 0.000000 -1.000000
vn 0.000000 0.000000 -1.000000
vn 0.000000 0.000000 -1.000000
vn 0.000000 0.000000 -1.000000
vn 0.000000 0.000000 -1.000000
vn 0.000000 0.000000 -1.000000
vn 0.000000 0.000000 -1.000000
vn 0.000000 0.000000 -1.000000
vn 0.000000 0.000000 -1.000000
vn 0.000000 0.000000 -1.000000
vn 0.000000 0.000000 -1.000000
vn 0.000000 0.000000 -1.000000
vn 0.000000 0.000000 -1.000000
vn 0.000000 0.000000 -1.000000
vn 0.000000 0.000000 -1.000000
vn 0.000000 0.000000 -1.000000
vn 0.000000 0.000000 -1.000000
vn 0.000000 0.000000 -1.000000
vn 0.000000 0.000000 -1.000000
vn 0.000000 0.000000 -1.000000
vn 0.000000 0.000000 -1.000000
vn 0.000000 0.000000 -1.000000
vn 0.000000 0.000000 -1.000000
vn 0.000000 0.000000 -1.000000
vn 0.000000 0.000000 -1.000000
vn 0.000000 0.000000 -1.000000
vn 0.000000 0.000000 -1.000000
vn 0.000000 0.000000 -1.000000
vn 0.000000 0.000000 -1.000000
vn 0.000000 0.000000 -1.000000
vn 0.000000 0.000000 -1.000000
vn 0.000000 0.000000 -1.000000
vn 0.000000 0.000000 -1.000000
vn 0.000000 0.000000 -1.000000
vn 0.000000 0.000000 -1.000000
vn 0.000000 0.000000 -1.000000
vn 0.000000 0.000000 -1.000000
vn 0.000000 0.000000 -1.000000
vn 0.000000 0.000000 -1.000000
vn 0.000000 0.000000 -1.000000
vn 0.000000 0.000000 -1.000000
vn 0.000000 0.000000 -1.000000
vn 0.000000 0.000000 -1.000000
vn 0.000000 0.000000 -1.000000
vn 0.000000 0.000000 -1.000000
vn 0.000000 0.000000 -1.000000
vn 0.000000 0.000000 -1.000000
vn 0.000000 0.000000 -1.000000
vn 0.000000 0.000000 -1.000000
vn 0.000000 0.000000 -1.000000
vn 0.000000 0.000000 -1.000000
vn 0.000000 0.000000 -1.000000
vn 0.000000 0.000000 -1.000000
vn 0.000000 0.000000 -1.000000
vn 0.000000 0.000000 -1.000000
vn 0.000000 0.000000 -1.000000
vn 0.000000 0.000000 -1.000000
vn 0.000000 0.000000 -1.000000
vn 0.000000 0.000000 -1.000000
vn 0.000000 0.000000 -1.000000
vn 0.000000 0.000000 -1.000000
vn 0.000000 0.000000 -1.000000
vn 0.000000 0.000000 -1.000000
vn 0.000000 0.000000 -1.000000
vn 0.000000 0.000000 -1.000000
vn 0.000000 0.000000 -1.000000
vn 0.000000 0.000000 -1.000000
vn 0.000000 0.000000 -1.000000
vn 0.000000 0.000000 -1.000000
vn 0.000000 0.000000 -1.000000
vn 0.000000 0.000000 -1.000000
vn 0.000000 0.000000 -1.000000
vn 0.000000 0.000000 -1.000000
vn 0.000000 0.000000 -1.000000
vn 0.000000 0.000000 -1.000000
vn 0.000000 0.000000 -1.000000
vn 0.000000 0.000000 -1.000000
vn 0.000000 0.000000 -1.000000
vn 0.000000 0.000000 -1.000000
vn 0.000000 0.000000 -1.000000
vn 0.000000 0.000000 -1.000000
vn 0.000000 0.000000 -1.000000
vn 0.000000 0.000000 -1.000000
vn 0.000000 0.000000 -1.000000
vn 0.000000 0.000000 -1.000000
vn 0.000000 0.000000 -1.000000
vn 0.000000 0.000000 -1.000000
vn 0.000000 0.000000 -1.000000
vn 0.000000 0.000000 -1.000000
vn 0.000000 0.000000 -1.000000
vn 0.000000 0.000000 -1.000000
vn 0.000000 0.000000 -1.000000
vn 0.000000 0.000000 -1.000000
vn 0.000000 0.000000 -1.000000
vn 0.000000 0.000000 -1.000000
vn 0.000000 0.000000 -1.000000
vn 0.000000 0.000000 -1.000000
vn 0.000000 0.000000 -1.000000
vn 0.000000 0.000000 -1.000000
vn 0.000000 0.000000 -1.000000
vn 0.000000 0.000000 -1.000000
vn 0.000000 0.000000 -1.000000
vn 0.000000 0.000000 -1.000000
vn 0.000000 0.000000 -1.000000
vn 0.000000 0.000000 -1.000000
vn 0.000000 0.000000 -1.000000
vn 0.000000 0.000000 -1.000000
vn 0.000000 0.000000 -1.000000
vn 0.000000 0.000000 -1.000000
vn 0.000000 0.000000 -1.000000
vn 0.000000 0.000000 -1.000000
vn 0.000000 0.000000 -1.000000
vn 0.000000 0.000000 -1.000000
vn 0.000000 0.000000 -1.000000
vn 0.000000 0.000000 -1.000000
vn 0.000000 0.000000 -1.000000
vn 0.000000 0.000000 -1.000000
vn 0.000000 0.000000 -1.000000
vn 0.000000 0.000000 -1.000000
vn 0.000000 0.000000 -1.000000
vn 0.000000 0.000000 -1.000000
vn 0.000000 0.000000 -1.000000
vn 0.000000 0.000000 -1.000000
vn 0.000000 0.000000 -1.000000
vn 0.000000 0.000000 -1.000000
vn 0.000000 0.000000 -1.000000
vn 0.000000 0.000000 -1.000000
vn 0.000000 0.000000 -1.000000
vn 0.000000 0.000000 -1.000000
vn 0.000000 0.000000 -1.000000
vn 0.000000 0.000000 -1.000000
vn 0.000000 0.000000 -1.000000
vn 0.000000 0.000000 -1.000000
vn 0.000000 0.000000 -1.000000
vn 0.000000 0.000000 -1.000000
vn 0.000000 0.000000 -1.000000
vn 0.000000 0.000000 -1.000000
vn 0.000000 0.000000 -1.000000
vn 0.000000 0.000000 -1.000000
vn 0.000000 0.000000 -1.000000
vn 0.000000 0.000000 -1.000000
vn 0.000000 0.000000 -1.000000
vn 0.000000 0.000000 -1.000000
vn 0.000000 0.000000 -1.000000
vn 0.000000 0.000000 -1.000000
vn 0.000000 0.000000 -1.000000
vn 0.000000 0.000000 -1.000000
vn 0.000000 0.000000 -1.000000
vn 0.000000 0.000000 -1.000000
vn 0.000000 0.000000 -1.000000
vn 0.000000 0.000000 -1.000000
vn 0.000000 0.000000 -1.000000
vn 0.000000 0.000000 -1.000000
vn 0.000000 0.000000 -1.000000
vn 0.000000 0.000000 -1.000000
vn 0.000000 0.000000 -1.000000
vn 0.000000 0.000000 -1.000000
vn 0.000000 0.000000 -1.000000
vn 0.000000 0.000000 -1.000000
vn 0.000000 0.000000 -1.000000
vn 0.000000 0.000000 -1.000000
vn 0.000000 0.000000 -1.000000
vn 0.000000 0.000000 -1.000000
vn 0.000000 0.000000 -1.000000
vn 0.000000 0.000000 -1.000000
vn 0.000000 0.000000 -1.000000
vn 0.000000 0.000000 -1.000000
vn 0.000000 0.000000 -1.000000
vn 0.000000 0.000000 -1.000000
vn 0.000000 0.000000 -1.000000
vn 0.000000 0.000000 -1.000000
vn 0.000000 0.000000 -1.000000
vn 0.000000 0.000000 -1.000000
vn 0.000000 0.000000 -1.000000
vn 0.000000 0.000000 -1.000000
vn 0.000000 0.000000 -1.000000
vn 0.000000 0.000000 -1.000000
vn 0.000000 0.000000 -1.000000
vn 0.000000 0.000000 -1.000000
vn 0.000000 0.000000 -1.000000
vn 0.000000 0.000000 -1.000000
vn 0.000000 0.000000 -1.000000
vn 0.000000 0.000000 -1.000000
vn 0.000000 0.000000 -1.000000
vn 0.000000 0.000000 -1.000000
vn 0.000000 0.000000 -1.000000
vn 0.000000 0.000000 -1.000000
vn 0.000000 0.000000 -1.000000
vn 0.000000 0.000000 -1.000000
vn 0.000000 0.000000 -1.000000
vn 0.000000 0.000000 -1.000000
vn 0.000000 0.000000 -1.000000
vn 0.000000 0.000000 -1.000000
vn 0.000000 0.000000 -1.000000
vn 0.000000 0.000000 -1.000000
vn 0.000000 0.000000 -1.000000
vn 0.000000 0.000000 -1.000000
vn 0.000000 0.000000 -1.000000
vn 0.000000 0.000000 -1.000000
vn 0.000000 0.000000 -1.000000
vn 0.000000 0.000000 -1.000000
vn 0.000000 0.000000 -1.000000
vn 0.000000 0.000000 -1.000000
vn 0.000000 0.000000 -1.000000
vn 0.000000 0.000000 -1.000000
vn 0.000000 0.000000 -1.000000
vn 0.000000 0.000000 -1.000000
vn 0.000000 0.000000 -1.000000
vn 0.000000 0.000000 -1.000000
vn 0.000000 0.000000 -1.000000
vn 0.000000 0.000000 -1.000000
vn 0.000000 0.000000 -1.000000
vn 0.000000 0.000000 -1.000000
vn 0.000000 0.000000 -1.000000
vn 0.000000 0.000000 -1.000000
vn 0.000000 0.000000 -1.000000
vn 0.000000 0.000000 -1.000000
vn 0.000000 0.000000 -1.000000
vn 0.000000 0.000000 -1.000000
vn 0.000000 0.000000 -1.000000
vn 0.000000 0.000000 -1.000000
vn 0.000000 0.000000 -1.000000
vn 0.000000 0.000000 -1.000000
vn 0.000000 0.000000 -1.000000
vn 0.000000 0.000000 -1.000000
vn 0.000000 0.000000 -1.000000
vn 0.000000 0.000000 -1.000000
vn 0.000000 0.000000 -1.000000
vn 0.000000 0.000000 -1.000000
vn 0.000000 0.000000 -1.000000
vn 0.000000 0.000000 -1.000000
vn 0.000000 0.000000 -1.000000
vn 0.000000 0.000000 -1.000000
vn 0.000000 0.000000 -1.000000
vn 0.000000 0.000000 -1.000000
vn 0.000000 0.000000 -1.000000
vn 0.000000 0.000000 -1.000000
vn 0.000000 0.000000 -1.000000
vn 0.000000 0.000000 -1.000000
vn 0.000000 0.000000 -1.000000
vn 0.000000 0.000000 -1.000000
vn 0.000000 0.000000 -1.000000
vn 0.000000 0.000000 -1.000000
vn 0.000000 0.000000 -1.000000
vn 0.000000 0.000000 -1.000000
vn 0.000000 0.000000 -1.000000
vn 0.000000 0.000000 -1.000000
vn 0.000000 0.000000 -1.000000
vn 0.000000 0.000000 -1.000000
vn 0.000000 0.000000 -1.000000
vn 0.000000 0.000000 -1.000000
vn 0.000000 0.000000 -1.000000
vn 0.000000 0.000000 -1.000000
vn 0.000000 0.000000 -1.000000
vn 0.000000 0.000000 -1.000000
vn 0.000000 0.000000 -1.000000
vn 0.000000 0.000000 -1.000000
vn 0.000000 0.000000 -1.000000
vn 0.000000 0.000000 -1.000000
vn 0.000000 0.000000 -1.000000
vn 0.000000 0.000000 -1.000000
vn 0.000000 0.000000 -1.000000
vn 0.000000 0.000000 -1.000000
vn 0.000000 0.000000 -1.000000
vn 0.000000 0.000000 -1.000000
vn 0.000000 0.000000 -1.000000
vn 0.000000 0.000000 -1.000000
vn 0.000000 0.000000 -1.000000
vn 0.000000 0.000000 -1.000000
vn 0.000000 0.000000 -1.000000
vn 0.000000 0.000000 -1.000000
vn 0.000000 0.000000 -1.000000
vn 0.000000 0.000000 -1.000000
vn 0.000000 0.000000 -1.000000
vn 0.000000 0.000000 -1.000000
vn 0.000000 0.000000 -1.000000
vn 0.000000 0.000000 -1.000000
vn 0.000000 0.000000 -1.000000
vn 0.000000 0.000000 -1.000000
vn 0.000000 0.000000 -1.000000
vn 0.000000 0.000000 -1.000000
vn 0.000000 0.000000 -1.000000
vn 0.000000 0.000000 -1.000000
vn 0.000000 0.000000 -1.000000
vn 0.000000 0.000000 -1.000000
vn 0.000000 0.000000 -1.000000
vn 0.000000 0.000000 -1.000000
vn 0.000000 0.000000 -1.000000
vn 0.000000 0.000000 -1.000000
vn 0.000000 0.000000 -1.000000
vn 0.000000 0.000000 -1.000000
vn 0.000000 0.000000 -1.000000
vn 0.000000 0.000000 -1.000000
vn 0.000000 0.000000 -1.000000
vn 0.000000 0.000000 -1.000000
vn 0.000000 0.000000 -1.000000
vn 0.000000 0.000000 -1.000000
vn 0.000000 0.000000 -1.000000
vn 0.000000 0.000000 -1.000000
vn 0.000000 0.000000 -1.000000
vn 0.000000 0.000000 -1.000000
vn 0.000000 0.000000 -1.000000
vn 0.000000 0.000000 -1.000000
vn 0.000000 0.000000 -1.000000
vn 0.000000 0.000000 -1.000000
vn 0.000000 0.000000 -1.000000
vn 0.000000 0.000000 -1.000000
vn 0.000000 0.000000 -1.000000
vn 0.000000 0.000000 -1.000000
vn 0.000000 0.000000 -1.000000
vn 0.000000 0.000000 -1.000000
vn 0.000000 0.000000 -1.000000
vn 0.000000 0.000000 -1.000000
vn 0.000000 0.000000 -1.000000
vn 0.000000 0.000000 -1.000000
vn 0.000000 0.000000 -1.000000
vn 0.000000 0.000000 -1.000000
vn 0.000000 0.000000 -1.000000
vn 0.000000 0.000000 -1.000000
vn 0.000000 0.000000 -1.000000
vn 0.000000 0.000000 -1.000000
vn 0.000000 0.000000 -1.000000
vn 0.000000 0.000000 -1.000000
vn 0.000000 0.000000 -1.000000
vn 0.000000 0.000000 -1.000000
vn 0.000000 0.000000 -1.000000
vn 0.000000 0.000000 -1.000000
vn 0.000000 0.000000 -1.000000
vn 0.000000 0.000000 -1.000000
vn 0.000000 0.000000 -1.000000
vn 0.000000 0.000000 -1.000000
vn 0.000000 0.000000 -1.000000
vn 0.000000 0.000000 -1.000000
vn 0.000000 0.000000 -1.000000
vn 0.000000 0.000000 -1.000000
vn 0.000000 0.000000 -1.000000
vn 0.000000 0.000000 -1.000000
vn 0.000000 0.000000 -1.000000
vn 0.000000 0.000000 -1.000000
vn 0.000000 0.000000 -1.000000
vn 0.000000 0.000000 -1.000000
vn 0.000000 0.000000 -1.000000
vn 0.000000 0.000000 -1.000000
vn 0.000000 0.000000 -1.000000
vn 0.000000 0.000000 -1.000000
vn 0.000000 0.000000 -1.000000
vn 0.000000 0.000000 -1.000000
vn 0.000000 0.000000 -1.000000
vn 0.000000 0.000000 -1.000000
vn 0.000000 0.000000 -1.000000
vn 0.000000 0.000000 -1.000000
vn 0.000000 0.000000 -1.000000
vn 0.000000 0.000000 -1.000000
vn 0.000000 0.000000 -1.000000
vn 0.000000 0.000000 -1.000000
vn 0.000000 0.000000 -1.000000
vn 0.000000 0.000000 -1.000000
vn 0.000000 0.000000 -1.000000
vn 0.000000 0.000000 -1.000000
vn 0.000000 0.000000 -1.000000
vn 0.000000 0.000000 -1.000000
vn 0.000000 0.000000 -1.000000
vn 0.000000 0.000000 -1.000000
vn 0.000000 0.000000 -1.000000
vn 0.000000 0.000000 -1.000000
vn 0.000000 0.000000 -1.000000
vn 0.000000 0.000000 -1.000000
vn 0.000000 0.000000 -1.000000
vn 0.000000 0.000000 -1.000000
vn 0.000000 0.000000 -1.000000
vn 0.000000 0.000000 -1.000000
vn 0.000000 -1.000000 0.000000
vn 0.000000 -1.000000 0.000000
vn 0.000000 0.000000 -1.000000
vn 0.000000 0.000000 -1.000000
vn 0.000000 -0.000000 -1.000000
vn 0.000000 0.000000 -1.000000
vn 0.000000 0.000000 -1.000000
vn 0.000000 0.000000 -1.000000
vn 0.000000 0.000000 -1.000000
vn 0.000000 -0.000000 -1.000000
vn 0.000000 0.000000 -1.000000
vn 0.000000 0.000000 -1.000000
vn 0.000000 0.000000 -1.000000
vn 0.000000 -0.000000 -1.000000
vn 0.000000 0.000000 -1.000000
vn 0.000000 0.000000 -1.000000
vn 0.000000 0.000000 -1.000000
vn 0.000000 -0.000000 -1.000000
vn 0.000000 0.000000 -1.000000
vn 0.000000 0.000000 -1.000000
vn 0.000000 0.000000 -1.000000
vn 0.000000 -0.000000 -1.000000
vn 0.000000 0.000000 -1.000000
vn 0.000000 0.000000 -1.000000
vn 0.000000 0.000000 -1.000000
vn 0.000000 -0.000000 -1.000000
vn 0.000000 0.000000 -1.000000
vn 0.000000 0.000000 -1.000000
vn 0.000000 0.000000 -1.000000
vn 0.000000 -0.000000 -1.000000
vn 0.000000 0.000000 -1.000000
vn 0.000000 0.000000 -1.000000
vn 0.000000 -0.000000 -1.000000
vn 0.000000 0.000000 -1.000000
vn 0.000000 0.000000 -1.000000
vn 0.000000 0.000000 -1.000000
vn 0.000000 0.000000 -1.000000
vn 0.000000 -0.000000 -1.000000
vn 0.000000 0.000000 -1.000000
vn 0.000000 0.000000 -1.000000
vn 0.000000 -0.000000 -1.000000
vn 0.000000 0.000000 -1.000000
vn 0.000000 0.000000 -1.000000
vn 0.000000 0.000000 -1.000000
vn 0.000000 -0.000000 -1.000000
vn 0.000000 0.000000 -1.000000
vn 0.000000 0.000000 -1.000000
vn 0.000000 0.000000 -1.000000
vn 0.000000 0.000000 -1.000000
vn 0.000000 -0.000000 -1.000000
vn 0.000000 0.000000 -1.000000
vn 0.000000 0.000000 -1.000000
vn 0.000000 -0.000000 -1.000000
vn 0.000000 0.000000 -1.000000
vn 0.000000 0.000000 -1.000000
vn 0.000000 0.000000 -1.000000
vn 0.000000 -0.000000 -1.000000
vn 0.000000 0.000000 -1.000000
vn 0.000000 0.000000 -1.000000
vn 0.000000 0.000000 -1.000000
vn 0.000000 0.000000 -1.000000
vn 0.000000 0.000000 -1.000000
vn 0.000000 -0.000000 -1.000000
vn 0.000000 0.000000 -1.000000
vn 0.000000 -0.000000 -1.000000
vn 0.000000 0.000000 -1.000000
vn 0.000000 0.000000 -1.000000
vn 0.000000 0.000000 -1.000000
vn 0.000000 -0.000000 -1.000000
vn 0.000000 0.000000 -1.000000
vn 0.000000 0.000000 -1.000000
vn 0.000000 0.000000 -1.000000
vn 0.000000 -0.000000 -1.000000
vn 0.000000 0.000000 -1.000000
vn 0.000000 0.000000 -1.000000
vn 0.000000 0.000000 -1.000000
vn 0.000000 -0.000000 -1.000000
vn 0.000000 0.000000 -1.000000
vn 0.000000 0.000000 -1.000000
vn 0.000000 0.000000 -1.000000
vn 0.000000 -0.000000 -1.000000
vn 0.000000 0.000000 -1.000000
vn 0.000000 0.000000 -1.000000
vn 0.000000 0.000000 -1.000000
vn 0.000000 0.000000 -1.000000
vn 0.000000 0.000000 -1.000000
vn 0.000000 0.000000 -1.000000
vn 0.000000 -0.000000 -1.000000
vn 0.000000 0.000000 -1.000000
vn 0.000000 0.000000 -1.000000
vn 0.000000 -0.000000 -1.000000
vn 0.000000 0.000000 -1.000000
vn 0.000000 0.000000 -1.000000
vn 0.000000 0.000000 -1.000000
vn 0.000000 0.000000 -1.000000
vn 0.000000 -0.000000 -1.000000
vn 0.000000 0.000000 -1.000000
vn 0.000000 0.000000 -1.000000
vn 0.000000 -0.000000 -1.000000
vn 0.000000 0.000000 -1.000000
vn 0.000000 0.000000 -1.000000
vn 0.000000 0.000000 -1.000000
vn -1.000000 0.000000 0.000000
vn -1.000000 0.000000 0.000000
vn 1.000000 0.000000 0.000000
vn 1.000000 -0.000000 0.000000
vn 0.000000 -0.000000 -1.000000
vn 0.000000 -0.000000 -1.000000
vn 0.000000 0.000000 -1.000000
vn 0.000000 -0.000000 -1.000000
vn 0.000000 0.000000 -1.000000
vn 0.000000 -0.000000 -1.000000
vn 0.000000 0.000000 -1.000000
vn 0.000000 -0.000000 -1.000000
vn 0.000000 0.000000 -1.000000
vn 0.000000 -0.000000 -1.000000
vn 0.000000 0.000000 -1.000000
vn 0.000000 -0.000000 -1.000000
vn 0.000000 0.000000 -1.000000
vn 0.000000 -0.000000 -1.000000
vn 0.000000 -0.000000 -1.000000
vn 0.000000 0.000000 -1.000000
vn 0.000000 0.000000 -1.000000
vn 0.000000 -0.000000 -1.000000
vn 0.000000 -0.000000 -1.000000
vn 0.000000 0.000000 -1.000000
vn 0.000000 -0.000000 -1.000000
vn 0.000000 0.000000 -1.000000
vn 0.000000 -0.000000 -1.000000
vn 0.000000 0.000000 -1.000000
vn 0.000000 0.000000 -1.000000
vn 0.000000 -0.000000 -1.000000
vn 0.000000 -0.000000 -1.000000
vn 0.000000 0.000000 -1.000000
vn 0.000000 0.000000 -1.000000
vn 0.000000 -0.000000 -1.000000
vn 0.000000 -0.000000 -1.000000
vn 0.000000 0.000000 -1.000000
vn 0.000000 -0.000000 -1.000000
vn 0.000000 0.000000 -1.000000
vn 0.000000 -0.000000 -1.000000
vn 0.000000 0.000000 -1.000000
vn 0.000000 -0.000000 -1.000000
vn 0.000000 0.000000 -1.000000
vn 0.000000 -0.000000 -1.000000
vn 0.000000 0.000000 -1.000000
vn 0.000000 -0.000000 -1.000000
vn 0.000000 0.000000 -1.000000
vn 0.000000 0.000000 -1.000000
vn 0.000000 0.000000 -1.000000
vn 0.000000 0.000000 -1.000000
vn 0.000000 0.000000 -1.000000
vn 0.000000 0.000000 -1.000000
vn 0.000000 0.000000 -1.000000
vn 0.000000 0.000000 -1.000000
vn 0.000000 0.000000 -1.000000
vn 0.000000 0.000000 -1.000000
vn 0.000000 0.000000 -1.000000
vn 0.000000 0.000000 -1.000000
vn 0.000000 0.000000 -1.000000
vn 0.000000 0.000000 -1.000000
vn 0.000000 0.000000 -1.000000
vn 0.000000 0.000000 -1.000000
vn 0.000000 0.000000 -1.000000
vn 0.000000 0.000000 -1.000000
vn 0.000000 0.000000 -1.000000
vn 0.000000 0.000000 -1.000000
vn 0.000000 0.000000 -1.000000
vn 0.000000 0.000000 -1.000000
vn 0.000000 0.000000 -1.000000
vn 0.000000 0.000000 -1.000000
vn 0.000000 0.000000 -1.000000
vn 0.000000 0.000000 -1.000000
vn 0.000000 0.000000 -1.000000
vn 0.000000 0.000000 -1.000000
vn 0.000000 0.000000 -1.000000
vn 0.000000 0.000000 -1.000000
vn 0.000000 0.000000 -1.000000
vn 0.000000 0.000000 -1.000000
vn 0.000000 0.000000 -1.000000
vn 0.000000 0.000000 -1.000000
vn 0.000000 0.000000 -1.000000
vn 0.000000 0.000000 -1.000000
vn 0.000000 0.000000 -1.000000
vn 0.000000 0.000000 -1.000000
vn 0.000000 0.000000 -1.000000
vn 0.000000 0.000000 -1.000000
vn 0.000000 0.000000 -1.000000
vn 0.000000 0.000000 -1.000000
vn 0.000000 0.000000 -1.000000
vn 0.000000 0.000000 -1.000000
vn 0.000000 0.000000 -1.000000
vn 0.000000 0.000000 -1.000000
vn 0.000000 0.000000 -1.000000
vn 0.000000 0.000000 -1.000000
vn 0.000000 0.000000 -1.000000
vn 0.000000 0.000000 -1.000000
vn 0.000000 0.000000 -1.000000
vn 0.000000 0.000000 -1.000000
vn 0.000000 0.000000 -1.000000
vn 0.000000 0.000000 -1.000000
vn 0.000000 0.000000 -1.000000
vn 0.000000 0.000000 -1.000000
vn 0.000000 0.000000 -1.000000
vn 0.000000 0.000000 -1.000000
vn 0.000000 0.000000 -1.000000
vn 0.000000 -1.000000 0.000000
vn 0.000000 -1.000000 0.000000
vn 0.000000 1.000000 0.000000
vn 0.000000 1.000000 0.000000
vn 0.000000 0.000000 -1.000000
vn 0.000000 0.000000 -1.000000
vn 0.000000 -0.000000 -1.000000
vn 0.000000 0.000000 -1.000000
vn 0.000000 0.000000 -1.000000
vn 0.000000 0.000000 -1.000000
vn 0.000000 -0.000000 -1.000000
vn 0.000000 0.000000 -1.000000
vn 0.000000 0.000000 -1.000000
vn 0.000000 0.000000 -1.000000
vn 0.000000 -0.000000 -1.000000
vn 0.000000 0.000000 -1.000000
vn 0.000000 0.000000 -1.000000
vn 0.000000 0.000000 -1.000000
vn 0.000000 -0.000000 -1.000000
vn 0.000000 0.000000 -1.000000
vn 0.000000 0.000000 -1.000000
vn 0.000000 0.000000 -1.000000
vn 0.000000 -0.000000 -1.000000
vn 0.000000 0.000000 -1.000000
vn 0.000000 0.000000 -1.000000
vn 0.000000 0.000000 -1.000000
vn 0.000000 -0.000000 -1.000000
vn 0.000000 0.000000 -1.000000
vn 0.000000 0.000000 -1.000000
vn 0.000000 0.000000 -1.000000
vn 0.000000 -0.000000 -1.000000
vn 0.000000 0.000000 -1.000000
vn 0.000000 0.000000 -1.000000
vn 0.000000 0.000000 -1.000000
vn 0.000000 0.000000 -1.000000
vn 0.000000 -0.000000 -1.000000
vn 0.000000 0.000000 -1.000000
vn 0.000000 0.000000 -1.000000
vn 0.000000 0.000000 -1.000000
vn 0.000000 -0.000000 -1.000000
vn 0.000000 0.000000 -1.000000
vn 0.000000 0.000000 -1.000000
vn 0.000000 0.000000 -1.000000
vn 0.000000 -0.000000 -1.000000
vn 0.000000 0.000000 -1.000000
vn 0.000000 0.000000 -1.000000
vn 0.000000 0.000000 -1.000000
vn 0.000000 -0.000000 -1.000000
vn 0.000000 0.000000 -1.000000
vn 0.000000 0.000000 -1.000000
vn 0.000000 0.000000 -1.000000
vn 0.000000 -0.000000 -1.000000
vn 0.000000 0.000000 -1.000000
vn 0.000000 0.000000 -1.000000
vn 0.000000 0.000000 -1.000000
vn 0.000000 -0.000000 -1.000000
vn 0.000000 0.000000 -1.000000
vn 0.000000 0.000000 -1.000000
vn 0.000000 0.000000 -1.000000
vn 0.000000 -0.000000 -1.000000
vn 0.000000 0.000000 -1.000000
vn 0.000000 0.000000 -1.000000
vn 0.000000 -0.000000 -1.000000
vn 0.000000 0.000000 -1.000000
vn 0.000000 0.000000 -1.000000
vn 0.000000 0.000000 -1.000000
vn 0.000000 -0.000000 -1.000000
vn 0.000000 0.000000 -1.000000
vn 0.000000 0.000000 -1.000000
vn 0.000000 0.000000 -1.000000
vn 0.000000 0.000000 -1.000000
vn 0.000000 -0.000000 -1.000000
vn 0.000000 0.000000 -1.000000
vn 0.000000 0.000000 -1.000000
vn 0.000000 0.000000 -1.000000
vn 0.000000 -0.000000 -1.000000
vn 0.000000 0.000000 -1.000000
vn 0.000000 0.000000 -1.000000
vn 0.000000 0.000000 -1.000000
vn 0.000000 -0.000000 -1.000000
vn 0.000000 0.000000 -1.000000
vn 0.000000 0.000000 -1.000000
vn 0.000000 0.000000 -1.000000
vn 0.000000 -0.000000 -1.000000
vn 0.000000 0.000000 -1.000000
vn 0.000000 0.000000 -1.000000
vn 0.000000 0.000000 -1.000000
vn 0.000000 -0.000000 -1.000000
vn 0.000000 0.000000 -1.000000
vn 0.000000 0.000000 -1.000000
vn 0.000000 0.000000 -1.000000
vn 0.000000 -0.000000 -1.000000
vn 0.000000 0.000000 -1.000000
vn 0.000000 0.000000 -1.000000
vn 0.000000 0.000000 -1.000000
vn 0.000000 -0.000000 -1.000000
vn 0.000000 0.000000 -1.000000
vn 0.000000 0.000000 -1.000000
vn 0.000000 0.000000 -1.000000
vn 0.000000 0.000000 -1.000000
vn 0.000000 0.000000 -1.000000
vn 0.000000 -0.000000 -1.000000
vn 0.000000 0.000000 -1.000000
vn 0.000000 0.000000 -1.000000
vn 1.000000 0.000000 0.000000
vn 1.000000 -0.000000 0.000000
vn -1.000000 0.000000 0.000000
vn -1.000000 0.000000 0.000000
vn 0.000000 0.000000 -1.000000
vn 0.000000 0.000000 -1.000000
vn 0.000000 0.000000 -1.000000
vn 0.000000 0.000000 -1.000000
vn 0.000000 0.000000 -1.000000
vn 0.000000 0.000000 -1.000000
vn 0.000000 0.000000 -1.000000
vn 0.000000 0.000000 -1.000000
vn 0.000000 0.000000 -1.000000
vn 0.000000 0.000000 -1.000000
vn 0.000000 0.000000 -1.000000
vn 0.000000 0.000000 -1.000000
vn 0.000000 0.000000 -1.000000
vn 0.000000 0.000000 -1.000000
vn 0.000000 0.000000 -1.000000
vn 0.000000 0.000000 -1.000000
vn 0.000000 0.000000 -1.000000
vn 0.000000 0.000000 -1.000000
vn 0.000000 0.000000 -1.000000
vn 0.000000 0.000000 -1.000000
vn 0.000000 0.000000 -1.000000
vn 0.000000 0.000000 -1.000000
vn 0.000000 0.000000 -1.000000
vn 0.000000 0.000000 -1.000000
vn 0.000000 0.000000 -1.000000
vn 0.000000 0.000000 -1.000000
vn 0.000000 0.000000 -1.000000
vn 0.000000 0.000000 -1.000000
vn 0.000000 0.000000 -1.000000
vn 0.000000 0.000000 -1.000000
vn 0.000000 0.000000 -1.000000
vn 0.000000 0.000000 -1.000000
vn 0.000000 0.000000 -1.000000
vn 0.000000 0.000000 -1.000000
vn 0.000000 0.000000 -1.000000
vn 0.000000 0.000000 -1.000000
vn 0.000000 0.000000 -1.000000
vn 0.000000 0.000000 -1.000000
vn 0.000000 0.000000 -1.000000
vn 0.000000 0.000000 -1.000000
vn 0.000000 0.000000 -1.000000
vn 0.000000 0.000000 -1.000000
vn 0.000000 0.000000 -1.000000
vn 0.000000 0.000000 -1.000000
vn 0.000000 0.000000 -1.000000
vn 0.000000 0.000000 -1.000000
vn 0.000000 0.000000 -1.000000
vn 0.000000 0.000000 -1.000000
vn 0.000000 0.000000 -1.000000
vn 0.000000 -0.000000 -1.000000
vn 0.000000 0.000000 -1.000000
vn 0.000000 0.000000 -1.000000
vn 0.000000 0.000000 -1.000000
vn 0.000000 0.000000 -1.000000
vn 0.000000 0.000000 -1.000000
vn 0.000000 0.000000 -1.000000
vn 0.000000 0.000000 -1.000000
vn 0.000000 -0.000000 -1.000000
vn 0.000000 0.000000 -1.000000
vn 0.000000 -0.000000 -1.000000
vn 0.000000 0.000000 -1.000000
vn 0.000000 -0.000000 -1.000000
vn 0.000000 0.000000 -1.000000
vn 0.000000 -0.000000 -1.000000
vn 0.000000 0.000000 -1.000000
vn 0.000000 -0.000000 -1.000000
vn 0.000000 0.000000 -1.000000
vn 0.000000 -0.000000 -1.000000
vn 0.000000 0.000000 -1.000000
vn 0.000000 -0.000000 -1.000000
vn 0.000000 0.000000 -1.000000
vn 0.000000 -0.000000 -1.000000
vn 0.000000 0.000000 -1.000000
vn 0.000000 -0.000000 -1.000000
vn 0.000000 0.000000 -1.000000
vn 0.000000 -0.000000 -1.000000
vn 0.000000 -0.000000 -1.000000
vn 0.000000 0.000000 -1.000000
vn 0.000000 -0.000000 -1.000000
vn 0.000000 0.000000 -1.000000
vn 0.000000 -0.000000 -1.000000
vn 0.000000 0.000000 -1.000000
vn 0.000000 -0.000000 -1.000000
vn 0.000000 0.000000 -1.000000
vn 0.000000 -0.000000 -1.000000
vn 0.000000 0.000000 -1.000000
vn 0.000000 -0.000000 -1.000000
vn 0.000000 0.000000 -1.000000
vn 0.000000 -0.000000 -1.000000
vn 0.000000 0.000000 -1.000000
vn 0.000000 -0.000000 -1.000000
vn 0.000000 0.000000 -1.000000
vn 0.000000 -0.000000 -1.000000
vn 0.000000 0.000000 -1.000000
vn 0.000000 -0.000000 -1.000000
vn 0.000000 0.000000 -1.000000
vn 0.000000 0.000000 -1.000000
vn 0.000000 -0.000000 -1.000000
vn 0.000000 0.000000 -1.000000
vn 0.000000 0.000000 -1.000000
vn 0.000000 1.000000 0.000000
vn 0.000000 1.000000 0.000000
vn 0.000000 0.000000 1.000000
vn 0.000000 0.000000 1.000000
vn 0.000000 0.000000 1.000000
vn 0.000000 0.000000 1.000000
vn 0.000000 0.000000 1.000000
vn 0.000000 0.000000 1.000000
vn 0.000000 0.000000 1.000000
vn 0.000000 0.000000 1.000000
vn 0.000000 0.000000 1.000000
vn 0.000000 0.000000 1.000000
vn 0.000000 0.000000 1.000000
vn 0.000000 0.000000 1.000000
vn 0.000000 0.000000 1.000000
vn 0.000000 0.000000 1.000000
vn 0.000000 0.000000 1.000000
vn 0.000000 0.000000 1.000000
vn 0.000000 0.000000 1.000000
vn 0.000000 0.000000 1.000000
vn 0.000000 0.000000 1.000000
vn 0.000000 0.000000 1.000000
vn 0.000000 0.000000 1.000000
vn 0.000000 0.000000 1.000000
vn 0.000000 0.000000 1.000000
vn 0.000000 0.000000 1.000000
vn 0.000000 0.000000 1.000000
vn 0.000000 0.000000 1.000000
vn 0.000000 0.000000 1.000000
vn 0.000000 0.000000 1.000000
vn 0.000000 0.000000 1.000000
vn 0.000000 0.000000 1.000000
vn 0.000000 0.000000 1.000000
vn 0.000000 0.000000 1.000000
vn 0.000000 0.000000 1.000000
vn 0.000000 0.000000 1.000000
vn 0.000000 0.000000 1.000000
vn 0.000000 0.000000 1.000000
vn 0.000000 0.000000 1.000000
vn 0.000000 0.000000 1.000000
vn 0.000000 0.000000 1.000000
vn 0.000000 0.000000 1.000000
vn 0.000000 0.000000 1.000000
vn 0.000000 0.000000 1.000000
vn 0.000000 0.000000 1.000000
vn 0.000000 0.000000 1.000000
vn 0.000000 0.000000 1.000000
vn 0.000000 0.000000 1.000000
vn 0.000000 0.000000 1.000000
vn 0.000000 0.000000 1.000000
vn 0.000000 0.000000 1.000000
vn 0.000000 0.000000 1.000000
vn 0.000000 0.000000 1.000000
vn 0.000000 0.000000 1.000000
vn 0.000000 0.000000 1.000000
vn 0.000000 0.000000 1.000000
vn 0.000000 0.000000 1.000000
vn 0.000000 0.000000 1.000000
vn 0.000000 0.000000 1.000000
vn 0.000000 0.000000 1.000000
vn 0.000000 0.000000 1.000000
vn 0.000000 0.000000 1.000000
vn 0.000000 0.000000 1.000000
vn 0.000000 0.000000 1.000000
vn 0.000000 0.000000 1.000000
vn 0.000000 0.000000 1.000000
vn 0.000000 0.000000 1.000000
vn 0.000000 0.000000 1.000000
vn 0.000000 0.000000 1.000000
vn 0.000000 0.000000 1.000000
vn 0.000000 0.000000 1.000000
vn 0.000000 0.000000 1.000000
vn 0.000000 0.000000 1.000000
vn 0.000000 0.000000 1.000000
vn 0.000000 0.000000 1.000000
vn 0.000000 0.000000 1.000000
vn 0.000000 0.000000 1.000000
vn 0.000000 0.000000 1.000000
vn 0.000000 0.000000 1.000000
vn 0.000000 0.000000 1.000000
vn 0.000000 0.000000 1.000000
vn 0.000000 0.000000 1.000000
vn 0.000000 0.000000 1.000000
vn 0.000000 0.000000 1.000000
vn 0.000000 0.000000 1.000000
vn 0.000000 0.000000 1.000000
vn 0.000000 0.000000 1.000000
vn 0.000000 0.000000 1.000000
vn 0.000000 0.000000 1.000000
vn 0.000000 0.000000 1.000000
vn 0.000000 0.000000 1.000000
vn 0.000000 0.000000 1.000000
vn 0.000000 0.000000 1.000000
vn 0.000000 0.000000 1.000000
vn 0.000000 0.000000 1.000000
vn 0.000000 0.000000 1.000000
vn 0.000000 0.000000 1.000000
vn 0.000000 0.000000 1.000000
vn 0.000000 0.000000 1.000000
vn 0.000000 0.000000 1.000000
vn 0.000000 0.000000 1.000000
vn 0.000000 0.000000 1.000000
vn 0.000000 0.000000 1.000000
vn 0.000000 0.000000 1.000000
vn 0.000000 0.000000 1.000000
vn 0.000000 0.000000 1.000000
vn 0.000000 0.000000 1.000000
vn 0.000000 0.000000 1.000000
vn 0.000000 0.000000 1.000000
vn 0.000000 0.000000 1.000000
vn 0.000000 0.000000 1.000000
vn 0.000000 0.000000 1.000000
vn 0.000000 0.000000 1.000000
vn 0.000000 0.000000 1.000000
vn 0.000000 0.000000 1.000000
vn 0.000000 0.000000 1.000000
vn 0.000000 0.000000 1.000000
vn 0.000000 0.000000 1.000000
vn 0.000000 0.000000 1.000000
vn 0.000000 0.000000 1.000000
vn 0.000000 0.000000 1.000000
vn 0.000000 0.000000 1.000000
vn 0.000000 0.000000 1.000000
vn 0.000000 0.000000 1.000000
vn 0.000000 0.000000 1.000000
vn 0.000000 0.000000 1.000000
vn 0.000000 0.000000 1.000000
vn 0.000000 0.000000 1.000000
vn 0.000000 0.000000 1.000000
vn 0.000000 0.000000 1.000000
vn 0.000000 0.000000 1.000000
vn 0.000000 0.000000 1.000000
vn 0.000000 0.000000 1.000000
vn 0.000000 0.000000 1.000000
vn 0.000000 0.000000 1.000000
vn 0.000000 0.000000 1.000000
vn 0.000000 0.000000 1.000000
vn 0.000000 0.000000 1.000000
vn 0.000000 0.000000 1.000000
vn 0.000000 0.000000 1.000000
vn 0.000000 0.000000 1.000000
vn 0.000000 0.000000 1.000000
vn 0.000000 0.000000 1.000000
vn 0.000000 0.000000 1.000000
vn 0.000000 0.000000 1.000000
vn 0.000000 0.000000 1.000000
vn 0.000000 0.000000 1.000000
vn 0.000000 0.000000 1.000000
vn 0.000000 0.000000 1.000000
vn 0.000000 0.000000 1.000000
vn 0.000000 0.000000 1.000000
vn 0.000000 0.000000 1.000000
vn 0.000000 0.000000 1.000000
vn 0.000000 0.000000 1.000000
vn 0.000000 0.000000 1.000000
vn 0.000000 0.000000 1.000000
vn 0.000000 0.000000 1.000000
vn 0.000000 0.000000 1.000000
vn 0.000000 0.000000 1.000000
vn 0.000000 0.000000 1.000000
vn 0.000000 0.000000 1.000000
vn 0.000000 0.000000 1.000000
vn 0.000000 0.000000 1.000000
vn 0.000000 0.000000 1.000000
vn 0.000000 0.000000 1.000000
vn 0.000000 0.000000 1.000000
vn 0.000000 0.000000 1.000000
vn 0.000000 0.000000 1.000000
vn 0.000000 0.000000 1.000000
vn 0.000000 0.000000 1.000000
vn 0.000000 0.000000 1.000000
vn 0.000000 0.000000 1.000000
vn 0.000000 0.000000 1.000000
vn 0.000000 0.000000 1.000000
vn 0.000000 0.000000 1.000000
vn 0.000000 0.000000 1.000000
vn 0.000000 0.000000 1.000000
vn 0.000000 0.000000 1.000000
vn 0.000000 0.000000 1.000000
vn 0.000000 0.000000 1.000000
vn 0.000000 0.000000 1.000000
vn 0.000000 0.000000 1.000000
vn 0.000000 0.000000 1.000000
vn 0.000000 0.000000 1.000000
vn 0.000000 0.000000 1.000000
vn 0.000000 0.000000 1.000000
vn 0.000000 0.000000 1.000000
vn 0.000000 0.000000 1.000000
vn 0.000000 0.000000 1.000000
vn 0.000000 0.000000 1.000000
vn 0.000000 0.000000 1.000000
vn 0.000000 0.000000 1.000000
vn 0.000000 0.000000 1.000000
vn 0.000000 0.000000 1.000000
vn 0.000000 0.000000 1.000000
vn 0.000000 0.000000 1.000000
vn 0.000000 0.000000 1.000000
vn 0.000000 0.000000 1.000000
vn 0.000000 0.000000 1.000000
vn 0.000000 0.000000 1.000000
vn 0.000000 0.000000 1.000000
vn 0.000000 0.000000 1.000000
vn 0.000000 0.000000 1.000000
vn 0.000000 0.000000 1.000000
vn 0.000000 0.000000 1.000000
vn 0.000000 0.000000 1.000000
vn 0.000000 0.000000 1.000000
vn 0.000000 0.000000 1.000000
vn 0.000000 0.000000 1.000000
vn 0.000000 0.000000 1.000000
vn 0.000000 0.000000 1.000000
vn 0.000000 0.000000 1.000000
vn 0.000000 0.000000 1.000000
vn 0.000000 0.000000 1.000000
vn 0.000000 0.000000 1.000000
vn 0.000000 0.000000 1.000000
vn 0.000000 0.000000 1.000000
vn 0.000000 0.000000 1.000000
vn 0.000000 0.000000 1.000000
vn 0.000000 0.000000 1.000000
vn 0.000000 0.000000 1.000000
vn 0.000000 0.000000 1.000000
vn 0.000000 0.000000 1.000000
vn 0.000000 0.000000 1.000000
vn 0.000000 0.000000 1.000000
vn 0.000000 0.000000 1.000000
vn 0.000000 0.000000 1.000000
vn 0.000000 0.000000 1.000000
vn 0.000000 0.000000 1.000000
vn 0.000000 0.000000 1.000000
vn 0.000000 0.000000 1.000000
vn 0.000000 0.000000 1.000000
vn 0.000000 0.000000 1.000000
vn 0.000000 0.000000 1.000000
vn 0.000000 0.000000 1.000000
vn 0.000000 0.000000 1.000000
vn 0.000000 0.000000 1.000000
vn 0.000000 0.000000 1.000000
vn 0.000000 0.000000 1.000000
vn 0.000000 0.000000 1.000000
vn 0.000000 0.000000 1.000000
vn 0.000000 0.000000 1.000000
vn 0.000000 0.000000 1.000000
vn 0.000000 0.000000 1.000000
vn 0.000000 0.000000 1.000000
vn 0.000000 0.000000 1.000000
vn 0.000000 0.000000 1.000000
vn 0.000000 0.000000 1.000000
vn 0.000000 0.000000 1.000000
vn 0.000000 0.000000 1.000000
vn 0.000000 0.000000 1.000000
vn 0.000000 0.000000 1.000000
vn 0.000000 0.000000 1.000000
vn 0.000000 0.000000 1.000000
vn 0.000000 0.000000 1.000000
vn 0.000000 0.000000 1.000000
vn 0.000000 0.000000 1.000000
vn 0.000000 0.000000 1.000000
vn 0.000000 0.000000 1.000000
vn 0.000000 0.000000 1.000000
vn 0.000000 0.000000 1.000000
vn 0.000000 0.000000 1.000000
vn 0.000000 0.000000 1.000000
vn 0.000000 0.000000 1.000000
vn 0.000000 0.000000 1.000000
vn 0.000000 0.000000 1.000000
vn 0.000000 0.000000 1.000000
vn 0.000000 0.000000 1.000000
vn 0.000000 0.000000 1.000000
vn 0.000000 0.000000 1.000000
vn 0.000000 0.000000 1.000000
vn 0.000000 0.000000 1.000000
vn 0.000000 0.000000 1.000000
vn 0.000000 0.000000 1.000000
vn 0.000000 0.000000 1.000000
vn 0.000000 0.000000 1.000000
vn 0.000000 0.000000 1.000000
vn 0.000000 0.000000 1.000000
vn 0.000000 0.000000 1.000000
vn 0.000000 0.000000 1.000000
vn 0.000000 0.000000 1.000000
vn 0.000000 0.000000 1.000000
vn 0.000000 0.000000 1.000000
vn 0.000000 0.000000 1.000000
vn 0.000000 0.000000 1.000000
vn 0.000000 0.000000 1.000000
vn 0.000000 0.000000 1.000000
vn 0.000000 0.000000 1.000000
vn 0.000000 0.000000 1.000000
vn 0.000000 0.000000 1.000000
vn 0.000000 0.000000 1.000000
vn 0.000000 0.000000 1.000000
vn 0.000000 0.000000 1.000000
vn 0.000000 0.000000 1.000000
vn 0.000000 0.000000 1.000000
vn 0.000000 0.000000 1.000000
vn 0.000000 0.000000 1.000000
vn 0.000000 0.000000 1.000000
vn 0.000000 0.000000 1.000000
vn 0.000000 0.000000 1.000000
vn 0.000000 0.000000 1.000000
vn 0.000000 0.000000 1.000000
vn 0.000000 0.000000 1.000000
vn 0.000000 0.000000 1.000000
vn 0.000000 0.000000 1.000000
vn 0.000000 0.000000 1.000000
vn 0.000000 0.000000 1.000000
vn 0.000000 0.000000 1.000000
vn 0.000000 0.000000 1.000000
vn 0.000000 0.000000 1.000000
vn 0.000000 0.000000 1.000000
vn 0.000000 0.000000 1.000000
vn 0.000000 0.000000 1.000000
vn 0.000000 0.000000 1.000000
vn 0.000000 0.000000 1.000000
vn 0.000000 0.000000 1.000000
vn 0.000000 0.000000 1.000000
vn 0.000000 0.000000 1.000000
vn 0.000000 0.000000 1.000000
vn 0.000000 0.000000 1.000000
vn 0.000000 0.000000 1.000000
vn 0.000000 0.000000 1.000000
vn 0.000000 0.000000 1.000000
vn 0.000000 0.000000 1.000000
vn 0.000000 0.000000 1.000000
vn 0.000000 0.000000 1.000000
vn 0.000000 0.000000 1.000000
vn 0.000000 0.000000 1.000000
vn 0.000000 0.000000 1.000000
vn 0.000000 0.000000 1.000000
vn 0.000000 0.000000 1.000000
vn 0.000000 0.000000 1.000000
vn 0.000000 0.000000 1.000000
vn 0.000000 0.000000 1.000000
vn 0.000000 0.000000 1.000000
vn 0.000000 0.000000 1.000000
vn 0.000000 0.000000 1.000000
vn 0.000000 0.000000 1.000000
vn 0.000000 0.000000 1.000000
vn 0.000000 0.000000 1.000000
vn 0.000000 0.000000 1.000000
vn 0.000000 0.000000 1.000000
vn 0.000000 0.000000 1.000000
vn 0.000000 0.000000 1.000000
vn 0.000000 0.000000 1.000000
vn 0.000000 0.000000 1.000000
vn 0.000000 0.000000 1.000000
vn 0.000000 0.000000 1.000000
vn 0.000000 0.000000 1.000000
vn 0.000000 0.000000 1.000000
vn 0.000000 0.000000 1.000000
vn 0.000000 0.000000 1.000000
vn 0.000000 0.000000 1.000000
vn 0.000000 0.000000 1.000000
vn 0.000000 0.000000 1.000000
vn 0.000000 0.000000 1.000000
vn 0.000000 0.000000 1.000000
vn 0.000000 0.000000 1.000000
vn 0.000000 0.000000 1.000000
vn 0.000000 0.000000 1.000000
vn 0.000000 0.000000 1.000000
vn 0.000000 0.000000 1.000000
vn 0.000000 0.000000 1.000000
vn 0.000000 0.000000 1.000000
vn 0.000000 0.000000 1.000000
vn 0.000000 0.000000 1.000000
vn 0.000000 0.000000 1.000000
vn 0.000000 0.000000 1.000000
vn 0.000000 0.000000 1.000000
vn 0.000000 0.000000 1.000000
vn 0.000000 0.000000 1.000000
vn 0.000000 0.000000 1.000000
vn 0.000000 0.000000 1.000000
vn 0.000000 0.000000 1.000000
vn 0.000000 0.000000 1.000000
vn 0.000000 0.000000 1.000000
vn 0.000000 0.000000 1.000000
vn 0.000000 0.000000 1.000000
vn 0.000000 0.000000 1.000000
vn 0.000000 0.000000 1.000000
vn 0.000000 0.000000 1.000000
vn 0.000000 0.000000 1.000000
vn 0.000000 0.000000 1.000000
vn 0.000000 0.000000 1.000000
vn 0.000000 0.000000 1.000000
vn 0.000000 0.000000 1.000000
vn 0.000000 0.000000 1.000000
vn 0.000000 0.000000 1.000000
vn 0.000000 0.000000 1.000000
vn 0.000000 0.000000 1.000000
vn 0.000000 0.000000 1.000000
vn 0.000000 0.000000 1.000000
vn 0.000000 0.000000 1.000000
vn 0.000000 0.000000 1.000000
vn 0.000000 0.000000 1.000000
vn 0.000000 0.000000 1.000000
vn 0.000000 0.000000 1.000000
vn 0.000000 0.000000 1.000000
vn 0.000000 0.000000 1.000000
vn 0.000000 0.000000 1.000000
vn 0.000000 0.000000 1.000000
vn 0.000000 0.000000 1.000000
vn 0.000000 0.000000 1.000000
vn 0.000000 0.000000 1.000000
vn 0.000000 0.000000 1.000000
vn 0.000000 0.000000 1.000000
vn 0.000000 0.000000 1.000000
vn 0.000000 0.000000 1.000000
vn 0.000000 0.000000 1.000000
vn 0.000000 0.000000 1.000000
vn 0.000000 0.000000 1.000000
vn 0.000000 0.000000 1.000000
vn 0.000000 0.000000 1.000000
vn 0.000000 0.000000 1.000000
vn 0.000000 0.000000 1.000000
vn 0.000000 0.000000 1.000000
vn 0.000000 0.000000 1.000000
vn 0.000000 0.000000 1.000000
vn 0.000000 0.000000 1.000000
vn 0.000000 0.000000 1.000000
vn 0.000000 0.000000 1.000000
vn 0.000000 0.000000 1.000000
vn 0.000000 0.000000 1.000000
vn 0.000000 0.000000 1.000000
vn 0.000000 0.000000 1.000000
vn 0.000000 0.000000 1.000000
vn 0.000000 0.000000 1.000000
vn 0.000000 0.000000 1.000000
vn 0.000000 0.000000 1.000000
vn 0.000000 0.000000 1.000000
vn 0.000000 0.000000 1.000000
vn 0.000000 0.000000 1.000000
vn 0.000000 0.000000 1.000000
vn 0.000000 0.000000 1.000000
vn 0.000000 0.000000 1.000000
vn 0.000000 0.000000 1.000000
vn 0.000000 0.000000 1.000000
vn 0.000000 0.000000 1.000000
vn 0.000000 0.000000 1.000000
vn 0.000000 0.000000 1.000000
vn 0.000000 0.000000 1.000000
vn 0.000000 0.000000 1.000000
vn 0.000000 0.000000 1.000000
vn 0.000000 0.000000 1.000000
vn 0.000000 0.000000 1.000000
vn 0.000000 0.000000 1.000000
vn 0.000000 0.000000 1.000000
vn 0.000000 0.000000 1.000000
vn 0.000000 0.000000 1.000000
vn 0.000000 0.000000 1.000000
vn 0.000000 0.000000 1.000000
vn 0.000000 0.000000 1.000000
vn 0.000000 0.000000 1.000000
vn 0.000000 0.000000 1.000000
vn 0.000000 0.000000 1.000000
vn 0.000000 0.000000 1.000000
vn 0.000000 0.000000 1.000000
vn 0.000000 0.000000 1.000000
vn 0.000000 0.000000 1.000000
vn 0.000000 0.000000 1.000000
vn -0.128948 0.991651 0.000000
vn -0.128948 0.991651 0.000000
vn -0.156008 0.987756 0.000000
vn -0.156008 0.987756 0.000000
vn -0.182949 0.983122 0.000000
vn -0.182949 0.983122 0.000000
vn -0.209754 0.977754 0.000000
vn -0.209754 0.977754 0.000000
vn -0.236400 0.971656 0.000000
vn -0.236400 0.971656 0.000000
vn -0.262870 0.964831 0.000000
vn -0.262870 0.964831 0.000000
vn -0.289143 0.957286 0.000000
vn -0.289143 0.957286 0.000000
vn -0.315203 0.949024 0.000000
vn -0.315203 0.949024 0.000000
vn -0.341024 0.940055 0.000000
vn -0.341024 0.940055 0.000000
vn -0.366592 0.930382 0.000000
vn -0.366592 0.930382 0.000000
vn -0.391887 0.920013 0.000000
vn -0.391887 0.920013 0.000000
vn -0.416886 0.908959 0.000000
vn -0.416886 0.908959 0.000000
vn -0.441575 0.897224 0.000000
vn -0.441575 0.897224 0.000000
vn -0.465935 0.884819 0.000000
vn -0.465935 0.884819 0.000000
vn -0.489947 0.871752 0.000000
vn -0.513590 0.858036 0.000000
vn -0.489947 0.871752 0.000000
vn -0.536853 0.843676 0.000000
vn -0.513590 0.858036 0.000000
vn -0.559714 0.828686 0.000000
vn -0.536853 0.843676 0.000000
vn -0.582155 0.813078 0.000000
vn -0.559714 0.828686 0.000000
vn -0.604162 0.796862 0.000000
vn -0.582155 0.813078 0.000000
vn -0.625715 0.780052 0.000000
vn -0.604162 0.796862 0.000000
vn -0.646805 0.762655 0.000000
vn -0.625715 0.780052 0.000000
vn -0.667410 0.744691 0.000000
vn -0.646805 0.762655 0.000000
vn -0.687515 0.726170 0.000000
vn -0.667410 0.744691 0.000000
vn -0.707107 0.707107 0.000000
vn -0.687515 0.726170 0.000000
vn -0.707107 0.707107 0.000000
vn -0.726170 0.687515 0.000000
vn -0.726170 0.687515 0.000000
vn -0.744691 0.667410 0.000000
vn -0.744691 0.667410 0.000000
vn -0.762655 0.646805 0.000000
vn -0.762655 0.646805 0.000000
vn -0.780052 0.625715 0.000000
vn -0.780052 0.625715 0.000000
vn -0.796862 0.604162 0.000000
vn -0.796862 0.604162 0.000000
vn -0.813078 0.582155 0.000000
vn -0.813078 0.582155 0.000000
vn -0.828686 0.559714 0.000000
vn -0.828686 0.559714 0.000000
vn -0.843676 0.536853 0.000000
vn -0.843676 0.536853 0.000000
vn -0.858036 0.513590 0.000000
vn -0.858036 0.513590 0.000000
vn -0.871752 0.489947 0.000000
vn -0.871752 0.489947 0.000000
vn -0.884819 0.465935 0.000000
vn -0.884819 0.465935 0.000000
vn -0.897224 0.441575 0.000000
vn -0.897224 0.441575 0.000000
vn -0.908959 0.416886 0.000000
vn -0.908959 0.416886 0.000000
vn -0.920013 0.391887 0.000000
vn -0.920013 0.391887 0.000000
vn -0.930382 0.366592 0.000000
vn -0.930382 0.366592 0.000000
vn -0.940055 0.341024 0.000000
vn -0.940055 0.341024 0.000000
vn -0.949024 0.315203 0.000000
vn -0.949024 0.315203 0.000000
vn -0.957286 0.289143 0.000000
vn -0.957286 0.289143 0.000000
vn -0.964831 0.262870 0.000000
vn -0.964831 0.262870 0.000000
vn -0.971656 0.236400 0.000000
vn -0.971656 0.236400 0.000000
vn -0.977754 0.209754 0.000000
vn -0.977754 0.209754 0.000000
vn -0.983122 0.182949 0.000000
vn -0.983122 0.182949 0.000000
vn -0.987756 0.156008 0.000000
vn -0.987756 0.156008 0.000000
vn -0.991651 0.128948 0.000000
vn -0.991651 0.128948 0.000000
vn 0.991651 0.128948 0.000000
vn 0.991651 0.128948 -0.000000
vn 0.987756 0.156008 0.000000
vn 0.987756 0.156008 -0.000000
vn 0.983122 0.182949 0.000000
vn 0.983122 0.182949 -0.000000
vn 0.977754 0.209754 0.000000
vn 0.977754 0.209754 -0.000000
vn 0.971656 0.236400 0.000000
vn 0.971656 0.236400 -0.000000
vn 0.964831 0.262870 0.000000
vn 0.964831 0.262870 -0.000000
vn 0.957286 0.289143 0.000000
vn 0.957286 0.289143 -0.000000
vn 0.949024 0.315203 0.000000
vn 0.949024 0.315203 -0.000000
vn 0.940055 0.341024 0.000000
vn 0.940055 0.341024 -0.000000
vn 0.930382 0.366592 0.000000
vn 0.930382 0.366592 -0.000000
vn 0.920013 0.391887 0.000000
vn 0.920013 0.391887 -0.000000
vn 0.908959 0.416886 0.000000
vn 0.908959 0.416886 -0.000000
vn 0.897224 0.441575 0.000000
vn 0.897224 0.441575 -0.000000
vn 0.884819 0.465935 0.000000
vn 0.884819 0.465935 -0.000000
vn 0.871752 0.489947 -0.000000
vn 0.871752 0.489947 0.000000
vn 0.858036 0.513590 -0.000000
vn 0.858036 0.513590 0.000000
vn 0.843676 0.536853 -0.000000
vn 0.843676 0.536853 0.000000
vn 0.828686 0.559714 -0.000000
vn 0.828686 0.559714 0.000000
vn 0.813078 0.582155 -0.000000
vn 0.813078 0.582155 0.000000
vn 0.796862 0.604162 -0.000000
vn 0.796862 0.604162 0.000000
vn 0.780052 0.625715 -0.000000
vn 0.780052 0.625715 0.000000
vn 0.762655 0.646805 -0.000000
vn 0.762655 0.646805 0.000000
vn 0.744691 0.667410 -0.000000
vn 0.744691 0.667410 0.000000
vn 0.726170 0.687515 -0.000000
vn 0.726170 0.687515 0.000000
vn 0.707107 0.707107 0.000000
vn 0.707107 0.707107 -0.000000
vn 0.687515 0.726170 0.000000
vn 0.687515 0.726170 -0.000000
vn 0.667410 0.744691 0.000000
vn 0.667410 0.744691 -0.000000
vn 0.646805 0.762655 0.000000
vn 0.646805 0.762655 -0.000000
vn 0.625715 0.780052 0.000000
vn 0.625715 0.780052 -0.000000
vn 0.604162 0.796862 0.000000
vn 0.604162 0.796862 -0.000000
vn 0.582155 0.813078 0.000000
vn 0.582155 0.813078 -0.000000
vn 0.559714 0.828686 0.000000
vn 0.559714 0.828686 -0.000000
vn 0.536853 0.843676 0.000000
vn 0.536853 0.843676 -0.000000
vn 0.513590 0.858036 0.000000
vn 0.513590 0.858036 -0.000000
vn 0.489947 0.871752 0.000000
vn 0.489947 0.871752 -0.000000
vn 0.465935 0.884819 0.000000
vn 0.465935 0.884819 -0.000000
vn 0.441575 0.897224 0.000000
vn 0.441575 0.897224 -0.000000
vn 0.416886 0.908959 0.000000
vn 0.416886 0.908959 -0.000000
vn 0.391887 0.920013 0.000000
vn 0.391887 0.920013 -0.000000
vn 0.366592 0.930382 0.000000
vn 0.366592 0.930382 -0.000000
vn 0.341024 0.940055 0.000000
vn 0.341024 0.940055 -0.000000
vn 0.315203 0.949024 0.000000
vn 0.315203 0.949024 -0.000000
vn 0.289143 0.957286 0.000000
vn 0.289143 0.957286 -0.000000
vn 0.262870 0.964831 0.000000
vn 0.262870 0.964831 -0.000000
vn 0.236400 0.971656 0.000000
vn 0.236400 0.971656 -0.000000
vn 0.209754 0.977754 0.000000
vn 0.209754 0.977754 -0.000000
vn 0.182949 0.983122 0.000000
vn 0.182949 0.983122 -0.000000
vn 0.156008 0.987756 0.000000
vn 0.156008 0.987756 -0.000000
vn 0.128948 0.991651 -0.000000
vn 0.128948 0.991651 0.000000
vn 0.128948 -0.991651 0.000000
vn 0.128948 -0.991651 0.000000
vn 0.156008 -0.987756 0.000000
vn 0.156008 -0.987756 0.000000
vn 0.182949 -0.983122 0.000000
vn 0.182949 -0.983122 0.000000
vn 0.209754 -0.977754 0.000000
vn 0.209754 -0.977754 0.000000
vn 0.236400 -0.971656 0.000000
vn 0.236400 -0.971656 0.000000
vn 0.262870 -0.964831 0.000000
vn 0.262870 -0.964831 0.000000
vn 0.289143 -0.957286 0.000000
vn 0.289143 -0.957286 0.000000
vn 0.315203 -0.949024 0.000000
vn 0.315203 -0.949024 0.000000
vn 0.341024 -0.940055 0.000000
vn 0.341024 -0.940055 0.000000
vn 0.366592 -0.930382 0.000000
vn 0.366592 -0.930382 0.000000
vn 0.391887 -0.920013 0.000000
vn 0.391887 -0.920013 0.000000
vn 0.416886 -0.908959 0.000000
vn 0.416886 -0.908959 0.000000
vn 0.441575 -0.897224 0.000000
vn 0.441575 -0.897224 0.000000
vn 0.465935 -0.884819 0.000000
vn 0.465935 -0.884819 0.000000
vn 0.489947 -0.871752 0.000000
vn 0.513590 -0.858036 0.000000
vn 0.489947 -0.871752 0.000000
vn 0.536853 -0.843676 0.000000
vn 0.513590 -0.858036 0.000000
vn 0.559714 -0.828686 0.000000
vn 0.536853 -0.843676 0.000000
vn 0.582155 -0.813078 0.000000
vn 0.559714 -0.828686 0.000000
vn 0.604162 -0.796862 0.000000
vn 0.582155 -0.813078 0.000000
vn 0.625715 -0.780052 0.000000
vn 0.604162 -0.796862 0.000000
vn 0.646805 -0.762655 0.000000
vn 0.625715 -0.780052 0.000000
vn 0.667410 -0.744691 0.000000
vn 0.646805 -0.762655 0.000000
vn 0.687515 -0.726170 0.000000
vn 0.667410 -0.744691 0.000000
vn 0.707107 -0.707107 0.000000
vn 0.687515 -0.726170 0.000000
vn 0.707107 -0.707107 0.000000
vn 0.726170 -0.687515 0.000000
vn 0.726170 -0.687515 0.000000
vn 0.744691 -0.667410 0.000000
vn 0.744691 -0.667410 0.000000
vn 0.762655 -0.646805 0.000000
vn 0.762655 -0.646805 0.000000
vn 0.780052 -0.625715 0.000000
vn 0.780052 -0.625715 0.000000
vn 0.796862 -0.604162 0.000000
vn 0.796862 -0.604162 0.000000
vn 0.813078 -0.582155 0.000000
vn 0.813078 -0.582155 0.000000
vn 0.828686 -0.559714 0.000000
vn 0.828686 -0.559714 0.000000
vn 0.843676 -0.536853 0.000000
vn 0.843676 -0.536853 0.000000
vn 0.858036 -0.513590 0.000000
vn 0.858036 -0.513590 0.000000
vn 0.871752 -0.489947 0.000000
vn 0.871752 -0.489947 0.000000
vn 0.884819 -0.465935 0.000000
vn 0.884819 -0.465935 0.000000
vn 0.897224 -0.441575 0.000000
vn 0.897224 -0.441575 0.000000
vn 0.908959 -0.416886 0.000000
vn 0.908959 -0.416886 0.000000
vn 0.920013 -0.391887 0.000000
vn 0.920013 -0.391887 0.000000
vn 0.930382 -0.366592 0.000000
vn 0.930382 -0.366592 0.000000
vn 0.940055 -0.341024 0.000000
vn 0.940055 -0.341024 0.000000
vn 0.949024 -0.315203 0.000000
vn 0.949024 -0.315203 0.000000
vn 0.957286 -0.289143 0.000000
vn 0.957286 -0.289143 0.000000
vn 0.964831 -0.262870 0.000000
vn 0.964831 -0.262870 0.000000
vn 0.971656 -0.236400 0.000000
vn 0.971656 -0.236400 0.000000
vn 0.977754 -0.209754 0.000000
vn 0.977754 -0.209754 0.000000
vn 0.983122 -0.182949 0.000000
vn 0.983122 -0.182949 0.000000
vn 0.987756 -0.156008 0.000000
vn 0.987756 -0.156008 0.000000
vn 0.991651 -0.128948 0.000000
vn 0.991651 -0.128948 0.000000
vn -0.991651 -0.128948 0.000000
vn -0.991651 -0.128948 0.000000
vn -0.987756 -0.156008 0.000000
vn -0.987756 -0.156008 0.000000
vn -0.983122 -0.182949 0.000000
vn -0.983122 -0.182949 0.000000
vn -0.977754 -0.209754 0.000000
vn -0.977754 -0.209754 0.000000
vn -0.971656 -0.236400 0.000000
vn -0.971656 -0.236400 0.000000
vn -0.964831 -0.262870 0.000000
vn -0.964831 -0.262870 0.000000
vn -0.957286 -0.289143 0.000000
vn -0.957286 -0.289143 0.000000
vn -0.949024 -0.315203 0.000000
vn -0.949024 -0.315203 0.000000
vn -0.940055 -0.341024 0.000000
vn -0.940055 -0.341024 0.000000
vn -0.930382 -0.366592 0.000000
vn -0.930382 -0.366592 0.000000
vn -0.920013 -0.391887 0.000000
vn -0.920013 -0.391887 0.000000
vn -0.908959 -0.416886 0.000000
vn -0.908959 -0.416886 0.000000
vn -0.897224 -0.441575 0.000000
vn -0.897224 -0.441575 0.000000
vn -0.884819 -0.465935 0.000000
vn -0.884819 -0.465935 0.000000
vn -0.871752 -0.489947 0.000000
vn -0.871752 -0.489947 0.000000
vn -0.858036 -0.513590 0.000000
vn -0.858036 -0.513590 0.000000
vn -0.843676 -0.536853 0.000000
vn -0.843676 -0.536853 0.000000
vn -0.828686 -0.559714 0.000000
vn -0.828686 -0.559714 0.000000
vn -0.813078 -0.582155 0.000000
vn -0.813078 -0.582155 0.000000
vn -0.796862 -0.604162 0.000000
vn -0.796862 -0.604162 0.000000
vn -0.780052 -0.625715 0.000000
vn -0.780052 -0.625715 0.000000
vn -0.762655 -0.646805 0.000000
vn -0.762655 -0.646805 0.000000
vn -0.744691 -0.667410 0.000000
vn -0.744691 -0.667410 0.000000
vn -0.726170 -0.687515 0.000000
vn -0.726170 -0.687515 0.000000
vn -0.707107 -0.707107 0.000000
vn -0.707107 -0.707107 0.000000
vn -0.687515 -0.726170 0.000000
vn -0.687515 -0.726170 0.000000
vn -0.667410 -0.744691 0.000000
vn -0.667410 -0.744691 0.000000
vn -0.646805 -0.762655 0.000000
vn -0.646805 -0.762655 0.000000
vn -0.625715 -0.780052 0.000000
vn -0.625715 -0.780052 0.000000
vn -0.604162 -0.796862 0.000000
vn -0.604162 -0.796862 0.000000
vn -0.582155 -0.813078 0.000000
vn -0.582155 -0.813078 0.000000
vn -0.559714 -0.828686 0.000000
vn -0.559714 -0.828686 0.000000
vn -0.536853 -0.843676 0.000000
vn -0.536853 -0.843676 0.000000
vn -0.513590 -0.858036 0.000000
vn -0.513590 -0.858036 0.000000
vn -0.489947 -0.871752 0.000000
vn -0.489947 -0.871752 0.000000
vn -0.465935 -0.884819 0.000000
vn -0.465935 -0.884819 0.000000
vn -0.441575 -0.897224 0.000000
vn -0.441575 -0.897224 0.000000
vn -0.416886 -0.908959 0.000000
vn -0.416886 -0.908959 0.000000
vn -0.391887 -0.920013 0.000000
vn -0.391887 -0.920013 0.000000
vn -0.366592 -0.930382 0.000000
vn -0.366592 -0.930382 0.000000
vn -0.341024 -0.940055 0.000000
vn -0.341024 -0.940055 0.000000
vn -0.315203 -0.949024 0.000000
vn -0.315203 -0.949024 0.000000
vn -0.289143 -0.957286 0.000000
vn -0.289143 -0.957286 0.000000
vn -0.262870 -0.964831 0.000000
vn -0.262870 -0.964831 0.000000
vn -0.236400 -0.971656 0.000000
vn -0.236400 -0.971656 0.000000
vn -0.209754 -0.977754 0.000000
vn -0.209754 -0.977754 0.000000
vn -0.182949 -0.983122 0.000000
vn -0.182949 -0.983122 0.000000
vn -0.156008 -0.987756 0.000000
vn -0.156008 -0.987756 0.000000
vn -0.128948 -0.991651 0.000000
vn -0.128948 -0.991651 0.000000
vn -0.999912 -0.013290 0.000000
vn -0.999906 -0.013717 -0.000007
vn -0.999153 -0.041145 -0.000014
vn -0.999205 -0.039866 0.000007
vn -0.997648 -0.068541 -0.000021
vn -0.997793 -0.066408 0.000014
vn -0.995393 -0.095883 -0.000027
vn -0.995675 -0.092910 0.000020
vn -0.992387 -0.123155 -0.000033
vn -0.992854 -0.119339 0.000026
vn -0.988635 -0.150333 -0.000038
vn -0.989330 -0.145688 0.000031
vn -0.984139 -0.177401 -0.000042
vn -0.985108 -0.171935 0.000036
vn -0.978902 -0.204331 -0.000046
vn -0.980190 -0.198059 0.000041
vn -0.972927 -0.231111 -0.000050
vn -0.974580 -0.224041 0.000045
vn -0.968280 -0.249867 0.000048
vn -0.966221 -0.257713 -0.000053
vn -0.961297 -0.275515 0.000051
vn -0.958787 -0.284127 -0.000056
vn -0.953633 -0.300970 0.000053
vn -0.950632 -0.310320 -0.000058
vn -0.945297 -0.326211 0.000055
vn -0.941760 -0.336285 -0.000060
vn -0.936292 -0.351224 0.000057
vn -0.932181 -0.361993 -0.000061
vn -0.926611 -0.376021 0.000058
vn -0.921898 -0.387433 -0.000062
vn -0.916258 -0.400588 0.000058
vn -0.910923 -0.412576 -0.000062
vn -0.905254 -0.424870 0.000059
vn -0.899261 -0.437412 -0.000062
vn -0.893606 -0.448851 0.000058
vn -0.886923 -0.461918 -0.000061
vn -0.881325 -0.472510 0.000058
vn -0.873917 -0.486075 -0.000061
vn -0.860253 -0.509867 -0.000059
vn -0.868415 -0.495838 0.000057
vn -0.854890 -0.518809 0.000055
vn -0.845941 -0.533277 -0.000058
vn -0.830993 -0.556283 -0.000056
vn -0.840756 -0.541414 0.000053
vn -0.815419 -0.578871 -0.000053
vn -0.826024 -0.563636 0.000051
vn -0.799231 -0.601024 -0.000050
vn -0.810707 -0.585452 0.000048
vn -0.782442 -0.622724 -0.000047
vn -0.794812 -0.606856 0.000045
vn -0.765065 -0.643953 -0.000043
vn -0.778353 -0.627827 0.000042
vn -0.747108 -0.664703 -0.000039
vn -0.761340 -0.648352 0.000038
vn -0.728594 -0.684945 -0.000035
vn -0.743788 -0.668416 0.000033
vn -0.709527 -0.704679 -0.000030
vn -0.725705 -0.688006 0.000029
vn -0.689928 -0.723878 -0.000025
vn -0.707107 -0.707107 0.000024
vn -0.669811 -0.742532 -0.000019
vn -0.688006 -0.725705 0.000018
vn -0.649188 -0.760628 -0.000013
vn -0.668416 -0.743788 0.000012
vn -0.628075 -0.778153 -0.000006
vn -0.648352 -0.761340 0.000006
vn -0.627827 -0.778353 -0.000001
vn -0.606856 -0.794812 0.000001
vn -0.606492 -0.795090 -0.000007
vn -0.585452 -0.810707 0.000007
vn -0.584450 -0.811430 -0.000014
vn -0.563636 -0.826024 0.000013
vn -0.561970 -0.827157 -0.000020
vn -0.541414 -0.840756 0.000019
vn -0.539065 -0.842264 -0.000025
vn -0.518809 -0.854890 0.000025
vn -0.515758 -0.856735 -0.000031
vn -0.492058 -0.870562 -0.000035
vn -0.495838 -0.868415 0.000030
vn -0.467990 -0.883734 -0.000040
vn -0.472510 -0.881325 0.000034
vn -0.443571 -0.896239 -0.000044
vn -0.448851 -0.893606 0.000038
vn -0.418814 -0.908072 -0.000048
vn -0.424870 -0.905254 0.000042
vn -0.393747 -0.919219 -0.000051
vn -0.400588 -0.916258 0.000046
vn -0.368379 -0.929676 -0.000054
vn -0.376021 -0.926611 0.000049
vn -0.342736 -0.939432 -0.000056
vn -0.351224 -0.936292 0.000051
vn -0.316835 -0.948481 -0.000058
vn -0.326211 -0.945297 0.000053
vn -0.290694 -0.956816 -0.000060
vn -0.300970 -0.953633 0.000055
vn -0.264336 -0.964431 -0.000061
vn -0.275515 -0.961297 0.000057
vn -0.237779 -0.971319 -0.000062
vn -0.249867 -0.968280 0.000058
vn -0.211043 -0.977477 -0.000062
vn -0.224041 -0.974580 0.000058
vn -0.184145 -0.982899 -0.000062
vn -0.198059 -0.980190 0.000058
vn -0.157111 -0.987581 -0.000061
vn -0.171935 -0.985108 0.000058
vn -0.129960 -0.991519 -0.000060
vn -0.145688 -0.989330 0.000057
vn -0.102711 -0.994711 -0.000058
vn -0.119339 -0.992854 0.000055
vn -0.075380 -0.997155 -0.000056
vn -0.092910 -0.995675 0.000053
vn -0.047997 -0.998847 -0.000053
vn -0.066408 -0.997793 0.000051
vn -0.020579 -0.999788 -0.000050
vn -0.039866 -0.999205 0.000048
vn 0.006860 -0.999977 -0.000047
vn -0.013290 -0.999912 0.000045
vn 0.034290 -0.999412 -0.000042
vn 0.013290 -0.999912 0.000041
vn 0.039866 -0.999205 0.000036
vn 0.061695 -0.998095 -0.000038
vn 0.089055 -0.996027 -0.000033
vn 0.066408 -0.997793 0.000032
vn 0.116346 -0.993209 -0.000027
vn 0.092910 -0.995675 0.000026
vn 0.143548 -0.989643 -0.000021
vn 0.119339 -0.992854 0.000020
vn 0.170646 -0.985332 -0.000015
vn 0.145688 -0.989330 0.000014
vn 0.171935 -0.985108 0.000007
vn 0.197611 -0.980280 -0.000008
vn 0.198059 -0.980190 0.000000
vn 0.224041 -0.974580 -0.000000
vn 0.224434 -0.974489 -0.000007
vn 0.249867 -0.968280 0.000007
vn 0.251080 -0.967966 -0.000014
vn 0.275515 -0.961297 0.000014
vn 0.277541 -0.960714 -0.000021
vn 0.300970 -0.953633 0.000020
vn 0.303793 -0.952738 -0.000027
vn 0.326211 -0.945297 0.000026
vn 0.329817 -0.944045 -0.000032
vn 0.351224 -0.936292 0.000031
vn 0.355592 -0.934641 -0.000038
vn 0.376021 -0.926611 0.000036
vn 0.381100 -0.924534 -0.000042
vn 0.400588 -0.916258 0.000040
vn 0.406319 -0.913731 -0.000046
vn 0.424870 -0.905254 0.000044
vn 0.431233 -0.902241 -0.000049
vn 0.448851 -0.893606 0.000047
vn 0.455824 -0.890070 -0.000052
vn 0.472510 -0.881325 0.000050
vn 0.480069 -0.877231 -0.000055
vn 0.495838 -0.868415 0.000052
vn 0.503955 -0.863730 -0.000057
vn 0.518809 -0.854890 0.000054
vn 0.527460 -0.849580 -0.000059
vn 0.550572 -0.834788 -0.000060
vn 0.541414 -0.840756 0.000056
vn 0.573263 -0.819371 -0.000061
vn 0.563636 -0.826024 0.000057
vn 0.595527 -0.803335 -0.000062
vn 0.585452 -0.810707 0.000058
vn 0.617342 -0.786695 -0.000062
vn 0.606856 -0.794812 0.000059
vn 0.638692 -0.769463 -0.000062
vn 0.627827 -0.778353 0.000059
vn 0.659561 -0.751651 -0.000061
vn 0.648352 -0.761340 0.000058
vn 0.668416 -0.743788 0.000057
vn 0.679934 -0.733273 -0.000060
vn 0.688006 -0.725705 0.000056
vn 0.699794 -0.714345 -0.000059
vn 0.707107 -0.707107 0.000055
vn 0.719128 -0.694878 -0.000057
vn 0.725705 -0.688006 0.000053
vn 0.737920 -0.674888 -0.000055
vn 0.743788 -0.668416 0.000050
vn 0.756158 -0.654390 -0.000053
vn 0.761340 -0.648352 0.000048
vn 0.773826 -0.633399 -0.000050
vn 0.778353 -0.627827 0.000045
vn 0.790912 -0.611930 -0.000046
vn 0.794812 -0.606856 0.000041
vn 0.807401 -0.590003 -0.000043
vn 0.810707 -0.585452 0.000037
vn 0.823283 -0.567631 -0.000038
vn 0.826024 -0.563636 0.000033
vn 0.838546 -0.544831 -0.000034
vn 0.840756 -0.541414 0.000028
vn 0.853177 -0.521622 -0.000029
vn 0.854890 -0.518809 0.000023
vn 0.867167 -0.498017 -0.000023
vn 0.868415 -0.495838 0.000017
vn 0.880503 -0.474041 -0.000018
vn 0.881325 -0.472510 0.000011
vn 0.893176 -0.449707 -0.000012
vn 0.893606 -0.448851 0.000005
vn 0.905178 -0.425034 -0.000005
vn 0.905254 -0.424870 -0.000002
vn 0.916258 -0.400588 0.000002
vn 0.916496 -0.400044 -0.000009
vn 0.927127 -0.374746 -0.000015
vn 0.926611 -0.376021 0.000008
vn 0.937058 -0.349174 -0.000021
vn 0.936292 -0.351224 0.000014
vn 0.946286 -0.323331 -0.000027
vn 0.945297 -0.326211 0.000021
vn 0.954799 -0.297251 -0.000033
vn 0.953633 -0.300970 0.000026
vn 0.962595 -0.270945 -0.000038
vn 0.961297 -0.275515 0.000032
vn 0.969665 -0.244436 -0.000043
vn 0.968280 -0.249867 0.000037
vn 0.976006 -0.217742 -0.000047
vn 0.974580 -0.224041 0.000041
vn 0.980190 -0.198059 0.000045
vn 0.981613 -0.190883 -0.000050
vn 0.985108 -0.171935 0.000048
vn 0.986480 -0.163882 -0.000053
vn 0.989330 -0.145688 0.000051
vn 0.990604 -0.136759 -0.000056
vn 0.992854 -0.119339 0.000053
vn 0.993984 -0.109528 -0.000058
vn 0.995675 -0.092910 0.000055
vn 0.996614 -0.082221 -0.000060
vn 0.997793 -0.066408 0.000057
vn 0.998495 -0.054846 -0.000061
vn 0.999205 -0.039866 0.000058
vn 0.999624 -0.027436 -0.000062
vn 0.999912 -0.013290 0.000058
vn 1.000000 0.000000 -0.000062
vn 0.999912 0.013290 0.000058
vn 0.999624 0.027436 -0.000062
vn 0.999205 0.039866 0.000058
vn 0.998495 0.054846 -0.000061
vn 0.997793 0.066408 0.000057
vn 0.996614 0.082221 -0.000060
vn 0.993984 0.109528 -0.000058
vn 0.995675 0.092910 0.000055
vn 0.992854 0.119339 0.000053
vn 0.990604 0.136759 -0.000056
vn 0.986480 0.163882 -0.000053
vn 0.989330 0.145688 0.000051
vn 0.981613 0.190883 -0.000050
vn 0.985108 0.171935 0.000048
vn 0.976006 0.217742 -0.000047
vn 0.980190 0.198059 0.000045
vn 0.969665 0.244436 -0.000043
vn 0.974580 0.224041 0.000041
vn 0.962595 0.270945 -0.000038
vn 0.968280 0.249867 0.000037
vn 0.954799 0.297251 -0.000033
vn 0.961297 0.275515 0.000032
vn 0.946286 0.323331 -0.000027
vn 0.953633 0.300970 0.000026
vn 0.937058 0.349174 -0.000021
vn 0.945297 0.326211 0.000021
vn 0.927127 0.374746 -0.000015
vn 0.936292 0.351224 0.000014
vn 0.916496 0.400044 -0.000009
vn 0.926611 0.376021 0.000008
vn 0.916258 0.400588 0.000002
vn 0.905178 0.425034 -0.000005
vn 0.905254 0.424870 -0.000002
vn 0.893176 0.449707 -0.000012
vn 0.893606 0.448851 0.000005
vn 0.881325 0.472510 0.000011
vn 0.880503 0.474041 -0.000018
vn 0.868415 0.495838 0.000017
vn 0.867167 0.498017 -0.000023
vn 0.854890 0.518809 0.000023
vn 0.853177 0.521622 -0.000029
vn 0.840756 0.541414 0.000028
vn 0.838546 0.544831 -0.000034
vn 0.826024 0.563636 0.000033
vn 0.823283 0.567631 -0.000038
vn 0.810707 0.585452 0.000037
vn 0.807401 0.590003 -0.000043
vn 0.790912 0.611930 -0.000046
vn 0.794812 0.606856 0.000041
vn 0.773826 0.633399 -0.000050
vn 0.778353 0.627827 0.000045
vn 0.756158 0.654390 -0.000053
vn 0.761340 0.648352 0.000048
vn 0.737920 0.674888 -0.000055
vn 0.743788 0.668416 0.000050
vn 0.719128 0.694878 -0.000057
vn 0.725705 0.688006 0.000053
vn 0.699794 0.714345 -0.000059
vn 0.707107 0.707107 0.000055
vn 0.679934 0.733273 -0.000060
vn 0.688006 0.725705 0.000056
vn 0.659561 0.751651 -0.000061
vn 0.668416 0.743788 0.000057
vn 0.638692 0.769463 -0.000062
vn 0.648352 0.761340 0.000058
vn 0.617342 0.786695 -0.000062
vn 0.627827 0.778353 0.000059
vn 0.595527 0.803335 -0.000062
vn 0.606856 0.794812 0.000059
vn 0.573263 0.819371 -0.000061
vn 0.585452 0.810707 0.000058
vn 0.550572 0.834788 -0.000060
vn 0.563636 0.826024 0.000057
vn 0.527460 0.849580 -0.000059
vn 0.541414 0.840756 0.000056
vn 0.503955 0.863730 -0.000057
vn 0.518809 0.854890 0.000054
vn 0.480069 0.877231 -0.000055
vn 0.495838 0.868415 0.000052
vn 0.455824 0.890070 -0.000052
vn 0.472510 0.881325 0.000050
vn 0.431233 0.902241 -0.000049
vn 0.448851 0.893606 0.000047
vn 0.406319 0.913731 -0.000046
vn 0.424870 0.905254 0.000044
vn 0.400588 0.916258 0.000040
vn 0.381100 0.924534 -0.000042
vn 0.355592 0.934641 -0.000038
vn 0.376021 0.926611 0.000036
vn 0.329817 0.944045 -0.000032
vn 0.351224 0.936292 0.000031
vn 0.303793 0.952738 -0.000027
vn 0.326211 0.945297 0.000026
vn 0.277541 0.960714 -0.000021
vn 0.300970 0.953633 0.000020
vn 0.251080 0.967966 -0.000014
vn 0.275515 0.961297 0.000014
vn 0.224434 0.974489 -0.000007
vn 0.249867 0.968280 0.000007
vn 0.224041 0.974580 -0.000000
vn 0.197611 0.980280 -0.000008
vn 0.198059 0.980190 0.000000
vn 0.171935 0.985108 0.000007
vn 0.170646 0.985332 -0.000015
vn 0.145688 0.989330 0.000014
vn 0.143548 0.989643 -0.000021
vn 0.119339 0.992854 0.000020
vn 0.116346 0.993209 -0.000027
vn 0.092910 0.995675 0.000026
vn 0.089055 0.996027 -0.000033
vn 0.066408 0.997793 0.000032
vn 0.061695 0.998095 -0.000038
vn 0.039866 0.999205 0.000036
vn 0.034290 0.999412 -0.000042
vn 0.013290 0.999912 0.000041
vn 0.006860 0.999977 -0.000047
vn -0.013290 0.999912 0.000045
vn -0.020579 0.999788 -0.000050
vn -0.039866 0.999205 0.000048
vn -0.047997 0.998847 -0.000053
vn -0.066408 0.997793 0.000051
vn -0.075380 0.997155 -0.000056
vn -0.092910 0.995675 0.000053
vn -0.102711 0.994711 -0.000058
vn -0.119339 0.992854 0.000055
vn -0.129960 0.991519 -0.000060
vn -0.145688 0.989330 0.000057
vn -0.157111 0.987581 -0.000061
vn -0.184145 0.982899 -0.000062
vn -0.171935 0.985108 0.000058
vn -0.211043 0.977477 -0.000062
vn -0.198059 0.980190 0.000058
vn -0.224041 0.974580 0.000058
vn -0.237779 0.971319 -0.000062
vn -0.264336 0.964431 -0.000061
vn -0.249867 0.968280 0.000058
vn -0.290694 0.956816 -0.000060
vn -0.275515 0.961297 0.000057
vn -0.300970 0.953633 0.000055
vn -0.316835 0.948481 -0.000058
vn -0.326211 0.945297 0.000053
vn -0.342736 0.939432 -0.000056
vn -0.351224 0.936292 0.000051
vn -0.368379 0.929676 -0.000054
vn -0.376021 0.926611 0.000049
vn -0.393747 0.919219 -0.000051
vn -0.400588 0.916258 0.000046
vn -0.418814 0.908072 -0.000048
vn -0.424870 0.905254 0.000042
vn -0.443571 0.896239 -0.000044
vn -0.448851 0.893606 0.000038
vn -0.467990 0.883734 -0.000040
vn -0.472510 0.881325 0.000034
vn -0.492058 0.870562 -0.000035
vn -0.495838 0.868415 0.000030
vn -0.515758 0.856735 -0.000031
vn -0.518809 0.854890 0.000025
vn -0.539065 0.842264 -0.000025
vn -0.541414 0.840756 0.000019
vn -0.561970 0.827157 -0.000020
vn -0.563636 0.826024 0.000013
vn -0.584450 0.811430 -0.000014
vn -0.585452 0.810707 0.000007
vn -0.606492 0.795090 -0.000007
vn -0.606856 0.794812 0.000001
vn -0.627827 0.778353 -0.000001
vn -0.628075 0.778153 -0.000006
vn -0.648352 0.761340 0.000006
vn -0.649188 0.760628 -0.000013
vn -0.669811 0.742532 -0.000019
vn -0.668416 0.743788 0.000012
vn -0.689928 0.723878 -0.000025
vn -0.688006 0.725705 0.000018
vn -0.709527 0.704679 -0.000030
vn -0.707107 0.707107 0.000024
vn -0.728594 0.684945 -0.000035
vn -0.725705 0.688006 0.000029
vn -0.747108 0.664703 -0.000039
vn -0.743788 0.668416 0.000033
vn -0.765065 0.643953 -0.000043
vn -0.761340 0.648352 0.000038
vn -0.782442 0.622724 -0.000047
vn -0.778353 0.627827 0.000042
vn -0.799231 0.601024 -0.000050
vn -0.794812 0.606856 0.000045
vn -0.815419 0.578871 -0.000053
vn -0.810707 0.585452 0.000048
vn -0.826024 0.563636 0.000051
vn -0.830993 0.556283 -0.000056
vn -0.840756 0.541414 0.000053
vn -0.845941 0.533277 -0.000058
vn -0.854890 0.518809 0.000055
vn -0.860253 0.509867 -0.000059
vn -0.868415 0.495838 0.000057
vn -0.873917 0.486075 -0.000061
vn -0.881325 0.472510 0.000058
vn -0.886923 0.461918 -0.000061
vn -0.893606 0.448851 0.000058
vn -0.899261 0.437412 -0.000062
vn -0.905254 0.424870 0.000059
vn -0.910923 0.412576 -0.000062
vn -0.916258 0.400588 0.000058
vn -0.921898 0.387433 -0.000062
vn -0.926611 0.376021 0.000058
vn -0.932181 0.361993 -0.000061
vn -0.936292 0.351224 0.000057
vn -0.941760 0.336285 -0.000060
vn -0.945297 0.326211 0.000055
vn -0.950632 0.310320 -0.000058
vn -0.958787 0.284127 -0.000056
vn -0.953633 0.300970 0.000053
vn -0.966221 0.257713 -0.000053
vn -0.961297 0.275515 0.000051
vn -0.972927 0.231111 -0.000050
vn -0.968280 0.249867 0.000048
vn -0.978902 0.204331 -0.000046
vn -0.974580 0.224041 0.000045
vn -0.984139 0.177401 -0.000042
vn -0.980190 0.198059 0.000041
vn -0.988635 0.150333 -0.000038
vn -0.985108 0.171935 0.000036
vn -0.992387 0.123155 -0.000033
vn -0.989330 0.145688 0.000031
vn -0.995393 0.095883 -0.000027
vn -0.992854 0.119339 0.000026
vn -0.997648 0.068541 -0.000021
vn -0.995675 0.092910 0.000020
vn -0.999153 0.041145 -0.000014
vn -0.997793 0.066408 0.000014
vn -0.999906 0.013717 -0.000007
vn -0.999205 0.039866 0.000007
vn -0.999912 0.013290 0.000000
f 1//1 2//1 3//1
f 3//2 2//2 4//2
f 4//3 5//3 6//3
f 2//4 5//4 4//4
f 6//5 7//5 8//5
f 5//6 7//6 6//6
f 8//7 9//7 10//7
f 7//8 9//8 8//8
f 10//9 11//9 12//9
f 9//10 11//10 10//10
f 12//11 13//11 14//11
f 11//12 13//12 12//12
f 14//13 15//13 16//13
f 13//14 15//14 14//14
f 16//15 17//15 18//15
f 15//16 17//16 16//16
f 18//17 19//17 20//17
f 17//18 19//18 18//18
f 19//19 21//19 20//19
f 20//20 21//20 22//20
f 21//21 23//21 22//21
f 22//22 23//22 24//22
f 23//23 25//23 24//23
f 24//24 25//24 26//24
f 26//25 27//25 28//25
f 25//26 27//26 26//26
f 28//27 29//27 30//27
f 27//28 29//28 28//28
f 30//29 31//29 32//29
f 29//30 31//30 30//30
f 32//31 33//31 34//31
f 31//32 33//32 32//32
f 34//33 35//33 36//33
f 33//34 35//34 34//34
f 36//35 37//35 38//35
f 35//36 37//36 36//36
f 38//37 39//37 40//37
f 37//38 39//38 38//38
f 40//39 41//39 42//39
f 39//40 41//40 40//40
f 42//41 43//41 44//41
f 41//42 43//42 42//42
f 44//43 45//43 46//43
f 43//44 45//44 44//44
f 46//45 47//45 48//45
f 48//46 47//46 49//46
f 45//47 47//47 46//47
f 47//48 50//48 49//48
f 49//49 51//49 52//49
f 50//50 51//50 49//50
f 52//51 53//51 54//51
f 51//52 53//52 52//52
f 54//53 55//53 56//53
f 53//54 55//54 54//54
f 56//55 57//55 58//55
f 55//56 57//56 56//56
f 58//57 59//57 60//57
f 57//58 59//58 58//58
f 60//59 61//59 62//59
f 59//60 61//60 60//60
f 62//61 63//61 64//61
f 61//62 63//62 62//62
f 64//63 65//63 66//63
f 63//64 65//64 64//64
f 66//65 67//65 68//65
f 65//66 67//66 66//66
f 68//67 69//67 70//67
f 67//68 69//68 68//68
f 70//69 71//69 72//69
f 69//70 71//70 70//70
f 72//71 73//71 74//71
f 71//72 73//72 72//72
f 73//73 75//73 74//73
f 74//74 75//74 76//74
f 75//75 77//75 76//75
f 76//76 77//76 78//76
f 77//77 79//77 78//77
f 78//78 79//78 80//78
f 79//79 81//79 80//79
f 80//80 81//80 82//80
f 81//81 83//81 82//81
f 82//82 83//82 84//82
f 83//83 85//83 84//83
f 84//84 85//84 86//84
f 85//85 87//85 86//85
f 86//86 87//86 88//86
f 87//87 89//87 88//87
f 88//88 89//88 90//88
f 89//89 91//89 90//89
f 90//90 91//90 92//90
f 91//91 93//91 92//91
f 92//92 93//92 94//92
f 94//93 95//93 96//93
f 93//94 95//94 94//94
f 96//95 95//95 97//95
f 95//96 98//96 97//96
f 97//97 99//97 100//97
f 98//98 99//98 97//98
f 100//99 101//99 102//99
f 99//100 101//100 100//100
f 102//101 103//101 104//101
f 101//102 103//102 102//102
f 104//103 105//103 106//103
f 103//104 105//104 104//104
f 106//105 107//105 108//105
f 105//106 107//106 106//106
f 108//107 109//107 110//107
f 107//108 109//108 108//108
f 110//109 111//109 112//109
f 109//110 111//110 110//110
f 112//111 113//111 114//111
f 114//112 113//112 115//112
f 111//113 113//113 112//113
f 113//114 116//114 115//114
f 115//115 117//115 118//115
f 116//116 117//116 115//116
f 118//117 119//117 120//117
f 120//118 119//118 121//118
f 117//119 119//119 118//119
f 119//120 122//120 121//120
f 122//121 123//121 121//121
f 121//122 123//122 124//122
f 123//123 125//123 124//123
f 124//124 125//124 126//124
f 125//125 127//125 126//125
f 126//126 127//126 128//126
f 128//127 127//127 129//127
f 127//128 130//128 129//128
f 130//129 131//129 129//129
f 129//130 131//130 132//130
f 131//131 133//131 132//131
f 132//132 133//132 134//132
f 134//133 133//133 135//133
f 133//134 136//134 135//134
f 136//135 137//135 135//135
f 135//136 137//136 138//136
f 137//137 139//137 138//137
f 138//138 139//138 140//138
f 139//139 141//139 140//139
f 140//140 141//140 142//140
f 141//141 143//141 142//141
f 142//142 143//142 144//142
f 143//143 145//143 144//143
f 144//144 145//144 146//144
f 145//145 147//145 146//145
f 146//146 147//146 148//146
f 147//147 149//147 148//147
f 148//148 149//148 150//148
f 149//149 151//149 150//149
f 150//150 151//150 152//150
f 152//151 151//151 153//151
f 151//152 154//152 153//152
f 154//153 155//153 153//153
f 153//154 155//154 156//154
f 155//155 157//155 156//155
f 156//156 157//156 158//156
f 158//157 157//157 159//157
f 157//158 160//158 159//158
f 160//159 161//159 159//159
f 159//160 161//160 162//160
f 162//161 161//161 163//161
f 161//162 164//162 163//162
f 163//163 165//163 166//163
f 164//164 165//164 163//164
f 166//165 167//165 168//165
f 165//166 167//166 166//166
f 168//167 169//167 170//167
f 167//168 169//168 168//168
f 170//169 171//169 172//169
f 169//170 171//170 170//170
f 172//171 173//171 174//171
f 171//172 173//172 172//172
f 174//173 173//173 175//173
f 173//174 176//174 175//174
f 175//175 176//175 177//175
f 176//176 178//176 177//176
f 178//177 179//177 177//177
f 177//178 179//178 180//178
f 179//179 181//179 180//179
f 180//180 181//180 182//180
f 181//181 183//181 182//181
f 182//182 183//182 184//182
f 183//183 185//183 184//183
f 184//184 185//184 186//184
f 186//185 185//185 187//185
f 185//186 188//186 187//186
f 188//187 189//187 187//187
f 187//188 189//188 190//188
f 190//189 189//189 191//189
f 189//190 192//190 191//190
f 192//191 193//191 191//191
f 191//192 193//192 194//192
f 193//193 195//193 194//193
f 194//194 195//194 196//194
f 196//195 195//195 197//195
f 195//196 198//196 197//196
f 197//197 198//197 199//197
f 199//198 200//198 201//198
f 198//199 200//199 199//199
f 200//200 202//200 201//200
f 201//201 203//201 204//201
f 202//202 203//202 201//202
f 204//203 205//203 206//203
f 206//204 205//204 207//204
f 203//205 205//205 204//205
f 205//206 208//206 207//206
f 207//207 209//207 210//207
f 208//208 209//208 207//208
f 210//209 211//209 212//209
f 209//210 211//210 210//210
f 212//211 213//211 214//211
f 214//212 213//212 215//212
f 211//213 213//213 212//213
f 213//214 216//214 215//214
f 215//215 217//215 218//215
f 216//216 217//216 215//216
f 218//217 219//217 220//217
f 220//218 219//218 221//218
f 217//219 219//219 218//219
f 219//220 222//220 221//220
f 222//221 223//221 221//221
f 221//222 223//222 224//222
f 224//223 223//223 225//223
f 223//224 226//224 225//224
f 225//225 226//225 227//225
f 226//226 228//226 227//226
f 227//227 229//227 230//227
f 228//228 229//228 227//228
f 230//229 231//229 232//229
f 229//230 231//230 230//230
f 232//231 231//231 233//231
f 233//232 234//232 235//232
f 231//233 234//233 233//233
f 234//234 236//234 235//234
f 235//235 237//235 238//235
f 236//236 237//236 235//236
f 238//237 239//237 240//237
f 240//238 239//238 241//238
f 237//239 239//239 238//239
f 241//240 242//240 243//240
f 239//241 242//241 241//241
f 242//242 244//242 243//242
f 243//243 245//243 246//243
f 244//244 245//244 243//244
f 246//245 247//245 248//245
f 245//246 247//246 246//246
f 248//247 249//247 250//247
f 250//248 249//248 251//248
f 247//249 249//249 248//249
f 249//250 252//250 251//250
f 251//251 253//251 254//251
f 252//252 253//252 251//252
f 254//253 255//253 256//253
f 256//254 255//254 257//254
f 253//255 255//255 254//255
f 255//256 258//256 257//256
f 257//257 259//257 260//257
f 258//258 259//258 257//258
f 260//259 261//259 262//259
f 259//260 261//260 260//260
f 262//261 263//261 264//261
f 261//262 263//262 262//262
f 264//263 265//263 266//263
f 263//264 265//264 264//264
f 266//265 267//265 268//265
f 265//266 267//266 266//266
f 268//267 269//267 270//267
f 267//268 269//268 268//268
f 270//269 271//269 272//269
f 269//270 271//270 270//270
f 272//271 273//271 274//271
f 271//272 273//272 272//272
f 273//273 275//273 274//273
f 274//274 275//274 276//274
f 275//275 277//275 276//275
f 276//276 277//276 278//276
f 278//277 277//277 279//277
f 277//278 280//278 279//278
f 280//279 281//279 279//279
f 279//280 281//280 282//280
f 281//281 283//281 282//281
f 282//282 283//282 284//282
f 283//283 285//283 284//283
f 284//284 285//284 286//284
f 285//285 287//285 286//285
f 286//286 287//286 288//286
f 287//287 289//287 288//287
f 288//288 289//288 290//288
f 289//289 291//289 290//289
f 290//290 291//290 292//290
f 291//291 293//291 292//291
f 292//292 293//292 294//292
f 293//293 295//293 294//293
f 294//294 295//294 296//294
f 296//295 297//295 298//295
f 295//296 297//296 296//296
f 298//297 299//297 300//297
f 297//298 299//298 298//298
f 300//299 301//299 302//299
f 299//300 301//300 300//300
f 302//301 303//301 304//301
f 304//302 303//302 305//302
f 301//303 303//303 302//303
f 303//304 306//304 305//304
f 305//305 307//305 308//305
f 308//306 307//306 309//306
f 306//307 307//307 305//307
f 307//308 310//308 309//308
f 309//309 311//309 312//309
f 312//310 311//310 313//310
f 310//311 311//311 309//311
f 311//312 314//312 313//312
f 313//313 315//313 316//313
f 314//314 315//314 313//314
f 316//315 317//315 318//315
f 315//316 317//316 316//316
f 318//317 319//317 320//317
f 320//318 319//318 321//318
f 317//319 319//319 318//319
f 319//320 322//320 321//320
f 321//321 323//321 324//321
f 324//322 323//322 325//322
f 322//323 323//323 321//323
f 323//324 326//324 325//324
f 326//325 327//325 325//325
f 325//326 327//326 328//326
f 327//327 329//327 328//327
f 328//328 329//328 330//328
f 330//329 329//329 331//329
f 329//330 332//330 331//330
f 332//331 333//331 331//331
f 331//332 333//332 334//332
f 333//333 335//333 334//333
f 334//334 335//334 336//334
f 335//335 337//335 336//335
f 336//336 337//336 338//336
f 338//337 337//337 339//337
f 337//338 340//338 339//338
f 340//339 341//339 339//339
f 339//340 341//340 342//340
f 341//341 343//341 342//341
f 342//342 343//342 344//342
f 343//343 345//343 344//343
f 344//344 345//344 346//344
f 345//345 347//345 346//345
f 346//346 347//346 348//346
f 347//347 349//347 348//347
f 348//348 349//348 350//348
f 350//349 349//349 351//349
f 349//350 352//350 351//350
f 352//351 353//351 351//351
f 351//352 353//352 354//352
f 353//353 355//353 354//353
f 354//354 355//354 356//354
f 356//355 355//355 357//355
f 355//356 358//356 357//356
f 358//357 359//357 357//357
f 357//358 359//358 360//358
f 360//359 359//359 361//359
f 359//360 362//360 361//360
f 362//361 363//361 361//361
f 361//362 363//362 364//362
f 364//363 363//363 365//363
f 363//364 366//364 365//364
f 366//365 367//365 365//365
f 365//366 367//366 368//366
f 368//367 369//367 370//367
f 370//368 369//368 371//368
f 367//369 369//369 368//369
f 369//370 372//370 371//370
f 371//371 373//371 374//371
f 374//372 373//372 375//372
f 372//373 373//373 371//373
f 373//374 376//374 375//374
f 375//375 376//375 377//375
f 376//376 378//376 377//376
f 377//377 378//377 379//377
f 378//378 380//378 379//378
f 380//379 381//379 379//379
f 379//380 381//380 382//380
f 382//381 381//381 383//381
f 381//382 384//382 383//382
f 384//383 385//383 383//383
f 383//384 385//384 386//384
f 385//385 387//385 386//385
f 386//386 387//386 388//386
f 387//387 389//387 388//387
f 388//388 389//388 390//388
f 389//389 391//389 390//389
f 390//390 391//390 392//390
f 391//391 393//391 392//391
f 392//392 393//392 394//392
f 393//393 395//393 394//393
f 394//394 395//394 396//394
f 395//395 397//395 396//395
f 396//396 397//396 398//396
f 397//397 399//397 398//397
f 398//398 399//398 400//398
f 400//399 399//399 401//399
f 401//400 402//400 403//400
f 399//401 402//401 401//401
f 402//402 404//402 403//402
f 403//403 405//403 406//403
f 404//404 405//404 403//404
f 406//405 407//405 408//405
f 408//406 407//406 409//406
f 405//407 407//407 406//407
f 407//408 410//408 409//408
f 409//409 411//409 412//409
f 412//410 411//410 413//410
f 410//411 411//411 409//411
f 411//412 414//412 413//412
f 413//413 415//413 416//413
f 414//414 415//414 413//414
f 416//415 417//415 418//415
f 415//416 417//416 416//416
f 418//417 419//417 420//417
f 417//418 419//418 418//418
f 420//419 421//419 422//419
f 419//420 421//420 420//420
f 422//421 423//421 424//421
f 421//422 423//422 422//422
f 423//423 425//423 424//423
f 424//424 425//424 426//424
f 426//425 425//425 427//425
f 425//426 428//426 427//426
f 428//427 429//427 427//427
f 427//428 429//428 430//428
f 429//429 431//429 430//429
f 430//430 431//430 432//430
f 432//431 431//431 433//431
f 431//432 434//432 433//432
f 433//433 435//433 436//433
f 436//434 435//434 437//434
f 434//435 435//435 433//435
f 435//436 438//436 437//436
f 437//437 439//437 440//437
f 440//438 439//438 441//438
f 438//439 439//439 437//439
f 439//440 442//440 441//440
f 441//441 442//441 443//441
f 442//442 444//442 443//442
f 443//443 445//443 446//443
f 446//444 445//444 447//444
f 444//445 445//445 443//445
f 445//446 448//446 447//446
f 447//447 449//447 450//447
f 450//448 449//448 451//448
f 448//449 449//449 447//449
f 449//450 452//450 451//450
f 451//451 453//451 454//451
f 452//452 453//452 451//452
f 454//453 455//453 456//453
f 453//454 455//454 454//454
f 456//455 457//455 458//455
f 458//456 457//456 3//456
f 455//457 457//457 456//457
f 457//458 1//458 3//458
f 459//459 460//459 461//459
f 459//460 462//460 463//460
f 459//461 464//461 462//461
f 459//462 461//462 465//462
f 459//463 463//463 460//463
f 466//464 40//464 42//464
f 466//465 42//465 44//465
f 466//466 465//466 40//466
f 467//467 464//467 459//467
f 467//468 459//468 465//468
f 467//469 468//469 464//469
f 467//470 469//470 468//470
f 467//471 465//471 466//471
f 470//472 44//472 46//472
f 470//473 46//473 48//473
f 471//474 3//474 4//474
f 470//475 466//475 44//475
f 472//476 469//476 467//476
f 472//477 473//477 469//477
f 472//478 474//478 473//478
f 472//479 466//479 470//479
f 472//480 467//480 466//480
f 475//481 48//481 49//481
f 475//482 49//482 52//482
f 475//483 470//483 48//483
f 476//484 470//484 475//484
f 476//485 477//485 474//485
f 476//486 478//486 477//486
f 479//487 480//487 481//487
f 476//488 472//488 470//488
f 476//489 474//489 472//489
f 482//490 475//490 52//490
f 482//491 52//491 54//491
f 482//492 54//492 56//492
f 483//493 476//493 475//493
f 483//494 484//494 478//494
f 483//495 485//495 484//495
f 483//496 478//496 476//496
f 483//497 475//497 482//497
f 486//498 482//498 56//498
f 486//499 56//499 58//499
f 486//500 58//500 60//500
f 487//501 483//501 482//501
f 487//502 488//502 485//502
f 487//503 489//503 488//503
f 487//504 485//504 483//504
f 487//505 482//505 486//505
f 490//506 60//506 62//506
f 490//507 62//507 64//507
f 490//508 486//508 60//508
f 491//509 489//509 487//509
f 491//510 487//510 486//510
f 491//511 486//511 490//511
f 491//512 492//512 489//512
f 491//513 493//513 492//513
f 494//514 64//514 66//514
f 494//515 66//515 68//515
f 494//516 490//516 64//516
f 495//517 490//517 494//517
f 495//518 496//518 493//518
f 495//519 497//519 496//519
f 495//520 491//520 490//520
f 495//521 493//521 491//521
f 498//522 494//522 68//522
f 498//523 68//523 70//523
f 498//524 70//524 72//524
f 498//525 495//525 494//525
f 499//526 497//526 495//526
f 499//527 500//527 497//527
f 499//528 501//528 500//528
f 499//529 495//529 498//529
f 502//530 499//530 498//530
f 502//531 72//531 74//531
f 502//532 74//532 76//532
f 502//533 498//533 72//533
f 503//534 501//534 499//534
f 503//535 499//535 502//535
f 503//536 504//536 501//536
f 503//537 505//537 504//537
f 506//538 76//538 78//538
f 506//539 78//539 80//539
f 506//540 502//540 76//540
f 506//541 503//541 502//541
f 507//542 503//542 506//542
f 507//543 508//543 505//543
f 507//544 509//544 508//544
f 507//545 505//545 503//545
f 510//546 506//546 80//546
f 510//547 80//547 82//547
f 510//548 82//548 84//548
f 511//549 507//549 506//549
f 511//550 509//550 507//550
f 511//551 506//551 510//551
f 511//552 512//552 509//552
f 511//553 513//553 512//553
f 514//554 84//554 86//554
f 514//555 86//555 88//555
f 514//556 510//556 84//556
f 515//557 511//557 510//557
f 515//558 513//558 511//558
f 515//559 510//559 514//559
f 515//560 516//560 513//560
f 515//561 517//561 516//561
f 518//562 514//562 88//562
f 518//563 88//563 90//563
f 518//564 90//564 92//564
f 518//565 515//565 514//565
f 519//566 515//566 518//566
f 519//567 520//567 517//567
f 519//568 521//568 520//568
f 519//569 517//569 515//569
f 522//570 518//570 92//570
f 522//571 92//571 94//571
f 522//572 94//572 96//572
f 523//573 519//573 518//573
f 523//574 521//574 519//574
f 523//575 518//575 522//575
f 523//576 524//576 521//576
f 523//577 525//577 524//577
f 526//578 96//578 97//578
f 526//579 97//579 100//579
f 526//580 522//580 96//580
f 527//581 525//581 523//581
f 527//582 522//582 526//582
f 527//583 523//583 522//583
f 527//584 528//584 525//584
f 527//585 529//585 528//585
f 530//586 526//586 100//586
f 530//587 100//587 102//587
f 530//588 102//588 104//588
f 531//589 527//589 526//589
f 531//590 532//590 529//590
f 531//591 533//591 532//591
f 531//592 529//592 527//592
f 531//593 526//593 530//593
f 534//594 530//594 104//594
f 534//595 531//595 530//595
f 534//596 104//596 106//596
f 534//597 106//597 108//597
f 535//598 533//598 531//598
f 535//599 531//599 534//599
f 535//600 536//600 533//600
f 535//601 537//601 536//601
f 538//602 108//602 110//602
f 538//603 110//603 112//603
f 538//604 534//604 108//604
f 539//605 535//605 534//605
f 539//606 534//606 538//606
f 539//607 537//607 535//607
f 539//608 540//608 537//608
f 539//609 541//609 540//609
f 542//610 112//610 114//610
f 542//611 114//611 115//611
f 542//612 539//612 538//612
f 542//613 538//613 112//613
f 543//614 539//614 542//614
f 543//615 541//615 539//615
f 543//616 544//616 541//616
f 543//617 545//617 544//617
f 546//618 115//618 118//618
f 546//619 118//619 120//619
f 546//620 542//620 115//620
f 547//621 542//621 546//621
f 547//622 545//622 543//622
f 547//623 548//623 545//623
f 547//624 549//624 548//624
f 547//625 543//625 542//625
f 550//626 546//626 120//626
f 550//627 120//627 121//627
f 550//628 121//628 124//628
f 551//629 546//629 550//629
f 551//630 549//630 547//630
f 551//631 547//631 546//631
f 551//632 552//632 549//632
f 551//633 553//633 552//633
f 554//634 124//634 126//634
f 554//635 126//635 128//635
f 554//636 550//636 124//636
f 555//637 550//637 554//637
f 555//638 551//638 550//638
f 555//639 556//639 553//639
f 555//640 553//640 551//640
f 555//641 557//641 556//641
f 558//642 128//642 129//642
f 558//643 129//643 132//643
f 558//644 554//644 128//644
f 559//645 557//645 555//645
f 559//646 555//646 554//646
f 559//647 554//647 558//647
f 559//648 560//648 557//648
f 559//649 561//649 560//649
f 562//650 558//650 132//650
f 562//651 132//651 134//651
f 562//652 134//652 135//652
f 563//653 561//653 559//653
f 563//654 558//654 562//654
f 563//655 559//655 558//655
f 563//656 564//656 561//656
f 563//657 565//657 564//657
f 566//658 562//658 135//658
f 566//659 135//659 138//659
f 566//660 138//660 140//660
f 567//661 568//661 565//661
f 567//662 569//662 568//662
f 567//663 563//663 562//663
f 567//664 565//664 563//664
f 567//665 562//665 566//665
f 570//666 140//666 142//666
f 570//667 142//667 144//667
f 570//668 566//668 140//668
f 571//669 572//669 569//669
f 571//670 573//670 572//670
f 571//671 569//671 567//671
f 571//672 566//672 570//672
f 571//673 567//673 566//673
f 574//674 570//674 144//674
f 574//675 144//675 146//675
f 574//676 146//676 148//676
f 575//677 571//677 570//677
f 575//678 576//678 573//678
f 575//679 577//679 576//679
f 575//680 573//680 571//680
f 575//681 570//681 574//681
f 578//682 575//682 574//682
f 578//683 574//683 148//683
f 578//684 148//684 150//684
f 578//685 150//685 152//685
f 579//686 580//686 577//686
f 579//687 581//687 580//687
f 579//688 577//688 575//688
f 579//689 575//689 578//689
f 582//690 578//690 152//690
f 582//691 152//691 153//691
f 582//692 153//692 156//692
f 583//693 579//693 578//693
f 583//694 584//694 581//694
f 583//695 585//695 584//695
f 583//696 581//696 579//696
f 583//697 578//697 582//697
f 586//698 156//698 158//698
f 586//699 158//699 159//699
f 586//700 582//700 156//700
f 587//701 582//701 586//701
f 587//702 588//702 585//702
f 587//703 589//703 588//703
f 587//704 585//704 583//704
f 587//705 583//705 582//705
f 590//706 586//706 159//706
f 590//707 159//707 162//707
f 590//708 162//708 163//708
f 591//709 592//709 589//709
f 591//710 593//710 592//710
f 591//711 589//711 587//711
f 591//712 587//712 586//712
f 591//713 586//713 590//713
f 594//714 590//714 163//714
f 594//715 163//715 166//715
f 594//716 166//716 168//716
f 595//717 596//717 593//717
f 595//718 597//718 596//718
f 595//719 591//719 590//719
f 595//720 593//720 591//720
f 595//721 590//721 594//721
f 598//722 594//722 168//722
f 598//723 595//723 594//723
f 598//724 168//724 170//724
f 598//725 170//725 172//725
f 599//726 600//726 597//726
f 599//727 601//727 600//727
f 599//728 595//728 598//728
f 599//729 597//729 595//729
f 602//730 598//730 172//730
f 602//731 172//731 174//731
f 602//732 174//732 175//732
f 603//733 598//733 602//733
f 603//734 604//734 601//734
f 603//735 605//735 604//735
f 603//736 599//736 598//736
f 603//737 601//737 599//737
f 606//738 602//738 175//738
f 606//739 603//739 602//739
f 606//740 175//740 177//740
f 606//741 177//741 180//741
f 607//742 608//742 605//742
f 607//743 609//743 608//743
f 607//744 605//744 603//744
f 607//745 603//745 606//745
f 610//746 606//746 180//746
f 610//747 180//747 182//747
f 610//748 182//748 184//748
f 611//749 606//749 610//749
f 611//750 607//750 606//750
f 611//751 612//751 609//751
f 611//752 613//752 612//752
f 611//753 609//753 607//753
f 614//754 610//754 184//754
f 614//755 184//755 186//755
f 614//756 186//756 187//756
f 615//757 616//757 613//757
f 615//758 617//758 616//758
f 615//759 611//759 610//759
f 615//760 610//760 614//760
f 615//761 613//761 611//761
f 618//762 614//762 187//762
f 618//763 187//763 190//763
f 618//764 190//764 191//764
f 619//765 614//765 618//765
f 619//766 620//766 617//766
f 619//767 621//767 620//767
f 619//768 617//768 615//768
f 619//769 615//769 614//769
f 622//770 618//770 191//770
f 622//771 191//771 194//771
f 622//772 194//772 196//772
f 623//773 619//773 618//773
f 623//774 618//774 622//774
f 623//775 624//775 621//775
f 623//776 625//776 624//776
f 623//777 621//777 619//777
f 626//778 196//778 197//778
f 626//779 197//779 199//779
f 626//780 622//780 196//780
f 627//781 623//781 622//781
f 627//782 628//782 625//782
f 627//783 629//783 628//783
f 627//784 625//784 623//784
f 627//785 622//785 626//785
f 630//786 199//786 201//786
f 630//787 201//787 204//787
f 630//788 626//788 199//788
f 631//789 627//789 626//789
f 631//790 632//790 629//790
f 631//791 633//791 632//791
f 631//792 626//792 630//792
f 631//793 629//793 627//793
f 634//794 204//794 206//794
f 634//795 206//795 207//795
f 634//796 630//796 204//796
f 635//797 633//797 631//797
f 635//798 636//798 633//798
f 635//799 637//799 636//799
f 635//800 631//800 630//800
f 635//801 630//801 634//801
f 638//802 207//802 210//802
f 638//803 210//803 212//803
f 638//804 634//804 207//804
f 639//805 634//805 638//805
f 639//806 640//806 637//806
f 639//807 641//807 640//807
f 639//808 637//808 635//808
f 639//809 635//809 634//809
f 642//810 212//810 214//810
f 642//811 214//811 215//811
f 642//812 638//812 212//812
f 643//813 638//813 642//813
f 643//814 644//814 641//814
f 643//815 645//815 644//815
f 643//816 639//816 638//816
f 643//817 641//817 639//817
f 646//818 215//818 218//818
f 646//819 218//819 220//819
f 646//820 642//820 215//820
f 647//821 645//821 643//821
f 647//822 642//822 646//822
f 647//823 648//823 645//823
f 647//824 649//824 648//824
f 647//825 643//825 642//825
f 650//826 220//826 221//826
f 650//827 221//827 224//827
f 650//828 646//828 220//828
f 651//829 649//829 647//829
f 651//830 647//830 646//830
f 651//831 646//831 650//831
f 651//832 652//832 649//832
f 651//833 653//833 652//833
f 654//834 224//834 225//834
f 654//835 225//835 227//835
f 654//836 650//836 224//836
f 655//837 650//837 654//837
f 655//838 651//838 650//838
f 655//839 656//839 653//839
f 655//840 657//840 656//840
f 655//841 653//841 651//841
f 658//842 227//842 230//842
f 658//843 654//843 227//843
f 659//844 660//844 657//844
f 659//845 654//845 658//845
f 659//846 657//846 655//846
f 659//847 655//847 654//847
f 661//848 230//848 232//848
f 661//849 232//849 233//849
f 661//850 658//850 230//850
f 662//851 658//851 661//851
f 662//852 663//852 660//852
f 662//853 664//853 663//853
f 662//854 659//854 658//854
f 662//855 660//855 659//855
f 665//856 233//856 235//856
f 665//857 235//857 238//857
f 665//858 661//858 233//858
f 666//859 664//859 662//859
f 666//860 667//860 664//860
f 666//861 662//861 661//861
f 666//862 668//862 667//862
f 666//863 661//863 665//863
f 669//864 238//864 240//864
f 669//865 240//865 241//865
f 669//866 665//866 238//866
f 670//867 666//867 665//867
f 670//868 665//868 669//868
f 670//869 671//869 668//869
f 670//870 672//870 671//870
f 670//871 668//871 666//871
f 673//872 241//872 243//872
f 673//873 243//873 246//873
f 673//874 669//874 241//874
f 674//875 672//875 670//875
f 674//876 675//876 672//876
f 674//877 676//877 675//877
f 674//878 670//878 669//878
f 674//879 669//879 673//879
f 677//880 246//880 248//880
f 677//881 248//881 250//881
f 677//882 673//882 246//882
f 678//883 673//883 677//883
f 678//884 679//884 676//884
f 678//885 680//885 679//885
f 678//886 674//886 673//886
f 678//887 676//887 674//887
f 681//888 250//888 251//888
f 681//889 251//889 254//889
f 681//890 677//890 250//890
f 682//891 677//891 681//891
f 682//892 678//892 677//892
f 682//893 680//893 678//893
f 682//894 683//894 680//894
f 682//895 684//895 683//895
f 685//896 682//896 681//896
f 685//897 254//897 256//897
f 685//898 256//898 257//898
f 685//899 681//899 254//899
f 686//900 682//900 685//900
f 686//901 684//901 682//901
f 686//902 687//902 684//902
f 686//903 688//903 687//903
f 689//904 257//904 260//904
f 689//905 685//905 257//905
f 689//906 260//906 262//906
f 690//907 688//907 686//907
f 690//908 691//908 688//908
f 690//909 692//909 691//909
f 690//910 686//910 685//910
f 690//911 685//911 689//911
f 693//912 689//912 262//912
f 693//913 262//913 264//913
f 693//914 264//914 266//914
f 694//915 690//915 689//915
f 694//916 695//916 692//916
f 694//917 689//917 693//917
f 694//918 696//918 695//918
f 694//919 692//919 690//919
f 697//920 694//920 693//920
f 697//921 266//921 268//921
f 697//922 268//922 270//922
f 697//923 693//923 266//923
f 698//924 699//924 696//924
f 698//925 700//925 699//925
f 698//926 696//926 694//926
f 698//927 694//927 697//927
f 701//928 270//928 272//928
f 701//929 272//929 274//929
f 701//930 697//930 270//930
f 702//931 700//931 698//931
f 702//932 697//932 701//932
f 702//933 698//933 697//933
f 702//934 703//934 700//934
f 702//935 704//935 703//935
f 705//936 702//936 701//936
f 705//937 274//937 276//937
f 705//938 276//938 278//938
f 705//939 701//939 274//939
f 706//940 707//940 704//940
f 706//941 708//941 707//941
f 706//942 704//942 702//942
f 706//943 702//943 705//943
f 709//944 705//944 278//944
f 709//945 278//945 279//945
f 709//946 279//946 282//946
f 710//947 708//947 706//947
f 710//948 706//948 705//948
f 710//949 705//949 709//949
f 710//950 711//950 708//950
f 710//951 712//951 711//951
f 713//952 709//952 282//952
f 713//953 282//953 284//953
f 713//954 284//954 286//954
f 713//955 710//955 709//955
f 714//956 710//956 713//956
f 714//957 712//957 710//957
f 714//958 715//958 712//958
f 714//959 716//959 715//959
f 717//960 286//960 288//960
f 717//961 288//961 290//961
f 717//962 713//962 286//962
f 718//963 716//963 714//963
f 718//964 714//964 713//964
f 718//965 713//965 717//965
f 718//966 719//966 716//966
f 718//967 720//967 719//967
f 721//968 717//968 290//968
f 721//969 290//969 292//969
f 721//970 292//970 294//970
f 722//971 717//971 721//971
f 722//972 723//972 720//972
f 722//973 724//973 723//973
f 722//974 718//974 717//974
f 722//975 720//975 718//975
f 725//976 721//976 294//976
f 725//977 294//977 296//977
f 725//978 296//978 298//978
f 726//979 724//979 722//979
f 726//980 722//980 721//980
f 726//981 721//981 725//981
f 726//982 727//982 724//982
f 726//983 728//983 727//983
f 729//984 725//984 298//984
f 729//985 298//985 300//985
f 729//986 300//986 302//986
f 730//987 725//987 729//987
f 730//988 726//988 725//988
f 730//989 728//989 726//989
f 730//990 731//990 728//990
f 730//991 732//991 731//991
f 733//992 302//992 304//992
f 733//993 304//993 305//993
f 733//994 729//994 302//994
f 733//995 730//995 729//995
f 734//996 730//996 733//996
f 734//997 732//997 730//997
f 734//998 735//998 732//998
f 734//999 736//999 735//999
f 737//1000 305//1000 308//1000
f 737//1001 308//1001 309//1001
f 737//1002 733//1002 305//1002
f 738//1003 736//1003 734//1003
f 738//1004 734//1004 733//1004
f 738//1005 739//1005 736//1005
f 738//1006 733//1006 737//1006
f 738//1007 740//1007 739//1007
f 741//1008 309//1008 312//1008
f 741//1009 312//1009 313//1009
f 741//1010 737//1010 309//1010
f 742//1011 738//1011 737//1011
f 742//1012 740//1012 738//1012
f 742//1013 743//1013 740//1013
f 742//1014 744//1014 743//1014
f 742//1015 737//1015 741//1015
f 745//1016 741//1016 313//1016
f 745//1017 313//1017 316//1017
f 745//1018 316//1018 318//1018
f 746//1019 744//1019 742//1019
f 746//1020 741//1020 745//1020
f 746//1021 747//1021 744//1021
f 746//1022 748//1022 747//1022
f 746//1023 742//1023 741//1023
f 749//1024 746//1024 745//1024
f 749//1025 745//1025 318//1025
f 749//1026 318//1026 320//1026
f 749//1027 320//1027 321//1027
f 750//1028 746//1028 749//1028
f 750//1029 748//1029 746//1029
f 750//1030 751//1030 748//1030
f 750//1031 752//1031 751//1031
f 753//1032 749//1032 321//1032
f 753//1033 321//1033 324//1033
f 753//1034 324//1034 325//1034
f 754//1035 750//1035 749//1035
f 754//1036 749//1036 753//1036
f 754//1037 752//1037 750//1037
f 754//1038 755//1038 752//1038
f 754//1039 756//1039 755//1039
f 757//1040 753//1040 325//1040
f 757//1041 325//1041 328//1041
f 757//1042 328//1042 330//1042
f 758//1043 753//1043 757//1043
f 758//1044 754//1044 753//1044
f 758//1045 759//1045 756//1045
f 758//1046 760//1046 759//1046
f 758//1047 756//1047 754//1047
f 761//1048 757//1048 330//1048
f 761//1049 330//1049 331//1049
f 761//1050 331//1050 334//1050
f 762//1051 760//1051 758//1051
f 762//1052 757//1052 761//1052
f 762//1053 763//1053 760//1053
f 762//1054 764//1054 763//1054
f 762//1055 758//1055 757//1055
f 765//1056 761//1056 334//1056
f 765//1057 334//1057 336//1057
f 765//1058 336//1058 338//1058
f 766//1059 764//1059 762//1059
f 766//1060 762//1060 761//1060
f 766//1061 761//1061 765//1061
f 766//1062 767//1062 764//1062
f 766//1063 768//1063 767//1063
f 769//1064 765//1064 338//1064
f 769//1065 766//1065 765//1065
f 769//1066 338//1066 339//1066
f 769//1067 339//1067 342//1067
f 770//1068 771//1068 768//1068
f 770//1069 772//1069 771//1069
f 770//1070 768//1070 766//1070
f 770//1071 766//1071 769//1071
f 773//1072 769//1072 342//1072
f 773//1073 342//1073 344//1073
f 773//1074 344//1074 346//1074
f 774//1075 775//1075 772//1075
f 774//1076 776//1076 775//1076
f 774//1077 770//1077 769//1077
f 774//1078 772//1078 770//1078
f 774//1079 769//1079 773//1079
f 777//1080 773//1080 346//1080
f 777//1081 346//1081 348//1081
f 777//1082 348//1082 350//1082
f 778//1083 779//1083 776//1083
f 778//1084 780//1084 779//1084
f 778//1085 776//1085 774//1085
f 778//1086 774//1086 773//1086
f 778//1087 773//1087 777//1087
f 781//1088 777//1088 350//1088
f 781//1089 350//1089 351//1089
f 781//1090 351//1090 354//1090
f 782//1091 783//1091 780//1091
f 782//1092 784//1092 783//1092
f 782//1093 780//1093 778//1093
f 782//1094 778//1094 777//1094
f 782//1095 777//1095 781//1095
f 785//1096 781//1096 354//1096
f 785//1097 782//1097 781//1097
f 785//1098 354//1098 356//1098
f 785//1099 356//1099 357//1099
f 786//1100 787//1100 784//1100
f 786//1101 788//1101 787//1101
f 786//1102 784//1102 782//1102
f 786//1103 782//1103 785//1103
f 789//1104 785//1104 357//1104
f 789//1105 357//1105 360//1105
f 789//1106 360//1106 361//1106
f 790//1107 791//1107 788//1107
f 790//1108 792//1108 791//1108
f 790//1109 788//1109 786//1109
f 790//1110 786//1110 785//1110
f 790//1111 785//1111 789//1111
f 793//1112 789//1112 361//1112
f 793//1113 361//1113 364//1113
f 793//1114 364//1114 365//1114
f 794//1115 795//1115 792//1115
f 794//1116 796//1116 795//1116
f 794//1117 792//1117 790//1117
f 794//1118 790//1118 789//1118
f 794//1119 789//1119 793//1119
f 797//1120 793//1120 365//1120
f 797//1121 794//1121 793//1121
f 797//1122 365//1122 368//1122
f 797//1123 368//1123 370//1123
f 798//1124 799//1124 796//1124
f 798//1125 800//1125 799//1125
f 798//1126 796//1126 794//1126
f 798//1127 794//1127 797//1127
f 801//1128 797//1128 370//1128
f 801//1129 370//1129 371//1129
f 801//1130 371//1130 374//1130
f 802//1131 803//1131 800//1131
f 802//1132 797//1132 801//1132
f 802//1133 804//1133 803//1133
f 802//1134 798//1134 797//1134
f 802//1135 800//1135 798//1135
f 805//1136 801//1136 374//1136
f 805//1137 374//1137 375//1137
f 805//1138 375//1138 377//1138
f 806//1139 807//1139 804//1139
f 806//1140 808//1140 807//1140
f 806//1141 801//1141 805//1141
f 806//1142 802//1142 801//1142
f 806//1143 804//1143 802//1143
f 809//1144 806//1144 805//1144
f 809//1145 805//1145 377//1145
f 809//1146 377//1146 379//1146
f 809//1147 379//1147 382//1147
f 810//1148 811//1148 808//1148
f 810//1149 812//1149 811//1149
f 810//1150 806//1150 809//1150
f 810//1151 808//1151 806//1151
f 813//1152 809//1152 382//1152
f 813//1153 382//1153 383//1153
f 813//1154 383//1154 386//1154
f 814//1155 815//1155 812//1155
f 814//1156 816//1156 815//1156
f 814//1157 812//1157 810//1157
f 814//1158 809//1158 813//1158
f 814//1159 810//1159 809//1159
f 817//1160 813//1160 386//1160
f 817//1161 386//1161 388//1161
f 817//1162 388//1162 390//1162
f 818//1163 816//1163 814//1163
f 818//1164 819//1164 816//1164
f 818//1165 820//1165 819//1165
f 818//1166 813//1166 817//1166
f 818//1167 814//1167 813//1167
f 821//1168 818//1168 817//1168
f 821//1169 817//1169 390//1169
f 821//1170 390//1170 392//1170
f 821//1171 392//1171 394//1171
f 822//1172 823//1172 820//1172
f 822//1173 824//1173 823//1173
f 822//1174 818//1174 821//1174
f 822//1175 820//1175 818//1175
f 825//1176 821//1176 394//1176
f 825//1177 394//1177 396//1177
f 825//1178 396//1178 398//1178
f 826//1179 824//1179 822//1179
f 826//1180 827//1180 824//1180
f 826//1181 828//1181 827//1181
f 826//1182 822//1182 821//1182
f 826//1183 821//1183 825//1183
f 829//1184 398//1184 400//1184
f 829//1185 400//1185 401//1185
f 829//1186 825//1186 398//1186
f 830//1187 826//1187 825//1187
f 830//1188 831//1188 828//1188
f 830//1189 832//1189 831//1189
f 830//1190 828//1190 826//1190
f 830//1191 825//1191 829//1191
f 833//1192 401//1192 403//1192
f 833//1193 403//1193 406//1193
f 833//1194 829//1194 401//1194
f 834//1195 830//1195 829//1195
f 834//1196 835//1196 832//1196
f 834//1197 836//1197 835//1197
f 834//1198 832//1198 830//1198
f 834//1199 829//1199 833//1199
f 837//1200 406//1200 408//1200
f 837//1201 408//1201 409//1201
f 837//1202 833//1202 406//1202
f 838//1203 834//1203 833//1203
f 838//1204 836//1204 834//1204
f 838//1205 839//1205 836//1205
f 838//1206 840//1206 839//1206
f 838//1207 833//1207 837//1207
f 841//1208 409//1208 412//1208
f 841//1209 412//1209 413//1209
f 841//1210 838//1210 837//1210
f 841//1211 837//1211 409//1211
f 842//1212 840//1212 838//1212
f 842//1213 843//1213 840//1213
f 842//1214 844//1214 843//1214
f 842//1215 838//1215 841//1215
f 845//1216 413//1216 416//1216
f 845//1217 416//1217 418//1217
f 845//1218 841//1218 413//1218
f 846//1219 844//1219 842//1219
f 846//1220 841//1220 845//1220
f 846//1221 847//1221 844//1221
f 846//1222 848//1222 847//1222
f 846//1223 842//1223 841//1223
f 849//1224 418//1224 420//1224
f 849//1225 420//1225 422//1225
f 849//1226 845//1226 418//1226
f 850//1227 845//1227 849//1227
f 850//1228 846//1228 845//1228
f 850//1229 848//1229 846//1229
f 850//1230 851//1230 848//1230
f 850//1231 852//1231 851//1231
f 853//1232 422//1232 424//1232
f 853//1233 424//1233 426//1233
f 853//1234 849//1234 422//1234
f 854//1235 849//1235 853//1235
f 854//1236 850//1236 849//1236
f 854//1237 852//1237 850//1237
f 854//1238 855//1238 852//1238
f 854//1239 856//1239 855//1239
f 857//1240 853//1240 426//1240
f 857//1241 426//1241 427//1241
f 857//1242 427//1242 430//1242
f 857//1243 854//1243 853//1243
f 858//1244 854//1244 857//1244
f 858//1245 859//1245 856//1245
f 858//1246 856//1246 854//1246
f 858//1247 860//1247 859//1247
f 861//1248 857//1248 430//1248
f 861//1249 430//1249 432//1249
f 861//1250 432//1250 433//1250
f 862//1251 857//1251 861//1251
f 862//1252 863//1252 860//1252
f 862//1253 864//1253 863//1253
f 862//1254 858//1254 857//1254
f 862//1255 860//1255 858//1255
f 865//1256 433//1256 436//1256
f 865//1257 436//1257 437//1257
f 865//1258 861//1258 433//1258
f 866//1259 861//1259 865//1259
f 866//1260 867//1260 864//1260
f 866//1261 868//1261 867//1261
f 866//1262 862//1262 861//1262
f 866//1263 864//1263 862//1263
f 869//1264 437//1264 440//1264
f 869//1265 440//1265 441//1265
f 869//1266 865//1266 437//1266
f 870//1267 871//1267 868//1267
f 870//1268 872//1268 871//1268
f 870//1269 865//1269 869//1269
f 870//1270 866//1270 865//1270
f 870//1271 868//1271 866//1271
f 873//1272 441//1272 443//1272
f 873//1273 443//1273 446//1273
f 873//1274 869//1274 441//1274
f 874//1275 870//1275 869//1275
f 874//1276 875//1276 872//1276
f 874//1277 876//1277 875//1277
f 874//1278 872//1278 870//1278
f 874//1279 869//1279 873//1279
f 877//1280 446//1280 447//1280
f 877//1281 447//1281 450//1281
f 877//1282 873//1282 446//1282
f 877//1283 874//1283 873//1283
f 878//1284 879//1284 876//1284
f 878//1285 880//1285 879//1285
f 878//1286 876//1286 874//1286
f 878//1287 874//1287 877//1287
f 881//1288 450//1288 451//1288
f 881//1289 451//1289 454//1289
f 881//1290 877//1290 450//1290
f 882//1291 883//1291 880//1291
f 882//1292 884//1292 883//1292
f 882//1293 880//1293 878//1293
f 882//1294 878//1294 877//1294
f 882//1295 877//1295 881//1295
f 885//1296 458//1296 471//1296
f 885//1297 454//1297 456//1297
f 885//1298 456//1298 458//1298
f 885//1299 471//1299 481//1299
f 885//1300 881//1300 454//1300
f 886//1301 885//1301 481//1301
f 886//1302 887//1302 884//1302
f 886//1303 888//1303 887//1303
f 886//1304 884//1304 882//1304
f 886//1305 481//1305 888//1305
f 886//1306 882//1306 881//1306
f 886//1307 881//1307 885//1307
f 471//1308 458//1308 3//1308
f 480//1309 888//1309 481//1309
f 889//1310 4//1310 6//1310
f 889//1311 6//1311 8//1311
f 889//1312 471//1312 4//1312
f 890//1313 481//1313 471//1313
f 890//1314 891//1314 479//1314
f 890//1315 892//1315 891//1315
f 890//1316 471//1316 889//1316
f 890//1317 479//1317 481//1317
f 893//1318 8//1318 10//1318
f 893//1319 10//1319 12//1319
f 893//1320 889//1320 8//1320
f 894//1321 892//1321 890//1321
f 894//1322 890//1322 889//1322
f 894//1323 895//1323 892//1323
f 894//1324 896//1324 895//1324
f 894//1325 889//1325 893//1325
f 897//1326 12//1326 14//1326
f 897//1327 14//1327 16//1327
f 897//1328 893//1328 12//1328
f 898//1329 894//1329 893//1329
f 898//1330 893//1330 897//1330
f 898//1331 899//1331 896//1331
f 898//1332 900//1332 899//1332
f 898//1333 896//1333 894//1333
f 901//1334 16//1334 18//1334
f 901//1335 18//1335 20//1335
f 901//1336 897//1336 16//1336
f 902//1337 897//1337 901//1337
f 902//1338 903//1338 900//1338
f 902//1339 904//1339 903//1339
f 902//1340 898//1340 897//1340
f 902//1341 900//1341 898//1341
f 905//1342 20//1342 22//1342
f 905//1343 22//1343 24//1343
f 905//1344 902//1344 901//1344
f 905//1345 901//1345 20//1345
f 906//1346 907//1346 904//1346
f 906//1347 908//1347 907//1347
f 906//1348 904//1348 902//1348
f 906//1349 902//1349 905//1349
f 909//1350 905//1350 24//1350
f 909//1351 24//1351 26//1351
f 909//1352 26//1352 28//1352
f 910//1353 908//1353 906//1353
f 910//1354 906//1354 905//1354
f 910//1355 905//1355 909//1355
f 910//1356 911//1356 908//1356
f 910//1357 912//1357 911//1357
f 913//1358 28//1358 30//1358
f 913//1359 30//1359 32//1359
f 913//1360 909//1360 28//1360
f 913//1361 910//1361 909//1361
f 914//1362 912//1362 910//1362
f 914//1363 915//1363 912//1363
f 914//1364 910//1364 913//1364
f 914//1365 916//1365 915//1365
f 461//1366 32//1366 34//1366
f 461//1367 34//1367 36//1367
f 461//1368 913//1368 32//1368
f 461//1369 914//1369 913//1369
f 460//1370 914//1370 461//1370
f 460//1371 917//1371 916//1371
f 460//1372 463//1372 917//1372
f 460//1373 916//1373 914//1373
f 465//1374 461//1374 36//1374
f 465//1375 36//1375 38//1375
f 465//1376 38//1376 40//1376
f 287//1377 918//1377 289//1377
f 919//1378 918//1378 287//1378
f 285//1379 920//1379 287//1379
f 287//1380 920//1380 919//1380
f 289//1381 921//1381 291//1381
f 918//1382 921//1382 289//1382
f 285//1383 922//1383 920//1383
f 283//1384 922//1384 285//1384
f 921//1385 923//1385 291//1385
f 291//1386 923//1386 293//1386
f 283//1387 924//1387 922//1387
f 281//1388 924//1388 283//1388
f 293//1389 925//1389 295//1389
f 923//1390 925//1390 293//1390
f 280//1391 926//1391 281//1391
f 281//1392 926//1392 924//1392
f 295//1393 927//1393 297//1393
f 925//1394 927//1394 295//1394
f 275//1395 928//1395 277//1395
f 277//1396 928//1396 280//1396
f 280//1397 928//1397 926//1397
f 297//1398 929//1398 299//1398
f 927//1399 929//1399 297//1399
f 275//1400 930//1400 928//1400
f 929//1401 931//1401 299//1401
f 299//1402 931//1402 301//1402
f 273//1403 932//1403 275//1403
f 275//1404 932//1404 930//1404
f 301//1405 933//1405 303//1405
f 931//1406 933//1406 301//1406
f 271//1407 934//1407 273//1407
f 273//1408 934//1408 932//1408
f 303//1409 935//1409 306//1409
f 933//1410 935//1410 303//1410
f 269//1411 936//1411 271//1411
f 271//1412 936//1412 934//1412
f 306//1413 937//1413 307//1413
f 935//1414 937//1414 306//1414
f 267//1415 938//1415 269//1415
f 269//1416 938//1416 936//1416
f 937//1417 939//1417 307//1417
f 307//1418 939//1418 310//1418
f 310//1419 939//1419 311//1419
f 267//1420 940//1420 938//1420
f 265//1421 940//1421 267//1421
f 939//1422 941//1422 311//1422
f 265//1423 942//1423 940//1423
f 263//1424 942//1424 265//1424
f 311//1425 943//1425 314//1425
f 941//1426 943//1426 311//1426
f 259//1427 944//1427 261//1427
f 261//1428 944//1428 263//1428
f 263//1429 944//1429 942//1429
f 314//1430 945//1430 315//1430
f 315//1431 945//1431 317//1431
f 943//1432 945//1432 314//1432
f 258//1433 946//1433 259//1433
f 259//1434 946//1434 944//1434
f 317//1435 947//1435 319//1435
f 945//1436 947//1436 317//1436
f 258//1437 948//1437 946//1437
f 947//1438 949//1438 319//1438
f 255//1439 950//1439 258//1439
f 258//1440 950//1440 948//1440
f 949//1441 951//1441 319//1441
f 319//1442 951//1442 322//1442
f 322//1443 951//1443 323//1443
f 253//1444 952//1444 255//1444
f 255//1445 952//1445 950//1445
f 951//1446 953//1446 323//1446
f 253//1447 954//1447 952//1447
f 252//1448 954//1448 253//1448
f 953//1449 955//1449 323//1449
f 323//1450 955//1450 326//1450
f 252//1451 956//1451 954//1451
f 249//1452 956//1452 252//1452
f 326//1453 957//1453 327//1453
f 955//1454 957//1454 326//1454
f 247//1455 958//1455 249//1455
f 249//1456 958//1456 956//1456
f 957//1457 959//1457 327//1457
f 327//1458 959//1458 329//1458
f 247//1459 960//1459 958//1459
f 245//1460 960//1460 247//1460
f 329//1461 961//1461 332//1461
f 332//1462 961//1462 333//1462
f 959//1463 961//1463 329//1463
f 244//1464 962//1464 245//1464
f 245//1465 962//1465 960//1465
f 961//1466 963//1466 333//1466
f 242//1467 964//1467 244//1467
f 244//1468 964//1468 962//1468
f 963//1469 965//1469 333//1469
f 333//1470 965//1470 335//1470
f 239//1471 966//1471 242//1471
f 242//1472 966//1472 964//1472
f 965//1473 967//1473 335//1473
f 335//1474 967//1474 337//1474
f 237//1475 968//1475 239//1475
f 239//1476 968//1476 966//1476
f 337//1477 969//1477 340//1477
f 967//1478 969//1478 337//1478
f 236//1479 970//1479 237//1479
f 237//1480 970//1480 968//1480
f 340//1481 971//1481 341//1481
f 341//1482 971//1482 343//1482
f 969//1483 971//1483 340//1483
f 234//1484 972//1484 236//1484
f 236//1485 972//1485 970//1485
f 971//1486 973//1486 343//1486
f 231//1487 974//1487 234//1487
f 234//1488 974//1488 972//1488
f 973//1489 975//1489 343//1489
f 343//1490 975//1490 345//1490
f 345//1491 975//1491 347//1491
f 228//1492 976//1492 229//1492
f 229//1493 976//1493 231//1493
f 231//1494 976//1494 974//1494
f 975//1495 977//1495 347//1495
f 228//1496 978//1496 976//1496
f 347//1497 979//1497 349//1497
f 977//1498 979//1498 347//1498
f 226//1499 980//1499 228//1499
f 228//1500 980//1500 978//1500
f 979//1501 981//1501 349//1501
f 349//1502 981//1502 352//1502
f 352//1503 981//1503 353//1503
f 223//1504 982//1504 226//1504
f 226//1505 982//1505 980//1505
f 981//1506 983//1506 353//1506
f 222//1507 984//1507 223//1507
f 223//1508 984//1508 982//1508
f 983//1509 985//1509 353//1509
f 353//1510 985//1510 355//1510
f 355//1511 985//1511 358//1511
f 219//1512 986//1512 222//1512
f 222//1513 986//1513 984//1513
f 985//1514 987//1514 358//1514
f 217//1515 988//1515 219//1515
f 219//1516 988//1516 986//1516
f 987//1517 989//1517 358//1517
f 358//1518 989//1518 359//1518
f 216//1519 990//1519 217//1519
f 217//1520 990//1520 988//1520
f 989//1521 991//1521 359//1521
f 359//1522 991//1522 362//1522
f 216//1523 992//1523 990//1523
f 213//1524 992//1524 216//1524
f 991//1525 993//1525 362//1525
f 362//1526 993//1526 363//1526
f 209//1527 994//1527 211//1527
f 211//1528 994//1528 213//1528
f 213//1529 994//1529 992//1529
f 993//1530 995//1530 363//1530
f 363//1531 995//1531 366//1531
f 209//1532 996//1532 994//1532
f 366//1533 997//1533 367//1533
f 995//1534 997//1534 366//1534
f 208//1535 998//1535 209//1535
f 209//1536 998//1536 996//1536
f 367//1537 999//1537 369//1537
f 997//1538 999//1538 367//1538
f 205//1539 1000//1539 208//1539
f 208//1540 1000//1540 998//1540
f 369//1541 1001//1541 372//1541
f 999//1542 1001//1542 369//1542
f 205//1543 1002//1543 1000//1543
f 203//1544 1002//1544 205//1544
f 1001//1545 1003//1545 372//1545
f 372//1546 1003//1546 373//1546
f 202//1547 1004//1547 203//1547
f 203//1548 1004//1548 1002//1548
f 1003//1549 1005//1549 373//1549
f 373//1550 1005//1550 376//1550
f 202//1551 1006//1551 1004//1551
f 198//1552 1006//1552 200//1552
f 200//1553 1006//1553 202//1553
f 1005//1554 1007//1554 376//1554
f 376//1555 1007//1555 378//1555
f 198//1556 1008//1556 1006//1556
f 195//1557 1008//1557 198//1557
f 1007//1558 1009//1558 378//1558
f 378//1559 1009//1559 380//1559
f 195//1560 1010//1560 1008//1560
f 1009//1561 1011//1561 380//1561
f 380//1562 1011//1562 381//1562
f 195//1563 1012//1563 1010//1563
f 192//1564 1012//1564 193//1564
f 193//1565 1012//1565 195//1565
f 1011//1566 1013//1566 381//1566
f 381//1567 1013//1567 384//1567
f 192//1568 1014//1568 1012//1568
f 189//1569 1014//1569 192//1569
f 1013//1570 1015//1570 384//1570
f 384//1571 1015//1571 385//1571
f 189//1572 1016//1572 1014//1572
f 1015//1573 1017//1573 385//1573
f 385//1574 1017//1574 387//1574
f 189//1575 1018//1575 1016//1575
f 185//1576 1018//1576 188//1576
f 188//1577 1018//1577 189//1577
f 1017//1578 1019//1578 387//1578
f 387//1579 1019//1579 389//1579
f 185//1580 1020//1580 1018//1580
f 1019//1581 1021//1581 389//1581
f 389//1582 1021//1582 391//1582
f 185//1583 1022//1583 1020//1583
f 183//1584 1022//1584 185//1584
f 1021//1585 1023//1585 391//1585
f 391//1586 1023//1586 393//1586
f 183//1587 1024//1587 1022//1587
f 181//1588 1024//1588 183//1588
f 1023//1589 1025//1589 393//1589
f 393//1590 1025//1590 395//1590
f 181//1591 1026//1591 1024//1591
f 179//1592 1026//1592 181//1592
f 1025//1593 1027//1593 395//1593
f 395//1594 1027//1594 397//1594
f 178//1595 1028//1595 179//1595
f 179//1596 1028//1596 1026//1596
f 1027//1597 1029//1597 397//1597
f 397//1598 1029//1598 399//1598
f 176//1599 1030//1599 178//1599
f 178//1600 1030//1600 1028//1600
f 1029//1601 1031//1601 399//1601
f 399//1602 1031//1602 402//1602
f 176//1603 1032//1603 1030//1603
f 173//1604 1032//1604 176//1604
f 1031//1605 1033//1605 402//1605
f 173//1606 1034//1606 1032//1606
f 1033//1607 404//1607 402//1607
f 173//1608 171//1608 1034//1608
f 1033//1609 1035//1609 404//1609
f 171//1610 1036//1610 1034//1610
f 1035//1611 405//1611 404//1611
f 171//1612 169//1612 1036//1612
f 169//1613 1037//1613 1036//1613
f 1035//1614 407//1614 405//1614
f 1038//1615 407//1615 1035//1615
f 169//1616 167//1616 1037//1616
f 1039//1617 410//1617 1038//1617
f 1040//1618 410//1618 1039//1618
f 1038//1619 410//1619 407//1619
f 1037//1620 165//1620 1041//1620
f 167//1621 165//1621 1037//1621
f 1040//1622 411//1622 410//1622
f 1041//1623 164//1623 1042//1623
f 165//1624 164//1624 1041//1624
f 1043//1625 414//1625 1040//1625
f 1044//1626 414//1626 1043//1626
f 1040//1627 414//1627 411//1627
f 1042//1628 161//1628 1045//1628
f 164//1629 161//1629 1042//1629
f 1044//1630 415//1630 414//1630
f 1045//1631 160//1631 1046//1631
f 161//1632 160//1632 1045//1632
f 1047//1633 417//1633 1044//1633
f 1044//1634 417//1634 415//1634
f 1048//1635 157//1635 1049//1635
f 1046//1636 157//1636 1048//1636
f 160//1637 157//1637 1046//1637
f 1050//1638 419//1638 1047//1638
f 1047//1639 419//1639 417//1639
f 1049//1640 155//1640 1051//1640
f 157//1641 155//1641 1049//1641
f 1052//1642 421//1642 1050//1642
f 1050//1643 421//1643 419//1643
f 1051//1644 154//1644 1053//1644
f 155//1645 154//1645 1051//1645
f 1054//1646 423//1646 1052//1646
f 1052//1647 423//1647 421//1647
f 1053//1648 151//1648 1055//1648
f 154//1649 151//1649 1053//1649
f 1054//1650 425//1650 423//1650
f 1056//1651 425//1651 1054//1651
f 151//1652 149//1652 1055//1652
f 1056//1653 428//1653 425//1653
f 1057//1654 428//1654 1056//1654
f 1055//1655 147//1655 1058//1655
f 149//1656 147//1656 1055//1656
f 1059//1657 429//1657 1057//1657
f 1060//1658 429//1658 1059//1658
f 1057//1659 429//1659 428//1659
f 147//1660 145//1660 1058//1660
f 1061//1661 145//1661 1062//1661
f 1058//1662 145//1662 1061//1662
f 1060//1663 431//1663 429//1663
f 145//1664 143//1664 1062//1664
f 1063//1665 434//1665 1060//1665
f 1060//1666 434//1666 431//1666
f 143//1667 141//1667 1062//1667
f 1062//1668 141//1668 1064//1668
f 1065//1669 435//1669 1063//1669
f 1063//1670 435//1670 434//1670
f 141//1671 139//1671 1064//1671
f 1064//1672 139//1672 1066//1672
f 1067//1673 438//1673 1065//1673
f 1065//1674 438//1674 435//1674
f 139//1675 137//1675 1066//1675
f 1068//1676 137//1676 1069//1676
f 1066//1677 137//1677 1068//1677
f 1070//1678 439//1678 1067//1678
f 1067//1679 439//1679 438//1679
f 137//1680 136//1680 1069//1680
f 1071//1681 442//1681 1070//1681
f 1070//1682 442//1682 439//1682
f 136//1683 133//1683 1069//1683
f 1069//1684 133//1684 1072//1684
f 1073//1685 444//1685 1071//1685
f 1071//1686 444//1686 442//1686
f 133//1687 131//1687 1072//1687
f 1072//1688 131//1688 1074//1688
f 1075//1689 445//1689 1073//1689
f 1073//1690 445//1690 444//1690
f 131//1691 130//1691 1074//1691
f 1074//1692 130//1692 1076//1692
f 1075//1693 448//1693 445//1693
f 1077//1694 448//1694 1075//1694
f 1078//1695 448//1695 1077//1695
f 130//1696 127//1696 1076//1696
f 1076//1697 127//1697 1079//1697
f 1078//1698 449//1698 448//1698
f 127//1699 125//1699 1079//1699
f 1080//1700 125//1700 1081//1700
f 1079//1701 125//1701 1080//1701
f 1078//1702 452//1702 449//1702
f 1082//1703 452//1703 1078//1703
f 125//1704 123//1704 1081//1704
f 1082//1705 453//1705 452//1705
f 1083//1706 453//1706 1082//1706
f 123//1707 122//1707 1081//1707
f 1084//1708 122//1708 1085//1708
f 1081//1709 122//1709 1084//1709
f 1086//1710 455//1710 1083//1710
f 1083//1711 455//1711 453//1711
f 122//1712 119//1712 1085//1712
f 1087//1713 457//1713 1086//1713
f 1086//1714 457//1714 455//1714
f 119//1715 117//1715 1085//1715
f 1088//1716 117//1716 1089//1716
f 1085//1717 117//1717 1088//1717
f 1087//1718 1//1718 457//1718
f 1090//1719 1//1719 1091//1719
f 1091//1720 1//1720 1087//1720
f 117//1721 116//1721 1089//1721
f 1089//1722 116//1722 1092//1722
f 1090//1723 2//1723 1//1723
f 116//1724 113//1724 1092//1724
f 1092//1725 113//1725 1093//1725
f 1090//1726 5//1726 2//1726
f 1094//1727 5//1727 1090//1727
f 113//1728 111//1728 1093//1728
f 1093//1729 111//1729 1095//1729
f 1096//1730 7//1730 1094//1730
f 1097//1731 7//1731 1096//1731
f 1094//1732 7//1732 5//1732
f 111//1733 109//1733 1095//1733
f 1098//1734 9//1734 1097//1734
f 1097//1735 9//1735 7//1735
f 109//1736 107//1736 1095//1736
f 1095//1737 107//1737 1099//1737
f 1098//1738 11//1738 9//1738
f 107//1739 105//1739 1099//1739
f 1100//1740 105//1740 1101//1740
f 1099//1741 105//1741 1100//1741
f 1102//1742 13//1742 1098//1742
f 1098//1743 13//1743 11//1743
f 105//1744 103//1744 1101//1744
f 1103//1745 15//1745 1102//1745
f 1102//1746 15//1746 13//1746
f 103//1747 101//1747 1101//1747
f 1104//1748 101//1748 1105//1748
f 1101//1749 101//1749 1104//1749
f 1106//1750 17//1750 1103//1750
f 1103//1751 17//1751 15//1751
f 101//1752 99//1752 1105//1752
f 1107//1753 19//1753 1106//1753
f 1108//1754 19//1754 1107//1754
f 1106//1755 19//1755 17//1755
f 1105//1756 98//1756 1109//1756
f 99//1757 98//1757 1105//1757
f 1108//1758 21//1758 19//1758
f 1109//1759 95//1759 1110//1759
f 98//1760 95//1760 1109//1760
f 1108//1761 23//1761 21//1761
f 1111//1762 23//1762 1108//1762
f 1110//1763 93//1763 1112//1763
f 95//1764 93//1764 1110//1764
f 1113//1765 25//1765 1111//1765
f 1111//1766 25//1766 23//1766
f 1112//1767 91//1767 1114//1767
f 93//1768 91//1768 1112//1768
f 1115//1769 27//1769 1113//1769
f 1113//1770 27//1770 25//1770
f 1114//1771 89//1771 1116//1771
f 91//1772 89//1772 1114//1772
f 1117//1773 29//1773 1115//1773
f 1118//1774 29//1774 1117//1774
f 1115//1775 29//1775 27//1775
f 89//1776 87//1776 1116//1776
f 1116//1777 87//1777 1119//1777
f 1118//1778 31//1778 29//1778
f 87//1779 85//1779 1119//1779
f 1120//1780 85//1780 1121//1780
f 1119//1781 85//1781 1120//1781
f 1122//1782 33//1782 1118//1782
f 1118//1783 33//1783 31//1783
f 85//1784 83//1784 1121//1784
f 1123//1785 35//1785 1122//1785
f 1124//1786 35//1786 1123//1786
f 1122//1787 35//1787 33//1787
f 1121//1788 81//1788 1125//1788
f 83//1789 81//1789 1121//1789
f 1124//1790 37//1790 35//1790
f 1126//1791 37//1791 1124//1791
f 81//1792 79//1792 1125//1792
f 1125//1793 79//1793 1127//1793
f 1126//1794 39//1794 37//1794
f 79//1795 77//1795 1127//1795
f 1127//1796 77//1796 1128//1796
f 1126//1797 41//1797 39//1797
f 1129//1798 41//1798 1126//1798
f 1130//1799 41//1799 1129//1799
f 77//1800 75//1800 1128//1800
f 1128//1801 75//1801 1131//1801
f 1130//1802 43//1802 41//1802
f 75//1803 73//1803 1131//1803
f 1131//1804 73//1804 1132//1804
f 1130//1805 45//1805 43//1805
f 1133//1806 45//1806 1130//1806
f 73//1807 71//1807 1132//1807
f 1132//1808 71//1808 1134//1808
f 1133//1809 47//1809 45//1809
f 1135//1810 47//1810 1133//1810
f 71//1811 69//1811 1134//1811
f 1134//1812 69//1812 1136//1812
f 1137//1813 50//1813 1135//1813
f 1135//1814 50//1814 47//1814
f 69//1815 67//1815 1136//1815
f 1136//1816 67//1816 1138//1816
f 1137//1817 51//1817 50//1817
f 1139//1818 51//1818 1137//1818
f 1140//1819 51//1819 1139//1819
f 67//1820 65//1820 1138//1820
f 1138//1821 65//1821 1141//1821
f 1140//1822 53//1822 51//1822
f 65//1823 63//1823 1141//1823
f 1141//1824 63//1824 1142//1824
f 1140//1825 55//1825 53//1825
f 1143//1826 55//1826 1140//1826
f 63//1827 61//1827 1142//1827
f 1142//1828 61//1828 1144//1828
f 1145//1829 57//1829 1143//1829
f 1146//1830 57//1830 1145//1830
f 1143//1831 57//1831 55//1831
f 1144//1832 59//1832 1146//1832
f 1146//1833 59//1833 57//1833
f 61//1834 59//1834 1144//1834
f 1147//1835 716//1835 719//1835
f 1148//1836 719//1836 720//1836
f 1148//1837 1147//1837 719//1837
f 1149//1838 716//1838 1147//1838
f 1150//1839 1148//1839 720//1839
f 1150//1840 720//1840 723//1840
f 1151//1841 712//1841 715//1841
f 1151//1842 716//1842 1149//1842
f 1151//1843 715//1843 716//1843
f 1152//1844 1150//1844 723//1844
f 1152//1845 723//1845 724//1845
f 1153//1846 711//1846 712//1846
f 1153//1847 712//1847 1151//1847
f 1154//1848 724//1848 727//1848
f 1154//1849 1152//1849 724//1849
f 1155//1850 708//1850 711//1850
f 1155//1851 711//1851 1153//1851
f 1156//1852 1154//1852 727//1852
f 1156//1853 727//1853 728//1853
f 1157//1854 707//1854 708//1854
f 1157//1855 708//1855 1155//1855
f 1158//1856 728//1856 731//1856
f 1158//1857 1156//1857 728//1857
f 1159//1858 704//1858 707//1858
f 1159//1859 707//1859 1157//1859
f 1160//1860 1158//1860 731//1860
f 1160//1861 731//1861 732//1861
f 1161//1862 704//1862 1159//1862
f 1162//1863 1160//1863 732//1863
f 1162//1864 732//1864 735//1864
f 1163//1865 703//1865 704//1865
f 1163//1866 704//1866 1161//1866
f 1164//1867 1162//1867 735//1867
f 1164//1868 735//1868 736//1868
f 1165//1869 700//1869 703//1869
f 1165//1870 703//1870 1163//1870
f 1166//1871 1164//1871 736//1871
f 1166//1872 736//1872 739//1872
f 1167//1873 700//1873 1165//1873
f 1167//1874 696//1874 699//1874
f 1167//1875 699//1875 700//1875
f 1168//1876 739//1876 740//1876
f 1168//1877 1166//1877 739//1877
f 1169//1878 695//1878 696//1878
f 1169//1879 696//1879 1167//1879
f 1170//1880 740//1880 743//1880
f 1170//1881 1168//1881 740//1881
f 1171//1882 695//1882 1169//1882
f 1172//1883 1170//1883 743//1883
f 1172//1884 743//1884 744//1884
f 1173//1885 691//1885 692//1885
f 1173//1886 692//1886 695//1886
f 1173//1887 695//1887 1171//1887
f 1174//1888 744//1888 747//1888
f 1174//1889 1172//1889 744//1889
f 1175//1890 688//1890 691//1890
f 1175//1891 691//1891 1173//1891
f 1176//1892 1174//1892 747//1892
f 1176//1893 747//1893 748//1893
f 1177//1894 687//1894 688//1894
f 1177//1895 688//1895 1175//1895
f 1178//1896 748//1896 751//1896
f 1178//1897 1176//1897 748//1897
f 1179//1898 687//1898 1177//1898
f 1180//1899 1178//1899 751//1899
f 1180//1900 751//1900 752//1900
f 1181//1901 687//1901 1179//1901
f 1181//1902 683//1902 684//1902
f 1181//1903 684//1903 687//1903
f 1182//1904 1180//1904 752//1904
f 1182//1905 752//1905 755//1905
f 1183//1906 680//1906 683//1906
f 1183//1907 683//1907 1181//1907
f 1184//1908 1182//1908 755//1908
f 1184//1909 755//1909 756//1909
f 1185//1910 679//1910 680//1910
f 1185//1911 680//1911 1183//1911
f 1186//1912 1184//1912 756//1912
f 1186//1913 756//1913 759//1913
f 1187//1914 679//1914 1185//1914
f 1188//1915 1186//1915 759//1915
f 1188//1916 759//1916 760//1916
f 1189//1917 675//1917 676//1917
f 1189//1918 676//1918 679//1918
f 1189//1919 679//1919 1187//1919
f 1190//1920 760//1920 763//1920
f 1190//1921 1188//1921 760//1921
f 1191//1922 672//1922 675//1922
f 1191//1923 675//1923 1189//1923
f 1192//1924 1190//1924 763//1924
f 1192//1925 763//1925 764//1925
f 1193//1926 672//1926 1191//1926
f 1194//1927 764//1927 767//1927
f 1194//1928 1192//1928 764//1928
f 1195//1929 668//1929 671//1929
f 1195//1930 671//1930 672//1930
f 1195//1931 672//1931 1193//1931
f 1196//1932 1194//1932 767//1932
f 1196//1933 767//1933 768//1933
f 1197//1934 668//1934 1195//1934
f 1198//1935 768//1935 771//1935
f 1198//1936 1196//1936 768//1936
f 1199//1937 664//1937 667//1937
f 1199//1938 667//1938 668//1938
f 1199//1939 668//1939 1197//1939
f 1200//1940 1198//1940 771//1940
f 1200//1941 771//1941 772//1941
f 1201//1942 663//1942 664//1942
f 1201//1943 664//1943 1199//1943
f 1202//1944 772//1944 775//1944
f 1202//1945 1200//1945 772//1945
f 1203//1946 663//1946 1201//1946
f 1204//1947 775//1947 776//1947
f 1204//1948 1202//1948 775//1948
f 1205//1949 663//1949 1203//1949
f 1205//1950 660//1950 663//1950
f 1206//1951 1204//1951 776//1951
f 1206//1952 776//1952 779//1952
f 1207//1953 657//1953 660//1953
f 1207//1954 660//1954 1205//1954
f 1208//1955 1206//1955 779//1955
f 1208//1956 779//1956 780//1956
f 1209//1957 657//1957 1207//1957
f 1209//1958 653//1958 656//1958
f 1209//1959 656//1959 657//1959
f 1210//1960 1208//1960 780//1960
f 1210//1961 780//1961 783//1961
f 1211//1962 652//1962 653//1962
f 1211//1963 653//1963 1209//1963
f 1212//1964 783//1964 784//1964
f 1212//1965 1210//1965 783//1965
f 1213//1966 652//1966 1211//1966
f 1214//1967 784//1967 787//1967
f 1214//1968 1212//1968 784//1968
f 1215//1969 649//1969 652//1969
f 1215//1970 652//1970 1213//1970
f 1216//1971 787//1971 788//1971
f 1216//1972 1214//1972 787//1972
f 1217//1973 645//1973 648//1973
f 1217//1974 648//1974 649//1974
f 1217//1975 649//1975 1215//1975
f 1218//1976 1216//1976 788//1976
f 1218//1977 788//1977 791//1977
f 1219//1978 644//1978 645//1978
f 1219//1979 645//1979 1217//1979
f 1220//1980 1218//1980 791//1980
f 1220//1981 791//1981 792//1981
f 1221//1982 644//1982 1219//1982
f 1222//1983 1220//1983 792//1983
f 1222//1984 792//1984 795//1984
f 1223//1985 641//1985 644//1985
f 1223//1986 644//1986 1221//1986
f 1224//1987 795//1987 796//1987
f 1224//1988 1222//1988 795//1988
f 1225//1989 640//1989 641//1989
f 1225//1990 641//1990 1223//1990
f 1226//1991 1224//1991 796//1991
f 1226//1992 796//1992 799//1992
f 1227//1993 637//1993 640//1993
f 1227//1994 640//1994 1225//1994
f 1228//1995 1226//1995 799//1995
f 1228//1996 799//1996 800//1996
f 1229//1997 636//1997 637//1997
f 1229//1998 637//1998 1227//1998
f 1230//1999 1228//1999 800//1999
f 1230//2000 800//2000 803//2000
f 1231//2001 632//2001 633//2001
f 1231//2002 633//2002 636//2002
f 1231//2003 636//2003 1229//2003
f 1232//2004 1230//2004 803//2004
f 1232//2005 803//2005 804//2005
f 1233//2006 632//2006 1231//2006
f 1234//2007 1232//2007 804//2007
f 1234//2008 804//2008 807//2008
f 1235//2009 632//2009 1233//2009
f 1235//2010 629//2010 632//2010
f 1236//2011 1234//2011 807//2011
f 1236//2012 807//2012 808//2012
f 1237//2013 629//2013 1235//2013
f 1237//2014 625//2014 628//2014
f 1237//2015 628//2015 629//2015
f 1238//2016 1236//2016 808//2016
f 1238//2017 808//2017 811//2017
f 1239//2018 625//2018 1237//2018
f 1239//2019 624//2019 625//2019
f 1240//2020 1238//2020 811//2020
f 1240//2021 811//2021 812//2021
f 1241//2022 624//2022 1239//2022
f 1241//2023 621//2023 624//2023
f 1242//2024 1240//2024 812//2024
f 1242//2025 812//2025 815//2025
f 1243//2026 621//2026 1241//2026
f 1244//2027 815//2027 816//2027
f 1244//2028 1242//2028 815//2028
f 1245//2029 621//2029 1243//2029
f 1245//2030 617//2030 620//2030
f 1245//2031 620//2031 621//2031
f 1246//2032 1244//2032 816//2032
f 1246//2033 816//2033 819//2033
f 1247//2034 617//2034 1245//2034
f 1248//2035 1246//2035 819//2035
f 1248//2036 819//2036 820//2036
f 1249//2037 617//2037 1247//2037
f 1249//2038 616//2038 617//2038
f 1250//2039 1248//2039 820//2039
f 1250//2040 820//2040 823//2040
f 1251//2041 616//2041 1249//2041
f 1251//2042 613//2042 616//2042
f 1252//2043 1250//2043 823//2043
f 1252//2044 823//2044 824//2044
f 1253//2045 613//2045 1251//2045
f 1253//2046 612//2046 613//2046
f 1254//2047 1252//2047 824//2047
f 1254//2048 824//2048 827//2048
f 1255//2049 609//2049 612//2049
f 1255//2050 612//2050 1253//2050
f 1256//2051 1254//2051 827//2051
f 1256//2052 827//2052 828//2052
f 1257//2053 608//2053 609//2053
f 1257//2054 609//2054 1255//2054
f 1258//2055 1256//2055 828//2055
f 1258//2056 828//2056 831//2056
f 1259//2057 608//2057 1257//2057
f 1259//2058 605//2058 608//2058
f 604//2059 605//2059 1259//2059
f 1260//2060 1258//2060 831//2060
f 1260//2061 831//2061 832//2061
f 1261//2062 604//2062 1259//2062
f 835//2063 1260//2063 832//2063
f 835//2064 1262//2064 1260//2064
f 601//2065 604//2065 1261//2065
f 601//2066 1261//2066 1263//2066
f 836//2067 1262//2067 835//2067
f 836//2068 1264//2068 1265//2068
f 836//2069 1265//2069 1262//2069
f 600//2070 601//2070 1263//2070
f 600//2071 1263//2071 1266//2071
f 839//2072 1264//2072 836//2072
f 597//2073 600//2073 1266//2073
f 597//2074 1266//2074 1267//2074
f 840//2075 1264//2075 839//2075
f 840//2076 1268//2076 1264//2076
f 596//2077 597//2077 1267//2077
f 596//2078 1267//2078 1269//2078
f 596//2079 1269//2079 1270//2079
f 843//2080 1271//2080 1268//2080
f 843//2081 1268//2081 840//2081
f 593//2082 596//2082 1270//2082
f 844//2083 1272//2083 1271//2083
f 844//2084 1271//2084 843//2084
f 592//2085 1270//2085 1273//2085
f 592//2086 1273//2086 1274//2086
f 592//2087 593//2087 1270//2087
f 847//2088 1272//2088 844//2088
f 847//2089 1275//2089 1272//2089
f 589//2090 592//2090 1274//2090
f 848//2091 1275//2091 847//2091
f 848//2092 1276//2092 1275//2092
f 588//2093 589//2093 1274//2093
f 588//2094 1274//2094 1277//2094
f 851//2095 1276//2095 848//2095
f 851//2096 1278//2096 1276//2096
f 585//2097 588//2097 1277//2097
f 585//2098 1277//2098 1279//2098
f 852//2099 1280//2099 1281//2099
f 852//2100 1281//2100 1278//2100
f 852//2101 1278//2101 851//2101
f 584//2102 585//2102 1279//2102
f 584//2103 1279//2103 1282//2103
f 855//2104 1280//2104 852//2104
f 855//2105 1283//2105 1280//2105
f 581//2106 584//2106 1282//2106
f 581//2107 1282//2107 1284//2107
f 856//2108 1283//2108 855//2108
f 580//2109 581//2109 1284//2109
f 580//2110 1284//2110 1285//2110
f 580//2111 1285//2111 1286//2111
f 859//2112 1283//2112 856//2112
f 859//2113 1287//2113 1288//2113
f 859//2114 1288//2114 1283//2114
f 577//2115 580//2115 1286//2115
f 860//2116 1287//2116 859//2116
f 860//2117 1289//2117 1287//2117
f 576//2118 577//2118 1286//2118
f 576//2119 1286//2119 1290//2119
f 863//2120 1291//2120 1289//2120
f 863//2121 1289//2121 860//2121
f 573//2122 576//2122 1290//2122
f 573//2123 1290//2123 1292//2123
f 864//2124 1291//2124 863//2124
f 572//2125 573//2125 1292//2125
f 572//2126 1292//2126 1293//2126
f 867//2127 1294//2127 1291//2127
f 867//2128 1291//2128 864//2128
f 569//2129 572//2129 1293//2129
f 569//2130 1293//2130 1295//2130
f 569//2131 1295//2131 1296//2131
f 868//2132 1297//2132 1298//2132
f 868//2133 1298//2133 1294//2133
f 868//2134 1294//2134 867//2134
f 568//2135 569//2135 1296//2135
f 871//2136 1297//2136 868//2136
f 565//2137 568//2137 1296//2137
f 565//2138 1296//2138 1299//2138
f 872//2139 1300//2139 1297//2139
f 872//2140 1297//2140 871//2140
f 564//2141 1299//2141 1301//2141
f 564//2142 565//2142 1299//2142
f 875//2143 1300//2143 872//2143
f 875//2144 1302//2144 1300//2144
f 561//2145 564//2145 1301//2145
f 561//2146 1301//2146 1303//2146
f 876//2147 1304//2147 1302//2147
f 876//2148 1302//2148 875//2148
f 560//2149 561//2149 1303//2149
f 560//2150 1303//2150 1305//2150
f 560//2151 1305//2151 1306//2151
f 879//2152 1307//2152 1304//2152
f 879//2153 1304//2153 876//2153
f 557//2154 560//2154 1306//2154
f 557//2155 1306//2155 1308//2155
f 880//2156 1309//2156 1307//2156
f 880//2157 1307//2157 879//2157
f 556//2158 557//2158 1308//2158
f 556//2159 1308//2159 1310//2159
f 883//2160 1311//2160 1312//2160
f 883//2161 1312//2161 1309//2161
f 883//2162 1309//2162 880//2162
f 553//2163 556//2163 1310//2163
f 884//2164 1311//2164 883//2164
f 552//2165 553//2165 1310//2165
f 552//2166 1310//2166 1313//2166
f 887//2167 1311//2167 884//2167
f 887//2168 1314//2168 1311//2168
f 549//2169 552//2169 1313//2169
f 549//2170 1313//2170 1315//2170
f 888//2171 1316//2171 1317//2171
f 888//2172 1314//2172 887//2172
f 888//2173 1317//2173 1314//2173
f 548//2174 549//2174 1315//2174
f 548//2175 1315//2175 1318//2175
f 480//2176 1316//2176 888//2176
f 545//2177 548//2177 1318//2177
f 545//2178 1318//2178 1319//2178
f 479//2179 1316//2179 480//2179
f 479//2180 1320//2180 1321//2180
f 479//2181 1321//2181 1316//2181
f 544//2182 545//2182 1319//2182
f 544//2183 1319//2183 1322//2183
f 891//2184 1320//2184 479//2184
f 541//2185 544//2185 1322//2185
f 541//2186 1322//2186 1323//2186
f 892//2187 1320//2187 891//2187
f 892//2188 1324//2188 1325//2188
f 892//2189 1325//2189 1320//2189
f 540//2190 1323//2190 1326//2190
f 540//2191 1326//2191 1327//2191
f 540//2192 541//2192 1323//2192
f 895//2193 1324//2193 892//2193
f 537//2194 1327//2194 1328//2194
f 537//2195 540//2195 1327//2195
f 896//2196 1329//2196 1324//2196
f 896//2197 1324//2197 895//2197
f 536//2198 537//2198 1328//2198
f 899//2199 1330//2199 1329//2199
f 899//2200 1329//2200 896//2200
f 533//2201 1328//2201 1331//2201
f 533//2202 536//2202 1328//2202
f 900//2203 1330//2203 899//2203
f 900//2204 1332//2204 1330//2204
f 532//2205 1331//2205 1333//2205
f 532//2206 533//2206 1331//2206
f 532//2207 1333//2207 1334//2207
f 903//2208 1332//2208 900//2208
f 903//2209 1335//2209 1336//2209
f 903//2210 1336//2210 1332//2210
f 529//2211 1334//2211 1337//2211
f 529//2212 532//2212 1334//2212
f 904//2213 1335//2213 903//2213
f 528//2214 529//2214 1337//2214
f 907//2215 1338//2215 1339//2215
f 907//2216 1339//2216 1335//2216
f 907//2217 1335//2217 904//2217
f 525//2218 1337//2218 1340//2218
f 525//2219 528//2219 1337//2219
f 908//2220 1338//2220 907//2220
f 524//2221 1340//2221 1341//2221
f 524//2222 525//2222 1340//2222
f 911//2223 1342//2223 1343//2223
f 911//2224 1343//2224 1338//2224
f 911//2225 1338//2225 908//2225
f 521//2226 1341//2226 1344//2226
f 521//2227 524//2227 1341//2227
f 912//2228 1342//2228 911//2228
f 520//2229 1344//2229 1345//2229
f 520//2230 521//2230 1344//2230
f 915//2231 1346//2231 1347//2231
f 915//2232 1347//2232 1342//2232
f 915//2233 1342//2233 912//2233
f 517//2234 1345//2234 1348//2234
f 517//2235 1348//2235 1349//2235
f 517//2236 520//2236 1345//2236
f 916//2237 1346//2237 915//2237
f 916//2238 1350//2238 1346//2238
f 516//2239 517//2239 1349//2239
f 917//2240 1350//2240 916//2240
f 917//2241 1351//2241 1350//2241
f 513//2242 1349//2242 1352//2242
f 513//2243 516//2243 1349//2243
f 463//2244 1351//2244 917//2244
f 463//2245 1353//2245 1351//2245
f 512//2246 513//2246 1352//2246
f 512//2247 1352//2247 1354//2247
f 462//2248 1353//2248 463//2248
f 509//2249 1354//2249 1355//2249
f 509//2250 1355//2250 1356//2250
f 509//2251 512//2251 1354//2251
f 464//2252 1353//2252 462//2252
f 464//2253 1357//2253 1353//2253
f 508//2254 509//2254 1356//2254
f 468//2255 1357//2255 464//2255
f 468//2256 1358//2256 1357//2256
f 505//2257 1356//2257 1359//2257
f 505//2258 508//2258 1356//2258
f 469//2259 1358//2259 468//2259
f 469//2260 1360//2260 1358//2260
f 504//2261 1359//2261 1361//2261
f 504//2262 505//2262 1359//2262
f 473//2263 1362//2263 1360//2263
f 473//2264 1360//2264 469//2264
f 501//2265 1361//2265 1363//2265
f 501//2266 504//2266 1361//2266
f 474//2267 1362//2267 473//2267
f 474//2268 1364//2268 1362//2268
f 500//2269 1363//2269 1365//2269
f 500//2270 501//2270 1363//2270
f 477//2271 1366//2271 1364//2271
f 477//2272 1364//2272 474//2272
f 497//2273 1365//2273 1367//2273
f 497//2274 500//2274 1365//2274
f 478//2275 1368//2275 1366//2275
f 478//2276 1366//2276 477//2276
f 496//2277 1367//2277 1369//2277
f 496//2278 1369//2278 1370//2278
f 496//2279 497//2279 1367//2279
f 484//2280 1371//2280 1368//2280
f 484//2281 1368//2281 478//2281
f 493//2282 496//2282 1370//2282
f 485//2283 1372//2283 1371//2283
f 485//2284 1371//2284 484//2284
f 492//2285 1370//2285 1373//2285
f 492//2286 1373//2286 1374//2286
f 492//2287 493//2287 1370//2287
f 488//2288 1375//2288 1372//2288
f 488//2289 1372//2289 485//2289
f 489//2290 1374//2290 1375//2290
f 489//2291 492//2291 1374//2291
f 489//2292 1375//2292 488//2292
f 1376//2293 1377//2293 1091//2293
f 1091//2294 1377//2294 1090//2294
f 1090//2295 1378//2295 1094//2295
f 1377//2296 1378//2296 1090//2296
f 1094//2297 1379//2297 1096//2297
f 1378//2298 1379//2298 1094//2298
f 1096//2299 1380//2299 1097//2299
f 1379//2300 1380//2300 1096//2300
f 1097//2301 1381//2301 1098//2301
f 1382//2302 1381//2302 1380//2302
f 1380//2303 1381//2303 1097//2303
f 1098//2304 1383//2304 1102//2304
f 1381//2305 1383//2305 1098//2305
f 1383//2306 1384//2306 1102//2306
f 1102//2307 1384//2307 1103//2307
f 1384//2308 1385//2308 1103//2308
f 1103//2309 1385//2309 1106//2309
f 1385//2310 1386//2310 1106//2310
f 1106//2311 1386//2311 1107//2311
f 1107//2312 1387//2312 1108//2312
f 1386//2313 1387//2313 1107//2313
f 1108//2314 1388//2314 1111//2314
f 1387//2315 1388//2315 1108//2315
f 1111//2316 1389//2316 1113//2316
f 1388//2317 1389//2317 1111//2317
f 1389//2318 1390//2318 1113//2318
f 1113//2319 1390//2319 1115//2319
f 1115//2320 1391//2320 1117//2320
f 1390//2321 1391//2321 1115//2321
f 1117//2322 1392//2322 1118//2322
f 1391//2323 1392//2323 1117//2323
f 1118//2324 1393//2324 1122//2324
f 1392//2325 1393//2325 1118//2325
f 1122//2326 1394//2326 1123//2326
f 1393//2327 1394//2327 1122//2327
f 1123//2328 1395//2328 1124//2328
f 1394//2329 1395//2329 1123//2329
f 1124//2330 1396//2330 1126//2330
f 1395//2331 1396//2331 1124//2331
f 1126//2332 1397//2332 1129//2332
f 1396//2333 1397//2333 1126//2333
f 1129//2334 1398//2334 1130//2334
f 1397//2335 1398//2335 1129//2335
f 1130//2336 1399//2336 1133//2336
f 1398//2337 1399//2337 1130//2337
f 1133//2338 1400//2338 1135//2338
f 1399//2339 1400//2339 1133//2339
f 1135//2340 1401//2340 1137//2340
f 1400//2341 1401//2341 1135//2341
f 1137//2342 1402//2342 1139//2342
f 1401//2343 1402//2343 1137//2343
f 1139//2344 1403//2344 1140//2344
f 1402//2345 1403//2345 1139//2345
f 1140//2346 1404//2346 1143//2346
f 1403//2347 1404//2347 1140//2347
f 1143//2348 1405//2348 1145//2348
f 1404//2349 1405//2349 1143//2349
f 1145//2350 1406//2350 1146//2350
f 1405//2351 1406//2351 1145//2351
f 1146//2352 1407//2352 1144//2352
f 1406//2353 1407//2353 1146//2353
f 1144//2354 1408//2354 1142//2354
f 1407//2355 1408//2355 1144//2355
f 1142//2356 1409//2356 1141//2356
f 1408//2357 1409//2357 1142//2357
f 1409//2358 1410//2358 1141//2358
f 1141//2359 1410//2359 1138//2359
f 1410//2360 1411//2360 1138//2360
f 1138//2361 1411//2361 1136//2361
f 1411//2362 1412//2362 1136//2362
f 1136//2363 1412//2363 1134//2363
f 1412//2364 1413//2364 1134//2364
f 1134//2365 1413//2365 1132//2365
f 1413//2366 1414//2366 1132//2366
f 1132//2367 1414//2367 1131//2367
f 1414//2368 1415//2368 1131//2368
f 1131//2369 1415//2369 1128//2369
f 1415//2370 1416//2370 1128//2370
f 1128//2371 1416//2371 1127//2371
f 1416//2372 1417//2372 1127//2372
f 1127//2373 1417//2373 1125//2373
f 1417//2374 1418//2374 1125//2374
f 1125//2375 1418//2375 1121//2375
f 1418//2376 1419//2376 1121//2376
f 1121//2377 1419//2377 1120//2377
f 1419//2378 1420//2378 1120//2378
f 1120//2379 1420//2379 1119//2379
f 1119//2380 1421//2380 1116//2380
f 1420//2381 1421//2381 1119//2381
f 1116//2382 1422//2382 1114//2382
f 1421//2383 1422//2383 1116//2383
f 1114//2384 1423//2384 1112//2384
f 1422//2385 1423//2385 1114//2385
f 1112//2386 1424//2386 1110//2386
f 1423//2387 1424//2387 1112//2387
f 1110//2388 1425//2388 1109//2388
f 1424//2389 1425//2389 1110//2389
f 1109//2390 1426//2390 1105//2390
f 1425//2391 1426//2391 1109//2391
f 1105//2392 1427//2392 1104//2392
f 1426//2393 1427//2393 1105//2393
f 1104//2394 1428//2394 1101//2394
f 1427//2395 1428//2395 1104//2395
f 1101//2396 1429//2396 1100//2396
f 1428//2397 1429//2397 1101//2397
f 1100//2398 1430//2398 1099//2398
f 1429//2399 1430//2399 1100//2399
f 1430//2400 1431//2400 1099//2400
f 1099//2401 1432//2401 1095//2401
f 1095//2402 1432//2402 1093//2402
f 1431//2403 1432//2403 1099//2403
f 1431//2404 1433//2404 1432//2404
f 1432//2405 1434//2405 1093//2405
f 1093//2406 1435//2406 1092//2406
f 1434//2407 1435//2407 1093//2407
f 1435//2408 1436//2408 1092//2408
f 1092//2409 1436//2409 1089//2409
f 1436//2410 1437//2410 1089//2410
f 1089//2411 1437//2411 1088//2411
f 1437//2412 1438//2412 1088//2412
f 1088//2413 1438//2413 1085//2413
f 1438//2414 1439//2414 1085//2414
f 1085//2415 1439//2415 1084//2415
f 1439//2416 1440//2416 1084//2416
f 1084//2417 1440//2417 1081//2417
f 1441//2418 1442//2418 1440//2418
f 1440//2419 1442//2419 1081//2419
f 1081//2420 1442//2420 1080//2420
f 1442//2421 1443//2421 1080//2421
f 1080//2422 1443//2422 1079//2422
f 1443//2423 1444//2423 1079//2423
f 1079//2424 1444//2424 1076//2424
f 1444//2425 1445//2425 1076//2425
f 1076//2426 1445//2426 1074//2426
f 1445//2427 1446//2427 1074//2427
f 1074//2428 1446//2428 1072//2428
f 1446//2429 1447//2429 1072//2429
f 1072//2430 1447//2430 1069//2430
f 1447//2431 1448//2431 1069//2431
f 1069//2432 1448//2432 1068//2432
f 1448//2433 1449//2433 1068//2433
f 1068//2434 1449//2434 1066//2434
f 1449//2435 1450//2435 1066//2435
f 1066//2436 1450//2436 1064//2436
f 1450//2437 1451//2437 1064//2437
f 1064//2438 1451//2438 1062//2438
f 1451//2439 1452//2439 1062//2439
f 1062//2440 1452//2440 1061//2440
f 1452//2441 1453//2441 1061//2441
f 1061//2442 1453//2442 1058//2442
f 1453//2443 1454//2443 1058//2443
f 1058//2444 1454//2444 1055//2444
f 1454//2445 1455//2445 1055//2445
f 1055//2446 1455//2446 1053//2446
f 1053//2447 1456//2447 1051//2447
f 1455//2448 1456//2448 1053//2448
f 1051//2449 1457//2449 1049//2449
f 1456//2450 1457//2450 1051//2450
f 1049//2451 1458//2451 1048//2451
f 1457//2452 1458//2452 1049//2452
f 1048//2453 1459//2453 1046//2453
f 1458//2454 1459//2454 1048//2454
f 1046//2455 1460//2455 1045//2455
f 1459//2456 1460//2456 1046//2456
f 1045//2457 1461//2457 1042//2457
f 1460//2458 1461//2458 1045//2458
f 1461//2459 1462//2459 1042//2459
f 1042//2460 1462//2460 1041//2460
f 1462//2461 1463//2461 1041//2461
f 1041//2462 1463//2462 1037//2462
f 1463//2463 1464//2463 1037//2463
f 1037//2464 1464//2464 1036//2464
f 1464//2465 1465//2465 1036//2465
f 1036//2466 1465//2466 1034//2466
f 1465//2467 1466//2467 1034//2467
f 1034//2468 1466//2468 1032//2468
f 1466//2469 1467//2469 1032//2469
f 1032//2470 1467//2470 1030//2470
f 1467//2471 1468//2471 1030//2471
f 1030//2472 1468//2472 1028//2472
f 1468//2473 1469//2473 1028//2473
f 1028//2474 1469//2474 1026//2474
f 1469//2475 1470//2475 1026//2475
f 1026//2476 1470//2476 1024//2476
f 1470//2477 1471//2477 1024//2477
f 1024//2478 1471//2478 1022//2478
f 1471//2479 1472//2479 1022//2479
f 1022//2480 1472//2480 1020//2480
f 1472//2481 1473//2481 1020//2481
f 1020//2482 1473//2482 1018//2482
f 1473//2483 1474//2483 1018//2483
f 1018//2484 1474//2484 1016//2484
f 1474//2485 1475//2485 1016//2485
f 1016//2486 1475//2486 1014//2486
f 1014//2487 1476//2487 1012//2487
f 1475//2488 1476//2488 1014//2488
f 1012//2489 1477//2489 1010//2489
f 1476//2490 1477//2490 1012//2490
f 1010//2491 1478//2491 1008//2491
f 1477//2492 1478//2492 1010//2492
f 1008//2493 1479//2493 1006//2493
f 1478//2494 1479//2494 1008//2494
f 1006//2495 1480//2495 1004//2495
f 1479//2496 1480//2496 1006//2496
f 1004//2497 1481//2497 1002//2497
f 1480//2498 1481//2498 1004//2498
f 1002//2499 1482//2499 1000//2499
f 1481//2500 1482//2500 1002//2500
f 1000//2501 1483//2501 998//2501
f 1482//2502 1483//2502 1000//2502
f 998//2503 1484//2503 996//2503
f 1483//2504 1484//2504 998//2504
f 996//2505 1485//2505 994//2505
f 1484//2506 1485//2506 996//2506
f 994//2507 1486//2507 992//2507
f 1485//2508 1486//2508 994//2508
f 1486//2509 1487//2509 992//2509
f 992//2510 1487//2510 990//2510
f 1487//2511 1488//2511 990//2511
f 990//2512 1488//2512 988//2512
f 988//2513 1489//2513 986//2513
f 1488//2514 1489//2514 988//2514
f 986//2515 1490//2515 984//2515
f 1489//2516 1490//2516 986//2516
f 1490//2517 1491//2517 984//2517
f 984//2518 1492//2518 982//2518
f 982//2519 1492//2519 980//2519
f 1491//2520 1492//2520 984//2520
f 1491//2521 1493//2521 1492//2521
f 1492//2522 1494//2522 980//2522
f 980//2523 1494//2523 978//2523
f 978//2524 1495//2524 976//2524
f 1494//2525 1495//2525 978//2525
f 976//2526 1496//2526 974//2526
f 1495//2527 1496//2527 976//2527
f 1496//2528 1497//2528 974//2528
f 974//2529 1498//2529 972//2529
f 1497//2530 1498//2530 974//2530
f 972//2531 1499//2531 970//2531
f 1498//2532 1499//2532 972//2532
f 970//2533 1500//2533 968//2533
f 1499//2534 1500//2534 970//2534
f 1500//2535 966//2535 968//2535
f 1501//2536 1502//2536 1500//2536
f 1500//2537 1502//2537 966//2537
f 966//2538 1503//2538 964//2538
f 1502//2539 1503//2539 966//2539
f 964//2540 1504//2540 962//2540
f 1503//2541 1504//2541 964//2541
f 962//2542 1505//2542 960//2542
f 1504//2543 1505//2543 962//2543
f 960//2544 1506//2544 958//2544
f 1505//2545 1506//2545 960//2545
f 958//2546 1507//2546 956//2546
f 1506//2547 1507//2547 958//2547
f 956//2548 1508//2548 954//2548
f 1507//2549 1508//2549 956//2549
f 954//2550 1509//2550 952//2550
f 1508//2551 1509//2551 954//2551
f 952//2552 1510//2552 950//2552
f 1509//2553 1510//2553 952//2553
f 950//2554 1511//2554 948//2554
f 1510//2555 1511//2555 950//2555
f 948//2556 1512//2556 946//2556
f 1511//2557 1512//2557 948//2557
f 946//2558 1513//2558 944//2558
f 1512//2559 1513//2559 946//2559
f 1513//2560 1514//2560 944//2560
f 944//2561 1514//2561 942//2561
f 1514//2562 1515//2562 942//2562
f 942//2563 1515//2563 940//2563
f 1515//2564 1516//2564 940//2564
f 940//2565 1516//2565 938//2565
f 1516//2566 1517//2566 938//2566
f 938//2567 1517//2567 936//2567
f 1517//2568 1518//2568 936//2568
f 936//2569 1518//2569 934//2569
f 1518//2570 1519//2570 934//2570
f 934//2571 1519//2571 932//2571
f 1519//2572 1520//2572 932//2572
f 932//2573 1520//2573 930//2573
f 1520//2574 1521//2574 930//2574
f 930//2575 1521//2575 928//2575
f 1521//2576 1522//2576 928//2576
f 928//2577 1522//2577 926//2577
f 1522//2578 1523//2578 926//2578
f 926//2579 1523//2579 924//2579
f 1523//2580 1524//2580 924//2580
f 924//2581 1524//2581 922//2581
f 1524//2582 1525//2582 922//2582
f 922//2583 1525//2583 920//2583
f 920//2584 1526//2584 919//2584
f 1525//2585 1526//2585 920//2585
f 919//2586 1527//2586 918//2586
f 1526//2587 1527//2587 919//2587
f 918//2588 1528//2588 921//2588
f 1527//2589 1528//2589 918//2589
f 921//2590 1529//2590 923//2590
f 1528//2591 1529//2591 921//2591
f 923//2592 1530//2592 925//2592
f 1529//2593 1530//2593 923//2593
f 925//2594 1531//2594 927//2594
f 1530//2595 1531//2595 925//2595
f 927//2596 1532//2596 929//2596
f 1531//2597 1532//2597 927//2597
f 929//2598 1533//2598 931//2598
f 1532//2599 1533//2599 929//2599
f 931//2600 1534//2600 933//2600
f 1533//2601 1534//2601 931//2601
f 933//2602 1535//2602 935//2602
f 1534//2603 1535//2603 933//2603
f 935//2604 1536//2604 937//2604
f 1535//2605 1536//2605 935//2605
f 937//2606 1537//2606 939//2606
f 1536//2607 1537//2607 937//2607
f 939//2608 1538//2608 941//2608
f 1537//2609 1538//2609 939//2609
f 1538//2610 1539//2610 941//2610
f 941//2611 1539//2611 943//2611
f 1539//2612 1540//2612 943//2612
f 943//2613 1540//2613 945//2613
f 1540//2614 1541//2614 945//2614
f 945//2615 1541//2615 947//2615
f 1541//2616 1542//2616 947//2616
f 947//2617 1542//2617 949//2617
f 1542//2618 1543//2618 949//2618
f 949//2619 1543//2619 951//2619
f 1543//2620 1544//2620 951//2620
f 951//2621 1544//2621 953//2621
f 1544//2622 1545//2622 953//2622
f 953//2623 1545//2623 955//2623
f 1545//2624 1546//2624 955//2624
f 955//2625 1546//2625 957//2625
f 1546//2626 1547//2626 957//2626
f 957//2627 1547//2627 959//2627
f 1547//2628 1548//2628 959//2628
f 959//2629 1548//2629 961//2629
f 1548//2630 1549//2630 961//2630
f 961//2631 1549//2631 963//2631
f 1549//2632 1550//2632 963//2632
f 963//2633 1550//2633 965//2633
f 1550//2634 1551//2634 965//2634
f 965//2635 1551//2635 967//2635
f 1551//2636 1552//2636 967//2636
f 967//2637 1552//2637 969//2637
f 1551//2638 1553//2638 1552//2638
f 1552//2639 1554//2639 969//2639
f 969//2640 1554//2640 971//2640
f 1554//2641 1555//2641 971//2641
f 971//2642 1555//2642 973//2642
f 1555//2643 1556//2643 973//2643
f 973//2644 1556//2644 975//2644
f 1556//2645 1557//2645 975//2645
f 975//2646 1557//2646 977//2646
f 1557//2647 1558//2647 977//2647
f 977//2648 1558//2648 979//2648
f 1558//2649 1559//2649 979//2649
f 979//2650 1560//2650 981//2650
f 1559//2651 1560//2651 979//2651
f 1560//2652 983//2652 981//2652
f 1560//2653 1561//2653 983//2653
f 1562//2654 1561//2654 1560//2654
f 1561//2655 1563//2655 983//2655
f 983//2656 1563//2656 985//2656
f 985//2657 1564//2657 987//2657
f 1563//2658 1564//2658 985//2658
f 1564//2659 1565//2659 987//2659
f 987//2660 1565//2660 989//2660
f 1565//2661 1566//2661 989//2661
f 989//2662 1566//2662 991//2662
f 1566//2663 1567//2663 991//2663
f 991//2664 1567//2664 993//2664
f 1567//2665 1568//2665 993//2665
f 993//2666 1568//2666 995//2666
f 1568//2667 1569//2667 995//2667
f 995//2668 1569//2668 997//2668
f 1569//2669 1570//2669 997//2669
f 997//2670 1570//2670 999//2670
f 1570//2671 1571//2671 999//2671
f 999//2672 1571//2672 1001//2672
f 1571//2673 1572//2673 1001//2673
f 1001//2674 1572//2674 1003//2674
f 1572//2675 1573//2675 1003//2675
f 1003//2676 1573//2676 1005//2676
f 1573//2677 1574//2677 1005//2677
f 1005//2678 1574//2678 1007//2678
f 1574//2679 1575//2679 1007//2679
f 1007//2680 1575//2680 1009//2680
f 1575//2681 1576//2681 1009//2681
f 1009//2682 1576//2682 1011//2682
f 1576//2683 1577//2683 1011//2683
f 1011//2684 1577//2684 1013//2684
f 1577//2685 1578//2685 1013//2685
f 1013//2686 1578//2686 1015//2686
f 1578//2687 1579//2687 1015//2687
f 1015//2688 1579//2688 1017//2688
f 1579//2689 1580//2689 1017//2689
f 1017//2690 1580//2690 1019//2690
f 1580//2691 1581//2691 1019//2691
f 1019//2692 1581//2692 1021//2692
f 1581//2693 1582//2693 1021//2693
f 1021//2694 1582//2694 1023//2694
f 1023//2695 1583//2695 1025//2695
f 1582//2696 1583//2696 1023//2696
f 1025//2697 1584//2697 1027//2697
f 1583//2698 1584//2698 1025//2698
f 1027//2699 1585//2699 1029//2699
f 1584//2700 1585//2700 1027//2700
f 1029//2701 1586//2701 1031//2701
f 1585//2702 1586//2702 1029//2702
f 1031//2703 1587//2703 1033//2703
f 1586//2704 1587//2704 1031//2704
f 1033//2705 1588//2705 1035//2705
f 1587//2706 1588//2706 1033//2706
f 1035//2707 1589//2707 1038//2707
f 1588//2708 1589//2708 1035//2708
f 1038//2709 1590//2709 1039//2709
f 1589//2710 1590//2710 1038//2710
f 1590//2711 1591//2711 1039//2711
f 1039//2712 1591//2712 1040//2712
f 1040//2713 1592//2713 1043//2713
f 1591//2714 1592//2714 1040//2714
f 1043//2715 1593//2715 1044//2715
f 1592//2716 1593//2716 1043//2716
f 1044//2717 1594//2717 1047//2717
f 1593//2718 1594//2718 1044//2718
f 1047//2719 1595//2719 1050//2719
f 1594//2720 1595//2720 1047//2720
f 1050//2721 1596//2721 1052//2721
f 1595//2722 1596//2722 1050//2722
f 1052//2723 1597//2723 1054//2723
f 1596//2724 1597//2724 1052//2724
f 1054//2725 1598//2725 1056//2725
f 1597//2726 1598//2726 1054//2726
f 1056//2727 1599//2727 1057//2727
f 1598//2728 1599//2728 1056//2728
f 1057//2729 1600//2729 1059//2729
f 1599//2730 1600//2730 1057//2730
f 1059//2731 1601//2731 1060//2731
f 1600//2732 1601//2732 1059//2732
f 1060//2733 1602//2733 1063//2733
f 1601//2734 1602//2734 1060//2734
f 1063//2735 1603//2735 1065//2735
f 1602//2736 1603//2736 1063//2736
f 1065//2737 1604//2737 1067//2737
f 1603//2738 1604//2738 1065//2738
f 1067//2739 1605//2739 1070//2739
f 1604//2740 1605//2740 1067//2740
f 1070//2741 1606//2741 1071//2741
f 1605//2742 1606//2742 1070//2742
f 1071//2743 1607//2743 1073//2743
f 1606//2744 1607//2744 1071//2744
f 1073//2745 1608//2745 1075//2745
f 1607//2746 1608//2746 1073//2746
f 1075//2747 1609//2747 1077//2747
f 1608//2748 1609//2748 1075//2748
f 1077//2749 1610//2749 1078//2749
f 1609//2750 1610//2750 1077//2750
f 1078//2751 1611//2751 1082//2751
f 1610//2752 1611//2752 1078//2752
f 1082//2753 1612//2753 1083//2753
f 1611//2754 1612//2754 1082//2754
f 1083//2755 1613//2755 1086//2755
f 1612//2756 1613//2756 1083//2756
f 1611//2757 1614//2757 1612//2757
f 1086//2758 1615//2758 1087//2758
f 1613//2759 1615//2759 1086//2759
f 1087//2760 1616//2760 1091//2760
f 1615//2761 1616//2761 1087//2761
f 1616//2762 1376//2762 1091//2762
f 1617//2763 1316//2763 1321//2763
f 1618//2764 1321//2764 1320//2764
f 1618//2765 1617//2765 1321//2765
f 1619//2766 1320//2766 1325//2766
f 1619//2767 1618//2767 1320//2767
f 1620//2768 1325//2768 1324//2768
f 1620//2769 1619//2769 1325//2769
f 1621//2770 1324//2770 1329//2770
f 1621//2771 1620//2771 1324//2771
f 1622//2772 1329//2772 1330//2772
f 1622//2773 1621//2773 1329//2773
f 1623//2774 1330//2774 1332//2774
f 1623//2775 1622//2775 1330//2775
f 1624//2776 1332//2776 1336//2776
f 1624//2777 1623//2777 1332//2777
f 1625//2778 1336//2778 1335//2778
f 1625//2779 1624//2779 1336//2779
f 1626//2780 1335//2780 1339//2780
f 1626//2781 1625//2781 1335//2781
f 1627//2782 1626//2782 1339//2782
f 1627//2783 1339//2783 1338//2783
f 1628//2784 1627//2784 1338//2784
f 1628//2785 1338//2785 1343//2785
f 1629//2786 1628//2786 1343//2786
f 1629//2787 1343//2787 1342//2787
f 1630//2788 1629//2788 1342//2788
f 1630//2789 1342//2789 1347//2789
f 1631//2790 1630//2790 1347//2790
f 1631//2791 1347//2791 1346//2791
f 1632//2792 1631//2792 1346//2792
f 1632//2793 1346//2793 1350//2793
f 1633//2794 1632//2794 1350//2794
f 1633//2795 1350//2795 1351//2795
f 1634//2796 1633//2796 1351//2796
f 1634//2797 1351//2797 1353//2797
f 1635//2798 1634//2798 1353//2798
f 1635//2799 1353//2799 1357//2799
f 1636//2800 1357//2800 1358//2800
f 1636//2801 1635//2801 1357//2801
f 1637//2802 1636//2802 1358//2802
f 1637//2803 1358//2803 1360//2803
f 1638//2804 1360//2804 1362//2804
f 1638//2805 1637//2805 1360//2805
f 1639//2806 1362//2806 1364//2806
f 1639//2807 1638//2807 1362//2807
f 1640//2808 1364//2808 1366//2808
f 1640//2809 1639//2809 1364//2809
f 1641//2810 1366//2810 1368//2810
f 1641//2811 1640//2811 1366//2811
f 1642//2812 1368//2812 1371//2812
f 1642//2813 1641//2813 1368//2813
f 1643//2814 1371//2814 1372//2814
f 1643//2815 1642//2815 1371//2815
f 1644//2816 1372//2816 1375//2816
f 1644//2817 1643//2817 1372//2817
f 1645//2818 1375//2818 1374//2818
f 1645//2819 1644//2819 1375//2819
f 1646//2820 1374//2820 1373//2820
f 1646//2821 1645//2821 1374//2821
f 1647//2822 1373//2822 1370//2822
f 1647//2823 1646//2823 1373//2823
f 1648//2824 1370//2824 1369//2824
f 1648//2825 1647//2825 1370//2825
f 1649//2826 1369//2826 1367//2826
f 1649//2827 1648//2827 1369//2827
f 1650//2828 1367//2828 1365//2828
f 1650//2829 1649//2829 1367//2829
f 1651//2830 1365//2830 1363//2830
f 1651//2831 1650//2831 1365//2831
f 1652//2832 1651//2832 1363//2832
f 1652//2833 1363//2833 1361//2833
f 1653//2834 1652//2834 1361//2834
f 1653//2835 1361//2835 1359//2835
f 1654//2836 1653//2836 1359//2836
f 1654//2837 1359//2837 1356//2837
f 1655//2838 1654//2838 1356//2838
f 1655//2839 1356//2839 1355//2839
f 1656//2840 1655//2840 1355//2840
f 1656//2841 1355//2841 1354//2841
f 1657//2842 1354//2842 1352//2842
f 1657//2843 1656//2843 1354//2843
f 1658//2844 1352//2844 1349//2844
f 1658//2845 1657//2845 1352//2845
f 1659//2846 1349//2846 1348//2846
f 1659//2847 1658//2847 1349//2847
f 1660//2848 1348//2848 1345//2848
f 1660//2849 1659//2849 1348//2849
f 1661//2850 1345//2850 1344//2850
f 1661//2851 1660//2851 1345//2851
f 1662//2852 1344//2852 1341//2852
f 1662//2853 1661//2853 1344//2853
f 1663//2854 1341//2854 1340//2854
f 1663//2855 1662//2855 1341//2855
f 1664//2856 1340//2856 1337//2856
f 1664//2857 1663//2857 1340//2857
f 1665//2858 1337//2858 1334//2858
f 1665//2859 1664//2859 1337//2859
f 1666//2860 1334//2860 1333//2860
f 1666//2861 1665//2861 1334//2861
f 1667//2862 1333//2862 1331//2862
f 1667//2863 1666//2863 1333//2863
f 1668//2864 1331//2864 1328//2864
f 1668//2865 1667//2865 1331//2865
f 1669//2866 1328//2866 1327//2866
f 1669//2867 1668//2867 1328//2867
f 1670//2868 1327//2868 1326//2868
f 1670//2869 1669//2869 1327//2869
f 1671//2870 1326//2870 1323//2870
f 1671//2871 1670//2871 1326//2871
f 1672//2872 1323//2872 1322//2872
f 1672//2873 1671//2873 1323//2873
f 1673//2874 1672//2874 1322//2874
f 1673//2875 1322//2875 1319//2875
f 1674//2876 1673//2876 1319//2876
f 1674//2877 1319//2877 1318//2877
f 1675//2878 1674//2878 1318//2878
f 1676//2879 1675//2879 1318//2879
f 1676//2880 1318//2880 1315//2880
f 1677//2881 1676//2881 1315//2881
f 1677//2882 1313//2882 1310//2882
f 1677//2883 1315//2883 1313//2883
f 1678//2884 1310//2884 1308//2884
f 1678//2885 1677//2885 1310//2885
f 1679//2886 1678//2886 1308//2886
f 1680//2887 1679//2887 1308//2887
f 1680//2888 1308//2888 1306//2888
f 1681//2889 1680//2889 1306//2889
f 1681//2890 1305//2890 1303//2890
f 1681//2891 1306//2891 1305//2891
f 1682//2892 1681//2892 1303//2892
f 1682//2893 1303//2893 1301//2893
f 1683//2894 1682//2894 1301//2894
f 1684//2895 1683//2895 1301//2895
f 1684//2896 1301//2896 1299//2896
f 1685//2897 1684//2897 1299//2897
f 1685//2898 1296//2898 1295//2898
f 1685//2899 1299//2899 1296//2899
f 1686//2900 1685//2900 1295//2900
f 1686//2901 1295//2901 1293//2901
f 1687//2902 1686//2902 1293//2902
f 1688//2903 1687//2903 1293//2903
f 1688//2904 1293//2904 1292//2904
f 1689//2905 1688//2905 1292//2905
f 1689//2906 1290//2906 1286//2906
f 1689//2907 1292//2907 1290//2907
f 1690//2908 1689//2908 1286//2908
f 1690//2909 1286//2909 1285//2909
f 1691//2910 1690//2910 1285//2910
f 1692//2911 1691//2911 1285//2911
f 1692//2912 1285//2912 1284//2912
f 1693//2913 1692//2913 1284//2913
f 1693//2914 1282//2914 1279//2914
f 1693//2915 1284//2915 1282//2915
f 1694//2916 1693//2916 1279//2916
f 1694//2917 1279//2917 1277//2917
f 1695//2918 1694//2918 1277//2918
f 1696//2919 1695//2919 1277//2919
f 1696//2920 1277//2920 1274//2920
f 1697//2921 1273//2921 1270//2921
f 1697//2922 1274//2922 1273//2922
f 1697//2923 1696//2923 1274//2923
f 1698//2924 1270//2924 1269//2924
f 1698//2925 1697//2925 1270//2925
f 1699//2926 1698//2926 1269//2926
f 1700//2927 1267//2927 1266//2927
f 1700//2928 1269//2928 1267//2928
f 1700//2929 1699//2929 1269//2929
f 1701//2930 1266//2930 1263//2930
f 1701//2931 1700//2931 1266//2931
f 1702//2932 1701//2932 1263//2932
f 1703//2933 1702//2933 1263//2933
f 1703//2934 1263//2934 1261//2934
f 1704//2935 1703//2935 1261//2935
f 1704//2936 1259//2936 1257//2936
f 1704//2937 1261//2937 1259//2937
f 1705//2938 1704//2938 1257//2938
f 1705//2939 1257//2939 1255//2939
f 1706//2940 1705//2940 1255//2940
f 1707//2941 1706//2941 1255//2941
f 1707//2942 1255//2942 1253//2942
f 1708//2943 1707//2943 1253//2943
f 1708//2944 1251//2944 1249//2944
f 1708//2945 1253//2945 1251//2945
f 1709//2946 1708//2946 1249//2946
f 1709//2947 1249//2947 1247//2947
f 1710//2948 1709//2948 1247//2948
f 1711//2949 1710//2949 1247//2949
f 1711//2950 1245//2950 1243//2950
f 1711//2951 1247//2951 1245//2951
f 1712//2952 1711//2952 1243//2952
f 1713//2953 1712//2953 1243//2953
f 1713//2954 1241//2954 1239//2954
f 1713//2955 1243//2955 1241//2955
f 1714//2956 1713//2956 1239//2956
f 1715//2957 1714//2957 1239//2957
f 1715//2958 1239//2958 1237//2958
f 1716//2959 1715//2959 1237//2959
f 1716//2960 1235//2960 1233//2960
f 1716//2961 1237//2961 1235//2961
f 1717//2962 1233//2962 1231//2962
f 1717//2963 1716//2963 1233//2963
f 1718//2964 1717//2964 1231//2964
f 1719//2965 1231//2965 1229//2965
f 1719//2966 1718//2966 1231//2966
f 1720//2967 1227//2967 1225//2967
f 1720//2968 1229//2968 1227//2968
f 1720//2969 1719//2969 1229//2969
f 1721//2970 1225//2970 1223//2970
f 1721//2971 1720//2971 1225//2971
f 1722//2972 1721//2972 1223//2972
f 1723//2973 1223//2973 1221//2973
f 1723//2974 1722//2974 1223//2974
f 1724//2975 1219//2975 1217//2975
f 1724//2976 1221//2976 1219//2976
f 1724//2977 1723//2977 1221//2977
f 1725//2978 1724//2978 1217//2978
f 1726//2979 1217//2979 1215//2979
f 1726//2980 1725//2980 1217//2980
f 1727//2981 1215//2981 1213//2981
f 1727//2982 1726//2982 1215//2982
f 1728//2983 1727//2983 1213//2983
f 1728//2984 1211//2984 1209//2984
f 1728//2985 1213//2985 1211//2985
f 1729//2986 1728//2986 1209//2986
f 1729//2987 1209//2987 1207//2987
f 1730//2988 1729//2988 1207//2988
f 1731//2989 1730//2989 1207//2989
f 1731//2990 1207//2990 1205//2990
f 1732//2991 1731//2991 1205//2991
f 1732//2992 1203//2992 1201//2992
f 1732//2993 1205//2993 1203//2993
f 1733//2994 1732//2994 1201//2994
f 1733//2995 1201//2995 1199//2995
f 1734//2996 1733//2996 1199//2996
f 1735//2997 1734//2997 1199//2997
f 1735//2998 1199//2998 1197//2998
f 1736//2999 1735//2999 1197//2999
f 1736//3000 1197//3000 1195//3000
f 1737//3001 1193//3001 1191//3001
f 1737//3002 1195//3002 1193//3002
f 1737//3003 1736//3003 1195//3003
f 1738//3004 1737//3004 1191//3004
f 1739//3005 1191//3005 1189//3005
f 1739//3006 1738//3006 1191//3006
f 1740//3007 1189//3007 1187//3007
f 1740//3008 1739//3008 1189//3008
f 1741//3009 1187//3009 1185//3009
f 1741//3010 1740//3010 1187//3010
f 1742//3011 1183//3011 1181//3011
f 1742//3012 1185//3012 1183//3012
f 1742//3013 1741//3013 1185//3013
f 1743//3014 1742//3014 1181//3014
f 1744//3015 1181//3015 1179//3015
f 1744//3016 1743//3016 1181//3016
f 1745//3017 1179//3017 1177//3017
f 1745//3018 1744//3018 1179//3018
f 1746//3019 1175//3019 1173//3019
f 1746//3020 1177//3020 1175//3020
f 1746//3021 1745//3021 1177//3021
f 1747//3022 1746//3022 1173//3022
f 1748//3023 1173//3023 1171//3023
f 1748//3024 1747//3024 1173//3024
f 1749//3025 1171//3025 1169//3025
f 1749//3026 1748//3026 1171//3026
f 1750//3027 1169//3027 1167//3027
f 1750//3028 1749//3028 1169//3028
f 1751//3029 1167//3029 1165//3029
f 1751//3030 1750//3030 1167//3030
f 1752//3031 1165//3031 1163//3031
f 1752//3032 1751//3032 1165//3032
f 1753//3033 1161//3033 1159//3033
f 1753//3034 1163//3034 1161//3034
f 1753//3035 1752//3035 1163//3035
f 1754//3036 1753//3036 1159//3036
f 1755//3037 1754//3037 1159//3037
f 1755//3038 1159//3038 1157//3038
f 1756//3039 1755//3039 1157//3039
f 1756//3040 1155//3040 1153//3040
f 1756//3041 1157//3041 1155//3041
f 1757//3042 1756//3042 1153//3042
f 1758//3043 1151//3043 1149//3043
f 1758//3044 1153//3044 1151//3044
f 1758//3045 1757//3045 1153//3045
f 1759//3046 1758//3046 1149//3046
f 1760//3047 1149//3047 1147//3047
f 1760//3048 1759//3048 1149//3048
f 1761//3049 1148//3049 1150//3049
f 1761//3050 1147//3050 1148//3050
f 1761//3051 1760//3051 1147//3051
f 1762//3052 1761//3052 1150//3052
f 1763//3053 1150//3053 1152//3053
f 1763//3054 1762//3054 1150//3054
f 1764//3055 1152//3055 1154//3055
f 1764//3056 1763//3056 1152//3056
f 1765//3057 1154//3057 1156//3057
f 1765//3058 1764//3058 1154//3058
f 1766//3059 1158//3059 1160//3059
f 1766//3060 1156//3060 1158//3060
f 1766//3061 1765//3061 1156//3061
f 1767//3062 1766//3062 1160//3062
f 1768//3063 1162//3063 1164//3063
f 1768//3064 1160//3064 1162//3064
f 1768//3065 1767//3065 1160//3065
f 1769//3066 1768//3066 1164//3066
f 1770//3067 1164//3067 1166//3067
f 1770//3068 1769//3068 1164//3068
f 1771//3069 1166//3069 1168//3069
f 1771//3070 1770//3070 1166//3070
f 1772//3071 1168//3071 1170//3071
f 1772//3072 1771//3072 1168//3072
f 1773//3073 1170//3073 1172//3073
f 1773//3074 1772//3074 1170//3074
f 1774//3075 1172//3075 1174//3075
f 1774//3076 1773//3076 1172//3076
f 1775//3077 1774//3077 1174//3077
f 1775//3078 1176//3078 1178//3078
f 1775//3079 1174//3079 1176//3079
f 1776//3080 1775//3080 1178//3080
f 1777//3081 1776//3081 1178//3081
f 1777//3082 1178//3082 1180//3082
f 1778//3083 1777//3083 1180//3083
f 1778//3084 1182//3084 1184//3084
f 1778//3085 1180//3085 1182//3085
f 1779//3086 1778//3086 1184//3086
f 1780//3087 1186//3087 1188//3087
f 1780//3088 1184//3088 1186//3088
f 1780//3089 1779//3089 1184//3089
f 1781//3090 1780//3090 1188//3090
f 1782//3091 1781//3091 1188//3091
f 1782//3092 1188//3092 1190//3092
f 1783//3093 1782//3093 1190//3093
f 1783//3094 1192//3094 1194//3094
f 1783//3095 1190//3095 1192//3095
f 1784//3096 1783//3096 1194//3096
f 1785//3097 1784//3097 1194//3097
f 1785//3098 1194//3098 1196//3098
f 1786//3099 1785//3099 1196//3099
f 1786//3100 1196//3100 1198//3100
f 1787//3101 1786//3101 1198//3101
f 1787//3102 1198//3102 1200//3102
f 1788//3103 1787//3103 1200//3103
f 1788//3104 1200//3104 1202//3104
f 1789//3105 1788//3105 1202//3105
f 1789//3106 1204//3106 1206//3106
f 1789//3107 1202//3107 1204//3107
f 1790//3108 1789//3108 1206//3108
f 1791//3109 1790//3109 1206//3109
f 1791//3110 1208//3110 1210//3110
f 1791//3111 1206//3111 1208//3111
f 1792//3112 1791//3112 1210//3112
f 1793//3113 1792//3113 1210//3113
f 1793//3114 1210//3114 1212//3114
f 1794//3115 1793//3115 1212//3115
f 1794//3116 1212//3116 1214//3116
f 1795//3117 1794//3117 1214//3117
f 1795//3118 1214//3118 1216//3118
f 1796//3119 1795//3119 1216//3119
f 1796//3120 1216//3120 1218//3120
f 1797//3121 1796//3121 1218//3121
f 1797//3122 1218//3122 1220//3122
f 1798//3123 1222//3123 1224//3123
f 1798//3124 1220//3124 1222//3124
f 1798//3125 1797//3125 1220//3125
f 1799//3126 1798//3126 1224//3126
f 1799//3127 1224//3127 1226//3127
f 1800//3128 1799//3128 1226//3128
f 1801//3129 1228//3129 1230//3129
f 1801//3130 1226//3130 1228//3130
f 1801//3131 1800//3131 1226//3131
f 1802//3132 1230//3132 1232//3132
f 1802//3133 1801//3133 1230//3133
f 1803//3134 1802//3134 1232//3134
f 1804//3135 1803//3135 1232//3135
f 1804//3136 1234//3136 1236//3136
f 1804//3137 1232//3137 1234//3137
f 1805//3138 1804//3138 1236//3138
f 1806//3139 1805//3139 1236//3139
f 1806//3140 1236//3140 1238//3140
f 1807//3141 1806//3141 1238//3141
f 1807//3142 1238//3142 1240//3142
f 1808//3143 1807//3143 1240//3143
f 1808//3144 1240//3144 1242//3144
f 1809//3145 1808//3145 1242//3145
f 1809//3146 1244//3146 1246//3146
f 1809//3147 1242//3147 1244//3147
f 1810//3148 1809//3148 1246//3148
f 1810//3149 1246//3149 1248//3149
f 1811//3150 1810//3150 1248//3150
f 1812//3151 1811//3151 1248//3151
f 1812//3152 1250//3152 1252//3152
f 1812//3153 1248//3153 1250//3153
f 1813//3154 1812//3154 1252//3154
f 1814//3155 1813//3155 1252//3155
f 1814//3156 1252//3156 1254//3156
f 1815//3157 1814//3157 1254//3157
f 1815//3158 1256//3158 1258//3158
f 1815//3159 1254//3159 1256//3159
f 1816//3160 1815//3160 1258//3160
f 1817//3161 1816//3161 1258//3161
f 1817//3162 1260//3162 1262//3162
f 1817//3163 1258//3163 1260//3163
f 1818//3164 1817//3164 1262//3164
f 1819//3165 1262//3165 1265//3165
f 1819//3166 1818//3166 1262//3166
f 1820//3167 1264//3167 1268//3167
f 1820//3168 1265//3168 1264//3168
f 1820//3169 1819//3169 1265//3169
f 1821//3170 1820//3170 1268//3170
f 1822//3171 1268//3171 1271//3171
f 1822//3172 1821//3172 1268//3172
f 1823//3173 1272//3173 1275//3173
f 1823//3174 1271//3174 1272//3174
f 1823//3175 1822//3175 1271//3175
f 1824//3176 1823//3176 1275//3176
f 1825//3177 1276//3177 1278//3177
f 1825//3178 1275//3178 1276//3178
f 1825//3179 1824//3179 1275//3179
f 1826//3180 1825//3180 1278//3180
f 1827//3181 1278//3181 1281//3181
f 1827//3182 1826//3182 1278//3182
f 1828//3183 1280//3183 1283//3183
f 1828//3184 1281//3184 1280//3184
f 1828//3185 1827//3185 1281//3185
f 1829//3186 1828//3186 1283//3186
f 1830//3187 1829//3187 1283//3187
f 1830//3188 1283//3188 1288//3188
f 1831//3189 1830//3189 1288//3189
f 1831//3190 1287//3190 1289//3190
f 1831//3191 1288//3191 1287//3191
f 1832//3192 1831//3192 1289//3192
f 1833//3193 1832//3193 1289//3193
f 1833//3194 1291//3194 1294//3194
f 1833//3195 1289//3195 1291//3195
f 1834//3196 1833//3196 1294//3196
f 1835//3197 1834//3197 1294//3197
f 1835//3198 1298//3198 1297//3198
f 1835//3199 1294//3199 1298//3199
f 1836//3200 1835//3200 1297//3200
f 1836//3201 1297//3201 1300//3201
f 1837//3202 1836//3202 1300//3202
f 1838//3203 1837//3203 1300//3203
f 1838//3204 1300//3204 1302//3204
f 1839//3205 1304//3205 1307//3205
f 1839//3206 1302//3206 1304//3206
f 1839//3207 1838//3207 1302//3207
f 1840//3208 1839//3208 1307//3208
f 1841//3209 1307//3209 1309//3209
f 1841//3210 1840//3210 1307//3210
f 1842//3211 1309//3211 1312//3211
f 1842//3212 1841//3212 1309//3212
f 1843//3213 1312//3213 1311//3213
f 1843//3214 1842//3214 1312//3214
f 1844//3215 1314//3215 1317//3215
f 1844//3216 1311//3216 1314//3216
f 1844//3217 1843//3217 1311//3217
f 1845//3218 1317//3218 1316//3218
f 1845//3219 1844//3219 1317//3219
f 1617//3220 1845//3220 1316//3220
f 1846//3221 1380//3221 1379//3221
f 1846//3222 1379//3222 1378//3222
f 1846//3223 1378//3223 1377//3223
f 1846//3224 1377//3224 1376//3224
f 1847//3225 1437//3225 1436//3225
f 1847//3226 1436//3226 1435//3226
f 1847//3227 1435//3227 1434//3227
f 1847//3228 1434//3228 1432//3228
f 1848//3229 1437//3229 1847//3229
f 1848//3230 1440//3230 1439//3230
f 1848//3231 1439//3231 1438//3231
f 1848//3232 1438//3232 1437//3232
f 1849//3233 1376//3233 1616//3233
f 1849//3234 1616//3234 1615//3234
f 1849//3235 1615//3235 1613//3235
f 1849//3236 1613//3236 1612//3236
f 1849//3237 1846//3237 1376//3237
f 1850//3238 1851//3238 1852//3238
f 1853//3239 1850//3239 1852//3239
f 1854//3240 1855//3240 1851//3240
f 1854//3241 1851//3241 1850//3241
f 1856//3242 1852//3242 1857//3242
f 1856//3243 1853//3243 1852//3243
f 1858//3244 1859//3244 1855//3244
f 1858//3245 1855//3245 1854//3245
f 1860//3246 1857//3246 1861//3246
f 1860//3247 1856//3247 1857//3247
f 1862//3248 1863//3248 1859//3248
f 1862//3249 1859//3249 1858//3249
f 1864//3250 1861//3250 1865//3250
f 1864//3251 1860//3251 1861//3251
f 1866//3252 1867//3252 1863//3252
f 1866//3253 1863//3253 1862//3253
f 1868//3254 1865//3254 1869//3254
f 1868//3255 1864//3255 1865//3255
f 1870//3256 1871//3256 1867//3256
f 1870//3257 1867//3257 1866//3257
f 1872//3258 1869//3258 1873//3258
f 1872//3259 1868//3259 1869//3259
f 1874//3260 1875//3260 1871//3260
f 1874//3261 1871//3261 1870//3261
f 1876//3262 1873//3262 1877//3262
f 1876//3263 1872//3263 1873//3263
f 1878//3264 1879//3264 1875//3264
f 1878//3265 1875//3265 1874//3265
f 1880//3266 1877//3266 1881//3266
f 1880//3267 1876//3267 1877//3267
f 1882//3268 1883//3268 1879//3268
f 1882//3269 1879//3269 1878//3269
f 1884//3270 1880//3270 1881//3270
f 1884//3271 1881//3271 1885//3271
f 1886//3272 1887//3272 1883//3272
f 1886//3273 1883//3273 1882//3273
f 1888//3274 1884//3274 1885//3274
f 1888//3275 1885//3275 1889//3275
f 1890//3276 1887//3276 1886//3276
f 1890//3277 1891//3277 1887//3277
f 1892//3278 1889//3278 1893//3278
f 1892//3279 1888//3279 1889//3279
f 1894//3280 1895//3280 1891//3280
f 1894//3281 1891//3281 1890//3281
f 1896//3282 1892//3282 1893//3282
f 1896//3283 1893//3283 1897//3283
f 1898//3284 1899//3284 1895//3284
f 1898//3285 1895//3285 1894//3285
f 1900//3286 1896//3286 1897//3286
f 1900//3287 1897//3287 1901//3287
f 1902//3288 1899//3288 1898//3288
f 1902//3289 1903//3289 1899//3289
f 1904//3290 1900//3290 1901//3290
f 1904//3291 1901//3291 1905//3291
f 1906//3292 1907//3292 1903//3292
f 1906//3293 1903//3293 1902//3293
f 1908//3294 1904//3294 1905//3294
f 1908//3295 1905//3295 1909//3295
f 1910//3296 1911//3296 1907//3296
f 1910//3297 1907//3297 1906//3297
f 1912//3298 1908//3298 1909//3298
f 1912//3299 1909//3299 1913//3299
f 1914//3300 1911//3300 1910//3300
f 1914//3301 1915//3301 1911//3301
f 1916//3302 1912//3302 1913//3302
f 1916//3303 1913//3303 1917//3303
f 1918//3304 1915//3304 1914//3304
f 1918//3305 1919//3305 1915//3305
f 1920//3306 1916//3306 1917//3306
f 1920//3307 1917//3307 1921//3307
f 1922//3308 1919//3308 1918//3308
f 1922//3309 1923//3309 1919//3309
f 1924//3310 1920//3310 1921//3310
f 1924//3311 1921//3311 1925//3311
f 1926//3312 1927//3312 1923//3312
f 1926//3313 1923//3313 1922//3313
f 1928//3314 1924//3314 1925//3314
f 1928//3315 1925//3315 1929//3315
f 1930//3316 1931//3316 1927//3316
f 1930//3317 1927//3317 1926//3317
f 1932//3318 1928//3318 1929//3318
f 1932//3319 1929//3319 1933//3319
f 1934//3320 1935//3320 1931//3320
f 1934//3321 1931//3321 1930//3321
f 1936//3322 1932//3322 1933//3322
f 1936//3323 1933//3323 1937//3323
f 1938//3324 1939//3324 1935//3324
f 1938//3325 1935//3325 1934//3325
f 1940//3326 1936//3326 1937//3326
f 1940//3327 1937//3327 1941//3327
f 1942//3328 1943//3328 1939//3328
f 1942//3329 1939//3329 1938//3329
f 1944//3330 1940//3330 1941//3330
f 1944//3331 1941//3331 1945//3331
f 1946//3332 1847//3332 1943//3332
f 1946//3333 1943//3333 1942//3333
f 1947//3334 1944//3334 1945//3334
f 1947//3335 1945//3335 1846//3335
f 1948//3336 1847//3336 1946//3336
f 1949//3337 1947//3337 1846//3337
f 1950//3338 1847//3338 1948//3338
f 1951//3339 1949//3339 1846//3339
f 1952//3340 1847//3340 1950//3340
f 1953//3341 1951//3341 1846//3341
f 1954//3342 1847//3342 1952//3342
f 1955//3343 1953//3343 1846//3343
f 1956//3344 1847//3344 1954//3344
f 1956//3345 1848//3345 1847//3345
f 1957//3346 1846//3346 1849//3346
f 1957//3347 1955//3347 1846//3347
f 1958//3348 1848//3348 1956//3348
f 1959//3349 1957//3349 1849//3349
f 1960//3350 1848//3350 1958//3350
f 1961//3351 1959//3351 1849//3351
f 1962//3352 1848//3352 1960//3352
f 1963//3353 1961//3353 1849//3353
f 1964//3354 1848//3354 1962//3354
f 1965//3355 1963//3355 1849//3355
f 1966//3356 1967//3356 1848//3356
f 1966//3357 1848//3357 1964//3357
f 1968//3358 1965//3358 1849//3358
f 1968//3359 1849//3359 1969//3359
f 1970//3360 1971//3360 1967//3360
f 1970//3361 1967//3361 1966//3361
f 1972//3362 1969//3362 1973//3362
f 1972//3363 1968//3363 1969//3363
f 1974//3364 1975//3364 1971//3364
f 1974//3365 1971//3365 1970//3365
f 1976//3366 1972//3366 1973//3366
f 1976//3367 1973//3367 1977//3367
f 1978//3368 1979//3368 1975//3368
f 1978//3369 1975//3369 1974//3369
f 1980//3370 1976//3370 1977//3370
f 1980//3371 1977//3371 1981//3371
f 1982//3372 1979//3372 1978//3372
f 1982//3373 1983//3373 1979//3373
f 1984//3374 1980//3374 1981//3374
f 1984//3375 1981//3375 1985//3375
f 1986//3376 1987//3376 1983//3376
f 1986//3377 1983//3377 1982//3377
f 1988//3378 1985//3378 1989//3378
f 1988//3379 1984//3379 1985//3379
f 1990//3380 1987//3380 1986//3380
f 1990//3381 1991//3381 1987//3381
f 1992//3382 1989//3382 1993//3382
f 1992//3383 1988//3383 1989//3383
f 1994//3384 1995//3384 1991//3384
f 1994//3385 1991//3385 1990//3385
f 1996//3386 1993//3386 1997//3386
f 1996//3387 1992//3387 1993//3387
f 1998//3388 1995//3388 1994//3388
f 1998//3389 1999//3389 1995//3389
f 2000//3390 1996//3390 1997//3390
f 2000//3391 1997//3391 2001//3391
f 2002//3392 2003//3392 1999//3392
f 2002//3393 1999//3393 1998//3393
f 2004//3394 2001//3394 2005//3394
f 2004//3395 2000//3395 2001//3395
f 2006//3396 2003//3396 2002//3396
f 2006//3397 2007//3397 2003//3397
f 2008//3398 2005//3398 2009//3398
f 2008//3399 2004//3399 2005//3399
f 2010//3400 2011//3400 2007//3400
f 2010//3401 2007//3401 2006//3401
f 2012//3402 2008//3402 2009//3402
f 2012//3403 2009//3403 2013//3403
f 2014//3404 2011//3404 2010//3404
f 2014//3405 2015//3405 2011//3405
f 2016//3406 2012//3406 2013//3406
f 2016//3407 2013//3407 2017//3407
f 2018//3408 2015//3408 2014//3408
f 2018//3409 2019//3409 2015//3409
f 2020//3410 2017//3410 2021//3410
f 2020//3411 2016//3411 2017//3411
f 2022//3412 2019//3412 2018//3412
f 2022//3413 2023//3413 2019//3413
f 2024//3414 2021//3414 2025//3414
f 2024//3415 2020//3415 2021//3415
f 2026//3416 2027//3416 2023//3416
f 2026//3417 2023//3417 2022//3417
f 2028//3418 2024//3418 2025//3418
f 2028//3419 2025//3419 2029//3419
f 2030//3420 2031//3420 2027//3420
f 2030//3421 2027//3421 2026//3421
f 2032//3422 2029//3422 2033//3422
f 2032//3423 2028//3423 2029//3423
f 2034//3424 2035//3424 2031//3424
f 2034//3425 2031//3425 2030//3425
f 2036//3426 2033//3426 2037//3426
f 2036//3427 2032//3427 2033//3427
f 2038//3428 2035//3428 2034//3428
f 2038//3429 2039//3429 2035//3429
f 2040//3430 2037//3430 2041//3430
f 2040//3431 2036//3431 2037//3431
f 2042//3432 2039//3432 2038//3432
f 2042//3433 2043//3433 2039//3433
f 2044//3434 2041//3434 2045//3434
f 2044//3435 2040//3435 2041//3435
f 2046//3436 2043//3436 2042//3436
f 2046//3437 2047//3437 2043//3437
f 2048//3438 2045//3438 2049//3438
f 2048//3439 2044//3439 2045//3439
f 2050//3440 2047//3440 2046//3440
f 2050//3441 2051//3441 2047//3441
f 2052//3442 2048//3442 2049//3442
f 2052//3443 2049//3443 2053//3443
f 2054//3444 2051//3444 2050//3444
f 2054//3445 2055//3445 2051//3445
f 2056//3446 2053//3446 2057//3446
f 2056//3447 2052//3447 2053//3447
f 2058//3448 2055//3448 2054//3448
f 2058//3449 2059//3449 2055//3449
f 2060//3450 2057//3450 2061//3450
f 2060//3451 2056//3451 2057//3451
f 2062//3452 2059//3452 2058//3452
f 2063//3453 2060//3453 2061//3453
f 2064//3454 2059//3454 2062//3454
f 2064//3455 2065//3455 2066//3455
f 2064//3456 2062//3456 2065//3456
f 2067//3457 2063//3457 2061//3457
f 2067//3458 2068//3458 2063//3458
f 2067//3459 2069//3459 2068//3459
f 2070//3460 2066//3460 2071//3460
f 2070//3461 2064//3461 2066//3461
f 2072//3462 2069//3462 2067//3462
f 2072//3463 2073//3463 2069//3463
f 2074//3464 2071//3464 2075//3464
f 2074//3465 2070//3465 2071//3465
f 2076//3466 2073//3466 2072//3466
f 2076//3467 2077//3467 2073//3467
f 2078//3468 2075//3468 2079//3468
f 2078//3469 2074//3469 2075//3469
f 2080//3470 2081//3470 2077//3470
f 2080//3471 2077//3471 2076//3471
f 2082//3472 2079//3472 2083//3472
f 2082//3473 2078//3473 2079//3473
f 2084//3474 2085//3474 2081//3474
f 2084//3475 2081//3475 2080//3475
f 2086//3476 2082//3476 2083//3476
f 2086//3477 2083//3477 2087//3477
f 2088//3478 2085//3478 2084//3478
f 2088//3479 2089//3479 2085//3479
f 2090//3480 2087//3480 2091//3480
f 2090//3481 2086//3481 2087//3481
f 2092//3482 2093//3482 2089//3482
f 2092//3483 2089//3483 2088//3483
f 2094//3484 2091//3484 2095//3484
f 2094//3485 2090//3485 2091//3485
f 2096//3486 2093//3486 2092//3486
f 2096//3487 2097//3487 2093//3487
f 2098//3488 2095//3488 2099//3488
f 2098//3489 2094//3489 2095//3489
f 2100//3490 2101//3490 2097//3490
f 2100//3491 2097//3491 2096//3491
f 2102//3492 2099//3492 2103//3492
f 2102//3493 2098//3493 2099//3493
f 2104//3494 2105//3494 2101//3494
f 2104//3495 2101//3495 2100//3495
f 2106//3496 2103//3496 2107//3496
f 2106//3497 2102//3497 2103//3497
f 2108//3498 2109//3498 2105//3498
f 2108//3499 2105//3499 2104//3499
f 2110//3500 2107//3500 2111//3500
f 2110//3501 2106//3501 2107//3501
f 2112//3502 2109//3502 2108//3502
f 2112//3503 2113//3503 2109//3503
f 2114//3504 2111//3504 2115//3504
f 2114//3505 2110//3505 2111//3505
f 2116//3506 2113//3506 2112//3506
f 2116//3507 2117//3507 2113//3507
f 2118//3508 2115//3508 2119//3508
f 2118//3509 2114//3509 2115//3509
f 2120//3510 2121//3510 2117//3510
f 2120//3511 2117//3511 2116//3511
f 2122//3512 2119//3512 2123//3512
f 2122//3513 2118//3513 2119//3513
f 2124//3514 2121//3514 2120//3514
f 2124//3515 2125//3515 2121//3515
f 2126//3516 2122//3516 2123//3516
f 2126//3517 2123//3517 2127//3517
f 2128//3518 2129//3518 2125//3518
f 2128//3519 2125//3519 2124//3519
f 2130//3520 2126//3520 2127//3520
f 2130//3521 2127//3521 2131//3521
f 2132//3522 2133//3522 2129//3522
f 2132//3523 2129//3523 2128//3523
f 2134//3524 2130//3524 2131//3524
f 2134//3525 2131//3525 2135//3525
f 2136//3526 2137//3526 2133//3526
f 2136//3527 2133//3527 2132//3527
f 2138//3528 2134//3528 2135//3528
f 2138//3529 2135//3529 2139//3529
f 2140//3530 2137//3530 2136//3530
f 2140//3531 2141//3531 2137//3531
f 2142//3532 2139//3532 2143//3532
f 2142//3533 2138//3533 2139//3533
f 2144//3534 2145//3534 2141//3534
f 2144//3535 2141//3535 2140//3535
f 2146//3536 2142//3536 2143//3536
f 2146//3537 2143//3537 2147//3537
f 2148//3538 2149//3538 2145//3538
f 2148//3539 2145//3539 2144//3539
f 2150//3540 2146//3540 2147//3540
f 2150//3541 2147//3541 2151//3541
f 2152//3542 2153//3542 2149//3542
f 2152//3543 2149//3543 2148//3543
f 2154//3544 2150//3544 2151//3544
f 2154//3545 2151//3545 2155//3545
f 2156//3546 2157//3546 2153//3546
f 2156//3547 2153//3547 2152//3547
f 2158//3548 2155//3548 2159//3548
f 2158//3549 2154//3549 2155//3549
f 2160//3550 2161//3550 2157//3550
f 2160//3551 2157//3551 2156//3551
f 2162//3552 2158//3552 2159//3552
f 2162//3553 2163//3553 2164//3553
f 2162//3554 2165//3554 2163//3554
f 2162//3555 2166//3555 2165//3555
f 2162//3556 2167//3556 2166//3556
f 2162//3557 2159//3557 2167//3557
f 2168//3558 2169//3558 2161//3558
f 2168//3559 2170//3559 2169//3559
f 2168//3560 2171//3560 2170//3560
f 2168//3561 2172//3561 2171//3561
f 2168//3562 2173//3562 2172//3562
f 2168//3563 2161//3563 2160//3563
f 2174//3564 2175//3564 2173//3564
f 2174//3565 2176//3565 2175//3565
f 2174//3566 2177//3566 2176//3566
f 2174//3567 2178//3567 2177//3567
f 2174//3568 2179//3568 2178//3568
f 2174//3569 2173//3569 2168//3569
f 2180//3570 2162//3570 2164//3570
f 2180//3571 2181//3571 2182//3571
f 2180//3572 2183//3572 2181//3572
f 2180//3573 2184//3573 2183//3573
f 2180//3574 2185//3574 2184//3574
f 2180//3575 2164//3575 2185//3575
f 2186//3576 2187//3576 2179//3576
f 2186//3577 2179//3577 2174//3577
f 2188//3578 2180//3578 2182//3578
f 2188//3579 2182//3579 2189//3579
f 2190//3580 2191//3580 2187//3580
f 2190//3581 2187//3581 2186//3581
f 2192//3582 2189//3582 2193//3582
f 2192//3583 2188//3583 2189//3583
f 2194//3584 2195//3584 2191//3584
f 2194//3585 2191//3585 2190//3585
f 2196//3586 2192//3586 2193//3586
f 2196//3587 2193//3587 2197//3587
f 2198//3588 2199//3588 2195//3588
f 2198//3589 2195//3589 2194//3589
f 2200//3590 2197//3590 2201//3590
f 2200//3591 2196//3591 2197//3591
f 2202//3592 2203//3592 2199//3592
f 2202//3593 2199//3593 2198//3593
f 2204//3594 2201//3594 2205//3594
f 2204//3595 2200//3595 2201//3595
f 2206//3596 2207//3596 2203//3596
f 2206//3597 2203//3597 2202//3597
f 2208//3598 2205//3598 2209//3598
f 2208//3599 2204//3599 2205//3599
f 2210//3600 2211//3600 2207//3600
f 2210//3601 2207//3601 2206//3601
f 2212//3602 2208//3602 2209//3602
f 2212//3603 2209//3603 2213//3603
f 1559//3604 2168//3604 1560//3604
f 1494//3605 1492//3605 2162//3605
f 2214//3606 2215//3606 2211//3606
f 2214//3607 2211//3607 2210//3607
f 2216//3608 2213//3608 2217//3608
f 2216//3609 2212//3609 2213//3609
f 2218//3610 2215//3610 2214//3610
f 2218//3611 2219//3611 2215//3611
f 2220//3612 2217//3612 2221//3612
f 2220//3613 2216//3613 2217//3613
f 1558//3614 2168//3614 1559//3614
f 1495//3615 1494//3615 2162//3615
f 2222//3616 2223//3616 2219//3616
f 2222//3617 2219//3617 2218//3617
f 2224//3618 2221//3618 2225//3618
f 2224//3619 2220//3619 2221//3619
f 2226//3620 2223//3620 2222//3620
f 2226//3621 2227//3621 2223//3621
f 2228//3622 2224//3622 2225//3622
f 2228//3623 2225//3623 2229//3623
f 1557//3624 2174//3624 2168//3624
f 1557//3625 2168//3625 1558//3625
f 1496//3626 1495//3626 2162//3626
f 1496//3627 2162//3627 2180//3627
f 2230//3628 2227//3628 2226//3628
f 2230//3629 2231//3629 2227//3629
f 2232//3630 2228//3630 2229//3630
f 2232//3631 2229//3631 2233//3631
f 2234//3632 2231//3632 2230//3632
f 2234//3633 2235//3633 2231//3633
f 2236//3634 2233//3634 2237//3634
f 2236//3635 2232//3635 2233//3635
f 2238//3636 2235//3636 2234//3636
f 2238//3637 2239//3637 2235//3637
f 2240//3638 2237//3638 2241//3638
f 2240//3639 2236//3639 2237//3639
f 1556//3640 2174//3640 1557//3640
f 1497//3641 1496//3641 2180//3641
f 2242//3642 2243//3642 2239//3642
f 2242//3643 2239//3643 2238//3643
f 2244//3644 2241//3644 2245//3644
f 2244//3645 2240//3645 2241//3645
f 2246//3646 2243//3646 2242//3646
f 2246//3647 2247//3647 2243//3647
f 2248//3648 2245//3648 2249//3648
f 2248//3649 2244//3649 2245//3649
f 2250//3650 2247//3650 2246//3650
f 2250//3651 2251//3651 2247//3651
f 2252//3652 2248//3652 2249//3652
f 2252//3653 2249//3653 2253//3653
f 2254//3654 2251//3654 2250//3654
f 2254//3655 2255//3655 2251//3655
f 2256//3656 2252//3656 2253//3656
f 2256//3657 2253//3657 2257//3657
f 1555//3658 2174//3658 1556//3658
f 1498//3659 1497//3659 2180//3659
f 2258//3660 2255//3660 2254//3660
f 2258//3661 2259//3661 2255//3661
f 2260//3662 2256//3662 2257//3662
f 2260//3663 2257//3663 2261//3663
f 2262//3664 2259//3664 2258//3664
f 2262//3665 2263//3665 2259//3665
f 2264//3666 2260//3666 2261//3666
f 2264//3667 2261//3667 2265//3667
f 2266//3668 2263//3668 2262//3668
f 2266//3669 2267//3669 2263//3669
f 2268//3670 2264//3670 2265//3670
f 2268//3671 2265//3671 2269//3671
f 2270//3672 2267//3672 2266//3672
f 2270//3673 2271//3673 2267//3673
f 2272//3674 2268//3674 2269//3674
f 2272//3675 2269//3675 2273//3675
f 2274//3676 2271//3676 2270//3676
f 2274//3677 2275//3677 2271//3677
f 2276//3678 2272//3678 2273//3678
f 2276//3679 2273//3679 2277//3679
f 2278//3680 2276//3680 2277//3680
f 2278//3681 2277//3681 2279//3681
f 2280//3682 2275//3682 2274//3682
f 2280//3683 2278//3683 2279//3683
f 2280//3684 2281//3684 2275//3684
f 2280//3685 2279//3685 2281//3685
f 1554//3686 2174//3686 1555//3686
f 1499//3687 1498//3687 2180//3687
f 1552//3688 2174//3688 1554//3688
f 1500//3689 1499//3689 2180//3689
f 1382//3690 1380//3690 2282//3690
f 2282//3691 1380//3691 1846//3691
f 1433//3692 1431//3692 2283//3692
f 2282//3693 1381//3693 1382//3693
f 1431//3694 1430//3694 2283//3694
f 2283//3695 1430//3695 2284//3695
f 2285//3696 1383//3696 2282//3696
f 2282//3697 1383//3697 1381//3697
f 2284//3698 1429//3698 2286//3698
f 1430//3699 1429//3699 2284//3699
f 2287//3700 1384//3700 2285//3700
f 2285//3701 1384//3701 1383//3701
f 2286//3702 1428//3702 2288//3702
f 1429//3703 1428//3703 2286//3703
f 2287//3704 1385//3704 1384//3704
f 2289//3705 1385//3705 2287//3705
f 2288//3706 1427//3706 2290//3706
f 1428//3707 1427//3707 2288//3707
f 2289//3708 1386//3708 1385//3708
f 2291//3709 1386//3709 2289//3709
f 2290//3710 1426//3710 2292//3710
f 1427//3711 1426//3711 2290//3711
f 2291//3712 1387//3712 1386//3712
f 2293//3713 1387//3713 2291//3713
f 2292//3714 1425//3714 2294//3714
f 1426//3715 1425//3715 2292//3715
f 2293//3716 1388//3716 1387//3716
f 2295//3717 1388//3717 2293//3717
f 2294//3718 1424//3718 2296//3718
f 1425//3719 1424//3719 2294//3719
f 2295//3720 1389//3720 1388//3720
f 2297//3721 1389//3721 2295//3721
f 1424//3722 1423//3722 2296//3722
f 2296//3723 1423//3723 2298//3723
f 2297//3724 1390//3724 1389//3724
f 2299//3725 1390//3725 2297//3725
f 2298//3726 1422//3726 2300//3726
f 1423//3727 1422//3727 2298//3727
f 2299//3728 1391//3728 1390//3728
f 2301//3729 1391//3729 2299//3729
f 1422//3730 1421//3730 2300//3730
f 2300//3731 1421//3731 2302//3731
f 2301//3732 1392//3732 1391//3732
f 2303//3733 1392//3733 2301//3733
f 1421//3734 1420//3734 2302//3734
f 2302//3735 1420//3735 2304//3735
f 2303//3736 1393//3736 1392//3736
f 2305//3737 1393//3737 2303//3737
f 2304//3738 1419//3738 2306//3738
f 1420//3739 1419//3739 2304//3739
f 2305//3740 1394//3740 1393//3740
f 2307//3741 1394//3741 2305//3741
f 1419//3742 1418//3742 2306//3742
f 2306//3743 1418//3743 2308//3743
f 2307//3744 1395//3744 1394//3744
f 2309//3745 1395//3745 2307//3745
f 1418//3746 1417//3746 2308//3746
f 2308//3747 1417//3747 2310//3747
f 2309//3748 1396//3748 1395//3748
f 2311//3749 1396//3749 2309//3749
f 2311//3750 1397//3750 1396//3750
f 2312//3751 1397//3751 2311//3751
f 1417//3752 1416//3752 2310//3752
f 2310//3753 1416//3753 2313//3753
f 1416//3754 1415//3754 2313//3754
f 2313//3755 1415//3755 2314//3755
f 2312//3756 1398//3756 1397//3756
f 2315//3757 1398//3757 2312//3757
f 1415//3758 1414//3758 2314//3758
f 2314//3759 1414//3759 2316//3759
f 2315//3760 1399//3760 1398//3760
f 2317//3761 1399//3761 2315//3761
f 1414//3762 1413//3762 2316//3762
f 2316//3763 1413//3763 2318//3763
f 2317//3764 1400//3764 1399//3764
f 2319//3765 1400//3765 2317//3765
f 1413//3766 1412//3766 2318//3766
f 2318//3767 1412//3767 2320//3767
f 2319//3768 1401//3768 1400//3768
f 2321//3769 1401//3769 2319//3769
f 1412//3770 1411//3770 2320//3770
f 2320//3771 1411//3771 2322//3771
f 2323//3772 1402//3772 2321//3772
f 2321//3773 1402//3773 1401//3773
f 2324//3774 1403//3774 2323//3774
f 2323//3775 1403//3775 1402//3775
f 2322//3776 1410//3776 2325//3776
f 1411//3777 1410//3777 2322//3777
f 2326//3778 1404//3778 2324//3778
f 2324//3779 1404//3779 1403//3779
f 1410//3780 1409//3780 2325//3780
f 2325//3781 1409//3781 2327//3781
f 2326//3782 1405//3782 1404//3782
f 2328//3783 1405//3783 2326//3783
f 2327//3784 1408//3784 2329//3784
f 1409//3785 1408//3785 2327//3785
f 2328//3786 1406//3786 1405//3786
f 2330//3787 1406//3787 2328//3787
f 1408//3788 1407//3788 2329//3788
f 2330//3789 1407//3789 1406//3789
f 2329//3790 1407//3790 2331//3790
f 2331//3791 1407//3791 2330//3791
f 2283//3792 1432//3792 1433//3792
f 2283//3793 1847//3793 1432//3793
f 1848//3794 2332//3794 1441//3794
f 1848//3795 1441//3795 1440//3795
f 1490//3796 2333//3796 1491//3796
f 1491//3797 2333//3797 1493//3797
f 1490//3798 2334//3798 2333//3798
f 1489//3799 2334//3799 1490//3799
f 1489//3800 2335//3800 2334//3800
f 1488//3801 2335//3801 1489//3801
f 1488//3802 2336//3802 2335//3802
f 1487//3803 2336//3803 1488//3803
f 1487//3804 2337//3804 2336//3804
f 1486//3805 2337//3805 1487//3805
f 1486//3806 2338//3806 2337//3806
f 1485//3807 2338//3807 1486//3807
f 1485//3808 2339//3808 2338//3808
f 1484//3809 2339//3809 1485//3809
f 1483//3810 2340//3810 1484//3810
f 1484//3811 2340//3811 2339//3811
f 1483//3812 2341//3812 2340//3812
f 1482//3813 2341//3813 1483//3813
f 1481//3814 2342//3814 1482//3814
f 1482//3815 2342//3815 2341//3815
f 1480//3816 2343//3816 1481//3816
f 1481//3817 2343//3817 2342//3817
f 1479//3818 2344//3818 1480//3818
f 1480//3819 2344//3819 2343//3819
f 1479//3820 2345//3820 2344//3820
f 1478//3821 2345//3821 1479//3821
f 1477//3822 2346//3822 1478//3822
f 1478//3823 2346//3823 2345//3823
f 1477//3824 2347//3824 2346//3824
f 1476//3825 2347//3825 1477//3825
f 1475//3826 2348//3826 1476//3826
f 1476//3827 2348//3827 2347//3827
f 1474//3828 2349//3828 1475//3828
f 1475//3829 2349//3829 2348//3829
f 1473//3830 2350//3830 1474//3830
f 1474//3831 2350//3831 2349//3831
f 1472//3832 2351//3832 1473//3832
f 1473//3833 2351//3833 2350//3833
f 1471//3834 2352//3834 1472//3834
f 1472//3835 2352//3835 2351//3835
f 1470//3836 2353//3836 1471//3836
f 1471//3837 2353//3837 2352//3837
f 1470//3838 2354//3838 2353//3838
f 1470//3839 1469//3839 2354//3839
f 1469//3840 2355//3840 2354//3840
f 1469//3841 1468//3841 2355//3841
f 1468//3842 2356//3842 2355//3842
f 1468//3843 1467//3843 2356//3843
f 1467//3844 2357//3844 2356//3844
f 2357//3845 1466//3845 2358//3845
f 1467//3846 1466//3846 2357//3846
f 1466//3847 2359//3847 2358//3847
f 1466//3848 1465//3848 2359//3848
f 1465//3849 2360//3849 2359//3849
f 1465//3850 1464//3850 2360//3850
f 1464//3851 2361//3851 2360//3851
f 1464//3852 1463//3852 2361//3852
f 2361//3853 1463//3853 2362//3853
f 1463//3854 1462//3854 2362//3854
f 2362//3855 1462//3855 2363//3855
f 1462//3856 1461//3856 2363//3856
f 2363//3857 1461//3857 2364//3857
f 1461//3858 1460//3858 2364//3858
f 2364//3859 1460//3859 2365//3859
f 1460//3860 1459//3860 2365//3860
f 2365//3861 1459//3861 2366//3861
f 1459//3862 1458//3862 2366//3862
f 2366//3863 1458//3863 2367//3863
f 1458//3864 1457//3864 2367//3864
f 2367//3865 1457//3865 2368//3865
f 1457//3866 1456//3866 2368//3866
f 2368//3867 1456//3867 2369//3867
f 1456//3868 1455//3868 2369//3868
f 2369//3869 1455//3869 2370//3869
f 1455//3870 1454//3870 2370//3870
f 2370//3871 1454//3871 2371//3871
f 1454//3872 1453//3872 2371//3872
f 2371//3873 1453//3873 2372//3873
f 1453//3874 1452//3874 2372//3874
f 2372//3875 1452//3875 2373//3875
f 1452//3876 1451//3876 2373//3876
f 2373//3877 1451//3877 2374//3877
f 1451//3878 1450//3878 2374//3878
f 2374//3879 1450//3879 2375//3879
f 1450//3880 1449//3880 2375//3880
f 2375//3881 1449//3881 2376//3881
f 1449//3882 1448//3882 2376//3882
f 2376//3883 1448//3883 2377//3883
f 1448//3884 1447//3884 2377//3884
f 2377//3885 1447//3885 2378//3885
f 1447//3886 1446//3886 2378//3886
f 2378//3887 1446//3887 2379//3887
f 1446//3888 1445//3888 2379//3888
f 2379//3889 1445//3889 2380//3889
f 2380//3890 1444//3890 2381//3890
f 1445//3891 1444//3891 2380//3891
f 2381//3892 1443//3892 2332//3892
f 1444//3893 1443//3893 2381//3893
f 1443//3894 1442//3894 2332//3894
f 1442//3895 1441//3895 2332//3895
f 1493//3896 2162//3896 1492//3896
f 2333//3897 2162//3897 1493//3897
f 2180//3898 1501//3898 1500//3898
f 2180//3899 2382//3899 1501//3899
f 1527//3900 2383//3900 2384//3900
f 1526//3901 2383//3901 1527//3901
f 2384//3902 2385//3902 1527//3902
f 1527//3903 2385//3903 1528//3903
f 1526//3904 2386//3904 2383//3904
f 1525//3905 2386//3905 1526//3905
f 2385//3906 2387//3906 1528//3906
f 1528//3907 2387//3907 1529//3907
f 1525//3908 2388//3908 2386//3908
f 1524//3909 2388//3909 1525//3909
f 2387//3910 2389//3910 1529//3910
f 1529//3911 2389//3911 1530//3911
f 1524//3912 2390//3912 2388//3912
f 1523//3913 2390//3913 1524//3913
f 2389//3914 2391//3914 1530//3914
f 1530//3915 2391//3915 1531//3915
f 1522//3916 2392//3916 1523//3916
f 1523//3917 2392//3917 2390//3917
f 2391//3918 2393//3918 1531//3918
f 1531//3919 2393//3919 1532//3919
f 1521//3920 2394//3920 1522//3920
f 1522//3921 2394//3921 2392//3921
f 2393//3922 2395//3922 1532//3922
f 1532//3923 2395//3923 1533//3923
f 1521//3924 2396//3924 2394//3924
f 1520//3925 2396//3925 1521//3925
f 2395//3926 2397//3926 1533//3926
f 1533//3927 2397//3927 1534//3927
f 1519//3928 2398//3928 1520//3928
f 1520//3929 2398//3929 2396//3929
f 1534//3930 2399//3930 1535//3930
f 2397//3931 2399//3931 1534//3931
f 1518//3932 2400//3932 1519//3932
f 1519//3933 2400//3933 2398//3933
f 1535//3934 2401//3934 1536//3934
f 2399//3935 2401//3935 1535//3935
f 1517//3936 2402//3936 1518//3936
f 1518//3937 2402//3937 2400//3937
f 1536//3938 2403//3938 1537//3938
f 2401//3939 2403//3939 1536//3939
f 1516//3940 2404//3940 1517//3940
f 1517//3941 2404//3941 2402//3941
f 1537//3942 2405//3942 1538//3942
f 2403//3943 2405//3943 1537//3943
f 1515//3944 2406//3944 1516//3944
f 1516//3945 2406//3945 2404//3945
f 1538//3946 2407//3946 1539//3946
f 2405//3947 2407//3947 1538//3947
f 1514//3948 2408//3948 1515//3948
f 1515//3949 2408//3949 2406//3949
f 1539//3950 2409//3950 1540//3950
f 2407//3951 2409//3951 1539//3951
f 1513//3952 2410//3952 1514//3952
f 1514//3953 2410//3953 2408//3953
f 1540//3954 2411//3954 1541//3954
f 2409//3955 2411//3955 1540//3955
f 1512//3956 2412//3956 1513//3956
f 1513//3957 2412//3957 2410//3957
f 2411//3958 2413//3958 1541//3958
f 1541//3959 2413//3959 1542//3959
f 1511//3960 2414//3960 1512//3960
f 1512//3961 2414//3961 2412//3961
f 2413//3962 2415//3962 1542//3962
f 1542//3963 2415//3963 1543//3963
f 1510//3964 2416//3964 1511//3964
f 1511//3965 2416//3965 2414//3965
f 1543//3966 2417//3966 1544//3966
f 2415//3967 2417//3967 1543//3967
f 1509//3968 2418//3968 1510//3968
f 1510//3969 2418//3969 2416//3969
f 1544//3970 2419//3970 1545//3970
f 2417//3971 2419//3971 1544//3971
f 1508//3972 2420//3972 1509//3972
f 1509//3973 2420//3973 2418//3973
f 1545//3974 2421//3974 1546//3974
f 2419//3975 2421//3975 1545//3975
f 1507//3976 2422//3976 1508//3976
f 1508//3977 2422//3977 2420//3977
f 1546//3978 2423//3978 1547//3978
f 2421//3979 2423//3979 1546//3979
f 1506//3980 2424//3980 1507//3980
f 1507//3981 2424//3981 2422//3981
f 1547//3982 2425//3982 1548//3982
f 2423//3983 2425//3983 1547//3983
f 1505//3984 2426//3984 1506//3984
f 1506//3985 2426//3985 2424//3985
f 1548//3986 2427//3986 1549//3986
f 2425//3987 2427//3987 1548//3987
f 1504//3988 2428//3988 1505//3988
f 1505//3989 2428//3989 2426//3989
f 1549//3990 2429//3990 1550//3990
f 2427//3991 2429//3991 1549//3991
f 1503//3992 2430//3992 1504//3992
f 1504//3993 2430//3993 2428//3993
f 1501//3994 2382//3994 1502//3994
f 1502//3995 2382//3995 1503//3995
f 1503//3996 2382//3996 2430//3996
f 2429//3997 2431//3997 1550//3997
f 1550//3998 2431//3998 1551//3998
f 1551//3999 2431//3999 1553//3999
f 2174//4000 1553//4000 2431//4000
f 1552//4001 1553//4001 2174//4001
f 1562//4002 2168//4002 2432//4002
f 1562//4003 1560//4003 2168//4003
f 1562//4004 2432//4004 1561//4004
f 1561//4005 2432//4005 1563//4005
f 1563//4006 2433//4006 1564//4006
f 2432//4007 2433//4007 1563//4007
f 1564//4008 2434//4008 1565//4008
f 2433//4009 2434//4009 1564//4009
f 1565//4010 2435//4010 1566//4010
f 2434//4011 2435//4011 1565//4011
f 1566//4012 2436//4012 1567//4012
f 2435//4013 2436//4013 1566//4013
f 1567//4014 2437//4014 1568//4014
f 2436//4015 2437//4015 1567//4015
f 1568//4016 2438//4016 1569//4016
f 2437//4017 2438//4017 1568//4017
f 1569//4018 2439//4018 1570//4018
f 2438//4019 2439//4019 1569//4019
f 1570//4020 2440//4020 1571//4020
f 2439//4021 2440//4021 1570//4021
f 1571//4022 2441//4022 1572//4022
f 2440//4023 2441//4023 1571//4023
f 1572//4024 2442//4024 1573//4024
f 2441//4025 2442//4025 1572//4025
f 1573//4026 2443//4026 1574//4026
f 2442//4027 2443//4027 1573//4027
f 1574//4028 2444//4028 1575//4028
f 2443//4029 2444//4029 1574//4029
f 1575//4030 2445//4030 1576//4030
f 2444//4031 2445//4031 1575//4031
f 1576//4032 2446//4032 1577//4032
f 2445//4033 2446//4033 1576//4033
f 1577//4034 2447//4034 1578//4034
f 2446//4035 2447//4035 1577//4035
f 1578//4036 2448//4036 1579//4036
f 2447//4037 2448//4037 1578//4037
f 1579//4038 2449//4038 1580//4038
f 2448//4039 2449//4039 1579//4039
f 1580//4040 2450//4040 1581//4040
f 2449//4041 2450//4041 1580//4041
f 1581//4042 2451//4042 1582//4042
f 2450//4043 2451//4043 1581//4043
f 1582//4044 2452//4044 1583//4044
f 2451//4045 2452//4045 1582//4045
f 2452//4046 2453//4046 1583//4046
f 2453//4047 1584//4047 1583//4047
f 2453//4048 2454//4048 1584//4048
f 2454//4049 1585//4049 1584//4049
f 2454//4050 2455//4050 1585//4050
f 2455//4051 1586//4051 1585//4051
f 2455//4052 2456//4052 1586//4052
f 2457//4053 1587//4053 2456//4053
f 2456//4054 1587//4054 1586//4054
f 2457//4055 2458//4055 1587//4055
f 2458//4056 1588//4056 1587//4056
f 2458//4057 2459//4057 1588//4057
f 2459//4058 1589//4058 1588//4058
f 2459//4059 2460//4059 1589//4059
f 2460//4060 1590//4060 1589//4060
f 2461//4061 1590//4061 2460//4061
f 2461//4062 1591//4062 1590//4062
f 2462//4063 1591//4063 2461//4063
f 2462//4064 1592//4064 1591//4064
f 2463//4065 1592//4065 2462//4065
f 2463//4066 1593//4066 1592//4066
f 2464//4067 1593//4067 2463//4067
f 2464//4068 1594//4068 1593//4068
f 2465//4069 1594//4069 2464//4069
f 2465//4070 1595//4070 1594//4070
f 2466//4071 1595//4071 2465//4071
f 2466//4072 1596//4072 1595//4072
f 2467//4073 1596//4073 2466//4073
f 2467//4074 1597//4074 1596//4074
f 2468//4075 1597//4075 2467//4075
f 2468//4076 1598//4076 1597//4076
f 2469//4077 1598//4077 2468//4077
f 2469//4078 1599//4078 1598//4078
f 2470//4079 1599//4079 2469//4079
f 2471//4080 1600//4080 2470//4080
f 2470//4081 1600//4081 1599//4081
f 2472//4082 1601//4082 2471//4082
f 2471//4083 1601//4083 1600//4083
f 2473//4084 1602//4084 2472//4084
f 2472//4085 1602//4085 1601//4085
f 2474//4086 1603//4086 2473//4086
f 2473//4087 1603//4087 1602//4087
f 2475//4088 1604//4088 2474//4088
f 2474//4089 1604//4089 1603//4089
f 2476//4090 1605//4090 2475//4090
f 2475//4091 1605//4091 1604//4091
f 2477//4092 1606//4092 2476//4092
f 2476//4093 1606//4093 1605//4093
f 2478//4094 1607//4094 2477//4094
f 2477//4095 1607//4095 1606//4095
f 2479//4096 1608//4096 2478//4096
f 2478//4097 1608//4097 1607//4097
f 2480//4098 1609//4098 2479//4098
f 2479//4099 1609//4099 1608//4099
f 2480//4100 1610//4100 1609//4100
f 2481//4101 1610//4101 2480//4101
f 2481//4102 1611//4102 1610//4102
f 2481//4103 1614//4103 1611//4103
f 1612//4104 1614//4104 2481//4104
f 1612//4105 2481//4105 1849//4105
f 2482//4106 1759//4106 1760//4106
f 2483//4107 2482//4107 1760//4107
f 2483//4108 1760//4108 1761//4108
f 2484//4109 1759//4109 2482//4109
f 2485//4110 2483//4110 1761//4110
f 2485//4111 1761//4111 1762//4111
f 2486//4112 1759//4112 2484//4112
f 2486//4113 1757//4113 1758//4113
f 2486//4114 1758//4114 1759//4114
f 2487//4115 2485//4115 1762//4115
f 2487//4116 1762//4116 1763//4116
f 2488//4117 1757//4117 2486//4117
f 2488//4118 1756//4118 1757//4118
f 2489//4119 1763//4119 1764//4119
f 2489//4120 2487//4120 1763//4120
f 2490//4121 1756//4121 2488//4121
f 2490//4122 1755//4122 1756//4122
f 2491//4123 2489//4123 1764//4123
f 2491//4124 1764//4124 1765//4124
f 2492//4125 1755//4125 2490//4125
f 2493//4126 2491//4126 1765//4126
f 2493//4127 1765//4127 1766//4127
f 2494//4128 1754//4128 1755//4128
f 2494//4129 1755//4129 2492//4129
f 2495//4130 2493//4130 1766//4130
f 2495//4131 1766//4131 1767//4131
f 2496//4132 1754//4132 2494//4132
f 2496//4133 1752//4133 1753//4133
f 2496//4134 1753//4134 1754//4134
f 2497//4135 2495//4135 1767//4135
f 2497//4136 1767//4136 1768//4136
f 2498//4137 1752//4137 2496//4137
f 2499//4138 2497//4138 1768//4138
f 2499//4139 1768//4139 1769//4139
f 2500//4140 1750//4140 1751//4140
f 2500//4141 1751//4141 1752//4141
f 2500//4142 1752//4142 2498//4142
f 2501//4143 1769//4143 1770//4143
f 2501//4144 2499//4144 1769//4144
f 2502//4145 1749//4145 1750//4145
f 2502//4146 1750//4146 2500//4146
f 2503//4147 2501//4147 1770//4147
f 2503//4148 1770//4148 1771//4148
f 2504//4149 1749//4149 2502//4149
f 2505//4150 2503//4150 1771//4150
f 2505//4151 1771//4151 1772//4151
f 2506//4152 1747//4152 1748//4152
f 2506//4153 1748//4153 1749//4153
f 2506//4154 1749//4154 2504//4154
f 2507//4155 2505//4155 1772//4155
f 2507//4156 1772//4156 1773//4156
f 2508//4157 1747//4157 2506//4157
f 2508//4158 1746//4158 1747//4158
f 2509//4159 1773//4159 1774//4159
f 2509//4160 2507//4160 1773//4160
f 2510//4161 1745//4161 1746//4161
f 2510//4162 1746//4162 2508//4162
f 2511//4163 1774//4163 1775//4163
f 2511//4164 2509//4164 1774//4164
f 2512//4165 1744//4165 1745//4165
f 2512//4166 1745//4166 2510//4166
f 2513//4167 1775//4167 1776//4167
f 2513//4168 2511//4168 1775//4168
f 2514//4169 1744//4169 2512//4169
f 2515//4170 2513//4170 1776//4170
f 2515//4171 1776//4171 1777//4171
f 2516//4172 1743//4172 1744//4172
f 2516//4173 1744//4173 2514//4173
f 2517//4174 2515//4174 1777//4174
f 2517//4175 1777//4175 1778//4175
f 2518//4176 1741//4176 1742//4176
f 2518//4177 1742//4177 1743//4177
f 2518//4178 1743//4178 2516//4178
f 2519//4179 2517//4179 1778//4179
f 2519//4180 1778//4180 1779//4180
f 2520//4181 1740//4181 1741//4181
f 2520//4182 1741//4182 2518//4182
f 2521//4183 2519//4183 1779//4183
f 2521//4184 1779//4184 1780//4184
f 2522//4185 1739//4185 1740//4185
f 2522//4186 1740//4186 2520//4186
f 2523//4187 2521//4187 1780//4187
f 2523//4188 1780//4188 1781//4188
f 2524//4189 1738//4189 1739//4189
f 2524//4190 1739//4190 2522//4190
f 2525//4191 1781//4191 1782//4191
f 2525//4192 2523//4192 1781//4192
f 2526//4193 1737//4193 1738//4193
f 2526//4194 1738//4194 2524//4194
f 2527//4195 1782//4195 1783//4195
f 2527//4196 2525//4196 1782//4196
f 2528//4197 1736//4197 1737//4197
f 2528//4198 1737//4198 2526//4198
f 2529//4199 2527//4199 1783//4199
f 2529//4200 1783//4200 1784//4200
f 2530//4201 1736//4201 2528//4201
f 2531//4202 1784//4202 1785//4202
f 2531//4203 2529//4203 1784//4203
f 2532//4204 1735//4204 1736//4204
f 2532//4205 1736//4205 2530//4205
f 2533//4206 1785//4206 1786//4206
f 2533//4207 2531//4207 1785//4207
f 2534//4208 1734//4208 1735//4208
f 2534//4209 1735//4209 2532//4209
f 2535//4210 2533//4210 1786//4210
f 2535//4211 1786//4211 1787//4211
f 2536//4212 1733//4212 1734//4212
f 2536//4213 1734//4213 2534//4213
f 2537//4214 2535//4214 1787//4214
f 2537//4215 1787//4215 1788//4215
f 2538//4216 1731//4216 1732//4216
f 2538//4217 1732//4217 1733//4217
f 2538//4218 1733//4218 2536//4218
f 2539//4219 2537//4219 1788//4219
f 2539//4220 1788//4220 1789//4220
f 2540//4221 1731//4221 2538//4221
f 2540//4222 1730//4222 1731//4222
f 2541//4223 1789//4223 1790//4223
f 2541//4224 2539//4224 1789//4224
f 2542//4225 1730//4225 2540//4225
f 2543//4226 2541//4226 1790//4226
f 2543//4227 1790//4227 1791//4227
f 2544//4228 1728//4228 1729//4228
f 2544//4229 1729//4229 1730//4229
f 2544//4230 1730//4230 2542//4230
f 2545//4231 1791//4231 1792//4231
f 2545//4232 2543//4232 1791//4232
f 2546//4233 1727//4233 1728//4233
f 2546//4234 1728//4234 2544//4234
f 2547//4235 2545//4235 1792//4235
f 2547//4236 1792//4236 1793//4236
f 2548//4237 1727//4237 2546//4237
f 2549//4238 1793//4238 1794//4238
f 2549//4239 2547//4239 1793//4239
f 2550//4240 1725//4240 1726//4240
f 2550//4241 1726//4241 1727//4241
f 2550//4242 1727//4242 2548//4242
f 2551//4243 1794//4243 1795//4243
f 2551//4244 2549//4244 1794//4244
f 2552//4245 1725//4245 2550//4245
f 2553//4246 2551//4246 1795//4246
f 2553//4247 1795//4247 1796//4247
f 2554//4248 1723//4248 1724//4248
f 2554//4249 1724//4249 1725//4249
f 2554//4250 1725//4250 2552//4250
f 2555//4251 2553//4251 1796//4251
f 2555//4252 1796//4252 1797//4252
f 2555//4253 1797//4253 1798//4253
f 2556//4254 1723//4254 2554//4254
f 2557//4255 2555//4255 1798//4255
f 2558//4256 1722//4256 1723//4256
f 2558//4257 1723//4257 2556//4257
f 2559//4258 2557//4258 1798//4258
f 2559//4259 1798//4259 1799//4259
f 2560//4260 1721//4260 1722//4260
f 2560//4261 1722//4261 2558//4261
f 2561//4262 2559//4262 1799//4262
f 2561//4263 1799//4263 1800//4263
f 2562//4264 1720//4264 1721//4264
f 2562//4265 1721//4265 2560//4265
f 2563//4266 2561//4266 1800//4266
f 2563//4267 1800//4267 1801//4267
f 2564//4268 1719//4268 1720//4268
f 2564//4269 1720//4269 2562//4269
f 2565//4270 2563//4270 1801//4270
f 2565//4271 1801//4271 1802//4271
f 2566//4272 1717//4272 1718//4272
f 2566//4273 1718//4273 1719//4273
f 2566//4274 1719//4274 2564//4274
f 2567//4275 2565//4275 1802//4275
f 2567//4276 1802//4276 1803//4276
f 2568//4277 1717//4277 2566//4277
f 2568//4278 1716//4278 1717//4278
f 2569//4279 1803//4279 1804//4279
f 2569//4280 2567//4280 1803//4280
f 2570//4281 1716//4281 2568//4281
f 2571//4282 1804//4282 1805//4282
f 2571//4283 2569//4283 1804//4283
f 2572//4284 1716//4284 2570//4284
f 2572//4285 1714//4285 1715//4285
f 2572//4286 1715//4286 1716//4286
f 2573//4287 2571//4287 1805//4287
f 2573//4288 1805//4288 1806//4288
f 2574//4289 1714//4289 2572//4289
f 2575//4290 2573//4290 1806//4290
f 2575//4291 1806//4291 1807//4291
f 2576//4292 1714//4292 2574//4292
f 2576//4293 1713//4293 1714//4293
f 2577//4294 2575//4294 1807//4294
f 2577//4295 1807//4295 1808//4295
f 2578//4296 1713//4296 2576//4296
f 2578//4297 1712//4297 1713//4297
f 2579//4298 2577//4298 1808//4298
f 2579//4299 1808//4299 1809//4299
f 2580//4300 1712//4300 2578//4300
f 2580//4301 1711//4301 1712//4301
f 2581//4302 2579//4302 1809//4302
f 2581//4303 1809//4303 1810//4303
f 2582//4304 1711//4304 2580//4304
f 2582//4305 1710//4305 1711//4305
f 2583//4306 2581//4306 1810//4306
f 2583//4307 1810//4307 1811//4307
f 2584//4308 1710//4308 2582//4308
f 2584//4309 1709//4309 1710//4309
f 2585//4310 2583//4310 1811//4310
f 2585//4311 1811//4311 1812//4311
f 2586//4312 1709//4312 2584//4312
f 2586//4313 1707//4313 1708//4313
f 2586//4314 1708//4314 1709//4314
f 2587//4315 2585//4315 1812//4315
f 2587//4316 1812//4316 1813//4316
f 2588//4317 1707//4317 2586//4317
f 2589//4318 2587//4318 1813//4318
f 2589//4319 1813//4319 1814//4319
f 2590//4320 1707//4320 2588//4320
f 2590//4321 1705//4321 1706//4321
f 2590//4322 1706//4322 1707//4322
f 2591//4323 2589//4323 1814//4323
f 2591//4324 1814//4324 1815//4324
f 2592//4325 1705//4325 2590//4325
f 1704//4326 1705//4326 2592//4326
f 2593//4327 1815//4327 1816//4327
f 2593//4328 2591//4328 1815//4328
f 2594//4329 1704//4329 2592//4329
f 2595//4330 2593//4330 1816//4330
f 2595//4331 1816//4331 1817//4331
f 1703//4332 1704//4332 2594//4332
f 2596//4333 1703//4333 2594//4333
f 2597//4334 2595//4334 1817//4334
f 1818//4335 2597//4335 1817//4335
f 1702//4336 1703//4336 2596//4336
f 1702//4337 2596//4337 2598//4337
f 2599//4338 2597//4338 1818//4338
f 1819//4339 2600//4339 2599//4339
f 1819//4340 2599//4340 1818//4340
f 1701//4341 1702//4341 2598//4341
f 1701//4342 2598//4342 2601//4342
f 1820//4343 2600//4343 1819//4343
f 1820//4344 2602//4344 2600//4344
f 1700//4345 1701//4345 2601//4345
f 1700//4346 2601//4346 2603//4346
f 1700//4347 2603//4347 2604//4347
f 1821//4348 2602//4348 1820//4348
f 1699//4349 1700//4349 2604//4349
f 1822//4350 2605//4350 2606//4350
f 1822//4351 2606//4351 2602//4351
f 1822//4352 2602//4352 1821//4352
f 1698//4353 1699//4353 2604//4353
f 1698//4354 2604//4354 2607//4354
f 1823//4355 2605//4355 1822//4355
f 1697//4356 1698//4356 2607//4356
f 1697//4357 2607//4357 2608//4357
f 1697//4358 2608//4358 2609//4358
f 1824//4359 2610//4359 2605//4359
f 1824//4360 2605//4360 1823//4360
f 1696//4361 1697//4361 2609//4361
f 1825//4362 2610//4362 1824//4362
f 1825//4363 2611//4363 2610//4363
f 1695//4364 1696//4364 2609//4364
f 1695//4365 2609//4365 2612//4365
f 1826//4366 2613//4366 2611//4366
f 1826//4367 2611//4367 1825//4367
f 1694//4368 1695//4368 2612//4368
f 1694//4369 2612//4369 2614//4369
f 1827//4370 2613//4370 1826//4370
f 1827//4371 2615//4371 2616//4371
f 1827//4372 2616//4372 2613//4372
f 1693//4373 1694//4373 2614//4373
f 1693//4374 2614//4374 2617//4374
f 1828//4375 2615//4375 1827//4375
f 1828//4376 2618//4376 2615//4376
f 1692//4377 1693//4377 2617//4377
f 1692//4378 2617//4378 2619//4378
f 1829//4379 2618//4379 1828//4379
f 1829//4380 2620//4380 2618//4380
f 1691//4381 1692//4381 2619//4381
f 1691//4382 2619//4382 2621//4382
f 1830//4383 2622//4383 2620//4383
f 1830//4384 2620//4384 1829//4384
f 1690//4385 1691//4385 2621//4385
f 1690//4386 2621//4386 2623//4386
f 1690//4387 2623//4387 2624//4387
f 1831//4388 2622//4388 1830//4388
f 1689//4389 1690//4389 2624//4389
f 1832//4390 2625//4390 2626//4390
f 1832//4391 2626//4391 2622//4391
f 1832//4392 2622//4392 1831//4392
f 1688//4393 1689//4393 2624//4393
f 1688//4394 2624//4394 2627//4394
f 1833//4395 2628//4395 2625//4395
f 1833//4396 2625//4396 1832//4396
f 1687//4397 1688//4397 2627//4397
f 1687//4398 2627//4398 2629//4398
f 1834//4399 2628//4399 1833//4399
f 1686//4400 1687//4400 2629//4400
f 1686//4401 2629//4401 2630//4401
f 1835//4402 2631//4402 2628//4402
f 1835//4403 2628//4403 1834//4403
f 1685//4404 1686//4404 2630//4404
f 1685//4405 2630//4405 2632//4405
f 1836//4406 2633//4406 2634//4406
f 1836//4407 2634//4407 2631//4407
f 1836//4408 2631//4408 1835//4408
f 1684//4409 2632//4409 2635//4409
f 1684//4410 1685//4410 2632//4410
f 1837//4411 2633//4411 1836//4411
f 1683//4412 1684//4412 2635//4412
f 1683//4413 2635//4413 2636//4413
f 1838//4414 2637//4414 2633//4414
f 1838//4415 2633//4415 1837//4415
f 1682//4416 1683//4416 2636//4416
f 1682//4417 2636//4417 2638//4417
f 1839//4418 2639//4418 2640//4418
f 1839//4419 2640//4419 2637//4419
f 1839//4420 2637//4420 1838//4420
f 1681//4421 1682//4421 2638//4421
f 1681//4422 2638//4422 2641//4422
f 1840//4423 2639//4423 1839//4423
f 1680//4424 1681//4424 2641//4424
f 1680//4425 2641//4425 2642//4425
f 1841//4426 2643//4426 2639//4426
f 1841//4427 2639//4427 1840//4427
f 1679//4428 1680//4428 2642//4428
f 1679//4429 2642//4429 2644//4429
f 1842//4430 2645//4430 2643//4430
f 1842//4431 2643//4431 1841//4431
f 1678//4432 2644//4432 2646//4432
f 1678//4433 1679//4433 2644//4433
f 1843//4434 2647//4434 2645//4434
f 1843//4435 2645//4435 1842//4435
f 1677//4436 1678//4436 2646//4436
f 1677//4437 2646//4437 2648//4437
f 1844//4438 2649//4438 2650//4438
f 1844//4439 2650//4439 2647//4439
f 1844//4440 2647//4440 1843//4440
f 1676//4441 2648//4441 2651//4441
f 1676//4442 1677//4442 2648//4442
f 1845//4443 2649//4443 1844//4443
f 1675//4444 1676//4444 2651//4444
f 1675//4445 2651//4445 2652//4445
f 1617//4446 2653//4446 2649//4446
f 1617//4447 2649//4447 1845//4447
f 1674//4448 1675//4448 2652//4448
f 1674//4449 2652//4449 2654//4449
f 1618//4450 2655//4450 2653//4450
f 1618//4451 2653//4451 1617//4451
f 1673//4452 1674//4452 2654//4452
f 1673//4453 2654//4453 2656//4453
f 1619//4454 2655//4454 1618//4454
f 1619//4455 2657//4455 2658//4455
f 1619//4456 2658//4456 2655//4456
f 1672//4457 1673//4457 2656//4457
f 1672//4458 2656//4458 2659//4458
f 1620//4459 2657//4459 1619//4459
f 1671//4460 2659//4460 2660//4460
f 1671//4461 2660//4461 2661//4461
f 1671//4462 1672//4462 2659//4462
f 1621//4463 2657//4463 1620//4463
f 1621//4464 2662//4464 2663//4464
f 1621//4465 2663//4465 2657//4465
f 1670//4466 1671//4466 2661//4466
f 1622//4467 2664//4467 2662//4467
f 1622//4468 2662//4468 1621//4468
f 1669//4469 2661//4469 2665//4469
f 1669//4470 1670//4470 2661//4470
f 1623//4471 2664//4471 1622//4471
f 1668//4472 2665//4472 2666//4472
f 1668//4473 2666//4473 2667//4473
f 1668//4474 1669//4474 2665//4474
f 1624//4475 2668//4475 2664//4475
f 1624//4476 2664//4476 1623//4476
f 1667//4477 2667//4477 2669//4477
f 1667//4478 1668//4478 2667//4478
f 1625//4479 2670//4479 2668//4479
f 1625//4480 2668//4480 1624//4480
f 1666//4481 1667//4481 2669//4481
f 1626//4482 2670//4482 1625//4482
f 1626//4483 2671//4483 2670//4483
f 1665//4484 2669//4484 2672//4484
f 1665//4485 1666//4485 2669//4485
f 1627//4486 2671//4486 1626//4486
f 1627//4487 2673//4487 2674//4487
f 1627//4488 2674//4488 2671//4488
f 1664//4489 2672//4489 2675//4489
f 1664//4490 2675//4490 2676//4490
f 1664//4491 1665//4491 2672//4491
f 1628//4492 2673//4492 1627//4492
f 1663//4493 1664//4493 2676//4493
f 1629//4494 2673//4494 1628//4494
f 1629//4495 2677//4495 2673//4495
f 1662//4496 2676//4496 2678//4496
f 1662//4497 1663//4497 2676//4497
f 1630//4498 2677//4498 1629//4498
f 1630//4499 2679//4499 2677//4499
f 1661//4500 2678//4500 2680//4500
f 1661//4501 2680//4501 2681//4501
f 1661//4502 1662//4502 2678//4502
f 1631//4503 2679//4503 1630//4503
f 1631//4504 2682//4504 2679//4504
f 1660//4505 2681//4505 2683//4505
f 1660//4506 1661//4506 2681//4506
f 1632//4507 2682//4507 1631//4507
f 1632//4508 2684//4508 2682//4508
f 1659//4509 2683//4509 2685//4509
f 1659//4510 1660//4510 2683//4510
f 1633//4511 2684//4511 1632//4511
f 1633//4512 2686//4512 2684//4512
f 1658//4513 1659//4513 2685//4513
f 1634//4514 2686//4514 1633//4514
f 1634//4515 2687//4515 2686//4515
f 1657//4516 1658//4516 2685//4516
f 1657//4517 2685//4517 2688//4517
f 1635//4518 2687//4518 1634//4518
f 1635//4519 2689//4519 2690//4519
f 1635//4520 2690//4520 2687//4520
f 1656//4521 2688//4521 2691//4521
f 1656//4522 1657//4522 2688//4522
f 1636//4523 2689//4523 1635//4523
f 1655//4524 2691//4524 2692//4524
f 1655//4525 2692//4525 2693//4525
f 1655//4526 1656//4526 2691//4526
f 1637//4527 2694//4527 2689//4527
f 1637//4528 2689//4528 1636//4528
f 1654//4529 1655//4529 2693//4529
f 1638//4530 2694//4530 1637//4530
f 1638//4531 2695//4531 2696//4531
f 1638//4532 2696//4532 2694//4532
f 1653//4533 2693//4533 2697//4533
f 1653//4534 1654//4534 2693//4534
f 1639//4535 2695//4535 1638//4535
f 1652//4536 1653//4536 2697//4536
f 1652//4537 2697//4537 2698//4537
f 1640//4538 2699//4538 2700//4538
f 1640//4539 2700//4539 2695//4539
f 1640//4540 2695//4540 1639//4540
f 1651//4541 2698//4541 2701//4541
f 1651//4542 2701//4542 2702//4542
f 1651//4543 1652//4543 2698//4543
f 1641//4544 2703//4544 2699//4544
f 1641//4545 2699//4545 1640//4545
f 1650//4546 1651//4546 2702//4546
f 1650//4547 2702//4547 2704//4547
f 1642//4548 2703//4548 1641//4548
f 1649//4549 1650//4549 2704//4549
f 1643//4550 2705//4550 2703//4550
f 1643//4551 2703//4551 1642//4551
f 1648//4552 2704//4552 2706//4552
f 1648//4553 1649//4553 2704//4553
f 1644//4554 2707//4554 2708//4554
f 1644//4555 2708//4555 2705//4555
f 1644//4556 2705//4556 1643//4556
f 1647//4557 1648//4557 2706//4557
f 1647//4558 2706//4558 2709//4558
f 1647//4559 2709//4559 2710//4559
f 1645//4560 2707//4560 1644//4560
f 1646//4561 1647//4561 2710//4561
f 1646//4562 2710//4562 2707//4562
f 1646//4563 2707//4563 1645//4563
f 2432//4564 2168//4564 2160//4564
f 2433//4565 2432//4565 2160//4565
f 2433//4566 2160//4566 2156//4566
f 2434//4567 2433//4567 2156//4567
f 2434//4568 2156//4568 2152//4568
f 2435//4569 2434//4569 2152//4569
f 2435//4570 2152//4570 2148//4570
f 2436//4571 2435//4571 2148//4571
f 2436//4572 2148//4572 2144//4572
f 2437//4573 2436//4573 2144//4573
f 2437//4574 2144//4574 2140//4574
f 2438//4575 2437//4575 2140//4575
f 2438//4576 2140//4576 2136//4576
f 2439//4577 2438//4577 2136//4577
f 2439//4578 2136//4578 2132//4578
f 2440//4579 2439//4579 2132//4579
f 2440//4580 2132//4580 2128//4580
f 2441//4581 2440//4581 2128//4581
f 2441//4582 2128//4582 2124//4582
f 2442//4583 2441//4583 2124//4583
f 2442//4584 2124//4584 2120//4584
f 2443//4585 2442//4585 2120//4585
f 2443//4586 2120//4586 2116//4586
f 2444//4587 2443//4587 2116//4587
f 2444//4588 2116//4588 2112//4588
f 2445//4589 2444//4589 2112//4589
f 2445//4590 2112//4590 2108//4590
f 2446//4591 2445//4591 2108//4591
f 2446//4592 2108//4592 2104//4592
f 2447//4593 2104//4593 2100//4593
f 2447//4594 2446//4594 2104//4594
f 2448//4595 2100//4595 2096//4595
f 2448//4596 2447//4596 2100//4596
f 2449//4597 2096//4597 2092//4597
f 2449//4598 2448//4598 2096//4598
f 2450//4599 2092//4599 2088//4599
f 2450//4600 2449//4600 2092//4600
f 2451//4601 2088//4601 2084//4601
f 2451//4602 2450//4602 2088//4602
f 2452//4603 2084//4603 2080//4603
f 2452//4604 2451//4604 2084//4604
f 2453//4605 2080//4605 2076//4605
f 2453//4606 2452//4606 2080//4606
f 2454//4607 2076//4607 2072//4607
f 2454//4608 2453//4608 2076//4608
f 2455//4609 2072//4609 2067//4609
f 2455//4610 2454//4610 2072//4610
f 2456//4611 2067//4611 2061//4611
f 2456//4612 2455//4612 2067//4612
f 2457//4613 2456//4613 2061//4613
f 2457//4614 2061//4614 2057//4614
f 2458//4615 2457//4615 2057//4615
f 2458//4616 2057//4616 2053//4616
f 2459//4617 2458//4617 2053//4617
f 2459//4618 2053//4618 2049//4618
f 2460//4619 2459//4619 2049//4619
f 2460//4620 2049//4620 2045//4620
f 2461//4621 2460//4621 2045//4621
f 2461//4622 2045//4622 2041//4622
f 2462//4623 2461//4623 2041//4623
f 2462//4624 2041//4624 2037//4624
f 2463//4625 2462//4625 2037//4625
f 2463//4626 2037//4626 2033//4626
f 2464//4627 2463//4627 2033//4627
f 2464//4628 2033//4628 2029//4628
f 2465//4629 2464//4629 2029//4629
f 2465//4630 2029//4630 2025//4630
f 2466//4631 2465//4631 2025//4631
f 2466//4632 2025//4632 2021//4632
f 2467//4633 2466//4633 2021//4633
f 2467//4634 2021//4634 2017//4634
f 2468//4635 2467//4635 2017//4635
f 2468//4636 2017//4636 2013//4636
f 2469//4637 2468//4637 2013//4637
f 2469//4638 2013//4638 2009//4638
f 2470//4639 2469//4639 2009//4639
f 2470//4640 2009//4640 2005//4640
f 2471//4641 2470//4641 2005//4641
f 2471//4642 2005//4642 2001//4642
f 2472//4643 2471//4643 2001//4643
f 2472//4644 2001//4644 1997//4644
f 2473//4645 2472//4645 1997//4645
f 2473//4646 1997//4646 1993//4646
f 2474//4647 2473//4647 1993//4647
f 2474//4648 1993//4648 1989//4648
f 2475//4649 2474//4649 1989//4649
f 2475//4650 1989//4650 1985//4650
f 2476//4651 2475//4651 1985//4651
f 2476//4652 1985//4652 1981//4652
f 2477//4653 2476//4653 1981//4653
f 2477//4654 1981//4654 1977//4654
f 2478//4655 2477//4655 1977//4655
f 2478//4656 1977//4656 1973//4656
f 2479//4657 2478//4657 1973//4657
f 2479//4658 1973//4658 1969//4658
f 2480//4659 2479//4659 1969//4659
f 2480//4660 1969//4660 1849//4660
f 2481//4661 2480//4661 1849//4661
f 2430//4662 2382//4662 2180//4662
f 2430//4663 2180//4663 2188//4663
f 2428//4664 2430//4664 2188//4664
f 2428//4665 2188//4665 2192//4665
f 2426//4666 2428//4666 2192//4666
f 2426//4667 2192//4667 2196//4667
f 2424//4668 2426//4668 2196//4668
f 2424//4669 2196//4669 2200//4669
f 2422//4670 2424//4670 2200//4670
f 2422//4671 2200//4671 2204//4671
f 2420//4672 2422//4672 2204//4672
f 2420//4673 2204//4673 2208//4673
f 2418//4674 2420//4674 2208//4674
f 2418//4675 2208//4675 2212//4675
f 2416//4676 2418//4676 2212//4676
f 2416//4677 2212//4677 2216//4677
f 2414//4678 2416//4678 2216//4678
f 2414//4679 2216//4679 2220//4679
f 2412//4680 2414//4680 2220//4680
f 2412//4681 2220//4681 2224//4681
f 2410//4682 2412//4682 2224//4682
f 2410//4683 2224//4683 2228//4683
f 2408//4684 2410//4684 2228//4684
f 2408//4685 2228//4685 2232//4685
f 2406//4686 2408//4686 2232//4686
f 2406//4687 2232//4687 2236//4687
f 2404//4688 2406//4688 2236//4688
f 2404//4689 2236//4689 2240//4689
f 2402//4690 2240//4690 2244//4690
f 2402//4691 2404//4691 2240//4691
f 2400//4692 2244//4692 2248//4692
f 2400//4693 2402//4693 2244//4693
f 2398//4694 2248//4694 2252//4694
f 2398//4695 2400//4695 2248//4695
f 2396//4696 2252//4696 2256//4696
f 2396//4697 2398//4697 2252//4697
f 2394//4698 2256//4698 2260//4698
f 2394//4699 2396//4699 2256//4699
f 2392//4700 2260//4700 2264//4700
f 2392//4701 2394//4701 2260//4701
f 2390//4702 2264//4702 2268//4702
f 2390//4703 2392//4703 2264//4703
f 2388//4704 2268//4704 2272//4704
f 2388//4705 2390//4705 2268//4705
f 2386//4706 2272//4706 2276//4706
f 2386//4707 2388//4707 2272//4707
f 2383//4708 2276//4708 2278//4708
f 2383//4709 2386//4709 2276//4709
f 2384//4710 2383//4710 2278//4710
f 2384//4711 2278//4711 2280//4711
f 2385//4712 2384//4712 2280//4712
f 2385//4713 2280//4713 2274//4713
f 2387//4714 2385//4714 2274//4714
f 2387//4715 2274//4715 2270//4715
f 2389//4716 2387//4716 2270//4716
f 2389//4717 2270//4717 2266//4717
f 2391//4718 2389//4718 2266//4718
f 2391//4719 2266//4719 2262//4719
f 2393//4720 2391//4720 2262//4720
f 2393//4721 2262//4721 2258//4721
f 2395//4722 2393//4722 2258//4722
f 2395//4723 2258//4723 2254//4723
f 2397//4724 2395//4724 2254//4724
f 2397//4725 2254//4725 2250//4725
f 2399//4726 2397//4726 2250//4726
f 2399//4727 2250//4727 2246//4727
f 2401//4728 2399//4728 2246//4728
f 2401//4729 2246//4729 2242//4729
f 2403//4730 2401//4730 2242//4730
f 2403//4731 2242//4731 2238//4731
f 2405//4732 2403//4732 2238//4732
f 2405//4733 2238//4733 2234//4733
f 2407//4734 2405//4734 2234//4734
f 2407//4735 2234//4735 2230//4735
f 2409//4736 2407//4736 2230//4736
f 2409//4737 2230//4737 2226//4737
f 2411//4738 2409//4738 2226//4738
f 2411//4739 2226//4739 2222//4739
f 2413//4740 2411//4740 2222//4740
f 2413//4741 2222//4741 2218//4741
f 2415//4742 2413//4742 2218//4742
f 2415//4743 2218//4743 2214//4743
f 2417//4744 2415//4744 2214//4744
f 2417//4745 2214//4745 2210//4745
f 2419//4746 2417//4746 2210//4746
f 2419//4747 2210//4747 2206//4747
f 2421//4748 2419//4748 2206//4748
f 2421//4749 2206//4749 2202//4749
f 2423//4750 2421//4750 2202//4750
f 2423//4751 2202//4751 2198//4751
f 2425//4752 2423//4752 2198//4752
f 2425//4753 2198//4753 2194//4753
f 2427//4754 2425//4754 2194//4754
f 2427//4755 2194//4755 2190//4755
f 2429//4756 2427//4756 2190//4756
f 2429//4757 2190//4757 2186//4757
f 2431//4758 2186//4758 2174//4758
f 2431//4759 2429//4759 2186//4759
f 2332//4760 1848//4760 1967//4760
f 2381//4761 2332//4761 1967//4761
f 2381//4762 1967//4762 1971//4762
f 2380//4763 2381//4763 1971//4763
f 2380//4764 1971//4764 1975//4764
f 2379//4765 2380//4765 1975//4765
f 2379//4766 1975//4766 1979//4766
f 2378//4767 2379//4767 1979//4767
f 2378//4768 1979//4768 1983//4768
f 2377//4769 2378//4769 1983//4769
f 2377//4770 1983//4770 1987//4770
f 2376//4771 2377//4771 1987//4771
f 2376//4772 1987//4772 1991//4772
f 2375//4773 2376//4773 1991//4773
f 2375//4774 1991//4774 1995//4774
f 2374//4775 2375//4775 1995//4775
f 2374//4776 1995//4776 1999//4776
f 2373//4777 2374//4777 1999//4777
f 2373//4778 1999//4778 2003//4778
f 2372//4779 2373//4779 2003//4779
f 2372//4780 2003//4780 2007//4780
f 2371//4781 2372//4781 2007//4781
f 2371//4782 2007//4782 2011//4782
f 2370//4783 2371//4783 2011//4783
f 2370//4784 2011//4784 2015//4784
f 2369//4785 2370//4785 2015//4785
f 2369//4786 2015//4786 2019//4786
f 2368//4787 2369//4787 2019//4787
f 2368//4788 2019//4788 2023//4788
f 2367//4789 2023//4789 2027//4789
f 2367//4790 2368//4790 2023//4790
f 2366//4791 2027//4791 2031//4791
f 2366//4792 2367//4792 2027//4792
f 2365//4793 2031//4793 2035//4793
f 2365//4794 2366//4794 2031//4794
f 2364//4795 2035//4795 2039//4795
f 2364//4796 2365//4796 2035//4796
f 2363//4797 2039//4797 2043//4797
f 2363//4798 2364//4798 2039//4798
f 2362//4799 2043//4799 2047//4799
f 2362//4800 2363//4800 2043//4800
f 2361//4801 2047//4801 2051//4801
f 2361//4802 2362//4802 2047//4802
f 2360//4803 2051//4803 2055//4803
f 2360//4804 2361//4804 2051//4804
f 2359//4805 2055//4805 2059//4805
f 2359//4806 2360//4806 2055//4806
f 2358//4807 2059//4807 2064//4807
f 2358//4808 2359//4808 2059//4808
f 2357//4809 2358//4809 2064//4809
f 2357//4810 2064//4810 2070//4810
f 2356//4811 2357//4811 2070//4811
f 2356//4812 2070//4812 2074//4812
f 2355//4813 2356//4813 2074//4813
f 2355//4814 2074//4814 2078//4814
f 2354//4815 2355//4815 2078//4815
f 2354//4816 2078//4816 2082//4816
f 2353//4817 2354//4817 2082//4817
f 2353//4818 2082//4818 2086//4818
f 2352//4819 2353//4819 2086//4819
f 2352//4820 2086//4820 2090//4820
f 2351//4821 2352//4821 2090//4821
f 2351//4822 2090//4822 2094//4822
f 2350//4823 2351//4823 2094//4823
f 2350//4824 2094//4824 2098//4824
f 2349//4825 2350//4825 2098//4825
f 2349//4826 2098//4826 2102//4826
f 2348//4827 2349//4827 2102//4827
f 2348//4828 2102//4828 2106//4828
f 2347//4829 2348//4829 2106//4829
f 2347//4830 2106//4830 2110//4830
f 2346//4831 2347//4831 2110//4831
f 2346//4832 2110//4832 2114//4832
f 2345//4833 2346//4833 2114//4833
f 2345//4834 2114//4834 2118//4834
f 2344//4835 2345//4835 2118//4835
f 2344//4836 2118//4836 2122//4836
f 2343//4837 2344//4837 2122//4837
f 2343//4838 2122//4838 2126//4838
f 2342//4839 2343//4839 2126//4839
f 2342//4840 2126//4840 2130//4840
f 2341//4841 2342//4841 2130//4841
f 2341//4842 2130//4842 2134//4842
f 2340//4843 2341//4843 2134//4843
f 2340//4844 2134//4844 2138//4844
f 2339//4845 2340//4845 2138//4845
f 2339//4846 2138//4846 2142//4846
f 2338//4847 2339//4847 2142//4847
f 2338//4848 2142//4848 2146//4848
f 2337//4849 2338//4849 2146//4849
f 2337//4850 2146//4850 2150//4850
f 2336//4851 2337//4851 2150//4851
f 2336//4852 2150//4852 2154//4852
f 2335//4853 2336//4853 2154//4853
f 2335//4854 2154//4854 2158//4854
f 2334//4855 2335//4855 2158//4855
f 2334//4856 2158//4856 2162//4856
f 2333//4857 2334//4857 2162//4857
f 2285//4858 2282//4858 1846//4858
f 2285//4859 1846//4859 1945//4859
f 2287//4860 2285//4860 1945//4860
f 2287//4861 1945//4861 1941//4861
f 2289//4862 2287//4862 1941//4862
f 2289//4863 1941//4863 1937//4863
f 2291//4864 2289//4864 1937//4864
f 2291//4865 1937//4865 1933//4865
f 2293//4866 2291//4866 1933//4866
f 2293//4867 1933//4867 1929//4867
f 2295//4868 2293//4868 1929//4868
f 2295//4869 1929//4869 1925//4869
f 2297//4870 2295//4870 1925//4870
f 2297//4871 1925//4871 1921//4871
f 2299//4872 2297//4872 1921//4872
f 2299//4873 1921//4873 1917//4873
f 2301//4874 2299//4874 1917//4874
f 2301//4875 1917//4875 1913//4875
f 2303//4876 2301//4876 1913//4876
f 2303//4877 1913//4877 1909//4877
f 2305//4878 2303//4878 1909//4878
f 2305//4879 1909//4879 1905//4879
f 2307//4880 2305//4880 1905//4880
f 2307//4881 1905//4881 1901//4881
f 2309//4882 2307//4882 1901//4882
f 2309//4883 1901//4883 1897//4883
f 2311//4884 2309//4884 1897//4884
f 2311//4885 1897//4885 1893//4885
f 2312//4886 2311//4886 1893//4886
f 2312//4887 1893//4887 1889//4887
f 2315//4888 1889//4888 1885//4888
f 2315//4889 2312//4889 1889//4889
f 2317//4890 1885//4890 1881//4890
f 2317//4891 2315//4891 1885//4891
f 2319//4892 1881//4892 1877//4892
f 2319//4893 2317//4893 1881//4893
f 2321//4894 1877//4894 1873//4894
f 2321//4895 2319//4895 1877//4895
f 2323//4896 1873//4896 1869//4896
f 2323//4897 2321//4897 1873//4897
f 2324//4898 1869//4898 1865//4898
f 2324//4899 2323//4899 1869//4899
f 2326//4900 1865//4900 1861//4900
f 2326//4901 2324//4901 1865//4901
f 2328//4902 1861//4902 1857//4902
f 2328//4903 2326//4903 1861//4903
f 2330//4904 1857//4904 1852//4904
f 2330//4905 2328//4905 1857//4905
f 2331//4906 2330//4906 1852//4906
f 2331//4907 1852//4907 1851//4907
f 2329//4908 2331//4908 1851//4908
f 2329//4909 1851//4909 1855//4909
f 2327//4910 2329//4910 1855//4910
f 2327//4911 1855//4911 1859//4911
f 2325//4912 2327//4912 1859//4912
f 2325//4913 1859//4913 1863//4913
f 2322//4914 2325//4914 1863//4914
f 2322//4915 1863//4915 1867//4915
f 2320//4916 2322//4916 1867//4916
f 2320//4917 1867//4917 1871//4917
f 2318//4918 2320//4918 1871//4918
f 2318//4919 1871//4919 1875//4919
f 2316//4920 2318//4920 1875//4920
f 2316//4921 1875//4921 1879//4921
f 2314//4922 2316//4922 1879//4922
f 2314//4923 1879//4923 1883//4923
f 2313//4924 2314//4924 1883//4924
f 2313//4925 1883//4925 1887//4925
f 2310//4926 2313//4926 1887//4926
f 2310//4927 1887//4927 1891//4927
f 2308//4928 2310//4928 1891//4928
f 2308//4929 1891//4929 1895//4929
f 2306//4930 2308//4930 1895//4930
f 2306//4931 1895//4931 1899//4931
f 2304//4932 2306//4932 1899//4932
f 2304//4933 1899//4933 1903//4933
f 2302//4934 2304//4934 1903//4934
f 2302//4935 1903//4935 1907//4935
f 2300//4936 2302//4936 1907//4936
f 2300//4937 1907//4937 1911//4937
f 2298//4938 2300//4938 1911//4938
f 2298//4939 1911//4939 1915//4939
f 2296//4940 2298//4940 1915//4940
f 2296//4941 1915//4941 1919//4941
f 2294//4942 2296//4942 1919//4942
f 2294//4943 1919//4943 1923//4943
f 2292//4944 2294//4944 1923//4944
f 2292//4945 1923//4945 1927//4945
f 2290//4946 2292//4946 1927//4946
f 2290//4947 1927//4947 1931//4947
f 2288//4948 2290//4948 1931//4948
f 2288//4949 1931//4949 1935//4949
f 2286//4950 2288//4950 1935//4950
f 2286//4951 1935//4951 1939//4951
f 2284//4952 2286//4952 1939//4952
f 2284//4953 1939//4953 1943//4953
f 2283//4954 1943//4954 1847//4954
f 2283//4955 2284//4955 1943//4955
f 1955//4956 1957//4956 2653//4956
f 1955//4957 2653//4957 2655//4957
f 1953//4958 2655//4958 2658//4958
f 1953//4959 1955//4959 2655//4959
f 1951//4960 2658//4960 2657//4960
f 1951//4961 1953//4961 2658//4961
f 1949//4962 2657//4962 2663//4962
f 1949//4963 1951//4963 2657//4963
f 1947//4964 2663//4964 2662//4964
f 1947//4965 1949//4965 2663//4965
f 1944//4966 2662//4966 2664//4966
f 1944//4967 1947//4967 2662//4967
f 1940//4968 2664//4968 2668//4968
f 1940//4969 1944//4969 2664//4969
f 1936//4970 2668//4970 2670//4970
f 1936//4971 1940//4971 2668//4971
f 1932//4972 2670//4972 2671//4972
f 1932//4973 1936//4973 2670//4973
f 1928//4974 1932//4974 2671//4974
f 1928//4975 2671//4975 2674//4975
f 1924//4976 1928//4976 2674//4976
f 1924//4977 2674//4977 2673//4977
f 1920//4978 1924//4978 2673//4978
f 1920//4979 2673//4979 2677//4979
f 1916//4980 1920//4980 2677//4980
f 1916//4981 2677//4981 2679//4981
f 1912//4982 1916//4982 2679//4982
f 1912//4983 2679//4983 2682//4983
f 1908//4984 1912//4984 2682//4984
f 1908//4985 2682//4985 2684//4985
f 1904//4986 1908//4986 2684//4986
f 1904//4987 2684//4987 2686//4987
f 1900//4988 1904//4988 2686//4988
f 1900//4989 2686//4989 2687//4989
f 1896//4990 1900//4990 2687//4990
f 1896//4991 2687//4991 2690//4991
f 1892//4992 1896//4992 2690//4992
f 1892//4993 2690//4993 2689//4993
f 1888//4994 2689//4994 2694//4994
f 1888//4995 1892//4995 2689//4995
f 1884//4996 1888//4996 2694//4996
f 1884//4997 2694//4997 2696//4997
f 1880//4998 2696//4998 2695//4998
f 1880//4999 1884//4999 2696//4999
f 1876//5000 2695//5000 2700//5000
f 1876//5001 1880//5001 2695//5001
f 1872//5002 2700//5002 2699//5002
f 1872//5003 1876//5003 2700//5003
f 1868//5004 2699//5004 2703//5004
f 1868//5005 1872//5005 2699//5005
f 1864//5006 2703//5006 2705//5006
f 1864//5007 1868//5007 2703//5007
f 1860//5008 2705//5008 2708//5008
f 1860//5009 1864//5009 2705//5009
f 1856//5010 2708//5010 2707//5010
f 1856//5011 1860//5011 2708//5011
f 1853//5012 2707//5012 2710//5012
f 1853//5013 1856//5013 2707//5013
f 1850//5014 2710//5014 2709//5014
f 1850//5015 1853//5015 2710//5015
f 1854//5016 2709//5016 2706//5016
f 1854//5017 1850//5017 2709//5017
f 1858//5018 2706//5018 2704//5018
f 1858//5019 1854//5019 2706//5019
f 1862//5020 2704//5020 2702//5020
f 1862//5021 1858//5021 2704//5021
f 1866//5022 1862//5022 2702//5022
f 1870//5023 1866//5023 2702//5023
f 1870//5024 2702//5024 2701//5024
f 1874//5025 1870//5025 2701//5025
f 1874//5026 2701//5026 2698//5026
f 1878//5027 1874//5027 2698//5027
f 1878//5028 2698//5028 2697//5028
f 1882//5029 1878//5029 2697//5029
f 1882//5030 2697//5030 2693//5030
f 1886//5031 1882//5031 2693//5031
f 1886//5032 2693//5032 2692//5032
f 1890//5033 2692//5033 2691//5033
f 1890//5034 1886//5034 2692//5034
f 1894//5035 2691//5035 2688//5035
f 1894//5036 1890//5036 2691//5036
f 1898//5037 2688//5037 2685//5037
f 1898//5038 1894//5038 2688//5038
f 1902//5039 2685//5039 2683//5039
f 1902//5040 1898//5040 2685//5040
f 1906//5041 2683//5041 2681//5041
f 1906//5042 1902//5042 2683//5042
f 1910//5043 2681//5043 2680//5043
f 1910//5044 1906//5044 2681//5044
f 1914//5045 2680//5045 2678//5045
f 1914//5046 1910//5046 2680//5046
f 1918//5047 2678//5047 2676//5047
f 1918//5048 1914//5048 2678//5048
f 1922//5049 2676//5049 2675//5049
f 1922//5050 1918//5050 2676//5050
f 1926//5051 2675//5051 2672//5051
f 1926//5052 1922//5052 2675//5052
f 1930//5053 2672//5053 2669//5053
f 1930//5054 1926//5054 2672//5054
f 1934//5055 2669//5055 2667//5055
f 1934//5056 1930//5056 2669//5056
f 1938//5057 2667//5057 2666//5057
f 1938//5058 1934//5058 2667//5058
f 1942//5059 2666//5059 2665//5059
f 1942//5060 1938//5060 2666//5060
f 1946//5061 2665//5061 2661//5061
f 1946//5062 1942//5062 2665//5062
f 1948//5063 2661//5063 2660//5063
f 1948//5064 1946//5064 2661//5064
f 1950//5065 2660//5065 2659//5065
f 1950//5066 1948//5066 2660//5066
f 1952//5067 2659//5067 2656//5067
f 1952//5068 1950//5068 2659//5068
f 1954//5069 2656//5069 2654//5069
f 1954//5070 1952//5070 2656//5070
f 1956//5071 2654//5071 2652//5071
f 1956//5072 1954//5072 2654//5072
f 1958//5073 2652//5073 2651//5073
f 1958//5074 1956//5074 2652//5074
f 1960//5075 1958//5075 2651//5075
f 1960//5076 2651//5076 2648//5076
f 1962//5077 2648//5077 2646//5077
f 1962//5078 1960//5078 2648//5078
f 1964//5079 2646//5079 2644//5079
f 1964//5080 1962//5080 2646//5080
f 1966//5081 2644//5081 2642//5081
f 1966//5082 1964//5082 2644//5082
f 1970//5083 2642//5083 2641//5083
f 1970//5084 1966//5084 2642//5084
f 1974//5085 1970//5085 2641//5085
f 1974//5086 2641//5086 2638//5086
f 1978//5087 1974//5087 2638//5087
f 1982//5088 1978//5088 2638//5088
f 1982//5089 2638//5089 2636//5089
f 1986//5090 1982//5090 2636//5090
f 1986//5091 2636//5091 2635//5091
f 1990//5092 1986//5092 2635//5092
f 1990//5093 2635//5093 2632//5093
f 1994//5094 1990//5094 2632//5094
f 1994//5095 2632//5095 2630//5095
f 1998//5096 1994//5096 2630//5096
f 1998//5097 2630//5097 2629//5097
f 2002//5098 1998//5098 2629//5098
f 2002//5099 2629//5099 2627//5099
f 2006//5100 2002//5100 2627//5100
f 2006//5101 2627//5101 2624//5101
f 2010//5102 2006//5102 2624//5102
f 2010//5103 2624//5103 2623//5103
f 2014//5104 2010//5104 2623//5104
f 2014//5105 2623//5105 2621//5105
f 2018//5106 2014//5106 2621//5106
f 2018//5107 2621//5107 2619//5107
f 2022//5108 2018//5108 2619//5108
f 2022//5109 2619//5109 2617//5109
f 2026//5110 2022//5110 2617//5110
f 2026//5111 2617//5111 2614//5111
f 2030//5112 2026//5112 2614//5112
f 2030//5113 2614//5113 2612//5113
f 2034//5114 2612//5114 2609//5114
f 2034//5115 2030//5115 2612//5115
f 2038//5116 2609//5116 2608//5116
f 2038//5117 2034//5117 2609//5117
f 2042//5118 2608//5118 2607//5118
f 2042//5119 2038//5119 2608//5119
f 2046//5120 2607//5120 2604//5120
f 2046//5121 2042//5121 2607//5121
f 2050//5122 2604//5122 2603//5122
f 2050//5123 2046//5123 2604//5123
f 2054//5124 2603//5124 2601//5124
f 2054//5125 2050//5125 2603//5125
f 2058//5126 2054//5126 2601//5126
f 2058//5127 2601//5127 2598//5127
f 2062//5128 2058//5128 2598//5128
f 2062//5129 2598//5129 2596//5129
f 2065//5130 2062//5130 2596//5130
f 2065//5131 2596//5131 2594//5131
f 2066//5132 2065//5132 2594//5132
f 2066//5133 2594//5133 2592//5133
f 2071//5134 2066//5134 2592//5134
f 2071//5135 2592//5135 2590//5135
f 2075//5136 2071//5136 2590//5136
f 2075//5137 2590//5137 2588//5137
f 2079//5138 2075//5138 2588//5138
f 2079//5139 2588//5139 2586//5139
f 2083//5140 2079//5140 2586//5140
f 2083//5141 2586//5141 2584//5141
f 2087//5142 2083//5142 2584//5142
f 2087//5143 2584//5143 2582//5143
f 2091//5144 2087//5144 2582//5144
f 2091//5145 2582//5145 2580//5145
f 2095//5146 2091//5146 2580//5146
f 2095//5147 2580//5147 2578//5147
f 2099//5148 2095//5148 2578//5148
f 2099//5149 2578//5149 2576//5149
f 2103//5150 2099//5150 2576//5150
f 2103//5151 2576//5151 2574//5151
f 2107//5152 2103//5152 2574//5152
f 2107//5153 2574//5153 2572//5153
f 2111//5154 2107//5154 2572//5154
f 2111//5155 2572//5155 2570//5155
f 2115//5156 2111//5156 2570//5156
f 2119//5157 2115//5157 2570//5157
f 2119//5158 2570//5158 2568//5158
f 2123//5159 2568//5159 2566//5159
f 2123//5160 2119//5160 2568//5160
f 2127//5161 2566//5161 2564//5161
f 2127//5162 2123//5162 2566//5162
f 2131//5163 2564//5163 2562//5163
f 2131//5164 2127//5164 2564//5164
f 2135//5165 2562//5165 2560//5165
f 2135//5166 2131//5166 2562//5166
f 2139//5167 2560//5167 2558//5167
f 2139//5168 2135//5168 2560//5168
f 2143//5169 2558//5169 2556//5169
f 2143//5170 2139//5170 2558//5170
f 2147//5171 2556//5171 2554//5171
f 2147//5172 2143//5172 2556//5172
f 2151//5173 2147//5173 2554//5173
f 2151//5174 2554//5174 2552//5174
f 2155//5175 2151//5175 2552//5175
f 2155//5176 2552//5176 2550//5176
f 2159//5177 2155//5177 2550//5177
f 2159//5178 2550//5178 2548//5178
f 2167//5179 2159//5179 2548//5179
f 2167//5180 2548//5180 2546//5180
f 2166//5181 2167//5181 2546//5181
f 2166//5182 2546//5182 2544//5182
f 2165//5183 2166//5183 2544//5183
f 2165//5184 2544//5184 2542//5184
f 2163//5185 2165//5185 2542//5185
f 2163//5186 2542//5186 2540//5186
f 2164//5187 2163//5187 2540//5187
f 2164//5188 2540//5188 2538//5188
f 2185//5189 2164//5189 2538//5189
f 2185//5190 2538//5190 2536//5190
f 2184//5191 2185//5191 2536//5191
f 2184//5192 2536//5192 2534//5192
f 2183//5193 2184//5193 2534//5193
f 2183//5194 2534//5194 2532//5194
f 2181//5195 2532//5195 2530//5195
f 2181//5196 2183//5196 2532//5196
f 2182//5197 2181//5197 2530//5197
f 2182//5198 2530//5198 2528//5198
f 2189//5199 2528//5199 2526//5199
f 2189//5200 2182//5200 2528//5200
f 2193//5201 2526//5201 2524//5201
f 2193//5202 2189//5202 2526//5202
f 2197//5203 2524//5203 2522//5203
f 2197//5204 2193//5204 2524//5204
f 2201//5205 2522//5205 2520//5205
f 2201//5206 2197//5206 2522//5206
f 2205//5207 2520//5207 2518//5207
f 2205//5208 2201//5208 2520//5208
f 2209//5209 2518//5209 2516//5209
f 2209//5210 2205//5210 2518//5210
f 2213//5211 2516//5211 2514//5211
f 2213//5212 2209//5212 2516//5212
f 2217//5213 2514//5213 2512//5213
f 2217//5214 2213//5214 2514//5214
f 2221//5215 2512//5215 2510//5215
f 2221//5216 2217//5216 2512//5216
f 2225//5217 2510//5217 2508//5217
f 2225//5218 2221//5218 2510//5218
f 2229//5219 2225//5219 2508//5219
f 2233//5220 2508//5220 2506//5220
f 2233//5221 2229//5221 2508//5221
f 2237//5222 2506//5222 2504//5222
f 2237//5223 2233//5223 2506//5223
f 2241//5224 2237//5224 2504//5224
f 2241//5225 2504//5225 2502//5225
f 2245//5226 2241//5226 2502//5226
f 2245//5227 2502//5227 2500//5227
f 2249//5228 2245//5228 2500//5228
f 2249//5229 2500//5229 2498//5229
f 2253//5230 2249//5230 2498//5230
f 2253//5231 2498//5231 2496//5231
f 2257//5232 2253//5232 2496//5232
f 2257//5233 2496//5233 2494//5233
f 2261//5234 2257//5234 2494//5234
f 2261//5235 2494//5235 2492//5235
f 2265//5236 2492//5236 2490//5236
f 2265//5237 2261//5237 2492//5237
f 2269//5238 2490//5238 2488//5238
f 2269//5239 2265//5239 2490//5239
f 2273//5240 2488//5240 2486//5240
f 2273//5241 2269//5241 2488//5241
f 2277//5242 2486//5242 2484//5242
f 2277//5243 2273//5243 2486//5243
f 2279//5244 2484//5244 2482//5244
f 2279//5245 2277//5245 2484//5245
f 2281//5246 2482//5246 2483//5246
f 2281//5247 2279//5247 2482//5247
f 2275//5248 2483//5248 2485//5248
f 2275//5249 2281//5249 2483//5249
f 2271//5250 2485//5250 2487//5250
f 2271//5251 2275//5251 2485//5251
f 2267//5252 2487//5252 2489//5252
f 2267//5253 2271//5253 2487//5253
f 2263//5254 2489//5254 2491//5254
f 2263//5255 2267//5255 2489//5255
f 2259//5256 2491//5256 2493//5256
f 2259//5257 2263//5257 2491//5257
f 2255//5258 2493//5258 2495//5258
f 2255//5259 2259//5259 2493//5259
f 2251//5260 2495//5260 2497//5260
f 2251//5261 2255//5261 2495//5261
f 2247//5262 2497//5262 2499//5262
f 2247//5263 2251//5263 2497//5263
f 2243//5264 2499//5264 2501//5264
f 2243//5265 2247//5265 2499//5265
f 2239//5266 2501//5266 2503//5266
f 2239//5267 2243//5267 2501//5267
f 2235//5268 2503//5268 2505//5268
f 2235//5269 2239//5269 2503//5269
f 2231//5270 2505//5270 2507//5270
f 2231//5271 2235//5271 2505//5271
f 2227//5272 2507//5272 2509//5272
f 2227//5273 2231//5273 2507//5273
f 2223//5274 2227//5274 2509//5274
f 2223//5275 2509//5275 2511//5275
f 2219//5276 2511//5276 2513//5276
f 2219//5277 2223//5277 2511//5277
f 2215//5278 2513//5278 2515//5278
f 2215//5279 2219//5279 2513//5279
f 2211//5280 2515//5280 2517//5280
f 2211//5281 2215//5281 2515//5281
f 2207//5282 2517//5282 2519//5282
f 2207//5283 2211//5283 2517//5283
f 2203//5284 2519//5284 2521//5284
f 2203//5285 2207//5285 2519//5285
f 2199//5286 2521//5286 2523//5286
f 2199//5287 2203//5287 2521//5287
f 2195//5288 2199//5288 2523//5288
f 2191//5289 2523//5289 2525//5289
f 2191//5290 2195//5290 2523//5290
f 2187//5291 2191//5291 2525//5291
f 2187//5292 2525//5292 2527//5292
f 2179//5293 2187//5293 2527//5293
f 2179//5294 2527//5294 2529//5294
f 2178//5295 2179//5295 2529//5295
f 2178//5296 2529//5296 2531//5296
f 2177//5297 2178//5297 2531//5297
f 2177//5298 2531//5298 2533//5298
f 2176//5299 2177//5299 2533//5299
f 2176//5300 2533//5300 2535//5300
f 2175//5301 2176//5301 2535//5301
f 2175//5302 2535//5302 2537//5302
f 2173//5303 2175//5303 2537//5303
f 2173//5304 2537//5304 2539//5304
f 2172//5305 2173//5305 2539//5305
f 2172//5306 2539//5306 2541//5306
f 2171//5307 2172//5307 2541//5307
f 2171//5308 2541//5308 2543//5308
f 2170//5309 2171//5309 2543//5309
f 2170//5310 2543//5310 2545//5310
f 2169//5311 2170//5311 2545//5311
f 2169//5312 2545//5312 2547//5312
f 2161//5313 2169//5313 2547//5313
f 2161//5314 2547//5314 2549//5314
f 2157//5315 2161//5315 2549//5315
f 2157//5316 2549//5316 2551//5316
f 2153//5317 2551//5317 2553//5317
f 2153//5318 2157//5318 2551//5318
f 2149//5319 2553//5319 2555//5319
f 2149//5320 2153//5320 2553//5320
f 2145//5321 2149//5321 2555//5321
f 2145//5322 2555//5322 2557//5322
f 2141//5323 2557//5323 2559//5323
f 2141//5324 2145//5324 2557//5324
f 2137//5325 2559//5325 2561//5325
f 2137//5326 2141//5326 2559//5326
f 2133//5327 2137//5327 2561//5327
f 2133//5328 2561//5328 2563//5328
f 2129//5329 2133//5329 2563//5329
f 2129//5330 2563//5330 2565//5330
f 2125//5331 2129//5331 2565//5331
f 2125//5332 2565//5332 2567//5332
f 2121//5333 2125//5333 2567//5333
f 2121//5334 2567//5334 2569//5334
f 2117//5335 2121//5335 2569//5335
f 2117//5336 2569//5336 2571//5336
f 2113//5337 2117//5337 2571//5337
f 2113//5338 2571//5338 2573//5338
f 2109//5339 2113//5339 2573//5339
f 2109//5340 2573//5340 2575//5340
f 2105//5341 2109//5341 2575//5341
f 2105//5342 2575//5342 2577//5342
f 2101//5343 2105//5343 2577//5343
f 2101//5344 2577//5344 2579//5344
f 2097//5345 2101//5345 2579//5345
f 2097//5346 2579//5346 2581//5346
f 2093//5347 2097//5347 2581//5347
f 2093//5348 2581//5348 2583//5348
f 2089//5349 2093//5349 2583//5349
f 2089//5350 2583//5350 2585//5350
f 2085//5351 2089//5351 2585//5351
f 2085//5352 2585//5352 2587//5352
f 2081//5353 2085//5353 2587//5353
f 2077//5354 2081//5354 2587//5354
f 2077//5355 2587//5355 2589//5355
f 2073//5356 2077//5356 2589//5356
f 2073//5357 2589//5357 2591//5357
f 2069//5358 2591//5358 2593//5358
f 2069//5359 2073//5359 2591//5359
f 2068//5360 2593//5360 2595//5360
f 2068//5361 2069//5361 2593//5361
f 2063//5362 2595//5362 2597//5362
f 2063//5363 2068//5363 2595//5363
f 2060//5364 2597//5364 2599//5364
f 2060//5365 2063//5365 2597//5365
f 2056//5366 2599//5366 2600//5366
f 2056//5367 2060//5367 2599//5367
f 2052//5368 2600//5368 2602//5368
f 2052//5369 2056//5369 2600//5369
f 2048//5370 2602//5370 2606//5370
f 2048//5371 2052//5371 2602//5371
f 2044//5372 2606//5372 2605//5372
f 2044//5373 2048//5373 2606//5373
f 2040//5374 2605//5374 2610//5374
f 2040//5375 2044//5375 2605//5375
f 2036//5376 2040//5376 2610//5376
f 2036//5377 2610//5377 2611//5377
f 2032//5378 2036//5378 2611//5378
f 2032//5379 2611//5379 2613//5379
f 2028//5380 2032//5380 2613//5380
f 2028//5381 2613//5381 2616//5381
f 2024//5382 2028//5382 2616//5382
f 2024//5383 2616//5383 2615//5383
f 2020//5384 2024//5384 2615//5384
f 2020//5385 2615//5385 2618//5385
f 2016//5386 2020//5386 2618//5386
f 2016//5387 2618//5387 2620//5387
f 2012//5388 2016//5388 2620//5388
f 2012//5389 2620//5389 2622//5389
f 2008//5390 2012//5390 2622//5390
f 2008//5391 2622//5391 2626//5391
f 2004//5392 2008//5392 2626//5392
f 2004//5393 2626//5393 2625//5393
f 2000//5394 2004//5394 2625//5394
f 2000//5395 2625//5395 2628//5395
f 1996//5396 2000//5396 2628//5396
f 1996//5397 2628//5397 2631//5397
f 1992//5398 2631//5398 2634//5398
f 1992//5399 1996//5399 2631//5399
f 1988//5400 2634//5400 2633//5400
f 1988//5401 1992//5401 2634//5401
f 1984//5402 2633//5402 2637//5402
f 1984//5403 1988//5403 2633//5403
f 1980//5404 2637//5404 2640//5404
f 1980//5405 1984//5405 2637//5405
f 1976//5406 2640//5406 2639//5406
f 1976//5407 1980//5407 2640//5407
f 1972//5408 2639//5408 2643//5408
f 1972//5409 1976//5409 2639//5409
f 1968//5410 2643//5410 2645//5410
f 1968//5411 1972//5411 2643//5411
f 1965//5412 2645//5412 2647//5412
f 1965//5413 1968//5413 2645//5413
f 1963//5414 2647//5414 2650//5414
f 1963//5415 1965//5415 2647//5415
f 1961//5416 2650//5416 2649//5416
f 1961//5417 1963//5417 2650//5417
f 1959//5418 2649//5418 2653//5418
f 1959//5419 1961//5419 2649//5419
f 1957//5420 1959//5420 2653//5420
